# dimensionless total [l(l+1)/2pi] C_l's
# for l=2 to 3000, i.e. number of multipoles equal to 2999
#
# -> if you prefer output in CAMB/HealPix/LensPix units/order, set 'format' to 'camb' in input file
# -> if you don't want to see such a header, set 'headers' to 'no' in input file
# -> for CMB lensing (phi), these are C_l^phi-phi for the lensing potential.
#    Remember the conversion factors:
#    C_l^dd (deflection) = l(l+1) C_l^phi-phi
#    C_l^gg (shear/convergence) = 1/4 (l(l+1))^2 C_l^phi-phi
#
# 1:l     2:TT                     3:EE                     4:TE                     5:BB                     6:phiphi                 7:TPhi                   8:Ephi               
    2       1.381334973077e-10       4.175854810010e-15       3.515757753719e-13       0.000000000000e+00       8.285719920486e-09       4.560795819225e-10      -1.840600132021e-12 
    3       1.306077085796e-10       5.350810511173e-15       3.951624772105e-13       0.000000000000e+00       5.086961704967e-09       3.225653635936e-10      -1.393870035097e-12 
    4       1.235419374872e-10       4.626465250863e-15       3.695429067618e-13       0.000000000000e+00       3.522980900778e-09       2.438408352383e-10      -9.122243268250e-13 
    5       1.182577854159e-10       3.084811791933e-15       3.147002336163e-13       0.000000000000e+00       2.621514709772e-09       1.923923589534e-10      -5.067133251489e-13 
    6       1.146361930466e-10       1.723975047740e-15       2.534558085892e-13       0.000000000000e+00       2.042589114507e-09       1.563935178405e-10      -2.080081450078e-13 
    7       1.122777861260e-10       9.313300323226e-16       1.990063438412e-13       0.000000000000e+00       1.644357868647e-09       1.299932157304e-10      -1.760722172177e-14 
    8       1.109025125701e-10       6.010299167744e-16       1.571247643278e-13       0.000000000000e+00       1.356592084623e-09       1.099887277505e-10       7.943236240610e-14 
    9       1.102623185230e-10       4.824150893140e-16       1.290908789085e-13       0.000000000000e+00       1.140654682812e-09       9.448217782997e-11       1.064492990921e-13 
   10       1.101269373009e-10       4.107616490617e-16       1.135806945376e-13       0.000000000000e+00       9.737533329371e-10       8.220664091112e-11       8.928869320047e-14 
   11       1.104373065833e-10       3.446671050068e-16       1.079363630651e-13       0.000000000000e+00       8.334433242374e-10       7.302002433416e-11       5.203854132862e-14 
   12       1.110423426700e-10       2.997838603930e-16       1.091010939089e-13       0.000000000000e+00       7.284077193473e-10       6.456656096497e-11       1.227930624988e-14 
   13       1.118915259853e-10       2.871142277223e-16       1.143924637569e-13       0.000000000000e+00       6.421587175184e-10       5.770052109635e-11      -1.799203155965e-14 
   14       1.129371542861e-10       2.986893522151e-16       1.217897516219e-13       0.000000000000e+00       5.703837986455e-10       5.172028222644e-11      -3.451672959874e-14 
   15       1.141664212685e-10       3.227673206777e-16       1.300046663143e-13       0.000000000000e+00       5.099592086057e-10       4.668966931372e-11      -3.750222883128e-14 
   16       1.155045455145e-10       3.568225902160e-16       1.383747188730e-13       0.000000000000e+00       4.585735395571e-10       4.235371867333e-11      -3.091062765540e-14 
   17       1.169786564297e-10       4.063914169552e-16       1.466778310031e-13       0.000000000000e+00       4.144843080350e-10       3.856966765995e-11      -1.993913414006e-14 
   18       1.185256683098e-10       4.769025930679e-16       1.551753795732e-13       0.000000000000e+00       3.762142363122e-10       3.526902658766e-11      -9.474480608461e-15 
   19       1.201569208112e-10       5.686819741261e-16       1.640905992898e-13       0.000000000000e+00       3.431461733283e-10       3.240460655925e-11      -2.117559193010e-15 
   20       1.218651599307e-10       6.797292493653e-16       1.735631909818e-13       0.000000000000e+00       3.140199587476e-10       2.986212300463e-11       4.239188644433e-16 
   21       1.236516913387e-10       8.094088043185e-16       1.835442218354e-13       0.000000000000e+00       2.883777596287e-10       2.759556532272e-11      -1.286492236374e-15 
   22       1.254904952130e-10       9.572338091492e-16       1.938456113608e-13       0.000000000000e+00       2.656025095726e-10       2.554790094552e-11      -5.504495915359e-15 
   23       1.273879176757e-10       1.123374091050e-15       2.041443418280e-13       0.000000000000e+00       2.453895478930e-10       2.371055774771e-11      -1.047669771600e-14 
   24       1.293381780111e-10       1.308045537725e-15       2.140278639806e-13       0.000000000000e+00       2.272776011955e-10       2.206682104567e-11      -1.433570751069e-14 
   25       1.313360904670e-10       1.511462964201e-15       2.231884694789e-13       0.000000000000e+00       2.110211494588e-10       2.059444860380e-11      -1.627001311243e-14 
   26       1.333640316277e-10       1.733996416294e-15       2.313624951314e-13       0.000000000000e+00       1.963022076235e-10       1.925660444894e-11      -1.595360702148e-14 
   27       1.354316021259e-10       1.977277486181e-15       2.384783350562e-13       0.000000000000e+00       1.830445571055e-10       1.804404076676e-11      -1.389854217752e-14 
   28       1.375414799466e-10       2.243563631364e-15       2.445474989059e-13       0.000000000000e+00       1.710876252374e-10       1.694137525542e-11      -1.110841878028e-14 
   29       1.396827408559e-10       2.535136483880e-15       2.496124635239e-13       0.000000000000e+00       1.601411831805e-10       1.592224966249e-11      -8.702982734901e-15 
   30       1.418619720648e-10       2.853088336766e-15       2.537215162118e-13       0.000000000000e+00       1.501449290944e-10       1.498561064623e-11      -7.071240479932e-15 
   31       1.440808703396e-10       3.198045317940e-15       2.569485113366e-13       0.000000000000e+00       1.410246927261e-10       1.413151272652e-11      -6.393853002593e-15 
   32       1.463313710945e-10       3.570579787681e-15       2.593611649737e-13       0.000000000000e+00       1.326362222983e-10       1.335296225552e-11      -6.758740860672e-15 
   33       1.486129582024e-10       3.971629174249e-15       2.608788618319e-13       0.000000000000e+00       1.249338638942e-10       1.264340096295e-11      -7.813582459737e-15 
   34       1.509192895958e-10       4.402221229997e-15       2.613610477844e-13       0.000000000000e+00       1.178494467238e-10       1.199053087031e-11      -8.970603096810e-15 
   35       1.532391009052e-10       4.863347311034e-15       2.606583094957e-13       0.000000000000e+00       1.112775753622e-10       1.137855398598e-11      -9.638990957700e-15 
   36       1.555793636168e-10       5.355909395641e-15       2.586681756405e-13       0.000000000000e+00       1.052012201096e-10       1.080537783029e-11      -9.756101800052e-15 
   37       1.579486717380e-10       5.880749011693e-15       2.552968846741e-13       0.000000000000e+00       9.960136285274e-11       1.027055676784e-11      -9.436580270989e-15 
   38       1.603502761704e-10       6.438656294718e-15       2.504439630913e-13       0.000000000000e+00       9.441902641077e-11       9.770332202610e-12      -8.835455645881e-15 
   39       1.627831690077e-10       7.030358025107e-15       2.440265469418e-13       0.000000000000e+00       8.957655160768e-11       9.299420209217e-12      -8.127002583655e-15 
   40       1.652473660414e-10       7.656486312524e-15       2.360635468910e-13       0.000000000000e+00       8.505912349910e-11       8.857874855945e-12      -7.425415072900e-15 
   41       1.677393346446e-10       8.317592707911e-15       2.266193401059e-13       0.000000000000e+00       8.085487232522e-11       8.446037151237e-12      -6.842064627448e-15 
   42       1.702499003856e-10       9.014150889122e-15       2.157827952988e-13       0.000000000000e+00       7.693054710218e-11       8.062480808203e-12      -6.508403504183e-15 
   43       1.727687095310e-10       9.746618005662e-15       2.036336878602e-13       0.000000000000e+00       7.324381633656e-11       7.704713377180e-12      -6.535379094730e-15 
   44       1.753005188751e-10       1.051565233447e-14       1.901261212069e-13       0.000000000000e+00       6.978900999815e-11       7.371911171191e-12      -6.873859277631e-15 
   45       1.778531031501e-10       1.132195583100e-14       1.751711110247e-13       0.000000000000e+00       6.656261141434e-11       7.062773632225e-12      -7.412604997704e-15 
   46       1.804325097149e-10       1.216621378263e-14       1.586676127658e-13       0.000000000000e+00       6.354952327966e-11       6.774641114336e-12      -8.014749654197e-15 
   47       1.830428512681e-10       1.304909443701e-14       1.405017052733e-13       0.000000000000e+00       6.072216473612e-11       6.503393012398e-12      -8.516297400238e-15 
   48       1.856862889022e-10       1.397116072460e-14       1.205692083631e-13       0.000000000000e+00       5.804896296595e-11       6.244637676078e-12      -8.770951266212e-15 
   49       1.883634592862e-10       1.493257686753e-14       9.885297963923e-14       0.000000000000e+00       5.552476531269e-11       5.997916489291e-12      -8.803044205622e-15 
   50       1.910728117587e-10       1.593331842886e-14       7.536600407970e-14       0.000000000000e+00       5.314744864746e-11       5.763509843041e-12      -8.695137348332e-15 
   51       1.938102357867e-10       1.697324826050e-14       5.013023236389e-14       0.000000000000e+00       5.090886015950e-11       5.541213739787e-12      -8.546294872965e-15 
   52       1.965688633900e-10       1.805211164661e-14       2.317696010713e-14       0.000000000000e+00       4.879439374844e-11       5.330303829609e-12      -8.472946072878e-15 
   53       1.993417390142e-10       1.916965493855e-14      -5.466650606310e-15       0.000000000000e+00       4.678757691126e-11       5.129847373502e-12      -8.579045562367e-15 
   54       2.021310899452e-10       2.032602845356e-14      -3.582294855129e-14       0.000000000000e+00       4.488619122067e-11       4.939816095505e-12      -8.855561277322e-15 
   55       2.049410953689e-10       2.152147871417e-14      -6.792942353742e-14       0.000000000000e+00       4.308955882490e-11       4.760196812729e-12      -9.256642989738e-15 
   56       2.077751519761e-10       2.275623433905e-14      -1.018260673206e-13       0.000000000000e+00       4.139368607530e-11       4.590647661793e-12      -9.727646186746e-15 
   57       2.106357966143e-10       2.403050636419e-14      -1.375555754039e-13       0.000000000000e+00       3.979105000229e-11       4.430476723136e-12      -1.020470684688e-14 
   58       2.135246289411e-10       2.534448856414e-14      -1.751635488386e-13       0.000000000000e+00       3.827038479123e-11       4.278620645326e-12      -1.061431621632e-14 
   59       2.164426246950e-10       2.669823976629e-14      -2.146857484555e-13       0.000000000000e+00       3.681978280702e-11       4.133932756313e-12      -1.089086058763e-14 
   60       2.193913361343e-10       2.809129814964e-14      -2.561059427537e-13       0.000000000000e+00       3.543732357637e-11       3.996174077235e-12      -1.103496294824e-14 
   61       2.223718341709e-10       2.952297778322e-14      -2.993886102938e-13       0.000000000000e+00       3.412254018501e-11       3.865215082043e-12      -1.106796255582e-14 
   62       2.253842794666e-10       3.099247515352e-14      -3.444907943120e-13       0.000000000000e+00       3.287322265985e-11       3.740735783562e-12      -1.101532121232e-14 
   63       2.284278583274e-10       3.249886548547e-14      -3.913618656197e-13       0.000000000000e+00       3.168531680252e-11       3.622214848885e-12      -1.090680702334e-14 
   64       2.315007185973e-10       3.404109906337e-14      -4.399432855043e-13       0.000000000000e+00       3.055282302285e-11       3.508918714765e-12      -1.077667815760e-14 
   65       2.346008866977e-10       3.561811572015e-14      -4.901811873974e-13       0.000000000000e+00       2.946945177183e-11       3.400103296342e-12      -1.065613955266e-14 
   66       2.377293884703e-10       3.722922475043e-14      -5.420677514710e-13       0.000000000000e+00       2.843422456727e-11       3.295693213209e-12      -1.054844346965e-14 
   67       2.408876766322e-10       3.887379911762e-14      -5.956081945177e-13       0.000000000000e+00       2.744688182889e-11       3.195727379468e-12      -1.044882857284e-14 
   68       2.440766719756e-10       4.055116401866e-14      -6.508088435681e-13       0.000000000000e+00       2.650617988972e-11       3.100154257787e-12      -1.035174989740e-14 
   69       2.472967267058e-10       4.226059651040e-14      -7.076772573582e-13       0.000000000000e+00       2.560983896520e-11       3.008826921461e-12      -1.025084646737e-14 
   70       2.505475877807e-10       4.400132513602e-14      -7.662223477965e-13       0.000000000000e+00       2.475449112237e-11       2.921498116473e-12      -1.013890891378e-14 
   71       2.538283602489e-10       4.577252955138e-14      -8.264545014311e-13       0.000000000000e+00       2.393562824898e-11       2.837815323550e-12      -1.000784709258e-14 
   72       2.571380892682e-10       4.757330537082e-14      -8.883772149807e-13       0.000000000000e+00       2.314876165432e-11       2.757416152355e-12      -9.851102105634e-15 
   73       2.604777169687e-10       4.940255172283e-14      -9.519598732281e-13       0.000000000000e+00       2.239327418453e-11       2.680246695958e-12      -9.671490327839e-15 
   74       2.638484367053e-10       5.125906133500e-14      -1.017159941026e-12       0.000000000000e+00       2.166921693539e-11       2.606295645369e-12      -9.474813531502e-15 
   75       2.672510855069e-10       5.314155225440e-14      -1.083930915206e-12       0.000000000000e+00       2.097613918235e-11       2.535496769632e-12      -9.267570919545e-15 
   76       2.706861215402e-10       5.504866667983e-14      -1.152222252301e-12       0.000000000000e+00       2.031306401257e-11       2.467726268576e-12      -9.056982551829e-15 
   77       2.741536015734e-10       5.697896979414e-14      -1.221979296268e-12       0.000000000000e+00       1.967846395684e-11       2.402800125555e-12      -8.851012771469e-15 
   78       2.776531584399e-10       5.893094859653e-14      -1.293143206218e-12       0.000000000000e+00       1.907023662160e-11       2.340471460201e-12      -8.658393631160e-15 
   79       2.811839785024e-10       6.090301073489e-14      -1.365650884136e-12       0.000000000000e+00       1.848568032090e-11       2.280427881174e-12      -8.488648319494e-15 
   80       2.847452462306e-10       6.289353583493e-14      -1.439440320812e-12       0.000000000000e+00       1.792216512323e-11       2.222368923206e-12      -8.349847188992e-15 
   81       2.883376164312e-10       6.490104232271e-14      -1.514467861836e-12       0.000000000000e+00       1.737933381117e-11       2.166259669635e-12      -8.241375507908e-15 
   82       2.919619577512e-10       6.692404757750e-14      -1.590693822217e-12       0.000000000000e+00       1.685724045902e-11       2.112116549110e-12      -8.159946597024e-15 
   83       2.956188946009e-10       6.896101781563e-14      -1.668077362135e-12       0.000000000000e+00       1.635567765478e-11       2.059930017134e-12      -8.101739394928e-15 
   84       2.993087932678e-10       7.101036789495e-14      -1.746576514998e-12       0.000000000000e+00       1.587416501021e-11       2.009663391862e-12      -8.062379895475e-15 
   85       3.030317480307e-10       7.307046111930e-14      -1.826148215510e-12       0.000000000000e+00       1.541193767084e-11       1.961251689887e-12      -8.036922585252e-15 
   86       3.067875672738e-10       7.513960904294e-14      -1.906748327726e-12       0.000000000000e+00       1.496793482600e-11       1.914600462030e-12      -8.019831881039e-15 
   87       3.105757596006e-10       7.721607127506e-14      -1.988331673118e-12       0.000000000000e+00       1.454078821885e-11       1.869584629133e-12      -8.004963567275e-15 
   88       3.143955199483e-10       7.929805528426e-14      -2.070852058634e-12       0.000000000000e+00       1.412881065642e-11       1.826047317848e-12      -7.985546233519e-15 
   89       3.182460400949e-10       8.138374125404e-14      -2.154260848441e-12       0.000000000000e+00       1.373039783047e-11       1.783838591656e-12      -7.955634565769e-15 
   90       3.221275262722e-10       8.347136154418e-14      -2.238502361218e-12       0.000000000000e+00       1.334533106318e-11       1.742941144531e-12      -7.914770948443e-15 
   91       3.260403163426e-10       8.555913339204e-14      -2.323517799190e-12       0.000000000000e+00       1.297365870137e-11       1.703362271297e-12      -7.864024318022e-15 
   92       3.299845607154e-10       8.764523514833e-14      -2.409246646328e-12       0.000000000000e+00       1.261529577373e-11       1.665095169034e-12      -7.804586845125e-15 
   93       3.339602133213e-10       8.972780645692e-14      -2.495626674597e-12       0.000000000000e+00       1.227001869281e-11       1.628118370547e-12      -7.737777422213e-15 
   94       3.379670225859e-10       9.180494843457e-14      -2.582593950196e-12       0.000000000000e+00       1.193745995695e-11       1.592395177840e-12      -7.665045151305e-15 
   95       3.420045224038e-10       9.387472385070e-14      -2.670082839805e-12       0.000000000000e+00       1.161710285227e-11       1.557873095583e-12      -7.587972831677e-15 
   96       3.460720231122e-10       9.593515730718e-14      -2.758026016827e-12       0.000000000000e+00       1.130827615456e-11       1.524483264591e-12      -7.508280447574e-15 
   97       3.501686024651e-10       9.798423541807e-14      -2.846354467635e-12       0.000000000000e+00       1.101014883127e-11       1.492139895289e-12      -7.427828655921e-15 
   98       3.542930966070e-10       1.000199069894e-13      -2.934997497812e-12       0.000000000000e+00       1.072172474348e-11       1.460739701187e-12      -7.348622274026e-15 
   99       3.584443901548e-10       1.020401297343e-13      -3.023884111930e-12       0.000000000000e+00       1.044207095850e-11       1.430186524351e-12      -7.272408243251e-15 
  100       3.626223528362e-10       1.040430175798e-13      -3.112947362381e-12       0.000000000000e+00       1.017105103917e-11       1.400470416312e-12      -7.199397005375e-15 
  101       3.668270193675e-10       1.060267146561e-13      -3.202120630984e-12       0.000000000000e+00       9.908686259691e-12       1.371598757956e-12      -7.129365656790e-15 
  102       3.710582968488e-10       1.079893513564e-13      -3.291336333010e-12       0.000000000000e+00       9.654928825765e-12       1.343571808945e-12      -7.062045905773e-15 
  103       3.753159593637e-10       1.099290450813e-13      -3.380525940075e-12       0.000000000000e+00       9.409659408209e-12       1.316382446544e-12      -6.997122644746e-15 
  104       3.795996425782e-10       1.118439009821e-13      -3.469620003034e-12       0.000000000000e+00       9.172684676534e-12       1.290015904453e-12      -6.934232522542e-15 
  105       3.839088383408e-10       1.137320127054e-13      -3.558548174871e-12       0.000000000000e+00       8.943734832550e-12       1.264449511634e-12      -6.872962516675e-15 
  106       3.882428892814e-10       1.155914631359e-13      -3.647239233595e-12       0.000000000000e+00       8.722461143963e-12       1.239652431140e-12      -6.812848505597e-15 
  107       3.926009834111e-10       1.174203251412e-13      -3.735621105131e-12       0.000000000000e+00       8.508433477966e-12       1.215585398948e-12      -6.753373840970e-15 
  108       3.969821487211e-10       1.192166623151e-13      -3.823620886213e-12       0.000000000000e+00       8.301137834842e-12       1.192200462784e-12      -6.693967919926e-15 
  109       4.013852477829e-10       1.209785297214e-13      -3.911164867280e-12       0.000000000000e+00       8.099973881561e-12       1.169440720956e-12      -6.634004757336e-15 
  110       4.058091691377e-10       1.227040229972e-13      -3.998179064324e-12       0.000000000000e+00       7.904390294717e-12       1.147253475157e-12      -6.572930265722e-15 
  111       4.102534408910e-10       1.243914312076e-13      -4.084590842701e-12       0.000000000000e+00       7.714315767170e-12       1.125632162361e-12      -6.510665671585e-15 
  112       4.147176859038e-10       1.260391050361e-13      -4.170327544946e-12       0.000000000000e+00       7.529778801813e-12       1.104579325507e-12      -6.447253295889e-15 
  113       4.192014285945e-10       1.276454113793e-13      -4.255316027963e-12       0.000000000000e+00       7.350773733749e-12       1.084093551366e-12      -6.382732300650e-15 
  114       4.237040914723e-10       1.292087345657e-13      -4.339482690918e-12       0.000000000000e+00       7.177259618280e-12       1.064169341209e-12      -6.317138526140e-15 
  115       4.282249916711e-10       1.307274775751e-13      -4.422753503138e-12       0.000000000000e+00       7.009159118888e-12       1.044796981467e-12      -6.250504328096e-15 
  116       4.327633374827e-10       1.322000632576e-13      -4.505054032003e-12       0.000000000000e+00       6.846357395233e-12       1.025962414390e-12      -6.182858414919e-15 
  117       4.373182248902e-10       1.336249355528e-13      -4.586309470843e-12       0.000000000000e+00       6.688700991133e-12       1.007647108715e-12      -6.114225684883e-15 
  118       4.418886341019e-10       1.350005607085e-13      -4.666444666831e-12       0.000000000000e+00       6.535996722561e-12       9.898279303217e-13      -6.044627063342e-15 
  119       4.464734260843e-10       1.363254285007e-13      -4.745384148879e-12       0.000000000000e+00       6.388010565624e-12       9.724770129000e-13      -5.974079339930e-15 
  120       4.510713390960e-10       1.375980534515e-13      -4.823052155535e-12       0.000000000000e+00       6.244466544559e-12       9.555616286078e-13      -5.902595005769e-15 
  121       4.556809852210e-10       1.388169760494e-13      -4.899372662872e-12       0.000000000000e+00       6.105045619718e-12       9.390440587355e-13      -5.830182090675e-15 
  122       4.603008469019e-10       1.399807639673e-13      -4.974269412392e-12       0.000000000000e+00       5.969384575558e-12       9.228814643667e-13      -5.756844000362e-15 
  123       4.649294600333e-10       1.410880608252e-13      -5.047666907342e-12       0.000000000000e+00       5.837154408176e-12       9.070359165668e-13      -5.682607946886e-15 
  124       4.695659944395e-10       1.421377362202e-13      -5.119493471878e-12       0.000000000000e+00       5.708308053340e-12       8.915060671858e-13      -5.607614285020e-15 
  125       4.742097338605e-10       1.431287553100e-13      -5.189678597554e-12       0.000000000000e+00       5.582859154770e-12       8.762988896512e-13      -5.532037180000e-15 
  126       4.788598933879e-10       1.440601343903e-13      -5.258152041520e-12       0.000000000000e+00       5.460804632139e-12       8.614197964316e-13      -5.456056995074e-15 
  127       4.835156174656e-10       1.449309424882e-13      -5.324843862034e-12       0.000000000000e+00       5.342124194552e-12       8.468725896326e-13      -5.379860353668e-15 
  128       4.881759778916e-10       1.457403029554e-13      -5.389684453979e-12       0.000000000000e+00       5.226779854024e-12       8.326594115914e-13      -5.303640201562e-15 
  129       4.928399718193e-10       1.464873950612e-13      -5.452604584374e-12       0.000000000000e+00       5.114715438951e-12       8.187806954727e-13      -5.227595869062e-15 
  130       4.975065197584e-10       1.471714555857e-13      -5.513535427893e-12       0.000000000000e+00       5.005856107595e-12       8.052351158638e-13      -5.151933133166e-15 
  131       5.021744635766e-10       1.477917804133e-13      -5.572408602376e-12       0.000000000000e+00       4.900107861554e-12       7.920195393701e-13      -5.076864279743e-15 
  132       5.068425645008e-10       1.483477261252e-13      -5.629156204346e-12       0.000000000000e+00       4.797357059239e-12       7.791289752100e-13      -5.002608165699e-15 
  133       5.115095011184e-10       1.488387115932e-13      -5.683710844520e-12       0.000000000000e+00       4.697469929355e-12       7.665565258108e-13      -4.929390281152e-15 
  134       5.161738673784e-10       1.492642195724e-13      -5.736005683325e-12       0.000000000000e+00       4.600292084374e-12       7.542933374035e-13      -4.857442811603e-15 
  135       5.208341705931e-10       1.496237982947e-13      -5.785974466416e-12       0.000000000000e+00       4.505648034013e-12       7.423285506187e-13      -4.787004700104e-15 
  136       5.254888294390e-10       1.499170630618e-13      -5.833551560184e-12       0.000000000000e+00       4.413340698710e-12       7.306492510812e-13      -4.718321709437e-15 
  137       5.301363096603e-10       1.501437257438e-13      -5.878672601759e-12       0.000000000000e+00       4.323193231678e-12       7.192430499187e-13      -4.651586294287e-15 
  138       5.347755512573e-10       1.503036833481e-13      -5.921276449746e-12       0.000000000000e+00       4.235180399265e-12       7.081062312369e-13      -4.586750063963e-15 
  139       5.394055819193e-10       1.503969416789e-13      -5.961303503625e-12       0.000000000000e+00       4.149309936545e-12       6.972363579897e-13      -4.523691941016e-15 
  140       5.440253821748e-10       1.504235900079e-13      -5.998695146425e-12       0.000000000000e+00       4.065581242622e-12       6.866296853060e-13      -4.462276293093e-15 
  141       5.486338842665e-10       1.503838028447e-13      -6.033393784144e-12       0.000000000000e+00       3.983985162642e-12       6.762811277770e-13      -4.402352613071e-15 
  142       5.532299710272e-10       1.502778417070e-13      -6.065342885159e-12       0.000000000000e+00       3.904503769818e-12       6.661842267444e-13      -4.343755199191e-15 
  143       5.578124747544e-10       1.501060568907e-13      -6.094487019643e-12       0.000000000000e+00       3.827110147439e-12       6.563311175884e-13      -4.286302835195e-15 
  144       5.623801760863e-10       1.498688892408e-13      -6.120771898979e-12       0.000000000000e+00       3.751768170893e-12       6.467124970154e-13      -4.229798470456e-15 
  145       5.669318028768e-10       1.495668719207e-13      -6.144144415173e-12       0.000000000000e+00       3.678432289682e-12       6.373175903460e-13      -4.174028900116e-15 
  146       5.714660290708e-10       1.492006321833e-13      -6.164552680273e-12       0.000000000000e+00       3.607047309440e-12       6.281341188026e-13      -4.118764445219e-15 
  147       5.759814735796e-10       1.487708931411e-13      -6.181946065780e-12       0.000000000000e+00       3.537548173948e-12       6.191482667979e-13      -4.063758632843e-15 
  148       5.804766991563e-10       1.482784755363e-13      -6.196275242061e-12       0.000000000000e+00       3.469859747156e-12       6.103446492220e-13      -4.008747876238e-15 
  149       5.849502112708e-10       1.477242995110e-13      -6.207492217772e-12       0.000000000000e+00       3.403896595195e-12       6.017062787309e-13      -3.953451154956e-15 
  150       5.894004569856e-10       1.471093863779e-13      -6.215550379261e-12       0.000000000000e+00       3.339562768399e-12       5.932145330342e-13      -3.897569694992e-15 
  151       5.938258238308e-10       1.464348603902e-13      -6.220404529993e-12       0.000000000000e+00       3.276751583317e-12       5.848491221829e-13      -3.840786648909e-15 
  152       5.982246386794e-10       1.457019505121e-13      -6.222010929959e-12       0.000000000000e+00       3.215345404735e-12       5.765880558574e-13      -3.782766775980e-15 
  153       6.025952903553e-10       1.449119764931e-13      -6.220327578336e-12       0.000000000000e+00       3.155239968286e-12       5.684127058264e-13      -3.723237796340e-15 
  154       6.069366126448e-10       1.440663019096e-13      -6.215315008078e-12       0.000000000000e+00       3.096420350577e-12       5.603235915765e-13      -3.662243634256e-15 
  155       6.112475349026e-10       1.431663801140e-13      -6.206935640663e-12       0.000000000000e+00       3.038891676765e-12       5.523260062139e-13      -3.599914210262e-15 
  156       6.155269610276e-10       1.422137712148e-13      -6.195153589803e-12       0.000000000000e+00       2.982655122300e-12       5.444250464396e-13      -3.536385977706e-15 
  157       6.197737689690e-10       1.412101437667e-13      -6.179934702097e-12       0.000000000000e+00       2.927707819921e-12       5.366256057875e-13      -3.471802018841e-15 
  158       6.239868102313e-10       1.401572764611e-13      -6.161246597682e-12       0.000000000000e+00       2.874042766664e-12       5.289323678609e-13      -3.406312140926e-15 
  159       6.281649093801e-10       1.390570598163e-13      -6.139058710889e-12       0.000000000000e+00       2.821648730858e-12       5.213497995704e-13      -3.340072972319e-15 
  160       6.323068635475e-10       1.379114978681e-13      -6.113342330896e-12       0.000000000000e+00       2.770510159128e-12       5.138821443711e-13      -3.273248058572e-15 
  161       6.364114419375e-10       1.367227098598e-13      -6.084070642380e-12       0.000000000000e+00       2.720607083398e-12       5.065334154999e-13      -3.206007958527e-15 
  162       6.404773853314e-10       1.354929319327e-13      -6.051218766173e-12       0.000000000000e+00       2.671915027888e-12       4.993073892125e-13      -3.138530340414e-15 
  163       6.445034055938e-10       1.342245188166e-13      -6.014763799914e-12       0.000000000000e+00       2.624404916120e-12       4.922075980213e-13      -3.071000077943e-15 
  164       6.484881851773e-10       1.329199455199e-13      -5.974684858702e-12       0.000000000000e+00       2.578042977916e-12       4.852373239323e-13      -3.003609346402e-15 
  165       6.524303766287e-10       1.315818090201e-13      -5.930963115751e-12       0.000000000000e+00       2.532790656400e-12       4.783995916826e-13      -2.936557718753e-15 
  166       6.563286020940e-10       1.302128299541e-13      -5.883581843043e-12       0.000000000000e+00       2.488604514998e-12       4.716971619776e-13      -2.870052261726e-15 
  167       6.601814528242e-10       1.288158543084e-13      -5.832526451979e-12       0.000000000000e+00       2.445436144444e-12       4.651325247283e-13      -2.804307631915e-15 
  168       6.639874886806e-10       1.273938551097e-13      -5.777784534037e-12       0.000000000000e+00       2.403232069773e-12       4.587078922889e-13      -2.739546171874e-15 
  169       6.677452376404e-10       1.259499341151e-13      -5.719345901423e-12       0.000000000000e+00       2.361933657331e-12       4.524251926938e-13      -2.675998006214e-15 
  170       6.714531953020e-10       1.244873235024e-13      -5.657202627725e-12       0.000000000000e+00       2.321477021769e-12       4.462860628951e-13      -2.613901137695e-15 
  171       6.751099225776e-10       1.230092902055e-13      -5.591348373635e-12       0.000000000000e+00       2.281805951996e-12       4.402913761243e-13      -2.553450542122e-15 
  172       6.787143489464e-10       1.215188364294e-13      -5.521776215927e-12       0.000000000000e+00       2.242912093161e-12       4.344397939126e-13      -2.494640488775e-15 
  173       6.822654936571e-10       1.200189772866e-13      -5.448480714513e-12       0.000000000000e+00       2.204797952480e-12       4.287290798157e-13      -2.437409195417e-15 
  174       6.857623697235e-10       1.185128371877e-13      -5.371458648538e-12       0.000000000000e+00       2.167464142285e-12       4.231565458230e-13      -2.381688534897e-15 
  175       6.892039838310e-10       1.170036511350e-13      -5.290709054115e-12       0.000000000000e+00       2.130909340145e-12       4.177190436942e-13      -2.327403923169e-15 
  176       6.925893362427e-10       1.154947660150e-13      -5.206233262056e-12       0.000000000000e+00       2.095130248982e-12       4.124129562961e-13      -2.274474207297e-15 
  177       6.959174207048e-10       1.139896418923e-13      -5.118034935618e-12       0.000000000000e+00       2.060121557190e-12       4.072341889389e-13      -2.222811553477e-15 
  178       6.991872243537e-10       1.124918533019e-13      -5.026120108233e-12       0.000000000000e+00       2.025875898751e-12       4.021781607126e-13      -2.172321335040e-15 
  179       7.023977276213e-10       1.110050905431e-13      -4.930497221245e-12       0.000000000000e+00       1.992383813357e-12       3.972397958244e-13      -2.122902020471e-15 
  180       7.055479041415e-10       1.095331609721e-13      -4.831177161650e-12       0.000000000000e+00       1.959633706526e-12       3.924135149340e-13      -2.074445061418e-15 
  181       7.086367206559e-10       1.080799902953e-13      -4.728173299830e-12       0.000000000000e+00       1.927611809717e-12       3.876932264914e-13      -2.026834780704e-15 
  182       7.116631369203e-10       1.066496238626e-13      -4.621501527290e-12       0.000000000000e+00       1.896302140455e-12       3.830723180725e-13      -1.979948260343e-15 
  183       7.146261056107e-10       1.052462279604e-13      -4.511180294396e-12       0.000000000000e+00       1.865686462442e-12       3.785436477164e-13      -1.933655229548e-15 
  184       7.175245722291e-10       1.038740911048e-13      -4.397230648109e-12       0.000000000000e+00       1.835744245680e-12       3.740995352613e-13      -1.887817952748e-15 
  185       7.203574750099e-10       1.025376253344e-13      -4.279676269723e-12       0.000000000000e+00       1.806452626587e-12       3.697317536817e-13      -1.842291117594e-15 
  186       7.231237448258e-10       1.012413675040e-13      -4.158543512604e-12       0.000000000000e+00       1.777786368114e-12       3.654315204244e-13      -1.796921722980e-15 
  187       7.258223050940e-10       9.998998057741e-14      -4.033861439923e-12       0.000000000000e+00       1.749717819866e-12       3.611894887454e-13      -1.751548967047e-15 
  188       7.284520716822e-10       9.878825492062e-14      -3.905661862393e-12       0.000000000000e+00       1.722216878217e-12       3.569957390466e-13      -1.706004135201e-15 
  189       7.310119528149e-10       9.764110959491e-14      -3.773979376008e-12       0.000000000000e+00       1.695250946432e-12       3.528397702118e-13      -1.660110488121e-15 
  190       7.335008489789e-10       9.655359365010e-14      -3.638851399779e-12       0.000000000000e+00       1.668784894780e-12       3.487104909438e-13      -1.613683149777e-15 
  191       7.359177270619e-10       9.553067875754e-14      -3.500316017088e-12       0.000000000000e+00       1.642788005119e-12       3.445985264629e-13      -1.566569720921e-15 
  192       7.382618491719e-10       9.457661704387e-14      -3.358405240297e-12       0.000000000000e+00       1.617255469496e-12       3.405033498874e-13      -1.518775755111e-15 
  193       7.405325608395e-10       9.369553746806e-14      -3.213151312410e-12       0.000000000000e+00       1.592188431052e-12       3.364266703173e-13      -1.470348500470e-15 
  194       7.427292184774e-10       9.289165075606e-14      -3.064588888359e-12       0.000000000000e+00       1.567587127663e-12       3.323701644961e-13      -1.421337041705e-15 
  195       7.448511895295e-10       9.216925001118e-14      -2.912755065558e-12       0.000000000000e+00       1.543450874911e-12       3.283354757233e-13      -1.371792321382e-15 
  196       7.468978526200e-10       9.153271132442e-14      -2.757689414451e-12       0.000000000000e+00       1.519778049060e-12       3.243242127678e-13      -1.321767161203e-15 
  197       7.488685977023e-10       9.098649438483e-14      -2.599434009062e-12       0.000000000000e+00       1.496566070023e-12       3.203379487807e-13      -1.271316283285e-15 
  198       7.507628262079e-10       9.053514308987e-14      -2.438033457541e-12       0.000000000000e+00       1.473811384342e-12       3.163782202082e-13      -1.220496331431e-15 
  199       7.525799511955e-10       9.018328615573e-14      -2.273534932722e-12       0.000000000000e+00       1.451509448157e-12       3.124465257051e-13      -1.169365892413e-15 
  200       7.543193974999e-10       8.993563772770e-14      -2.105988202661e-12       0.000000000000e+00       1.429654710180e-12       3.085443250472e-13      -1.117985517241e-15 
  201       7.559806018812e-10       8.979699799052e-14      -1.935445661196e-12       0.000000000000e+00       1.408240594666e-12       3.046730380447e-13      -1.066417742447e-15 
  202       7.575630131736e-10       8.977225377873e-14      -1.761962358491e-12       0.000000000000e+00       1.387259484389e-12       3.008340434551e-13      -1.014727111356e-15 
  203       7.590660924342e-10       8.986637918699e-14      -1.585596031585e-12       0.000000000000e+00       1.366702703615e-12       2.970286778962e-13      -9.629801953646e-16 
  204       7.604893130925e-10       9.008443618049e-14      -1.406407134946e-12       0.000000000000e+00       1.346560501072e-12       2.932582347590e-13      -9.112456152170e-16 
  205       7.618321610991e-10       9.043157520523e-14      -1.224458871014e-12       0.000000000000e+00       1.326822032925e-12       2.895239631211e-13      -8.595940622814e-16 
  206       7.630941350744e-10       9.091303579844e-14      -1.039817220757e-12       0.000000000000e+00       1.307475345750e-12       2.858270666592e-13      -8.080983198263e-16 
  207       7.642747464582e-10       9.153414719886e-14      -8.525509742170e-13       0.000000000000e+00       1.288507359503e-12       2.821687025625e-13      -7.568332842974e-16 
  208       7.653735196583e-10       9.230032895715e-14      -6.627317610597e-13       0.000000000000e+00       1.269903850498e-12       2.785499804453e-13      -7.058759865932e-16 
  209       7.663899921995e-10       9.321709154619e-14      -4.704340811248e-13       0.000000000000e+00       1.251649434378e-12       2.749719612607e-13      -6.553056133423e-16 
  210       7.673237148727e-10       9.429003697146e-14      -2.757353349751e-13       0.000000000000e+00       1.233727549086e-12       2.714356562128e-13      -6.052035281791e-16 
  211       7.681742518839e-10       9.552485938139e-14      -7.871585444638e-14       0.000000000000e+00       1.216120437840e-12       2.679420256703e-13      -5.556532930205e-16 
  212       7.689411810030e-10       9.692734567769e-14       1.205410668037e-13       0.000000000000e+00       1.198809132108e-12       2.644919780792e-13      -5.067406893423e-16 
  213       7.696241320698e-10       9.850304546029e-14       3.219534266215e-13       0.000000000000e+00       1.181777154293e-12       2.610863185172e-13      -4.585381467436e-16 
  214       7.702229050940e-10       1.002562548027e-13       5.254536572302e-13       0.000000000000e+00       1.165021939288e-12       2.577255927468e-13      -4.110568148030e-16 
  215       7.707373604219e-10       1.021909649991e-13       7.309763112654e-13       0.000000000000e+00       1.148544151668e-12       2.544102305261e-13      -3.642912942729e-16 
  216       7.711673813449e-10       1.043111868034e-13       9.384538385117e-13       0.000000000000e+00       1.132344028103e-12       2.511405938081e-13      -3.182349192502e-16 
  217       7.715128743496e-10       1.066209501695e-13       1.147816566631e-12       0.000000000000e+00       1.116421370128e-12       2.479169755221e-13      -2.728797374031e-16 
  218       7.717737693676e-10       1.091243039903e-13       1.358992681892e-12       0.000000000000e+00       1.100775536902e-12       2.447395983531e-13      -2.282164901974e-16 
  219       7.719500200256e-10       1.118253158383e-13       1.571908209896e-12       0.000000000000e+00       1.085405437976e-12       2.416086135232e-13      -1.842345931236e-16 
  220       7.720416038952e-10       1.147280717053e-13       1.786486996308e-12       0.000000000000e+00       1.070309526062e-12       2.385240995713e-13      -1.409221159238e-16 
  221       7.720485227429e-10       1.178366757417e-13       2.002650687582e-12       0.000000000000e+00       1.055485789793e-12       2.354860611340e-13      -9.826576281783e-17 
  222       7.719708027805e-10       1.211552499969e-13       2.220318711692e-12       0.000000000000e+00       1.040931746494e-12       2.324944277258e-13      -5.625085273079e-17 
  223       7.718084949142e-10       1.246879341591e-13       2.439408258860e-12       0.000000000000e+00       1.026644434943e-12       2.295490525195e-13      -1.486129951924e-17 
  224       7.715616749956e-10       1.284388852947e-13       2.659834262281e-12       0.000000000000e+00       1.012620408139e-12       2.266497111271e-13       2.592040780182e-17 
  225       7.712304440707e-10       1.324122775887e-13       2.881509378857e-12       0.000000000000e+00       9.988557260668e-13       2.237961003794e-13       6.611322483227e-17 
  226       7.708149286307e-10       1.366123020840e-13       3.104343969920e-12       0.000000000000e+00       9.853459484635e-13       2.209878371072e-13       1.057375715601e-16 
  227       7.703152808612e-10       1.410431664216e-13       3.328246081963e-12       0.000000000000e+00       9.720861275833e-13       2.182244569214e-13       1.448153521346e-16 
  228       7.697316788928e-10       1.457090945805e-13       3.553121427368e-12       0.000000000000e+00       9.590708009631e-13       2.155054129934e-13       1.833699746397e-16 
  229       7.690643270509e-10       1.506143266169e-13       3.778873365132e-12       0.000000000000e+00       9.462939841885e-13       2.128300748357e-13       2.214263708672e-16 
  230       7.683134561052e-10       1.557631184051e-13       4.005402881601e-12       0.000000000000e+00       9.337491636591e-13       2.101977270821e-13       2.590110160900e-16 
  231       7.674793235206e-10       1.611597413761e-13       4.232608571192e-12       0.000000000000e+00       9.214292893542e-13       2.076075682685e-13       2.961519488352e-16 
  232       7.665622137061e-10       1.668084822585e-13       4.460386617123e-12       0.000000000000e+00       9.093267675982e-13       2.050587096128e-13       3.328787906577e-16 
  233       7.655624382656e-10       1.727136428176e-13       4.688630772145e-12       0.000000000000e+00       8.974334538265e-13       2.025501737960e-13       3.692227659132e-16 
  234       7.644803362476e-10       1.788795395958e-13       4.917232339265e-12       0.000000000000e+00       8.857406453507e-13       2.000808937420e-13       4.052167215314e-16 
  235       7.633162743949e-10       1.853105036520e-13       5.146080152479e-12       0.000000000000e+00       8.742390741248e-13       1.976497113985e-13       4.408951467893e-16 
  236       7.620706473950e-10       1.920108803015e-13       5.375060557496e-12       0.000000000000e+00       8.629188995102e-13       1.952553765171e-13       4.762941930847e-16 
  237       7.607438781297e-10       1.989850288561e-13       5.604057392469e-12       0.000000000000e+00       8.517697010413e-13       1.928965454340e-13       5.114516937090e-16 
  238       7.593364135095e-10       2.062369285228e-13       5.832958599801e-12       0.000000000000e+00       8.407824838798e-13       1.905720020506e-13       5.463987144560e-16 
  239       7.578487111790e-10       2.137689701439e-13       6.061676545885e-12       0.000000000000e+00       8.299558449507e-13       1.882813381527e-13       5.811335965452e-16 
  240       7.562812524903e-10       2.215830907521e-13       6.290128895031e-12       0.000000000000e+00       8.192901663415e-13       1.860243119421e-13       6.156463794768e-16 
  241       7.546345470867e-10       2.296811597423e-13       6.518232083849e-12       0.000000000000e+00       8.087856332401e-13       1.838006287967e-13       6.499271306573e-16 
  242       7.529091331425e-10       2.380649777805e-13       6.745901315967e-12       0.000000000000e+00       7.984422309461e-13       1.816099405196e-13       6.839659473064e-16 
  243       7.511055776042e-10       2.467362757135e-13       6.973050556750e-12       0.000000000000e+00       7.882597418829e-13       1.794518445883e-13       7.177529583628e-16 
  244       7.492244764309e-10       2.556967134769e-13       7.199592528016e-12       0.000000000000e+00       7.782377426088e-13       1.773258834036e-13       7.512783263912e-16 
  245       7.472664548351e-10       2.649478790047e-13       7.425438702755e-12       0.000000000000e+00       7.683756008289e-13       1.752315435396e-13       7.845322494885e-16 
  246       7.452321675230e-10       2.744912871384e-13       7.650499299844e-12       0.000000000000e+00       7.586724724070e-13       1.731682549918e-13       8.175049631901e-16 
  247       7.431222989357e-10       2.843283785353e-13       7.874683278766e-12       0.000000000000e+00       7.491272983765e-13       1.711353904273e-13       8.501867423767e-16 
  248       7.409375634895e-10       2.944605185780e-13       8.097898334330e-12       0.000000000000e+00       7.397388019527e-13       1.691322644334e-13       8.825679031803e-16 
  249       7.386787058165e-10       3.048889962835e-13       8.320050891381e-12       0.000000000000e+00       7.305054855441e-13       1.671581327668e-13       9.146388048911e-16 
  250       7.363465010056e-10       3.156150232115e-13       8.541046099525e-12       0.000000000000e+00       7.214256277640e-13       1.652121916032e-13       9.463898518635e-16 
  251       7.339417548426e-10       3.266397323742e-13       8.760787827844e-12       0.000000000000e+00       7.124972804421e-13       1.632935767861e-13       9.778114954230e-16 
  252       7.314653040516e-10       3.379641771446e-13       8.979178659611e-12       0.000000000000e+00       7.037182656365e-13       1.614013630763e-13       1.008894235772e-15 
  253       7.289180165348e-10       3.495893301659e-13       9.196119887010e-12       0.000000000000e+00       6.950861726448e-13       1.595345634006e-13       1.039628623897e-15 
  254       7.263007916140e-10       3.615160822603e-13       9.411511505854e-12       0.000000000000e+00       6.865983550159e-13       1.576921281018e-13       1.070005263475e-15 
  255       7.236145602705e-10       3.737452413379e-13       9.625252210299e-12       0.000000000000e+00       6.782519275619e-13       1.558729441870e-13       1.100014812779e-15 
  256       7.208602853863e-10       3.862775313059e-13       9.837239387564e-12       0.000000000000e+00       6.700437633693e-13       1.540758345774e-13       1.129647986584e-15 
  257       7.180389619843e-10       3.991135909773e-13       1.004736911265e-11       0.000000000000e+00       6.619704908108e-13       1.522995573574e-13       1.158895558077e-15 
  258       7.151516174696e-10       4.122539729803e-13       1.025553614305e-11       0.000000000000e+00       6.540284905569e-13       1.505428050235e-13       1.187748360760e-15 
  259       7.121993118695e-10       4.256991426668e-13       1.046163391349e-11       0.000000000000e+00       6.462138925878e-13       1.488042037340e-13       1.216197290356e-15 
  260       7.091831380742e-10       4.394494770215e-13       1.066555453059e-11       0.000000000000e+00       6.385225732044e-13       1.470823125575e-13       1.244233306718e-15 
  261       7.061042220781e-10       4.535052635712e-13       1.086718876767e-11       0.000000000000e+00       6.309501520404e-13       1.453756227229e-13       1.271847435735e-15 
  262       7.029637232197e-10       4.678666992932e-13       1.106642605937e-11       0.000000000000e+00       6.234919890740e-13       1.436825568679e-13       1.299030771235e-15 
  263       6.997628344226e-10       4.825338895249e-13       1.126315449644e-11       0.000000000000e+00       6.161431816390e-13       1.420014682886e-13       1.325774476898e-15 
  264       6.965027824363e-10       4.975068468724e-13       1.145726082043e-11       0.000000000000e+00       6.088985614369e-13       1.403306401887e-13       1.352069788155e-15 
  265       6.931848280763e-10       5.127854901194e-13       1.164863041841e-11       0.000000000000e+00       6.017526915484e-13       1.386682849283e-13       1.377908014101e-15 
  266       6.898102077884e-10       5.283693820711e-13       1.183715525561e-11       0.000000000000e+00       5.947008975402e-13       1.370129317333e-13       1.403282176429e-15 
  267       6.863799543280e-10       5.442569295637e-13       1.202275816137e-11       0.000000000000e+00       5.877424289644e-13       1.353646146887e-13       1.428192020917e-15 
  268       6.828950668109e-10       5.604461378905e-13       1.220536985174e-11       0.000000000000e+00       5.808774637221e-13       1.337237477954e-13       1.452639281787e-15 
  269       6.793565686550e-10       5.769348664312e-13       1.238492111831e-11       0.000000000000e+00       5.741060881896e-13       1.320907422247e-13       1.476626073824e-15 
  270       6.757655077215e-10       5.937208271201e-13       1.256134283639e-11       0.000000000000e+00       5.674282959777e-13       1.304660062235e-13       1.500154897051e-15 
  271       6.721229564564e-10       6.108015829138e-13       1.273456597311e-11       0.000000000000e+00       5.608439866902e-13       1.288499450205e-13       1.523228641401e-15 
  272       6.684300120319e-10       6.281745462590e-13       1.290452159559e-11       0.000000000000e+00       5.543529646831e-13       1.272429607308e-13       1.545850591385e-15 
  273       6.646877964883e-10       6.458369775606e-13       1.307114087900e-11       0.000000000000e+00       5.479549378228e-13       1.256454522625e-13       1.568024430768e-15 
  274       6.608974568752e-10       6.637859836493e-13       1.323435511476e-11       0.000000000000e+00       5.416495162457e-13       1.240578152215e-13       1.589754247244e-15 
  275       6.570601653931e-10       6.820185162498e-13       1.339409571863e-11       0.000000000000e+00       5.354362111165e-13       1.224804418172e-13       1.611044537100e-15 
  276       6.531771195348e-10       7.005313704483e-13       1.355029423887e-11       0.000000000000e+00       5.293144333873e-13       1.209137207683e-13       1.631900209899e-15 
  277       6.492495422273e-10       7.193211831606e-13       1.370288236431e-11       0.000000000000e+00       5.232834925564e-13       1.193580372080e-13       1.652326593143e-15 
  278       6.452786819725e-10       7.383844316000e-13       1.385179193254e-11       0.000000000000e+00       5.173425954270e-13       1.178137725899e-13       1.672329436952e-15 
  279       6.412658129898e-10       7.577174317451e-13       1.399695493804e-11       0.000000000000e+00       5.114908448663e-13       1.162813045931e-13       1.691914918732e-15 
  280       6.372122353568e-10       7.773163368077e-13       1.413830354025e-11       0.000000000000e+00       5.057272385641e-13       1.147610070281e-13       1.711089647851e-15 
  281       6.331192751509e-10       7.971771357006e-13       1.427577007176e-11       0.000000000000e+00       5.000506677920e-13       1.132532497424e-13       1.729860670309e-15 
  282       6.289882845912e-10       8.172956515055e-13       1.440928704641e-11       0.000000000000e+00       4.944599161618e-13       1.117583985256e-13       1.748235473410e-15 
  283       6.248206421796e-10       8.376675399411e-13       1.453878716743e-11       0.000000000000e+00       4.889536583844e-13       1.102768150154e-13       1.766221990437e-15 
  284       6.206177528427e-10       8.582882878306e-13       1.466420333556e-11       0.000000000000e+00       4.835304590292e-13       1.088088566030e-13       1.783828605321e-15 
  285       6.163810480730e-10       8.791532115698e-13       1.478546865718e-11       0.000000000000e+00       4.781887712822e-13       1.073548763383e-13       1.801064157318e-15 
  286       6.121119860704e-10       9.002574555950e-13       1.490251645246e-11       0.000000000000e+00       4.729269357052e-13       1.059152228361e-13       1.817937945677e-15 
  287       6.078120518839e-10       9.215959908507e-13       1.501528026346e-11       0.000000000000e+00       4.677431789949e-13       1.044902401811e-13       1.834459734313e-15 
  288       6.034827575530e-10       9.431636132576e-13       1.512369386229e-11       0.000000000000e+00       4.626356127411e-13       1.030802678338e-13       1.850639756484e-15 
  289       5.991256422493e-10       9.649549421807e-13       1.522769125921e-11       0.000000000000e+00       4.576022321863e-13       1.016856405357e-13       1.866488719455e-15 
  290       5.947422724181e-10       9.869644188965e-13       1.532720671076e-11       0.000000000000e+00       4.526409149837e-13       1.003066882151e-13       1.882017809179e-15 
  291       5.903342419193e-10       1.009186305062e-12       1.542217472794e-11       0.000000000000e+00       4.477494199570e-13       9.894373589247e-14       1.897238694965e-15 
  292       5.859031721698e-10       1.031614681180e-12       1.551253008427e-11       0.000000000000e+00       4.429253858584e-13       9.759710358631e-14       1.912163534150e-15 
  293       5.814507122845e-10       1.054243445072e-12       1.559820782395e-11       0.000000000000e+00       4.381663301278e-13       9.626710621828e-14       1.926804976774e-15 
  294       5.769785392178e-10       1.077066310341e-12       1.567914327001e-11       0.000000000000e+00       4.334696476518e-13       9.495405351899e-14       1.941176170249e-15 
  295       5.724883579052e-10       1.100076804840e-12       1.575527203241e-11       0.000000000000e+00       4.288326095224e-13       9.365824993349e-14       1.955290764034e-15 
  296       5.679819014048e-10       1.123268269144e-12       1.582653001617e-11       0.000000000000e+00       4.242523617956e-13       9.237999452681e-14       1.969162914308e-15 
  297       5.634608257876e-10       1.146634030125e-12       1.589285996713e-11       0.000000000000e+00       4.197264622605e-13       9.111952115856e-14       1.982804119675e-15 
  298       5.589263888537e-10       1.170167934192e-12       1.595423144503e-11       0.000000000000e+00       4.152545222117e-13       8.987681597786e-14       1.996213548217e-15 
  299       5.543797560420e-10       1.193863837037e-12       1.601062183919e-11       0.000000000000e+00       4.108366422276e-13       8.865179085403e-14       2.009387248381e-15 
  300       5.498221042701e-10       1.217715429576e-12       1.606200993553e-11       0.000000000000e+00       4.064728808586e-13       8.744434213167e-14       2.022321275849e-15 
  301       5.452546219327e-10       1.241716236655e-12       1.610837593351e-11       0.000000000000e+00       4.021632541155e-13       8.625435045524e-14       2.035011693913e-15 
  302       5.406785089007e-10       1.265859615755e-12       1.614970146318e-11       0.000000000000e+00       3.979077349576e-13       8.508168059360e-14       2.047454573859e-15 
  303       5.360949765201e-10       1.290138755694e-12       1.618596960215e-11       0.000000000000e+00       3.937062527809e-13       8.392618126455e-14       2.059645995332e-15 
  304       5.315052476103e-10       1.314546675340e-12       1.621716489256e-11       0.000000000000e+00       3.895586929066e-13       8.278768495945e-14       2.071582046720e-15 
  305       5.269105564636e-10       1.339076222306e-12       1.624327335811e-11       0.000000000000e+00       3.854648960694e-13       8.166600776770e-14       2.083258825527e-15 
  306       5.223121488436e-10       1.363720071665e-12       1.626428252104e-11       0.000000000000e+00       3.814246579057e-13       8.056094920135e-14       2.094672438748e-15 
  307       5.177112819840e-10       1.388470724649e-12       1.628018141912e-11       0.000000000000e+00       3.774377284419e-13       7.947229201963e-14       2.105819003245e-15 
  308       5.131092245876e-10       1.413320507358e-12       1.629096062264e-11       0.000000000000e+00       3.735038115827e-13       7.839980205353e-14       2.116694646124e-15 
  309       5.085072568247e-10       1.438261569460e-12       1.629661225142e-11       0.000000000000e+00       3.696225645997e-13       7.734322803035e-14       2.127295505109e-15 
  310       5.039066703325e-10       1.463285882905e-12       1.629712999179e-11       0.000000000000e+00       3.657935976191e-13       7.630230139823e-14       2.137617728921e-15 
  311       4.993087682136e-10       1.488385240621e-12       1.629250911358e-11       0.000000000000e+00       3.620164731105e-13       7.527673615075e-14       2.147657477650e-15 
  312       4.947148650345e-10       1.513551255227e-12       1.628274648712e-11       0.000000000000e+00       3.582907053750e-13       7.426622865147e-14       2.157410923132e-15 
  313       4.901262868251e-10       1.538775357731e-12       1.626784060024e-11       0.000000000000e+00       3.546157600337e-13       7.327045745847e-14       2.166874249327e-15 
  314       4.855443710769e-10       1.564048796242e-12       1.624779157524e-11       0.000000000000e+00       3.509910535155e-13       7.228908314895e-14       2.176043652691e-15 
  315       4.809704667420e-10       1.589362634673e-12       1.622260118592e-11       0.000000000000e+00       3.474159525461e-13       7.132174814373e-14       2.184915342555e-15 
  316       4.764059342320e-10       1.614707751442e-12       1.619227287455e-11       0.000000000000e+00       3.438897736357e-13       7.036807653185e-14       2.193485541500e-15 
  317       4.718521454168e-10       1.640074838186e-12       1.615681176886e-11       0.000000000000e+00       3.404117825675e-13       6.942767389514e-14       2.201750485732e-15 
  318       4.673104836233e-10       1.665454398456e-12       1.611622469903e-11       0.000000000000e+00       3.369811938863e-13       6.850012713272e-14       2.209706425456e-15 
  319       4.627823436342e-10       1.690836746433e-12       1.607052021471e-11       0.000000000000e+00       3.335971703864e-13       6.758500428560e-14       2.217349625258e-15 
  320       4.582691316870e-10       1.716212005624e-12       1.601970860199e-11       0.000000000000e+00       3.302588225999e-13       6.668185436125e-14       2.224676364474e-15 
  321       4.537722654724e-10       1.741570107573e-12       1.596380190040e-11       0.000000000000e+00       3.269652082853e-13       6.579020715810e-14       2.231682937569e-15 
  322       4.492931741337e-10       1.766900790564e-12       1.590281391991e-11       0.000000000000e+00       3.237153319156e-13       6.490957309015e-14       2.238365654513e-15 
  323       4.448332982650e-10       1.792193598327e-12       1.583676025791e-11       0.000000000000e+00       3.205081441666e-13       6.403944301153e-14       2.244720841155e-15 
  324       4.403940899105e-10       1.817437878743e-12       1.576565831621e-11       0.000000000000e+00       3.173425414053e-13       6.317928804102e-14       2.250744839601e-15 
  325       4.359770125630e-10       1.842622782549e-12       1.568952731803e-11       0.000000000000e+00       3.142173651781e-13       6.232855938662e-14       2.256434008588e-15 
  326       4.315835411627e-10       1.867737262044e-12       1.560838832502e-11       0.000000000000e+00       3.111314016992e-13       6.148668817012e-14       2.261784723861e-15 
  327       4.272151620963e-10       1.892770069795e-12       1.552226425419e-11       0.000000000000e+00       3.080833813387e-13       6.065308525165e-14       2.266793378549e-15 
  328       4.228733731955e-10       1.917709757341e-12       1.543117989498e-11       0.000000000000e+00       3.050719781111e-13       5.982714105426e-14       2.271456383537e-15 
  329       4.185596837359e-10       1.942544673897e-12       1.533516192621e-11       0.000000000000e+00       3.020958091636e-13       5.900822538842e-14       2.275770167849e-15 
  330       4.142756144360e-10       1.967262965062e-12       1.523423893307e-11       0.000000000000e+00       2.991534342643e-13       5.819568727664e-14       2.279731179017e-15 
  331       4.100226974555e-10       1.991852571524e-12       1.512844142413e-11       0.000000000000e+00       2.962433552905e-13       5.738885477798e-14       2.283335883461e-15 
  332       4.058023581716e-10       2.016302105176e-12       1.501780230428e-11       0.000000000000e+00       2.933642958373e-13       5.658717210618e-14       2.286581903818e-15 
  333       4.016155548104e-10       2.040603522345e-12       1.490235828152e-11       0.000000000000e+00       2.905160545669e-13       5.579061795133e-14       2.289471484988e-15 
  334       3.974631230869e-10       2.064749564688e-12       1.478214855482e-11       0.000000000000e+00       2.876986880970e-13       5.499930506988e-14       2.292008180076e-15 
  335       3.933458928809e-10       2.088732891959e-12       1.465721438109e-11       0.000000000000e+00       2.849122340326e-13       5.421334461136e-14       2.294195728687e-15 
  336       3.892646881069e-10       2.112546081667e-12       1.452759909271e-11       0.000000000000e+00       2.821567107587e-13       5.343284609201e-14       2.296038058529e-15 
  337       3.852203265854e-10       2.136181628733e-12       1.439334811498e-11       0.000000000000e+00       2.794321172323e-13       5.265791736831e-14       2.297539287028e-15 
  338       3.812136199128e-10       2.159631945151e-12       1.425450898364e-11       0.000000000000e+00       2.767384327751e-13       5.188866461057e-14       2.298703722936e-15 
  339       3.772453733318e-10       2.182889359641e-12       1.411113136233e-11       0.000000000000e+00       2.740756168651e-13       5.112519227652e-14       2.299535867943e-15 
  340       3.733163856025e-10       2.205946117309e-12       1.396326706011e-11       0.000000000000e+00       2.714436089301e-13       5.036760308489e-14       2.300040418282e-15 
  341       3.694274488723e-10       2.228794379305e-12       1.381097004891e-11       0.000000000000e+00       2.688423281391e-13       4.961599798896e-14       2.300222266343e-15 
  342       3.655793485467e-10       2.251426222481e-12       1.365429648106e-11       0.000000000000e+00       2.662716731949e-13       4.887047615019e-14       2.300086502284e-15 
  343       3.617728631595e-10       2.273833639047e-12       1.349330470673e-11       0.000000000000e+00       2.637315221266e-13       4.813113491175e-14       2.299638415635e-15 
  344       3.580087642437e-10       2.296008536229e-12       1.332805529149e-11       0.000000000000e+00       2.612217320820e-13       4.739806977214e-14       2.298883496913e-15 
  345       3.542878162015e-10       2.317942735928e-12       1.315861103370e-11       0.000000000000e+00       2.587421391196e-13       4.667137435871e-14       2.297827439232e-15 
  346       3.506107761753e-10       2.339627974376e-12       1.298503698209e-11       0.000000000000e+00       2.562925580014e-13       4.595114040132e-14       2.296476139910e-15 
  347       3.469783939176e-10       2.361055901796e-12       1.280740045321e-11       0.000000000000e+00       2.538727819848e-13       4.523745770586e-14       2.294835702078e-15 
  348       3.433914116622e-10       2.382218082057e-12       1.262577104889e-11       0.000000000000e+00       2.514825826153e-13       4.453041412784e-14       2.292912436296e-15 
  349       3.398505639939e-10       2.403105992332e-12       1.244022067378e-11       0.000000000000e+00       2.491217095186e-13       4.383009554597e-14       2.290712862156e-15 
  350       3.363565777196e-10       2.423711022758e-12       1.225082355283e-11       0.000000000000e+00       2.467898901932e-13       4.313658583577e-14       2.288243709896e-15 
  351       3.329101717385e-10       2.444024476092e-12       1.205765624872e-11       0.000000000000e+00       2.444868298025e-13       4.244996684309e-14       2.285511922008e-15 
  352       3.295120569126e-10       2.464037567368e-12       1.186079767943e-11       0.000000000000e+00       2.422122109673e-13       4.177031835774e-14       2.282524654849e-15 
  353       3.261629359372e-10       2.483741423555e-12       1.166032913567e-11       0.000000000000e+00       2.399656935581e-13       4.109771808705e-14       2.279289280249e-15 
  354       3.228635032116e-10       2.503127083217e-12       1.145633429841e-11       0.000000000000e+00       2.377469144875e-13       4.043224162945e-14       2.275813387124e-15 
  355       3.196144447091e-10       2.522185496168e-12       1.124889925632e-11       0.000000000000e+00       2.355554875024e-13       3.977396244803e-14       2.272104783083e-15 
  356       3.164164378480e-10       2.540907523129e-12       1.103811252330e-11       0.000000000000e+00       2.333910029766e-13       3.912295184417e-14       2.268171496039e-15 
  357       3.132701513618e-10       2.559283935388e-12       1.082406505597e-11       0.000000000000e+00       2.312530277028e-13       3.847927893107e-14       2.264021775820e-15 
  358       3.101762451697e-10       2.577305414459e-12       1.060685027110e-11       0.000000000000e+00       2.291411046855e-13       3.784301060733e-14       2.259664095776e-15 
  359       3.071353702471e-10       2.594962551733e-12       1.038656406318e-11       0.000000000000e+00       2.270547529326e-13       3.721421153058e-14       2.255107154392e-15 
  360       3.041481684963e-10       2.612245848144e-12       1.016330482186e-11       0.000000000000e+00       2.249934672484e-13       3.659294409099e-14       2.250359876894e-15 
  361       3.012152726167e-10       2.629145713821e-12       9.937173449417e-12       0.000000000000e+00       2.229567180256e-13       3.597926838491e-14       2.245431416865e-15 
  362       2.983373059752e-10       2.645652467748e-12       9.708273378316e-12       0.000000000000e+00       2.209439510378e-13       3.537324218839e-14       2.240331157849e-15 
  363       2.955148824771e-10       2.661756337420e-12       9.476710588630e-12       0.000000000000e+00       2.189545872318e-13       3.477492093083e-14       2.235068714962e-15 
  364       2.927486064364e-10       2.677447458502e-12       9.242593625561e-12       0.000000000000e+00       2.169880225199e-13       3.418435766849e-14       2.229653936504e-15 
  365       2.900390724459e-10       2.692715874488e-12       9.006033616920e-12       0.000000000000e+00       2.150436275724e-13       3.360160305811e-14       2.224096905570e-15 
  366       2.873868652484e-10       2.707551536356e-12       8.767144290617e-12       0.000000000000e+00       2.131207476097e-13       3.302670533048e-14       2.218407941654e-15 
  367       2.847925596065e-10       2.721944302225e-12       8.526041992149e-12       0.000000000000e+00       2.112187021948e-13       3.245971026401e-14       2.212597602264e-15 
  368       2.822567201737e-10       2.735883937018e-12       8.282845702087e-12       0.000000000000e+00       2.093367850258e-13       3.190066115833e-14       2.206676684531e-15 
  369       2.797799013643e-10       2.749360112112e-12       8.037677053566e-12       0.000000000000e+00       2.074742637280e-13       3.134959880783e-14       2.200656226818e-15 
  370       2.773626472243e-10       2.762362405004e-12       7.790660349774e-12       0.000000000000e+00       2.056303796463e-13       3.080656147530e-14       2.194547510329e-15 
  371       2.750054308972e-10       2.774881599383e-12       7.541913548822e-12       0.000000000000e+00       2.038044862174e-13       3.027157420257e-14       2.188359897723e-15 
  372       2.727084706760e-10       2.786913642148e-12       7.291520793849e-12       0.000000000000e+00       2.019964704784e-13       2.974461633572e-14       2.182094252442e-15 
  373       2.704719065049e-10       2.798455840443e-12       7.039558843107e-12       0.000000000000e+00       2.002063476321e-13       2.922565267830e-14       2.175749265229e-15 
  374       2.682958595527e-10       2.809505575993e-12       6.786106015218e-12       0.000000000000e+00       1.984341238689e-13       2.871464400399e-14       2.169323593625e-15 
  375       2.661804320311e-10       2.820060305888e-12       6.531242198809e-12       0.000000000000e+00       1.966797962789e-13       2.821154702092e-14       2.162815861701e-15 
  376       2.641257070127e-10       2.830117563372e-12       6.275048862144e-12       0.000000000000e+00       1.949433527654e-13       2.771631433597e-14       2.156224659785e-15 
  377       2.621317482485e-10       2.839674958636e-12       6.017609062761e-12       0.000000000000e+00       1.932247719572e-13       2.722889441909e-14       2.149548544193e-15 
  378       2.601985999864e-10       2.848730179598e-12       5.759007457106e-12       0.000000000000e+00       1.915240231217e-13       2.674923156759e-14       2.142786036957e-15 
  379       2.583262867890e-10       2.857280992698e-12       5.499330310168e-12       0.000000000000e+00       1.898410660777e-13       2.627726587047e-14       2.135935625555e-15 
  380       2.565148133514e-10       2.865325243685e-12       5.238665505112e-12       0.000000000000e+00       1.881758511083e-13       2.581293317271e-14       2.128995762639e-15 
  381       2.547641643193e-10       2.872860858404e-12       4.977102552913e-12       0.000000000000e+00       1.865283188736e-13       2.535616503958e-14       2.121964865766e-15 
  382       2.530743041069e-10       2.879885843585e-12       4.714732601995e-12       0.000000000000e+00       1.848984003239e-13       2.490688872095e-14       2.114841317126e-15 
  383       2.514451767149e-10       2.886398287631e-12       4.451648447860e-12       0.000000000000e+00       1.832860166119e-13       2.446502711561e-14       2.107623463270e-15 
  384       2.498767055485e-10       2.892396361408e-12       4.187944542725e-12       0.000000000000e+00       1.816910790062e-13       2.403049873555e-14       2.100309614841e-15 
  385       2.483687932355e-10       2.897878319031e-12       3.923717005160e-12       0.000000000000e+00       1.801134888036e-13       2.360321767030e-14       2.092898046303e-15 
  386       2.469213214437e-10       2.902842498654e-12       3.659063629714e-12       0.000000000000e+00       1.785531372426e-13       2.318309355122e-14       2.085386995669e-15 
  387       2.455341506996e-10       2.907287323257e-12       3.394083896559e-12       0.000000000000e+00       1.770099054155e-13       2.277003151581e-14       2.077774664233e-15 
  388       2.442071202059e-10       2.911211301438e-12       3.128878981117e-12       0.000000000000e+00       1.754836641818e-13       2.236393217200e-14       2.070059216293e-15 
  389       2.429400476595e-10       2.914613028196e-12       2.863551763701e-12       0.000000000000e+00       1.739742740805e-13       2.196469156250e-14       2.062238778888e-15 
  390       2.417327290697e-10       2.917491185722e-12       2.598206839143e-12       0.000000000000e+00       1.724815852438e-13       2.157220112907e-14       2.054311441521e-15 
  391       2.405849385759e-10       2.919844544189e-12       2.332950526434e-12       0.000000000000e+00       1.710054373090e-13       2.118634767684e-14       2.046275255893e-15 
  392       2.394964282656e-10       2.921671962537e-12       2.067890878356e-12       0.000000000000e+00       1.695456593319e-13       2.080701333864e-14       2.038128235627e-15 
  393       2.384669279927e-10       2.922972389264e-12       1.803137691117e-12       0.000000000000e+00       1.681020696996e-13       2.043407553925e-14       2.029868356002e-15 
  394       2.374961451950e-10       2.923744863214e-12       1.538802513984e-12       0.000000000000e+00       1.666744760430e-13       2.006740695978e-14       2.021493553678e-15 
  395       2.365837647123e-10       2.923988514363e-12       1.274998658921e-12       0.000000000000e+00       1.652626751501e-13       1.970687550192e-14       2.013001726430e-15 
  396       2.357294486047e-10       2.923702564612e-12       1.011841210221e-12       0.000000000000e+00       1.638664528787e-13       1.935234425228e-14       2.004390732872e-15 
  397       2.349328359699e-10       2.922886328569e-12       7.494470341409e-13       0.000000000000e+00       1.624855840688e-13       1.900367144668e-14       1.995658392189e-15 
  398       2.341935427618e-10       2.921539214345e-12       4.879347885361e-13       0.000000000000e+00       1.611198324563e-13       1.866071043447e-14       1.986802483867e-15 
  399       2.335111616083e-10       2.919660724334e-12       2.274249324956e-13       0.000000000000e+00       1.597689505849e-13       1.832330964285e-14       1.977820747419e-15 
  400       2.328852616290e-10       2.917250456009e-12      -3.196026402412e-14       0.000000000000e+00       1.584326797199e-13       1.799131254113e-14       1.968710882117e-15 
  401       2.323153882534e-10       2.914308102705e-12      -2.900967105641e-13       0.000000000000e+00       1.571107497600e-13       1.766455760509e-14       1.959470546721e-15 
  402       2.318010630387e-10       2.910833454411e-12      -5.468584865286e-13       0.000000000000e+00       1.558028791511e-13       1.734287828125e-14       1.950097359205e-15 
  403       2.313417834881e-10       2.906826398555e-12      -8.021178315504e-13       0.000000000000e+00       1.545087747986e-13       1.702610295123e-14       1.940588896492e-15 
  404       2.309370228684e-10       2.902286920795e-12      -1.055745135857e-12       0.000000000000e+00       1.532281319803e-13       1.671405489598e-14       1.930942694177e-15 
  405       2.305862300281e-10       2.897215105807e-12      -1.307608930633e-12       0.000000000000e+00       1.519606342594e-13       1.640655226015e-14       1.921156246259e-15 
  406       2.302888292152e-10       2.891611138072e-12      -1.557575878392e-12       0.000000000000e+00       1.507059533973e-13       1.610340801638e-14       1.911227004871e-15 
  407       2.300442198956e-10       2.885475302666e-12      -1.805510763335e-12       0.000000000000e+00       1.494637492663e-13       1.580442992960e-14       1.901152380008e-15 
  408       2.298517765707e-10       2.878807986047e-12      -2.051276481720e-12       0.000000000000e+00       1.482336697625e-13       1.550942052135e-14       1.890929739256e-15 
  409       2.297108485954e-10       2.871609676843e-12      -2.294734032225e-12       0.000000000000e+00       1.470153507189e-13       1.521817703407e-14       1.880556407523e-15 
  410       2.296207599961e-10       2.863880966644e-12      -2.535742506316e-12       0.000000000000e+00       1.458084158178e-13       1.493049139542e-14       1.870029666763e-15 
  411       2.295808547284e-10       2.855623262461e-12      -2.774173796592e-12       0.000000000000e+00       1.446125430419e-13       1.464618805738e-14       1.859347576227e-15 
  412       2.295906345831e-10       2.846840950254e-12      -3.009957314051e-12       0.000000000000e+00       1.434276667911e-13       1.436523905920e-14       1.848511465668e-15 
  413       2.296496257952e-10       2.837539309398e-12      -3.243036831896e-12       0.000000000000e+00       1.422537827356e-13       1.408765295989e-14       1.837523529695e-15 
  414       2.297573338950e-10       2.827723809204e-12      -3.473355911069e-12       0.000000000000e+00       1.410908818835e-13       1.381343732178e-14       1.826386015522e-15 
  415       2.299132435582e-10       2.817400110210e-12      -3.700857901047e-12       0.000000000000e+00       1.399389505406e-13       1.354259870171e-14       1.815101223281e-15 
  416       2.301168184562e-10       2.806574065472e-12      -3.925485940635e-12       0.000000000000e+00       1.387979702704e-13       1.327514264219e-14       1.803671506333e-15 
  417       2.303675011060e-10       2.795251721861e-12      -4.147182958767e-12       0.000000000000e+00       1.376679178544e-13       1.301107366252e-14       1.792099271576e-15 
  418       2.306647127206e-10       2.783439321350e-12      -4.365891675296e-12       0.000000000000e+00       1.365487652515e-13       1.275039524995e-14       1.780386979758e-15 
  419       2.310078530591e-10       2.771143302313e-12      -4.581554601794e-12       0.000000000000e+00       1.354404795585e-13       1.249310985084e-14       1.768537145788e-15 
  420       2.313963002771e-10       2.758370300812e-12      -4.794114042343e-12       0.000000000000e+00       1.343430229702e-13       1.223921886177e-14       1.756552339045e-15 
  421       2.318294107762e-10       2.745127151895e-12      -5.003512094335e-12       0.000000000000e+00       1.332563527386e-13       1.198872262074e-14       1.744435183689e-15 
  422       2.323065190549e-10       2.731420890884e-12      -5.209690649265e-12       0.000000000000e+00       1.321804211339e-13       1.174162039830e-14       1.732188358972e-15 
  423       2.328269375583e-10       2.717258754670e-12      -5.412591393529e-12       0.000000000000e+00       1.311151754039e-13       1.149791038867e-14       1.719814599550e-15 
  424       2.333899565286e-10       2.702648183006e-12      -5.612155809217e-12       0.000000000000e+00       1.300605577339e-13       1.125758970092e-14       1.707316695789e-15 
  425       2.339948438550e-10       2.687596819798e-12      -5.808325174908e-12       0.000000000000e+00       1.290165052072e-13       1.102065435011e-14       1.694697494082e-15 
  426       2.346408449238e-10       2.672112514401e-12      -6.001040566469e-12       0.000000000000e+00       1.279829497647e-13       1.078709924844e-14       1.681959897156e-15 
  427       2.353271824690e-10       2.656203322906e-12      -6.190242857849e-12       0.000000000000e+00       1.269598181650e-13       1.055691819639e-14       1.669106864380e-15 
  428       2.360530564220e-10       2.639877509441e-12      -6.375872721874e-12       0.000000000000e+00       1.259470319445e-13       1.033010387388e-14       1.656141412083e-15 
  429       2.368176437620e-10       2.623143547454e-12      -6.557870631042e-12       0.000000000000e+00       1.249445073772e-13       1.010664783141e-14       1.643066613857e-15 
  430       2.376200983661e-10       2.606010121015e-12      -6.736176858322e-12       0.000000000000e+00       1.239521554348e-13       9.886540481209e-15       1.629885600874e-15 
  431       2.384595508594e-10       2.588486126100e-12      -6.910731477944e-12       0.000000000000e+00       1.229698817468e-13       9.669771088383e-15       1.616601562191e-15 
  432       2.393351084655e-10       2.570580671893e-12      -7.081474366200e-12       0.000000000000e+00       1.219975865602e-13       9.456327762073e-15       1.603217745065e-15 
  433       2.402458548562e-10       2.552303082069e-12      -7.248345202237e-12       0.000000000000e+00       1.210351646999e-13       9.246197446591e-15       1.589737455261e-15 
  434       2.411908500018e-10       2.533662896096e-12      -7.411283468853e-12       0.000000000000e+00       1.200825055284e-13       9.039365912575e-15       1.576164057363e-15 
  435       2.421691300216e-10       2.514669870518e-12      -7.570228453293e-12       0.000000000000e+00       1.191394929058e-13       8.835817748136e-15       1.562500975088e-15 
  436       2.431797070336e-10       2.495333980259e-12      -7.725119248043e-12       0.000000000000e+00       1.182060051499e-13       8.635536350006e-15       1.548751691590e-15 
  437       2.442215690049e-10       2.475665419904e-12      -7.875894751628e-12       0.000000000000e+00       1.172819149964e-13       8.438503914686e-15       1.534919749777e-15 
  438       2.452936796019e-10       2.455674605000e-12      -8.022493669406e-12       0.000000000000e+00       1.163670895583e-13       8.244701429594e-15       1.521008752619e-15 
  439       2.463949780404e-10       2.435372173347e-12      -8.164854514364e-12       0.000000000000e+00       1.154613902866e-13       8.054108664217e-15       1.507022363458e-15 
  440       2.475243789357e-10       2.414768986288e-12      -8.302915607914e-12       0.000000000000e+00       1.145646729296e-13       7.866704161255e-15       1.492964306318e-15 
  441       2.486807721528e-10       2.393876130003e-12      -8.436615080687e-12       0.000000000000e+00       1.136767874936e-13       7.682465227770e-15       1.478838366220e-15 
  442       2.498630226568e-10       2.372704916804e-12      -8.565890873331e-12       0.000000000000e+00       1.127975782023e-13       7.501367926338e-15       1.464648389489e-15 
  443       2.510699703625e-10       2.351266886425e-12      -8.690680737305e-12       0.000000000000e+00       1.119268834573e-13       7.323387066192e-15       1.450398284062e-15 
  444       2.523004299853e-10       2.329573807316e-12      -8.810922235676e-12       0.000000000000e+00       1.110645357975e-13       7.148496194375e-15       1.436092019806e-15 
  445       2.535531908908e-10       2.307637677933e-12      -8.926552743912e-12       0.000000000000e+00       1.102103618597e-13       6.976667586886e-15       1.421733628823e-15 
  446       2.548270169452e-10       2.285470728036e-12      -9.037509450680e-12       0.000000000000e+00       1.093641823383e-13       6.807872239829e-15       1.407327205762e-15 
  447       2.561206463653e-10       2.263085419977e-12      -9.143729358642e-12       0.000000000000e+00       1.085258119452e-13       6.642079860561e-15       1.392876908129e-15 
  448       2.574327915690e-10       2.240494449995e-12      -9.245149285246e-12       0.000000000000e+00       1.076950593701e-13       6.479258858841e-15       1.378386956600e-15 
  449       2.587621390250e-10       2.217710749509e-12      -9.341705863530e-12       0.000000000000e+00       1.068717272402e-13       6.319376337979e-15       1.363861635330e-15 
  450       2.601073491035e-10       2.194747486407e-12      -9.433335542908e-12       0.000000000000e+00       1.060556120803e-13       6.162398085980e-15       1.349305292262e-15 
  451       2.614671851635e-10       2.171617498705e-12      -9.519986314987e-12       0.000000000000e+00       1.052465391063e-13       6.008293397132e-15       1.334721885881e-15 
  452       2.628409057014e-10       2.148331572786e-12      -9.601653305368e-12       0.000000000000e+00       1.044444679209e-13       5.857049725814e-15       1.320113608750e-15 
  453       2.642278845456e-10       2.124900112211e-12      -9.678344330441e-12       0.000000000000e+00       1.036493901453e-13       5.708658487519e-15       1.305482220223e-15 
  454       2.656274826878e-10       2.101333701306e-12      -9.750068283720e-12       0.000000000000e+00       1.028612948745e-13       5.563110265119e-15       1.290829496042e-15 
  455       2.670390482093e-10       2.077643106113e-12      -9.816835143535e-12       0.000000000000e+00       1.020801686574e-13       5.420394802856e-15       1.276157228375e-15 
  456       2.684619162065e-10       2.053839275355e-12      -9.878655980735e-12       0.000000000000e+00       1.013059954777e-13       5.280501000328e-15       1.261467225866e-15 
  457       2.698954087183e-10       2.029933341390e-12      -9.935542966381e-12       0.000000000000e+00       1.005387567343e-13       5.143416906487e-15       1.246761313675e-15 
  458       2.713388346514e-10       2.005936621171e-12      -9.987509379447e-12       0.000000000000e+00       9.977843122155e-14       5.009129713631e-15       1.232041333523e-15 
  459       2.727914897069e-10       1.981860617206e-12      -1.003456961452e-11       0.000000000000e+00       9.902499511000e-14       4.877625751390e-15       1.217309143736e-15 
  460       2.742526563067e-10       1.957717018515e-12      -1.007673918948e-11       0.000000000000e+00       9.827842192684e-14       4.748890480725e-15       1.202566619285e-15 
  461       2.757216035193e-10       1.933517701589e-12      -1.011403475322e-11       0.000000000000e+00       9.753868253642e-14       4.622908487915e-15       1.187815651835e-15 
  462       2.771975869866e-10       1.909274731346e-12      -1.014647409336e-11       0.000000000000e+00       9.680574512068e-14       4.499663478549e-15       1.173058149786e-15 
  463       2.786798488496e-10       1.885000362097e-12      -1.017407614387e-11       0.000000000000e+00       9.607957515973e-14       4.379138271523e-15       1.158296038315e-15 
  464       2.801676176751e-10       1.860707038495e-12      -1.019686099286e-11       0.000000000000e+00       9.536013541232e-14       4.261314793024e-15       1.143531259424e-15 
  465       2.816601083815e-10       1.836407396501e-12      -1.021484989022e-11       0.000000000000e+00       9.464738589630e-14       4.146174070529e-15       1.128765771978e-15 
  466       2.831565221656e-10       1.812114264338e-12      -1.022806525533e-11       0.000000000000e+00       9.394128386920e-14       4.033696226793e-15       1.114001551755e-15 
  467       2.846560464281e-10       1.787840663451e-12      -1.023653068477e-11       0.000000000000e+00       9.324178380867e-14       3.923860473841e-15       1.099240591483e-15 
  468       2.861578547007e-10       1.763599809468e-12      -1.024027095999e-11       0.000000000000e+00       9.254883739301e-14       3.816645106961e-15       1.084484900890e-15 
  469       2.876611065715e-10       1.739405113155e-12      -1.023931205505e-11       0.000000000000e+00       9.186239348166e-14       3.712027498696e-15       1.069736506742e-15 
  470       2.891649476120e-10       1.715270181376e-12      -1.023368114428e-11       0.000000000000e+00       9.118239809571e-14       3.609984092836e-15       1.054997452892e-15 
  471       2.906685093028e-10       1.691208818051e-12      -1.022340661000e-11       0.000000000000e+00       9.050879439838e-14       3.510490398406e-15       1.040269800317e-15 
  472       2.921709089601e-10       1.667235025115e-12      -1.020851805020e-11       0.000000000000e+00       8.984152267554e-14       3.413520983666e-15       1.025555627171e-15 
  473       2.936712496617e-10       1.643363003479e-12      -1.018904628625e-11       0.000000000000e+00       8.918052031622e-14       3.319049470094e-15       1.010857028817e-15 
  474       2.951686201737e-10       1.619607153984e-12      -1.016502337059e-11       0.000000000000e+00       8.852572179308e-14       3.227048526383e-15       9.961761178827e-16 
  475       2.966620948762e-10       1.595982078361e-12      -1.013648259444e-11       0.000000000000e+00       8.787705864295e-14       3.137489862432e-15       9.815150242938e-16 
  476       2.981507336900e-10       1.572502580193e-12      -1.010345849549e-11       0.000000000000e+00       8.723445944727e-14       3.050344223338e-15       9.668758953243e-16 
  477       2.996335820025e-10       1.549183665868e-12      -1.006598686560e-11       0.000000000000e+00       8.659784981268e-14       2.965581383386e-15       9.522608956374e-16 
  478       3.011096705942e-10       1.526040545543e-12      -1.002410475848e-11       0.000000000000e+00       8.596715235143e-14       2.883170140044e-15       9.376722073300e-16 
  479       3.025780155647e-10       1.503088634098e-12      -9.977850497417e-12       0.000000000000e+00       8.534228666195e-14       2.803078307952e-15       9.231120299755e-16 
  480       3.040376182592e-10       1.480343552097e-12      -9.927263682956e-12       0.000000000000e+00       8.472316930930e-14       2.725272712915e-15       9.085825806686e-16 
  481       3.054874651945e-10       1.457821126748e-12      -9.872385200598e-12       0.000000000000e+00       8.410971380572e-14       2.649719185896e-15       8.940860940677e-16 
  482       3.069265279855e-10       1.435537392857e-12      -9.813257228500e-12       0.000000000000e+00       8.350183059108e-14       2.576382557006e-15       8.796248224398e-16 
  483       3.083537632711e-10       1.413508593789e-12      -9.749923245175e-12       0.000000000000e+00       8.289942701343e-14       2.505226649497e-15       8.652010357029e-16 
  484       3.097681126408e-10       1.391751182431e-12      -9.682428037184e-12       0.000000000000e+00       8.230240730945e-14       2.436214273753e-15       8.508170214707e-16 
  485       3.111685025608e-10       1.370281822142e-12      -9.610817706840e-12       0.000000000000e+00       8.171067258500e-14       2.369307221282e-15       8.364750850955e-16 
  486       3.125538443000e-10       1.349117387717e-12      -9.535139679902e-12       0.000000000000e+00       8.112412079560e-14       2.304466258710e-15       8.221775497123e-16 
  487       3.139230338567e-10       1.328274966345e-12      -9.455442713271e-12       0.000000000000e+00       8.054264672690e-14       2.241651121769e-15       8.079267562823e-16 
  488       3.152749518844e-10       1.307771858567e-12      -9.371776902693e-12       0.000000000000e+00       7.996614197525e-14       2.180820509293e-15       7.937250636364e-16 
  489       3.166084636186e-10       1.287625579235e-12      -9.284193690452e-12       0.000000000000e+00       7.939449492814e-14       2.121932077207e-15       7.795748485189e-16 
  490       3.179224188024e-10       1.267853858470e-12      -9.192745873070e-12       0.000000000000e+00       7.882759074473e-14       2.064942432519e-15       7.654785056315e-16 
  491       3.192157979306e-10       1.248472901697e-12      -9.097489097650e-12       0.000000000000e+00       7.826533028989e-14       2.009811680153e-15       7.514380487853e-16 
  492       3.204881558973e-10       1.229492111110e-12      -8.998486384025e-12       0.000000000000e+00       7.770768759304e-14       1.956517223820e-15       7.374539012738e-16 
  493       3.217391913453e-10       1.210919209729e-12      -8.895803751736e-12       0.000000000000e+00       7.715465405302e-14       1.905040362140e-15       7.235260697526e-16 
  494       3.229686015361e-10       1.192761968271e-12      -8.789508751921e-12       0.000000000000e+00       7.660621962843e-14       1.855361769036e-15       7.096545397359e-16 
  495       3.241760823485e-10       1.175028205251e-12      -8.679670475746e-12       0.000000000000e+00       7.606237282751e-14       1.807461489985e-15       6.958392754423e-16 
  496       3.253613282781e-10       1.157725787071e-12      -8.566359562844e-12       0.000000000000e+00       7.552310069811e-14       1.761318938273e-15       6.820802196404e-16 
  497       3.265240324355e-10       1.140862628114e-12      -8.449648209754e-12       0.000000000000e+00       7.498838881752e-14       1.716912891249e-15       6.683772934938e-16 
  498       3.276638865458e-10       1.124446690840e-12      -8.329610178356e-12       0.000000000000e+00       7.445822128248e-14       1.674221486575e-15       6.547303964071e-16 
  499       3.287805809473e-10       1.108485985877e-12      -8.206320804306e-12       0.000000000000e+00       7.393258069902e-14       1.633222218484e-15       6.411394058711e-16 
  500       3.298738045903e-10       1.092988572119e-12      -8.079857005480e-12       0.000000000000e+00       7.341144817243e-14       1.593891934030e-15       6.276041773083e-16 
  501       3.309432450363e-10       1.077962556814e-12      -7.950297290404e-12       0.000000000000e+00       7.289480329713e-14       1.556206829344e-15       6.141245439186e-16 
  502       3.319885884567e-10       1.063416095663e-12      -7.817721766697e-12       0.000000000000e+00       7.238262414665e-14       1.520142445887e-15       6.007003165248e-16 
  503       3.330095196318e-10       1.049357392911e-12      -7.682212149502e-12       0.000000000000e+00       7.187488726345e-14       1.485673666701e-15       5.873312834176e-16 
  504       3.340057219499e-10       1.035794701440e-12      -7.543851769929e-12       0.000000000000e+00       7.137156764895e-14       1.452774712665e-15       5.740172102017e-16 
  505       3.349768774058e-10       1.022736322867e-12      -7.402725583488e-12       0.000000000000e+00       7.087263875335e-14       1.421419138749e-15       5.607578396410e-16 
  506       3.359226666002e-10       1.010190607632e-12      -7.258920178529e-12       0.000000000000e+00       7.037807246559e-14       1.391579830264e-15       5.475528915043e-16 
  507       3.368427687383e-10       9.981659550967e-13      -7.112523784678e-12       0.000000000000e+00       6.988783910328e-14       1.363228999119e-15       5.344020624103e-16 
  508       3.377368616289e-10       9.866708136342e-13      -6.963626281272e-12       0.000000000000e+00       6.940190740257e-14       1.336338180074e-15       5.213050256738e-16 
  509       3.386046216832e-10       9.757136807264e-13      -6.812319205802e-12       0.000000000000e+00       6.892024450812e-14       1.310878226991e-15       5.082614311506e-16 
  510       3.394457239139e-10       9.653031030554e-13      -6.658695762343e-12       0.000000000000e+00       6.844281596296e-14       1.286819309091e-15       4.952709050833e-16 
  511       3.402598419338e-10       9.554476765982e-13      -6.502850829996e-12       0.000000000000e+00       6.796958569846e-14       1.264130907204e-15       4.823330499467e-16 
  512       3.410466479551e-10       9.461560467203e-13      -6.344880971324e-12       0.000000000000e+00       6.750051602420e-14       1.242781810026e-15       4.694474442933e-16 
  513       3.418058127881e-10       9.374369082693e-13      -6.184884440788e-12       0.000000000000e+00       6.703556761792e-14       1.222740110367e-15       4.566136425989e-16 
  514       3.425370058403e-10       9.292990056688e-13      -6.022961193186e-12       0.000000000000e+00       6.657469951542e-14       1.203973201413e-15       4.438311751080e-16 
  515       3.432398951151e-10       9.217511330122e-13      -5.859212892088e-12       0.000000000000e+00       6.611786910049e-14       1.186447772970e-15       4.310995476791e-16 
  516       3.439141472108e-10       9.148021341563e-13      -5.693742918276e-12       0.000000000000e+00       6.566503209478e-14       1.170129807726e-15       4.184182416305e-16 
  517       3.445594273197e-10       9.084609028153e-13      -5.526656378178e-12       0.000000000000e+00       6.521614254780e-14       1.154984577496e-15       4.057867135859e-16 
  518       3.451753992267e-10       9.027363826543e-13      -5.358060112306e-12       0.000000000000e+00       6.477115282675e-14       1.140976639485e-15       3.932043953194e-16 
  519       3.457617253086e-10       8.976375673832e-13      -5.188062703697e-12       0.000000000000e+00       6.433001360649e-14       1.128069832533e-15       3.806706936014e-16 
  520       3.463180665328e-10       8.931735008507e-13      -5.016774486345e-12       0.000000000000e+00       6.389267385943e-14       1.116227273372e-15       3.681849900440e-16 
  521       3.468440824561e-10       8.893532771376e-13      -4.844307553638e-12       0.000000000000e+00       6.345908084547e-14       1.105411352882e-15       3.557466409463e-16 
  522       3.473394312240e-10       8.861860406508e-13      -4.670775766802e-12       0.000000000000e+00       6.302918010188e-14       1.095583732339e-15       3.433549771402e-16 
  523       3.478037695692e-10       8.836809862171e-13      -4.496294763329e-12       0.000000000000e+00       6.260291543325e-14       1.086705339672e-15       3.310093038357e-16 
  524       3.482367528110e-10       8.818473591769e-13      -4.320981965421e-12       0.000000000000e+00       6.218022890141e-14       1.078736365717e-15       3.187089004666e-16 
  525       3.486380348537e-10       8.806944554781e-13      -4.144956588425e-12       0.000000000000e+00       6.176106081530e-14       1.071636260468e-15       3.064530205356e-16 
  526       3.490072681860e-10       8.802316217695e-13      -3.968339649268e-12       0.000000000000e+00       6.134534972093e-14       1.065363729334e-15       2.942408914602e-16 
  527       3.493441038796e-10       8.804682554949e-13      -3.791253974897e-12       0.000000000000e+00       6.093303239129e-14       1.059876729386e-15       2.820717144180e-16 
  528       3.496481915882e-10       8.814138049870e-13      -3.613824210716e-12       0.000000000000e+00       6.052404381624e-14       1.055132465620e-15       2.699446641922e-16 
  529       3.499191795466e-10       8.830777695606e-13      -3.436176829022e-12       0.000000000000e+00       6.011831719246e-14       1.051087387201e-15       2.578588890171e-16 
  530       3.501567145693e-10       8.854696996068e-13      -3.258440137442e-12       0.000000000000e+00       5.971578391335e-14       1.047697183722e-15       2.458135104237e-16 
  531       3.503605329312e-10       8.885973420815e-13      -3.080734543124e-12       0.000000000000e+00       5.931638449138e-14       1.044924617945e-15       2.338079985876e-16 
  532       3.505307357484e-10       8.924610208999e-13      -2.903143034822e-12       0.000000000000e+00       5.892010167489e-14       1.042763267651e-15       2.218433099976e-16 
  533       3.506675211433e-10       8.970591026978e-13      -2.725739908389e-12       0.000000000000e+00       5.852692821909e-14       1.041214427142e-15       2.099207806646e-16 
  534       3.507710940830e-10       9.023898368112e-13      -2.548600442128e-12       0.000000000000e+00       5.813685603034e-14       1.040279329207e-15       1.980417534456e-16 
  535       3.508416664172e-10       9.084513545824e-13      -2.371800901085e-12       0.000000000000e+00       5.774987616070e-14       1.039959144702e-15       1.862075780481e-16 
  536       3.508794569155e-10       9.152416686660e-13      -2.195418541354e-12       0.000000000000e+00       5.736597880246e-14       1.040254982129e-15       1.744196110351e-16 
  537       3.508846913048e-10       9.227586723349e-13      -2.019531614369e-12       0.000000000000e+00       5.698515328274e-14       1.041167887224e-15       1.626792158306e-16 
  538       3.508576023074e-10       9.310001387859e-13      -1.844219371202e-12       0.000000000000e+00       5.660738805802e-14       1.042698842535e-15       1.509877627239e-16 
  539       3.507984296779e-10       9.399637204461e-13      -1.669562066866e-12       0.000000000000e+00       5.623267070872e-14       1.044848767007e-15       1.393466288752e-16 
  540       3.507074202408e-10       9.496469482786e-13      -1.495640964609e-12       0.000000000000e+00       5.586098793375e-14       1.047618515561e-15       1.277571983205e-16 
  541       3.505848279287e-10       9.600472310883e-13      -1.322538340211e-12       0.000000000000e+00       5.549232554507e-14       1.051008878682e-15       1.162208619761e-16 
  542       3.504309138190e-10       9.711618548281e-13      -1.150337486284e-12       0.000000000000e+00       5.512666846225e-14       1.055020581995e-15       1.047390176443e-16 
  543       3.502459461718e-10       9.829879819049e-13      -9.791227165696e-13       0.000000000000e+00       5.476400070703e-14       1.059654285851e-15       9.331307001799e-17 
  544       3.500302004674e-10       9.955226504852e-13      -8.089793702372e-13       0.000000000000e+00       5.440430539789e-14       1.064910584910e-15       8.194443068575e-17 
  545       3.497839594441e-10       1.008762773801e-12      -6.399938161803e-13       0.000000000000e+00       5.404756474460e-14       1.070790007720e-15       7.063451813688e-17 
  546       3.495075131351e-10       1.022705139458e-12      -4.722534573157e-13       0.000000000000e+00       5.369376004278e-14       1.077293016302e-15       5.938475776637e-17 
  547       3.492011589065e-10       1.037346408735e-12      -3.058467348813e-13       0.000000000000e+00       5.334287166847e-14       1.084420005732e-15       4.819658187994e-17 
  548       3.488652014950e-10       1.052683115900e-12      -1.408631327334e-13       0.000000000000e+00       5.299487907267e-14       1.092171303722e-15       3.707142969900e-17 
  549       3.484999530447e-10       1.068711667506e-12       2.260681835488e-14       0.000000000000e+00       5.264976077592e-14       1.100547170206e-15       2.601074736570e-17 
  550       3.481057331454e-10       1.085428341705e-12       1.844715363958e-13       0.000000000000e+00       5.230749436285e-14       1.109547796915e-15       1.501598794790e-17 
  551       3.476828688699e-10       1.102829287547e-12       3.446383838894e-13       0.000000000000e+00       5.196805647675e-14       1.119173306969e-15       4.088611444199e-18 
  552       3.472316948111e-10       1.120910524291e-12       5.030136635253e-13       0.000000000000e+00       5.163142281411e-14       1.129423754450e-15      -6.769915211074e-18 
  553       3.467525531202e-10       1.139667940710e-12       6.595026138848e-13       0.000000000000e+00       5.129756811920e-14       1.140299123992e-15      -1.755811814286e-17 
  554       3.462457935437e-10       1.159097294396e-12       8.140094051433e-13       0.000000000000e+00       5.096646617864e-14       1.151799330359e-15      -2.827451653034e-17 
  555       3.457117734613e-10       1.179194211065e-12       9.664371347722e-13       0.000000000000e+00       5.063808981590e-14       1.163924218027e-15      -3.891762260197e-17 
  556       3.451508579231e-10       1.199954183866e-12       1.116687823241e-12       0.000000000000e+00       5.031241088595e-14       1.176673560770e-15      -4.948594163045e-17 
  557       3.445634196876e-10       1.221372572682e-12       1.264662409719e-12       0.000000000000e+00       4.998940026975e-14       1.190047061238e-15      -5.997797192770e-17 
  558       3.439498392586e-10       1.243444603443e-12       1.410260747779e-12       0.000000000000e+00       4.966902786883e-14       1.204044350542e-15      -7.039220483991e-17 
  559       3.433105049231e-10       1.266165367424e-12       1.553381601097e-12       0.000000000000e+00       4.935126259986e-14       1.218664987837e-15      -8.072712474250e-17 
  560       3.426458127892e-10       1.289529820559e-12       1.693922639156e-12       0.000000000000e+00       4.903607238921e-14       1.233908459902e-15      -9.098120903510e-17 
  561       3.419561668226e-10       1.313532782740e-12       1.831780432948e-12       0.000000000000e+00       4.872342416749e-14       1.249774180723e-15      -1.011529281366e-16 
  562       3.412419788853e-10       1.338168937126e-12       1.966850450676e-12       0.000000000000e+00       4.841328386414e-14       1.266261491076e-15      -1.112407454801e-16 
  563       3.405036687723e-10       1.363432829450e-12       2.099027053454e-12       0.000000000000e+00       4.810561640195e-14       1.283369658111e-15      -1.212431175078e-16 
  564       3.397416642495e-10       1.389318867322e-12       2.228203491015e-12       0.000000000000e+00       4.780038569168e-14       1.301097874929e-15      -1.311584936664e-16 
  565       3.389564010911e-10       1.415821319538e-12       2.354271897404e-12       0.000000000000e+00       4.749755462654e-14       1.319445260172e-15      -1.409853164014e-16 
  566       3.381483231172e-10       1.442934315385e-12       2.477123286690e-12       0.000000000000e+00       4.719708507683e-14       1.338410857597e-15      -1.507220211530e-16 
  567       3.373178822314e-10       1.470651843945e-12       2.596647548660e-12       0.000000000000e+00       4.689893788445e-14       1.357993635665e-15      -1.603670363501e-16 
  568       3.364655384581e-10       1.498967753404e-12       2.712733444525e-12       0.000000000000e+00       4.660307285746e-14       1.378192487121e-15      -1.699187834062e-16 
  569       3.355917599802e-10       1.527875750354e-12       2.825268602624e-12       0.000000000000e+00       4.630944876469e-14       1.399006228574e-15      -1.793756767137e-16 
  570       3.346970231768e-10       1.557369399104e-12       2.934139514122e-12       0.000000000000e+00       4.601802333024e-14       1.420433600084e-15      -1.887361236393e-16 
  571       3.337818125426e-10       1.587441449062e-12       3.039246357802e-12       0.000000000000e+00       4.572875972422e-14       1.442471727977e-15      -1.979987965949e-16 
  572       3.328466203702e-10       1.618081799447e-12       3.140547898574e-12       0.000000000000e+00       4.544164622781e-14       1.465111471084e-15      -2.071634568847e-16 
  573       3.318919471339e-10       1.649279481304e-12       3.238017725519e-12       0.000000000000e+00       4.515667705900e-14       1.488341954991e-15      -2.162301518584e-16 
  574       3.309183016443e-10       1.681023323786e-12       3.331629527559e-12       0.000000000000e+00       4.487384591872e-14       1.512152097089e-15      -2.251989448317e-16 
  575       3.299262010857e-10       1.713301953213e-12       3.421357094611e-12       0.000000000000e+00       4.459314598782e-14       1.536530605590e-15      -2.340699151806e-16 
  576       3.289161710535e-10       1.746103792133e-12       3.507174318736e-12       0.000000000000e+00       4.431456992400e-14       1.561465978542e-15      -2.428431584369e-16 
  577       3.278887455918e-10       1.779417058380e-12       3.589055195285e-12       0.000000000000e+00       4.403810985877e-14       1.586946502849e-15      -2.515187863827e-16 
  578       3.268444672306e-10       1.813229764132e-12       3.666973824057e-12       0.000000000000e+00       4.376375739438e-14       1.612960253290e-15      -2.600969271459e-16 
  579       3.257838870239e-10       1.847529714972e-12       3.740904410443e-12       0.000000000000e+00       4.349150360079e-14       1.639495091533e-15      -2.685777252945e-16 
  580       3.247075645864e-10       1.882304508947e-12       3.810821266580e-12       0.000000000000e+00       4.322133901261e-14       1.666538665155e-15      -2.769613419323e-16 
  581       3.236160681318e-10       1.917541535623e-12       3.876698812502e-12       0.000000000000e+00       4.295325362601e-14       1.694078406663e-15      -2.852479547930e-16 
  582       3.225099745096e-10       1.953227975152e-12       3.938511577286e-12       0.000000000000e+00       4.268723689572e-14       1.722101532503e-15      -2.934377583360e-16 
  583       3.213898692430e-10       1.989350797324e-12       3.996234200206e-12       0.000000000000e+00       4.242327773196e-14       1.750595042086e-15      -3.015309638408e-16 
  584       3.202563465661e-10       2.025896760627e-12       4.049841431886e-12       0.000000000000e+00       4.216136449737e-14       1.779545716804e-15      -3.095277995022e-16 
  585       3.191100094617e-10       2.062852411311e-12       4.099308135443e-12       0.000000000000e+00       4.190148500396e-14       1.808940119043e-15      -3.174285105252e-16 
  586       3.179514696986e-10       2.100204082441e-12       4.144609287643e-12       0.000000000000e+00       4.164362651009e-14       1.838764591207e-15      -3.252333592200e-16 
  587       3.167813478691e-10       2.137937892960e-12       4.185719980052e-12       0.000000000000e+00       4.138777571737e-14       1.869005254732e-15      -3.329426250968e-16 
  588       3.156002734264e-10       2.176039746746e-12       4.222615420183e-12       0.000000000000e+00       4.113391876764e-14       1.899648009104e-15      -3.405566049610e-16 
  589       3.144088847225e-10       2.214495331674e-12       4.255270932647e-12       0.000000000000e+00       4.088204123989e-14       1.930678530878e-15      -3.480756130078e-16 
  590       3.132078290450e-10       2.253290118670e-12       4.283661960307e-12       0.000000000000e+00       4.063212814724e-14       1.962082272695e-15      -3.554999809177e-16 
  591       3.119977626553e-10       2.292409360775e-12       4.307764065424e-12       0.000000000000e+00       4.038416393387e-14       1.993844462299e-15      -3.628300579510e-16 
  592       3.107793508254e-10       2.331838092201e-12       4.327552930810e-12       0.000000000000e+00       4.013813247194e-14       2.025950101558e-15      -3.700662110430e-16 
  593       3.095532678761e-10       2.371561127392e-12       4.343004360977e-12       0.000000000000e+00       3.989401705860e-14       2.058383965476e-15      -3.772088248985e-16 
  594       3.083201972139e-10       2.411563060083e-12       4.354094283290e-12       0.000000000000e+00       3.965180041287e-14       2.091130601217e-15      -3.842583020877e-16 
  595       3.070808313689e-10       2.451828262357e-12       4.360798749114e-12       0.000000000000e+00       3.941146467262e-14       2.124174327116e-15      -3.912150631402e-16 
  596       3.058358720319e-10       2.492340883705e-12       4.363093934967e-12       0.000000000000e+00       3.917299139154e-14       2.157499231705e-15      -3.980795466403e-16 
  597       3.045860300922e-10       2.533084850086e-12       4.360956143669e-12       0.000000000000e+00       3.893636153602e-14       2.191089172722e-15      -4.048522093224e-16 
  598       3.033320256750e-10       2.574043862988e-12       4.354361805494e-12       0.000000000000e+00       3.870155548216e-14       2.224927776135e-15      -4.115335261650e-16 
  599       3.020745881788e-10       2.615201398481e-12       4.343287479318e-12       0.000000000000e+00       3.846855301270e-14       2.258998435158e-15      -4.181239904867e-16 
  600       3.008144563130e-10       2.656540706281e-12       4.327709853771e-12       0.000000000000e+00       3.823733331395e-14       2.293284309267e-15      -4.246241140404e-16 
  601       2.995523781354e-10       2.698044808809e-12       4.307605748390e-12       0.000000000000e+00       3.800787497273e-14       2.327768323219e-15      -4.310344271087e-16 
  602       2.982891110896e-10       2.739696500247e-12       4.282952114763e-12       0.000000000000e+00       3.778015597337e-14       2.362433166071e-15      -4.373554785985e-16 
  603       2.970254220423e-10       2.781478345600e-12       4.253726037686e-12       0.000000000000e+00       3.755415369460e-14       2.397261290196e-15      -4.435878361364e-16 
  604       2.957620873214e-10       2.823372679755e-12       4.219904736310e-12       0.000000000000e+00       3.732984490652e-14       2.432234910300e-15      -4.497320861631e-16 
  605       2.944998927527e-10       2.865361606537e-12       4.181465565291e-12       0.000000000000e+00       3.710720576755e-14       2.467336002444e-15      -4.557888340290e-16 
  606       2.932396336981e-10       2.907426997771e-12       4.138386015942e-12       0.000000000000e+00       3.688621182135e-14       2.502546303054e-15      -4.617587040886e-16 
  607       2.919821150926e-10       2.949550492341e-12       4.090643717384e-12       0.000000000000e+00       3.666683799382e-14       2.537847307948e-15      -4.676423397957e-16 
  608       2.907281514820e-10       2.991713495247e-12       4.038216437695e-12       0.000000000000e+00       3.644905859000e-14       2.573220271346e-15      -4.734404037985e-16 
  609       2.894785670602e-10       3.033897176667e-12       3.981082085061e-12       0.000000000000e+00       3.623284729102e-14       2.608646204893e-15      -4.791535780342e-16 
  610       2.882341957072e-10       3.076082471013e-12       3.919218708925e-12       0.000000000000e+00       3.601817715109e-14       2.644105876673e-15      -4.847825638243e-16 
  611       2.869958078228e-10       3.118251183252e-12       3.852614963235e-12       0.000000000000e+00       3.580502458283e-14       2.679581850952e-15      -4.903279073953e-16 
  612       2.857638888396e-10       3.160389338739e-12       3.781301767844e-12       0.000000000000e+00       3.559338142410e-14       2.715064662813e-15      -4.957894716802e-16 
  613       2.845388555030e-10       3.202483911397e-12       3.705321404327e-12       0.000000000000e+00       3.538324315288e-14       2.750546788808e-15      -5.011669521100e-16 
  614       2.833211286105e-10       3.244521723106e-12       3.624717126720e-12       0.000000000000e+00       3.517460492310e-14       2.786020619237e-15      -5.064600500868e-16 
  615       2.821111330255e-10       3.286489443114e-12       3.539533166026e-12       0.000000000000e+00       3.496746156290e-14       2.821478457820e-15      -5.116684730230e-16 
  616       2.809092976917e-10       3.328373587456e-12       3.449814734724e-12       0.000000000000e+00       3.476180757282e-14       2.856912521367e-15      -5.167919343794e-16 
  617       2.797160556464e-10       3.370160518362e-12       3.355608031278e-12       0.000000000000e+00       3.455763712404e-14       2.892314939458e-15      -5.218301537052e-16 
  618       2.785318440351e-10       3.411836443678e-12       3.256960244640e-12       0.000000000000e+00       3.435494405661e-14       2.927677754105e-15      -5.267828566761e-16 
  619       2.773571041252e-10       3.453387416274e-12       3.153919558766e-12       0.000000000000e+00       3.415372187768e-14       2.962992919434e-15      -5.316497751336e-16 
  620       2.761922813200e-10       3.494799333464e-12       3.046535157114e-12       0.000000000000e+00       3.395396375971e-14       2.998252301351e-15      -5.364306471240e-16 
  621       2.750378251728e-10       3.536057936419e-12       2.934857227161e-12       0.000000000000e+00       3.375566253872e-14       3.033447677221e-15      -5.411252169371e-16 
  622       2.738941894010e-10       3.577148809578e-12       2.818936964906e-12       0.000000000000e+00       3.355881071248e-14       3.068570735534e-15      -5.457332351452e-16 
  623       2.727618318998e-10       3.618057380066e-12       2.698826579377e-12       0.000000000000e+00       3.336340043878e-14       3.103613075582e-15      -5.502544586423e-16 
  624       2.716412147564e-10       3.658768917109e-12       2.574579297144e-12       0.000000000000e+00       3.316942353364e-14       3.138566207129e-15      -5.546886506826e-16 
  625       2.705328042639e-10       3.699268531444e-12       2.446249366820e-12       0.000000000000e+00       3.297687146953e-14       3.173421550086e-15      -5.590355809198e-16 
  626       2.694370709353e-10       3.739541174737e-12       2.313892063576e-12       0.000000000000e+00       3.278573537360e-14       3.208170434184e-15      -5.632950254458e-16 
  627       2.683544895177e-10       3.779571638999e-12       2.177563693643e-12       0.000000000000e+00       3.259600602590e-14       3.242804098643e-15      -5.674667668298e-16 
  628       2.672855390060e-10       3.819344555995e-12       2.037321598821e-12       0.000000000000e+00       3.240767385762e-14       3.277313691846e-15      -5.715505941572e-16 
  629       2.662307026571e-10       3.858844396662e-12       1.893224160992e-12       0.000000000000e+00       3.222072894933e-14       3.311690271015e-15      -5.755463030683e-16 
  630       2.651904680038e-10       3.898055470525e-12       1.745330806621e-12       0.000000000000e+00       3.203516102916e-14       3.345924801880e-15      -5.794536957976e-16 
  631       2.641653268687e-10       3.936961925106e-12       1.593702011268e-12       0.000000000000e+00       3.185095947108e-14       3.380008158351e-15      -5.832725812126e-16 
  632       2.631557753784e-10       3.975547745344e-12       1.438399304093e-12       0.000000000000e+00       3.166811329307e-14       3.413931122196e-15      -5.870027748526e-16 
  633       2.621623139776e-10       4.013796753007e-12       1.279485272369e-12       0.000000000000e+00       3.148661115541e-14       3.447684382706e-15      -5.906440989678e-16 
  634       2.611854474426e-10       4.051692606104e-12       1.117023565983e-12       0.000000000000e+00       3.130644135887e-14       3.481258536373e-15      -5.941963825581e-16 
  635       2.602256848957e-10       4.089218798305e-12       9.510789019483e-13       0.000000000000e+00       3.112759184292e-14       3.514644086563e-15      -5.976594614122e-16 
  636       2.592835398192e-10       4.126358658350e-12       7.817170689129e-13       0.000000000000e+00       3.095005018401e-14       3.547831443183e-15      -6.010331781464e-16 
  637       2.583595300692e-10       4.163095349468e-12       6.090049316645e-13       0.000000000000e+00       3.077380359374e-14       3.580810922360e-15      -6.043173822436e-16 
  638       2.574541778897e-10       4.199411868787e-12       4.330104356400e-13       0.000000000000e+00       3.059883891713e-14       3.613572746111e-15      -6.075119300922e-16 
  639       2.565680099265e-10       4.235291046750e-12       2.538026114332e-13       0.000000000000e+00       3.042514263082e-14       3.646107042015e-15      -6.106166850250e-16 
  640       2.557015572415e-10       4.270715546534e-12       7.145157930283e-14       0.000000000000e+00       3.025270084130e-14       3.678403842885e-15      -6.136315173583e-16 
  641       2.548553553262e-10       4.305667863455e-12      -1.139714463201e-13       0.000000000000e+00       3.008149928317e-14       3.710453086445e-15      -6.165563044306e-16 
  642       2.540299441163e-10       4.340130324391e-12      -3.023941523240e-13       0.000000000000e+00       2.991152331730e-14       3.742244614996e-15      -6.193909306418e-16 
  643       2.532258680050e-10       4.374085087192e-12      -4.937431224088e-13       0.000000000000e+00       2.974275792914e-14       3.773768175094e-15      -6.221352874919e-16 
  644       2.524436758576e-10       4.407514140098e-12      -6.879438325784e-13       0.000000000000e+00       2.957518772686e-14       3.805013417221e-15      -6.247892736199e-16 
  645       2.516839210251e-10       4.440399301146e-12      -8.849206466325e-13       0.000000000000e+00       2.940879693966e-14       3.835969895456e-15      -6.273527948431e-16 
  646       2.509471613586e-10       4.472722217595e-12      -1.084596811659e-12       0.000000000000e+00       2.924356941592e-14       3.866627067150e-15      -6.298257641957e-16 
  647       2.502339592228e-10       4.504464365331e-12      -1.286894453525e-12       0.000000000000e+00       2.907948862149e-14       3.896974292598e-15      -6.322081019678e-16 
  648       2.495448815103e-10       4.535607048286e-12      -1.491734572372e-12       0.000000000000e+00       2.891653763787e-14       3.927000834709e-15      -6.344997357444e-16 
  649       2.488804996556e-10       4.566131397852e-12      -1.699037038103e-12       0.000000000000e+00       2.875469916049e-14       3.956695858683e-15      -6.367006004443e-16 
  650       2.482413896491e-10       4.596018372295e-12      -1.908720585881e-12       0.000000000000e+00       2.859395549687e-14       3.986048431681e-15      -6.388106383590e-16 
  651       2.476280423948e-10       4.625251036338e-12      -2.120703161533e-12       0.000000000000e+00       2.843429110998e-14       4.015049634880e-15      -6.408298340240e-16 
  652       2.470405925532e-10       4.653821457117e-12      -2.334902975405e-12       0.000000000000e+00       2.827570031424e-14       4.043698952206e-15      -6.427583196104e-16 
  653       2.464790836554e-10       4.681723961457e-12      -2.551237463189e-12       0.000000000000e+00       2.811817974833e-14       4.071998023990e-15      -6.445962719698e-16 
  654       2.459435571984e-10       4.708952869740e-12      -2.769622933741e-12       0.000000000000e+00       2.796172584458e-14       4.099948547799e-15      -6.463438780644e-16 
  655       2.454340526334e-10       4.735502495963e-12      -2.989974564672e-12       0.000000000000e+00       2.780633482799e-14       4.127552278714e-15      -6.480013350157e-16 
  656       2.449506073547e-10       4.761367147801e-12      -3.212206397939e-12       0.000000000000e+00       2.765200271516e-14       4.154811029592e-15      -6.495688501532e-16 
  657       2.444932566883e-10       4.786541126659e-12      -3.436231335436e-12       0.000000000000e+00       2.749872531318e-14       4.181726671340e-15      -6.510466410635e-16 
  658       2.440620338808e-10       4.811018727740e-12      -3.661961134587e-12       0.000000000000e+00       2.734649821865e-14       4.208301133184e-15      -6.524349356386e-16 
  659       2.436569700874e-10       4.834794240097e-12      -3.889306403932e-12       0.000000000000e+00       2.719531681660e-14       4.234536402939e-15      -6.537339721253e-16 
  660       2.432780943611e-10       4.857861946693e-12      -4.118176598725e-12       0.000000000000e+00       2.704517627942e-14       4.260434527278e-15      -6.549439991733e-16 
  661       2.429254336412e-10       4.880216124465e-12      -4.348480016517e-12       0.000000000000e+00       2.689607156581e-14       4.285997612004e-15      -6.560652758845e-16 
  662       2.425990127420e-10       4.901851044377e-12      -4.580123792756e-12       0.000000000000e+00       2.674799741975e-14       4.311227822317e-15      -6.570980718616e-16 
  663       2.422988543413e-10       4.922760971482e-12      -4.813013896371e-12       0.000000000000e+00       2.660094836942e-14       4.336127383086e-15      -6.580426672568e-16 
  664       2.420249789691e-10       4.942940164982e-12      -5.047055125364e-12       0.000000000000e+00       2.645491872618e-14       4.360698579116e-15      -6.588993528208e-16 
  665       2.417774049964e-10       4.962382878284e-12      -5.282151102407e-12       0.000000000000e+00       2.630990258347e-14       4.384943755422e-15      -6.596684299515e-16 
  666       2.415561486236e-10       4.981083359062e-12      -5.518204270424e-12       0.000000000000e+00       2.616589381578e-14       4.408865317495e-15      -6.603502107424e-16 
  667       2.413612238694e-10       4.999035849313e-12      -5.755115888189e-12       0.000000000000e+00       2.602288607761e-14       4.432465731575e-15      -6.609450180320e-16 
  668       2.411926425592e-10       5.016234585421e-12      -5.992786025916e-12       0.000000000000e+00       2.588087280240e-14       4.455747524919e-15      -6.614531854524e-16 
  669       2.410504143140e-10       5.032673798210e-12      -6.231113560845e-12       0.000000000000e+00       2.573984720147e-14       4.478713286069e-15      -6.618750574776e-16 
  670       2.409345465388e-10       5.048347713007e-12      -6.469996172840e-12       0.000000000000e+00       2.559980226298e-14       4.501365665126e-15      -6.622109894731e-16 
  671       2.408450444116e-10       5.063250549701e-12      -6.709330339976e-12       0.000000000000e+00       2.546073075088e-14       4.523707374018e-15      -6.624613477440e-16 
  672       2.407819108715e-10       5.077376522800e-12      -6.949011334130e-12       0.000000000000e+00       2.532262520384e-14       4.545741186768e-15      -6.626265095839e-16 
  673       2.407451466078e-10       5.090719841491e-12      -7.188933216575e-12       0.000000000000e+00       2.518547793420e-14       4.567469939766e-15      -6.627068633243e-16 
  674       2.407347500487e-10       5.103274709699e-12      -7.428988833567e-12       0.000000000000e+00       2.504928102693e-14       4.588896532040e-15      -6.627028083824e-16 
  675       2.407507173495e-10       5.115035326149e-12      -7.669069811939e-12       0.000000000000e+00       2.491402633856e-14       4.610023925520e-15      -6.626147553106e-16 
  676       2.407930423816e-10       5.125995884417e-12      -7.909066554691e-12       0.000000000000e+00       2.477970549614e-14       4.630855145317e-15      -6.624431258451e-16 
  677       2.408617167211e-10       5.136150573000e-12      -8.148868236581e-12       0.000000000000e+00       2.464630989616e-14       4.651393279983e-15      -6.621883529546e-16 
  678       2.409567296375e-10       5.145493575366e-12      -8.388362799718e-12       0.000000000000e+00       2.451383070356e-14       4.671641481788e-15      -6.618508808891e-16 
  679       2.410780680820e-10       5.154019070017e-12      -8.627436949147e-12       0.000000000000e+00       2.438225885058e-14       4.691602966988e-15      -6.614311652287e-16 
  680       2.412257166766e-10       5.161721230548e-12      -8.865976148450e-12       0.000000000000e+00       2.425158503578e-14       4.711281016092e-15      -6.609296729325e-16 
  681       2.413996577026e-10       5.168594225705e-12      -9.103864615327e-12       0.000000000000e+00       2.412179972299e-14       4.730678974136e-15      -6.603468823872e-16 
  682       2.415998710889e-10       5.174632219446e-12      -9.340985317193e-12       0.000000000000e+00       2.399289314019e-14       4.749800250950e-15      -6.596832834560e-16 
  683       2.418263344014e-10       5.179829370997e-12      -9.577219966768e-12       0.000000000000e+00       2.386485527852e-14       4.768648321429e-15      -6.589393775273e-16 
  684       2.420790228309e-10       5.184179834914e-12      -9.812449017666e-12       0.000000000000e+00       2.373767589120e-14       4.787226725802e-15      -6.581156775636e-16 
  685       2.423579091820e-10       5.187677761140e-12      -1.004655165999e-11       0.000000000000e+00       2.361134449248e-14       4.805539069902e-15      -6.572127081501e-16 
  686       2.426629638620e-10       5.190317295064e-12      -1.027940581592e-11       0.000000000000e+00       2.348585035659e-14       4.823589025438e-15      -6.562310055437e-16 
  687       2.429941548692e-10       5.192092577584e-12      -1.051088813530e-11       0.000000000000e+00       2.336118251667e-14       4.841380330261e-15      -6.551711177216e-16 
  688       2.433514477818e-10       5.192997745159e-12      -1.074087399124e-11       0.000000000000e+00       2.323732976374e-14       4.858916788637e-15      -6.540336044303e-16 
  689       2.437348057464e-10       5.193026929874e-12      -1.096923747570e-11       0.000000000000e+00       2.311428064564e-14       4.876202271515e-15      -6.528190372340e-16 
  690       2.441441894666e-10       5.192174259498e-12      -1.119585139508e-11       0.000000000000e+00       2.299202346596e-14       4.893240716799e-15      -6.515279995639e-16 
  691       2.445795088882e-10       5.190435851181e-12      -1.142059793678e-11       0.000000000000e+00       2.287054790265e-14       4.910034744663e-15      -6.501611246648e-16 
  692       2.450404771580e-10       5.187815838604e-12      -1.164340092474e-11       0.000000000000e+00       2.274984990347e-14       4.926581470913e-15      -6.487192102165e-16 
  693       2.455267535611e-10       5.184320472120e-12      -1.186419423580e-11       0.000000000000e+00       2.262992689170e-14       4.942876605822e-15      -6.472031062277e-16 
  694       2.460379915217e-10       5.179956137187e-12      -1.208291118857e-11       0.000000000000e+00       2.251077615530e-14       4.958915831003e-15      -6.456136774149e-16 
  695       2.465738385800e-10       5.174729354935e-12      -1.229948454176e-11       0.000000000000e+00       2.239239484616e-14       4.974694799336e-15      -6.439518032604e-16 
  696       2.471339363685e-10       5.168646782714e-12      -1.251384649242e-11       0.000000000000e+00       2.227477997953e-14       4.990209134883e-15      -6.422183780712e-16 
  697       2.477179205887e-10       5.161715214662e-12      -1.272592867423e-11       0.000000000000e+00       2.215792843334e-14       5.005454432817e-15      -6.404143110366e-16 
  698       2.483254209874e-10       5.153941582263e-12      -1.293566215573e-11       0.000000000000e+00       2.204183694754e-14       5.020426259341e-15      -6.385405262872e-16 
  699       2.489560613334e-10       5.145332954901e-12      -1.314297743863e-11       0.000000000000e+00       2.192650212348e-14       5.035120151609e-15      -6.365979629525e-16 
  700       2.496094593939e-10       5.135896540426e-12      -1.334780445606e-11       0.000000000000e+00       2.181192042325e-14       5.049531617652e-15      -6.345875752196e-16 
  701       2.502852269112e-10       5.125639685710e-12      -1.355007257085e-11       0.000000000000e+00       2.169808816904e-14       5.063656136297e-15      -6.325103323916e-16 
  702       2.509829695792e-10       5.114569877208e-12      -1.374971057376e-11       0.000000000000e+00       2.158500154247e-14       5.077489157090e-15      -6.303672189456e-16 
  703       2.517022870197e-10       5.102694741515e-12      -1.394664668182e-11       0.000000000000e+00       2.147265658398e-14       5.091026100220e-15      -6.281592345909e-16 
  704       2.524427727590e-10       5.090022045927e-12      -1.414080853652e-11       0.000000000000e+00       2.136104919215e-14       5.104262356440e-15      -6.258873943278e-16 
  705       2.532040142049e-10       5.076559699001e-12      -1.433212320216e-11       0.000000000000e+00       2.125017512306e-14       5.117193286988e-15      -6.235527285055e-16 
  706       2.539855926223e-10       5.062315751112e-12      -1.452051716404e-11       0.000000000000e+00       2.114002998966e-14       5.129814223511e-15      -6.211562828803e-16 
  707       2.547870831107e-10       5.047298395015e-12      -1.470591632678e-11       0.000000000000e+00       2.103060926111e-14       5.142120467988e-15      -6.186991186744e-16 
  708       2.556080545801e-10       5.031515966404e-12      -1.488824601259e-11       0.000000000000e+00       2.092190826213e-14       5.154107292649e-15      -6.161823126336e-16 
  709       2.564480697276e-10       5.014976944469e-12      -1.506743095948e-11       0.000000000000e+00       2.081392217236e-14       5.165769939902e-15      -6.136069570860e-16 
  710       2.573066850143e-10       4.997689952457e-12      -1.524339531962e-11       0.000000000000e+00       2.070664602569e-14       5.177103622249e-15      -6.109741600001e-16 
  711       2.581834506414e-10       4.979663758233e-12      -1.541606265754e-11       0.000000000000e+00       2.060007470967e-14       5.188103522216e-15      -6.082850450432e-16 
  712       2.590779105269e-10       4.960907274836e-12      -1.558535594841e-11       0.000000000000e+00       2.049420296478e-14       5.198764792268e-15      -6.055407516397e-16 
  713       2.599896022821e-10       4.941429561041e-12      -1.575119757635e-11       0.000000000000e+00       2.038902538386e-14       5.209082554736e-15      -6.027424350291e-16 
  714       2.609180571883e-10       4.921239821917e-12      -1.591350933264e-11       0.000000000000e+00       2.028453641143e-14       5.219051901737e-15      -5.998912663248e-16 
  715       2.618628001729e-10       4.900347409388e-12      -1.607221241403e-11       0.000000000000e+00       2.018073034301e-14       5.228667895097e-15      -5.969884325720e-16 
  716       2.628233497864e-10       4.878761822789e-12      -1.622722742099e-11       0.000000000000e+00       2.007760132455e-14       5.237925566273e-15      -5.940351368061e-16 
  717       2.637992181787e-10       4.856492709429e-12      -1.637847435600e-11       0.000000000000e+00       1.997514335171e-14       5.246819916276e-15      -5.910325981111e-16 
  718       2.647899110755e-10       4.833549865150e-12      -1.652587262179e-11       0.000000000000e+00       1.987335026924e-14       5.255345915593e-15      -5.879820516778e-16 
  719       2.657949277552e-10       4.809943234883e-12      -1.666934101963e-11       0.000000000000e+00       1.977221577035e-14       5.263498504108e-15      -5.848847488621e-16 
  720       2.668137610250e-10       4.785682913210e-12      -1.680879774758e-11       0.000000000000e+00       1.967173339605e-14       5.271272591027e-15      -5.817419572431e-16 
  721       2.678458971977e-10       4.760779144925e-12      -1.694416039880e-11       0.000000000000e+00       1.957189653447e-14       5.278663054796e-15      -5.785549606820e-16 
  722       2.688908160683e-10       4.735242325590e-12      -1.707534595976e-11       0.000000000000e+00       1.947269842027e-14       5.285664743028e-15      -5.753250593795e-16 
  723       2.699479908900e-10       4.709083002095e-12      -1.720227080856e-11       0.000000000000e+00       1.937413213395e-14       5.292272472421e-15      -5.720535699349e-16 
  724       2.710168883516e-10       4.682311873220e-12      -1.732485071316e-11       0.000000000000e+00       1.927619060124e-14       5.298481028685e-15      -5.687418254040e-16 
  725       2.720969685531e-10       4.654939790191e-12      -1.744300082969e-11       0.000000000000e+00       1.917886659241e-14       5.304285166460e-15      -5.653911753575e-16 
  726       2.731876849829e-10       4.626977757243e-12      -1.755663570068e-11       0.000000000000e+00       1.908215272165e-14       5.309679609240e-15      -5.620029859392e-16 
  727       2.742884844940e-10       4.598436932173e-12      -1.766566925335e-11       0.000000000000e+00       1.898604144640e-14       5.314659049296e-15      -5.585786399242e-16 
  728       2.753988072806e-10       4.569328626908e-12      -1.777001479787e-11       0.000000000000e+00       1.889052506676e-14       5.319218147595e-15      -5.551195367777e-16 
  729       2.765180868547e-10       4.539664308059e-12      -1.786958502565e-11       0.000000000000e+00       1.879559572476e-14       5.323351533727e-15      -5.516270927126e-16 
  730       2.776457500225e-10       4.509455597479e-12      -1.796429200756e-11       0.000000000000e+00       1.870124540377e-14       5.327053805825e-15      -5.481027407484e-16 
  731       2.787812360128e-10       4.478714652619e-12      -1.805406117132e-11       0.000000000000e+00       1.860746701376e-14       5.330321109822e-15      -5.445477340710e-16 
  732       2.799240543286e-10       4.447455314771e-12      -1.813887354276e-11       0.000000000000e+00       1.851425767207e-14       5.333155911950e-15      -5.409625516920e-16 
  733       2.810737280031e-10       4.415691984842e-12      -1.821872434393e-11       0.000000000000e+00       1.842161548684e-14       5.335562321308e-15      -5.373474810469e-16 
  734       2.822297745334e-10       4.383439246276e-12      -1.829360909172e-11       0.000000000000e+00       1.832953847655e-14       5.337544519428e-15      -5.337028136330e-16 
  735       2.833917058617e-10       4.350711865702e-12      -1.836352359930e-11       0.000000000000e+00       1.823802456970e-14       5.339106760552e-15      -5.300288450235e-16 
  736       2.845590283554e-10       4.317524793578e-12      -1.842846397751e-11       0.000000000000e+00       1.814707160433e-14       5.340253371906e-15      -5.263258748821e-16 
  737       2.857312427887e-10       4.283893164835e-12      -1.848842663630e-11       0.000000000000e+00       1.805667732766e-14       5.340988753979e-15      -5.225942069768e-16 
  738       2.869078443228e-10       4.249832299521e-12      -1.854340828607e-11       0.000000000000e+00       1.796683939569e-14       5.341317380797e-15      -5.188341491942e-16 
  739       2.880883224869e-10       4.215357703447e-12      -1.859340593913e-11       0.000000000000e+00       1.787755537275e-14       5.341243800201e-15      -5.150460135537e-16 
  740       2.892721611594e-10       4.180485068830e-12      -1.863841691109e-11       0.000000000000e+00       1.778882273117e-14       5.340772634125e-15      -5.112301162218e-16 
  741       2.904588385481e-10       4.145230274940e-12      -1.867843882223e-11       0.000000000000e+00       1.770063885081e-14       5.339908578868e-15      -5.073867775258e-16 
  742       2.916478271715e-10       4.109609388741e-12      -1.871346959895e-11       0.000000000000e+00       1.761300101867e-14       5.338656405377e-15      -5.035163219687e-16 
  743       2.928385938394e-10       4.073638665537e-12      -1.874350747516e-11       0.000000000000e+00       1.752590642853e-14       5.337020959515e-15      -4.996190782428e-16 
  744       2.940305996338e-10       4.037334549620e-12      -1.876855099367e-11       0.000000000000e+00       1.743935218049e-14       5.335007162345e-15      -4.956953792442e-16 
  745       2.952232998895e-10       4.000713674907e-12      -1.878859900760e-11       0.000000000000e+00       1.735333528060e-14       5.332620010403e-15      -4.917455620869e-16 
  746       2.964161441754e-10       3.963792865593e-12      -1.880365068179e-11       0.000000000000e+00       1.726785264044e-14       5.329864575975e-15      -4.877699681169e-16 
  747       2.976085762750e-10       3.926589136790e-12      -1.881370549421e-11       0.000000000000e+00       1.718290107673e-14       5.326746007373e-15      -4.837689429265e-16 
  748       2.988000341669e-10       3.889119695173e-12      -1.881876323734e-11       0.000000000000e+00       1.709847731092e-14       5.323269529211e-15      -4.797428363682e-16 
  749       2.999899500064e-10       3.851401939623e-12      -1.881882401960e-11       0.000000000000e+00       1.701457796877e-14       5.319440442685e-15      -4.756920025695e-16 
  750       3.011777501058e-10       3.813453461877e-12      -1.881388826674e-11       0.000000000000e+00       1.693119957998e-14       5.315264125843e-15      -4.716167999463e-16 
  751       3.023628549151e-10       3.775292047166e-12      -1.880395672324e-11       0.000000000000e+00       1.684833857777e-14       5.310746033868e-15      -4.675175912178e-16 
  752       3.035446790033e-10       3.736935674863e-12      -1.878903045373e-11       0.000000000000e+00       1.676599129845e-14       5.305891699352e-15      -4.633947434201e-16 
  753       3.047226310387e-10       3.698402519126e-12      -1.876911084439e-11       0.000000000000e+00       1.668415398106e-14       5.300706732569e-15      -4.592486279209e-16 
  754       3.058961137704e-10       3.659710949544e-12      -1.874419960432e-11       0.000000000000e+00       1.660282276695e-14       5.295196821758e-15      -4.550796204330e-16 
  755       3.070645240082e-10       3.620879531781e-12      -1.871429876700e-11       0.000000000000e+00       1.652199369937e-14       5.289367733394e-15      -4.508881010295e-16 
  756       3.082272526042e-10       3.581927028220e-12      -1.867941069166e-11       0.000000000000e+00       1.644166272305e-14       5.283225312467e-15      -4.466744541567e-16 
  757       3.093836844335e-10       3.542872398609e-12      -1.863953806468e-11       0.000000000000e+00       1.636182568385e-14       5.276775482758e-15      -4.424390686496e-16 
  758       3.105331983744e-10       3.503734800704e-12      -1.859468390102e-11       0.000000000000e+00       1.628247832829e-14       5.270024247114e-15      -4.381823377450e-16 
  759       3.116751672902e-10       3.464533590912e-12      -1.854485154560e-11       0.000000000000e+00       1.620361630320e-14       5.262977687729e-15      -4.339046590963e-16 
  760       3.128089580092e-10       3.425288324941e-12      -1.849004467472e-11       0.000000000000e+00       1.612523515529e-14       5.255641966413e-15      -4.296064347876e-16 
  761       3.139339313059e-10       3.386018758439e-12      -1.843026729743e-11       0.000000000000e+00       1.604733033075e-14       5.248023324876e-15      -4.252880713476e-16 
  762       3.150494418817e-10       3.346744847641e-12      -1.836552375699e-11       0.000000000000e+00       1.596989717484e-14       5.240128085000e-15      -4.209499797640e-16 
  763       3.161548383460e-10       3.307486750014e-12      -1.829581873223e-11       0.000000000000e+00       1.589293093150e-14       5.231962649117e-15      -4.165925754979e-16 
  764       3.172494631964e-10       3.268264824899e-12      -1.822115723897e-11       0.000000000000e+00       1.581642674294e-14       5.223533500285e-15      -4.122162784974e-16 
  765       3.183326528003e-10       3.229099634158e-12      -1.814154463143e-11       0.000000000000e+00       1.574037964925e-14       5.214847202562e-15      -4.078215132124e-16 
  766       3.194037373752e-10       3.190011942820e-12      -1.805698660360e-11       0.000000000000e+00       1.566478458795e-14       5.205910401290e-15      -4.034087086083e-16 
  767       3.204620409696e-10       3.151022719721e-12      -1.796748919071e-11       0.000000000000e+00       1.558963639365e-14       5.196729823361e-15      -3.989782981806e-16 
  768       3.215068814439e-10       3.112153138151e-12      -1.787305877055e-11       0.000000000000e+00       1.551492979760e-14       5.187312277503e-15      -3.945307199686e-16 
  769       3.225375704513e-10       3.073424576500e-12      -1.777370206495e-11       0.000000000000e+00       1.544065942730e-14       5.177664654551e-15      -3.900664165701e-16 
  770       3.235534134183e-10       3.034858618898e-12      -1.766942614114e-11       0.000000000000e+00       1.536681980612e-14       5.167793927722e-15      -3.855858351551e-16 
  771       3.245537777253e-10       2.996475524948e-12      -1.756024683939e-11       0.000000000000e+00       1.529340607200e-14       5.157706324137e-15      -3.810894063440e-16 
  772       3.255382987003e-10       2.958289605837e-12      -1.744621422797e-11       0.000000000000e+00       1.522041614958e-14       5.147404821602e-15      -3.765774803735e-16 
  773       3.265066774847e-10       2.920313762006e-12      -1.732738763265e-11       0.000000000000e+00       1.514784861837e-14       5.136891605005e-15      -3.720503897507e-16 
  774       3.274586131820e-10       2.882561006472e-12      -1.720382725717e-11       0.000000000000e+00       1.507570199712e-14       5.126168890896e-15      -3.675084702898e-16 
  775       3.283938028522e-10       2.845044465171e-12      -1.707559418641e-11       0.000000000000e+00       1.500397474351e-14       5.115238927591e-15      -3.629520611226e-16 
  776       3.293119415062e-10       2.807777377286e-12      -1.694275038940e-11       0.000000000000e+00       1.493266525393e-14       5.104103995290e-15      -3.583815047077e-16 
  777       3.302127221006e-10       2.770773095587e-12      -1.680535872252e-11       0.000000000000e+00       1.486177186318e-14       5.092766406177e-15      -3.537971468410e-16 
  778       3.310958355324e-10       2.734045086770e-12      -1.666348293253e-11       0.000000000000e+00       1.479129284425e-14       5.081228504538e-15      -3.491993366653e-16 
  779       3.319609706331e-10       2.697606931785e-12      -1.651718765970e-11       0.000000000000e+00       1.472122640805e-14       5.069492666863e-15      -3.445884266803e-16 
  780       3.328078141638e-10       2.661472326180e-12      -1.636653844092e-11       0.000000000000e+00       1.465157070314e-14       5.057561301961e-15      -3.399647727526e-16 
  781       3.336360508093e-10       2.625655080430e-12      -1.621160171281e-11       0.000000000000e+00       1.458232381548e-14       5.045436851066e-15      -3.353287341254e-16 
  782       3.344453631731e-10       2.590169120278e-12      -1.605244481477e-11       0.000000000000e+00       1.451348376816e-14       5.033121787948e-15      -3.306806734289e-16 
  783       3.352354317717e-10       2.555028487068e-12      -1.588913599214e-11       0.000000000000e+00       1.444504852117e-14       5.020618619021e-15      -3.260209566895e-16 
  784       3.360059350290e-10       2.520247338084e-12      -1.572174439931e-11       0.000000000000e+00       1.437701597110e-14       5.007929883455e-15      -3.213499533403e-16 
  785       3.367565492715e-10       2.485839946881e-12      -1.555034010274e-11       0.000000000000e+00       1.430938395093e-14       4.995058153280e-15      -3.166680362309e-16 
  786       3.374869487223e-10       2.451820703625e-12      -1.537499408416e-11       0.000000000000e+00       1.424215022972e-14       4.982006033503e-15      -3.119755816371e-16 
  787       3.381968054957e-10       2.418204115428e-12      -1.519577824363e-11       0.000000000000e+00       1.417531251239e-14       4.968776162211e-15      -3.072729692712e-16 
  788       3.388857895922e-10       2.385004806682e-12      -1.501276540262e-11       0.000000000000e+00       1.410886843945e-14       4.955371210682e-15      -3.025605822914e-16 
  789       3.395535688925e-10       2.352237519399e-12      -1.482602930715e-11       0.000000000000e+00       1.404281558672e-14       4.941793883497e-15      -2.978388073122e-16 
  790       3.401998091527e-10       2.319917113541e-12      -1.463564463089e-11       0.000000000000e+00       1.397715146512e-14       4.928046918646e-15      -2.931080344143e-16 
  791       3.408241739982e-10       2.288058567362e-12      -1.444168697824e-11       0.000000000000e+00       1.391187352035e-14       4.914133087639e-15      -2.883686571539e-16 
  792       3.414263249187e-10       2.256676977739e-12      -1.424423288744e-11       0.000000000000e+00       1.384697913268e-14       4.900055195614e-15      -2.836210725736e-16 
  793       3.420059212629e-10       2.225787560510e-12      -1.404335983369e-11       0.000000000000e+00       1.378246561667e-14       4.885816081451e-15      -2.788656812114e-16 
  794       3.425626202325e-10       2.195405650812e-12      -1.383914623223e-11       0.000000000000e+00       1.371833022092e-14       4.871418617873e-15      -2.741028871113e-16 
  795       3.430960768774e-10       2.165546703413e-12      -1.363167144147e-11       0.000000000000e+00       1.365457012780e-14       4.856865711564e-15      -2.693330978328e-16 
  796       3.436059440897e-10       2.136226293049e-12      -1.342101576605e-11       0.000000000000e+00       1.359118245320e-14       4.842160303272e-15      -2.645567244609e-16 
  797       3.440918725989e-10       2.107460114762e-12      -1.320726045999e-11       0.000000000000e+00       1.352816424627e-14       4.827305367922e-15      -2.597741816164e-16 
  798       3.445535109658e-10       2.079263984233e-12      -1.299048772977e-11       0.000000000000e+00       1.346551248917e-14       4.812303914725e-15      -2.549858874650e-16 
  799       3.449905055776e-10       2.051653838122e-12      -1.277078073742e-11       0.000000000000e+00       1.340322409678e-14       4.797158987285e-15      -2.501922637282e-16 
  800       3.454025006422e-10       2.024645734397e-12      -1.254822360365e-11       0.000000000000e+00       1.334129591647e-14       4.781873663711e-15      -2.453937356926e-16 
  801       3.457891381829e-10       1.998255852679e-12      -1.232290141094e-11       0.000000000000e+00       1.327972472785e-14       4.766451056725e-15      -2.405907322198e-16 
  802       3.461500580329e-10       1.972500494568e-12      -1.209490020663e-11       0.000000000000e+00       1.321850724248e-14       4.750894313773e-15      -2.357836857567e-16 
  803       3.464848978297e-10       1.947396083988e-12      -1.186430700604e-11       0.000000000000e+00       1.315764010364e-14       4.735206617131e-15      -2.309730323450e-16 
  804       3.467932930100e-10       1.922959167515e-12      -1.163120979558e-11       0.000000000000e+00       1.309711988603e-14       4.719391184017e-15      -2.261592116317e-16 
  805       3.470748768043e-10       1.899206414721e-12      -1.139569753582e-11       0.000000000000e+00       1.303694309558e-14       4.703451266701e-15      -2.213426668782e-16 
  806       3.473292802310e-10       1.876154618503e-12      -1.115786016464e-11       0.000000000000e+00       1.297710616912e-14       4.687390152611e-15      -2.165238449710e-16 
  807       3.475561320913e-10       1.853820695420e-12      -1.091778860028e-11       0.000000000000e+00       1.291760547417e-14       4.671211164448e-15      -2.117031964311e-16 
  808       3.477550589640e-10       1.832221686034e-12      -1.067557474447e-11       0.000000000000e+00       1.285843730864e-14       4.654917660288e-15      -2.068811754243e-16 
  809       3.479256851995e-10       1.811374755239e-12      -1.043131148557e-11       0.000000000000e+00       1.279959790062e-14       4.638513033698e-15      -2.020582397707e-16 
  810       3.480676329148e-10       1.791297192602e-12      -1.018509270157e-11       0.000000000000e+00       1.274108340809e-14       4.622000713842e-15      -1.972348509551e-16 
  811       3.481805947630e-10       1.772003933252e-12      -9.937011196034e-12       0.000000000000e+00       1.268289041117e-14       4.605383316803e-15      -1.924114984772e-16 
  812       3.482645536893e-10       1.753500070967e-12      -9.687152458439e-12       0.000000000000e+00       1.262501739915e-14       4.588660082594e-15      -1.875887733637e-16 
  813       3.483195671182e-10       1.735788211035e-12      -9.435600797670e-12       0.000000000000e+00       1.256746330971e-14       4.571829392245e-15      -1.827672959989e-16 
  814       3.483456945450e-10       1.718870937379e-12      -9.182441401830e-12       0.000000000000e+00       1.251022703866e-14       4.554889612369e-15      -1.779476919179e-16 
  815       3.483429975433e-10       1.702750812436e-12      -8.927760340971e-12       0.000000000000e+00       1.245330743979e-14       4.537839095116e-15      -1.731305918214e-16 
  816       3.483115397732e-10       1.687430377049e-12      -8.671644569820e-12       0.000000000000e+00       1.239670332469e-14       4.520676178128e-15      -1.683166315895e-16 
  817       3.482513869886e-10       1.672912150343e-12      -8.414181930506e-12       0.000000000000e+00       1.234041346256e-14       4.503399184492e-15      -1.635064522964e-16 
  818       3.481626070456e-10       1.659198629615e-12      -8.155461155282e-12       0.000000000000e+00       1.228443658009e-14       4.486006422697e-15      -1.587007002250e-16 
  819       3.480452699099e-10       1.646292290214e-12      -7.895571869258e-12       0.000000000000e+00       1.222877136123e-14       4.468496186588e-15      -1.539000268805e-16 
  820       3.478994476649e-10       1.634195585428e-12      -7.634604593121e-12       0.000000000000e+00       1.217341644709e-14       4.450866755318e-15      -1.491050890057e-16 
  821       3.477252145195e-10       1.622910946366e-12      -7.372650745863e-12       0.000000000000e+00       1.211837043570e-14       4.433116393308e-15      -1.443165485944e-16 
  822       3.475226468156e-10       1.612440781843e-12      -7.109802647508e-12       0.000000000000e+00       1.206363188189e-14       4.415243350196e-15      -1.395350729066e-16 
  823       3.472918230364e-10       1.602787478265e-12      -6.846153521838e-12       0.000000000000e+00       1.200919929712e-14       4.397245860796e-15      -1.347613344822e-16 
  824       3.470328238141e-10       1.593953399511e-12      -6.581797499116e-12       0.000000000000e+00       1.195507114927e-14       4.379122145051e-15      -1.299960111559e-16 
  825       3.467457319374e-10       1.585940886818e-12      -6.316829618815e-12       0.000000000000e+00       1.190124586251e-14       4.360870407988e-15      -1.252397860712e-16 
  826       3.464306323599e-10       1.578752258668e-12      -6.051345832345e-12       0.000000000000e+00       1.184772181713e-14       4.342488839670e-15      -1.204933476947e-16 
  827       3.460876122074e-10       1.572389810666e-12      -5.785443005775e-12       0.000000000000e+00       1.179449734935e-14       4.323975615157e-15      -1.157573898308e-16 
  828       3.457167607860e-10       1.566855815428e-12      -5.519218922564e-12       0.000000000000e+00       1.174157075116e-14       4.305328894455e-15      -1.110326116359e-16 
  829       3.453181695900e-10       1.562152522467e-12      -5.252772286281e-12       0.000000000000e+00       1.168894027016e-14       4.286546822471e-15      -1.063197176325e-16 
  830       3.448919323095e-10       1.558282158072e-12      -4.986202723338e-12       0.000000000000e+00       1.163660410937e-14       4.267627528973e-15      -1.016194177239e-16 
  831       3.444381448384e-10       1.555246925196e-12      -4.719610785710e-12       0.000000000000e+00       1.158456042709e-14       4.248569128537e-15      -9.693242720855e-17 
  832       3.439569052823e-10       1.553049003337e-12      -4.453097953665e-12       0.000000000000e+00       1.153280733671e-14       4.229369720507e-15      -9.225946679412e-17 
  833       3.434483139659e-10       1.551690548427e-12      -4.186766638487e-12       0.000000000000e+00       1.148134290654e-14       4.210027388951e-15      -8.760126261210e-17 
  834       3.429124734415e-10       1.551173692710e-12      -3.920720185204e-12       0.000000000000e+00       1.143016515966e-14       4.190540202609e-15      -8.295854623208e-17 
  835       3.423494884963e-10       1.551500544631e-12      -3.655062875316e-12       0.000000000000e+00       1.137927207373e-14       4.170906214854e-15      -7.833205467608e-17 
  836       3.417594661605e-10       1.552673188716e-12      -3.389899929515e-12       0.000000000000e+00       1.132866158084e-14       4.151123463644e-15      -7.372253043299e-17 
  837       3.411425157150e-10       1.554693685461e-12      -3.125337510417e-12       0.000000000000e+00       1.127833156731e-14       4.131189971477e-15      -6.913072147282e-17 
  838       3.404987486993e-10       1.557564071211e-12      -2.861482725284e-12       0.000000000000e+00       1.122827987357e-14       4.111103745346e-15      -6.455738126113e-17 
  839       3.398282789192e-10       1.561286358046e-12      -2.598443628754e-12       0.000000000000e+00       1.117850429393e-14       4.090862776693e-15      -6.000326877338e-17 
  840       3.391312224549e-10       1.565862533668e-12      -2.336329225563e-12       0.000000000000e+00       1.112900257648e-14       4.070465041365e-15      -5.546914850925e-17 
  841       3.384076976686e-10       1.571294561281e-12      -2.075249473274e-12       0.000000000000e+00       1.107977242286e-14       4.049908499568e-15      -5.095579050702e-17 
  842       3.376578252125e-10       1.577584379475e-12      -1.815315284999e-12       0.000000000000e+00       1.103081148812e-14       4.029191095820e-15      -4.646397035792e-17 
  843       3.368817280364e-10       1.584733902114e-12      -1.556638532132e-12       0.000000000000e+00       1.098211738055e-14       4.008310758910e-15      -4.199446922051e-17 
  844       3.360795313958e-10       1.592745018218e-12      -1.299332047069e-12       0.000000000000e+00       1.093368766152e-14       3.987265401847e-15      -3.754807383499e-17 
  845       3.352513628595e-10       1.601619591844e-12      -1.043509625934e-12       0.000000000000e+00       1.088551984528e-14       3.966052921819e-15      -3.312557653760e-17 
  846       3.343973523175e-10       1.611359461976e-12      -7.892860313096e-13       0.000000000000e+00       1.083761139881e-14       3.944671200147e-15      -2.872777527495e-17 
  847       3.335176319891e-10       1.621966442404e-12      -5.367769949596e-13       0.000000000000e+00       1.078995974168e-14       3.923118102239e-15      -2.435547361838e-17 
  848       3.326123364303e-10       1.633442321611e-12      -2.860992205556e-13       0.000000000000e+00       1.074256224581e-14       3.901391477544e-15      -2.000948077835e-17 
  849       3.316816025419e-10       1.645788862656e-12      -3.737038640328e-14       0.000000000000e+00       1.069541623538e-14       3.879489159507e-15      -1.569061161872e-17 
  850       3.307255695772e-10       1.659007803058e-12       2.092908518316e-13       0.000000000000e+00       1.064851898661e-14       3.857408965526e-15      -1.139968667119e-17 
  851       3.297444130390e-10       1.673099005394e-12       4.537756955860e-13       0.000000000000e+00       1.060186806758e-14       3.835149873807e-15      -7.137435258394e-18 
  852       3.287384469919e-10       1.688054874552e-12       6.960179159949e-13       0.000000000000e+00       1.055546236440e-14       3.812715576157e-15      -2.904203012934e-18 
  853       3.277080235202e-10       1.703865844493e-12       9.359616969758e-13       0.000000000000e+00       1.050930107233e-14       3.790110986044e-15       1.299760629793e-18 
  854       3.266534990113e-10       1.720522218440e-12       1.173550847956e-12       0.000000000000e+00       1.046338335725e-14       3.767341067355e-15       5.474205996688e-18 
  855       3.255752341696e-10       1.738014168453e-12       1.408728802942e-12       0.000000000000e+00       1.041770835555e-14       3.744410834556e-15       9.618883178629e-18 
  856       3.244735940294e-10       1.756331735008e-12       1.641438619583e-12       0.000000000000e+00       1.037227517406e-14       3.721325352836e-15       1.373354203215e-17 
  857       3.233489479685e-10       1.775464826577e-12       1.871622978243e-12       0.000000000000e+00       1.032708288988e-14       3.698089738256e-15       1.781793218111e-17 
  858       3.222016697220e-10       1.795403219204e-12       2.099224181067e-12       0.000000000000e+00       1.028213055030e-14       3.674709157901e-15       2.187180301841e-17 
  859       3.210321373951e-10       1.816136556082e-12       2.324184151046e-12       0.000000000000e+00       1.023741717267e-14       3.651188830028e-15       2.589490370762e-17 
  860       3.198407334770e-10       1.837654347135e-12       2.546444431088e-12       0.000000000000e+00       1.019294174432e-14       3.627534024216e-15       2.988698318469e-17 
  861       3.186278448544e-10       1.859945968592e-12       2.765946183085e-12       0.000000000000e+00       1.014870322242e-14       3.603750061515e-15       3.384779015964e-17 
  862       3.173938628244e-10       1.883000662567e-12       2.982630186978e-12       0.000000000000e+00       1.010470053384e-14       3.579842314598e-15       3.777707311821e-17 
  863       3.161391831086e-10       1.906807536637e-12       3.196436839827e-12       0.000000000000e+00       1.006093257512e-14       3.555816207904e-15       4.167458032356e-17 
  864       3.148642058662e-10       1.931355563419e-12       3.407306154878e-12       0.000000000000e+00       1.001739821227e-14       3.531677217795e-15       4.554005981795e-17 
  865       3.135693357073e-10       1.956633580150e-12       3.615177760632e-12       0.000000000000e+00       9.974096280700e-15       3.507430872703e-15       4.937325942439e-17 
  866       3.122549817068e-10       1.982630288260e-12       3.819990899910e-12       0.000000000000e+00       9.931025585117e-15       3.483082753275e-15       5.317392674838e-17 
  867       3.109215574173e-10       2.009334252958e-12       4.021684428919e-12       0.000000000000e+00       9.888184899383e-15       3.458638492529e-15       5.694180917952e-17 
  868       3.095694808830e-10       2.036733902804e-12       4.220196816328e-12       0.000000000000e+00       9.845572966420e-15       3.434103776001e-15       6.067665389324e-17 
  869       3.081991746528e-10       2.064817529287e-12       4.415466142325e-12       0.000000000000e+00       9.803188498093e-15       3.409484341892e-15       6.437820785248e-17 
  870       3.068110657941e-10       2.093573286408e-12       4.607430097692e-12       0.000000000000e+00       9.761030175099e-15       3.384785981221e-15       6.804621780931e-17 
  871       3.054055859057e-10       2.122989190252e-12       4.796025982868e-12       0.000000000000e+00       9.719096646852e-15       3.360014537974e-15       7.168043030668e-17 
  872       3.039831711319e-10       2.153053118570e-12       4.981190707022e-12       0.000000000000e+00       9.677386531370e-15       3.335175909250e-15       7.528059168008e-17 
  873       3.025442621755e-10       2.183752810355e-12       5.162860787113e-12       0.000000000000e+00       9.635898415167e-15       3.310276045416e-15       7.884644805920e-17 
  874       3.010893043113e-10       2.215075865422e-12       5.340972346965e-12       0.000000000000e+00       9.594630853134e-15       3.285320950252e-15       8.237774536962e-17 
  875       2.996187473995e-10       2.247009743983e-12       5.515461116330e-12       0.000000000000e+00       9.553582368431e-15       3.260316681102e-15       8.587422933449e-17 
  876       2.981330458996e-10       2.279541766228e-12       5.686262429958e-12       0.000000000000e+00       9.512751452371e-15       3.235269349024e-15       8.933564547623e-17 
  877       2.966326588830e-10       2.312659111901e-12       5.853311226661e-12       0.000000000000e+00       9.472136564310e-15       3.210185118938e-15       9.276173911817e-17 
  878       2.951180500473e-10       2.346348819880e-12       6.016542048386e-12       0.000000000000e+00       9.431736131534e-15       3.185070209778e-15       9.615225538626e-17 
  879       2.935896877291e-10       2.380597787754e-12       6.175889039279e-12       0.000000000000e+00       9.391548549145e-15       3.159930894639e-15       9.950693921073e-17 
  880       2.920480449179e-10       2.415392771399e-12       6.331285944752e-12       0.000000000000e+00       9.351572179946e-15       3.134773500928e-15       1.028255353278e-16 
  881       2.904935992692e-10       2.450720384558e-12       6.482666110552e-12       0.000000000000e+00       9.311805354336e-15       3.109604410512e-15       1.061077882814e-16 
  882       2.889268331182e-10       2.486567098422e-12       6.629962481831e-12       0.000000000000e+00       9.272246370189e-15       3.084430059869e-15       1.093534424245e-16 
  883       2.873482334929e-10       2.522919241200e-12       6.773107602207e-12       0.000000000000e+00       9.232893492746e-15       3.059256940237e-15       1.125622419216e-16 
  884       2.857582921281e-10       2.559762997707e-12       6.912033612840e-12       0.000000000000e+00       9.193744954501e-15       3.034091597762e-15       1.157339307494e-16 
  885       2.841575054781e-10       2.597084408933e-12       7.046672251490e-12       0.000000000000e+00       9.154798955089e-15       3.008940633652e-15       1.188682526992e-16 
  886       2.825463747310e-10       2.634869371627e-12       7.176954851596e-12       0.000000000000e+00       9.116053661170e-15       2.983810704320e-15       1.219649513783e-16 
  887       2.809254058212e-10       2.673103637871e-12       7.302812341331e-12       0.000000000000e+00       9.077507206323e-15       2.958708521539e-15       1.250237702118e-16 
  888       2.792951094438e-10       2.711772814663e-12       7.424175242681e-12       0.000000000000e+00       9.039157690927e-15       2.933640852587e-15       1.280444524441e-16 
  889       2.776560010672e-10       2.750862363490e-12       7.540973670505e-12       0.000000000000e+00       9.001003182051e-15       2.908614520401e-15       1.310267411407e-16 
  890       2.760086009471e-10       2.790357599907e-12       7.653137331604e-12       0.000000000000e+00       8.963041713341e-15       2.883636403723e-15       1.339703791900e-16 
  891       2.743534142886e-10       2.830243635167e-12       7.760608143306e-12       0.000000000000e+00       8.925271525294e-15       2.858712516883e-15       1.368751987442e-16 
  892       2.726908713500e-10       2.870505200895e-12       7.863378317680e-12       0.000000000000e+00       8.887691790624e-15       2.833845232312e-15       1.397413911462e-16 
  893       2.710213863844e-10       2.911126820705e-12       7.961452899499e-12       0.000000000000e+00       8.850301900560e-15       2.809036012816e-15       1.425692414288e-16 
  894       2.693453774121e-10       2.952092867456e-12       8.054837204253e-12       0.000000000000e+00       8.813101225456e-15       2.784286327827e-15       1.453590392916e-16 
  895       2.676632662312e-10       2.993387562823e-12       8.143536819129e-12       0.000000000000e+00       8.776089114718e-15       2.759597653418e-15       1.481110791163e-16 
  896       2.659754784277e-10       3.034994976866e-12       8.227557603976e-12       0.000000000000e+00       8.739264896725e-15       2.734971472306e-15       1.508256599812e-16 
  897       2.642824433864e-10       3.076899027601e-12       8.306905692286e-12       0.000000000000e+00       8.702627878756e-15       2.710409273869e-15       1.535030856774e-16 
  898       2.625845943010e-10       3.119083480566e-12       8.381587492158e-12       0.000000000000e+00       8.666177346910e-15       2.685912554157e-15       1.561436647228e-16 
  899       2.608823681850e-10       3.161531948395e-12       8.451609687281e-12       0.000000000000e+00       8.629912566032e-15       2.661482815895e-15       1.587477103785e-16 
  900       2.591762058813e-10       3.204227890380e-12       8.516979237898e-12       0.000000000000e+00       8.593832779635e-15       2.637121568503e-15       1.613155406629e-16 
  901       2.574665520735e-10       3.247154612049e-12       8.577703381784e-12       0.000000000000e+00       8.557937209826e-15       2.612830328100e-15       1.638474783677e-16 
  902       2.557538552960e-10       3.290295264729e-12       8.633789635218e-12       0.000000000000e+00       8.522225057226e-15       2.588610617517e-15       1.663438510726e-16 
  903       2.540385679445e-10       3.333632845116e-12       8.685245793956e-12       0.000000000000e+00       8.486695500898e-15       2.564463966306e-15       1.688049911607e-16 
  904       2.523211462860e-10       3.377150194848e-12       8.732079934203e-12       0.000000000000e+00       8.451347698265e-15       2.540391910753e-15       1.712312358336e-16 
  905       2.506020504702e-10       3.420830000070e-12       8.774300413585e-12       0.000000000000e+00       8.416180785041e-15       2.516395993887e-15       1.736229271266e-16 
  906       2.488817445390e-10       3.464654791005e-12       8.811915872128e-12       0.000000000000e+00       8.381193875146e-15       2.492477765490e-15       1.759804119240e-16 
  907       2.471606964375e-10       3.508606941524e-12       8.844935233221e-12       0.000000000000e+00       8.346386060638e-15       2.468638782108e-15       1.783040419739e-16 
  908       2.454393780241e-10       3.552668668714e-12       8.873367704598e-12       0.000000000000e+00       8.311756411630e-15       2.444880607063e-15       1.805941739041e-16 
  909       2.437182650813e-10       3.596822032448e-12       8.897222779308e-12       0.000000000000e+00       8.277303976218e-15       2.421204810461e-15       1.828511692365e-16 
  910       2.419978373258e-10       3.641048934953e-12       8.916510236684e-12       0.000000000000e+00       8.243027780401e-15       2.397612969203e-15       1.850753944026e-16 
  911       2.402785784193e-10       3.685331120383e-12       8.931240143323e-12       0.000000000000e+00       8.208926828009e-15       2.374106666998e-15       1.872672207590e-16 
  912       2.385609759786e-10       3.729650174382e-12       8.941422854053e-12       0.000000000000e+00       8.175000100621e-15       2.350687494371e-15       1.894270246020e-16 
  913       2.368455215862e-10       3.773987523660e-12       8.947069012909e-12       0.000000000000e+00       8.141246557495e-15       2.327357048673e-15       1.915551871833e-16 
  914       2.351327108007e-10       3.818324435557e-12       8.948189554104e-12       0.000000000000e+00       8.107665135486e-15       2.304116934096e-15       1.936520947249e-16 
  915       2.334230431673e-10       3.862642017614e-12       8.944795703006e-12       0.000000000000e+00       8.074254748973e-15       2.280968761675e-15       1.957181384343e-16 
  916       2.317170222284e-10       3.906921217145e-12       8.936898977106e-12       0.000000000000e+00       8.041014289780e-15       2.257914149310e-15       1.977537145198e-16 
  917       2.300151555336e-10       3.951142820803e-12       8.924511186994e-12       0.000000000000e+00       8.007942627104e-15       2.234954721765e-15       1.997592242055e-16 
  918       2.283179546505e-10       3.995287454148e-12       8.907644437330e-12       0.000000000000e+00       7.975038607432e-15       2.212092110687e-15       2.017350737467e-16 
  919       2.266259351751e-10       4.039335581221e-12       8.886311127818e-12       0.000000000000e+00       7.942301054473e-15       2.189327954613e-15       2.036816744451e-16 
  920       2.249396167421e-10       4.083267504110e-12       8.860523954181e-12       0.000000000000e+00       7.909728769072e-15       2.166663898978e-15       2.055994426635e-16 
  921       2.232595230356e-10       4.127063362519e-12       8.830295909131e-12       0.000000000000e+00       7.877320529143e-15       2.144101596133e-15       2.074887998418e-16 
  922       2.215861817993e-10       4.170703133340e-12       8.795640283341e-12       0.000000000000e+00       7.845075089584e-15       2.121642705347e-15       2.093501725114e-16 
  923       2.199201248469e-10       4.214166630217e-12       8.756570666422e-12       0.000000000000e+00       7.812991182208e-15       2.099288892823e-15       2.111839923108e-16 
  924       2.182618880728e-10       4.257433503124e-12       8.713100947894e-12       0.000000000000e+00       7.781067515662e-15       2.077041831707e-15       2.129906960009e-16 
  925       2.166120114624e-10       4.300483237924e-12       8.665245318158e-12       0.000000000000e+00       7.749302775353e-15       2.054903202098e-15       2.147707254798e-16 
  926       2.149710391026e-10       4.343295155947e-12       8.613018269469e-12       0.000000000000e+00       7.717695623368e-15       2.032874691059e-15       2.165245277982e-16 
  927       2.133395191921e-10       4.385848413552e-12       8.556434596910e-12       0.000000000000e+00       7.686244698404e-15       2.010957992628e-15       2.182525551745e-16 
  928       2.117180040520e-10       4.428122001703e-12       8.495509399367e-12       0.000000000000e+00       7.654948615685e-15       1.989154807828e-15       2.199552650101e-16 
  929       2.101070501362e-10       4.470094745534e-12       8.430258080496e-12       0.000000000000e+00       7.623805966890e-15       1.967466844675e-15       2.216331199047e-16 
  930       2.085072180418e-10       4.511745303917e-12       8.360696349702e-12       0.000000000000e+00       7.592815320073e-15       1.945895818195e-15       2.232865876709e-16 
  931       2.069190163733e-10       4.553053909419e-12       8.286847061829e-12       0.000000000000e+00       7.561975388463e-15       1.924443044061e-15       2.249159870442e-16 
  932       2.053427323492e-10       4.594007618913e-12       8.208760851814e-12       0.000000000000e+00       7.531285539903e-15       1.903108212523e-15       2.265210221274e-16 
  933       2.037785985593e-10       4.634595144464e-12       8.126495825613e-12       0.000000000000e+00       7.500745295248e-15       1.881890595269e-15       2.281012406738e-16 
  934       2.022268488726e-10       4.674805120221e-12       8.040110752728e-12       0.000000000000e+00       7.470354160165e-15       1.860789450009e-15       2.296561877256e-16 
  935       2.006877184405e-10       4.714626102226e-12       7.949665068131e-12       0.000000000000e+00       7.440111625075e-15       1.839804020421e-15       2.311854056069e-16 
  936       1.991614436987e-10       4.754046568224e-12       7.855218874182e-12       0.000000000000e+00       7.410017165108e-15       1.818933536114e-15       2.326884339184e-16 
  937       1.976482623707e-10       4.793054917477e-12       7.756832942543e-12       0.000000000000e+00       7.380070240044e-15       1.798177212575e-15       2.341648095307e-16 
  938       1.961484134698e-10       4.831639470566e-12       7.654568716105e-12       0.000000000000e+00       7.350270294261e-15       1.777534251128e-15       2.356140665784e-16 
  939       1.946621373022e-10       4.869788469211e-12       7.548488310899e-12       0.000000000000e+00       7.320616756682e-15       1.757003838886e-15       2.370357364537e-16 
  940       1.931896754697e-10       4.907490076072e-12       7.438654518020e-12       0.000000000000e+00       7.291109040725e-15       1.736585148706e-15       2.384293478006e-16 
  941       1.917312708718e-10       4.944732374564e-12       7.325130805542e-12       0.000000000000e+00       7.261746544246e-15       1.716277339144e-15       2.397944265085e-16 
  942       1.902871677093e-10       4.981503368666e-12       7.207981320440e-12       0.000000000000e+00       7.232528649487e-15       1.696079554408e-15       2.411304957060e-16 
  943       1.888576114861e-10       5.017790982728e-12       7.087270890506e-12       0.000000000000e+00       7.203454723024e-15       1.675990924313e-15       2.424370757548e-16 
  944       1.874428490125e-10       5.053583061287e-12       6.963065026270e-12       0.000000000000e+00       7.174524115714e-15       1.656010564236e-15       2.437136842438e-16 
  945       1.860431284076e-10       5.088867368872e-12       6.835429922916e-12       0.000000000000e+00       7.145736162640e-15       1.636137575070e-15       2.449598359825e-16 
  946       1.846586991019e-10       5.123631589815e-12       6.704432462204e-12       0.000000000000e+00       7.117090183061e-15       1.616371043175e-15       2.461750429951e-16 
  947       1.832898118401e-10       5.157863328061e-12       6.570140214388e-12       0.000000000000e+00       7.088585480355e-15       1.596710040340e-15       2.473588145144e-16 
  948       1.819367186841e-10       5.191550106980e-12       6.432621440130e-12       0.000000000000e+00       7.060221341971e-15       1.577153623727e-15       2.485106569755e-16 
  949       1.805996730150e-10       5.224679369174e-12       6.291945092427e-12       0.000000000000e+00       7.031997039372e-15       1.557700835837e-15       2.496300740097e-16 
  950       1.792789295362e-10       5.257238476288e-12       6.148180818524e-12       0.000000000000e+00       7.003911827981e-15       1.538350704452e-15       2.507165664383e-16 
  951       1.779747442761e-10       5.289214708822e-12       6.001398961832e-12       0.000000000000e+00       6.975964947134e-15       1.519102242601e-15       2.517696322665e-16 
  952       1.766873745907e-10       5.320595265937e-12       5.851670563851e-12       0.000000000000e+00       6.948155620020e-15       1.499954448504e-15       2.527887666774e-16 
  953       1.754170791662e-10       5.351367265268e-12       5.699067366087e-12       0.000000000000e+00       6.920483053633e-15       1.480906305536e-15       2.537734620253e-16 
  954       1.741641180218e-10       5.381517742734e-12       5.543661811968e-12       0.000000000000e+00       6.892946438716e-15       1.461956782172e-15       2.547232078303e-16 
  955       1.729287525123e-10       5.411033652344e-12       5.385527048768e-12       0.000000000000e+00       6.865544949709e-15       1.443104831949e-15       2.556374907714e-16 
  956       1.717112453309e-10       5.439901866015e-12       5.224736929521e-12       0.000000000000e+00       6.838277744696e-15       1.424349393415e-15       2.565157946811e-16 
  957       1.705118605117e-10       5.468109173372e-12       5.061366014942e-12       0.000000000000e+00       6.811143965353e-15       1.405689390086e-15       2.573576005385e-16 
  958       1.693308634324e-10       5.495642281565e-12       4.895489575344e-12       0.000000000000e+00       6.784142736892e-15       1.387123730401e-15       2.581623864637e-16 
  959       1.681685208172e-10       5.522487815077e-12       4.727183592561e-12       0.000000000000e+00       6.757273168011e-15       1.368651307673e-15       2.589296277113e-16 
  960       1.670251007392e-10       5.548632315534e-12       4.556524761860e-12       0.000000000000e+00       6.730534350840e-15       1.350271000048e-15       2.596587966644e-16 
  961       1.659008726233e-10       5.574062241514e-12       4.383590493868e-12       0.000000000000e+00       6.703925360886e-15       1.331981670453e-15       2.603493628286e-16 
  962       1.647961072488e-10       5.598763968358e-12       4.208458916482e-12       0.000000000000e+00       6.677445256984e-15       1.313782166557e-15       2.610007928253e-16 
  963       1.637110767519e-10       5.622723787980e-12       4.031208876794e-12       0.000000000000e+00       6.651093081241e-15       1.295671320722e-15       2.616125503863e-16 
  964       1.626460546286e-10       5.645927908676e-12       3.851919943008e-12       0.000000000000e+00       6.624867858982e-15       1.277647949955e-15       2.621840963470e-16 
  965       1.616013157375e-10       5.668362454934e-12       3.670672406359e-12       0.000000000000e+00       6.598768598700e-15       1.259710855869e-15       2.627148886406e-16 
  966       1.605771363021e-10       5.690013467247e-12       3.487547283028e-12       0.000000000000e+00       6.572794292003e-15       1.241858824630e-15       2.632043822918e-16 
  967       1.595737939136e-10       5.710866901917e-12       3.302626316068e-12       0.000000000000e+00       6.546943913556e-15       1.224090626916e-15       2.636520294107e-16 
  968       1.585915675340e-10       5.730908630872e-12       3.115991977317e-12       0.000000000000e+00       6.521216421035e-15       1.206405017869e-15       2.640572791866e-16 
  969       1.576307374981e-10       5.750124441470e-12       2.927727469317e-12       0.000000000000e+00       6.495610755068e-15       1.188800737052e-15       2.644195778819e-16 
  970       1.566915855167e-10       5.768500036312e-12       2.737916727237e-12       0.000000000000e+00       6.470125839185e-15       1.171276508400e-15       2.647383688259e-16 
  971       1.557743385804e-10       5.786023428386e-12       2.546641983407e-12       0.000000000000e+00       6.444760703367e-15       1.153831425382e-15       2.650132914462e-16 
  972       1.548789997428e-10       5.802692166350e-12       2.353976416937e-12       0.000000000000e+00       6.419514856833e-15       1.136466112921e-15       2.652447816544e-16 
  973       1.540055147975e-10       5.818506217547e-12       2.159991397353e-12       0.000000000000e+00       6.394387920756e-15       1.119181582864e-15       2.654334804788e-16 
  974       1.531538281414e-10       5.833465582640e-12       1.964758913556e-12       0.000000000000e+00       6.369379505130e-15       1.101978850354e-15       2.655800358643e-16 
  975       1.523238827705e-10       5.847570295725e-12       1.768351575432e-12       0.000000000000e+00       6.344489208730e-15       1.084858933843e-15       2.656851026922e-16 
  976       1.515156202752e-10       5.860820424445e-12       1.570842615462e-12       0.000000000000e+00       6.319716619082e-15       1.067822855089e-15       2.657493427985e-16 
  977       1.507289808359e-10       5.873216070103e-12       1.372305890333e-12       0.000000000000e+00       6.295061312419e-15       1.050871639162e-15       2.657734249938e-16 
  978       1.499639032186e-10       5.884757367783e-12       1.172815882541e-12       0.000000000000e+00       6.270522853646e-15       1.034006314446e-15       2.657580250821e-16 
  979       1.492203247705e-10       5.895444486456e-12       9.724477020044e-13       0.000000000000e+00       6.246100796303e-15       1.017227912643e-15       2.657038258799e-16 
  980       1.484981814154e-10       5.905277629100e-12       7.712770876716e-13       0.000000000000e+00       6.221794682528e-15       1.000537468778e-15       2.656115172356e-16 
  981       1.477974076493e-10       5.914257032814e-12       5.693804091298e-13       0.000000000000e+00       6.197604043019e-15       9.839360211983e-16       2.654817960483e-16 
  982       1.471179365360e-10       5.922382968929e-12       3.668346682136e-13       0.000000000000e+00       6.173528396996e-15       9.674246115800e-16       2.653153662874e-16 
  983       1.464596997026e-10       5.929655743129e-12       1.637175006144e-13       0.000000000000e+00       6.149567252164e-15       9.510042849302e-16       2.651129390113e-16 
  984       1.458226273350e-10       5.936075695557e-12      -3.989282251137e-14       0.000000000000e+00       6.125720104677e-15       9.346760895903e-16       2.648752323869e-16 
  985       1.452066481737e-10       5.941643200938e-12      -2.439173929329e-13       0.000000000000e+00       6.101986439101e-15       9.184410772395e-16       2.646029717085e-16 
  986       1.446116895088e-10       5.946358668687e-12      -4.482766637365e-13       0.000000000000e+00       6.078365728374e-15       9.023003028979e-16       2.642968894171e-16 
  987       1.440376771763e-10       5.950222543027e-12      -6.528904477166e-13       0.000000000000e+00       6.054857433768e-15       8.862548249300e-16       2.639577251195e-16 
  988       1.434845355529e-10       5.953235303103e-12      -8.576779157669e-13       0.000000000000e+00       6.031461004859e-15       8.703057050477e-16       2.635862256074e-16 
  989       1.429521875520e-10       5.955397463095e-12      -1.062557595272e-12       0.000000000000e+00       6.008175879479e-15       8.544540083139e-16       2.631831448766e-16 
  990       1.424405546192e-10       5.956709572335e-12      -1.267447368496e-12       0.000000000000e+00       5.985001483688e-15       8.387008031456e-16       2.627492441464e-16 
  991       1.419495567278e-10       5.957172215419e-12      -1.472264470980e-12       0.000000000000e+00       5.961937231732e-15       8.230471613173e-16       2.622852918781e-16 
  992       1.414791123742e-10       5.956786012323e-12      -1.676925489925e-12       0.000000000000e+00       5.938982526006e-15       8.074941579641e-16       2.617920637949e-16 
  993       1.410291385735e-10       5.955551618518e-12      -1.881346362588e-12       0.000000000000e+00       5.916136757016e-15       7.920428715853e-16       2.612703429005e-16 
  994       1.405995508555e-10       5.953469725082e-12      -2.085442374675e-12       0.000000000000e+00       5.893399303345e-15       7.766943840473e-16       2.607209194986e-16 
  995       1.401902632594e-10       5.950541058817e-12      -2.289128158725e-12       0.000000000000e+00       5.870769531612e-15       7.614497805875e-16       2.601445912117e-16 
  996       1.398011883302e-10       5.946766382363e-12      -2.492317692509e-12       0.000000000000e+00       5.848246796439e-15       7.463101498168e-16       2.595421630006e-16 
  997       1.394322371134e-10       5.942146494312e-12      -2.694924297417e-12       0.000000000000e+00       5.825830440406e-15       7.312765837235e-16       2.589144471835e-16 
  998       1.390833191516e-10       5.936682229322e-12      -2.896860636848e-12       0.000000000000e+00       5.803519794023e-15       7.163501776764e-16       2.582622634549e-16 
  999       1.387543424789e-10       5.930374458233e-12      -3.098038714605e-12       0.000000000000e+00       5.781314175687e-15       7.015320304281e-16       2.575864389049e-16 
 1000       1.384452136173e-10       5.923224088180e-12      -3.298369873285e-12       0.000000000000e+00       5.759212891645e-15       6.868232441181e-16       2.568878080385e-16 
 1001       1.381558375718e-10       5.915232062708e-12      -3.497764792666e-12       0.000000000000e+00       5.737215235958e-15       6.722249242766e-16       2.561672127943e-16 
 1002       1.378861178262e-10       5.906399361889e-12      -3.696133488105e-12       0.000000000000e+00       5.715320490463e-15       6.577381798272e-16       2.554255025644e-16 
 1003       1.376359563386e-10       5.896727002431e-12      -3.893385308924e-12       0.000000000000e+00       5.693527924738e-15       6.433641230905e-16       2.546635342128e-16 
 1004       1.374052535365e-10       5.886216037798e-12      -4.089428936802e-12       0.000000000000e+00       5.671836796060e-15       6.291038697875e-16       2.538821720949e-16 
 1005       1.371939083131e-10       5.874867558321e-12      -4.284172384169e-12       0.000000000000e+00       5.650246349372e-15       6.149585390425e-16       2.530822880766e-16 
 1006       1.370018180225e-10       5.862682691314e-12      -4.477522992593e-12       0.000000000000e+00       5.628755817243e-15       6.009292533869e-16       2.522647615535e-16 
 1007       1.368288784749e-10       5.849662601189e-12      -4.669387431176e-12       0.000000000000e+00       5.607364419832e-15       5.870171387620e-16       2.514304794701e-16 
 1008       1.366749839326e-10       5.835808489568e-12      -4.859671694940e-12       0.000000000000e+00       5.586071364851e-15       5.732233245227e-16       2.505803363386e-16 
 1009       1.365400271057e-10       5.821121595402e-12      -5.048281103222e-12       0.000000000000e+00       5.564875847526e-15       5.595489434405e-16       2.497152342586e-16 
 1010       1.364238991468e-10       5.805603195081e-12      -5.235120298063e-12       0.000000000000e+00       5.543777050561e-15       5.459951317069e-16       2.488360829358e-16 
 1011       1.363264648470e-10       5.789256159816e-12      -5.420102648625e-12       0.000000000000e+00       5.522774237336e-15       5.325630467761e-16       2.479436416560e-16 
 1012       1.362474878364e-10       5.772089652208e-12      -5.603178616519e-12       0.000000000000e+00       5.501867033045e-15       5.192539211682e-16       2.470380426676e-16 
 1013       1.361867042935e-10       5.754114497760e-12      -5.784307797115e-12       0.000000000000e+00       5.481055147546e-15       5.060690094500e-16       2.461192609504e-16 
 1014       1.361438476406e-10       5.735341634071e-12      -5.963449550176e-12       0.000000000000e+00       5.460338282468e-15       4.930095704712e-16       2.451872716379e-16 
 1015       1.361186485361e-10       5.715782111124e-12      -6.140562999351e-12       0.000000000000e+00       5.439716131182e-15       4.800768673699e-16       2.442420500173e-16 
 1016       1.361108348677e-10       5.695447091585e-12      -6.315607031665e-12       0.000000000000e+00       5.419188378778e-15       4.672721675783e-16       2.432835715303e-16 
 1017       1.361201317445e-10       5.674347851106e-12      -6.488540297021e-12       0.000000000000e+00       5.398754702037e-15       4.545967428277e-16       2.423118117736e-16 
 1018       1.361462614899e-10       5.652495778613e-12      -6.659321207686e-12       0.000000000000e+00       5.378414769404e-15       4.420518691538e-16       2.413267464999e-16 
 1019       1.361889436341e-10       5.629902376612e-12      -6.827907937794e-12       0.000000000000e+00       5.358168240962e-15       4.296388269028e-16       2.403283516180e-16 
 1020       1.362478949069e-10       5.606579261477e-12      -6.994258422831e-12       0.000000000000e+00       5.338014768408e-15       4.173589007357e-16       2.393166031938e-16 
 1021       1.363228292302e-10       5.582538163758e-12      -7.158330359139e-12       0.000000000000e+00       5.317953995023e-15       4.052133796347e-16       2.382914774507e-16 
 1022       1.364134577108e-10       5.557790928467e-12      -7.320081203403e-12       0.000000000000e+00       5.297985555646e-15       3.932035569081e-16       2.372529507703e-16 
 1023       1.365194886328e-10       5.532349515384e-12      -7.479468172148e-12       0.000000000000e+00       5.278109076652e-15       3.813307301955e-16       2.362009996930e-16 
 1024       1.366406274504e-10       5.506225999350e-12      -7.636448241234e-12       0.000000000000e+00       5.258324175920e-15       3.695962014737e-16       2.351356009186e-16 
 1025       1.367765767806e-10       5.479432570562e-12      -7.790978145350e-12       0.000000000000e+00       5.238630462809e-15       3.580012770616e-16       2.340567313070e-16 
 1026       1.369270363956e-10       5.451981534877e-12      -7.943014377507e-12       0.000000000000e+00       5.219027538134e-15       3.465472676259e-16       2.329643678785e-16 
 1027       1.370917032156e-10       5.423885314103e-12      -8.092513188536e-12       0.000000000000e+00       5.199514994133e-15       3.352354881865e-16       2.318584878150e-16 
 1028       1.372702713016e-10       5.395156446297e-12      -8.239430586576e-12       0.000000000000e+00       5.180092414449e-15       3.240672581215e-16       2.307390684601e-16 
 1029       1.374624318476e-10       5.365807586065e-12      -8.383722336574e-12       0.000000000000e+00       5.160759374098e-15       3.130439011730e-16       2.296060873197e-16 
 1030       1.376678731737e-10       5.335851504859e-12      -8.525343959780e-12       0.000000000000e+00       5.141515439444e-15       3.021667454524e-16       2.284595220630e-16 
 1031       1.378862807183e-10       5.305301091269e-12      -8.664250733234e-12       0.000000000000e+00       5.122360168171e-15       2.914371234455e-16       2.272993505230e-16 
 1032       1.381173370312e-10       5.274169351326e-12      -8.800397689270e-12       0.000000000000e+00       5.103293109261e-15       2.808563720184e-16       2.261255506967e-16 
 1033       1.383607217659e-10       5.242469408798e-12      -8.933739615002e-12       0.000000000000e+00       5.084313802964e-15       2.704258324224e-16       2.249381007463e-16 
 1034       1.386161116723e-10       5.210214505484e-12      -9.064231051824e-12       0.000000000000e+00       5.065421780772e-15       2.601468502996e-16       2.237369789995e-16 
 1035       1.388831805895e-10       5.177418001514e-12      -9.191826294902e-12       0.000000000000e+00       5.046616565394e-15       2.500207756882e-16       2.225221639500e-16 
 1036       1.391615994381e-10       5.144093375647e-12      -9.316479392668e-12       0.000000000000e+00       5.027897670728e-15       2.400489630281e-16       2.212936342584e-16 
 1037       1.394510362134e-10       5.110254225564e-12      -9.438144146316e-12       0.000000000000e+00       5.009264601835e-15       2.302327711660e-16       2.200513687528e-16 
 1038       1.397511559773e-10       5.075914268169e-12      -9.556774109294e-12       0.000000000000e+00       4.990716854913e-15       2.205735633610e-16       2.187953464290e-16 
 1039       1.400616208516e-10       5.041087339886e-12      -9.672322586802e-12       0.000000000000e+00       4.972253917274e-15       2.110727072898e-16       2.175255464517e-16 
 1040       1.403820900102e-10       5.005787396954e-12      -9.784742635283e-12       0.000000000000e+00       4.953875267308e-15       2.017315750524e-16       2.162419481547e-16 
 1041       1.407122196722e-10       4.970028515725e-12      -9.893987061917e-12       0.000000000000e+00       4.935580374468e-15       1.925515431770e-16       2.149445310416e-16 
 1042       1.410516630937e-10       4.933824892961e-12      -1.000000842412e-11       0.000000000000e+00       4.917368699237e-15       1.835339926257e-16       2.136332747866e-16 
 1043       1.414000705616e-10       4.897190846134e-12      -1.010275902903e-11       0.000000000000e+00       4.899239693101e-15       1.746803088001e-16       2.123081592348e-16 
 1044       1.417570893851e-10       4.860140813717e-12      -1.020219093302e-11       0.000000000000e+00       4.881192798527e-15       1.659918815461e-16       2.109691644030e-16 
 1045       1.421223638892e-10       4.822689355489e-12      -1.029825594115e-11       0.000000000000e+00       4.863227448934e-15       1.574701051598e-16       2.096162704805e-16 
 1046       1.424955354068e-10       4.784851152824e-12      -1.039090560673e-11       0.000000000000e+00       4.845343068667e-15       1.491163783927e-16       2.082494578292e-16 
 1047       1.428762422716e-10       4.746641008995e-12      -1.048009123075e-11       0.000000000000e+00       4.827539072968e-15       1.409321044569e-16       2.068687069848e-16 
 1048       1.432641198106e-10       4.708073849467e-12      -1.056576386139e-11       0.000000000000e+00       4.809814867955e-15       1.329186910308e-16       2.054739986569e-16 
 1049       1.436588003370e-10       4.669164722196e-12      -1.064787429355e-11       0.000000000000e+00       4.792169850592e-15       1.250775502644e-16       2.040653137301e-16 
 1050       1.440599131423e-10       4.629928797925e-12      -1.072637306829e-11       0.000000000000e+00       4.774603408663e-15       1.174100987846e-16       2.026426332641e-16 
 1051       1.444671001264e-10       4.590381188100e-12      -1.080122063261e-11       0.000000000000e+00       4.757114984890e-15       1.099171959603e-16       2.012059811668e-16 
 1052       1.448800629384e-10       4.550536395243e-12      -1.087241797426e-11       0.000000000000e+00       4.739704270325e-15       1.025974501355e-16       1.997555528612e-16 
 1053       1.452985164758e-10       4.510408855526e-12      -1.093997641173e-11       0.000000000000e+00       4.722371013592e-15       9.544888886238e-17       1.982915884080e-16 
 1054       1.457221733023e-10       4.470013120742e-12      -1.100390747327e-11       0.000000000000e+00       4.705114956971e-15       8.846951845120e-17       1.968143300009e-16 
 1055       1.461507436413e-10       4.429363858579e-12      -1.106422289744e-11       0.000000000000e+00       4.687935836374e-15       8.165732391459e-17       1.953240219723e-16 
 1056       1.465839353707e-10       4.388475852899e-12      -1.112093463374e-11       0.000000000000e+00       4.670833381332e-15       7.501026891200e-17       1.938209107983e-16 
 1057       1.470214540171e-10       4.347364004017e-12      -1.117405484319e-11       0.000000000000e+00       4.653807314969e-15       6.852629569416e-17       1.923052451036e-16 
 1058       1.474630027502e-10       4.306043328974e-12      -1.122359589895e-11       0.000000000000e+00       4.636857353987e-15       6.220332504745e-17       1.907772756673e-16 
 1059       1.479082823771e-10       4.264528961818e-12      -1.126957038688e-11       0.000000000000e+00       4.619983208643e-15       5.603925623835e-17       1.892372554278e-16 
 1060       1.483569913364e-10       4.222836153879e-12      -1.131199110616e-11       0.000000000000e+00       4.603184582734e-15       5.003196695784e-17       1.876854394881e-16 
 1061       1.488088256931e-10       4.180980274048e-12      -1.135087106990e-11       0.000000000000e+00       4.586461173574e-15       4.417931326582e-17       1.861220851213e-16 
 1062       1.492634791322e-10       4.138976809055e-12      -1.138622350569e-11       0.000000000000e+00       4.569812671974e-15       3.847912953553e-17       1.845474517753e-16 
 1063       1.497206429538e-10       4.096841363745e-12      -1.141806185627e-11       0.000000000000e+00       4.553238762228e-15       3.292922839797e-17       1.829618010787e-16 
 1064       1.501800060668e-10       4.054589661354e-12      -1.144639978005e-11       0.000000000000e+00       4.536739122086e-15       2.752740068631e-17       1.813653968454e-16 
 1065       1.506412549835e-10       4.012237543788e-12      -1.147125115176e-11       0.000000000000e+00       4.520313422742e-15       2.227141538032e-17       1.797585050805e-16 
 1066       1.511040738142e-10       3.969800971903e-12      -1.149263006302e-11       0.000000000000e+00       4.503961328807e-15       1.715901955076e-17       1.781413939850e-16 
 1067       1.515681442609e-10       3.927296025777e-12      -1.151055082297e-11       0.000000000000e+00       4.487682498297e-15       1.218793830385e-17       1.765143339613e-16 
 1068       1.520331456122e-10       3.884738904991e-12      -1.152502795881e-11       0.000000000000e+00       4.471476582609e-15       7.355874725619e-18       1.748775976183e-16 
 1069       1.524987547374e-10       3.842145928906e-12      -1.153607621645e-11       0.000000000000e+00       4.455343226501e-15       2.660509826382e-18       1.732314597769e-16 
 1070       1.529646460809e-10       3.799533536937e-12      -1.154371056109e-11       0.000000000000e+00       4.439282068078e-15      -1.900497514878e-18       1.715761974751e-16 
 1071       1.534304916563e-10       3.756918288838e-12      -1.154794617781e-11       0.000000000000e+00       4.423292738765e-15      -6.329510606077e-18       1.699120899731e-16 
 1072       1.538959610412e-10       3.714316864970e-12      -1.154879847217e-11       0.000000000000e+00       4.407374863294e-15      -1.062891499762e-17       1.682394187587e-16 
 1073       1.543607213711e-10       3.671746066584e-12      -1.154628307082e-11       0.000000000000e+00       4.391528059680e-15      -1.480111853798e-17       1.665584675527e-16 
 1074       1.548244373339e-10       3.629222816099e-12      -1.154041582207e-11       0.000000000000e+00       4.375751939206e-15      -1.884855142927e-17       1.648695223137e-16 
 1075       1.552867711644e-10       3.586764157375e-12      -1.153121279651e-11       0.000000000000e+00       4.360046106399e-15      -2.277366628286e-17       1.631728712438e-16 
 1076       1.557473826384e-10       3.544387255995e-12      -1.151869028761e-11       0.000000000000e+00       4.344410159014e-15      -2.657893817492e-17       1.614688047937e-16 
 1077       1.562059290669e-10       3.502109399539e-12      -1.150286481229e-11       0.000000000000e+00       4.328843688012e-15      -3.026686470201e-17       1.597576156676e-16 
 1078       1.566620652908e-10       3.459947997864e-12      -1.148375311156e-11       0.000000000000e+00       4.313346277544e-15      -3.383996603668e-17       1.580395988292e-16 
 1079       1.571154436753e-10       3.417920583377e-12      -1.146137215107e-11       0.000000000000e+00       4.297917504927e-15      -3.730078498306e-17       1.563150515060e-16 
 1080       1.575657141036e-10       3.376044811319e-12      -1.143573912173e-11       0.000000000000e+00       4.282556940629e-15      -4.065188703240e-17       1.545842731955e-16 
 1081       1.580125239718e-10       3.334338460037e-12      -1.140687144031e-11       0.000000000000e+00       4.267264148247e-15      -4.389586041870e-17       1.528475656697e-16 
 1082       1.584555181833e-10       3.292819431262e-12      -1.137478675004e-11       0.000000000000e+00       4.252038684488e-15      -4.703531617424e-17       1.511052329807e-16 
 1083       1.588943391426e-10       3.251505750390e-12      -1.133950292120e-11       0.000000000000e+00       4.236880099148e-15      -5.007288818524e-17       1.493575814659e-16 
 1084       1.593286267501e-10       3.210415566755e-12      -1.130103805170e-11       0.000000000000e+00       4.221787935098e-15      -5.301123324735e-17       1.476049197531e-16 
 1085       1.597580183963e-10       3.169567153908e-12      -1.125941046771e-11       0.000000000000e+00       4.206761728259e-15      -5.585303112130e-17       1.458475587661e-16 
 1086       1.601821489560e-10       3.128978909895e-12      -1.121463872424e-11       0.000000000000e+00       4.191801007583e-15      -5.860098458847e-17       1.440858117294e-16 
 1087       1.606006507828e-10       3.088669357535e-12      -1.116674160574e-11       0.000000000000e+00       4.176905295037e-15      -6.125781950646e-17       1.423199941740e-16 
 1088       1.610131537036e-10       3.048657144694e-12      -1.111573812668e-11       0.000000000000e+00       4.162074105582e-15      -6.382628486465e-17       1.405504239422e-16 
 1089       1.614192850123e-10       3.008961044566e-12      -1.106164753217e-11       0.000000000000e+00       4.147306947151e-15      -6.630915283984e-17       1.387774211934e-16 
 1090       1.618186694649e-10       2.969599955950e-12      -1.100448929857e-11       0.000000000000e+00       4.132603320634e-15      -6.870921885180e-17       1.370013084085e-16 
 1091       1.622109701801e-10       2.930591199029e-12      -1.094428807866e-11       0.000000000000e+00       4.117962774846e-15      -7.102894484277e-17       1.352223841869e-16 
 1092       1.625960119538e-10       2.891945377171e-12      -1.088108860862e-11       0.000000000000e+00       4.103385072292e-15      -7.326938377262e-17       1.334408442405e-16 
 1093       1.629736595850e-10       2.853671446864e-12      -1.081494100193e-11       0.000000000000e+00       4.088870025585e-15      -7.543124082996e-17       1.316568593514e-16 
 1094       1.633437771173e-10       2.815778416081e-12      -1.074589582390e-11       0.000000000000e+00       4.074417442642e-15      -7.751522892151e-17       1.298706014882e-16 
 1095       1.637062278374e-10       2.778275344378e-12      -1.067400409281e-11       0.000000000000e+00       4.060027126671e-15      -7.952206869184e-17       1.280822438080e-16 
 1096       1.640608742735e-10       2.741171343007e-12      -1.059931728100e-11       0.000000000000e+00       4.045698876155e-15      -8.145248854292e-17       1.262919606594e-16 
 1097       1.644075781937e-10       2.704475575016e-12      -1.052188731594e-11       0.000000000000e+00       4.031432484842e-15      -8.330722465384e-17       1.244999275851e-16 
 1098       1.647462006046e-10       2.668197255361e-12      -1.044176658135e-11       0.000000000000e+00       4.017227741725e-15      -8.508702100041e-17       1.227063213242e-16 
 1099       1.650766017497e-10       2.632345651003e-12      -1.035900791829e-11       0.000000000000e+00       4.003084431036e-15      -8.679262937484e-17       1.209113198152e-16 
 1100       1.653986411078e-10       2.596930081023e-12      -1.027366462623e-11       0.000000000000e+00       3.989002332226e-15      -8.842480940538e-17       1.191151021981e-16 
 1101       1.657121773916e-10       2.561959916720e-12      -1.018579046418e-11       0.000000000000e+00       3.974981219952e-15      -8.998432857592e-17       1.173178488176e-16 
 1102       1.660170685457e-10       2.527444581722e-12      -1.009543965179e-11       0.000000000000e+00       3.961020864065e-15      -9.147196224572e-17       1.155197412254e-16 
 1103       1.663131717459e-10       2.493393552089e-12      -1.000266687039e-11       0.000000000000e+00       3.947121029596e-15      -9.288849366898e-17       1.137209621825e-16 
 1104       1.666003433968e-10       2.459816356419e-12      -9.907527264140e-12       0.000000000000e+00       3.933281476741e-15      -9.423471401454e-17       1.119216956625e-16 
 1105       1.668784391307e-10       2.426722575954e-12      -9.810076441114e-12       0.000000000000e+00       3.919501960847e-15      -9.551142238549e-17       1.101221268537e-16 
 1106       1.671473138060e-10       2.394121844686e-12      -9.710370474376e-12       0.000000000000e+00       3.905782232399e-15      -9.671942583882e-17       1.083224421617e-16 
 1107       1.674068215056e-10       2.362023849463e-12      -9.608465903091e-12       0.000000000000e+00       3.892122037006e-15      -9.785953940511e-17       1.065228292124e-16 
 1108       1.676568155353e-10       2.330438330092e-12      -9.504419733615e-12       0.000000000000e+00       3.878521115385e-15      -9.893258610812e-17       1.047234768540e-16 
 1109       1.678971484225e-10       2.299375079448e-12      -9.398289440592e-12       0.000000000000e+00       3.864979203352e-15      -9.993939698447e-17       1.029245751602e-16 
 1110       1.681276719144e-10       2.268843943578e-12      -9.290132968047e-12       0.000000000000e+00       3.851496031802e-15      -1.008808111033e-16       1.011263154325e-16 
 1111       1.683482369765e-10       2.238854821808e-12      -9.180008730485e-12       0.000000000000e+00       3.838071326701e-15      -1.017576755858e-16       9.932889020283e-17 
 1112       1.685586937910e-10       2.209417666847e-12      -9.067975613981e-12       0.000000000000e+00       3.824704809067e-15      -1.025708456251e-16       9.753249323622e-17 
 1113       1.687588917557e-10       2.180542484892e-12      -8.954092977279e-12       0.000000000000e+00       3.811396194960e-15      -1.033211845056e-16       9.573731953332e-17 
 1114       1.689486794817e-10       2.152239335737e-12      -8.838420652885e-12       0.000000000000e+00       3.798145195465e-15      -1.040095636229e-16       9.394356533309e-17 
 1115       1.691279047925e-10       2.124518332876e-12      -8.721018948163e-12       0.000000000000e+00       3.784951516680e-15      -1.046368625033e-16       9.215142811533e-17 
 1116       1.692964147222e-10       2.097389643610e-12      -8.601948646430e-12       0.000000000000e+00       3.771814859704e-15      -1.052039688235e-16       9.036110660337e-17 
 1117       1.694540555138e-10       2.070863489151e-12      -8.481271008053e-12       0.000000000000e+00       3.758734920617e-15      -1.057117784303e-16       8.857280076657e-17 
 1118       1.696006726181e-10       2.044950144729e-12      -8.359047771539e-12       0.000000000000e+00       3.745711390473e-15      -1.061611953598e-16       8.678671182304e-17 
 1119       1.697361106915e-10       2.019659939699e-12      -8.235341154636e-12       0.000000000000e+00       3.732743955281e-15      -1.065531318579e-16       8.500304224215e-17 
 1120       1.698602135953e-10       1.995003257643e-12      -8.110213855425e-12       0.000000000000e+00       3.719832295996e-15      -1.068885083992e-16       8.322199574718e-17 
 1121       1.699728243933e-10       1.970990536478e-12      -7.983729053414e-12       0.000000000000e+00       3.706976088499e-15      -1.071682537069e-16       8.144377731792e-17 
 1122       1.700737853509e-10       1.947632268563e-12      -7.855950410637e-12       0.000000000000e+00       3.694175003588e-15      -1.073933047725e-16       7.966859319327e-17 
 1123       1.701629379330e-10       1.924939000802e-12      -7.726942072745e-12       0.000000000000e+00       3.681428706963e-15      -1.075646068755e-16       7.789665087386e-17 
 1124       1.702401228031e-10       1.902921334751e-12      -7.596768670106e-12       0.000000000000e+00       3.668736859210e-15      -1.076831136028e-16       7.612815912463e-17 
 1125       1.703051798211e-10       1.881589926724e-12      -7.465495318894e-12       0.000000000000e+00       3.656099115791e-15      -1.077497868686e-16       7.436332797745e-17 
 1126       1.703579480424e-10       1.860955487898e-12      -7.333187622188e-12       0.000000000000e+00       3.643515127027e-15      -1.077655969339e-16       7.260236873371e-17 
 1127       1.703982657157e-10       1.841028784417e-12      -7.199911671068e-12       0.000000000000e+00       3.630984538084e-15      -1.077315224262e-16       7.084549396695e-17 
 1128       1.704259702818e-10       1.821820637503e-12      -7.065734045706e-12       0.000000000000e+00       3.618506988960e-15      -1.076485503590e-16       6.909291752547e-17 
 1129       1.704408983724e-10       1.803341923555e-12      -6.930721816467e-12       0.000000000000e+00       3.606082114473e-15      -1.075176761518e-16       6.734485453488e-17 
 1130       1.704428858077e-10       1.785603574259e-12      -6.794942544998e-12       0.000000000000e+00       3.593709544244e-15      -1.073399036495e-16       6.560152140077e-17 
 1131       1.704318064971e-10       1.768614483362e-12      -6.658461770462e-12       0.000000000000e+00       3.581388938714e-15      -1.071159067878e-16       6.386309137607e-17 
 1132       1.704076896929e-10       1.752375197158e-12      -6.521335430460e-12       0.000000000000e+00       3.569120097736e-15      -1.068450097649e-16       6.212956062952e-17 
 1133       1.703706042481e-10       1.736884142688e-12      -6.383617344355e-12       0.000000000000e+00       3.556902853355e-15      -1.065261937315e-16       6.040088045185e-17 
 1134       1.703206198547e-10       1.722139713585e-12      -6.245361720112e-12       0.000000000000e+00       3.544737033900e-15      -1.061584339382e-16       5.867700153247e-17 
 1135       1.702578070458e-10       1.708140269982e-12      -6.106623155162e-12       0.000000000000e+00       3.532622463974e-15      -1.057406997234e-16       5.695787395797e-17 
 1136       1.701822371974e-10       1.694884138424e-12      -5.967456637257e-12       0.000000000000e+00       3.520558964439e-15      -1.052719545010e-16       5.524344721047e-17 
 1137       1.700939825310e-10       1.682369611776e-12      -5.827917545329e-12       0.000000000000e+00       3.508546352409e-15      -1.047511557485e-16       5.353367016615e-17 
 1138       1.699931161150e-10       1.670594949135e-12      -5.688061650355e-12       0.000000000000e+00       3.496584441241e-15      -1.041772549950e-16       5.182849109363e-17 
 1139       1.698797118677e-10       1.659558375735e-12      -5.547945116209e-12       0.000000000000e+00       3.484673040517e-15      -1.035491978087e-16       5.012785765243e-17 
 1140       1.697538445585e-10       1.649258082860e-12      -5.407624500528e-12       0.000000000000e+00       3.472811956044e-15      -1.028659237857e-16       4.843171689140e-17 
 1141       1.696155898105e-10       1.639692227754e-12      -5.267156755567e-12       0.000000000000e+00       3.461000989835e-15      -1.021263665368e-16       4.674001524719e-17 
 1142       1.694650241028e-10       1.630858933526e-12      -5.126599229060e-12       0.000000000000e+00       3.449239940101e-15      -1.013294536764e-16       4.505269854264e-17 
 1143       1.693022247718e-10       1.622756289066e-12      -4.986009665080e-12       0.000000000000e+00       3.437528601244e-15      -1.004741068101e-16       4.336971198528e-17 
 1144       1.691272700144e-10       1.615382348947e-12      -4.845446204897e-12       0.000000000000e+00       3.425866763841e-15      -9.955924152235e-17       4.169100016572e-17 
 1145       1.689402388890e-10       1.608735133341e-12      -4.704967387838e-12       0.000000000000e+00       3.414254214636e-15      -9.858376736477e-17       4.001650705610e-17 
 1146       1.687412113183e-10       1.602812627925e-12      -4.564632152149e-12       0.000000000000e+00       3.402690736532e-15      -9.754658784394e-17       3.834617600857e-17 
 1147       1.685302680914e-10       1.597612783792e-12      -4.424499835848e-12       0.000000000000e+00       3.391176108576e-15      -9.644660040930e-17       3.667994975368e-17 
 1148       1.683074908655e-10       1.593133517359e-12      -4.284630177591e-12       0.000000000000e+00       3.379710105949e-15      -9.528269644113e-17       3.501777039885e-17 
 1149       1.680729621683e-10       1.589372710276e-12      -4.145083317529e-12       0.000000000000e+00       3.368292499962e-15      -9.405376123847e-17       3.335957942677e-17 
 1150       1.678267653999e-10       1.586328209341e-12      -4.005919798166e-12       0.000000000000e+00       3.356923058034e-15      -9.275867400705e-17       3.170531769391e-17 
 1151       1.675689848352e-10       1.583997826400e-12      -3.867200565220e-12       0.000000000000e+00       3.345601543694e-15      -9.139630784724e-17       3.005492542890e-17 
 1152       1.672997056257e-10       1.582379338265e-12      -3.728986968482e-12       0.000000000000e+00       3.334327716561e-15      -8.996552974194e-17       2.840834223099e-17 
 1153       1.670190138018e-10       1.581470486618e-12      -3.591340762677e-12       0.000000000000e+00       3.323101332338e-15      -8.846520054457e-17       2.676550706851e-17 
 1154       1.667269962747e-10       1.581268977926e-12      -3.454324108318e-12       0.000000000000e+00       3.311922142799e-15      -8.689417496696e-17       2.512635827725e-17 
 1155       1.664237408389e-10       1.581772483343e-12      -3.317999572574e-12       0.000000000000e+00       3.300789895782e-15      -8.525130156730e-17       2.349083355898e-17 
 1156       1.661093361736e-10       1.582978638627e-12      -3.182430130121e-12       0.000000000000e+00       3.289704335176e-15      -8.353542273809e-17       2.185886997983e-17 
 1157       1.657838718456e-10       1.584885044042e-12      -3.047679164008e-12       0.000000000000e+00       3.278665200910e-15      -8.174537469402e-17       2.023040396877e-17 
 1158       1.654474383109e-10       1.587489264277e-12      -2.913810466510e-12       0.000000000000e+00       3.267672228944e-15      -7.987998745997e-17       1.860537131601e-17 
 1159       1.651001269168e-10       1.590788828344e-12      -2.780888239995e-12       0.000000000000e+00       3.256725151257e-15      -7.793808485890e-17       1.698370717147e-17 
 1160       1.647420299043e-10       1.594781229498e-12      -2.648977097776e-12       0.000000000000e+00       3.245823695840e-15      -7.591848449978e-17       1.536534604321e-17 
 1161       1.643732404101e-10       1.599463925140e-12      -2.518142064975e-12       0.000000000000e+00       3.234967586680e-15      -7.381999776555e-17       1.375022179589e-17 
 1162       1.639938524683e-10       1.604834336728e-12      -2.388448579383e-12       0.000000000000e+00       3.224156543753e-15      -7.164142980105e-17       1.213826764916e-17 
 1163       1.636039610132e-10       1.610889849688e-12      -2.259962492313e-12       0.000000000000e+00       3.213390283014e-15      -6.938157950092e-17       1.052941617615e-17 
 1164       1.632036618808e-10       1.617627813322e-12      -2.132750069469e-12       0.000000000000e+00       3.202668516385e-15      -6.703923949757e-17       8.923599301892e-18 
 1165       1.627930518113e-10       1.625045540716e-12      -2.006877991798e-12       0.000000000000e+00       3.191990951743e-15      -6.461319614910e-17       7.320748301761e-18 
 1166       1.623722284508e-10       1.633140308655e-12      -1.882413356350e-12       0.000000000000e+00       3.181357292914e-15      -6.210222952723e-17       5.720793799911e-18 
 1167       1.619412903539e-10       1.641909357525e-12      -1.759423677144e-12       0.000000000000e+00       3.170767239659e-15      -5.950511340523e-17       4.123665767719e-18 
 1168       1.615003369853e-10       1.651349891229e-12      -1.637976886017e-12       0.000000000000e+00       3.160220487663e-15      -5.682061524587e-17       2.529293522225e-18 
 1169       1.610494687224e-10       1.661459077091e-12      -1.518141333494e-12       0.000000000000e+00       3.149716728527e-15      -5.404749618932e-17       9.376057245745e-19 
 1170       1.605887868570e-10       1.672234045771e-12      -1.399985789639e-12       0.000000000000e+00       3.139255649757e-15      -5.118451104114e-17      -6.514696215476e-19 
 1171       1.601184090541e-10       1.683670684675e-12      -1.283571896305e-12       0.000000000000e+00       3.128836967177e-15      -4.823101624572e-17      -2.237916833212e-18 
 1172       1.596385159362e-10       1.695760001901e-12      -1.168931419005e-12       0.000000000000e+00       3.118460522652e-15      -4.518880213822e-17      -3.821366328019e-18 
 1173       1.591493050844e-10       1.708491716733e-12      -1.056088712823e-12       0.000000000000e+00       3.108126187563e-15      -4.206028353732e-17      -5.401357524686e-18 
 1174       1.586509756384e-10       1.721855461825e-12      -9.450682454773e-13       0.000000000000e+00       3.097833830489e-15      -3.884789387493e-17      -6.977426873772e-18 
 1175       1.581437282997e-10       1.735840783000e-12      -8.358945975199e-13       0.000000000000e+00       3.087583317195e-15      -3.555408523725e-17      -8.549107851518e-18 
 1176       1.576277653352e-10       1.750437139060e-12      -7.285924625346e-13       0.000000000000e+00       3.077374510626e-15      -3.218132840587e-17      -1.011593095368e-17 
 1177       1.571032905805e-10       1.765633901587e-12      -6.231866473374e-13       0.000000000000e+00       3.067207270901e-15      -2.873211289890e-17      -1.167742368936e-17 
 1178       1.565705094434e-10       1.781420354746e-12      -5.197020721754e-13       0.000000000000e+00       3.057081455303e-15      -2.520894701200e-17      -1.323311057486e-17 
 1179       1.560296289076e-10       1.797785695093e-12      -4.181637709264e-13       0.000000000000e+00       3.046996918273e-15      -2.161435785953e-17      -1.478251312749e-17 
 1180       1.554808575357e-10       1.814719031373e-12      -3.185968912984e-13       0.000000000000e+00       3.036953511398e-15      -1.795089141561e-17      -1.632514985942e-17 
 1181       1.549244054729e-10       1.832209384329e-12      -2.210266950285e-13       0.000000000000e+00       3.026951083411e-15      -1.422111255523e-17      -1.786053627154e-17 
 1182       1.543604844505e-10       1.850245686506e-12      -1.254785580829e-13       0.000000000000e+00       3.016989480176e-15      -1.042760509534e-17      -1.938818484723e-17 
 1183       1.537893077894e-10       1.868816782049e-12      -3.197797085577e-14       0.000000000000e+00       3.007068544686e-15      -6.572971835935e-18      -2.090760504626e-17 
 1184       1.532110904033e-10       1.887911426514e-12       5.944946163098e-14       0.000000000000e+00       2.997188117049e-15      -2.659834601169e-18      -2.241830329859e-17 
 1185       1.526260488023e-10       1.907518286670e-12       1.487780195286e-13       0.000000000000e+00       2.987348034489e-15       1.309165719574e-18      -2.391978299824e-17 
 1186       1.520344010964e-10       1.927625940299e-12       2.359818679621e-13       0.000000000000e+00       2.977548131329e-15       5.331369130574e-18      -2.541154449709e-17 
 1187       1.514363669988e-10       1.948222876007e-12       3.210350568305e-13       0.000000000000e+00       2.967788238989e-15       9.404096488682e-18      -2.689308509871e-17 
 1188       1.508321678297e-10       1.969297493021e-12       4.039115206081e-13       0.000000000000e+00       2.958068185978e-15       1.352464946223e-17      -2.836389905224e-17 
 1189       1.502220265193e-10       1.990838100997e-12       4.845850781446e-13       0.000000000000e+00       2.948387797884e-15       1.769031048993e-17      -2.982347754620e-17 
 1190       1.496061676114e-10       2.012832919824e-12       5.630294324656e-13       0.000000000000e+00       2.938746897370e-15       2.189834273979e-17      -3.127130870231e-17 
 1191       1.489848172671e-10       2.035270079426e-12       6.392181705739e-13       0.000000000000e+00       2.929145304160e-15       2.614599006802e-17      -3.270687756935e-17 
 1192       1.483582032680e-10       2.058137619568e-12       7.131247632493e-13       0.000000000000e+00       2.919582835039e-15       3.043047697792e-17      -3.412966611700e-17 
 1193       1.477265550197e-10       2.081423489657e-12       7.847225648500e-13       0.000000000000e+00       2.910059303839e-15       3.474900857882e-17      -3.553915322965e-17 
 1194       1.470901035552e-10       2.105115548551e-12       8.539848131124e-13       0.000000000000e+00       2.900574521436e-15       3.909877054495e-17      -3.693481470025e-17 
 1195       1.464490815385e-10       2.129201564357e-12       9.208846289526e-13       0.000000000000e+00       2.891128295740e-15       4.347692907438e-17      -3.831612322416e-17 
 1196       1.458037232680e-10       2.153669214240e-12       9.853950162661e-13       0.000000000000e+00       2.881720431686e-15       4.788063084787e-17      -3.968254839294e-17 
 1197       1.451542646799e-10       2.178506084225e-12       1.047488861729e-12       0.000000000000e+00       2.872350731229e-15       5.230700298787e-17      -4.103355668825e-17 
 1198       1.445009433516e-10       2.203699668999e-12       1.107138934599e-12       0.000000000000e+00       2.863018993335e-15       5.675315301734e-17      -4.236861147564e-17 
 1199       1.438439985054e-10       2.229237371719e-12       1.164317886515e-12       0.000000000000e+00       2.853725013975e-15       6.121616881868e-17      -4.368717299839e-17 
 1200       1.431836710117e-10       2.255106503811e-12       1.218998251299e-12       0.000000000000e+00       2.844468586114e-15       6.569311859268e-17      -4.498869837138e-17 
 1201       1.425202033924e-10       2.281294284781e-12       1.271152444754e-12       0.000000000000e+00       2.835249499706e-15       7.018105081735e-17      -4.627264157487e-17 
 1202       1.418538398247e-10       2.307787842012e-12       1.320752764469e-12       0.000000000000e+00       2.826067541685e-15       7.467699420689e-17      -4.753845344838e-17 
 1203       1.411848261443e-10       2.334574210570e-12       1.367771389616e-12       0.000000000000e+00       2.816922495959e-15       7.917795767057e-17      -4.878558168451e-17 
 1204       1.405134098487e-10       2.361640333012e-12       1.412180380752e-12       0.000000000000e+00       2.807814143400e-15       8.368093027164e-17      -5.001347082279e-17 
 1205       1.398398401012e-10       2.388973059183e-12       1.453951679618e-12       0.000000000000e+00       2.798742261839e-15       8.818288118624e-17      -5.122156224348e-17 
 1206       1.391643677336e-10       2.416559146028e-12       1.493057108945e-12       0.000000000000e+00       2.789706626056e-15       9.268075966228e-17      -5.240929416144e-17 
 1207       1.384872452504e-10       2.444385257387e-12       1.529468372246e-12       0.000000000000e+00       2.780707007772e-15       9.717149497839e-17      -5.357610161997e-17 
 1208       1.378087268317e-10       2.472437963807e-12       1.563157053624e-12       0.000000000000e+00       2.771743175645e-15       1.016519964028e-16      -5.472141648461e-17 
 1209       1.371290683369e-10       2.500703742342e-12       1.594094617570e-12       0.000000000000e+00       2.762814895257e-15       1.061191531523e-16      -5.584466743700e-17 
 1210       1.364485273082e-10       2.529168976357e-12       1.622252408762e-12       0.000000000000e+00       2.753921929112e-15       1.105698343509e-16      -5.694527996872e-17 
 1211       1.357673501500e-10       2.557820270926e-12       1.647609181932e-12       0.000000000000e+00       2.745064059610e-15       1.150013546336e-16      -5.802283822392e-17 
 1212       1.350857334921e-10       2.586645403577e-12       1.670173791338e-12       0.000000000000e+00       2.736241158296e-15       1.194128771895e-16      -5.907757267800e-17 
 1213       1.344038623670e-10       2.615632384636e-12       1.689962774766e-12       0.000000000000e+00       2.727453117437e-15       1.238040275723e-16      -6.010987833312e-17 
 1214       1.337219229942e-10       2.644769142498e-12       1.706992848720e-12       0.000000000000e+00       2.718699827097e-15       1.281744295882e-16      -6.112015341038e-17 
 1215       1.330401027821e-10       2.674043523464e-12       1.721280908839e-12       0.000000000000e+00       2.709981175142e-15       1.325237052936e-16      -6.210879935689e-17 
 1216       1.323585903308e-10       2.703443291563e-12       1.732844030315e-12       0.000000000000e+00       2.701297047224e-15       1.368514749916e-16      -6.307622085287e-17 
 1217       1.316775754344e-10       2.732956128391e-12       1.741699468308e-12       0.000000000000e+00       2.692647326781e-15       1.411573572292e-16      -6.402282581866e-17 
 1218       1.309972490833e-10       2.762569632931e-12       1.747864658362e-12       0.000000000000e+00       2.684031895031e-15       1.454409687944e-16      -6.494902542185e-17 
 1219       1.303178034667e-10       2.792271321391e-12       1.751357216824e-12       0.000000000000e+00       2.675450630965e-15       1.497019247127e-16      -6.585523408430e-17 
 1220       1.296394319751e-10       2.822048627029e-12       1.752194941255e-12       0.000000000000e+00       2.666903411340e-15       1.539398382447e-16      -6.674186948925e-17 
 1221       1.289623292025e-10       2.851888899985e-12       1.750395810851e-12       0.000000000000e+00       2.658390110676e-15       1.581543208825e-16      -6.760935258834e-17 
 1222       1.282866909487e-10       2.881779407109e-12       1.745977986859e-12       0.000000000000e+00       2.649910601249e-15       1.623449823472e-16      -6.845810760872e-17 
 1223       1.276127142223e-10       2.911707331791e-12       1.738959812988e-12       0.000000000000e+00       2.641464753083e-15       1.665114305853e-16      -6.928856206011e-17 
 1224       1.269405972425e-10       2.941659773794e-12       1.729359815833e-12       0.000000000000e+00       2.633052433948e-15       1.706532717664e-16      -7.010114674184e-17 
 1225       1.262705394415e-10       2.971623749080e-12       1.717196705285e-12       0.000000000000e+00       2.624673509351e-15       1.747701102794e-16      -7.089629574997e-17 
 1226       1.256027414675e-10       3.001586189640e-12       1.702489374951e-12       0.000000000000e+00       2.616327842534e-15       1.788615487301e-16      -7.167444648430e-17 
 1227       1.249374051864e-10       3.031533943326e-12       1.685256902570e-12       0.000000000000e+00       2.608015294464e-15       1.829271879378e-16      -7.243603965548e-17 
 1228       1.242747336848e-10       3.061453773680e-12       1.665518550425e-12       0.000000000000e+00       2.599735723829e-15       1.869666269324e-16      -7.318151929206e-17 
 1229       1.236149312718e-10       3.091332359763e-12       1.643293765764e-12       0.000000000000e+00       2.591488987032e-15       1.909794629514e-16      -7.391133274758e-17 
 1230       1.229582034820e-10       3.121156295984e-12       1.618602181217e-12       0.000000000000e+00       2.583274938187e-15       1.949652914368e-16      -7.462593070760e-17 
 1231       1.223047570774e-10       3.150912091933e-12       1.591463615207e-12       0.000000000000e+00       2.575093429111e-15       1.989237060324e-16      -7.532576719679e-17 
 1232       1.216548000503e-10       3.180586172208e-12       1.561898072370e-12       0.000000000000e+00       2.566944309316e-15       2.028542985802e-16      -7.601129958603e-17 
 1233       1.210085416252e-10       3.210164876244e-12       1.529925743972e-12       0.000000000000e+00       2.558827426011e-15       2.067566591178e-16      -7.668298859940e-17 
 1234       1.203661922616e-10       3.239634458147e-12       1.495567008323e-12       0.000000000000e+00       2.550742624088e-15       2.106303758753e-16      -7.734129832134e-17 
 1235       1.197279636562e-10       3.268981086520e-12       1.458842431192e-12       0.000000000000e+00       2.542689746120e-15       2.144750352721e-16      -7.798669620364e-17 
 1236       1.190940687453e-10       3.298190844292e-12       1.419772766229e-12       0.000000000000e+00       2.534668632355e-15       2.182902219142e-16      -7.861965307256e-17 
 1237       1.184647217073e-10       3.327249728553e-12       1.378378955376e-12       0.000000000000e+00       2.526679120710e-15       2.220755185909e-16      -7.924064313587e-17 
 1238       1.178401379650e-10       3.356143650378e-12       1.334682129284e-12       0.000000000000e+00       2.518721046764e-15       2.258305062719e-16      -7.985014398995e-17 
 1239       1.172205341882e-10       3.384858434660e-12       1.288703607731e-12       0.000000000000e+00       2.510794243755e-15       2.295547641041e-16      -8.044863662680e-17 
 1240       1.166061282959e-10       3.413379819940e-12       1.240464900038e-12       0.000000000000e+00       2.502898542571e-15       2.332478694091e-16      -8.103660544118e-17 
 1241       1.159971394587e-10       3.441693458234e-12       1.189987705484e-12       0.000000000000e+00       2.495033771746e-15       2.369093976794e-16      -8.161453823763e-17 
 1242       1.153937881013e-10       3.469784914865e-12       1.137293913724e-12       0.000000000000e+00       2.487199757454e-15       2.405389225759e-16      -8.218292623754e-17 
 1243       1.147962959050e-10       3.497639668293e-12       1.082405605202e-12       0.000000000000e+00       2.479396323505e-15       2.441360159249e-16      -8.274226408626e-17 
 1244       1.142048858099e-10       3.525243109944e-12       1.025345051572e-12       0.000000000000e+00       2.471623291333e-15       2.477002477148e-16      -8.329304986011e-17 
 1245       1.136197820173e-10       3.552580544040e-12       9.661347161097e-13       0.000000000000e+00       2.463880479999e-15       2.512311860932e-16      -8.383578507350e-17 
 1246       1.130412099924e-10       3.579637187428e-12       9.047972541328e-13       0.000000000000e+00       2.456167706177e-15       2.547283973639e-16      -8.437097468595e-17 
 1247       1.124693964662e-10       3.606398169412e-12       8.413555134139e-13       0.000000000000e+00       2.448484784155e-15       2.581914459839e-16      -8.489912710920e-17 
 1248       1.119045694385e-10       3.632848531579e-12       7.758325345989e-13       0.000000000000e+00       2.440831525824e-15       2.616198945603e-16      -8.542075421427e-17 
 1249       1.113469581798e-10       3.658973227633e-12       7.082515516222e-13       0.000000000000e+00       2.433207740675e-15       2.650133038474e-16      -8.593637133851e-17 
 1250       1.107967932341e-10       3.684757123221e-12       6.386359921235e-13       0.000000000000e+00       2.425613235794e-15       2.683712327434e-16      -8.644649729267e-17 
 1251       1.102542777203e-10       3.710186503076e-12       5.670125690993e-13       0.000000000000e+00       2.418047833831e-15       2.716935981168e-16      -8.695151745964e-17 
 1252       1.097195008657e-10       3.735253612047e-12       4.934205945613e-13       0.000000000000e+00       2.410511427175e-15       2.749817588916e-16      -8.745127132539e-17 
 1253       1.091925234671e-10       3.759952166794e-12       4.179027755422e-13       0.000000000000e+00       2.403003924401e-15       2.782374446242e-16      -8.794546014212e-17 
 1254       1.086734065000e-10       3.784275853235e-12       3.405021333844e-13       0.000000000000e+00       2.395525232348e-15       2.814623968479e-16      -8.843378339594e-17 
 1255       1.081622111185e-10       3.808218326497e-12       2.612620043941e-13       0.000000000000e+00       2.388075256111e-15       2.846583690977e-16      -8.891593880347e-17 
 1256       1.076589986559e-10       3.831773210853e-12       1.802260404940e-13       0.000000000000e+00       2.380653899040e-15       2.878271269345e-16      -8.939162230837e-17 
 1257       1.071638306247e-10       3.854934099676e-12       9.743820987638e-14       0.000000000000e+00       2.373261062733e-15       2.909704479697e-16      -8.986052807801e-17 
 1258       1.066767687169e-10       3.877694555378e-12       1.294279765619e-14       0.000000000000e+00       2.365896647032e-15       2.940901218903e-16      -9.032234849996e-17 
 1259       1.061978748041e-10       3.900048109356e-12      -7.321559347567e-14       0.000000000000e+00       2.358560550022e-15       2.971879504824e-16      -9.077677417860e-17 
 1260       1.057272109376e-10       3.921988261942e-12      -1.609920425994e-13       0.000000000000e+00       2.351252668019e-15       3.002657476570e-16      -9.122349393173e-17 
 1261       1.052648393490e-10       3.943508482343e-12      -2.503413099130e-13       0.000000000000e+00       2.343972895575e-15       3.033253394734e-16      -9.166219478709e-17 
 1262       1.048108224501e-10       3.964602208587e-12      -3.412178360795e-13       0.000000000000e+00       2.336721125465e-15       3.063685641644e-16      -9.209256197900e-17 
 1263       1.043652228331e-10       3.985262847471e-12      -4.335757415736e-13       0.000000000000e+00       2.329497248689e-15       3.093972721609e-16      -9.251427894489e-17 
 1264       1.039281032708e-10       4.005483774505e-12      -5.273688260285e-13       0.000000000000e+00       2.322301154463e-15       3.124133261159e-16      -9.292702732190e-17 
 1265       1.034995267172e-10       4.025258333855e-12      -6.225505675830e-13       0.000000000000e+00       2.315132730218e-15       3.154186009296e-16      -9.333048694347e-17 
 1266       1.030795563070e-10       4.044579838293e-12      -7.190741222284e-13       0.000000000000e+00       2.307991861595e-15       3.184149837737e-16      -9.372433583590e-17 
 1267       1.026682553565e-10       4.063441569136e-12      -8.168923231552e-13       0.000000000000e+00       2.300878432436e-15       3.214043741158e-16      -9.410825021492e-17 
 1268       1.022656873632e-10       4.081836776198e-12      -9.159576801000e-13       0.000000000000e+00       2.293792324788e-15       3.243886837444e-16      -9.448190448232e-17 
 1269       1.018719160065e-10       4.099758677730e-12      -1.016222378693e-12       0.000000000000e+00       2.286733418891e-15       3.273698367929e-16      -9.484497122246e-17 
 1270       1.014870051477e-10       4.117200460368e-12      -1.117638279803e-12       0.000000000000e+00       2.279701593177e-15       3.303497697647e-16      -9.519712119890e-17 
 1271       1.011110188301e-10       4.134155279077e-12      -1.220156918888e-12       0.000000000000e+00       2.272696724265e-15       3.333304315571e-16      -9.553802335095e-17 
 1272       1.007440212795e-10       4.150616257098e-12      -1.323729505337e-12       0.000000000000e+00       2.265718686958e-15       3.363137834864e-16      -9.586734479027e-17 
 1273       1.003860769040e-10       4.166576485890e-12      -1.428306921822e-12       0.000000000000e+00       2.258767354235e-15       3.393017993124e-16      -9.618475079744e-17 
 1274       1.000372502946e-10       4.182029025079e-12      -1.533839723642e-12       0.000000000000e+00       2.251842597251e-15       3.422964652624e-16      -9.648990481854e-17 
 1275       9.969760622504e-11       4.196966902402e-12      -1.640278138069e-12       0.000000000000e+00       2.244944285329e-15       3.452997800565e-16      -9.678246846171e-17 
 1276       9.936720965243e-11       4.211383113650e-12      -1.747572063698e-12       0.000000000000e+00       2.238072285956e-15       3.483137549316e-16      -9.706210149376e-17 
 1277       9.904612571706e-11       4.225270622616e-12      -1.855671069792e-12       0.000000000000e+00       2.231226464783e-15       3.513404136661e-16      -9.732846183675e-17 
 1278       9.873441974282e-11       4.238622361039e-12      -1.964524395628e-12       0.000000000000e+00       2.224406685615e-15       3.543817926046e-16      -9.758120556453e-17 
 1279       9.843215723733e-11       4.251431228551e-12      -2.074080949847e-12       0.000000000000e+00       2.217612810407e-15       3.574399406822e-16      -9.781998689935e-17 
 1280       9.813940389218e-11       4.263690092620e-12      -2.184289309798e-12       0.000000000000e+00       2.210844699265e-15       3.605169194493e-16      -9.804445820843e-17 
 1281       9.785622558312e-11       4.275391788496e-12      -2.295097720884e-12       0.000000000000e+00       2.204102210435e-15       3.636148030959e-16      -9.825427000056e-17 
 1282       9.758268837026e-11       4.286529119157e-12      -2.406454095913e-12       0.000000000000e+00       2.197385200303e-15       3.667356784762e-16      -9.844907092263e-17 
 1283       9.731885849829e-11       4.297094855252e-12      -2.518306014442e-12       0.000000000000e+00       2.190693523388e-15       3.698816451333e-16      -9.862850775627e-17 
 1284       9.706480239668e-11       4.307081735050e-12      -2.630600722125e-12       0.000000000000e+00       2.184027032340e-15       3.730548153238e-16      -9.879222541438e-17 
 1285       9.682058667987e-11       4.316482464383e-12      -2.743285130058e-12       0.000000000000e+00       2.177385577933e-15       3.762573140418e-16      -9.893986693773e-17 
 1286       9.658627814748e-11       4.325289716590e-12      -2.856305814128e-12       0.000000000000e+00       2.170769009062e-15       3.794912790441e-16      -9.907107349153e-17 
 1287       9.636194378455e-11       4.333496132466e-12      -2.969609014361e-12       0.000000000000e+00       2.164177172740e-15       3.827588608745e-16      -9.918548436204e-17 
 1288       9.614765076170e-11       4.341094320203e-12      -3.083140634263e-12       0.000000000000e+00       2.157609914089e-15       3.860622228883e-16      -9.928273695309e-17 
 1289       9.594346643535e-11       4.348076855338e-12      -3.196846240175e-12       0.000000000000e+00       2.151067076340e-15       3.894035412767e-16      -9.936246678273e-17 
 1290       9.574945834793e-11       4.354436280698e-12      -3.310671060613e-12       0.000000000000e+00       2.144548500829e-15       3.927850050917e-16      -9.942430747973e-17 
 1291       9.556566911436e-11       4.360166796445e-12      -3.424562577891e-12       0.000000000000e+00       2.138054042276e-15       3.962078566413e-16      -9.946801822108e-17 
 1292       9.539204076985e-11       4.365269351268e-12      -3.538478336406e-12       0.000000000000e+00       2.131583614841e-15       3.996695007334e-16      -9.949386763045e-17 
 1293       9.522848956573e-11       4.369746608738e-12      -3.652378221478e-12       0.000000000000e+00       2.125137146583e-15       4.031663627436e-16      -9.950225422044e-17 
 1294       9.507493100393e-11       4.373601262507e-12      -3.766221874637e-12       0.000000000000e+00       2.118714564215e-15       4.066948452303e-16      -9.949357935189e-17 
 1295       9.493127983532e-11       4.376836036373e-12      -3.879968693154e-12       0.000000000000e+00       2.112315793105e-15       4.102513278900e-16      -9.946824723959e-17 
 1296       9.479745005811e-11       4.379453684346e-12      -3.993577829574e-12       0.000000000000e+00       2.105940757268e-15       4.138321675131e-16      -9.942666495805e-17 
 1297       9.467335491629e-11       4.381456990718e-12      -4.107008191253e-12       0.000000000000e+00       2.099589379364e-15       4.174336979390e-16      -9.936924244727e-17 
 1298       9.455890689798e-11       4.382848770127e-12      -4.220218439888e-12       0.000000000000e+00       2.093261580697e-15       4.210522300117e-16      -9.929639251844e-17 
 1299       9.445401773387e-11       4.383631867625e-12      -4.333166991049e-12       0.000000000000e+00       2.086957281208e-15       4.246840515357e-16      -9.920853085974e-17 
 1300       9.435859839559e-11       4.383809158744e-12      -4.445812013719e-12       0.000000000000e+00       2.080676399475e-15       4.283254272309e-16      -9.910607604204e-17 
 1301       9.427255909410e-11       4.383383549567e-12      -4.558111429821e-12       0.000000000000e+00       2.074418852707e-15       4.319725986886e-16      -9.898944952468e-17 
 1302       9.419580927814e-11       4.382357976786e-12      -4.670022913753e-12       0.000000000000e+00       2.068184556743e-15       4.356217843268e-16      -9.885907566119e-17 
 1303       9.412825763256e-11       4.380735407779e-12      -4.781503891922e-12       0.000000000000e+00       2.061973426047e-15       4.392691793457e-16      -9.871538170508e-17 
 1304       9.406981207679e-11       4.378518840669e-12      -4.892511542279e-12       0.000000000000e+00       2.055785373705e-15       4.429109556832e-16      -9.855879781554e-17 
 1305       9.402037976315e-11       4.375711304396e-12      -5.003002793849e-12       0.000000000000e+00       2.049620311423e-15       4.465432619706e-16      -9.838975706322e-17 
 1306       9.397986707535e-11       4.372315858782e-12      -5.112934326268e-12       0.000000000000e+00       2.043478149520e-15       4.501622234877e-16      -9.820869543595e-17 
 1307       9.394817962681e-11       4.368335594595e-12      -5.222262569312e-12       0.000000000000e+00       2.037358796932e-15       4.537639421188e-16      -9.801605184453e-17 
 1308       9.392522225909e-11       4.363773633622e-12      -5.330943702434e-12       0.000000000000e+00       2.031262161199e-15       4.573444963078e-16      -9.781226812843e-17 
 1309       9.391089904028e-11       4.358633128731e-12      -5.438933654298e-12       0.000000000000e+00       2.025188148469e-15       4.608999410138e-16      -9.759778906156e-17 
 1310       9.390511326341e-11       4.352917263938e-12      -5.546188102307e-12       0.000000000000e+00       2.019136663493e-15       4.644263076669e-16      -9.737306235802e-17 
 1311       9.390776744484e-11       4.346629254478e-12      -5.652662472145e-12       0.000000000000e+00       2.013107609621e-15       4.679196041234e-16      -9.713853867786e-17 
 1312       9.391876332267e-11       4.339772346866e-12      -5.758311937300e-12       0.000000000000e+00       2.007100888796e-15       4.713758146212e-16      -9.689467163279e-17 
 1313       9.393800185509e-11       4.332349818970e-12      -5.863091418608e-12       0.000000000000e+00       2.001116401556e-15       4.747908997358e-16      -9.664191779194e-17 
 1314       9.396538321886e-11       4.324364980071e-12      -5.966955583777e-12       0.000000000000e+00       1.995154047029e-15       4.781607963352e-16      -9.638073668766e-17 
 1315       9.400080680765e-11       4.315821170938e-12      -6.069858846928e-12       0.000000000000e+00       1.989213722926e-15       4.814814175358e-16      -9.611159082118e-17 
 1316       9.404417123043e-11       4.306721763886e-12      -6.171755368123e-12       0.000000000000e+00       1.983295325541e-15       4.847486526580e-16      -9.583494566842e-17 
 1317       9.409537430993e-11       4.297070162850e-12      -6.272599052900e-12       0.000000000000e+00       1.977398749749e-15       4.879583671813e-16      -9.555126968572e-17 
 1318       9.415431308097e-11       4.286869803449e-12      -6.372343551809e-12       0.000000000000e+00       1.971523889000e-15       4.911064027001e-16      -9.526103431558e-17 
 1319       9.422088378890e-11       4.276124153052e-12      -6.470942259941e-12       0.000000000000e+00       1.965670635315e-15       4.941885768791e-16      -9.496471399241e-17 
 1320       9.429498188799e-11       4.264836710847e-12      -6.568348316466e-12       0.000000000000e+00       1.959838879286e-15       4.972006834087e-16      -9.466278614832e-17 
 1321       9.437650203981e-11       4.253011007906e-12      -6.664514604162e-12       0.000000000000e+00       1.954028510069e-15       5.001384919610e-16      -9.435573121876e-17 
 1322       9.446533811166e-11       4.240650607252e-12      -6.759393748950e-12       0.000000000000e+00       1.948239415386e-15       5.029977481446e-16      -9.404403264841e-17 
 1323       9.456138317495e-11       4.227759103928e-12      -6.852938119430e-12       0.000000000000e+00       1.942471481514e-15       5.057741734607e-16      -9.372817689680e-17 
 1324       9.466452950357e-11       4.214340125061e-12      -6.945099826411e-12       0.000000000000e+00       1.936724593288e-15       5.084634652582e-16      -9.340865344414e-17 
 1325       9.477466857237e-11       4.200397329932e-12      -7.035830722444e-12       0.000000000000e+00       1.930998634096e-15       5.110612966893e-16      -9.308595479703e-17 
 1326       9.489169105546e-11       4.185934410038e-12      -7.125082401360e-12       0.000000000000e+00       1.925293485876e-15       5.135633166653e-16      -9.276057649422e-17 
 1327       9.501548682468e-11       4.170955089164e-12      -7.212806197799e-12       0.000000000000e+00       1.919609029108e-15       5.159651498117e-16      -9.243301711235e-17 
 1328       9.514594494797e-11       4.155463123447e-12      -7.298953186743e-12       0.000000000000e+00       1.913945142820e-15       5.182623964241e-16      -9.210377827171e-17 
 1329       9.528295368777e-11       4.139462301445e-12      -7.383474183053e-12       0.000000000000e+00       1.908301704574e-15       5.204506324231e-16      -9.177336464198e-17 
 1330       9.542640049942e-11       4.122956444200e-12      -7.466319741002e-12       0.000000000000e+00       1.902678590473e-15       5.225254093106e-16      -9.144228394796e-17 
 1331       9.557616475142e-11       4.105950265713e-12      -7.547446182849e-12       0.000000000000e+00       1.897075686468e-15       5.244835625176e-16      -9.111091560328e-17 
 1332       9.573209580196e-11       4.088451964565e-12      -7.626833757996e-12       0.000000000000e+00       1.891492922451e-15       5.263271522674e-16      -9.077911502067e-17 
 1333       9.589403467838e-11       4.070470660895e-12      -7.704468682388e-12       0.000000000000e+00       1.885930238535e-15       5.280595659158e-16      -9.044660496630e-17 
 1334       9.606182133132e-11       4.052015538708e-12      -7.780337127517e-12       0.000000000000e+00       1.880387573763e-15       5.296842135307e-16      -9.011310653432e-17 
 1335       9.623529463271e-11       4.033095845998e-12      -7.854425220354e-12       0.000000000000e+00       1.874864866108e-15       5.312045279353e-16      -8.977833914372e-17 
 1336       9.641429237357e-11       4.013720894874e-12      -7.926719043296e-12       0.000000000000e+00       1.869362052471e-15       5.326239647527e-16      -8.944202053522e-17 
 1337       9.659865126200e-11       3.993900061683e-12      -7.997204634106e-12       0.000000000000e+00       1.863879068675e-15       5.339460024499e-16      -8.910386676808e-17 
 1338       9.678820692106e-11       3.973642787137e-12      -8.065867985854e-12       0.000000000000e+00       1.858415849468e-15       5.351741423817e-16      -8.876359221697e-17 
 1339       9.698279388664e-11       3.952958576439e-12      -8.132695046860e-12       0.000000000000e+00       1.852972328514e-15       5.363119088349e-16      -8.842090956886e-17 
 1340       9.718224560542e-11       3.931856999407e-12      -8.197671720633e-12       0.000000000000e+00       1.847548438396e-15       5.373628490723e-16      -8.807552981980e-17 
 1341       9.738639443276e-11       3.910347690596e-12      -8.260783865814e-12       0.000000000000e+00       1.842144110609e-15       5.383305333768e-16      -8.772716227187e-17 
 1342       9.759507163057e-11       3.888440349430e-12      -8.322017296119e-12       0.000000000000e+00       1.836759275563e-15       5.392185550954e-16      -8.737551452996e-17 
 1343       9.780810736526e-11       3.866144740320e-12      -8.381357780277e-12       0.000000000000e+00       1.831393862573e-15       5.400305306833e-16      -8.702029249864e-17 
 1344       9.802533070565e-11       3.843470692793e-12      -8.438791041974e-12       0.000000000000e+00       1.826047799863e-15       5.407700997483e-16      -8.666120037906e-17 
 1345       9.824656962081e-11       3.820428101617e-12      -8.494302759794e-12       0.000000000000e+00       1.820721014560e-15       5.414409250940e-16      -8.629794066575e-17 
 1346       9.847165097804e-11       3.797026926925e-12      -8.547878567159e-12       0.000000000000e+00       1.815413432694e-15       5.420466927650e-16      -8.593021414351e-17 
 1347       9.870040054075e-11       3.773277194340e-12      -8.599504052275e-12       0.000000000000e+00       1.810124979191e-15       5.425911120900e-16      -8.555771988424e-17 
 1348       9.893264296636e-11       3.749188995101e-12      -8.649164758066e-12       0.000000000000e+00       1.804855577875e-15       5.430779157263e-16      -8.518015524384e-17 
 1349       9.916820180418e-11       3.724772486189e-12      -8.696846182123e-12       0.000000000000e+00       1.799605151465e-15       5.435108597041e-16      -8.479721585900e-17 
 1350       9.940689949339e-11       3.700037890448e-12      -8.742533776639e-12       0.000000000000e+00       1.794373621567e-15       5.438937234698e-16      -8.440859564411e-17 
 1351       9.964855736086e-11       3.674995496714e-12      -8.786212948357e-12       0.000000000000e+00       1.789160908681e-15       5.442303099310e-16      -8.401398678808e-17 
 1352       9.989299561912e-11       3.649655659941e-12      -8.827869058506e-12       0.000000000000e+00       1.783966932188e-15       5.445244454999e-16      -8.361307975125e-17 
 1353       1.001400333642e-10       3.624028801321e-12      -8.867487422744e-12       0.000000000000e+00       1.778791610356e-15       5.447799801376e-16      -8.320556326216e-17 
 1354       1.003894885737e-10       3.598125408413e-12      -8.905053311102e-12       0.000000000000e+00       1.773634860334e-15       5.450007873981e-16      -8.279112431448e-17 
 1355       1.006411781044e-10       3.571956035269e-12      -8.940551947923e-12       0.000000000000e+00       1.768496598146e-15       5.451907644727e-16      -8.236944816384e-17 
 1356       1.008949176905e-10       3.545531302555e-12      -8.973968511803e-12       0.000000000000e+00       1.763376738695e-15       5.453538322333e-16      -8.194021832466e-17 
 1357       1.011505219411e-10       3.518861897680e-12      -9.005288135534e-12       0.000000000000e+00       1.758275195757e-15       5.454939352774e-16      -8.150311656705e-17 
 1358       1.014078043388e-10       3.491958574918e-12      -9.034495906045e-12       0.000000000000e+00       1.753191881977e-15       5.456150419715e-16      -8.105782291365e-17 
 1359       1.016665772368e-10       3.464832155536e-12      -9.061576864343e-12       0.000000000000e+00       1.748126708871e-15       5.457211444953e-16      -8.060401563645e-17 
 1360       1.019266518574e-10       3.437493527918e-12      -9.086516005455e-12       0.000000000000e+00       1.743079586817e-15       5.458162588861e-16      -8.014137125372e-17 
 1361       1.021878382894e-10       3.409953647688e-12      -9.109298278371e-12       0.000000000000e+00       1.738050425060e-15       5.459044250823e-16      -7.966956452677e-17 
 1362       1.024499454868e-10       3.382223537839e-12      -9.129908585981e-12       0.000000000000e+00       1.733039131703e-15       5.459897069681e-16      -7.918826845690e-17 
 1363       1.027127812656e-10       3.354314288853e-12      -9.148331785022e-12       0.000000000000e+00       1.728045613707e-15       5.460761924171e-16      -7.869715428219e-17 
 1364       1.029761523027e-10       3.326237058833e-12      -9.164552686014e-12       0.000000000000e+00       1.723069776890e-15       5.461679933363e-16      -7.819589147439e-17 
 1365       1.032398641334e-10       3.298003073622e-12      -9.178556053206e-12       0.000000000000e+00       1.718111525922e-15       5.462692457107e-16      -7.768414773574e-17 
 1366       1.035037211492e-10       3.269623626929e-12      -9.190326604517e-12       0.000000000000e+00       1.713170764323e-15       5.463841096469e-16      -7.716158899587e-17 
 1367       1.037675265957e-10       3.241110080458e-12      -9.199849011473e-12       0.000000000000e+00       1.708247394461e-15       5.465167694174e-16      -7.662787940863e-17 
 1368       1.040310825710e-10       3.212473864029e-12      -9.207107899153e-12       0.000000000000e+00       1.703341317549e-15       5.466714335044e-16      -7.608268134895e-17 
 1369       1.042941900228e-10       3.183726475704e-12      -9.212087846131e-12       0.000000000000e+00       1.698452433645e-15       5.468523346442e-16      -7.552565540969e-17 
 1370       1.045566487470e-10       3.154879481915e-12      -9.214773384413e-12       0.000000000000e+00       1.693580641643e-15       5.470637298710e-16      -7.495646039851e-17 
 1371       1.048182695273e-10       3.125944136154e-12      -9.215154515347e-12       0.000000000000e+00       1.688725848434e-15       5.473087004740e-16      -7.437486902340e-17 
 1372       1.050789107007e-10       3.096930230353e-12      -9.213243321821e-12       0.000000000000e+00       1.683887996468e-15       5.475855377742e-16      -7.378111630585e-17 
 1373       1.053384419779e-10       3.067847231507e-12      -9.209057533135e-12       0.000000000000e+00       1.679067036478e-15       5.478913188863e-16      -7.317555487753e-17 
 1374       1.055967323352e-10       3.038704662087e-12      -9.202615025396e-12       0.000000000000e+00       1.674262918350e-15       5.482231032760e-16      -7.255853963306e-17 
 1375       1.058536500136e-10       3.009512100148e-12      -9.193933821822e-12       0.000000000000e+00       1.669475591118e-15       5.485779327274e-16      -7.193042773419e-17 
 1376       1.061090625169e-10       2.980279179424e-12      -9.183032093024e-12       0.000000000000e+00       1.664705002961e-15       5.489528313105e-16      -7.129157861408e-17 
 1377       1.063628366108e-10       2.951015589431e-12      -9.169928157311e-12       0.000000000000e+00       1.659951101207e-15       5.493448053487e-16      -7.064235398149e-17 
 1378       1.066148383217e-10       2.921731075568e-12      -9.154640480974e-12       0.000000000000e+00       1.655213832326e-15       5.497508433864e-16      -6.998311782505e-17 
 1379       1.068649329348e-10       2.892435439219e-12      -9.137187678584e-12       0.000000000000e+00       1.650493141930e-15       5.501679161562e-16      -6.931423641749e-17 
 1380       1.071129849933e-10       2.863138537849e-12      -9.117588513284e-12       0.000000000000e+00       1.645788974768e-15       5.505929765471e-16      -6.863607831985e-17 
 1381       1.073588582969e-10       2.833850285112e-12      -9.095861897085e-12       0.000000000000e+00       1.641101274730e-15       5.510229595710e-16      -6.794901438577e-17 
 1382       1.076024159006e-10       2.804580650945e-12      -9.072026891155e-12       0.000000000000e+00       1.636429984840e-15       5.514547823313e-16      -6.725341776567e-17 
 1383       1.078435201130e-10       2.775339661672e-12      -9.046102706114e-12       0.000000000000e+00       1.631775047254e-15       5.518853439893e-16      -6.654966391100e-17 
 1384       1.080820324955e-10       2.746137400105e-12      -9.018108702330e-12       0.000000000000e+00       1.627136403263e-15       5.523115257328e-16      -6.583813057852e-17 
 1385       1.083178138606e-10       2.716984005643e-12      -8.988064390209e-12       0.000000000000e+00       1.622513993285e-15       5.527301907427e-16      -6.511919783446e-17 
 1386       1.085507242709e-10       2.687889674376e-12      -8.955989430491e-12       0.000000000000e+00       1.617907756866e-15       5.531381841610e-16      -6.439324805883e-17 
 1387       1.087806230372e-10       2.658864659181e-12      -8.921903634538e-12       0.000000000000e+00       1.613317632678e-15       5.535323330582e-16      -6.366066594959e-17 
 1388       1.090073687180e-10       2.629919269826e-12      -8.885826964637e-12       0.000000000000e+00       1.608743558518e-15       5.539094464009e-16      -6.292183852695e-17 
 1389       1.092308191176e-10       2.601063873071e-12      -8.847779534284e-12       0.000000000000e+00       1.604185471303e-15       5.542663150189e-16      -6.217715513756e-17 
 1390       1.094508312847e-10       2.572308892768e-12      -8.807781608482e-12       0.000000000000e+00       1.599643307071e-15       5.545997115732e-16      -6.142700745875e-17 
 1391       1.096672615118e-10       2.543664809961e-12      -8.765853604034e-12       0.000000000000e+00       1.595117000976e-15       5.549063905234e-16      -6.067178950279e-17 
 1392       1.098799653330e-10       2.515142162987e-12      -8.722016089835e-12       0.000000000000e+00       1.590606487290e-15       5.551830880949e-16      -5.991189762110e-17 
 1393       1.100887975231e-10       2.486751547578e-12      -8.676289787166e-12       0.000000000000e+00       1.586111699398e-15       5.554265222468e-16      -5.914773050852e-17 
 1394       1.102936120965e-10       2.458503616959e-12      -8.628695569989e-12       0.000000000000e+00       1.581632569797e-15       5.556333926391e-16      -5.837968920750e-17 
 1395       1.104942623054e-10       2.430409081955e-12      -8.579254465238e-12       0.000000000000e+00       1.577169030094e-15       5.558003806004e-16      -5.760817711237e-17 
 1396       1.106906006388e-10       2.402478711082e-12      -8.527987653113e-12       0.000000000000e+00       1.572721011003e-15       5.559241490952e-16      -5.683359997356e-17 
 1397       1.108824788212e-10       2.374723330657e-12      -8.474916467374e-12       0.000000000000e+00       1.568288442347e-15       5.560013426919e-16      -5.605636590185e-17 
 1398       1.110697478110e-10       2.347153824893e-12      -8.420062395635e-12       0.000000000000e+00       1.563871253049e-15       5.560285875296e-16      -5.527688537259e-17 
 1399       1.112522577994e-10       2.319781136004e-12      -8.363447079654e-12       0.000000000000e+00       1.559469371137e-15       5.560024912860e-16      -5.449557122994e-17 
 1400       1.114298582091e-10       2.292616264301e-12      -8.305092315632e-12       0.000000000000e+00       1.555082723739e-15       5.559196431450e-16      -5.371283869112e-17 
 1401       1.116023976930e-10       2.265670268296e-12      -8.245020054500e-12       0.000000000000e+00       1.550711237079e-15       5.557766137640e-16      -5.292910535063e-17 
 1402       1.117697241325e-10       2.238954264803e-12      -8.183252402217e-12       0.000000000000e+00       1.546354836479e-15       5.555699552416e-16      -5.214479118449e-17 
 1403       1.119316846368e-10       2.212479429036e-12      -8.119811620063e-12       0.000000000000e+00       1.542013446355e-15       5.552962010846e-16      -5.136031855448e-17 
 1404       1.120881255411e-10       2.186256994713e-12      -8.054720124929e-12       0.000000000000e+00       1.537686990216e-15       5.549518661764e-16      -5.057611221236e-17 
 1405       1.122388924054e-10       2.160298254154e-12      -7.988000489613e-12       0.000000000000e+00       1.533375390659e-15       5.545334467436e-16      -4.979259930413e-17 
 1406       1.123838300134e-10       2.134614558386e-12      -7.919675443115e-12       0.000000000000e+00       1.529078569371e-15       5.540374203241e-16      -4.901020937426e-17 
 1407       1.125227823708e-10       2.109217317236e-12      -7.849767870926e-12       0.000000000000e+00       1.524796447125e-15       5.534602457343e-16      -4.822937436991e-17 
 1408       1.126555927043e-10       2.084117999440e-12      -7.778300815325e-12       0.000000000000e+00       1.520528943779e-15       5.527983630368e-16      -4.745052864518e-17 
 1409       1.127821034601e-10       2.059328132741e-12      -7.705297475670e-12       0.000000000000e+00       1.516275978273e-15       5.520481935078e-16      -4.667410896533e-17 
 1410       1.129021563028e-10       2.034859303985e-12      -7.630781208695e-12       0.000000000000e+00       1.512037468626e-15       5.512061396046e-16      -4.590055451105e-17 
 1411       1.130156138418e-10       2.010721900186e-12      -7.554777395210e-12       0.000000000000e+00       1.507813339217e-15       5.502696053444e-16      -4.513021213345e-17 
 1412       1.131224250617e-10       1.986921317207e-12      -7.477319060804e-12       0.000000000000e+00       1.503603542700e-15       5.492400690772e-16      -4.436305103627e-17 
 1413       1.132225605678e-10       1.963461711981e-12      -7.398441313986e-12       0.000000000000e+00       1.499408038310e-15       5.481200424955e-16      -4.359894514494e-17 
 1414       1.133159909190e-10       1.940347258014e-12      -7.318179485459e-12       0.000000000000e+00       1.495226784603e-15       5.469120531420e-16      -4.283776758607e-17 
 1415       1.134026866286e-10       1.917582145412e-12      -7.236569128529e-12       0.000000000000e+00       1.491059739453e-15       5.456186444381e-16      -4.207939068593e-17 
 1416       1.134826181635e-10       1.895170580900e-12      -7.153646019513e-12       0.000000000000e+00       1.486906860053e-15       5.442423757133e-16      -4.132368596897e-17 
 1417       1.135557559446e-10       1.873116787856e-12      -7.069446158138e-12       0.000000000000e+00       1.482768102914e-15       5.427858222340e-16      -4.057052415640e-17 
 1418       1.136220703468e-10       1.851425006327e-12      -6.984005767954e-12       0.000000000000e+00       1.478643423857e-15       5.412515752322e-16      -3.981977516467e-17 
 1419       1.136815316989e-10       1.830099493060e-12      -6.897361296736e-12       0.000000000000e+00       1.474532778021e-15       5.396422419351e-16      -3.907130810403e-17 
 1420       1.137341102833e-10       1.809144521524e-12      -6.809549416888e-12       0.000000000000e+00       1.470436119854e-15       5.379604455934e-16      -3.832499127703e-17 
 1421       1.137797763368e-10       1.788564381936e-12      -6.720607025855e-12       0.000000000000e+00       1.466353403115e-15       5.362088255105e-16      -3.758069217710e-17 
 1422       1.138185000495e-10       1.768363381285e-12      -6.630571246523e-12       0.000000000000e+00       1.462284580871e-15       5.343900370718e-16      -3.683827748701e-17 
 1423       1.138502515659e-10       1.748545843359e-12      -6.539479427626e-12       0.000000000000e+00       1.458229605496e-15       5.325067517731e-16      -3.609761307744e-17 
 1424       1.138750009839e-10       1.729116108767e-12      -6.447369144155e-12       0.000000000000e+00       1.454188428670e-15       5.305616572500e-16      -3.535856400553e-17 
 1425       1.138927183554e-10       1.710078534967e-12      -6.354278197758e-12       0.000000000000e+00       1.450161001378e-15       5.285574573066e-16      -3.462099451336e-17 
 1426       1.139033736863e-10       1.691437496288e-12      -6.260244617151e-12       0.000000000000e+00       1.446147273906e-15       5.264968719447e-16      -3.388476802649e-17 
 1427       1.139069369360e-10       1.673197383956e-12      -6.165306658524e-12       0.000000000000e+00       1.442147195840e-15       5.243826373925e-16      -3.314974715254e-17 
 1428       1.139033780179e-10       1.655362606121e-12      -6.069502805940e-12       0.000000000000e+00       1.438160716068e-15       5.222175061340e-16      -3.241579367965e-17 
 1429       1.138926667991e-10       1.637937587879e-12      -5.972871771750e-12       0.000000000000e+00       1.434187782775e-15       5.200042469373e-16      -3.168276857504e-17 
 1430       1.138747731006e-10       1.620926771298e-12      -5.875452496991e-12       0.000000000000e+00       1.430228343441e-15       5.177456448841e-16      -3.095053198355e-17 
 1431       1.138496666971e-10       1.604334615444e-12      -5.777284151797e-12       0.000000000000e+00       1.426282344842e-15       5.154445013987e-16      -3.021894322616e-17 
 1432       1.138173173169e-10       1.588165596403e-12      -5.678406135801e-12       0.000000000000e+00       1.422349733048e-15       5.131036342765e-16      -2.948786079849e-17 
 1433       1.137776946424e-10       1.572424207309e-12      -5.578858078545e-12       0.000000000000e+00       1.418430453419e-15       5.107258777133e-16      -2.875714236938e-17 
 1434       1.137307683094e-10       1.557114958369e-12      -5.478679839881e-12       0.000000000000e+00       1.414524450607e-15       5.083140823344e-16      -2.802664477939e-17 
 1435       1.136765079076e-10       1.542242376884e-12      -5.377911510382e-12       0.000000000000e+00       1.410631668551e-15       5.058711152231e-16      -2.729622403934e-17 
 1436       1.136148829804e-10       1.527811007280e-12      -5.276593411741e-12       0.000000000000e+00       1.406752050478e-15       5.033998599501e-16      -2.656573532880e-17 
 1437       1.135458630249e-10       1.513825411126e-12      -5.174766097183e-12       0.000000000000e+00       1.402885538901e-15       5.009032166024e-16      -2.583503299470e-17 
 1438       1.134694174917e-10       1.500290167165e-12      -5.072470351871e-12       0.000000000000e+00       1.399032075618e-15       4.983841018119e-16      -2.510397054976e-17 
 1439       1.133855157855e-10       1.487209871336e-12      -4.969747193304e-12       0.000000000000e+00       1.395191601706e-15       4.958454487849e-16      -2.437240067112e-17 
 1440       1.132941272642e-10       1.474589136799e-12      -4.866637871731e-12       0.000000000000e+00       1.391364057528e-15       4.932902073307e-16      -2.364017519878e-17 
 1441       1.131952212397e-10       1.462432593960e-12      -4.763183870556e-12       0.000000000000e+00       1.387549382723e-15       4.907213438907e-16      -2.290714513418e-17 
 1442       1.130887669774e-10       1.450744890496e-12      -4.659426906737e-12       0.000000000000e+00       1.383747516208e-15       4.881418415673e-16      -2.217316063873e-17 
 1443       1.129747336963e-10       1.439530691381e-12      -4.555408931199e-12       0.000000000000e+00       1.379958396179e-15       4.855547001528e-16      -2.143807103230e-17 
 1444       1.128530905693e-10       1.428794678910e-12      -4.451172129238e-12       0.000000000000e+00       1.376181960105e-15       4.829629361589e-16      -2.070172479181e-17 
 1445       1.127238067225e-10       1.418541552724e-12      -4.346758920925e-12       0.000000000000e+00       1.372418144729e-15       4.803695828447e-16      -1.996396954968e-17 
 1446       1.125868512359e-10       1.408776029833e-12      -4.242211961511e-12       0.000000000000e+00       1.368666886065e-15       4.777776902465e-16      -1.922465209244e-17 
 1447       1.124421931431e-10       1.399502844646e-12      -4.137574141838e-12       0.000000000000e+00       1.364928119400e-15       4.751903252064e-16      -1.848361835921e-17 
 1448       1.122898014310e-10       1.390726748991e-12      -4.032888588738e-12       0.000000000000e+00       1.361201779286e-15       4.726105714015e-16      -1.774071344024e-17 
 1449       1.121296450404e-10       1.382452512142e-12      -3.928198665445e-12       0.000000000000e+00       1.357487799545e-15       4.700415293724e-16      -1.699578157543e-17 
 1450       1.119616928655e-10       1.374684920843e-12      -3.823547971997e-12       0.000000000000e+00       1.353786113264e-15       4.674863165527e-16      -1.624866615290e-17 
 1451       1.117859312785e-10       1.367427477648e-12      -3.718977991263e-12       0.000000000000e+00       1.350096658624e-15       4.649475009363e-16      -1.549928463950e-17 
 1452       1.116024168961e-10       1.360678481535e-12      -3.614521000261e-12       0.000000000000e+00       1.346419396448e-15       4.624253957775e-16      -1.474785420186e-17 
 1453       1.114112243447e-10       1.354434907836e-12      -3.510207088197e-12       0.000000000000e+00       1.342754292825e-15       4.599197477599e-16      -1.399466835655e-17 
 1454       1.112124287855e-10       1.348693706289e-12      -3.406066504634e-12       0.000000000000e+00       1.339101313299e-15       4.574303017952e-16      -1.324002224725e-17 
 1455       1.110061059152e-10       1.343451800987e-12      -3.302129659761e-12       0.000000000000e+00       1.335460422864e-15       4.549568010194e-16      -1.248421264750e-17 
 1456       1.107923319672e-10       1.338706090333e-12      -3.198427124670e-12       0.000000000000e+00       1.331831585967e-15       4.524989867902e-16      -1.172753796354e-17 
 1457       1.105711837124e-10       1.334453446986e-12      -3.094989631620e-12       0.000000000000e+00       1.328214766502e-15       4.500565986829e-16      -1.097029823705e-17 
 1458       1.103427384603e-10       1.330690717817e-12      -2.991848074316e-12       0.000000000000e+00       1.324609927811e-15       4.476293744879e-16      -1.021279514799e-17 
 1459       1.101070740600e-10       1.327414723854e-12      -2.889033508175e-12       0.000000000000e+00       1.321017032685e-15       4.452170502066e-16      -9.455332017403e-18 
 1460       1.098642689012e-10       1.324622260237e-12      -2.786577150601e-12       0.000000000000e+00       1.317436043359e-15       4.428193600490e-16      -8.698213810171e-18 
 1461       1.096144019152e-10       1.322310096167e-12      -2.684510381256e-12       0.000000000000e+00       1.313866921514e-15       4.404360364296e-16      -7.941747137847e-18 
 1462       1.093575525755e-10       1.320474974858e-12      -2.582864742332e-12       0.000000000000e+00       1.310309628273e-15       4.380668099646e-16      -7.186240261437e-18 
 1463       1.090938008995e-10       1.319113613486e-12      -2.481671938821e-12       0.000000000000e+00       1.306764124202e-15       4.357114094683e-16      -6.432003094203e-18 
 1464       1.088232274489e-10       1.318222703142e-12      -2.380963838788e-12       0.000000000000e+00       1.303230369307e-15       4.333695619502e-16      -5.679347204455e-18 
 1465       1.085459133309e-10       1.317798908781e-12      -2.280772473643e-12       0.000000000000e+00       1.299708323036e-15       4.310409926113e-16      -4.928585818352e-18 
 1466       1.082619401994e-10       1.317838869173e-12      -2.181130038413e-12       0.000000000000e+00       1.296197944273e-15       4.287254248411e-16      -4.180033822696e-18 
 1467       1.079713902554e-10       1.318339196854e-12      -2.082068892011e-12       0.000000000000e+00       1.292699191341e-15       4.264225802140e-16      -3.434007767732e-18 
 1468       1.076743462487e-10       1.319296478079e-12      -1.983621557512e-12       0.000000000000e+00       1.289212021999e-15       4.241321784864e-16      -2.690825869941e-18 
 1469       1.073708914783e-10       1.320707272768e-12      -1.885820722418e-12       0.000000000000e+00       1.285736393440e-15       4.218539375931e-16      -1.950808014843e-18 
 1470       1.070611097938e-10       1.322568114461e-12      -1.788699238940e-12       0.000000000000e+00       1.282272262292e-15       4.195875736441e-16      -1.214275759786e-18 
 1471       1.067450855961e-10       1.324875510267e-12      -1.692290124258e-12       0.000000000000e+00       1.278819584615e-15       4.173328009214e-16      -4.815523367500e-19 
 1472       1.064229038385e-10       1.327625940816e-12      -1.596626560803e-12       0.000000000000e+00       1.275378315901e-15       4.150893318756e-16       2.470373448592e-19 
 1473       1.060946500278e-10       1.330815860208e-12      -1.501741896519e-12       0.000000000000e+00       1.271948411071e-15       4.128568771227e-16       9.711666954132e-19 
 1474       1.057604102250e-10       1.334441695964e-12      -1.407669645145e-12       0.000000000000e+00       1.268529824476e-15       4.106351454405e-16       1.690507442263e-18 
 1475       1.054202710468e-10       1.338499848979e-12      -1.314443486478e-12       0.000000000000e+00       1.265122509894e-15       4.084238437659e-16       2.404729626943e-18 
 1476       1.050743196659e-10       1.342986693471e-12      -1.222097266648e-12       0.000000000000e+00       1.261726420531e-15       4.062226771909e-16       3.113501602372e-18 
 1477       1.047226438124e-10       1.347898576931e-12      -1.130664998391e-12       0.000000000000e+00       1.258341509018e-15       4.040313489601e-16       3.816490030060e-18 
 1478       1.043653317749e-10       1.353231820076e-12      -1.040180861320e-12       0.000000000000e+00       1.254967727408e-15       4.018495604665e-16       4.513359877307e-18 
 1479       1.040024724011e-10       1.358982716797e-12      -9.506792021944e-13       0.000000000000e+00       1.251605027181e-15       3.996770112491e-16       5.203774414409e-18 
 1480       1.036341550993e-10       1.365147534114e-12      -8.621945351941e-13       0.000000000000e+00       1.248253359235e-15       3.975133989889e-16       5.887395211859e-18 
 1481       1.032604698388e-10       1.371722512121e-12      -7.747615421906e-13       0.000000000000e+00       1.244912673892e-15       3.953584195061e-16       6.563882137552e-18 
 1482       1.028815071512e-10       1.378703863944e-12      -6.884150730187e-13       0.000000000000e+00       1.241582920889e-15       3.932117667566e-16       7.232893353987e-18 
 1483       1.024973581316e-10       1.386087775683e-12      -6.031901457477e-13       0.000000000000e+00       1.238264049387e-15       3.910731328285e-16       7.894085315468e-18 
 1484       1.021081144390e-10       1.393870406372e-12      -5.191219469536e-13       0.000000000000e+00       1.234956007959e-15       3.889422079392e-16       8.547112765313e-18 
 1485       1.017138682980e-10       1.402047887922e-12      -4.362458319905e-13       0.000000000000e+00       1.231658744597e-15       3.868186804321e-16       9.191628733049e-18 
 1486       1.013147124992e-10       1.410616325078e-12      -3.545973252627e-13       0.000000000000e+00       1.228372206705e-15       3.847022367727e-16       9.827284531622e-18 
 1487       1.009107404004e-10       1.419571795365e-12      -2.742121204958e-13       0.000000000000e+00       1.225096341104e-15       3.825925615463e-16       1.045372975460e-17 
 1488       1.005020459277e-10       1.428910349040e-12      -1.951260810088e-13       0.000000000000e+00       1.221831094024e-15       3.804893374536e-16       1.107061227336e-17 
 1489       1.000887235765e-10       1.438628009046e-12      -1.173752399855e-13       0.000000000000e+00       1.218576411107e-15       3.783922453084e-16       1.167757823432e-17 
 1490       9.967086841197e-11       1.448720770958e-12      -4.099580074655e-14       0.000000000000e+00       1.215332237406e-15       3.763009640337e-16       1.227427205611e-17 
 1491       9.924858010856e-11       1.459184018949e-12       3.398053134419e-14       0.000000000000e+00       1.212098522069e-15       3.742150731891e-16       1.286043249795e-17 
 1492       9.882197510684e-11       1.470010767505e-12       1.075406037994e-13       0.000000000000e+00       1.208875232453e-15       3.721337595140e-16       1.343618190113e-17 
 1493       9.839117457748e-11       1.481193402359e-12       1.796758994235e-13       0.000000000000e+00       1.205662340150e-15       3.700561074987e-16       1.400173977936e-17 
 1494       9.795630039560e-11       1.492724262840e-12       2.503778804397e-13       0.000000000000e+00       1.202459816304e-15       3.679811965848e-16       1.455732700746e-17 
 1495       9.751747514192e-11       1.504595641789e-12       3.196379884700e-13       0.000000000000e+00       1.199267631619e-15       3.659081011564e-16       1.510316582379e-17 
 1496       9.707482210399e-11       1.516799785476e-12       3.874476445150e-13       0.000000000000e+00       1.196085756351e-15       3.638358905312e-16       1.563947983258e-17 
 1497       9.662846527738e-11       1.529328893525e-12       4.537982489346e-13       0.000000000000e+00       1.192914160309e-15       3.617636289526e-16       1.616649400637e-17 
 1498       9.617852936691e-11       1.542175118828e-12       5.186811814277e-13       0.000000000000e+00       1.189752812856e-15       3.596903755806e-16       1.668443468836e-17 
 1499       9.572513978782e-11       1.555330567465e-12       5.820878010125e-13       0.000000000000e+00       1.186601682905e-15       3.576151844835e-16       1.719352959479e-17 
 1500       9.526842266700e-11       1.568787298629e-12       6.440094460067e-13       0.000000000000e+00       1.183460738922e-15       3.555371046293e-16       1.769400781738e-17 
 1501       9.480850484421e-11       1.582537324537e-12       7.044374340076e-13       0.000000000000e+00       1.180329948921e-15       3.534551798771e-16       1.818609982563e-17 
 1502       9.434551387322e-11       1.596572610353e-12       7.633630618721e-13       0.000000000000e+00       1.177209280465e-15       3.513684489688e-16       1.867003746929e-17 
 1503       9.387957802311e-11       1.610885074111e-12       8.207776056971e-13       0.000000000000e+00       1.174098700665e-15       3.492759455201e-16       1.914605398070e-17 
 1504       9.341082627938e-11       1.625466586627e-12       8.766723207995e-13       0.000000000000e+00       1.170998176180e-15       3.471766980124e-16       1.961438397715e-17 
 1505       9.293938834522e-11       1.640308971424e-12       9.310384416961e-13       0.000000000000e+00       1.167907673212e-15       3.450697297838e-16       2.007526346334e-17 
 1506       9.246539464270e-11       1.655404004650e-12       9.838671820844e-13       0.000000000000e+00       1.164827157511e-15       3.429540590212e-16       2.052892983371e-17 
 1507       9.198897631395e-11       1.670743414993e-12       1.035149734822e-12       0.000000000000e+00       1.161756594370e-15       3.408286987510e-16       2.097562187482e-17 
 1508       9.151026522240e-11       1.686318883609e-12       1.084877271907e-12       0.000000000000e+00       1.158695948625e-15       3.386926568311e-16       2.141557976778e-17 
 1509       9.102939395396e-11       1.702122044031e-12       1.133040944459e-12       0.000000000000e+00       1.155645184654e-15       3.365449359421e-16       2.184904509060e-17 
 1510       9.054649581824e-11       1.718144482098e-12       1.179631882697e-12       0.000000000000e+00       1.152604266377e-15       3.343845335787e-16       2.227626082058e-17 
 1511       9.006170484975e-11       1.734377735867e-12       1.224641195923e-12       0.000000000000e+00       1.149573157254e-15       3.322104420415e-16       2.269747133671e-17 
 1512       8.957515580909e-11       1.750813295535e-12       1.268059972497e-12       0.000000000000e+00       1.146551820283e-15       3.300216484280e-16       2.311292242204e-17 
 1513       8.908698418419e-11       1.767442603360e-12       1.309879279824e-12       0.000000000000e+00       1.143540218003e-15       3.278171346243e-16       2.352286126606e-17 
 1514       8.859732619147e-11       1.784257053577e-12       1.350090164329e-12       0.000000000000e+00       1.140538312487e-15       3.255958772965e-16       2.392753646712e-17 
 1515       8.810631877709e-11       1.801247992319e-12       1.388683651436e-12       0.000000000000e+00       1.137546065348e-15       3.233568478824e-16       2.432719803478e-17 
 1516       8.761409961813e-11       1.818406717537e-12       1.425650745555e-12       0.000000000000e+00       1.134563437733e-15       3.210990125822e-16       2.472209739219e-17 
 1517       8.712080712378e-11       1.835724478919e-12       1.460982430054e-12       0.000000000000e+00       1.131590390324e-15       3.188213323510e-16       2.511248737854e-17 
 1518       8.662658043660e-11       1.853192477807e-12       1.494669667246e-12       0.000000000000e+00       1.128626883335e-15       3.165227628893e-16       2.549862225134e-17 
 1519       8.613155943366e-11       1.870801867118e-12       1.526703398365e-12       0.000000000000e+00       1.125672876515e-15       3.142022546351e-16       2.588075768890e-17 
 1520       8.563588472777e-11       1.888543751265e-12       1.557074543546e-12       0.000000000000e+00       1.122728329144e-15       3.118587527551e-16       2.625915079268e-17 
 1521       8.513969766872e-11       1.906409186074e-12       1.585774001808e-12       0.000000000000e+00       1.119793200032e-15       3.094911971360e-16       2.663406008966e-17 
 1522       8.464314034443e-11       1.924389178703e-12       1.612792651033e-12       0.000000000000e+00       1.116867447520e-15       3.070985223762e-16       2.700574553473e-17 
 1523       8.414635558218e-11       1.942474687563e-12       1.638121347943e-12       0.000000000000e+00       1.113951029479e-15       3.046796577773e-16       2.737446851312e-17 
 1524       8.364948694982e-11       1.960656622236e-12       1.661750928085e-12       0.000000000000e+00       1.111043903304e-15       3.022335273351e-16       2.774049184272e-17 
 1525       8.315267875697e-11       1.978925843394e-12       1.683672205809e-12       0.000000000000e+00       1.108146025922e-15       2.997590497317e-16       2.810407977650e-17 
 1526       8.265607605622e-11       1.997273162721e-12       1.703875974248e-12       0.000000000000e+00       1.105257353782e-15       2.972551383263e-16       2.846549800490e-17 
 1527       8.215982464435e-11       2.015689342829e-12       1.722353005297e-12       0.000000000000e+00       1.102377842862e-15       2.947207011472e-16       2.882501365821e-17 
 1528       8.166407106350e-11       2.034165097179e-12       1.739094049596e-12       0.000000000000e+00       1.099507448660e-15       2.921546408830e-16       2.918289530893e-17 
 1529       8.116896260243e-11       2.052691089999e-12       1.754089836507e-12       0.000000000000e+00       1.096646126201e-15       2.895558548738e-16       2.953941297421e-17 
 1530       8.067464729767e-11       2.071257936205e-12       1.767331074097e-12       0.000000000000e+00       1.093793830030e-15       2.869232351033e-16       2.989483811817e-17 
 1531       8.018126443226e-11       2.089856586154e-12       1.778812451313e-12       0.000000000000e+00       1.090950518042e-15       2.842561322518e-16       3.024937350339e-17 
 1532       7.968891593011e-11       2.108479484094e-12       1.788544686388e-12       0.000000000000e+00       1.088116162995e-15       2.815557527245e-16       3.060294200724e-17 
 1533       7.919769469072e-11       2.127119420622e-12       1.796542593506e-12       0.000000000000e+00       1.085290741105e-15       2.788237749540e-16       3.095539579260e-17 
 1534       7.870769406760e-11       2.145769148790e-12       1.802821091242e-12       0.000000000000e+00       1.082474228226e-15       2.760618865645e-16       3.130658627448e-17 
 1535       7.821900786900e-11       2.164421384049e-12       1.807395202741e-12       0.000000000000e+00       1.079666599851e-15       2.732717843868e-16       3.165636411884e-17 
 1536       7.773173035860e-11       2.183068804183e-12       1.810280055909e-12       0.000000000000e+00       1.076867831109e-15       2.704551744738e-16       3.200457924137e-17 
 1537       7.724595625628e-11       2.201704049253e-12       1.811490883592e-12       0.000000000000e+00       1.074077896766e-15       2.676137721153e-16       3.235108080629e-17 
 1538       7.676178073876e-11       2.220319721530e-12       1.811043023766e-12       0.000000000000e+00       1.071296771225e-15       2.647493018538e-16       3.269571722515e-17 
 1539       7.627929944039e-11       2.238908385438e-12       1.808951919717e-12       0.000000000000e+00       1.068524428522e-15       2.618634974990e-16       3.303833615563e-17 
 1540       7.579860845386e-11       2.257462567494e-12       1.805233120232e-12       0.000000000000e+00       1.065760842330e-15       2.589581021435e-16       3.337878450033e-17 
 1541       7.531980433086e-11       2.275974756242e-12       1.799902279777e-12       0.000000000000e+00       1.063005985951e-15       2.560348681777e-16       3.371690840554e-17 
 1542       7.484298408289e-11       2.294437402198e-12       1.792975158687e-12       0.000000000000e+00       1.060259832326e-15       2.530955573052e-16       3.405255326010e-17 
 1543       7.436824518189e-11       2.312842917784e-12       1.784467623348e-12       0.000000000000e+00       1.057522354023e-15       2.501419405577e-16       3.438556369415e-17 
 1544       7.389568556102e-11       2.331183677269e-12       1.774395646384e-12       0.000000000000e+00       1.054793523243e-15       2.471757983107e-16       3.471578357792e-17 
 1545       7.342540361535e-11       2.349452016710e-12       1.762775306841e-12       0.000000000000e+00       1.052073311819e-15       2.441989202981e-16       3.504305602057e-17 
 1546       7.295749820259e-11       2.367640233886e-12       1.749622790371e-12       0.000000000000e+00       1.049361691212e-15       2.412131056278e-16       3.536722336892e-17 
 1547       7.249206864381e-11       2.385740588243e-12       1.734954389419e-12       0.000000000000e+00       1.046658632513e-15       2.382201627968e-16       3.568812720631e-17 
 1548       7.202921472415e-11       2.403745300827e-12       1.718786503406e-12       0.000000000000e+00       1.043964106440e-15       2.352219097061e-16       3.600560835139e-17 
 1549       7.156903669353e-11       2.421646554228e-12       1.701135638914e-12       0.000000000000e+00       1.041278083341e-15       2.322201736766e-16       3.631950685685e-17 
 1550       7.111163526741e-11       2.439436492515e-12       1.682018409873e-12       0.000000000000e+00       1.038600533188e-15       2.292167914635e-16       3.662966200830e-17 
 1551       7.065711162746e-11       2.457107221178e-12       1.661451537742e-12       0.000000000000e+00       1.035931425582e-15       2.262136092719e-16       3.693591232302e-17 
 1552       7.020556742230e-11       2.474650807066e-12       1.639451851698e-12       0.000000000000e+00       1.033270729746e-15       2.232124827719e-16       3.723809554877e-17 
 1553       6.975710476822e-11       2.492059278325e-12       1.616036288820e-12       0.000000000000e+00       1.030618414531e-15       2.202152771140e-16       3.753604866257e-17 
 1554       6.931182624992e-11       2.509324624338e-12       1.591221894270e-12       0.000000000000e+00       1.027974448410e-15       2.172238669439e-16       3.782960786953e-17 
 1555       6.886983492118e-11       2.526438795664e-12       1.565025821485e-12       0.000000000000e+00       1.025338799479e-15       2.142401364180e-16       3.811860860160e-17 
 1556       6.843123430560e-11       2.543393703976e-12       1.537465332354e-12       0.000000000000e+00       1.022711435457e-15       2.112659792185e-16       3.840288551641e-17 
 1557       6.799612839735e-11       2.560181222001e-12       1.508557797409e-12       0.000000000000e+00       1.020092323684e-15       2.083032985686e-16       3.868227249605e-17 
 1558       6.756462166185e-11       2.576793183459e-12       1.478320696008e-12       0.000000000000e+00       1.017481431121e-15       2.053540072477e-16       3.895660264586e-17 
 1559       6.713681903650e-11       2.593221383001e-12       1.446771616517e-12       0.000000000000e+00       1.014878724350e-15       2.024200276065e-16       3.922570829322e-17 
 1560       6.671282593139e-11       2.609457576148e-12       1.413928256501e-12       0.000000000000e+00       1.012284169571e-15       1.995032915823e-16       3.948942098636e-17 
 1561       6.629274823006e-11       2.625493479233e-12       1.379808422904e-12       0.000000000000e+00       1.009697732604e-15       1.966057407143e-16       3.974757149318e-17 
 1562       6.587669229016e-11       2.641320769335e-12       1.344430032233e-12       0.000000000000e+00       1.007119378885e-15       1.937293261583e-16       3.999998979999e-17 
 1563       6.546476494420e-11       2.656931084220e-12       1.307811110748e-12       0.000000000000e+00       1.004549073469e-15       1.908760087027e-16       4.024650511034e-17 
 1564       6.505707350029e-11       2.672316022284e-12       1.269969794643e-12       0.000000000000e+00       1.001986781026e-15       1.880477587829e-16       4.048694584382e-17 
 1565       6.465372574280e-11       2.687467142486e-12       1.230924330232e-12       0.000000000000e+00       9.994324658429e-16       1.852465564970e-16       4.072113963485e-17 
 1566       6.425482993313e-11       2.702375964288e-12       1.190693074135e-12       0.000000000000e+00       9.968860918198e-16       1.824743916208e-16       4.094891333148e-17 
 1567       6.386049481043e-11       2.717033967598e-12       1.149294493460e-12       0.000000000000e+00       9.943476224723e-16       1.797332636229e-16       4.117009299415e-17 
 1568       6.347082959227e-11       2.731432592705e-12       1.106747165991e-12       0.000000000000e+00       9.918170209288e-16       1.770251816802e-16       4.138450389456e-17 
 1569       6.308594397541e-11       2.745563240221e-12       1.063069780371e-12       0.000000000000e+00       9.892942499304e-16       1.743521646928e-16       4.159197051441e-17 
 1570       6.270594813650e-11       2.759417271015e-12       1.018281136288e-12       0.000000000000e+00       9.867792718300e-16       1.717162412992e-16       4.179231654418e-17 
 1571       6.233093724938e-11       2.772987007933e-12       9.724013220700e-13       0.000000000000e+00       9.842720516611e-16       1.691190417073e-16       4.198540121057e-17 
 1572       6.196094487798e-11       2.786268751252e-12       9.254552591023e-13       0.000000000000e+00       9.817725663757e-16       1.665605689982e-16       4.217122863093e-17 
 1573       6.159598915085e-11       2.799259791179e-12       8.774691907827e-13       0.000000000000e+00       9.792807956908e-16       1.640404164114e-16       4.234983947462e-17 
 1574       6.123608820520e-11       2.811957408617e-12       8.284695083477e-13       0.000000000000e+00       9.767967190262e-16       1.615581744864e-16       4.252127472749e-17 
 1575       6.088126018683e-11       2.824358875144e-12       7.784827511146e-13       0.000000000000e+00       9.743203155041e-16       1.591134310580e-16       4.268557569236e-17 
 1576       6.053152325012e-11       2.836461453010e-12       7.275356067236e-13       0.000000000000e+00       9.718515639483e-16       1.567057712513e-16       4.284278398962e-17 
 1577       6.018689555798e-11       2.848262395117e-12       6.756549113797e-13       0.000000000000e+00       9.693904428835e-16       1.543347774778e-16       4.299294155779e-17 
 1578       5.984739528180e-11       2.859758945011e-12       6.228676500950e-13       0.000000000000e+00       9.669369305351e-16       1.520000294301e-16       4.313609065410e-17 
 1579       5.951304060146e-11       2.870948336870e-12       5.692009569308e-13       0.000000000000e+00       9.644910048282e-16       1.497011040777e-16       4.327227385500e-17 
 1580       5.918384970527e-11       2.881827795488e-12       5.146821152397e-13       0.000000000000e+00       9.620526433873e-16       1.474375756620e-16       4.340153405675e-17 
 1581       5.885984078994e-11       2.892394536267e-12       4.593385579076e-13       0.000000000000e+00       9.596218235354e-16       1.452090156918e-16       4.352391447602e-17 
 1582       5.854103206054e-11       2.902645765200e-12       4.031978675958e-13       0.000000000000e+00       9.571985222938e-16       1.430149929389e-16       4.363945865037e-17 
 1583       5.822744173048e-11       2.912578678864e-12       3.462877769835e-13       0.000000000000e+00       9.547827163810e-16       1.408550734330e-16       4.374821043889e-17 
 1584       5.791908802146e-11       2.922190464403e-12       2.886361690094e-13       0.000000000000e+00       9.523743822126e-16       1.387288204575e-16       4.385021402271e-17 
 1585       5.761598916347e-11       2.931478299517e-12       2.302710771141e-13       0.000000000000e+00       9.499734959003e-16       1.366357945445e-16       4.394551390558e-17 
 1586       5.731816339470e-11       2.940439352453e-12       1.712206854822e-13       0.000000000000e+00       9.475800332515e-16       1.345755534705e-16       4.403415491444e-17 
 1587       5.702562896156e-11       2.949070781986e-12       1.115133292842e-13       0.000000000000e+00       9.451939697687e-16       1.325476522515e-16       4.411618219996e-17 
 1588       5.673840411862e-11       2.957369737413e-12       5.117749491906e-14       0.000000000000e+00       9.428152806490e-16       1.305516431382e-16       4.419164123713e-17 
 1589       5.645650712859e-11       2.965333358538e-12      -9.758179744264e-15       0.000000000000e+00       9.404439407831e-16       1.285870756120e-16       4.426057782580e-17 
 1590       5.617995626226e-11       2.972958775658e-12      -7.126490512427e-14       0.000000000000e+00       9.380799247552e-16       1.266534963798e-16       4.432303809124e-17 
 1591       5.590876979850e-11       2.980243109555e-12      -1.333137396850e-13       0.000000000000e+00       9.357232068420e-16       1.247504493693e-16       4.437906848470e-17 
 1592       5.564296602421e-11       2.987183471478e-12      -1.958755896937e-13       0.000000000000e+00       9.333737610124e-16       1.228774757248e-16       4.442871578402e-17 
 1593       5.538256323430e-11       2.993776963136e-12      -2.589212089793e-13       0.000000000000e+00       9.310315609268e-16       1.210341138024e-16       4.447202709410e-17 
 1594       5.512757973161e-11       3.000020676682e-12      -3.224211986893e-13       0.000000000000e+00       9.286965799363e-16       1.192198991651e-16       4.450904984756e-17 
 1595       5.487803382694e-11       3.005911694704e-12      -3.863460070487e-13       0.000000000000e+00       9.263687910825e-16       1.174343645785e-16       4.453983180521e-17 
 1596       5.463394383898e-11       3.011447090208e-12      -4.506659291173e-13       0.000000000000e+00       9.240481670965e-16       1.156770400058e-16       4.456442105670e-17 
 1597       5.439532809428e-11       3.016623926610e-12      -5.153511065475e-13       0.000000000000e+00       9.217346803984e-16       1.139474526035e-16       4.458286602101e-17 
 1598       5.416220492724e-11       3.021439257721e-12      -5.803715273428e-13       0.000000000000e+00       9.194283030972e-16       1.122451267167e-16       4.459521544705e-17 
 1599       5.393459268002e-11       3.025890127737e-12      -6.456970256149e-13       0.000000000000e+00       9.171290069892e-16       1.105695838743e-16       4.460151841420e-17 
 1600       5.371250970259e-11       3.029973571223e-12      -7.112972813422e-13       0.000000000000e+00       9.148367635585e-16       1.089203427844e-16       4.460182433290e-17 
 1601       5.349597435260e-11       3.033686613105e-12      -7.771418201274e-13       0.000000000000e+00       9.125515439755e-16       1.072969193298e-16       4.459618294519e-17 
 1602       5.328500499544e-11       3.037026268655e-12      -8.432000129555e-13       0.000000000000e+00       9.102733190969e-16       1.056988265632e-16       4.458464432526e-17 
 1603       5.307962000414e-11       3.039989543478e-12      -9.094410759515e-13       0.000000000000e+00       9.080020594648e-16       1.041255747025e-16       4.456725888004e-17 
 1604       5.287983775936e-11       3.042573433503e-12      -9.758340701385e-13       0.000000000000e+00       9.057377353061e-16       1.025766711266e-16       4.454407734975e-17 
 1605       5.268567664936e-11       3.044774924967e-12      -1.042347901196e-12       0.000000000000e+00       9.034803165323e-16       1.010516203701e-16       4.451515080847e-17 
 1606       5.249715506998e-11       3.046590994404e-12      -1.108951319216e-12       0.000000000000e+00       9.012297727381e-16       9.954992411926e-17       4.448053066466e-17 
 1607       5.231429142455e-11       3.048018608633e-12      -1.175612918463e-12       0.000000000000e+00       8.989860732018e-16       9.807108120686e-17       4.444026866179e-17 
 1608       5.213710412394e-11       3.049054724747e-12      -1.242301137132e-12       0.000000000000e+00       8.967491868837e-16       9.661458760792e-17       4.439441687884e-17 
 1609       5.196561158644e-11       3.049696290097e-12      -1.308984257104e-12       0.000000000000e+00       8.945190824263e-16       9.517993643494e-17       4.434302773089e-17 
 1610       5.179983223781e-11       3.049940242282e-12      -1.375630403706e-12       0.000000000000e+00       8.922957281534e-16       9.376661793320e-17       4.428615396970e-17 
 1611       5.163977264151e-11       3.049784485771e-12      -1.442209418147e-12       0.000000000000e+00       8.900790945988e-16       9.237406473257e-17       4.422385819496e-17 
 1612       5.148539177195e-11       3.049230831482e-12      -1.508698493914e-12       0.000000000000e+00       8.878691621199e-16       9.100148706823e-17       4.415624148162e-17 
 1613       5.133663641672e-11       3.048282083872e-12      -1.575076591076e-12       0.000000000000e+00       8.856659133525e-16       8.964803605434e-17       4.408341501366e-17 
 1614       5.119345301634e-11       3.046941066760e-12      -1.641322568099e-12       0.000000000000e+00       8.834693306866e-16       8.831285828466e-17       4.400549059794e-17 
 1615       5.105578766358e-11       3.045210623355e-12      -1.707415181686e-12       0.000000000000e+00       8.812793962661e-16       8.699509582544e-17       4.392258066525e-17 
 1616       5.092358610293e-11       3.043093616295e-12      -1.773333086627e-12       0.000000000000e+00       8.790960919884e-16       8.569388620820e-17       4.383479827124e-17 
 1617       5.079679372999e-11       3.040592927675e-12      -1.839054835636e-12       0.000000000000e+00       8.769193995040e-16       8.440836242257e-17       4.374225709748e-17 
 1618       5.067535559091e-11       3.037711459081e-12      -1.904558879203e-12       0.000000000000e+00       8.747493002158e-16       8.313765290914e-17       4.364507145243e-17 
 1619       5.055921638180e-11       3.034452131626e-12      -1.969823565432e-12       0.000000000000e+00       8.725857752788e-16       8.188088155226e-17       4.354335627245e-17 
 1620       5.044832044815e-11       3.030817885977e-12      -2.034827139892e-12       0.000000000000e+00       8.704288055992e-16       8.063716767289e-17       4.343722712279e-17 
 1621       5.034261178423e-11       3.026811682394e-12      -2.099547745453e-12       0.000000000000e+00       8.682783718347e-16       7.940562602142e-17       4.332680019863e-17 
 1622       5.024203403253e-11       3.022436500757e-12      -2.163963422140e-12       0.000000000000e+00       8.661344543933e-16       7.818536677050e-17       4.321219232601e-17 
 1623       5.014653048318e-11       3.017695340603e-12      -2.228052106969e-12       0.000000000000e+00       8.639970334331e-16       7.697549550788e-17       4.309352096291e-17 
 1624       5.005604407335e-11       3.012591221157e-12      -2.291791633796e-12       0.000000000000e+00       8.618660888619e-16       7.577511322922e-17       4.297090420020e-17 
 1625       4.997051738668e-11       3.007127181364e-12      -2.355159733162e-12       0.000000000000e+00       8.597416003364e-16       7.458331633091e-17       4.284446076266e-17 
 1626       4.988989265269e-11       3.001306279926e-12      -2.418134032134e-12       0.000000000000e+00       8.576235472622e-16       7.339919660296e-17       4.271431000995e-17 
 1627       4.981411174621e-11       2.995131595327e-12      -2.480692054153e-12       0.000000000000e+00       8.555119087928e-16       7.222184122175e-17       4.258057193768e-17 
 1628       4.974311618678e-11       2.988606225873e-12      -2.542811218874e-12       0.000000000000e+00       8.534066638296e-16       7.105033274292e-17       4.244336717834e-17 
 1629       4.967684713809e-11       2.981733289723e-12      -2.604468842017e-12       0.000000000000e+00       8.513077910211e-16       6.988374909416e-17       4.230281700234e-17 
 1630       4.961524540740e-11       2.974515924918e-12      -2.665642135203e-12       0.000000000000e+00       8.492152687624e-16       6.872116356805e-17       4.215904331899e-17 
 1631       4.955825144490e-11       2.966957289420e-12      -2.726308205807e-12       0.000000000000e+00       8.471290751950e-16       6.756164481491e-17       4.201216867752e-17 
 1632       4.950580534322e-11       2.959060561140e-12      -2.786444056796e-12       0.000000000000e+00       8.450491882059e-16       6.640425683561e-17       4.186231626808e-17 
 1633       4.945784683678e-11       2.950828937971e-12      -2.846026586578e-12       0.000000000000e+00       8.429755854276e-16       6.524805897438e-17       4.170960992271e-17 
 1634       4.941431530123e-11       2.942265637824e-12      -2.905032588840e-12       0.000000000000e+00       8.409082442372e-16       6.409210591169e-17       4.155417411638e-17 
 1635       4.937514975287e-11       2.933373898658e-12      -2.963438752402e-12       0.000000000000e+00       8.388471417563e-16       6.293544765702e-17       4.139613396798e-17 
 1636       4.934028884806e-11       2.924156978514e-12      -3.021221661053e-12       0.000000000000e+00       8.367922548500e-16       6.177712954175e-17       4.123561524131e-17 
 1637       4.930967088265e-11       2.914618155546e-12      -3.078357793399e-12       0.000000000000e+00       8.347435601271e-16       6.061619221193e-17       4.107274434608e-17 
 1638       4.928323379140e-11       2.904760728057e-12      -3.134823522706e-12       0.000000000000e+00       8.327010339388e-16       5.945167162116e-17       4.090764833894e-17 
 1639       4.926091514735e-11       2.894588014530e-12      -3.190595116747e-12       0.000000000000e+00       8.306646523791e-16       5.828259902338e-17       4.074045492443e-17 
 1640       4.924265216134e-11       2.884103353658e-12      -3.245648737644e-12       0.000000000000e+00       8.286343912835e-16       5.710800096572e-17       4.057129245604e-17 
 1641       4.922838168130e-11       2.873310104383e-12      -3.299960441714e-12       0.000000000000e+00       8.266102262293e-16       5.592689928132e-17       4.040028993716e-17 
 1642       4.921804019178e-11       2.862211645923e-12      -3.353506179310e-12       0.000000000000e+00       8.245921325343e-16       5.473831108218e-17       4.022757702211e-17 
 1643       4.921156381329e-11       2.850811377809e-12      -3.406261794672e-12       0.000000000000e+00       8.225800852571e-16       5.354124875195e-17       4.005328401714e-17 
 1644       4.920888830179e-11       2.839112719912e-12      -3.458203025764e-12       0.000000000000e+00       8.205740591959e-16       5.233471993880e-17       3.987754188142e-17 
 1645       4.920994904801e-11       2.827119112484e-12      -3.509305504124e-12       0.000000000000e+00       8.185740288887e-16       5.111772754822e-17       3.970048222804e-17 
 1646       4.921468107698e-11       2.814834016185e-12      -3.559544754705e-12       0.000000000000e+00       8.165799686122e-16       4.988926973587e-17       3.952223732502e-17 
 1647       4.922301904736e-11       2.802260912116e-12      -3.608896195721e-12       0.000000000000e+00       8.145918523818e-16       4.864833990038e-17       3.934294009632e-17 
 1648       4.923489725091e-11       2.789403301853e-12      -3.657335138492e-12       0.000000000000e+00       8.126096539509e-16       4.739392667622e-17       3.916272412281e-17 
 1649       4.925024961186e-11       2.776264707482e-12      -3.704836787286e-12       0.000000000000e+00       8.106333468103e-16       4.612501392649e-17       3.898172364330e-17 
 1650       4.926900968640e-11       2.762848671628e-12      -3.751376239167e-12       0.000000000000e+00       8.086629041880e-16       4.484058073579e-17       3.880007355553e-17 
 1651       4.929110837426e-11       2.749159147637e-12      -3.796931861312e-12       0.000000000000e+00       8.066983011342e-16       4.354005765057e-17       3.861787488140e-17 
 1652       4.931646703269e-11       2.735201673838e-12      -3.841495456019e-12       0.000000000000e+00       8.047395207986e-16       4.222469983624e-17       3.843509082599e-17 
 1653       4.934500430033e-11       2.720982209754e-12      -3.885062185471e-12       0.000000000000e+00       8.027865482078e-16       4.089622607403e-17       3.825164979946e-17 
 1654       4.937663837874e-11       2.706506746944e-12      -3.927627202421e-12       0.000000000000e+00       8.008393681843e-16       3.955636363064e-17       3.806747986869e-17 
 1655       4.941128703177e-11       2.691781309057e-12      -3.969185650193e-12       0.000000000000e+00       7.988979653462e-16       3.820684827123e-17       3.788250875682e-17 
 1656       4.944886758480e-11       2.676811951881e-12      -4.009732662667e-12       0.000000000000e+00       7.969623241066e-16       3.684942427225e-17       3.769666384267e-17 
 1657       4.948929692413e-11       2.661604763392e-12      -4.049263364280e-12       0.000000000000e+00       7.950324286732e-16       3.548584443440e-17       3.750987216024e-17 
 1658       4.953249149624e-11       2.646165863804e-12      -4.087772870013e-12       0.000000000000e+00       7.931082630484e-16       3.411787009547e-17       3.732206039820e-17 
 1659       4.957836730715e-11       2.630501405618e-12      -4.125256285386e-12       0.000000000000e+00       7.911898110282e-16       3.274727114330e-17       3.713315489937e-17 
 1660       4.962683992171e-11       2.614617573677e-12      -4.161708706453e-12       0.000000000000e+00       7.892770562024e-16       3.137582602865e-17       3.694308166020e-17 
 1661       4.967782446292e-11       2.598520585208e-12      -4.197125219790e-12       0.000000000000e+00       7.873699819537e-16       3.000532177812e-17       3.675176633024e-17 
 1662       4.973123561129e-11       2.582216689879e-12      -4.231500902495e-12       0.000000000000e+00       7.854685714578e-16       2.863755400703e-17       3.655913421166e-17 
 1663       4.978698760407e-11       2.565712169845e-12      -4.264830822174e-12       0.000000000000e+00       7.835728076826e-16       2.727432693236e-17       3.636511025866e-17 
 1664       4.984499423466e-11       2.549013339798e-12      -4.297110036940e-12       0.000000000000e+00       7.816826733881e-16       2.591745338561e-17       3.616961907703e-17 
 1665       4.990516885188e-11       2.532126547021e-12      -4.328333595400e-12       0.000000000000e+00       7.797981511260e-16       2.456875482573e-17       3.597258492358e-17 
 1666       4.996742435927e-11       2.515058171431e-12      -4.358496536655e-12       0.000000000000e+00       7.779192232389e-16       2.323006135203e-17       3.577393170564e-17 
 1667       5.003167321446e-11       2.497814625637e-12      -4.387593890286e-12       0.000000000000e+00       7.760458718605e-16       2.190321171704e-17       3.557358298055e-17 
 1668       5.009782742844e-11       2.480402354982e-12      -4.415620676353e-12       0.000000000000e+00       7.741780789148e-16       2.059005333946e-17       3.537146195512e-17 
 1669       5.016579856491e-11       2.462827837598e-12      -4.442571905384e-12       0.000000000000e+00       7.723158261158e-16       1.929244231704e-17       3.516749148512e-17 
 1670       5.023549773957e-11       2.445097584457e-12      -4.468442578368e-12       0.000000000000e+00       7.704590949673e-16       1.801224343949e-17       3.496159407478e-17 
 1671       5.030683561946e-11       2.427218139415e-12      -4.493227686753e-12       0.000000000000e+00       7.686078667622e-16       1.675133020137e-17       3.475369187623e-17 
 1672       5.037972242227e-11       2.409196079268e-12      -4.516922212432e-12       0.000000000000e+00       7.667621225823e-16       1.551158481502e-17       3.454370668904e-17 
 1673       5.045406791564e-11       2.391038013799e-12      -4.539521127742e-12       0.000000000000e+00       7.649218432979e-16       1.429489822341e-17       3.433155995965e-17 
 1674       5.052978141652e-11       2.372750585828e-12      -4.561019395451e-12       0.000000000000e+00       7.630870095674e-16       1.310317011312e-17       3.411717278087e-17 
 1675       5.060677179044e-11       2.354340471263e-12      -4.581411968759e-12       0.000000000000e+00       7.612576018368e-16       1.193830892717e-17       3.390046589135e-17 
 1676       5.068494745084e-11       2.335814379149e-12      -4.600693791283e-12       0.000000000000e+00       7.594336003395e-16       1.080223187797e-17       3.368135967511e-17 
 1677       5.076421635842e-11       2.317179051718e-12      -4.618859797055e-12       0.000000000000e+00       7.576149850958e-16       9.696864960181e-18       3.345977416096e-17 
 1678       5.084448602042e-11       2.298441264440e-12      -4.635904910513e-12       0.000000000000e+00       7.558017359125e-16       8.624142963672e-18       3.323562902199e-17 
 1679       5.092566348995e-11       2.279607826072e-12      -4.651824046494e-12       0.000000000000e+00       7.539938323824e-16       7.586009486374e-18       3.300884357511e-17 
 1680       5.100765536530e-11       2.260685578708e-12      -4.666612110230e-12       0.000000000000e+00       7.521912538843e-16       6.584416947208e-18       3.277933678046e-17 
 1681       5.109036778927e-11       2.241681397829e-12      -4.680263997336e-12       0.000000000000e+00       7.503939795822e-16       5.621326598979e-18       3.254702724093e-17 
 1682       5.117370644849e-11       2.222602192353e-12      -4.692774593807e-12       0.000000000000e+00       7.486019884249e-16       4.698708541281e-18       3.231183320164e-17 
 1683       5.125757657272e-11       2.203454904685e-12      -4.704138776008e-12       0.000000000000e+00       7.468152591461e-16       3.818541733401e-18       3.207367254939e-17 
 1684       5.134188293418e-11       2.184246510768e-12      -4.714351410671e-12       0.000000000000e+00       7.450337702635e-16       2.982814007218e-18       3.183246281219e-17 
 1685       5.142652984686e-11       2.164984020129e-12      -4.723407354884e-12       0.000000000000e+00       7.432575000784e-16       2.193522080109e-18       3.158812115872e-17 
 1686       5.151142116585e-11       2.145674475935e-12      -4.731301456086e-12       0.000000000000e+00       7.414864266759e-16       1.452671567852e-18       3.134056439779e-17 
 1687       5.159646028664e-11       2.126324955038e-12      -4.738028552060e-12       0.000000000000e+00       7.397205279238e-16       7.622769975246e-19       3.108970897785e-17 
 1688       5.168155014445e-11       2.106942568028e-12      -4.743583470926e-12       0.000000000000e+00       7.379597814727e-16       1.243618204110e-19       3.083547098646e-17 
 1689       5.176659321354e-11       2.087534459279e-12      -4.747961031134e-12       0.000000000000e+00       7.362041647551e-16      -4.590415750970e-19       3.057776614978e-17 
 1690       5.185149150653e-11       2.068107807005e-12      -4.751156041454e-12       0.000000000000e+00       7.344536549857e-16      -9.858918505978e-19       3.031650983205e-17 
 1691       5.193615335094e-11       2.048669504262e-12      -4.753166063556e-12       0.000000000000e+00       7.327082308983e-16      -1.454778316584e-18       3.005164821590e-17 
 1692       5.202051378423e-11       2.029225198851e-12      -4.753999725879e-12       0.000000000000e+00       7.309678779747e-16      -1.866845806876e-18       2.978325213947e-17 
 1693       5.210451433387e-11       2.009780245210e-12      -4.753668481676e-12       0.000000000000e+00       7.292325832606e-16      -2.223886433226e-18       2.951142407019e-17 
 1694       5.218809625571e-11       1.990340022739e-12      -4.752183853079e-12       0.000000000000e+00       7.275023336314e-16      -2.527701499064e-18       2.923626699839e-17 
 1695       5.227120053363e-11       1.970909935835e-12      -4.749557431200e-12       0.000000000000e+00       7.257771157917e-16      -2.780101513426e-18       2.895788443815e-17 
 1696       5.235376787911e-11       1.951495413928e-12      -4.745800876244e-12       0.000000000000e+00       7.240569162753e-16      -2.982906204874e-18       2.867638042799e-17 
 1697       5.243573873082e-11       1.932101911524e-12      -4.740925917620e-12       0.000000000000e+00       7.223417214446e-16      -3.137944535423e-18       2.839185953177e-17 
 1698       5.251705325426e-11       1.912734908231e-12      -4.734944354042e-12       0.000000000000e+00       7.206315174907e-16      -3.247054714461e-18       2.810442683940e-17 
 1699       5.259765134133e-11       1.893399908804e-12      -4.727868053647e-12       0.000000000000e+00       7.189262904326e-16      -3.312084212671e-18       2.781418796765e-17 
 1700       5.267747260995e-11       1.874102443180e-12      -4.719708954097e-12       0.000000000000e+00       7.172260261170e-16      -3.334889775960e-18       2.752124906095e-17 
 1701       5.275645640366e-11       1.854848066512e-12      -4.710479062694e-12       0.000000000000e+00       7.155307102183e-16      -3.317337439375e-18       2.722571679220e-17 
 1702       5.283454179119e-11       1.835642359205e-12      -4.700190456482e-12       0.000000000000e+00       7.138403282380e-16      -3.261302541032e-18       2.692769836349e-17 
 1703       5.291166756611e-11       1.816490926958e-12      -4.688855282362e-12       0.000000000000e+00       7.121548655043e-16      -3.168669736036e-18       2.662730150696e-17 
 1704       5.298777224642e-11       1.797399400796e-12      -4.676485757197e-12       0.000000000000e+00       7.104743071721e-16      -3.041333010405e-18       2.632463448556e-17 
 1705       5.306279407410e-11       1.778373437105e-12      -4.663094167922e-12       0.000000000000e+00       7.087986382223e-16      -2.881195694991e-18       2.601980609383e-17 
 1706       5.313667101480e-11       1.759418717675e-12      -4.648692871655e-12       0.000000000000e+00       7.071278434618e-16      -2.690170479409e-18       2.571292565870e-17 
 1707       5.320934075735e-11       1.740540949730e-12      -4.633294295802e-12       0.000000000000e+00       7.054619075232e-16      -2.470179425955e-18       2.540410304030e-17 
 1708       5.328074071345e-11       1.721745865969e-12      -4.616910938168e-12       0.000000000000e+00       7.038008148642e-16      -2.223153983529e-18       2.509344863271e-17 
 1709       5.335080801718e-11       1.703039224601e-12      -4.599555367067e-12       0.000000000000e+00       7.021445497673e-16      -1.951035001561e-18       2.478107336478e-17 
 1710       5.341947952469e-11       1.684426809379e-12      -4.581240221429e-12       0.000000000000e+00       7.004930963399e-16      -1.655772743934e-18       2.446708870088e-17 
 1711       5.348669181375e-11       1.665914429641e-12      -4.561978210910e-12       0.000000000000e+00       6.988464385135e-16      -1.339326902904e-18       2.415160664177e-17 
 1712       5.355238118333e-11       1.647507920346e-12      -4.541782115999e-12       0.000000000000e+00       6.972045600436e-16      -1.003666613027e-18       2.383473972528e-17 
 1713       5.361648365328e-11       1.629213142105e-12      -4.520664788130e-12       0.000000000000e+00       6.955674445094e-16      -6.507704650806e-19       2.351660102719e-17 
 1714       5.367893496385e-11       1.611035981226e-12      -4.498639149788e-12       0.000000000000e+00       6.939350753135e-16      -2.826265199855e-19       2.319730416198e-17 
 1715       5.373967057536e-11       1.592982349744e-12      -4.475718194619e-12       0.000000000000e+00       6.923074356814e-16       9.876767726859e-20       2.287696328361e-17 
 1716       5.379862566774e-11       1.575058185459e-12      -4.451914987541e-12       0.000000000000e+00       6.906845086614e-16       4.914050837013e-19       2.255569308634e-17 
 1717       5.385573514016e-11       1.557269451976e-12      -4.427242664848e-12       0.000000000000e+00       6.890662771241e-16       8.932691444181e-19       2.223360880549e-17 
 1718       5.391093361066e-11       1.539622138737e-12      -4.401714434324e-12       0.000000000000e+00       6.874527237622e-16       1.302333778687e-18       2.191082621825e-17 
 1719       5.396415541569e-11       1.522122261060e-12      -4.375343575347e-12       0.000000000000e+00       6.858438310904e-16       1.716563366016e-18       2.158746164447e-17 
 1720       5.401533460977e-11       1.504775860175e-12      -4.348143439004e-12       0.000000000000e+00       6.842395814443e-16       2.133912732228e-18       2.126363194742e-17 
 1721       5.406440496505e-11       1.487589003261e-12      -4.320127448194e-12       0.000000000000e+00       6.826399569812e-16       2.552327135541e-18       2.093945453461e-17 
 1722       5.411129997094e-11       1.470567783483e-12      -4.291309097740e-12       0.000000000000e+00       6.810449396788e-16       2.969742252642e-18       2.061504735857e-17 
 1723       5.415595283369e-11       1.453718320025e-12      -4.261701954496e-12       0.000000000000e+00       6.794545113354e-16       3.384084164764e-18       2.029052891764e-17 
 1724       5.419829647601e-11       1.437046758133e-12      -4.231319657459e-12       0.000000000000e+00       6.778686535695e-16       3.793269343766e-18       1.996601825676e-17 
 1725       5.423826353665e-11       1.420559269144e-12      -4.200175917874e-12       0.000000000000e+00       6.762873478195e-16       4.195204638204e-18       1.964163496825e-17 
 1726       5.427578637003e-11       1.404262050531e-12      -4.168284519346e-12       0.000000000000e+00       6.747105753432e-16       4.587787259415e-18       1.931749919260e-17 
 1727       5.431079704582e-11       1.388161325930e-12      -4.135659317949e-12       0.000000000000e+00       6.731383172176e-16       4.968904767587e-18       1.899373161930e-17 
 1728       5.434322734855e-11       1.372263345186e-12      -4.102314242330e-12       0.000000000000e+00       6.715705543388e-16       5.336435057841e-18       1.867045348755e-17 
 1729       5.437300877720e-11       1.356574384382e-12      -4.068263293824e-12       0.000000000000e+00       6.700072674213e-16       5.688246346305e-18       1.834778658713e-17 
 1730       5.440007254482e-11       1.341100745881e-12      -4.033520546561e-12       0.000000000000e+00       6.684484369978e-16       6.022197156192e-18       1.802585325913e-17 
 1731       5.442435996060e-11       1.325847997620e-12      -3.998100838878e-12       0.000000000000e+00       6.668940448873e-16       6.336650177312e-18       1.770475532660e-17 
 1732       5.444585367289e-11       1.310818683900e-12      -3.962021853741e-12       0.000000000000e+00       6.653440786121e-16       6.632018622300e-18       1.738451068997e-17 
 1733       5.446454668948e-11       1.296014595317e-12      -3.925302056128e-12       0.000000000000e+00       6.637985270176e-16       6.909232913863e-18       1.706511619727e-17 
 1734       5.448043201912e-11       1.281437527758e-12      -3.887960003455e-12       0.000000000000e+00       6.622573788068e-16       7.169228004417e-18       1.674656866553e-17 
 1735       5.449350267153e-11       1.267089282397e-12      -3.850014345712e-12       0.000000000000e+00       6.607206225401e-16       7.412943382732e-18       1.642886488081e-17 
 1736       5.450375165740e-11       1.252971665711e-12      -3.811483825603e-12       0.000000000000e+00       6.591882466354e-16       7.641323080581e-18       1.611200159807e-17 
 1737       5.451117198844e-11       1.239086489480e-12      -3.772387278676e-12       0.000000000000e+00       6.576602393675e-16       7.855315679380e-18       1.579597554116e-17 
 1738       5.451575667737e-11       1.225435570794e-12      -3.732743633467e-12       0.000000000000e+00       6.561365888679e-16       8.055874316836e-18       1.548078340276e-17 
 1739       5.451749873796e-11       1.212020732061e-12      -3.692571911631e-12       0.000000000000e+00       6.546172831247e-16       8.243956693591e-18       1.516642184431e-17 
 1740       5.451639118501e-11       1.198843801012e-12      -3.651891228083e-12       0.000000000000e+00       6.531023099821e-16       8.420525079866e-18       1.485288749600e-17 
 1741       5.451242703442e-11       1.185906610707e-12      -3.610720791128e-12       0.000000000000e+00       6.515916571404e-16       8.586546322106e-18       1.454017695663e-17 
 1742       5.450559930317e-11       1.173210999540e-12      -3.569079902607e-12       0.000000000000e+00       6.500853121554e-16       8.742991849625e-18       1.422828679366e-17 
 1743       5.449590100933e-11       1.160758811248e-12      -3.526987958025e-12       0.000000000000e+00       6.485832624386e-16       8.890837681254e-18       1.391721354308e-17 
 1744       5.448332517211e-11       1.148551894915e-12      -3.484464446690e-12       0.000000000000e+00       6.470854952565e-16       9.031064431978e-18       1.360695370938e-17 
 1745       5.446786481186e-11       1.136592104979e-12      -3.441528951853e-12       0.000000000000e+00       6.455919977306e-16       9.164657319592e-18       1.329750376551e-17 
 1746       5.444951295009e-11       1.124881301237e-12      -3.398201150841e-12       0.000000000000e+00       6.441027568372e-16       9.292606171333e-18       1.298886015280e-17 
 1747       5.442826260947e-11       1.113421348852e-12      -3.354500815194e-12       0.000000000000e+00       6.426177594067e-16       9.415905430538e-18       1.268101928094e-17 
 1748       5.440410681387e-11       1.102214118360e-12      -3.310447810803e-12       0.000000000000e+00       6.411369921240e-16       9.535554163277e-18       1.237397752787e-17 
 1749       5.437703858838e-11       1.091261485672e-12      -3.266062098044e-12       0.000000000000e+00       6.396604415276e-16       9.652556065007e-18       1.206773123980e-17 
 1750       5.434705095930e-11       1.080565332087e-12      -3.221363731919e-12       0.000000000000e+00       6.381880940099e-16       9.767919467211e-18       1.176227673110e-17 
 1751       5.431413695418e-11       1.070127544293e-12      -3.176372862186e-12       0.000000000000e+00       6.367199358165e-16       9.882657344045e-18       1.145761028425e-17 
 1752       5.427828960183e-11       1.059950014372e-12      -3.131109733502e-12       0.000000000000e+00       6.352559530461e-16       9.997787318984e-18       1.115372814981e-17 
 1753       5.423950193235e-11       1.050034639813e-12      -3.085594685557e-12       0.000000000000e+00       6.337961316504e-16       1.011433167146e-17       1.085062654638e-17 
 1754       5.419776697711e-11       1.040383323509e-12      -3.039848153208e-12       0.000000000000e+00       6.323404574336e-16       1.023331734353e-17       1.054830166048e-17 
 1755       5.415307776882e-11       1.030997973771e-12      -2.993890666621e-12       0.000000000000e+00       6.308889160523e-16       1.035577594648e-17       1.024674964655e-17 
 1756       5.410542734149e-11       1.021880504330e-12      -2.947742851402e-12       0.000000000000e+00       6.294414930151e-16       1.048274376751e-17       9.945966626909e-18 
 1757       5.405480873051e-11       1.013032834343e-12      -2.901425428737e-12       0.000000000000e+00       6.279981736826e-16       1.061526177634e-17       9.645948691636e-18 
 1758       5.400121497259e-11       1.004456888401e-12      -2.854959215529e-12       0.000000000000e+00       6.265589432666e-16       1.075437563192e-17       9.346691898579e-18 
 1759       5.394463910587e-11       9.961545965350e-13      -2.808365124530e-12       0.000000000000e+00       6.251237868307e-16       1.090113568898e-17       9.048192273270e-18 
 1760       5.388507416986e-11       9.881278942195e-13      -2.761664164483e-12       0.000000000000e+00       6.236926892891e-16       1.105659700476e-17       8.750445808878e-18 
 1761       5.382251320549e-11       9.803787223816e-13      -2.714877440257e-12       0.000000000000e+00       6.222656354071e-16       1.122181934561e-17       8.453448466156e-18 
 1762       5.375694925511e-11       9.729090274057e-13      -2.668026152981e-12       0.000000000000e+00       6.208426098003e-16       1.139786719366e-17       8.157196173385e-18 
 1763       5.368837536255e-11       9.657207611399e-13      -2.621131600183e-12       0.000000000000e+00       6.194235969348e-16       1.158580975342e-17       7.861684826320e-18 
 1764       5.361678457307e-11       9.588158809021e-13      -2.574215175926e-12       0.000000000000e+00       6.180085811264e-16       1.178672095849e-17       7.566910288137e-18 
 1765       5.354216993345e-11       9.521963494861e-13      -2.527298370944e-12       0.000000000000e+00       6.165975465411e-16       1.200167947816e-17       7.272868389379e-18 
 1766       5.346452449195e-11       9.458641351676e-13      -2.480402772781e-12       0.000000000000e+00       6.151904771939e-16       1.223176872404e-17       6.979554927902e-18 
 1767       5.338384129834e-11       9.398212117105e-13      -2.433550065924e-12       0.000000000000e+00       6.137873569493e-16       1.247807685678e-17       6.686965668820e-18 
 1768       5.330011340395e-11       9.340695583732e-13      -2.386762031940e-12       0.000000000000e+00       6.123881695209e-16       1.274169679261e-17       6.395096344450e-18 
 1769       5.321333386164e-11       9.286111599140e-13      -2.340060549616e-12       0.000000000000e+00       6.109928984707e-16       1.302372621009e-17       6.103942654264e-18 
 1770       5.312349572586e-11       9.234480065980e-13      -2.293467595092e-12       0.000000000000e+00       6.096015272093e-16       1.332526755667e-17       5.813500264824e-18 
 1771       5.303059956475e-11       9.185813871368e-13      -2.247003821203e-12       0.000000000000e+00       6.082140402014e-16       1.364712088139e-17       5.523772148196e-18 
 1772       5.293467606438e-11       9.140097611083e-13      -2.200684282383e-12       0.000000000000e+00       6.068304265937e-16       1.398885954435e-17       5.234790663550e-18 
 1773       5.283576361135e-11       9.097308689700e-13      -2.154522674708e-12       0.000000000000e+00       6.054506766166e-16       1.434974688356e-17       4.946595657899e-18 
 1774       5.273390079787e-11       9.057424375087e-13      -2.108532753574e-12       0.000000000000e+00       6.040747803804e-16       1.472904269067e-17       4.659227144423e-18 
 1775       5.262912642213e-11       9.020421798197e-13      -2.062728333772e-12       0.000000000000e+00       6.027027278755e-16       1.512600320584e-17       4.372725302697e-18 
 1776       5.252147948855e-11       8.986277952856e-13      -2.017123289573e-12       0.000000000000e+00       6.013345089721e-16       1.553988111264e-17       4.087130478922e-18 
 1777       5.241099920812e-11       8.954969695553e-13      -1.971731554814e-12       0.000000000000e+00       5.999701134199e-16       1.596992553299e-17       3.802483186147e-18 
 1778       5.229772499869e-11       8.926473745234e-13      -1.926567122974e-12       0.000000000000e+00       5.986095308477e-16       1.641538202199e-17       3.518824104496e-18 
 1779       5.218169648527e-11       8.900766683092e-13      -1.881644047261e-12       0.000000000000e+00       5.972527507636e-16       1.687549256289e-17       3.236194081398e-18 
 1780       5.206295350033e-11       8.877824952356e-13      -1.836976440692e-12       0.000000000000e+00       5.958997625547e-16       1.734949556192e-17       2.954634131808e-18 
 1781       5.194153608415e-11       8.857624858082e-13      -1.792578476175e-12       0.000000000000e+00       5.945505554865e-16       1.783662584327e-17       2.674185438439e-18 
 1782       5.181748448506e-11       8.840142566947e-13      -1.748464386592e-12       0.000000000000e+00       5.932051187032e-16       1.833611464389e-17       2.394889351987e-18 
 1783       5.169083915979e-11       8.825354107037e-13      -1.704648464883e-12       0.000000000000e+00       5.918634412271e-16       1.884718960850e-17       2.116787391354e-18 
 1784       5.156164077373e-11       8.813235367635e-13      -1.661145064124e-12       0.000000000000e+00       5.905255119586e-16       1.936907478438e-17       1.839921243880e-18 
 1785       5.142993020130e-11       8.803762099020e-13      -1.617968597612e-12       0.000000000000e+00       5.891913196759e-16       1.990099061635e-17       1.564332765566e-18 
 1786       5.129574852619e-11       8.796909912248e-13      -1.575133538947e-12       0.000000000000e+00       5.878608530349e-16       2.044215394164e-17       1.290063981302e-18 
 1787       5.115913704171e-11       8.792654278951e-13      -1.532654422116e-12       0.000000000000e+00       5.865341005687e-16       2.099177798477e-17       1.017157085092e-18 
 1788       5.102013725106e-11       8.790970531123e-13      -1.490545841571e-12       0.000000000000e+00       5.852110506879e-16       2.154907235250e-17       7.456544402826e-19 
 1789       5.087879086766e-11       8.791833860911e-13      -1.448822452313e-12       0.000000000000e+00       5.838916916798e-16       2.211324302865e-17       4.755985797898e-19 
 1790       5.073513981544e-11       8.795219320410e-13      -1.407498969976e-12       0.000000000000e+00       5.825760117085e-16       2.268349236909e-17       2.070322063228e-19 
 1791       5.058922622916e-11       8.801101821447e-13      -1.366590170909e-12       0.000000000000e+00       5.812639988148e-16       2.325901909658e-17      -6.000180738699e-20 
 1792       5.044109245468e-11       8.809456135378e-13      -1.326110892254e-12       0.000000000000e+00       5.799556409156e-16       2.383901829568e-17      -3.254604183603e-19 
 1793       5.029078104931e-11       8.820256892875e-13      -1.286076032034e-12       0.000000000000e+00       5.786509258042e-16       2.442268140764e-17      -5.893004131432e-19 
 1794       5.013833478209e-11       8.833478583719e-13      -1.246500549233e-12       0.000000000000e+00       5.773498411497e-16       2.500919622534e-17      -8.514784075806e-19 
 1795       4.998379663409e-11       8.849095556589e-13      -1.207399463875e-12       0.000000000000e+00       5.760523744967e-16       2.559774688815e-17      -1.111950846590e-18 
 1796       4.982720979872e-11       8.867082018853e-13      -1.168787857111e-12       0.000000000000e+00       5.747585132655e-16       2.618751387683e-17      -1.370674003933e-18 
 1797       4.966861768203e-11       8.887412036361e-13      -1.130680871300e-12       0.000000000000e+00       5.734682447517e-16       2.677767400845e-17      -1.627603981993e-18 
 1798       4.950806390305e-11       8.910059533234e-13      -1.093093710089e-12       0.000000000000e+00       5.721815561259e-16       2.736740043127e-17      -1.882696711543e-18 
 1799       4.934559229402e-11       8.934998291652e-13      -1.056041638497e-12       0.000000000000e+00       5.708984344334e-16       2.795586261966e-17      -2.135907951525e-18 
 1800       4.918124690078e-11       8.962201951651e-13      -1.019539982998e-12       0.000000000000e+00       5.696188665943e-16       2.854222636897e-17      -2.387193288818e-18 
 1801       4.901507198301e-11       8.991644010910e-13      -9.836041316001e-13       0.000000000000e+00       5.683428394031e-16       2.912565379047e-17      -2.636508138015e-18 
 1802       4.884711201456e-11       9.023297824541e-13      -9.482495339325e-13       0.000000000000e+00       5.670703395284e-16       2.970530330618e-17      -2.883807741194e-18 
 1803       4.867741168376e-11       9.057136604882e-13      -9.134917013232e-13       0.000000000000e+00       5.658013535131e-16       3.028032964387e-17      -3.129047167693e-18 
 1804       4.850601589370e-11       9.093133421285e-13      -8.793462068836e-13       0.000000000000e+00       5.645358677734e-16       3.084988383185e-17      -3.372181313886e-18 
 1805       4.833296976259e-11       9.131261199912e-13      -8.458286855903e-13       0.000000000000e+00       5.632738685994e-16       3.141311319396e-17      -3.613164902949e-18 
 1806       4.815831862397e-11       9.171492723520e-13      -8.129548343670e-13       0.000000000000e+00       5.620153421546e-16       3.196916134441e-17      -3.851952484641e-18 
 1807       4.798210802711e-11       9.213800631253e-13      -7.807404121672e-13       0.000000000000e+00       5.607602744754e-16       3.251716818270e-17      -4.088498435074e-18 
 1808       4.780438373727e-11       9.258157418437e-13      -7.492012400559e-13       0.000000000000e+00       5.595086514714e-16       3.305626988852e-17      -4.322756956484e-18 
 1809       4.762519173599e-11       9.304535436366e-13      -7.183532012923e-13       0.000000000000e+00       5.582604589245e-16       3.358559891666e-17      -4.554682077012e-18 
 1810       4.744457822143e-11       9.352906892095e-13      -6.882122414117e-13       0.000000000000e+00       5.570156824896e-16       3.410428399188e-17      -4.784227650469e-18 
 1811       4.726259056958e-11       9.403241220086e-13      -6.587919983888e-13       0.000000000000e+00       5.557743087298e-16       3.461169011340e-17      -5.011354920717e-18 
 1812       4.707928022583e-11       9.455497174352e-13      -6.300966720235e-13       0.000000000000e+00       5.545363282345e-16       3.510814069895e-17      -5.236055282084e-18 
 1813       4.689469983737e-11       9.509630671999e-13      -6.021280971010e-13       0.000000000000e+00       5.533017325261e-16       3.559420126576e-17      -5.458327702406e-18 
 1814       4.670890229475e-11       9.565597415264e-13      -5.748881080760e-13       0.000000000000e+00       5.520705130265e-16       3.607043995426e-17      -5.678171175175e-18 
 1815       4.652194073218e-11       9.623352891209e-13      -5.483785390691e-13       0.000000000000e+00       5.508426610564e-16       3.653742753183e-17      -5.895584719582e-18 
 1816       4.633386852789e-11       9.682852371416e-13      -5.226012238614e-13       0.000000000000e+00       5.496181678354e-16       3.699573739647e-17      -6.110567380571e-18 
 1817       4.614473930447e-11       9.744050911684e-13      -4.975579958907e-13       0.000000000000e+00       5.483970244817e-16       3.744594558043e-17      -6.323118228889e-18 
 1818       4.595460692922e-11       9.806903351719e-13      -4.732506882469e-13       0.000000000000e+00       5.471792220119e-16       3.788863075392e-17      -6.533236361135e-18 
 1819       4.576352551445e-11       9.871364314833e-13      -4.496811336674e-13       0.000000000000e+00       5.459647513410e-16       3.832437422878e-17      -6.740920899810e-18 
 1820       4.557154941787e-11       9.937388207636e-13      -4.268511645328e-13       0.000000000000e+00       5.447536032822e-16       3.875375996216e-17      -6.946170993367e-18 
 1821       4.537873324290e-11       1.000492921973e-12      -4.047626128626e-13       0.000000000000e+00       5.435457685465e-16       3.917737456018e-17      -7.148985816264e-18 
 1822       4.518513183901e-11       1.007394132342e-12      -3.834173103105e-13       0.000000000000e+00       5.423412377426e-16       3.959580728163e-17      -7.349364569009e-18 
 1823       4.499080030206e-11       1.014437827336e-12      -3.628170881601e-13       0.000000000000e+00       5.411400013771e-16       4.000965004162e-17      -7.547306478213e-18 
 1824       4.479579397466e-11       1.021619360632e-12      -3.429637773204e-13       0.000000000000e+00       5.399420498537e-16       4.041949741527e-17      -7.742810796640e-18 
 1825       4.460016844649e-11       1.028934064082e-12      -3.238592083215e-13       0.000000000000e+00       5.387473734735e-16       4.082594664138e-17      -7.935876803257e-18 
 1826       4.440397955464e-11       1.036377247686e-12      -3.055052113100e-13       0.000000000000e+00       5.375559624346e-16       4.122959762613e-17      -8.126503803283e-18 
 1827       4.420728338395e-11       1.043944199558e-12      -2.879036160445e-13       0.000000000000e+00       5.363678068321e-16       4.163105294671e-17      -8.314691128241e-18 
 1828       4.401013626736e-11       1.051630185900e-12      -2.710562518916e-13       0.000000000000e+00       5.351828966577e-16       4.203091785502e-17      -8.500438136005e-18 
 1829       4.381259478624e-11       1.059430450968e-12      -2.549649478209e-13       0.000000000000e+00       5.340012217998e-16       4.242980028138e-17      -8.683744210853e-18 
 1830       4.361471577073e-11       1.067340217042e-12      -2.396315324009e-13       0.000000000000e+00       5.328227720430e-16       4.282831083812e-17      -8.864608763517e-18 
 1831       4.341655630009e-11       1.075354684398e-12      -2.250578337944e-13       0.000000000000e+00       5.316475370682e-16       4.322706282336e-17      -9.043031231231e-18 
 1832       4.321817370301e-11       1.083469031274e-12      -2.112456797542e-13       0.000000000000e+00       5.304755064523e-16       4.362667222459e-17      -9.219011077781e-18 
 1833       4.301962555800e-11       1.091678413841e-12      -1.981968976187e-13       0.000000000000e+00       5.293066696680e-16       4.402775772243e-17      -9.392547793557e-18 
 1834       4.282096969367e-11       1.099977966172e-12      -1.859133143071e-13       0.000000000000e+00       5.281410160837e-16       4.443094069423e-17      -9.563640895603e-18 
 1835       4.262226418913e-11       1.108362800214e-12      -1.743967563155e-13       0.000000000000e+00       5.269785349633e-16       4.483684521780e-17      -9.732289927665e-18 
 1836       4.242356737427e-11       1.116828005753e-12      -1.636490497120e-13       0.000000000000e+00       5.258192154661e-16       4.524609807507e-17      -9.898494460242e-18 
 1837       4.222493783015e-11       1.125368650387e-12      -1.536720201325e-13       0.000000000000e+00       5.246630466464e-16       4.565932875574e-17      -1.006225409064e-17 
 1838       4.202643438932e-11       1.133979779495e-12      -1.444674927763e-13       0.000000000000e+00       5.235100174536e-16       4.607716946101e-17      -1.022356844301e-17 
 1839       4.182811613614e-11       1.142656416203e-12      -1.360372924014e-13       0.000000000000e+00       5.223601167317e-16       4.650025510719e-17      -1.038243716842e-17 
 1840       4.163004240716e-11       1.151393561360e-12      -1.283832433204e-13       0.000000000000e+00       5.212133332196e-16       4.692922332945e-17      -1.053885994487e-17 
 1841       4.143227279140e-11       1.160186193502e-12      -1.215071693957e-13       0.000000000000e+00       5.200696555504e-16       4.736471448541e-17      -1.069283647740e-17 
 1842       4.123486713078e-11       1.169029268821e-12      -1.154108940355e-13       0.000000000000e+00       5.189290722516e-16       4.780737165890e-17      -1.084436649805e-17 
 1843       4.103788552036e-11       1.177917721140e-12      -1.100962401889e-13       0.000000000000e+00       5.177915717448e-16       4.825784066358e-17      -1.099344976602e-17 
 1844       4.084138830874e-11       1.186846461879e-12      -1.055650303419e-13       0.000000000000e+00       5.166571423454e-16       4.871677004662e-17      -1.114008606762e-17 
 1845       4.064543609841e-11       1.195810380021e-12      -1.018190865125e-13       0.000000000000e+00       5.155257722628e-16       4.918481109242e-17      -1.128427521640e-17 
 1846       4.045008974602e-11       1.204804342089e-12      -9.886023024675e-14       0.000000000000e+00       5.143974495996e-16       4.966261782624e-17      -1.142601705312e-17 
 1847       4.025541036281e-11       1.213823192109e-12      -9.669028261387e-14       0.000000000000e+00       5.132721623522e-16       5.015084701787e-17      -1.156531144589e-17 
 1848       4.006145931487e-11       1.222861751585e-12      -9.531106420210e-14       0.000000000000e+00       5.121498984098e-16       5.065015818536e-17      -1.170215829015e-17 
 1849       3.986829822353e-11       1.231914819461e-12      -9.472439511419e-14       0.000000000000e+00       5.110306455551e-16       5.116121359864e-17      -1.183655750874e-17 
 1850       3.967598896567e-11       1.240977172098e-12      -9.493209496289e-14       0.000000000000e+00       5.099143914632e-16       5.168467828322e-17      -1.196850905196e-17 
 1851       3.948458881241e-11       1.250043820919e-12      -9.593416707295e-14       0.000000000000e+00       5.088011245759e-16       5.222101907321e-17      -1.209802137516e-17 
 1852       3.929413580228e-11       1.259110787643e-12      -9.772333539993e-14       0.000000000000e+00       5.076908367294e-16       5.276990002602e-17      -1.222513694463e-17 
 1853       3.910466325307e-11       1.268174335118e-12      -1.002904644107e-13       0.000000000000e+00       5.065835205466e-16       5.333078223505e-17      -1.234990693348e-17 
 1854       3.891620461320e-11       1.277230710181e-12      -1.036263708886e-13       0.000000000000e+00       5.054791685652e-16       5.390312434311e-17      -1.247238276270e-17 
 1855       3.872879346183e-11       1.286276143632e-12      -1.077218238650e-13       0.000000000000e+00       5.043777732379e-16       5.448638253902e-17      -1.259261610155e-17 
 1856       3.854246350910e-11       1.295306850215e-12      -1.125675445516e-13       0.000000000000e+00       5.032793269317e-16       5.508001055431e-17      -1.271065886791e-17 
 1857       3.835724859625e-11       1.304319028597e-12      -1.181542062726e-13       0.000000000000e+00       5.021838219282e-16       5.568345965979e-17      -1.282656322856e-17 
 1858       3.817318269583e-11       1.313308861344e-12      -1.244724343964e-13       0.000000000000e+00       5.010912504231e-16       5.629617866226e-17      -1.294038159963e-17 
 1859       3.799029991181e-11       1.322272514902e-12      -1.315128062674e-13       0.000000000000e+00       5.000016045266e-16       5.691761390111e-17      -1.305216664686e-17 
 1860       3.780863447984e-11       1.331206139575e-12      -1.392658511386e-13       0.000000000000e+00       4.989148762624e-16       5.754720924498e-17      -1.316197128598e-17 
 1861       3.762822076731e-11       1.340105869501e-12      -1.477220501033e-13       0.000000000000e+00       4.978310575686e-16       5.818440608838e-17      -1.326984868307e-17 
 1862       3.744909327361e-11       1.348967822633e-12      -1.568718360268e-13       0.000000000000e+00       4.967501402966e-16       5.882864334837e-17      -1.337585225489e-17 
 1863       3.727128663025e-11       1.357788100719e-12      -1.667055934789e-13       0.000000000000e+00       4.956721162116e-16       5.947935746116e-17      -1.348003566922e-17 
 1864       3.709483560106e-11       1.366562789275e-12      -1.772136586657e-13       0.000000000000e+00       4.945969769920e-16       6.013598237875e-17      -1.358245284522e-17 
 1865       3.691977508231e-11       1.375287957570e-12      -1.883863193614e-13       0.000000000000e+00       4.935247142298e-16       6.079794956564e-17      -1.368315795379e-17 
 1866       3.674614010296e-11       1.383959658600e-12      -2.002138148408e-13       0.000000000000e+00       4.924553194299e-16       6.146468799538e-17      -1.378220541787e-17 
 1867       3.657396582474e-11       1.392573929068e-12      -2.126863358105e-13       0.000000000000e+00       4.913887840102e-16       6.213562414726e-17      -1.387964991284e-17 
 1868       3.640328754237e-11       1.401126789362e-12      -2.257940243418e-13       0.000000000000e+00       4.903250993015e-16       6.281018200295e-17      -1.397554636684e-17 
 1869       3.623414068375e-11       1.409614243534e-12      -2.395269738022e-13       0.000000000000e+00       4.892642565473e-16       6.348778304315e-17      -1.406994996111e-17 
 1870       3.606656081007e-11       1.418032279278e-12      -2.538752287873e-13       0.000000000000e+00       4.882062469037e-16       6.416784624419e-17      -1.416291613036e-17 
 1871       3.590058361602e-11       1.426376867911e-12      -2.688287850531e-13       0.000000000000e+00       4.871510614391e-16       6.484978807472e-17      -1.425450056310e-17 
 1872       3.573624492993e-11       1.434643964346e-12      -2.843775894480e-13       0.000000000000e+00       4.860986911344e-16       6.553302249232e-17      -1.434475920199e-17 
 1873       3.557358071400e-11       1.442829507076e-12      -3.005115398444e-13       0.000000000000e+00       4.850491268823e-16       6.621696094015e-17      -1.443374824418e-17 
 1874       3.541262706439e-11       1.450929418149e-12      -3.172204850712e-13       0.000000000000e+00       4.840023594876e-16       6.690101234359e-17      -1.452152414168e-17 
 1875       3.525342021144e-11       1.458939603150e-12      -3.344942248456e-13       0.000000000000e+00       4.829583796672e-16       6.758458310691e-17      -1.460814360169e-17 
 1876       3.509599651984e-11       1.466855951174e-12      -3.523225097048e-13       0.000000000000e+00       4.819171780493e-16       6.826707710984e-17      -1.469366358693e-17 
 1877       3.494039248875e-11       1.474674334811e-12      -3.706950409386e-13       0.000000000000e+00       4.808787451738e-16       6.894789570430e-17      -1.477814131603e-17 
 1878       3.478664475204e-11       1.482390610118e-12      -3.896014705208e-13       0.000000000000e+00       4.798430714921e-16       6.962643771099e-17      -1.486163426382e-17 
 1879       3.463479007841e-11       1.490000616604e-12      -4.090314010419e-13       0.000000000000e+00       4.788101473668e-16       7.030209941601e-17      -1.494420016175e-17 
 1880       3.448486537157e-11       1.497500177202e-12      -4.289743856401e-13       0.000000000000e+00       4.777799630716e-16       7.097427456757e-17      -1.502589699817e-17 
 1881       3.433690767043e-11       1.504885098253e-12      -4.494199279344e-13       0.000000000000e+00       4.767525087910e-16       7.164235437256e-17      -1.510678301869e-17 
 1882       3.419095414924e-11       1.512151169482e-12      -4.703574819557e-13       0.000000000000e+00       4.757277746207e-16       7.230572749326e-17      -1.518691672657e-17 
 1883       3.404704211776e-11       1.519294163975e-12      -4.917764520794e-13       0.000000000000e+00       4.747057505667e-16       7.296378004392e-17      -1.526635688302e-17 
 1884       3.390520902148e-11       1.526309838161e-12      -5.136661929571e-13       0.000000000000e+00       4.736864265458e-16       7.361589558742e-17      -1.534516250756e-17 
 1885       3.376549244170e-11       1.533193931788e-12      -5.360160094487e-13       0.000000000000e+00       4.726697923851e-16       7.426145513195e-17      -1.542339287837e-17 
 1886       3.362793009579e-11       1.539942167901e-12      -5.588151565543e-13       0.000000000000e+00       4.716558378219e-16       7.489983712759e-17      -1.550110753265e-17 
 1887       3.349255983730e-11       1.546550252824e-12      -5.820528393463e-13       0.000000000000e+00       4.706445525036e-16       7.553041746301e-17      -1.557836626693e-17 
 1888       3.335941965616e-11       1.553013876134e-12      -6.057182129016e-13       0.000000000000e+00       4.696359259877e-16       7.615256946204e-17      -1.565522913747e-17 
 1889       3.322854767883e-11       1.559328710642e-12      -6.298003822329e-13       0.000000000000e+00       4.686299477415e-16       7.676566388040e-17      -1.573175646054e-17 
 1890       3.309998216848e-11       1.565490412373e-12      -6.542884022217e-13       0.000000000000e+00       4.676266071416e-16       7.736906890227e-17      -1.580800881284e-17 
 1891       3.297375471088e-11       1.571495172711e-12      -6.791709445144e-13       0.000000000000e+00       4.666258942188e-16       7.796230892350e-17      -1.588402315229e-17 
 1892       3.284986971410e-11       1.577341379568e-12      -7.044352955319e-13       0.000000000000e+00       4.656278018953e-16       7.854554225135e-17      -1.595974097788e-17 
 1893       3.272832475047e-11       1.583027969033e-12      -7.300683505703e-13       0.000000000000e+00       4.646323237641e-16       7.911908709509e-17      -1.603507961454e-17 
 1894       3.260911735644e-11       1.588553874361e-12      -7.560569460526e-13       0.000000000000e+00       4.636394533464e-16       7.968326311702e-17      -1.610995604174e-17 
 1895       3.249224503247e-11       1.593918025973e-12      -7.823878594499e-13       0.000000000000e+00       4.626491840910e-16       8.023839143449e-17      -1.618428689297e-17 
 1896       3.237770524303e-11       1.599119351452e-12      -8.090478092019e-13       0.000000000000e+00       4.616615093747e-16       8.078479462180e-17      -1.625798845538e-17 
 1897       3.226549541649e-11       1.604156775538e-12      -8.360234546379e-13       0.000000000000e+00       4.606764225017e-16       8.132279671221e-17      -1.633097666923e-17 
 1898       3.215561294507e-11       1.609029220130e-12      -8.633013958977e-13       0.000000000000e+00       4.596939167040e-16       8.185272319991e-17      -1.640316712751e-17 
 1899       3.204805518480e-11       1.613735604278e-12      -8.908681738522e-13       0.000000000000e+00       4.587139851409e-16       8.237490104196e-17      -1.647447507544e-17 
 1900       3.194281945546e-11       1.618274844182e-12      -9.187102700242e-13       0.000000000000e+00       4.577366208991e-16       8.288965866028e-17      -1.654481541004e-17 
 1901       3.183990304050e-11       1.622645853191e-12      -9.468141065099e-13       0.000000000000e+00       4.567618169922e-16       8.339732594361e-17      -1.661410267967e-17 
 1902       3.173930318698e-11       1.626847541794e-12      -9.751660458986e-13       0.000000000000e+00       4.557895663612e-16       8.389823424947e-17      -1.668225108356e-17 
 1903       3.164101710556e-11       1.630878817626e-12      -1.003752391194e-12       0.000000000000e+00       4.548198618738e-16       8.439271640614e-17      -1.674917447138e-17 
 1904       3.154504197037e-11       1.634738585457e-12      -1.032559385737e-12       0.000000000000e+00       4.538526963246e-16       8.488110671461e-17      -1.681478634279e-17 
 1905       3.145137491899e-11       1.638425747192e-12      -1.061573213122e-12       0.000000000000e+00       4.528880624350e-16       8.536374095057e-17      -1.687899984694e-17 
 1906       3.136001305240e-11       1.641939201868e-12      -1.090779997122e-12       0.000000000000e+00       4.519259528528e-16       8.584095636636e-17      -1.694172778207e-17 
 1907       3.127095343490e-11       1.645277845653e-12      -1.120165801608e-12       0.000000000000e+00       4.509663601524e-16       8.631309169294e-17      -1.700288259503e-17 
 1908       3.118419309405e-11       1.648440571839e-12      -1.149716630469e-12       0.000000000000e+00       4.500092768344e-16       8.678048714187e-17      -1.706237638082e-17 
 1909       3.109972902063e-11       1.651426270841e-12      -1.179418427534e-12       0.000000000000e+00       4.490546953258e-16       8.724348440725e-17      -1.712012088216e-17 
 1910       3.101755816855e-11       1.654233830196e-12      -1.209257076492e-12       0.000000000000e+00       4.481026079796e-16       8.770242666771e-17      -1.717602748902e-17 
 1911       3.093767745484e-11       1.656862134557e-12      -1.239218400812e-12       0.000000000000e+00       4.471530070747e-16       8.815765858839e-17      -1.723000723814e-17 
 1912       3.086008375952e-11       1.659310065689e-12      -1.269288163669e-12       0.000000000000e+00       4.462058848162e-16       8.860952632285e-17      -1.728197081264e-17 
 1913       3.078477392563e-11       1.661576502473e-12      -1.299452067856e-12       0.000000000000e+00       4.452612333344e-16       8.905837751512e-17      -1.733182854151e-17 
 1914       3.071174475907e-11       1.663660320893e-12      -1.329695755713e-12       0.000000000000e+00       4.443190446858e-16       8.950456130158e-17      -1.737949039916e-17 
 1915       3.064099302864e-11       1.665560394040e-12      -1.360004809043e-12       0.000000000000e+00       4.433793108519e-16       8.994842831300e-17      -1.742486600502e-17 
 1916       3.057251546591e-11       1.667275592109e-12      -1.390364749034e-12       0.000000000000e+00       4.424420237401e-16       9.039033067647e-17      -1.746786462300e-17 
 1917       3.050630876518e-11       1.668804782391e-12      -1.420761036182e-12       0.000000000000e+00       4.415071751825e-16       9.083062201736e-17      -1.750839516112e-17 
 1918       3.044236958343e-11       1.670146829276e-12      -1.451179070208e-12       0.000000000000e+00       4.405747569368e-16       9.126965746132e-17      -1.754636617100e-17 
 1919       3.038069454027e-11       1.671300594244e-12      -1.481604189982e-12       0.000000000000e+00       4.396447606856e-16       9.170779363622e-17      -1.758168584743e-17 
 1920       3.032128021785e-11       1.672264935868e-12      -1.512021673442e-12       0.000000000000e+00       4.387171780363e-16       9.214538867413e-17      -1.761426202789e-17 
 1921       3.026412316083e-11       1.673038709807e-12      -1.542416737515e-12       0.000000000000e+00       4.377920005212e-16       9.258280221327e-17      -1.764400219216e-17 
 1922       3.020921987630e-11       1.673620768804e-12      -1.572774538041e-12       0.000000000000e+00       4.368692195972e-16       9.302039540001e-17      -1.767081346177e-17 
 1923       3.015656683372e-11       1.674009962683e-12      -1.603080169688e-12       0.000000000000e+00       4.359488266457e-16       9.345853089081e-17      -1.769460259964e-17 
 1924       3.010616046491e-11       1.674205138346e-12      -1.633318665877e-12       0.000000000000e+00       4.350308129728e-16       9.389757285418e-17      -1.771527600955e-17 
 1925       3.005799716390e-11       1.674205139772e-12      -1.663474998702e-12       0.000000000000e+00       4.341151698087e-16       9.433788697268e-17      -1.773273973574e-17 
 1926       3.001207328696e-11       1.674008808010e-12      -1.693534078850e-12       0.000000000000e+00       4.332018883077e-16       9.477984044486e-17      -1.774689946244e-17 
 1927       2.996838515249e-11       1.673614981180e-12      -1.723480755525e-12       0.000000000000e+00       4.322909595483e-16       9.522380198724e-17      -1.775766051338e-17 
 1928       2.992692904096e-11       1.673022494466e-12      -1.753299816362e-12       0.000000000000e+00       4.313823745331e-16       9.567014183628e-17      -1.776492785140e-17 
 1929       2.988770119489e-11       1.672230180117e-12      -1.782975987356e-12       0.000000000000e+00       4.304761241882e-16       9.611923175032e-17      -1.776860607795e-17 
 1930       2.985069781874e-11       1.671236867441e-12      -1.812493932776e-12       0.000000000000e+00       4.295721993637e-16       9.657144501158e-17      -1.776859943265e-17 
 1931       2.981591059707e-11       1.670041873118e-12      -1.841839349323e-12       0.000000000000e+00       4.286705914662e-16       9.702700632933e-17      -1.776484032924e-17 
 1932       2.978331321181e-11       1.668646476189e-12      -1.871002257807e-12       0.000000000000e+00       4.277712943637e-16       9.748554030173e-17      -1.775737520083e-17 
 1933       2.975287472264e-11       1.667052454242e-12      -1.899973736260e-12       0.000000000000e+00       4.268743024950e-16       9.794651953556e-17      -1.774627930438e-17 
 1934       2.972456403939e-11       1.665261594121e-12      -1.928744827923e-12       0.000000000000e+00       4.259796102379e-16       9.840941443149e-17      -1.773162824385e-17 
 1935       2.969834992178e-11       1.663275691941e-12      -1.957306541200e-12       0.000000000000e+00       4.250872119090e-16       9.887369318124e-17      -1.771349797064e-17 
 1936       2.967420097926e-11       1.661096553103e-12      -1.985649849621e-12       0.000000000000e+00       4.241971017640e-16       9.933882176464e-17      -1.769196478406e-17 
 1937       2.965208567079e-11       1.658725992302e-12      -2.013765691790e-12       0.000000000000e+00       4.233092739969e-16       9.980426394687e-17      -1.766710533180e-17 
 1938       2.963197230461e-11       1.656165833544e-12      -2.041644971347e-12       0.000000000000e+00       4.224237227407e-16       1.002694812755e-16      -1.763899661037e-17 
 1939       2.961382903810e-11       1.653417910157e-12      -2.069278556919e-12       0.000000000000e+00       4.215404420667e-16       1.007339330778e-16      -1.760771596561e-17 
 1940       2.959762387751e-11       1.650484064803e-12      -2.096657282082e-12       0.000000000000e+00       4.206594259846e-16       1.011970764575e-16      -1.757334109312e-17 
 1941       2.958332467779e-11       1.647366149493e-12      -2.123771945310e-12       0.000000000000e+00       4.197806684425e-16       1.016583662925e-16      -1.753595003871e-17 
 1942       2.957089914241e-11       1.644066025598e-12      -2.150613309937e-12       0.000000000000e+00       4.189041633267e-16       1.021172552315e-16      -1.749562119890e-17 
 1943       2.956031482309e-11       1.640585563863e-12      -2.177172104111e-12       0.000000000000e+00       4.180299044614e-16       1.025731936913e-16      -1.745243332136e-17 
 1944       2.955153911966e-11       1.636926644417e-12      -2.203439020749e-12       0.000000000000e+00       4.171578856091e-16       1.030256298543e-16      -1.740646550540e-17 
 1945       2.954453927983e-11       1.633091156790e-12      -2.229404717493e-12       0.000000000000e+00       4.162881004702e-16       1.034740096648e-16      -1.735779720239e-17 
 1946       2.953928239898e-11       1.629080999924e-12      -2.255059816668e-12       0.000000000000e+00       4.154205426826e-16       1.039177768271e-16      -1.730650821627e-17 
 1947       2.953573541998e-11       1.624898082183e-12      -2.280394905237e-12       0.000000000000e+00       4.145552058222e-16       1.043563728020e-16      -1.725267870397e-17 
 1948       2.953386513295e-11       1.620544321370e-12      -2.305400534755e-12       0.000000000000e+00       4.136920834026e-16       1.047892368041e-16      -1.719638917592e-17 
 1949       2.953363817510e-11       1.616021644737e-12      -2.330067221328e-12       0.000000000000e+00       4.128311688745e-16       1.052158057990e-16      -1.713772049647e-17 
 1950       2.953502103050e-11       1.611331989000e-12      -2.354385445570e-12       0.000000000000e+00       4.119724556265e-16       1.056355145006e-16      -1.707675388439e-17 
 1951       2.953798002988e-11       1.606477300350e-12      -2.378345652553e-12       0.000000000000e+00       4.111159369841e-16       1.060477953677e-16      -1.701357091331e-17 
 1952       2.954248135044e-11       1.601459534466e-12      -2.401938251771e-12       0.000000000000e+00       4.102616062104e-16       1.064520786017e-16      -1.694825351219e-17 
 1953       2.954849101561e-11       1.596280656528e-12      -2.425153617088e-12       0.000000000000e+00       4.094094565053e-16       1.068477921436e-16      -1.688088396579e-17 
 1954       2.955597489490e-11       1.590942641231e-12      -2.447982086701e-12       0.000000000000e+00       4.085594810059e-16       1.072343616709e-16      -1.681154491512e-17 
 1955       2.956489870366e-11       1.585447472794e-12      -2.470413963091e-12       0.000000000000e+00       4.077116727862e-16       1.076112105950e-16      -1.674031935793e-17 
 1956       2.957522800287e-11       1.579797144979e-12      -2.492439512983e-12       0.000000000000e+00       4.068660248569e-16       1.079777600582e-16      -1.666729064914e-17 
 1957       2.958692819898e-11       1.573993661098e-12      -2.514048967300e-12       0.000000000000e+00       4.060225301657e-16       1.083334289309e-16      -1.659254250132e-17 
 1958       2.959996454366e-11       1.568039034028e-12      -2.535232521116e-12       0.000000000000e+00       4.051811815966e-16       1.086776338088e-16      -1.651615898518e-17 
 1959       2.961430213362e-11       1.561935286225e-12      -2.555980333619e-12       0.000000000000e+00       4.043419719703e-16       1.090097890097e-16      -1.643822452997e-17 
 1960       2.962990591040e-11       1.555684449734e-12      -2.576282528062e-12       0.000000000000e+00       4.035048940440e-16       1.093293065713e-16      -1.635882392400e-17 
 1961       2.964674066019e-11       1.549288566204e-12      -2.596129191718e-12       0.000000000000e+00       4.026699405110e-16       1.096355962476e-16      -1.627804231510e-17 
 1962       2.966477101357e-11       1.542749686901e-12      -2.615510375842e-12       0.000000000000e+00       4.018371040010e-16       1.099280655065e-16      -1.619596521105e-17 
 1963       2.968396144536e-11       1.536069872719e-12      -2.634416095620e-12       0.000000000000e+00       4.010063770798e-16       1.102061195269e-16      -1.611267848006e-17 
 1964       2.970427627441e-11       1.529251194193e-12      -2.652836330130e-12       0.000000000000e+00       4.001777522492e-16       1.104691611957e-16      -1.602826835125e-17 
 1965       2.972567966338e-11       1.522295731514e-12      -2.670761022296e-12       0.000000000000e+00       3.993512219470e-16       1.107165911050e-16      -1.594282141509e-17 
 1966       2.974813561852e-11       1.515205574539e-12      -2.688180078843e-12       0.000000000000e+00       3.985267785467e-16       1.109478075491e-16      -1.585642462389e-17 
 1967       2.977160798953e-11       1.507982822805e-12      -2.705083370257e-12       0.000000000000e+00       3.977044143577e-16       1.111622065221e-16      -1.576916529223e-17 
 1968       2.979606046927e-11       1.500629585543e-12      -2.721460730737e-12       0.000000000000e+00       3.968841216249e-16       1.113591817143e-16      -1.568113109745e-17 
 1969       2.982145659364e-11       1.493147981689e-12      -2.737301958151e-12       0.000000000000e+00       3.960658925287e-16       1.115381245101e-16      -1.559241008010e-17 
 1970       2.984775974131e-11       1.485540139895e-12      -2.752596813996e-12       0.000000000000e+00       3.952497191852e-16       1.116984239846e-16      -1.550309064443e-17 
 1971       2.987493312890e-11       1.477808364672e-12      -2.767336685631e-12       0.000000000000e+00       3.944355941816e-16       1.118396597332e-16      -1.541323977260e-17 
 1972       2.990293979666e-11       1.469955636110e-12      -2.781519586578e-12       0.000000000000e+00       3.936235121890e-16       1.119621819306e-16      -1.532283748972e-17 
 1973       2.993174262225e-11       1.461985113891e-12      -2.795145193264e-12       0.000000000000e+00       3.928134683619e-16       1.120665355734e-16      -1.523184191310e-17 
 1974       2.996130432521e-11       1.453899971521e-12      -2.808213186121e-12       0.000000000000e+00       3.920054578024e-16       1.121532680420e-16      -1.514021099411e-17 
 1975       2.999158746675e-11       1.445703396342e-12      -2.820723249593e-12       0.000000000000e+00       3.911994755613e-16       1.122229291037e-16      -1.504790251789e-17 
 1976       3.002255444952e-11       1.437398589559e-12      -2.832675072144e-12       0.000000000000e+00       3.903955166368e-16       1.122760709161e-16      -1.495487410325e-17 
 1977       3.005416751746e-11       1.428988766248e-12      -2.844068346261e-12       0.000000000000e+00       3.895935759752e-16       1.123132480295e-16      -1.486108320238e-17 
 1978       3.008638875556e-11       1.420477155384e-12      -2.854902768467e-12       0.000000000000e+00       3.887936484707e-16       1.123350173908e-16      -1.476648710064e-17 
 1979       3.011918008966e-11       1.411866999849e-12      -2.865178039325e-12       0.000000000000e+00       3.879957289649e-16       1.123419383460e-16      -1.467104291642e-17 
 1980       3.015250328625e-11       1.403161556458e-12      -2.874893863448e-12       0.000000000000e+00       3.871998122473e-16       1.123345726436e-16      -1.457470760087e-17 
 1981       3.018631995227e-11       1.394364095973e-12      -2.884049949501e-12       0.000000000000e+00       3.864058930549e-16       1.123134844376e-16      -1.447743793770e-17 
 1982       3.022059153490e-11       1.385477903119e-12      -2.892646010215e-12       0.000000000000e+00       3.856139660719e-16       1.122792402906e-16      -1.437919054299e-17 
 1983       3.025527932138e-11       1.376506276608e-12      -2.900681762389e-12       0.000000000000e+00       3.848240259302e-16       1.122324091768e-16      -1.427992186496e-17 
 1984       3.029034443874e-11       1.367452529151e-12      -2.908156926903e-12       0.000000000000e+00       3.840360672089e-16       1.121735624852e-16      -1.417958818380e-17 
 1985       3.032574785370e-11       1.358319987479e-12      -2.915071228718e-12       0.000000000000e+00       3.832500844342e-16       1.121032740227e-16      -1.407814561139e-17 
 1986       3.036145037237e-11       1.349111992361e-12      -2.921424396889e-12       0.000000000000e+00       3.824660720795e-16       1.120221200172e-16      -1.397555009118e-17 
 1987       3.039741264011e-11       1.339831898618e-12      -2.927216164571e-12       0.000000000000e+00       3.816840245652e-16       1.119306791206e-16      -1.387175739790e-17 
 1988       3.043359514128e-11       1.330483075147e-12      -2.932446269027e-12       0.000000000000e+00       3.809039362588e-16       1.118295324120e-16      -1.376672313741e-17 
 1989       3.046995819908e-11       1.321068904936e-12      -2.937114451631e-12       0.000000000000e+00       3.801258014745e-16       1.117192634006e-16      -1.366040274645e-17 
 1990       3.050646197531e-11       1.311592785079e-12      -2.941220457882e-12       0.000000000000e+00       3.793496144735e-16       1.116004580291e-16      -1.355275149247e-17 
 1991       3.054306647020e-11       1.302058126799e-12      -2.944764037406e-12       0.000000000000e+00       3.785753694634e-16       1.114737046766e-16      -1.344372447339e-17 
 1992       3.057973152217e-11       1.292468355463e-12      -2.947744943967e-12       0.000000000000e+00       3.778030605988e-16       1.113395941615e-16      -1.333327661739e-17 
 1993       3.061641680766e-11       1.282826910600e-12      -2.950162935471e-12       0.000000000000e+00       3.770326819807e-16       1.111987197452e-16      -1.322136268272e-17 
 1994       3.065308184091e-11       1.273137245920e-12      -2.952017773977e-12       0.000000000000e+00       3.762642276563e-16       1.110516771344e-16      -1.310793725751e-17 
 1995       3.068968597374e-11       1.263402829331e-12      -2.953309225700e-12       0.000000000000e+00       3.754976916197e-16       1.108990644849e-16      -1.299295475949e-17 
 1996       3.072618839539e-11       1.253627142957e-12      -2.954037061023e-12       0.000000000000e+00       3.747330678109e-16       1.107414824043e-16      -1.287636943586e-17 
 1997       3.076254813229e-11       1.243813683157e-12      -2.954201054502e-12       0.000000000000e+00       3.739703501163e-16       1.105795339550e-16      -1.275813536303e-17 
 1998       3.079872404783e-11       1.233965960541e-12      -2.953800984872e-12       0.000000000000e+00       3.732095323683e-16       1.104138246577e-16      -1.263820644643e-17 
 1999       3.083467484222e-11       1.224087499990e-12      -2.952836635056e-12       0.000000000000e+00       3.724506083455e-16       1.102449624943e-16      -1.251653642032e-17 
 2000       3.087035905222e-11       1.214181840671e-12      -2.951307792173e-12       0.000000000000e+00       3.716935717725e-16       1.100735579106e-16      -1.239307884753e-17 
 2001       3.090573505100e-11       1.204252536058e-12      -2.949214247545e-12       0.000000000000e+00       3.709384163195e-16       1.099002238203e-16      -1.226778711930e-17 
 2002       3.094076104787e-11       1.194303153949e-12      -2.946555796702e-12       0.000000000000e+00       3.701851356029e-16       1.097255756070e-16      -1.214061445505e-17 
 2003       3.097539508813e-11       1.184337276484e-12      -2.943332239393e-12       0.000000000000e+00       3.694337231845e-16       1.095502311281e-16      -1.201151390218e-17 
 2004       3.100959505286e-11       1.174358500160e-12      -2.939543379590e-12       0.000000000000e+00       3.686841725720e-16       1.093748107177e-16      -1.188043833583e-17 
 2005       3.104331865866e-11       1.164370435854e-12      -2.935189025499e-12       0.000000000000e+00       3.679364772184e-16       1.091999371895e-16      -1.174734045874e-17 
 2006       3.107652345754e-11       1.154376708837e-12      -2.930268989563e-12       0.000000000000e+00       3.671906305224e-16       1.090262358401e-16      -1.161217280096e-17 
 2007       3.110916683664e-11       1.144380958794e-12      -2.924783088473e-12       0.000000000000e+00       3.664466258279e-16       1.088543344518e-16      -1.147488771969e-17 
 2008       3.114120601806e-11       1.134386839839e-12      -2.918731143173e-12       0.000000000000e+00       3.657044564244e-16       1.086848632961e-16      -1.133543739907e-17 
 2009       3.117259805863e-11       1.124398020538e-12      -2.912112978869e-12       0.000000000000e+00       3.649641155463e-16       1.085184551366e-16      -1.119377384995e-17 
 2010       3.120329984977e-11       1.114418183923e-12      -2.904928425035e-12       0.000000000000e+00       3.642255963733e-16       1.083557452320e-16      -1.104984890969e-17 
 2011       3.123327184494e-11       1.104450830512e-12      -2.897178515799e-12       0.000000000000e+00       3.634888925376e-16       1.081972059387e-16      -1.090363946750e-17 
 2012       3.126248927245e-11       1.094498685781e-12      -2.888869100629e-12       0.000000000000e+00       3.627539996498e-16       1.080426491962e-16      -1.075522334147e-17 
 2013       3.129093100388e-11       1.084564288413e-12      -2.880007259939e-12       0.000000000000e+00       3.620209137839e-16       1.078917204269e-16      -1.060470395340e-17 
 2014       3.131857583368e-11       1.074650186924e-12      -2.870600107145e-12       0.000000000000e+00       3.612896309710e-16       1.077440636059e-16      -1.045218515389e-17 
 2015       3.134540247908e-11       1.064758939665e-12      -2.860654788703e-12       0.000000000000e+00       3.605601471988e-16       1.075993212592e-16      -1.029777122291e-17 
 2016       3.137138957998e-11       1.054893114845e-12      -2.850178484156e-12       0.000000000000e+00       3.598324584121e-16       1.074571344621e-16      -1.014156687035e-17 
 2017       3.139651569885e-11       1.045055290534e-12      -2.839178406174e-12       0.000000000000e+00       3.591065605122e-16       1.073171428372e-16      -9.983677236516e-18 
 2018       3.142075932068e-11       1.035248054680e-12      -2.827661800599e-12       0.000000000000e+00       3.583824493573e-16       1.071789845526e-16      -9.824207892718e-18 
 2019       3.144409885285e-11       1.025474005118e-12      -2.815635946485e-12       0.000000000000e+00       3.576601207621e-16       1.070422963201e-16      -9.663264841781e-18 
 2020       3.146651262504e-11       1.015735749586e-12      -2.803108156145e-12       0.000000000000e+00       3.569395704979e-16       1.069067133935e-16      -9.500954518590e-18 
 2021       3.148797888914e-11       1.006035905734e-12      -2.790085775192e-12       0.000000000000e+00       3.562207942922e-16       1.067718695666e-16      -9.337383790633e-18 
 2022       3.150847581916e-11       9.963771011360e-13      -2.776576182581e-12       0.000000000000e+00       3.555037878294e-16       1.066373971716e-16      -9.172659958537e-18 
 2023       3.152798151116e-11       9.867619733034e-13      -2.762586790653e-12       0.000000000000e+00       3.547885467498e-16       1.065029270771e-16      -9.006890756606e-18 
 2024       3.154647398311e-11       9.771931696968e-13      -2.748125045179e-12       0.000000000000e+00       3.540750666502e-16       1.063680886864e-16      -8.840184353365e-18 
 2025       3.156393117483e-11       9.676733477378e-13      -2.733198425399e-12       0.000000000000e+00       3.533633430835e-16       1.062325099355e-16      -8.672649352096e-18 
 2026       3.158033094789e-11       9.582051748210e-13      -2.717814444070e-12       0.000000000000e+00       3.526533715589e-16       1.060958172916e-16      -8.504394791378e-18 
 2027       3.159565108551e-11       9.487913283261e-13      -2.701980647506e-12       0.000000000000e+00       3.519451475416e-16       1.059576357510e-16      -8.335530145624e-18 
 2028       3.160986929248e-11       9.394344956302e-13      -2.685704615622e-12       0.000000000000e+00       3.512386664526e-16       1.058175888376e-16      -8.166165325626e-18 
 2029       3.162296319505e-11       9.301373741197e-13      -2.668993961976e-12       0.000000000000e+00       3.505339236690e-16       1.056752986007e-16      -7.996410679088e-18 
 2030       3.163491034086e-11       9.209026712022e-13      -2.651856333813e-12       0.000000000000e+00       3.498309145239e-16       1.055303856135e-16      -7.826376991170e-18 
 2031       3.164568819882e-11       9.117331043190e-13      -2.634299412106e-12       0.000000000000e+00       3.491296343060e-16       1.053824689710e-16      -7.656175485025e-18 
 2032       3.165527415904e-11       9.026314009566e-13      -2.616330911602e-12       0.000000000000e+00       3.484300782598e-16       1.052311662885e-16      -7.485917822338e-18 
 2033       3.166364553273e-11       8.936002986593e-13      -2.597958580862e-12       0.000000000000e+00       3.477322415855e-16       1.050760936996e-16      -7.315716103866e-18 
 2034       3.167077955210e-11       8.846425450408e-13      -2.579190202307e-12       0.000000000000e+00       3.470361194389e-16       1.049168658545e-16      -7.145682869978e-18 
 2035       3.167665337027e-11       8.757608977969e-13      -2.560033592258e-12       0.000000000000e+00       3.463417069312e-16       1.047530959181e-16      -6.975931101194e-18 
 2036       3.168124406119e-11       8.669581247167e-13      -2.540496600980e-12       0.000000000000e+00       3.456489991292e-16       1.045843955680e-16      -6.806574218721e-18 
 2037       3.168452861952e-11       8.582370036953e-13      -2.520587112726e-12       0.000000000000e+00       3.449579910550e-16       1.044103749933e-16      -6.637726084998e-18 
 2038       3.168648396058e-11       8.496003227459e-13      -2.500313045778e-12       0.000000000000e+00       3.442686776863e-16       1.042306428919e-16      -6.469501004233e-18 
 2039       3.168708692019e-11       8.410508800113e-13      -2.479682352491e-12       0.000000000000e+00       3.435810539556e-16       1.040448064694e-16      -6.302013722939e-18 
 2040       3.168631425465e-11       8.325914837766e-13      -2.458703019338e-12       0.000000000000e+00       3.428951147509e-16       1.038524714373e-16      -6.135379430477e-18 
 2041       3.168414264061e-11       8.242249524808e-13      -2.437383066949e-12       0.000000000000e+00       3.422108549153e-16       1.036532420104e-16      -5.969713759596e-18 
 2042       3.168054867498e-11       8.159541147292e-13      -2.415730550155e-12       0.000000000000e+00       3.415282692470e-16       1.034467209060e-16      -5.805132786968e-18 
 2043       3.167550887483e-11       8.077818093052e-13      -2.393753558035e-12       0.000000000000e+00       3.408473524989e-16       1.032325093414e-16      -5.641753033732e-18 
 2044       3.166899967731e-11       7.997108851825e-13      -2.371460213952e-12       0.000000000000e+00       3.401680993793e-16       1.030102070324e-16      -5.479691466031e-18 
 2045       3.166099743957e-11       7.917442015373e-13      -2.348858675602e-12       0.000000000000e+00       3.394905045509e-16       1.027794121911e-16      -5.319065495549e-18 
 2046       3.165147843861e-11       7.838846277600e-13      -2.325957135055e-12       0.000000000000e+00       3.388145626315e-16       1.025397215249e-16      -5.159992980056e-18 
 2047       3.164041887127e-11       7.761350434675e-13      -2.302763818795e-12       0.000000000000e+00       3.381402681934e-16       1.022907302336e-16      -5.002592223942e-18 
 2048       3.162779485408e-11       7.684983385154e-13      -2.279286987769e-12       0.000000000000e+00       3.374676157637e-16       1.020320320085e-16      -4.846981978760e-18 
 2049       3.161358242317e-11       7.609774130098e-13      -2.255534937425e-12       0.000000000000e+00       3.367965998241e-16       1.017632190303e-16      -4.693281443761e-18 
 2050       3.159775753419e-11       7.535751773194e-13      -2.231515997754e-12       0.000000000000e+00       3.361272148107e-16       1.014838819668e-16      -4.541610266439e-18 
 2051       3.158030077485e-11       7.462941630942e-13      -2.207238684966e-12       0.000000000000e+00       3.354594554276e-16       1.011937179160e-16      -4.392060797090e-18 
 2052       3.156121153943e-11       7.391353532621e-13      -2.182712157596e-12       0.000000000000e+00       3.347933175896e-16       1.008928550771e-16      -4.244614634979e-18 
 2053       3.154049395521e-11       7.320993437062e-13      -2.157945763734e-12       0.000000000000e+00       3.341287974858e-16       1.005815303927e-16      -4.099225487662e-18 
 2054       3.151815217912e-11       7.251867315012e-13      -2.132948889741e-12       0.000000000000e+00       3.334658912672e-16       1.002599818161e-16      -3.955846862642e-18 
 2055       3.149419039774e-11       7.183981149147e-13      -2.107730960300e-12       0.000000000000e+00       3.328045950462e-16       9.992844831276e-17      -3.814432067114e-18 
 2056       3.146861282736e-11       7.117340934078e-13      -2.082301438458e-12       0.000000000000e+00       3.321449048966e-16       9.958716986140e-17      -3.674934207713e-18 
 2057       3.144142371404e-11       7.051952676362e-13      -2.056669825677e-12       0.000000000000e+00       3.314868168538e-16       9.923638745541e-17      -3.537306190263e-18 
 2058       3.141262733360e-11       6.987822394512e-13      -2.030845661880e-12       0.000000000000e+00       3.308303269144e-16       9.887634310404e-17      -3.401500719526e-18 
 2059       3.138222799171e-11       6.924956119009e-13      -2.004838525496e-12       0.000000000000e+00       3.301754310363e-16       9.850727983369e-17      -3.267470298949e-18 
 2060       3.135023002392e-11       6.863359892307e-13      -1.978658033513e-12       0.000000000000e+00       3.295221251389e-16       9.812944168915e-17      -3.135167230413e-18 
 2061       3.131663779567e-11       6.803039768845e-13      -1.952313841519e-12       0.000000000000e+00       3.288704051024e-16       9.774307373490e-17      -3.004543613979e-18 
 2062       3.128145570239e-11       6.744001815059e-13      -1.925815643752e-12       0.000000000000e+00       3.282202667684e-16       9.734842205635e-17      -2.875551347640e-18 
 2063       3.124468816947e-11       6.686252109388e-13      -1.899173173150e-12       0.000000000000e+00       3.275717059396e-16       9.694573376111e-17      -2.748142127065e-18 
 2064       3.120633965238e-11       6.629796742286e-13      -1.872396201392e-12       0.000000000000e+00       3.269247183795e-16       9.653525698026e-17      -2.622267445350e-18 
 2065       3.116641463665e-11       6.574641816231e-13      -1.845494538952e-12       0.000000000000e+00       3.262792998127e-16       9.611724086960e-17      -2.497878592767e-18 
 2066       3.112491763792e-11       6.520793445735e-13      -1.818478035140e-12       0.000000000000e+00       3.256354459246e-16       9.569193561094e-17      -2.374926656508e-18 
 2067       3.108185320203e-11       6.468257757353e-13      -1.791356578156e-12       0.000000000000e+00       3.249931523616e-16       9.525959241336e-17      -2.253362520438e-18 
 2068       3.103722590499e-11       6.417040889695e-13      -1.764140095131e-12       0.000000000000e+00       3.243524147308e-16       9.482046351443e-17      -2.133136864839e-18 
 2069       3.099104035307e-11       6.367148993433e-13      -1.736838552176e-12       0.000000000000e+00       3.237132285998e-16       9.437480218156e-17      -2.014200166161e-18 
 2070       3.094330118283e-11       6.318588231311e-13      -1.709461954434e-12       0.000000000000e+00       3.230755894972e-16       9.392286271317e-17      -1.896502696770e-18 
 2071       3.089401306117e-11       6.271364778156e-13      -1.682020346120e-12       0.000000000000e+00       3.224394929121e-16       9.346490044004e-17      -1.779994524695e-18 
 2072       3.084318068533e-11       6.225484820890e-13      -1.654523810573e-12       0.000000000000e+00       3.218049342940e-16       9.300117172651e-17      -1.664625513375e-18 
 2073       3.079080878301e-11       6.180954558532e-13      -1.626982470303e-12       0.000000000000e+00       3.211719090529e-16       9.253193397177e-17      -1.550345321412e-18 
 2074       3.073690211231e-11       6.137780202218e-13      -1.599406487034e-12       0.000000000000e+00       3.205404125596e-16       9.205744561115e-17      -1.437103402314e-18 
 2075       3.068146546187e-11       6.095967975202e-13      -1.571806061759e-12       0.000000000000e+00       3.199104401447e-16       9.157796611735e-17      -1.324849004244e-18 
 2076       3.062450365085e-11       6.055524112871e-13      -1.544191434780e-12       0.000000000000e+00       3.192819870995e-16       9.109375600170e-17      -1.213531169772e-18 
 2077       3.056602152897e-11       6.016454862752e-13      -1.516572885757e-12       0.000000000000e+00       3.186550486754e-16       9.060507681545e-17      -1.103098735620e-18 
 2078       3.050602397661e-11       5.978766484523e-13      -1.488960733760e-12       0.000000000000e+00       3.180296200841e-16       9.011219115104e-17      -9.935003324090e-19 
 2079       3.044451590477e-11       5.942465250023e-13      -1.461365337310e-12       0.000000000000e+00       3.174056964973e-16       8.961536264334e-17      -8.846843844107e-19 
 2080       3.038150225519e-11       5.907557443260e-13      -1.433797094429e-12       0.000000000000e+00       3.167832730469e-16       8.911485597092e-17      -7.765991092931e-19 
 2081       3.031698800032e-11       5.874049360425e-13      -1.406266442688e-12       0.000000000000e+00       3.161623448247e-16       8.861093685732e-17      -6.691925178696e-19 
 2082       3.025097814343e-11       5.841947309894e-13      -1.378783859253e-12       0.000000000000e+00       3.155429068826e-16       8.810387207233e-17      -5.624124138471e-19 
 2083       3.018347771858e-11       5.811257612247e-13      -1.351359860933e-12       0.000000000000e+00       3.149249542321e-16       8.759392943323e-17      -4.562063935741e-19 
 2084       3.011449179072e-11       5.781986600270e-13      -1.324005004226e-12       0.000000000000e+00       3.143084818450e-16       8.708137780606e-17      -3.505218457888e-19 
 2085       3.004402545572e-11       5.754140618969e-13      -1.296729885369e-12       0.000000000000e+00       3.136934846526e-16       8.656648710690e-17      -2.453059513676e-19 
 2086       2.997208384039e-11       5.727726025579e-13      -1.269545140382e-12       0.000000000000e+00       3.130799575458e-16       8.604952830313e-17      -1.405056830729e-19 
 2087       2.989867210251e-11       5.702749189573e-13      -1.242461445118e-12       0.000000000000e+00       3.124678953755e-16       8.553077341467e-17      -3.606780530140e-20 
 2088       2.982379543093e-11       5.679216492673e-13      -1.215489515307e-12       0.000000000000e+00       3.118572929520e-16       8.501049551528e-17       6.806112616749e-20 
 2089       2.974745904557e-11       5.657134328857e-13      -1.188640106608e-12       0.000000000000e+00       3.112481450451e-16       8.448896873381e-17       1.719347644238e-19 
 2090       2.966966819744e-11       5.636509104373e-13      -1.161924014652e-12       0.000000000000e+00       3.106404463842e-16       8.396646825546e-17       2.756069716787e-19 
 2091       2.959043107755e-11       5.617343907922e-13      -1.135351267387e-12       0.000000000000e+00       3.100341920175e-16       8.344322910966e-17       3.791185252157e-19 
 2092       2.950976756555e-11       5.599628495727e-13      -1.108928695831e-12       0.000000000000e+00       3.094293783931e-16       8.291932221580e-17       4.824571330152e-19 
 2093       2.942770054241e-11       5.583349236377e-13      -1.082662346410e-12       0.000000000000e+00       3.088260022853e-16       8.239477747228e-17       5.855971387236e-19 
 2094       2.934425298723e-11       5.568492434202e-13      -1.056558287138e-12       0.000000000000e+00       3.082240604359e-16       8.186962489124e-17       6.885127904273e-19 
 2095       2.925944797744e-11       5.555044329191e-13      -1.030622607644e-12       0.000000000000e+00       3.076235495541e-16       8.134389459875e-17       7.911782405401e-19 
 2096       2.917330868884e-11       5.542991096911e-13      -1.004861419199e-12       0.000000000000e+00       3.070244663168e-16       8.081761683488e-17       8.935675456903e-19 
 2097       2.908585839581e-11       5.532318848424e-13      -9.792808547406e-13       0.000000000000e+00       3.064268073680e-16       8.029082195385e-17       9.956546666077e-19 
 2098       2.899712047134e-11       5.523013630207e-13      -9.538870688952e-13       0.000000000000e+00       3.058305693191e-16       7.976354042420e-17       1.097413468011e-18 
 2099       2.890711838720e-11       5.515061424070e-13      -9.286862380062e-13       0.000000000000e+00       3.052357487489e-16       7.923580282887e-17       1.198817718494e-18 
 2100       2.881587571408e-11       5.508448147075e-13      -9.036845601578e-13       0.000000000000e+00       3.046423422032e-16       7.870763986540e-17       1.299841090414e-18 
 2101       2.872341612167e-11       5.503159651452e-13      -8.788882552007e-13       0.000000000000e+00       3.040503461952e-16       7.817908234599e-17       1.400457159780e-18 
 2102       2.862976337880e-11       5.499181724520e-13      -8.543035647765e-13       0.000000000000e+00       3.034597572051e-16       7.765016119770e-17       1.500639406134e-18 
 2103       2.853494135354e-11       5.496500088605e-13      -8.299367523436e-13       0.000000000000e+00       3.028705716803e-16       7.712090746253e-17       1.600361212447e-18 
 2104       2.843897401338e-11       5.495100400956e-13      -8.057941032016e-13       0.000000000000e+00       3.022827860350e-16       7.659135229760e-17       1.699595864998e-18 
 2105       2.834188542527e-11       5.494968253667e-13      -7.818819245169e-13       0.000000000000e+00       3.016963966507e-16       7.606152697526e-17       1.798316553267e-18 
 2106       2.824369975582e-11       5.496089173592e-13      -7.582065453477e-13       0.000000000000e+00       3.011113998755e-16       7.553146288322e-17       1.896496369817e-18 
 2107       2.814444127136e-11       5.498448622266e-13      -7.347743166690e-13       0.000000000000e+00       3.005277920248e-16       7.500119152471e-17       1.994108310188e-18 
 2108       2.804413433808e-11       5.502031995822e-13      -7.115916113977e-13       0.000000000000e+00       2.999455693803e-16       7.447074451859e-17       2.091125272775e-18 
 2109       2.794280342218e-11       5.506824624911e-13      -6.886648244180e-13       0.000000000000e+00       2.993647281910e-16       7.394015359947e-17       2.187520058724e-18 
 2110       2.784047308996e-11       5.512811774617e-13      -6.660003726061e-13       0.000000000000e+00       2.987852646724e-16       7.340945061791e-17       2.283265371812e-18 
 2111       2.773716800792e-11       5.519978644379e-13      -6.436046948557e-13       0.000000000000e+00       2.982071750067e-16       7.287866754047e-17       2.378333818341e-18 
 2112       2.763291294296e-11       5.528310367908e-13      -6.214842521028e-13       0.000000000000e+00       2.976304553427e-16       7.234783644991e-17       2.472697907018e-18 
 2113       2.752773276241e-11       5.537792013104e-13      -5.996455273510e-13       0.000000000000e+00       2.970551017959e-16       7.181698954530e-17       2.566330048848e-18 
 2114       2.742165243422e-11       5.548408581977e-13      -5.780950256966e-13       0.000000000000e+00       2.964811104484e-16       7.128615914212e-17       2.659202557017e-18 
 2115       2.731469702703e-11       5.560145010564e-13      -5.568392743537e-13       0.000000000000e+00       2.959084773486e-16       7.075537767248e-17       2.751287646782e-18 
 2116       2.720689171033e-11       5.572986168847e-13      -5.358848226791e-13       0.000000000000e+00       2.953371985115e-16       7.022467768516e-17       2.842557435356e-18 
 2117       2.709826175457e-11       5.586916860672e-13      -5.152382421978e-13       0.000000000000e+00       2.947672699185e-16       6.969409184580e-17       2.932983941796e-18 
 2118       2.698883253126e-11       5.601921823668e-13      -4.949061266279e-13       0.000000000000e+00       2.941986875171e-16       6.916365293704e-17       3.022539086893e-18 
 2119       2.687862951312e-11       5.617985729164e-13      -4.748950919057e-13       0.000000000000e+00       2.936314472216e-16       6.863339385860e-17       3.111194693052e-18 
 2120       2.676767827420e-11       5.635093182108e-13      -4.552117762107e-13       0.000000000000e+00       2.930655449120e-16       6.810334762747e-17       3.198922484186e-18 
 2121       2.665600448998e-11       5.653228720986e-13      -4.358628399912e-13       0.000000000000e+00       2.925009764350e-16       6.757354737804e-17       3.285694085600e-18 
 2122       2.654363393750e-11       5.672376817740e-13      -4.168549659887e-13       0.000000000000e+00       2.919377376030e-16       6.704402636219e-17       3.371481023880e-18 
 2123       2.643059249548e-11       5.692521877685e-13      -3.981948592636e-13       0.000000000000e+00       2.913758241950e-16       6.651481794946e-17       3.456254726776e-18 
 2124       2.631690614445e-11       5.713648239429e-13      -3.798892472201e-13       0.000000000000e+00       2.908152319555e-16       6.598595562719e-17       3.539986523094e-18 
 2125       2.620260096689e-11       5.735740174794e-13      -3.619448796313e-13       0.000000000000e+00       2.902559565955e-16       6.545747300062e-17       3.622647642582e-18 
 2126       2.608770314728e-11       5.758781888726e-13      -3.443685286642e-13       0.000000000000e+00       2.896979937917e-16       6.492940379307e-17       3.704209215813e-18 
 2127       2.597223897231e-11       5.782757519224e-13      -3.271669889050e-13       0.000000000000e+00       2.891413391868e-16       6.440178184603e-17       3.784642274078e-18 
 2128       2.585623483094e-11       5.807651137250e-13      -3.103470773843e-13       0.000000000000e+00       2.885859883893e-16       6.387464111933e-17       3.863917749269e-18 
 2129       2.573971721455e-11       5.833446746652e-13      -2.939156336019e-13       0.000000000000e+00       2.880319369736e-16       6.334801569125e-17       3.942006473770e-18 
 2130       2.562271271704e-11       5.860128284081e-13      -2.778795195521e-13       0.000000000000e+00       2.874791804799e-16       6.282193975867e-17       4.018879180338e-18 
 2131       2.550524784225e-11       5.887678601017e-13      -2.622444690774e-13       0.000000000000e+00       2.869277146828e-16       6.229646643457e-17       4.094514285878e-18 
 2132       2.538734842448e-11       5.916076402363e-13      -2.470116272391e-13       0.000000000000e+00       2.863775364002e-16       6.177172428149e-17       4.168921301420e-18 
 2133       2.526904020420e-11       5.945299286663e-13      -2.321809872245e-13       0.000000000000e+00       2.858286426899e-16       6.124786116668e-17       4.242117582723e-18 
 2134       2.515034902057e-11       5.975324761969e-13      -2.177525388549e-13       0.000000000000e+00       2.852810305815e-16       6.072502550065e-17       4.314120561089e-18 
 2135       2.503130081152e-11       6.006130245736e-13      -2.037262685803e-13       0.000000000000e+00       2.847346970760e-16       6.020336623774e-17       4.384947743456e-18 
 2136       2.491192161389e-11       6.037693064715e-13      -1.901021594740e-13       0.000000000000e+00       2.841896391463e-16       5.968303287680e-17       4.454616712488e-18 
 2137       2.479223756355e-11       6.069990454842e-13      -1.768801912274e-13       0.000000000000e+00       2.836458537363e-16       5.916417546180e-17       4.523145126669e-18 
 2138       2.467227489547e-11       6.102999561130e-13      -1.640603401448e-13       0.000000000000e+00       2.831033377619e-16       5.864694458244e-17       4.590550720398e-18 
 2139       2.455205994390e-11       6.136697437560e-13      -1.516425791378e-13       0.000000000000e+00       2.825620881100e-16       5.813149137485e-17       4.656851304079e-18 
 2140       2.443161914245e-11       6.171061046976e-13      -1.396268777205e-13       0.000000000000e+00       2.820221016392e-16       5.761796752213e-17       4.722064764212e-18 
 2141       2.431097902421e-11       6.206067260970e-13      -1.280132020039e-13       0.000000000000e+00       2.814833751793e-16       5.710652525505e-17       4.786209063492e-18 
 2142       2.419016622185e-11       6.241692859781e-13      -1.168015146906e-13       0.000000000000e+00       2.809459055314e-16       5.659731735265e-17       4.849302240896e-18 
 2143       2.406920746780e-11       6.277914532181e-13      -1.059917750698e-13       0.000000000000e+00       2.804096894679e-16       5.609049714288e-17       4.911362411776e-18 
 2144       2.394812959427e-11       6.314708875368e-13      -9.558393901168e-14       0.000000000000e+00       2.798747237324e-16       5.558621850323e-17       4.972407767957e-18 
 2145       2.382695953345e-11       6.352052394860e-13      -8.557795896240e-14       0.000000000000e+00       2.793410050397e-16       5.508463586135e-17       5.032456577824e-18 
 2146       2.370572431757e-11       6.389921504381e-13      -7.597378393866e-14       0.000000000000e+00       2.788085300758e-16       5.458590419571e-17       5.091527186415e-18 
 2147       2.358445107907e-11       6.428292525759e-13      -6.677135952243e-14       0.000000000000e+00       2.782772954977e-16       5.409017903618e-17       5.149638015519e-18 
 2148       2.346316705066e-11       6.467141688813e-13      -5.797062785576e-14       0.000000000000e+00       2.777472979334e-16       5.359761646471e-17       5.206807563762e-18 
 2149       2.334189956547e-11       6.506445131246e-13      -4.957152763542e-14       0.000000000000e+00       2.772185339822e-16       5.310837311596e-17       5.263054406706e-18 
 2150       2.322067605715e-11       6.546178898536e-13      -4.157399410767e-14       0.000000000000e+00       2.766910002140e-16       5.262260617787e-17       5.318397196936e-18 
 2151       2.309952406001e-11       6.586318943830e-13      -3.397795906293e-14       0.000000000000e+00       2.761646931699e-16       5.214047339238e-17       5.372854664157e-18 
 2152       2.297847120910e-11       6.626841127829e-13      -2.678335083057e-14       0.000000000000e+00       2.756396093618e-16       5.166213305598e-17       5.426445615283e-18 
 2153       2.285754524037e-11       6.667721218690e-13      -1.999009427358e-14       0.000000000000e+00       2.751157452724e-16       5.118774402039e-17       5.479188934534e-18 
 2154       2.273677399074e-11       6.708934891906e-13      -1.359811078328e-14       0.000000000000e+00       2.745930973554e-16       5.071746569318e-17       5.531103583526e-18 
 2155       2.261618539824e-11       6.750457730205e-13      -7.607318274116e-15       0.000000000000e+00       2.740716620349e-16       5.025145803840e-17       5.582208601364e-18 
 2156       2.249580750215e-11       6.792265223441e-13      -2.017631178291e-15       0.000000000000e+00       2.735514357061e-16       4.978988157719e-17       5.632523104734e-18 
 2157       2.237566844306e-11       6.834332768481e-13       3.171039559451e-15       0.000000000000e+00       2.730324147348e-16       4.933289738845e-17       5.682066287998e-18 
 2158       2.225579646303e-11       6.876635669103e-13       7.958786487132e-15       0.000000000000e+00       2.725145954572e-16       4.888066710943e-17       5.730857423284e-18 
 2159       2.213621990569e-11       6.919149135880e-13       1.234570565081e-14       0.000000000000e+00       2.719979741803e-16       4.843335293640e-17       5.778915860582e-18 
 2160       2.201696721637e-11       6.961848286078e-13       1.633189659986e-14       0.000000000000e+00       2.714825471817e-16       4.799111762525e-17       5.826261027832e-18 
 2161       2.189806694219e-11       7.004708143544e-13       1.991746239225e-14       0.000000000000e+00       2.709683107094e-16       4.755412449214e-17       5.872912431023e-18 
 2162       2.177954773221e-11       7.047703638601e-13       2.310250959981e-14       0.000000000000e+00       2.704552609820e-16       4.712253741412e-17       5.918889654279e-18 
 2163       2.166143833750e-11       7.090809607932e-13       2.588714831355e-14       0.000000000000e+00       2.699433941883e-16       4.669652082976e-17       5.964212359958e-18 
 2164       2.154376761130e-11       7.134000794482e-13       2.827149214890e-14       0.000000000000e+00       2.694327064878e-16       4.627623973979e-17       6.008900288738e-18 
 2165       2.142656450913e-11       7.177251847339e-13       3.025565825097e-14       0.000000000000e+00       2.689231940100e-16       4.586185970772e-17       6.052973259716e-18 
 2166       2.130985808889e-11       7.220537321636e-13       3.183976729989e-14       0.000000000000e+00       2.684148528551e-16       4.545354686048e-17       6.096451170498e-18 
 2167       2.119367751096e-11       7.263831678431e-13       3.302394351605e-14       0.000000000000e+00       2.679076790933e-16       4.505146788906e-17       6.139353997292e-18 
 2168       2.107805203836e-11       7.307109284610e-13       3.380831466539e-14       0.000000000000e+00       2.674016687651e-16       4.465579004911e-17       6.181701794998e-18 
 2169       2.096301103686e-11       7.350344412769e-13       3.419301206465e-14       0.000000000000e+00       2.668968178811e-16       4.426668116159e-17       6.223514697306e-18 
 2170       2.084858397504e-11       7.393511241111e-13       3.417817058669e-14       0.000000000000e+00       2.663931224222e-16       4.388430961341e-17       6.264812916784e-18 
 2171       2.073479782008e-11       7.436585310375e-13       3.376473067800e-14       0.000000000000e+00       2.658905786542e-16       4.350877253282e-17       6.305613111433e-18 
 2172       2.062166920545e-11       7.479547905571e-13       3.295685031139e-14       0.000000000000e+00       2.653891840758e-16       4.313987978507e-17       6.345917457366e-18 
 2173       2.050921221064e-11       7.522381703574e-13       3.175950930754e-14       0.000000000000e+00       2.648889364766e-16       4.277736852150e-17       6.385724502629e-18 
 2174       2.039744096074e-11       7.565069318698e-13       3.017770882514e-14       0.000000000000e+00       2.643898336236e-16       4.242097487130e-17       6.425032794054e-18 
 2175       2.028636962656e-11       7.607593302622e-13       2.821647138653e-14       0.000000000000e+00       2.638918732604e-16       4.207043394038e-17       6.463840877257e-18 
 2176       2.017601242463e-11       7.649936144321e-13       2.588084090340e-14       0.000000000000e+00       2.633950531077e-16       4.172547981009e-17       6.502147296641e-18 
 2177       2.006638361729e-11       7.692080269994e-13       2.317588270250e-14       0.000000000000e+00       2.628993708629e-16       4.138584553611e-17       6.539950595394e-18 
 2178       1.995749751270e-11       7.734008042993e-13       2.010668355132e-14       0.000000000000e+00       2.624048242004e-16       4.105126314717e-17       6.577249315491e-18 
 2179       1.984936846492e-11       7.775701763749e-13       1.667835168377e-14       0.000000000000e+00       2.619114107711e-16       4.072146364390e-17       6.614041997692e-18 
 2180       1.974201087395e-11       7.817143669704e-13       1.289601682587e-14       0.000000000000e+00       2.614191282030e-16       4.039617699764e-17       6.650327181543e-18 
 2181       1.963543918577e-11       7.858315935238e-13       8.764830221454e-15       0.000000000000e+00       2.609279741005e-16       4.007513214919e-17       6.686103405381e-18 
 2182       1.952966789242e-11       7.899200671597e-13       4.289964657828e-15       0.000000000000e+00       2.604379460449e-16       3.975805700770e-17       6.721369206324e-18 
 2183       1.942471153200e-11       7.939779926824e-13      -5.233855085083e-16       0.000000000000e+00       2.599490415941e-16       3.944467844938e-17       6.756123120283e-18 
 2184       1.932058468878e-11       7.980035685685e-13      -5.670004326192e-15       0.000000000000e+00       2.594612582824e-16       3.913472231637e-17       6.790363681953e-18 
 2185       1.921730199320e-11       8.019949869597e-13      -1.114465422330e-14       0.000000000000e+00       2.589745936211e-16       3.882791341550e-17       6.824089424818e-18 
 2186       1.911487812193e-11       8.059504336560e-13      -1.694207598168e-14       0.000000000000e+00       2.584890450977e-16       3.852397551712e-17       6.857298881151e-18 
 2187       1.901332779795e-11       8.098680881083e-13      -2.305698871122e-14       0.000000000000e+00       2.580046101764e-16       3.822263135391e-17       6.889990582011e-18 
 2188       1.891266579056e-11       8.137461234114e-13      -2.948408982420e-14       0.000000000000e+00       2.575212862977e-16       3.792360261963e-17       6.922163057248e-18 
 2189       1.881290691547e-11       8.175827062967e-13      -3.621805500960e-14       0.000000000000e+00       2.570390708788e-16       3.762660996800e-17       6.953814835499e-18 
 2190       1.871406603482e-11       8.213759971251e-13      -4.325353820737e-14       0.000000000000e+00       2.565579613131e-16       3.733137301144e-17       6.984944444192e-18 
 2191       1.861615805721e-11       8.251241498800e-13      -5.058517158281e-14       0.000000000000e+00       2.560779549704e-16       3.703761031990e-17       7.015550409543e-18 
 2192       1.851919793782e-11       8.288253121601e-13      -5.820756550082e-14       0.000000000000e+00       2.555990491971e-16       3.674503941967e-17       7.045631256557e-18 
 2193       1.842320067839e-11       8.324776251720e-13      -6.611530850023e-14       0.000000000000e+00       2.551212413155e-16       3.645337679215e-17       7.075185509031e-18 
 2194       1.832818132731e-11       8.360792237236e-13      -7.430296726814e-14       0.000000000000e+00       2.546445286246e-16       3.616233787271e-17       7.104211689549e-18 
 2195       1.823415497966e-11       8.396282362163e-13      -8.276508661417e-14       0.000000000000e+00       2.541689083993e-16       3.587163704942e-17       7.132708319489e-18 
 2196       1.814113677725e-11       8.431227846385e-13      -9.149618944486e-14       0.000000000000e+00       2.536943778909e-16       3.558098766192e-17       7.160673919017e-18 
 2197       1.804914190867e-11       8.465609845579e-13      -1.004907767379e-13       0.000000000000e+00       2.532209343269e-16       3.529010200018e-17       7.188107007090e-18 
 2198       1.795818560936e-11       8.499409451148e-13      -1.097433275164e-13       0.000000000000e+00       2.527485749109e-16       3.499869130331e-17       7.215006101457e-18 
 2199       1.786828316165e-11       8.532607690147e-13      -1.192482988235e-13       0.000000000000e+00       2.522772968225e-16       3.470646575840e-17       7.241369718658e-18 
 2200       1.777944989480e-11       8.565185525212e-13      -1.290001256962e-13       0.000000000000e+00       2.518070972176e-16       3.441313449926e-17       7.267196374025e-18 
 2201       1.769170118504e-11       8.597123854489e-13      -1.389932211400e-13       0.000000000000e+00       2.513379732279e-16       3.411840560529e-17       7.292484581680e-18 
 2202       1.760505245568e-11       8.628403511562e-13      -1.492219761032e-13       0.000000000000e+00       2.508699219613e-16       3.382198610020e-17       7.317232854540e-18 
 2203       1.751951917707e-11       8.659005265385e-13      -1.596807594512e-13       0.000000000000e+00       2.504029405016e-16       3.352358195092e-17       7.341439704312e-18 
 2204       1.743511686672e-11       8.688909820203e-13      -1.703639179405e-13       0.000000000000e+00       2.499370259086e-16       3.322289806630e-17       7.365103641496e-18 
 2205       1.735186108933e-11       8.718097815489e-13      -1.812657761936e-13       0.000000000000e+00       2.494721752180e-16       3.291963829598e-17       7.388223175386e-18 
 2206       1.726976745682e-11       8.746549825867e-13      -1.923806366728e-13       0.000000000000e+00       2.490083854412e-16       3.261350542917e-17       7.410796814068e-18 
 2207       1.718885162841e-11       8.774246361043e-13      -2.037027796546e-13       0.000000000000e+00       2.485456535658e-16       3.230420119345e-17       7.432823064421e-18 
 2208       1.710912931065e-11       8.801167865732e-13      -2.152264632044e-13       0.000000000000e+00       2.480839765549e-16       3.199142625358e-17       7.454300432118e-18 
 2209       1.703061625747e-11       8.827294719590e-13      -2.269459231503e-13       0.000000000000e+00       2.476233513474e-16       3.167488021029e-17       7.475227421627e-18 
 2210       1.695332827025e-11       8.852607237137e-13      -2.388553730576e-13       0.000000000000e+00       2.471637748582e-16       3.135426159911e-17       7.495602536209e-18 
 2211       1.687727804591e-11       8.877088375916e-13      -2.509489270850e-13       0.000000000000e+00       2.467052441163e-16       3.102935703776e-17       7.515423930540e-18 
 2212       1.680246569834e-11       8.900731880683e-13      -2.632203680457e-13       0.000000000000e+00       2.462477566824e-16       3.070030931586e-17       7.534688366063e-18 
 2213       1.672888817432e-11       8.923534192997e-13      -2.756633777593e-13       0.000000000000e+00       2.457913102341e-16       3.036735107797e-17       7.553392248720e-18 
 2214       1.665654239972e-11       8.945491747887e-13      -2.882716140030e-13       0.000000000000e+00       2.453359024276e-16       3.003071583703e-17       7.571531975696e-18 
 2215       1.658542527950e-11       8.966600973844e-13      -3.010387104839e-13       0.000000000000e+00       2.448815308980e-16       2.969063797546e-17       7.589103935407e-18 
 2216       1.651553369765e-11       8.986858292820e-13      -3.139582768119e-13       0.000000000000e+00       2.444281932586e-16       2.934735274607e-17       7.606104507496e-18 
 2217       1.644686451718e-11       9.006260120222e-13      -3.270238984714e-13       0.000000000000e+00       2.439758871015e-16       2.900109627311e-17       7.622530062823e-18 
 2218       1.637941458010e-11       9.024802864902e-13      -3.402291367942e-13       0.000000000000e+00       2.435246099971e-16       2.865210555320e-17       7.638376963454e-18 
 2219       1.631318070737e-11       9.042482929161e-13      -3.535675289320e-13       0.000000000000e+00       2.430743594944e-16       2.830061845638e-17       7.653641562659e-18 
 2220       1.624815969888e-11       9.059296708738e-13      -3.670325878283e-13       0.000000000000e+00       2.426251331210e-16       2.794687372705e-17       7.668320204897e-18 
 2221       1.618434833344e-11       9.075240592804e-13      -3.806178021915e-13       0.000000000000e+00       2.421769283824e-16       2.759111098501e-17       7.682409225812e-18 
 2222       1.612174336873e-11       9.090310963962e-13      -3.943166364667e-13       0.000000000000e+00       2.417297427631e-16       2.723357072641e-17       7.695904952225e-18 
 2223       1.606034154130e-11       9.104504198238e-13      -4.081225308086e-13       0.000000000000e+00       2.412835737256e-16       2.687449432474e-17       7.708803702120e-18 
 2224       1.600013956650e-11       9.117816665079e-13      -4.220289010535e-13       0.000000000000e+00       2.408384187107e-16       2.651412403186e-17       7.721101784644e-18 
 2225       1.594113413849e-11       9.130244727345e-13      -4.360291386920e-13       0.000000000000e+00       2.403942751376e-16       2.615270297896e-17       7.732795500094e-18 
 2226       1.588332193021e-11       9.141784741307e-13      -4.501166108414e-13       0.000000000000e+00       2.399511404039e-16       2.579047517753e-17       7.743881139907e-18 
 2227       1.582669959331e-11       9.152433056638e-13      -4.642846602181e-13       0.000000000000e+00       2.395090118851e-16       2.542768552041e-17       7.754354986656e-18 
 2228       1.577126375820e-11       9.162186016413e-13      -4.785266051099e-13       0.000000000000e+00       2.390678869352e-16       2.506457978273e-17       7.764213314040e-18 
 2229       1.571701103393e-11       9.171039957102e-13      -4.928357393484e-13       0.000000000000e+00       2.386277628861e-16       2.470140462291e-17       7.773452386875e-18 
 2230       1.566393800826e-11       9.178991208561e-13      -5.072053322819e-13       0.000000000000e+00       2.381886370482e-16       2.433840758368e-17       7.782068461086e-18 
 2231       1.561204124753e-11       9.186036094036e-13      -5.216286287469e-13       0.000000000000e+00       2.377505067098e-16       2.397583709301e-17       7.790057783700e-18 
 2232       1.556131729672e-11       9.192170930149e-13      -5.360988490415e-13       0.000000000000e+00       2.373133691371e-16       2.361394246516e-17       7.797416592836e-18 
 2233       1.551176267938e-11       9.197392026897e-13      -5.506091888973e-13       0.000000000000e+00       2.368772215748e-16       2.325297390167e-17       7.804141117697e-18 
 2234       1.546337389761e-11       9.201695687648e-13      -5.651528194517e-13       0.000000000000e+00       2.364420612451e-16       2.289318249228e-17       7.810227578563e-18 
 2235       1.541614743203e-11       9.205078209136e-13      -5.797228872207e-13       0.000000000000e+00       2.360078853487e-16       2.253482021600e-17       7.815672186782e-18 
 2236       1.537007974175e-11       9.207535881452e-13      -5.943125140711e-13       0.000000000000e+00       2.355746910638e-16       2.217813994207e-17       7.820471144761e-18 
 2237       1.532516726436e-11       9.209064988043e-13      -6.089147971929e-13       0.000000000000e+00       2.351424755470e-16       2.182339543094e-17       7.824620645959e-18 
 2238       1.528140641589e-11       9.209661805708e-13      -6.235228090719e-13       0.000000000000e+00       2.347112359323e-16       2.147084133526e-17       7.828116874877e-18 
 2239       1.523879359076e-11       9.209322604588e-13      -6.381295974618e-13       0.000000000000e+00       2.342809693320e-16       2.112073320091e-17       7.830956007052e-18 
 2240       1.519732516181e-11       9.208043648165e-13      -6.527281853571e-13       0.000000000000e+00       2.338516728361e-16       2.077332746792e-17       7.833134209048e-18 
 2241       1.515699748021e-11       9.205821193258e-13      -6.673115709649e-13       0.000000000000e+00       2.334233435122e-16       2.042888147153e-17       7.834647638445e-18 
 2242       1.511780687546e-11       9.202651490013e-13      -6.818727276779e-13       0.000000000000e+00       2.329959784059e-16       2.008765344315e-17       7.835492443835e-18 
 2243       1.507974965540e-11       9.198530781905e-13      -6.964046040465e-13       0.000000000000e+00       2.325695745406e-16       1.974990251134e-17       7.835664764811e-18 
 2244       1.504282210609e-11       9.193455305724e-13      -7.109001237512e-13       0.000000000000e+00       2.321441289173e-16       1.941588870281e-17       7.835160731960e-18 
 2245       1.500702049189e-11       9.187421291580e-13      -7.253521855754e-13       0.000000000000e+00       2.317196385147e-16       1.908587294343e-17       7.833976466854e-18 
 2246       1.497234105534e-11       9.180424962891e-13      -7.397536633771e-13       0.000000000000e+00       2.312961002891e-16       1.876011705919e-17       7.832108082040e-18 
 2247       1.493878001720e-11       9.172462536381e-13      -7.540974060621e-13       0.000000000000e+00       2.308735111746e-16       1.843888377719e-17       7.829551681037e-18 
 2248       1.490633357639e-11       9.163530222074e-13      -7.683762375559e-13       0.000000000000e+00       2.304518680828e-16       1.812243672668e-17       7.826303358322e-18 
 2249       1.487499790994e-11       9.153624223289e-13      -7.825829567763e-13       0.000000000000e+00       2.300311679029e-16       1.781104043997e-17       7.822359199324e-18 
 2250       1.484476917304e-11       9.142740736637e-13      -7.967103376059e-13       0.000000000000e+00       2.296114075015e-16       1.750496035349e-17       7.817715280417e-18 
 2251       1.481564163720e-11       9.130878204614e-13      -8.107516863819e-13       0.000000000000e+00       2.291925839088e-16       1.720442216147e-17       7.812363006980e-18 
 2252       1.478760209187e-11       9.118044089419e-13      -8.247025183838e-13       0.000000000000e+00       2.287746948773e-16       1.690948958614e-17       7.806275094459e-18 
 2253       1.476063540637e-11       9.104248143185e-13      -8.385588921943e-13       0.000000000000e+00       2.283577383263e-16       1.662018581456e-17       7.799419496114e-18 
 2254       1.473472638829e-11       9.089500159423e-13      -8.523168531573e-13       0.000000000000e+00       2.279417121567e-16       1.633653407373e-17       7.791764056550e-18 
 2255       1.470985978336e-11       9.073809973070e-13      -8.659724333637e-13       0.000000000000e+00       2.275266142507e-16       1.605855763063e-17       7.783276511600e-18 
 2256       1.468602027542e-11       9.057187460544e-13      -8.795216516369e-13       0.000000000000e+00       2.271124424718e-16       1.578627979227e-17       7.773924488204e-18 
 2257       1.466319248635e-11       9.039642539783e-13      -8.929605135184e-13       0.000000000000e+00       2.266991946648e-16       1.551972390567e-17       7.763675504294e-18 
 2258       1.464136097595e-11       9.021185170299e-13      -9.062850112534e-13       0.000000000000e+00       2.262868686558e-16       1.525891335792e-17       7.752496968673e-18 
 2259       1.462051024193e-11       9.001825353226e-13      -9.194911237766e-13       0.000000000000e+00       2.258754622523e-16       1.500387157621e-17       7.740356180895e-18 
 2260       1.460062471980e-11       8.981573131367e-13      -9.325748166976e-13       0.000000000000e+00       2.254649732427e-16       1.475462202785e-17       7.727220331149e-18 
 2261       1.458168878280e-11       8.960438589244e-13      -9.455320422867e-13       0.000000000000e+00       2.250553993970e-16       1.451118822029e-17       7.713056500141e-18 
 2262       1.456368674187e-11       8.938431853142e-13      -9.583587394601e-13       0.000000000000e+00       2.246467384661e-16       1.427359370115e-17       7.697831658972e-18 
 2263       1.454660284550e-11       8.915563091165e-13      -9.710508337663e-13       0.000000000000e+00       2.242389881822e-16       1.404186205829e-17       7.681512669022e-18 
 2264       1.453042127975e-11       8.891842513277e-13      -9.836042373710e-13       0.000000000000e+00       2.238321462585e-16       1.381601691975e-17       7.664066281829e-18 
 2265       1.451512616809e-11       8.867280371354e-13      -9.960148490429e-13       0.000000000000e+00       2.234262103895e-16       1.359608195389e-17       7.645459138974e-18 
 2266       1.450070157142e-11       8.841886959232e-13      -1.008278554139e-12       0.000000000000e+00       2.230211782507e-16       1.338208086930e-17       7.625657771960e-18 
 2267       1.448713148789e-11       8.815672612756e-13      -1.020391224593e-12       0.000000000000e+00       2.226170474985e-16       1.317403741494e-17       7.604628602092e-18 
 2268       1.447439985295e-11       8.788647709824e-13      -1.032348718894e-12       0.000000000000e+00       2.222138157706e-16       1.297197538007e-17       7.582337940361e-18 
 2269       1.446249053918e-11       8.760822670444e-13      -1.044146882081e-12       0.000000000000e+00       2.218114806853e-16       1.277591859437e-17       7.558751987325e-18 
 2270       1.445138735625e-11       8.732207956772e-13      -1.055781545721e-12       0.000000000000e+00       2.214100398424e-16       1.258589092788e-17       7.533836832990e-18 
 2271       1.444107405088e-11       8.702814073169e-13      -1.067248527901e-12       0.000000000000e+00       2.210094908223e-16       1.240191629109e-17       7.507558456688e-18 
 2272       1.443153430673e-11       8.672651566245e-13      -1.078543633207e-12       0.000000000000e+00       2.206098311864e-16       1.222401863494e-17       7.479882726967e-18 
 2273       1.442275174434e-11       8.641731024907e-13      -1.089662652715e-12       0.000000000000e+00       2.202110584769e-16       1.205222195088e-17       7.450775401461e-18 
 2274       1.441470992105e-11       8.610063080410e-13      -1.100601363975e-12       0.000000000000e+00       2.198131702172e-16       1.188655027084e-17       7.420202126781e-18 
 2275       1.440739233096e-11       8.577658406403e-13      -1.111355530994e-12       0.000000000000e+00       2.194161639111e-16       1.172702766732e-17       7.388128438391e-18 
 2276       1.440078240481e-11       8.544527718979e-13      -1.121920904226e-12       0.000000000000e+00       2.190200370436e-16       1.157367825338e-17       7.354519760493e-18 
 2277       1.439486350996e-11       8.510681776723e-13      -1.132293220554e-12       0.000000000000e+00       2.186247870803e-16       1.142652618266e-17       7.319341405903e-18 
 2278       1.438961895027e-11       8.476131380759e-13      -1.142468203280e-12       0.000000000000e+00       2.182304114676e-16       1.128559564947e-17       7.282558575938e-18 
 2279       1.438503196608e-11       8.440887374800e-13      -1.152441562103e-12       0.000000000000e+00       2.178369076326e-16       1.115091088873e-17       7.244136360295e-18 
 2280       1.438108573407e-11       8.404960645195e-13      -1.162208993113e-12       0.000000000000e+00       2.174442729833e-16       1.102249617608e-17       7.204039736931e-18 
 2281       1.437776336726e-11       8.368362120980e-13      -1.171766178772e-12       0.000000000000e+00       2.170525049083e-16       1.090037582785e-17       7.162233571949e-18 
 2282       1.437504791490e-11       8.331102773922e-13      -1.181108787900e-12       0.000000000000e+00       2.166616007767e-16       1.078457420111e-17       7.118682619471e-18 
 2283       1.437292236240e-11       8.293193618571e-13      -1.190232475661e-12       0.000000000000e+00       2.162715579384e-16       1.067511569371e-17       7.073351521530e-18 
 2284       1.437136963126e-11       8.254645712308e-13      -1.199132883550e-12       0.000000000000e+00       2.158823737240e-16       1.057202474429e-17       7.026204807942e-18 
 2285       1.437037257903e-11       8.215470155392e-13      -1.207805639377e-12       0.000000000000e+00       2.154940454445e-16       1.047532583230e-17       6.977206896194e-18 
 2286       1.436991399917e-11       8.175678091007e-13      -1.216246357252e-12       0.000000000000e+00       2.151065703915e-16       1.038504347808e-17       6.926322091319e-18 
 2287       1.436997662104e-11       8.135280705316e-13      -1.224450637572e-12       0.000000000000e+00       2.147199458374e-16       1.030120224280e-17       6.873514585786e-18 
 2288       1.437054310981e-11       8.094289227503e-13      -1.232414067008e-12       0.000000000000e+00       2.143341690347e-16       1.022382672859e-17       6.818748459372e-18 
 2289       1.437159606639e-11       8.052714929823e-13      -1.240132218487e-12       0.000000000000e+00       2.139492372166e-16       1.015294157847e-17       6.761987679049e-18 
 2290       1.437311802734e-11       8.010569127655e-13      -1.247600651179e-12       0.000000000000e+00       2.135651475969e-16       1.008857147645e-17       6.703196098867e-18 
 2291       1.437509165269e-11       7.967863837059e-13      -1.254815675800e-12       0.000000000000e+00       2.131818975526e-16       1.003070087886e-17       6.642359136472e-18 
 2292       1.437750029078e-11       7.924613751967e-13      -1.261776655884e-12       0.000000000000e+00       2.127994851750e-16       9.979152927065e-18       6.579548954316e-18 
 2293       1.438032741688e-11       7.880834279727e-13      -1.268483721186e-12       0.000000000000e+00       2.124179087222e-16       9.933709761027e-18       6.514859694748e-18 
 2294       1.438355644559e-11       7.836540884796e-13      -1.274937003707e-12       0.000000000000e+00       2.120371664366e-16       9.894152716792e-18       6.448385841571e-18 
 2295       1.438717073076e-11       7.791749088807e-13      -1.281136637695e-12       0.000000000000e+00       2.116572565447e-16       9.860262325613e-18       6.380222220418e-18 
 2296       1.439115356541e-11       7.746474470630e-13      -1.287082759650e-12       0.000000000000e+00       2.112781772573e-16       9.831818313060e-18       6.310463999130e-18 
 2297       1.439548818169e-11       7.700732666436e-13      -1.292775508325e-12       0.000000000000e+00       2.108999267691e-16       9.808599598121e-18       6.239206688130e-18 
 2298       1.440015775081e-11       7.654539369760e-13      -1.298215024733e-12       0.000000000000e+00       2.105225032591e-16       9.790384292317e-18       6.166546140802e-18 
 2299       1.440514538296e-11       7.607910331564e-13      -1.303401452145e-12       0.000000000000e+00       2.101459048904e-16       9.776949698804e-18       6.092578553868e-18 
 2300       1.441043412724e-11       7.560861360303e-13      -1.308334936096e-12       0.000000000000e+00       2.097701298101e-16       9.768072311482e-18       6.017400467762e-18 
 2301       1.441600697159e-11       7.513408321986e-13      -1.313015624389e-12       0.000000000000e+00       2.093951761493e-16       9.763527814108e-18       5.941108767011e-18 
 2302       1.442184684277e-11       7.465567140239e-13      -1.317443667096e-12       0.000000000000e+00       2.090210420232e-16       9.763091079397e-18       5.863800680607e-18 
 2303       1.442793660622e-11       7.417353796370e-13      -1.321619216562e-12       0.000000000000e+00       2.086477255311e-16       9.766536168133e-18       5.785573782387e-18 
 2304       1.443425906604e-11       7.368784329431e-13      -1.325542427408e-12       0.000000000000e+00       2.082752247560e-16       9.773636328278e-18       5.706525991409e-18 
 2305       1.444079696492e-11       7.319874836282e-13      -1.329213456534e-12       0.000000000000e+00       2.079035377651e-16       9.784163994079e-18       5.626755572330e-18 
 2306       1.444753298404e-11       7.270641471657e-13      -1.332632463122e-12       0.000000000000e+00       2.075326626096e-16       9.797890785173e-18       5.546361135777e-18 
 2307       1.445444974305e-11       7.221100448220e-13      -1.335799608640e-12       0.000000000000e+00       2.071625973244e-16       9.814587505701e-18       5.465441638733e-18 
 2308       1.446152979996e-11       7.171268036638e-13      -1.338715056845e-12       0.000000000000e+00       2.067933399284e-16       9.834024143409e-18       5.384096384905e-18 
 2309       1.446875565112e-11       7.121160565637e-13      -1.341378973785e-12       0.000000000000e+00       2.064248884244e-16       9.855969868762e-18       5.302425025108e-18 
 2310       1.447610973110e-11       7.070794422068e-13      -1.343791527801e-12       0.000000000000e+00       2.060572407990e-16       9.880193034047e-18       5.220527557635e-18 
 2311       1.448357441266e-11       7.020186050972e-13      -1.345952889534e-12       0.000000000000e+00       2.056903950227e-16       9.906461172485e-18       5.138504328639e-18 
 2312       1.449113200665e-11       6.969351955639e-13      -1.347863231926e-12       0.000000000000e+00       2.053243490497e-16       9.934540997335e-18       5.056456032507e-18 
 2313       1.449876476198e-11       6.918308697678e-13      -1.349522730221e-12       0.000000000000e+00       2.049591008182e-16       9.964198401006e-18       4.974483712237e-18 
 2314       1.450645486555e-11       6.867072897073e-13      -1.350931561972e-12       0.000000000000e+00       2.045946482499e-16       9.995198454161e-18       4.892688759818e-18 
 2315       1.451418444214e-11       6.815661232251e-13      -1.352089907041e-12       0.000000000000e+00       2.042309892505e-16       1.002730540483e-17       4.811172916600e-18 
 2316       1.452193555438e-11       6.764090440146e-13      -1.352997947605e-12       0.000000000000e+00       2.038681217091e-16       1.006028267750e-17       4.730038273677e-18 
 2317       1.452969020269e-11       6.712377316257e-13      -1.353655868155e-12       0.000000000000e+00       2.035060434990e-16       1.009389287227e-17       4.649387272261e-18 
 2318       1.453743032517e-11       6.660538714720e-13      -1.354063855503e-12       0.000000000000e+00       2.031447524766e-16       1.012789776388e-17       4.569322704061e-18 
 2319       1.454513779758e-11       6.608591548362e-13      -1.354222098784e-12       0.000000000000e+00       2.027842464824e-16       1.016205830092e-17       4.489947711655e-18 
 2320       1.455279443325e-11       6.556552788772e-13      -1.354130789457e-12       0.000000000000e+00       2.024245233404e-16       1.019613460482e-17       4.411365788870e-18 
 2321       1.456038198301e-11       6.504439466359e-13      -1.353790121312e-12       0.000000000000e+00       2.020655808582e-16       1.022988596909e-17       4.333680781162e-18 
 2322       1.456788213512e-11       6.452268670419e-13      -1.353200290470e-12       0.000000000000e+00       2.017074168270e-16       1.026307085830e-17       4.256996885984e-18 
 2323       1.457527651523e-11       6.400057549196e-13      -1.352361495387e-12       0.000000000000e+00       2.013500290215e-16       1.029544690727e-17       4.181418653173e-18 
 2324       1.458254668628e-11       6.347823309947e-13      -1.351273936857e-12       0.000000000000e+00       2.009934152001e-16       1.032677092017e-17       4.107050985317e-18 
 2325       1.458967414845e-11       6.295583219005e-13      -1.349937818016e-12       0.000000000000e+00       2.006375731047e-16       1.035679886959e-17       4.033999138140e-18 
 2326       1.459664033908e-11       6.243354601843e-13      -1.348353344342e-12       0.000000000000e+00       2.002825004606e-16       1.038528589567e-17       3.962368720874e-18 
 2327       1.460342663262e-11       6.191154843134e-13      -1.346520723665e-12       0.000000000000e+00       1.999281949766e-16       1.041198630523e-17       3.892265696635e-18 
 2328       1.461001434056e-11       6.139001386819e-13      -1.344440166161e-12       0.000000000000e+00       1.995746543451e-16       1.043665357084e-17       3.823796382806e-18 
 2329       1.461638471135e-11       6.086911736167e-13      -1.342111884363e-12       0.000000000000e+00       1.992218762420e-16       1.045904032994e-17       3.757067451404e-18 
 2330       1.462251893034e-11       6.034903453842e-13      -1.339536093158e-12       0.000000000000e+00       1.988698583262e-16       1.047889838397e-17       3.692185929467e-18 
 2331       1.462839985211e-11       5.982993150159e-13      -1.336713528780e-12       0.000000000000e+00       1.985185984095e-16       1.049604338631e-17       3.629231915400e-18 
 2332       1.463401720953e-11       5.931193440799e-13      -1.333647009324e-12       0.000000000000e+00       1.981680949640e-16       1.051054935208e-17       3.568176540013e-18 
 2333       1.463936243727e-11       5.879515970114e-13      -1.330339884036e-12       0.000000000000e+00       1.978183466172e-16       1.052255536829e-17       3.508963490952e-18 
 2334       1.464442694236e-11       5.827972421235e-13      -1.326795515237e-12       0.000000000000e+00       1.974693519837e-16       1.053220101641e-17       3.451536249712e-18 
 2335       1.464920210417e-11       5.776574516116e-13      -1.323017278333e-12       0.000000000000e+00       1.971211096647e-16       1.053962637298e-17       3.395838091409e-18 
 2336       1.465367927436e-11       5.725334015573e-13      -1.319008561830e-12       0.000000000000e+00       1.967736182482e-16       1.054497201005e-17       3.341812084553e-18 
 2337       1.465784977688e-11       5.674262719322e-13      -1.314772767352e-12       0.000000000000e+00       1.964268763092e-16       1.054837899580e-17       3.289401090827e-18 
 2338       1.466170490788e-11       5.623372466026e-13      -1.310313309654e-12       0.000000000000e+00       1.960808824091e-16       1.054998889504e-17       3.238547764856e-18 
 2339       1.466523593578e-11       5.572675133332e-13      -1.305633616633e-12       0.000000000000e+00       1.957356350962e-16       1.054994376971e-17       3.189194553984e-18 
 2340       1.466843410114e-11       5.522182637916e-13      -1.300737129349e-12       0.000000000000e+00       1.953911329056e-16       1.054838617951e-17       3.141283698049e-18 
 2341       1.467129061669e-11       5.471906935516e-13      -1.295627302034e-12       0.000000000000e+00       1.950473743591e-16       1.054545918233e-17       3.094757229157e-18 
 2342       1.467379666729e-11       5.421860020982e-13      -1.290307602109e-12       0.000000000000e+00       1.947043579649e-16       1.054130633486e-17       3.049556971455e-18 
 2343       1.467594340989e-11       5.372053928314e-13      -1.284781510199e-12       0.000000000000e+00       1.943620822182e-16       1.053607169310e-17       3.005624540908e-18 
 2344       1.467772197352e-11       5.322500730701e-13      -1.279052520146e-12       0.000000000000e+00       1.940205456006e-16       1.052989981289e-17       2.962901345071e-18 
 2345       1.467912345922e-11       5.273212540562e-13      -1.273124139026e-12       0.000000000000e+00       1.936797465805e-16       1.052293575045e-17       2.921328582865e-18 
 2346       1.468013894008e-11       5.224201509592e-13      -1.266999887160e-12       0.000000000000e+00       1.933396836128e-16       1.051532506292e-17       2.880847244352e-18 
 2347       1.468075946115e-11       5.175479828796e-13      -1.260683298132e-12       0.000000000000e+00       1.930003551391e-16       1.050721380891e-17       2.841398110505e-18 
 2348       1.468097603942e-11       5.127059728537e-13      -1.254177918800e-12       0.000000000000e+00       1.926617595874e-16       1.049874854901e-17       2.802921752990e-18 
 2349       1.468077966384e-11       5.078953478571e-13      -1.247487309315e-12       0.000000000000e+00       1.923238953723e-16       1.049007634632e-17       2.765358533933e-18 
 2350       1.468016129520e-11       5.031173388093e-13      -1.240615043133e-12       0.000000000000e+00       1.919867608952e-16       1.048134476703e-17       2.728648605699e-18 
 2351       1.467911186622e-11       4.983731805773e-13      -1.233564707029e-12       0.000000000000e+00       1.916503545436e-16       1.047270188092e-17       2.692731910666e-18 
 2352       1.467762228139e-11       4.936641119804e-13      -1.226339901111e-12       0.000000000000e+00       1.913146746918e-16       1.046429626189e-17       2.657548180996e-18 
 2353       1.467568341707e-11       4.889913757934e-13      -1.218944238839e-12       0.000000000000e+00       1.909797197004e-16       1.045627698852e-17       2.623036938414e-18 
 2354       1.467328612134e-11       4.843562187515e-13      -1.211381347035e-12       0.000000000000e+00       1.906454879167e-16       1.044879364461e-17       2.589137493981e-18 
 2355       1.467042121408e-11       4.797598915541e-13      -1.203654865898e-12       0.000000000000e+00       1.903119776742e-16       1.044199631968e-17       2.555788947865e-18 
 2356       1.466707948685e-11       4.752036488688e-13      -1.195768449020e-12       0.000000000000e+00       1.899791872930e-16       1.043603560953e-17       2.522930189120e-18 
 2357       1.466325170292e-11       4.706887493357e-13      -1.187725763402e-12       0.000000000000e+00       1.896471150794e-16       1.043106261680e-17       2.490499895460e-18 
 2358       1.465892859723e-11       4.662164555713e-13      -1.179530489465e-12       0.000000000000e+00       1.893157593264e-16       1.042722895145e-17       2.458436533029e-18 
 2359       1.465410087634e-11       4.617880341728e-13      -1.171186321067e-12       0.000000000000e+00       1.889851183132e-16       1.042468673133e-17       2.426678356181e-18 
 2360       1.464875921841e-11       4.574047557221e-13      -1.162696965516e-12       0.000000000000e+00       1.886551903052e-16       1.042358858273e-17       2.395163407253e-18 
 2361       1.464289427319e-11       4.530678947900e-13      -1.154066143587e-12       0.000000000000e+00       1.883259735545e-16       1.042408764089e-17       2.363829516334e-18 
 2362       1.463649666196e-11       4.487787299401e-13      -1.145297589532e-12       0.000000000000e+00       1.879974662992e-16       1.042633755052e-17       2.332614301048e-18 
 2363       1.462955697754e-11       4.445385437331e-13      -1.136395051102e-12       0.000000000000e+00       1.876696667640e-16       1.043049246640e-17       2.301455166323e-18 
 2364       1.462206578421e-11       4.403486227310e-13      -1.127362289553e-12       0.000000000000e+00       1.873425731595e-16       1.043670705385e-17       2.270289304166e-18 
 2365       1.461401361773e-11       4.362102575009e-13      -1.118203079667e-12       0.000000000000e+00       1.870161836829e-16       1.044513648930e-17       2.239053693439e-18 
 2366       1.460539098528e-11       4.321247426191e-13      -1.108921209763e-12       0.000000000000e+00       1.866904965176e-16       1.045593646080e-17       2.207685099633e-18 
 2367       1.459618836544e-11       4.280933766756e-13      -1.099520481714e-12       0.000000000000e+00       1.863655098331e-16       1.046926316860e-17       2.176120074642e-18 
 2368       1.458639620818e-11       4.241174622780e-13      -1.090004710959e-12       0.000000000000e+00       1.860412217853e-16       1.048527332565e-17       2.144294956535e-18 
 2369       1.457600493479e-11       4.201983060554e-13      -1.080377726521e-12       0.000000000000e+00       1.857176305160e-16       1.050412415813e-17       2.112145869335e-18 
 2370       1.456500493788e-11       4.163372186627e-13      -1.070643371017e-12       0.000000000000e+00       1.853947341535e-16       1.052597340601e-17       2.079608722793e-18 
 2371       1.455338858582e-11       4.125353325272e-13      -1.060805531394e-12       0.000000000000e+00       1.850725308575e-16       1.055094076599e-17       2.046631477951e-18 
 2372       1.454115624961e-11       4.087930538493e-13      -1.050868231306e-12       0.000000000000e+00       1.847510189556e-16       1.057899195897e-17       2.013211027072e-18 
 2373       1.452831031316e-11       4.051106072263e-13      -1.040835539334e-12       0.000000000000e+00       1.844301968077e-16       1.061005394772e-17       1.979356541003e-18 
 2374       1.451485317223e-11       4.014882176020e-13      -1.030711538336e-12       0.000000000000e+00       1.841100627609e-16       1.064405342923e-17       1.945077224097e-18 
 2375       1.450078723440e-11       3.979261102679e-13      -1.020500325464e-12       0.000000000000e+00       1.837906151491e-16       1.068091683435e-17       1.910382314252e-18 
 2376       1.448611491916e-11       3.944245108626e-13      -1.010206012177e-12       0.000000000000e+00       1.834718522934e-16       1.072057032759e-17       1.875281082944e-18 
 2377       1.447083865783e-11       3.909836453725e-13      -9.998327242596e-13       0.000000000000e+00       1.831537725017e-16       1.076293980675e-17       1.839782835262e-18 
 2378       1.445496089367e-11       3.876037401320e-13      -9.893846018316e-13       0.000000000000e+00       1.828363740690e-16       1.080795090269e-17       1.803896909951e-18 
 2379       1.443848408181e-11       3.842850218234e-13      -9.788657993682e-13       0.000000000000e+00       1.825196552771e-16       1.085552897903e-17       1.767632679440e-18 
 2380       1.442141068931e-11       3.810277174773e-13      -9.682804857130e-13       0.000000000000e+00       1.822036143949e-16       1.090559913185e-17       1.730999549883e-18 
 2381       1.440374319519e-11       3.778320544730e-13      -9.576328440938e-13       0.000000000000e+00       1.818882496780e-16       1.095808618941e-17       1.694006961194e-18 
 2382       1.438548409037e-11       3.746982605385e-13      -9.469270721376e-13       0.000000000000e+00       1.815735593691e-16       1.101291471187e-17       1.656664387082e-18 
 2383       1.436663587777e-11       3.716265637507e-13      -9.361673818861e-13       0.000000000000e+00       1.812595416976e-16       1.107000899099e-17       1.618981335090e-18 
 2384       1.434720107227e-11       3.686171925356e-13      -9.253579998106e-13       0.000000000000e+00       1.809461948799e-16       1.112929304986e-17       1.580967346628e-18 
 2385       1.432718220075e-11       3.656703756687e-13      -9.145031668271e-13       0.000000000000e+00       1.806335171192e-16       1.119069064260e-17       1.542631997011e-18 
 2386       1.430658180207e-11       3.627863422752e-13      -9.036071383123e-13       0.000000000000e+00       1.803215066055e-16       1.125412525408e-17       1.503984895494e-18 
 2387       1.428540242714e-11       3.599653218299e-13      -8.926741841177e-13       0.000000000000e+00       1.800101615156e-16       1.131952009963e-17       1.465035685309e-18 
 2388       1.426364663886e-11       3.572075441579e-13      -8.817085885860e-13       0.000000000000e+00       1.796994800132e-16       1.138679812476e-17       1.425794043702e-18 
 2389       1.424131701221e-11       3.545132394342e-13      -8.707146505651e-13       0.000000000000e+00       1.793894602485e-16       1.145588200484e-17       1.386269681967e-18 
 2390       1.421841613422e-11       3.518826381847e-13      -8.596966834244e-13       0.000000000000e+00       1.790801003588e-16       1.152669414487e-17       1.346472345483e-18 
 2391       1.419494660397e-11       3.493159712857e-13      -8.486590150695e-13       0.000000000000e+00       1.787713984679e-16       1.159915667916e-17       1.306411813751e-18 
 2392       1.417091103265e-11       3.468134699644e-13      -8.376059879572e-13       0.000000000000e+00       1.784633526865e-16       1.167319147104e-17       1.266097900430e-18 
 2393       1.414631204354e-11       3.443753657994e-13      -8.265419591112e-13       0.000000000000e+00       1.781559611118e-16       1.174872011259e-17       1.225540453371e-18 
 2394       1.412115227203e-11       3.420018907203e-13      -8.154713001373e-13       0.000000000000e+00       1.778492218279e-16       1.182566392431e-17       1.184749354657e-18 
 2395       1.409543436564e-11       3.396932770085e-13      -8.043983972380e-13       0.000000000000e+00       1.775431329055e-16       1.190394395491e-17       1.143734520635e-18 
 2396       1.406916098404e-11       3.374497572969e-13      -7.933276512284e-13       0.000000000000e+00       1.772376924018e-16       1.198348098096e-17       1.102505901957e-18 
 2397       1.404233479904e-11       3.352715645708e-13      -7.822634775513e-13       0.000000000000e+00       1.769328983609e-16       1.206419550663e-17       1.061073483609e-18 
 2398       1.401495849461e-11       3.331589321673e-13      -7.712103062921e-13       0.000000000000e+00       1.766287488134e-16       1.214600776337e-17       1.019447284954e-18 
 2399       1.398703476694e-11       3.311120937761e-13      -7.601725821942e-13       0.000000000000e+00       1.763252417764e-16       1.222883770970e-17       9.776373597670e-19 
 2400       1.395856632437e-11       3.291312834395e-13      -7.491547646743e-13       0.000000000000e+00       1.760223752538e-16       1.231260503081e-17       9.356537962669e-19 
 2401       1.392955588748e-11       3.272167355528e-13      -7.381613278375e-13       0.000000000000e+00       1.757201472359e-16       1.239722913840e-17       8.935067171571e-19 
 2402       1.390000618906e-11       3.253686848641e-13      -7.271967604926e-13       0.000000000000e+00       1.754185556997e-16       1.248262917028e-17       8.512062796594e-19 
 2403       1.386991997415e-11       3.235873664750e-13      -7.162655661674e-13       0.000000000000e+00       1.751175986086e-16       1.256872399015e-17       8.087626755513e-19 
 2404       1.383930000002e-11       3.218730158405e-13      -7.053722631235e-13       0.000000000000e+00       1.748172739126e-16       1.265543218731e-17       7.661861312011e-19 
 2405       1.380814903621e-11       3.202258687694e-13      -6.945213843721e-13       0.000000000000e+00       1.745175795482e-16       1.274267207633e-17       7.234869076051e-19 
 2406       1.377646986456e-11       3.186461614242e-13      -6.837174776889e-13       0.000000000000e+00       1.742185134383e-16       1.283036169682e-17       6.806753004229e-19 
 2407       1.374426527918e-11       3.171341303219e-13      -6.729651056291e-13       0.000000000000e+00       1.739200734925e-16       1.291841881309e-17       6.377616400141e-19 
 2408       1.371153808649e-11       3.156900123337e-13      -6.622688455433e-13       0.000000000000e+00       1.736222576065e-16       1.300676091391e-17       5.947562914740e-19 
 2409       1.367829110523e-11       3.143140446852e-13      -6.516332895920e-13       0.000000000000e+00       1.733250636628e-16       1.309530521219e-17       5.516696546701e-19 
 2410       1.364452716648e-11       3.130064649571e-13      -6.410630447612e-13       0.000000000000e+00       1.730284895301e-16       1.318396864472e-17       5.085121642784e-19 
 2411       1.361025023774e-11       3.117673616208e-13      -6.305623586918e-13       0.000000000000e+00       1.727325332139e-16       1.327269650695e-17       4.652926546400e-19 
 2412       1.357546880263e-11       3.105962246546e-13      -6.201339946548e-13       0.000000000000e+00       1.724371933078e-16       1.336154854814e-17       4.220134434098e-19 
 2413       1.354019250176e-11       3.094923921989e-13      -6.097803497743e-13       0.000000000000e+00       1.721424685453e-16       1.345061339853e-17       3.786752181238e-19 
 2414       1.350443101054e-11       3.084551997700e-13      -5.995038286004e-13       0.000000000000e+00       1.718483576487e-16       1.353997998195e-17       3.352786686690e-19 
 2415       1.346819403920e-11       3.074839802569e-13      -5.893068431165e-13       0.000000000000e+00       1.715548593301e-16       1.362973751620e-17       2.918244872865e-19 
 2416       1.343149133288e-11       3.065780639185e-13      -5.791918127469e-13       0.000000000000e+00       1.712619722906e-16       1.371997551333e-17       2.483133685729e-19 
 2417       1.339433267158e-11       3.057367783811e-13      -5.691611643644e-13       0.000000000000e+00       1.709696952207e-16       1.381078377992e-17       2.047460094837e-19 
 2418       1.335672787030e-11       3.049594486347e-13      -5.592173322977e-13       0.000000000000e+00       1.706780268002e-16       1.390225241740e-17       1.611231093351e-19 
 2419       1.331868677898e-11       3.042453970313e-13      -5.493627583388e-13       0.000000000000e+00       1.703869656983e-16       1.399447182236e-17       1.174453698065e-19 
 2420       1.328021928260e-11       3.035939432809e-13      -5.395998917506e-13       0.000000000000e+00       1.700965105732e-16       1.408753268685e-17       7.371349494314e-20 
 2421       1.324133530122e-11       3.030044044493e-13      -5.299311892746e-13       0.000000000000e+00       1.698066600727e-16       1.418152599868e-17       2.992819115827e-20 
 2422       1.320204478996e-11       3.024760949551e-13      -5.203591151378e-13       0.000000000000e+00       1.695174128335e-16       1.427654304174e-17      -1.390983276436e-20 
 2423       1.316235773910e-11       3.020083265668e-13      -5.108861410610e-13       0.000000000000e+00       1.692287674817e-16       1.437267539627e-17      -5.779986566807e-20 
 2424       1.312228417406e-11       3.016004083997e-13      -5.015147462656e-13       0.000000000000e+00       1.689407226326e-16       1.447001493921e-17      -1.017411940209e-19 
 2425       1.308183415549e-11       3.012516469135e-13      -4.922474174816e-13       0.000000000000e+00       1.686532768906e-16       1.456865384446e-17      -1.457331019131e-19 
 2426       1.304101777929e-11       3.009613459091e-13      -4.830866489547e-13       0.000000000000e+00       1.683664288495e-16       1.466868458321e-17      -1.897748710548e-19 
 2427       1.299984517662e-11       3.007288065258e-13      -4.740349424540e-13       0.000000000000e+00       1.680801770921e-16       1.477019992424e-17      -2.338657807736e-19 
 2428       1.295832651396e-11       3.005533272385e-13      -4.650948072797e-13       0.000000000000e+00       1.677945201903e-16       1.487329293423e-17      -2.780051080123e-19 
 2429       1.291647199315e-11       3.004342038547e-13      -4.562687602699e-13       0.000000000000e+00       1.675094567054e-16       1.497805697804e-17      -3.221921273260e-19 
 2430       1.287429185143e-11       3.003707295118e-13      -4.475593258092e-13       0.000000000000e+00       1.672249851874e-16       1.508458571904e-17      -3.664261108804e-19 
 2431       1.283179636146e-11       3.003621946741e-13      -4.389690358350e-13       0.000000000000e+00       1.669411041759e-16       1.519297311940e-17      -4.107063284487e-19 
 2432       1.278899583135e-11       3.004078871299e-13      -4.305004298458e-13       0.000000000000e+00       1.666578121992e-16       1.530331344041e-17      -4.550320474098e-19 
 2433       1.274590060474e-11       3.005070919888e-13      -4.221560549086e-13       0.000000000000e+00       1.663751077751e-16       1.541570124275e-17      -4.994025327454e-19 
 2434       1.270252106080e-11       3.006590916789e-13      -4.139384656661e-13       0.000000000000e+00       1.660929894100e-16       1.553023138685e-17      -5.438170470379e-19 
 2435       1.265886761425e-11       3.008631659434e-13      -4.058502243443e-13       0.000000000000e+00       1.658114555996e-16       1.564699903313e-17      -5.882748504679e-19 
 2436       1.261495071547e-11       3.011185918383e-13      -3.978939007602e-13       0.000000000000e+00       1.655305048288e-16       1.576609964234e-17      -6.327752008118e-19 
 2437       1.257078085046e-11       3.014246437295e-13      -3.900720723290e-13       0.000000000000e+00       1.652501355713e-16       1.588762897588e-17      -6.773173534392e-19 
 2438       1.252636854090e-11       3.017805932895e-13      -3.823873240719e-13       0.000000000000e+00       1.649703462898e-16       1.601168309607e-17      -7.219005613108e-19 
 2439       1.248172434421e-11       3.021857094949e-13      -3.748422486234e-13       0.000000000000e+00       1.646911354362e-16       1.613835836646e-17      -7.665240749760e-19 
 2440       1.243685885358e-11       3.026392586235e-13      -3.674394462387e-13       0.000000000000e+00       1.644125014513e-16       1.626775145215e-17      -8.111871425700e-19 
 2441       1.239178269797e-11       3.031405042513e-13      -3.601815248017e-13       0.000000000000e+00       1.641344427647e-16       1.639995932009e-17      -8.558890098122e-19 
 2442       1.234650654221e-11       3.036887072496e-13      -3.530710998317e-13       0.000000000000e+00       1.638569577953e-16       1.653507923937e-17      -9.006289200028e-19 
 2443       1.230104108696e-11       3.042831257825e-13      -3.461107944917e-13       0.000000000000e+00       1.635800449507e-16       1.667320878153e-17      -9.454061140215e-19 
 2444       1.225539706882e-11       3.049230153034e-13      -3.393032395953e-13       0.000000000000e+00       1.633037026275e-16       1.681444582089e-17      -9.902198303239e-19 
 2445       1.220958526033e-11       3.056076285529e-13      -3.326510736144e-13       0.000000000000e+00       1.630279292112e-16       1.695888853482e-17      -1.035069304940e-18 
 2446       1.216361647001e-11       3.063362155551e-13      -3.261569426871e-13       0.000000000000e+00       1.627527230763e-16       1.710663540404e-17      -1.079953771472e-18 
 2447       1.211750154239e-11       3.071080236155e-13      -3.198235006244e-13       0.000000000000e+00       1.624780825861e-16       1.725778521296e-17      -1.124872461091e-18 
 2448       1.207125135808e-11       3.079222973177e-13      -3.136534089182e-13       0.000000000000e+00       1.622040060928e-16       1.741243704997e-17      -1.169824602534e-18 
 2449       1.202487683376e-11       3.087782785204e-13      -3.076493367491e-13       0.000000000000e+00       1.619304919375e-16       1.757069030771e-17      -1.214809422104e-18 
 2450       1.197838892225e-11       3.096752063551e-13      -3.018139609929e-13       0.000000000000e+00       1.616575384501e-16       1.773264468344e-17      -1.259826143666e-18 
 2451       1.193179841062e-11       3.106122751249e-13      -2.961494669744e-13       0.000000000000e+00       1.613851440826e-16       1.789835105647e-17      -1.304868052646e-18 
 2452       1.188511531309e-11       3.115885077347e-13      -2.906560474497e-13       0.000000000000e+00       1.611133078097e-16       1.806766379940e-17      -1.349904649292e-18 
 2453       1.183834947459e-11       3.126028814992e-13      -2.853333946715e-13       0.000000000000e+00       1.608420287302e-16       1.824038758524e-17      -1.394899388792e-18 
 2454       1.179151077235e-11       3.136543701686e-13      -2.801811988269e-13       0.000000000000e+00       1.605713059347e-16       1.841632642941e-17      -1.439815607474e-18 
 2455       1.174460911597e-11       3.147419439249e-13      -2.751991480352e-13       0.000000000000e+00       1.603011385050e-16       1.859528368906e-17      -1.484616522678e-18 
 2456       1.169765444741e-11       3.158645693777e-13      -2.703869283452e-13       0.000000000000e+00       1.600315255143e-16       1.877706206241e-17      -1.529265232643e-18 
 2457       1.165065674108e-11       3.170212095611e-13      -2.657442237327e-13       0.000000000000e+00       1.597624660271e-16       1.896146358805e-17      -1.573724716379e-18 
 2458       1.160362600380e-11       3.182108239297e-13      -2.612707160982e-13       0.000000000000e+00       1.594939590996e-16       1.914828964428e-17      -1.617957833550e-18 
 2459       1.155657227490e-11       3.194323683550e-13      -2.569660852645e-13       0.000000000000e+00       1.592260037789e-16       1.933734094843e-17      -1.661927324354e-18 
 2460       1.150950562623e-11       3.206847951214e-13      -2.528300089740e-13       0.000000000000e+00       1.589585991037e-16       1.952841755618e-17      -1.705595809398e-18 
 2461       1.146243616217e-11       3.219670529230e-13      -2.488621628861e-13       0.000000000000e+00       1.586917441040e-16       1.972131886090e-17      -1.748925789580e-18 
 2462       1.141537401969e-11       3.232780868593e-13      -2.450622205754e-13       0.000000000000e+00       1.584254378012e-16       1.991584359293e-17      -1.791879645967e-18 
 2463       1.136832936838e-11       3.246168384320e-13      -2.414298535284e-13       0.000000000000e+00       1.581596792079e-16       2.011178981896e-17      -1.834419639676e-18 
 2464       1.132131241047e-11       3.259822455410e-13      -2.379647311416e-13       0.000000000000e+00       1.578944673279e-16       2.030895494130e-17      -1.876507911749e-18 
 2465       1.127433338087e-11       3.273732424808e-13      -2.346665207187e-13       0.000000000000e+00       1.576298011565e-16       2.050713569726e-17      -1.918106483038e-18 
 2466       1.122740254721e-11       3.287887599368e-13      -2.315348874685e-13       0.000000000000e+00       1.573656796802e-16       2.070612815841e-17      -1.959177254077e-18 
 2467       1.118053020986e-11       3.302277249815e-13      -2.285694945019e-13       0.000000000000e+00       1.571021018768e-16       2.090572772996e-17      -1.999682004968e-18 
 2468       1.113372670198e-11       3.316890610710e-13      -2.257700028299e-13       0.000000000000e+00       1.568390667151e-16       2.110572915004e-17      -2.039582395254e-18 
 2469       1.108700238953e-11       3.331716880408e-13      -2.231360713609e-13       0.000000000000e+00       1.565765731556e-16       2.130592648906e-17      -2.078839963803e-18 
 2470       1.104036767133e-11       3.346745221028e-13      -2.206673568983e-13       0.000000000000e+00       1.563146201497e-16       2.150611314899e-17      -2.117416128683e-18 
 2471       1.099383297905e-11       3.361964758411e-13      -2.183635141381e-13       0.000000000000e+00       1.560532066400e-16       2.170608186273e-17      -2.155272187045e-18 
 2472       1.094740877731e-11       3.377364582082e-13      -2.162241956662e-13       0.000000000000e+00       1.557923315606e-16       2.190562469340e-17      -2.192369314999e-18 
 2473       1.090110556363e-11       3.392933745220e-13      -2.142490519560e-13       0.000000000000e+00       1.555319938364e-16       2.210453303368e-17      -2.228668567494e-18 
 2474       1.085493386856e-11       3.408661264610e-13      -2.124377313663e-13       0.000000000000e+00       1.552721923839e-16       2.230259760514e-17      -2.264130878198e-18 
 2475       1.080890425560e-11       3.424536120617e-13      -2.107898801381e-13       0.000000000000e+00       1.550129261105e-16       2.249960845752e-17      -2.298717059375e-18 
 2476       1.076302732135e-11       3.440547257141e-13      -2.093051423930e-13       0.000000000000e+00       1.547541939148e-16       2.269535496811e-17      -2.332387801766e-18 
 2477       1.071731369544e-11       3.456683581584e-13      -2.079831601299e-13       0.000000000000e+00       1.544959946867e-16       2.288962584103e-17      -2.365103674468e-18 
 2478       1.067177404064e-11       3.472933964810e-13      -2.068235732232e-13       0.000000000000e+00       1.542383273071e-16       2.308220910660e-17      -2.396825124811e-18 
 2479       1.062641905285e-11       3.489287241112e-13      -2.058260194198e-13       0.000000000000e+00       1.539811906480e-16       2.327289212061e-17      -2.427512478240e-18 
 2480       1.058125946113e-11       3.505732208170e-13      -2.049901343370e-13       0.000000000000e+00       1.537245835727e-16       2.346146156366e-17      -2.457125938193e-18 
 2481       1.053630602778e-11       3.522257627019e-13      -2.043155514599e-13       0.000000000000e+00       1.534685049355e-16       2.364770344053e-17      -2.485625585977e-18 
 2482       1.049156954831e-11       3.538852222006e-13      -2.038019021389e-13       0.000000000000e+00       1.532129535818e-16       2.383140307941e-17      -2.512971380652e-18 
 2483       1.044706085152e-11       3.555504680760e-13      -2.034488155873e-13       0.000000000000e+00       1.529579283480e-16       2.401234513132e-17      -2.539123158907e-18 
 2484       1.040279079951e-11       3.572203654147e-13      -2.032559188787e-13       0.000000000000e+00       1.527034280618e-16       2.419031356938e-17      -2.564040634940e-18 
 2485       1.035877028772e-11       3.588937756242e-13      -2.032228369446e-13       0.000000000000e+00       1.524494515418e-16       2.436509168814e-17      -2.587683400337e-18 
 2486       1.031501024497e-11       3.605695564282e-13      -2.033491925720e-13       0.000000000000e+00       1.521959975976e-16       2.453646210290e-17      -2.610010923952e-18 
 2487       1.027152163348e-11       3.622465618637e-13      -2.036346064008e-13       0.000000000000e+00       1.519430650301e-16       2.470420674905e-17      -2.630982551782e-18 
 2488       1.022831544889e-11       3.639236422768e-13      -2.040786969216e-13       0.000000000000e+00       1.516906526310e-16       2.486810688139e-17      -2.650557506853e-18 
 2489       1.018540272035e-11       3.655996443195e-13      -2.046810804728e-13       0.000000000000e+00       1.514387591830e-16       2.502794307344e-17      -2.668694889093e-18 
 2490       1.014279451048e-11       3.672734109451e-13      -2.054413712385e-13       0.000000000000e+00       1.511873834600e-16       2.518349521676e-17      -2.685353675212e-18 
 2491       1.010050077767e-11       3.689438492742e-13      -2.063588590053e-13       0.000000000000e+00       1.509365242215e-16       2.533459488225e-17      -2.700507409056e-18 
 2492       1.005852695555e-11       3.706101346314e-13      -2.074315403692e-13       0.000000000000e+00       1.506861801967e-16       2.548128274169e-17      -2.714188367249e-18 
 2493       1.001687735344e-11       3.722715077003e-13      -2.086570818295e-13       0.000000000000e+00       1.504363501002e-16       2.562365207016e-17      -2.726443652919e-18 
 2494       9.975556292360e-12       3.739272067608e-13      -2.100331415027e-13       0.000000000000e+00       1.501870326378e-16       2.576179646852e-17      -2.737320528971e-18 
 2495       9.934568105015e-12       3.755764676875e-13      -2.115573691143e-13       0.000000000000e+00       1.499382265059e-16       2.589580986368e-17      -2.746866418242e-18 
 2496       9.893917135815e-12       3.772185239464e-13      -2.132274059900e-13       0.000000000000e+00       1.496899303918e-16       2.602578650898e-17      -2.755128903671e-18 
 2497       9.853607740885e-12       3.788526065934e-13      -2.150408850471e-13       0.000000000000e+00       1.494421429738e-16       2.615182098449e-17      -2.762155728459e-18 
 2498       9.813644288074e-12       3.804779442710e-13      -2.169954307854e-13       0.000000000000e+00       1.491948629206e-16       2.627400819738e-17      -2.767994796231e-18 
 2499       9.774031156966e-12       3.820937632067e-13      -2.190886592791e-13       0.000000000000e+00       1.489480888922e-16       2.639244338225e-17      -2.772694171202e-18 
 2500       9.734772738890e-12       3.836992872102e-13      -2.213181781675e-13       0.000000000000e+00       1.487018195391e-16       2.650722210142e-17      -2.776302078337e-18 
 2501       9.695873436936e-12       3.852937376709e-13      -2.236815866467e-13       0.000000000000e+00       1.484560535026e-16       2.661844024534e-17      -2.778866903517e-18 
 2502       9.657337665959e-12       3.868763335560e-13      -2.261764754607e-13       0.000000000000e+00       1.482107894149e-16       2.672619403286e-17      -2.780437193701e-18 
 2503       9.619169852594e-12       3.884462914075e-13      -2.288004268930e-13       0.000000000000e+00       1.479660258989e-16       2.683058001161e-17      -2.781061657087e-18 
 2504       9.581374435269e-12       3.900028253402e-13      -2.315510147574e-13       0.000000000000e+00       1.477217615681e-16       2.693169505830e-17      -2.780789163277e-18 
 2505       9.543955864209e-12       3.915451470391e-13      -2.344258043896e-13       0.000000000000e+00       1.474779950271e-16       2.702963637908e-17      -2.779668743440e-18 
 2506       9.506918601454e-12       3.930724657572e-13      -2.374223526387e-13       0.000000000000e+00       1.472347248708e-16       2.712450150987e-17      -2.777749590477e-18 
 2507       9.470267120866e-12       3.945839883130e-13      -2.405382078580e-13       0.000000000000e+00       1.469919496851e-16       2.721638831671e-17      -2.775081059178e-18 
 2508       9.434005908142e-12       3.960789190879e-13      -2.437709098968e-13       0.000000000000e+00       1.467496680466e-16       2.730539499604e-17      -2.771712666391e-18 
 2509       9.398139460822e-12       3.975564600243e-13      -2.471179900913e-13       0.000000000000e+00       1.465078785225e-16       2.739162007511e-17      -2.767694091184e-18 
 2510       9.362672288303e-12       3.990158106226e-13      -2.505769712561e-13       0.000000000000e+00       1.462665796706e-16       2.747516241227e-17      -2.763075175004e-18 
 2511       9.327608911850e-12       4.004561679393e-13      -2.541453676755e-13       0.000000000000e+00       1.460257700396e-16       2.755612119730e-17      -2.757905921847e-18 
 2512       9.292953864603e-12       4.018767265844e-13      -2.578206850949e-13       0.000000000000e+00       1.457854481687e-16       2.763459595179e-17      -2.752236498413e-18 
 2513       9.258711691594e-12       4.032766787189e-13      -2.616004207116e-13       0.000000000000e+00       1.455456125878e-16       2.771068652943e-17      -2.746117234277e-18 
 2514       9.224886949752e-12       4.046552140527e-13      -2.654820631669e-13       0.000000000000e+00       1.453062618175e-16       2.778449311635e-17      -2.739598622045e-18 
 2515       9.191484207917e-12       4.060115198418e-13      -2.694630925367e-13       0.000000000000e+00       1.450673943688e-16       2.785611623150e-17      -2.732731317523e-18 
 2516       9.158508046851e-12       4.073447808862e-13      -2.735409803231e-13       0.000000000000e+00       1.448290087436e-16       2.792565672693e-17      -2.725566139875e-18 
 2517       9.125963059250e-12       4.086541795276e-13      -2.777131894458e-13       0.000000000000e+00       1.445911034343e-16       2.799321578815e-17      -2.718154071790e-18 
 2518       9.093853849750e-12       4.099388956466e-13      -2.819771742330e-13       0.000000000000e+00       1.443536769238e-16       2.805889493447e-17      -2.710546259642e-18 
 2519       9.062185034944e-12       4.111981066607e-13      -2.863303804132e-13       0.000000000000e+00       1.441167276857e-16       2.812279601933e-17      -2.702794013656e-18 
 2520       9.030961243390e-12       4.124309875215e-13      -2.907702451063e-13       0.000000000000e+00       1.438802541841e-16       2.818502123063e-17      -2.694948808070e-18 
 2521       9.000187115620e-12       4.136367107129e-13      -2.952941968146e-13       0.000000000000e+00       1.436442548737e-16       2.824567309108e-17      -2.687062281294e-18 
 2522       8.969867304156e-12       4.148144462480e-13      -2.998996554146e-13       0.000000000000e+00       1.434087281998e-16       2.830485445851e-17      -2.679186236081e-18 
 2523       8.940006473516e-12       4.159633616672e-13      -3.045840321479e-13       0.000000000000e+00       1.431736725981e-16       2.836266852624e-17      -2.671372639683e-18 
 2524       8.910609300229e-12       4.170826220357e-13      -3.093447296128e-13       0.000000000000e+00       1.429390864949e-16       2.841921882339e-17      -2.663673624017e-18 
 2525       8.881680472842e-12       4.181713899410e-13      -3.141791417553e-13       0.000000000000e+00       1.427049683071e-16       2.847460921522e-17      -2.656141485830e-18 
 2526       8.853224691934e-12       4.192288254905e-13      -3.190846538608e-13       0.000000000000e+00       1.424713164419e-16       2.852894390347e-17      -2.648828686857e-18 
 2527       8.825246670125e-12       4.202540863093e-13      -3.240586425449e-13       0.000000000000e+00       1.422381292972e-16       2.858232742669e-17      -2.641787853988e-18 
 2528       8.797751132089e-12       4.212463275375e-13      -3.290984757452e-13       0.000000000000e+00       1.420054052613e-16       2.863486466059e-17      -2.635071779430e-18 
 2529       8.770742814562e-12       4.222047018280e-13      -3.342015127121e-13       0.000000000000e+00       1.417731427130e-16       2.868666081835e-17      -2.628733420870e-18 
 2530       8.744226466358e-12       4.231283593443e-13      -3.393651040005e-13       0.000000000000e+00       1.415413400214e-16       2.873782145098e-17      -2.622825901639e-18 
 2531       8.718205599221e-12       4.240165677183e-13      -3.445865914012e-13       0.000000000000e+00       1.413099956886e-16       2.878843542624e-17      -2.617392278647e-18 
 2532       8.692678732491e-12       4.248690726892e-13      -3.498633077526e-13       0.000000000000e+00       1.410791087770e-16       2.883852375710e-17      -2.612434781189e-18 
 2533       8.667643126738e-12       4.256857395465e-13      -3.551925771106e-13       0.000000000000e+00       1.408486784843e-16       2.888809047790e-17      -2.607945394500e-18 
 2534       8.643096030929e-12       4.264664333587e-13      -3.605717147992e-13       0.000000000000e+00       1.406187040011e-16       2.893713963891e-17      -2.603916075790e-18 
 2535       8.619034682411e-12       4.272110189731e-13      -3.659980274025e-13       0.000000000000e+00       1.403891845114e-16       2.898567530629e-17      -2.600338754212e-18 
 2536       8.595456306904e-12       4.279193610156e-13      -3.714688127555e-13       0.000000000000e+00       1.401601191922e-16       2.903370156216e-17      -2.597205330840e-18 
 2537       8.572358118487e-12       4.285913238909e-13      -3.769813599355e-13       0.000000000000e+00       1.399315072135e-16       2.908122250460e-17      -2.594507678636e-18 
 2538       8.549737319582e-12       4.292267717817e-13      -3.825329492533e-13       0.000000000000e+00       1.397033477384e-16       2.912824224766e-17      -2.592237642420e-18 
 2539       8.527591100948e-12       4.298255686491e-13      -3.881208522448e-13       0.000000000000e+00       1.394756399232e-16       2.917476492137e-17      -2.590387038847e-18 
 2540       8.505916641663e-12       4.303875782323e-13      -3.937423316619e-13       0.000000000000e+00       1.392483829172e-16       2.922079467180e-17      -2.588947656374e-18 
 2541       8.484711109113e-12       4.309126640483e-13      -3.993946414643e-13       0.000000000000e+00       1.390215758626e-16       2.926633566100e-17      -2.587911255231e-18 
 2542       8.463971658982e-12       4.314006893919e-13      -4.050750268102e-13       0.000000000000e+00       1.387952178949e-16       2.931139206710e-17      -2.587269567397e-18 
 2543       8.443695435236e-12       4.318515173355e-13      -4.107807240481e-13       0.000000000000e+00       1.385693081425e-16       2.935596808428e-17      -2.587014296567e-18 
 2544       8.423879570114e-12       4.322650107291e-13      -4.165089607078e-13       0.000000000000e+00       1.383438457268e-16       2.940006792277e-17      -2.587137118125e-18 
 2545       8.404521184110e-12       4.326410321998e-13      -4.222569554919e-13       0.000000000000e+00       1.381188297624e-16       2.944369580892e-17      -2.587629679116e-18 
 2546       8.385617385970e-12       4.329794441520e-13      -4.280219182669e-13       0.000000000000e+00       1.378942593567e-16       2.948685598519e-17      -2.588483598217e-18 
 2547       8.367165272668e-12       4.332801087671e-13      -4.338010500546e-13       0.000000000000e+00       1.376701336103e-16       2.952955271015e-17      -2.589690465708e-18 
 2548       8.349161929404e-12       4.335428880033e-13      -4.395915430236e-13       0.000000000000e+00       1.374464516166e-16       2.957179025851e-17      -2.591241843444e-18 
 2549       8.331604429584e-12       4.337676435956e-13      -4.453905804800e-13       0.000000000000e+00       1.372232124620e-16       2.961357292115e-17      -2.593129264826e-18 
 2550       8.314489834812e-12       4.339542370555e-13      -4.511953368595e-13       0.000000000000e+00       1.370004152262e-16       2.965490500512e-17      -2.595344234775e-18 
 2551       8.297815194876e-12       4.341025296709e-13      -4.570029777181e-13       0.000000000000e+00       1.367780589814e-16       2.969579083368e-17      -2.597878229697e-18 
 2552       8.281577547734e-12       4.342123825061e-13      -4.628106597235e-13       0.000000000000e+00       1.365561427932e-16       2.973623474627e-17      -2.600722697462e-18 
 2553       8.265773919506e-12       4.342836564012e-13      -4.686155306466e-13       0.000000000000e+00       1.363346657198e-16       2.977624109857e-17      -2.603869057371e-18 
 2554       8.250401324455e-12       4.343162119726e-13      -4.744147293527e-13       0.000000000000e+00       1.361136268125e-16       2.981581426251e-17      -2.607308700129e-18 
 2555       8.235456764981e-12       4.343099096123e-13      -4.802053857929e-13       0.000000000000e+00       1.358930251157e-16       2.985495862627e-17      -2.611032987816e-18 
 2556       8.220937231605e-12       4.342646094880e-13      -4.859846209949e-13       0.000000000000e+00       1.356728596664e-16       2.989367859431e-17      -2.615033253857e-18 
 2557       8.206839702958e-12       4.341801715431e-13      -4.917495470550e-13       0.000000000000e+00       1.354531294947e-16       2.993197858738e-17      -2.619300802997e-18 
 2558       8.193161145767e-12       4.340564554960e-13      -4.974972671291e-13       0.000000000000e+00       1.352338336237e-16       2.996986304255e-17      -2.623826911270e-18 
 2559       8.179898514843e-12       4.338933208406e-13      -5.032248754238e-13       0.000000000000e+00       1.350149710692e-16       3.000733641320e-17      -2.628602825968e-18 
 2560       8.167048753069e-12       4.336906268458e-13      -5.089294571879e-13       0.000000000000e+00       1.347965408400e-16       3.004440316906e-17      -2.633619765620e-18 
 2561       8.154608791390e-12       4.334482325552e-13      -5.146080887038e-13       0.000000000000e+00       1.345785419378e-16       3.008106779623e-17      -2.638868919956e-18 
 2562       8.142575548795e-12       4.331659967875e-13      -5.202578372785e-13       0.000000000000e+00       1.343609733571e-16       3.011733479718e-17      -2.644341449880e-18 
 2563       8.130945932309e-12       4.328437781358e-13      -5.258757612353e-13       0.000000000000e+00       1.341438340854e-16       3.015320869076e-17      -2.650028487445e-18 
 2564       8.119716836979e-12       4.324814349676e-13      -5.314589099046e-13       0.000000000000e+00       1.339271231029e-16       3.018869401226e-17      -2.655921135821e-18 
 2565       8.108885145861e-12       4.320788254249e-13      -5.370043236157e-13       0.000000000000e+00       1.337108393829e-16       3.022379531337e-17      -2.662010469268e-18 
 2566       8.098447730010e-12       4.316358074237e-13      -5.425090336878e-13       0.000000000000e+00       1.334949818911e-16       3.025851716224e-17      -2.668287533107e-18 
 2567       8.088401448465e-12       4.311522386541e-13      -5.479700624211e-13       0.000000000000e+00       1.332795495866e-16       3.029286414347e-17      -2.674743343690e-18 
 2568       8.078743148236e-12       4.306279765800e-13      -5.533844230888e-13       0.000000000000e+00       1.330645414208e-16       3.032684085815e-17      -2.681368888375e-18 
 2569       8.069469664294e-12       4.300628784390e-13      -5.587491199277e-13       0.000000000000e+00       1.328499563384e-16       3.036045192385e-17      -2.688155125493e-18 
 2570       8.060577819559e-12       4.294568012423e-13      -5.640611481297e-13       0.000000000000e+00       1.326357932764e-16       3.039370197466e-17      -2.695092984325e-18 
 2571       8.052063795889e-12       4.288096987332e-13      -5.693177511754e-13       0.000000000000e+00       1.324220512268e-16       3.042657901599e-17      -2.702167470953e-18 
 2572       8.043921243178e-12       4.281219128664e-13      -5.745171944526e-13       0.000000000000e+00       1.322087294219e-16       3.045900438540e-17      -2.709339949206e-18 
 2573       8.036143159463e-12       4.273938839885e-13      -5.796579960263e-13       0.000000000000e+00       1.319958271497e-16       3.049088250680e-17      -2.716565758745e-18 
 2574       8.028722518921e-12       4.266260540319e-13      -5.847386696930e-13       0.000000000000e+00       1.317833436919e-16       3.052211750949e-17      -2.723800099865e-18 
 2575       8.021652271845e-12       4.258188665160e-13      -5.897577249767e-13       0.000000000000e+00       1.315712783245e-16       3.055261322787e-17      -2.730998033373e-18 
 2576       8.014925344617e-12       4.249727665492e-13      -5.947136671245e-13       0.000000000000e+00       1.313596303171e-16       3.058227320119e-17      -2.738114480442e-18 
 2577       8.008534639686e-12       4.240882008303e-13      -5.996049971030e-13       0.000000000000e+00       1.311483989334e-16       3.061100067322e-17      -2.745104222481e-18 
 2578       8.002473035545e-12       4.231656176502e-13      -6.044302115940e-13       0.000000000000e+00       1.309375834308e-16       3.063869859197e-17      -2.751921900996e-18 
 2579       7.996733386705e-12       4.222054668932e-13      -6.091878029905e-13       0.000000000000e+00       1.307271830609e-16       3.066526960944e-17      -2.758522017460e-18 
 2580       7.991308523674e-12       4.212082000391e-13      -6.138762593929e-13       0.000000000000e+00       1.305171970688e-16       3.069061608128e-17      -2.764858933172e-18 
 2581       7.986191252930e-12       4.201742701647e-13      -6.184940646046e-13       0.000000000000e+00       1.303076246939e-16       3.071464006658e-17      -2.770886869122e-18 
 2582       7.981374356898e-12       4.191041319450e-13      -6.230396981282e-13       0.000000000000e+00       1.300984651690e-16       3.073724332750e-17      -2.776559905859e-18 
 2583       7.976850593929e-12       4.179982416553e-13      -6.275116351615e-13       0.000000000000e+00       1.298897177212e-16       3.075832732904e-17      -2.781831983354e-18 
 2584       7.972612698271e-12       4.168570571725e-13      -6.319083465932e-13       0.000000000000e+00       1.296813815713e-16       3.077779323875e-17      -2.786656900861e-18 
 2585       7.968653380051e-12       4.156810379769e-13      -6.362282989994e-13       0.000000000000e+00       1.294734559337e-16       3.079554192643e-17      -2.790988316788e-18 
 2586       7.964965325245e-12       4.144706451536e-13      -6.404699546389e-13       0.000000000000e+00       1.292659400171e-16       3.081147396382e-17      -2.794779748554e-18 
 2587       7.961541195661e-12       4.132263413944e-13      -6.446317714496e-13       0.000000000000e+00       1.290588330236e-16       3.082548962439e-17      -2.797984572461e-18 
 2588       7.958373628907e-12       4.119485909990e-13      -6.487122030444e-13       0.000000000000e+00       1.288521341495e-16       3.083748888299e-17      -2.800556023554e-18 
 2589       7.955455238374e-12       4.106378598772e-13      -6.527096987071e-13       0.000000000000e+00       1.286458425846e-16       3.084737141556e-17      -2.802447195484e-18 
 2590       7.952778613210e-12       4.092946155499e-13      -6.566227033884e-13       0.000000000000e+00       1.284399575127e-16       3.085503659891e-17      -2.803611040378e-18 
 2591       7.950336318295e-12       4.079193271510e-13      -6.604496577018e-13       0.000000000000e+00       1.282344781113e-16       3.086038351036e-17      -2.804000368698e-18 
 2592       7.948120894217e-12       4.065124654291e-13      -6.641889979199e-13       0.000000000000e+00       1.280294035518e-16       3.086331092750e-17      -2.803567849109e-18 
 2593       7.946124857252e-12       4.050745027488e-13      -6.678391559698e-13       0.000000000000e+00       1.278247329993e-16       3.086371732790e-17      -2.802266008343e-18 
 2594       7.944340699334e-12       4.036059130927e-13      -6.713985594295e-13       0.000000000000e+00       1.276204656127e-16       3.086150088879e-17      -2.800047231061e-18 
 2595       7.942760888035e-12       4.021071720628e-13      -6.748656315237e-13       0.000000000000e+00       1.274166005448e-16       3.085655948684e-17      -2.796863759721e-18 
 2596       7.941377866541e-12       4.005787568819e-13      -6.782387911198e-13       0.000000000000e+00       1.272131369420e-16       3.084879069781e-17      -2.792667694439e-18 
 2597       7.940184053629e-12       3.990211463956e-13      -6.815164527241e-13       0.000000000000e+00       1.270100739445e-16       3.083809179630e-17      -2.787410992858e-18 
 2598       7.939171843639e-12       3.974348210737e-13      -6.846970264772e-13       0.000000000000e+00       1.268074106863e-16       3.082435975544e-17      -2.781045470007e-18 
 2599       7.938333606454e-12       3.958202630120e-13      -6.877789181505e-13       0.000000000000e+00       1.266051462950e-16       3.080749124664e-17      -2.773522798170e-18 
 2600       7.937661687476e-12       3.941779559333e-13      -6.907605291421e-13       0.000000000000e+00       1.264032798922e-16       3.078738263928e-17      -2.764794506748e-18 
 2601       7.937148407600e-12       3.925083851901e-13      -6.936402564723e-13       0.000000000000e+00       1.262018105930e-16       3.076393000044e-17      -2.754811982124e-18 
 2602       7.936786063191e-12       3.908120377650e-13      -6.964164927803e-13       0.000000000000e+00       1.260007375063e-16       3.073702909457e-17      -2.743526467530e-18 
 2603       7.936566926061e-12       3.890894022732e-13      -6.990876263195e-13       0.000000000000e+00       1.258000597347e-16       3.070657538328e-17      -2.730889062905e-18 
 2604       7.936483243444e-12       3.873409689637e-13      -7.016520409540e-13       0.000000000000e+00       1.255997763746e-16       3.067246402498e-17      -2.716850724768e-18 
 2605       7.936527237974e-12       3.855672297211e-13      -7.041081161541e-13       0.000000000000e+00       1.253998865160e-16       3.063458987466e-17      -2.701362266075e-18 
 2606       7.936691107657e-12       3.837686780669e-13      -7.064542269926e-13       0.000000000000e+00       1.252003892425e-16       3.059284748355e-17      -2.684374356089e-18 
 2607       7.936967025854e-12       3.819458091615e-13      -7.086887441407e-13       0.000000000000e+00       1.250012836317e-16       3.054713109887e-17      -2.665837520241e-18 
 2608       7.937347141249e-12       3.800991198055e-13      -7.108100338638e-13       0.000000000000e+00       1.248025687545e-16       3.049733466352e-17      -2.645702139996e-18 
 2609       7.937823577832e-12       3.782291084417e-13      -7.128164580179e-13       0.000000000000e+00       1.246042436757e-16       3.044335181582e-17      -2.623918452718e-18 
 2610       7.938388434871e-12       3.763362751561e-13      -7.147063740448e-13       0.000000000000e+00       1.244063074537e-16       3.038507588922e-17      -2.600436551531e-18 
 2611       7.939034015097e-12       3.744211479566e-13      -7.164784640254e-13       0.000000000000e+00       1.242087591354e-16       3.032244475452e-17      -2.575227935053e-18 
 2612       7.939753510702e-12       3.724843617653e-13      -7.181327238619e-13       0.000000000000e+00       1.240115977409e-16       3.025557562210e-17      -2.548350288902e-18 
 2613       7.940540321144e-12       3.705265798722e-13      -7.196694796346e-13       0.000000000000e+00       1.238148222786e-16       3.018463099515e-17      -2.519883067243e-18 
 2614       7.941387825262e-12       3.685484677012e-13      -7.210890590518e-13       0.000000000000e+00       1.236184317504e-16       3.010977389635e-17      -2.489905976156e-18 
 2615       7.942289381261e-12       3.665506928115e-13      -7.223917914508e-13       0.000000000000e+00       1.234224251518e-16       3.003116786832e-17      -2.458498973887e-18 
 2616       7.943238326692e-12       3.645339249007e-13      -7.235780078001e-13       0.000000000000e+00       1.232268014719e-16       2.994897697416e-17      -2.425742271087e-18 
 2617       7.944227978431e-12       3.624988358060e-13      -7.246480407010e-13       0.000000000000e+00       1.230315596931e-16       2.986336579794e-17      -2.391716331056e-18 
 2618       7.945251632659e-12       3.604460995065e-13      -7.256022243892e-13       0.000000000000e+00       1.228366987915e-16       2.977449944521e-17      -2.356501869991e-18 
 2619       7.946302564842e-12       3.583763921256e-13      -7.264408947371e-13       0.000000000000e+00       1.226422177366e-16       2.968254354348e-17      -2.320179857223e-18 
 2620       7.947374029714e-12       3.562903919327e-13      -7.271643892548e-13       0.000000000000e+00       1.224481154915e-16       2.958766424276e-17      -2.282831515465e-18 
 2621       7.948459261251e-12       3.541887793453e-13      -7.277730470926e-13       0.000000000000e+00       1.222543910127e-16       2.949002821605e-17      -2.244538321056e-18 
 2622       7.949551472659e-12       3.520722369313e-13      -7.282672090421e-13       0.000000000000e+00       1.220610432502e-16       2.938980265983e-17      -2.205382004201e-18 
 2623       7.950643856348e-12       3.499414494109e-13      -7.286472175385e-13       0.000000000000e+00       1.218680711474e-16       2.928715529457e-17      -2.165444549220e-18 
 2624       7.951729583914e-12       3.477971036588e-13      -7.289134166620e-13       0.000000000000e+00       1.216754736412e-16       2.918225436524e-17      -2.124808194787e-18 
 2625       7.952801806120e-12       3.456398887059e-13      -7.290661521397e-13       0.000000000000e+00       1.214832496622e-16       2.907526864182e-17      -2.083555434174e-18 
 2626       7.953853652877e-12       3.434704957420e-13      -7.291057713474e-13       0.000000000000e+00       1.212913981340e-16       2.896636741979e-17      -2.041769015499e-18 
 2627       7.954878233220e-12       3.412896181173e-13      -7.290326233112e-13       0.000000000000e+00       1.210999179740e-16       2.885572052064e-17      -1.999531941966e-18 
 2628       7.955868635293e-12       3.390979513447e-13      -7.288470587094e-13       0.000000000000e+00       1.209088080928e-16       2.874349829237e-17      -1.956927472107e-18 
 2629       7.956817926326e-12       3.368961931021e-13      -7.285494298743e-13       0.000000000000e+00       1.207180673946e-16       2.862987160999e-17      -1.914039120030e-18 
 2630       7.957719152617e-12       3.346850432339e-13      -7.281400907937e-13       0.000000000000e+00       1.205276947770e-16       2.851501187604e-17      -1.870950655662e-18 
 2631       7.958565339510e-12       3.324652037536e-13      -7.276193971131e-13       0.000000000000e+00       1.203376891308e-16       2.839909102107e-17      -1.827746104989e-18 
 2632       7.959349491378e-12       3.302373788457e-13      -7.269877061369e-13       0.000000000000e+00       1.201480493405e-16       2.828228150419e-17      -1.784509750304e-18 
 2633       7.960064591602e-12       3.280022748677e-13      -7.262453768306e-13       0.000000000000e+00       1.199587742838e-16       2.816475631350e-17      -1.741326130446e-18 
 2634       7.960703602548e-12       3.257606003523e-13      -7.253927698223e-13       0.000000000000e+00       1.197698628319e-16       2.804668896666e-17      -1.698280041050e-18 
 2635       7.961259465552e-12       3.235130660092e-13      -7.244302474049e-13       0.000000000000e+00       1.195813138492e-16       2.792825351136e-17      -1.655456534785e-18 
 2636       7.961725100899e-12       3.212603847276e-13      -7.233581735370e-13       0.000000000000e+00       1.193931261937e-16       2.780962452583e-17      -1.612940921600e-18 
 2637       7.962093407800e-12       3.190032715779e-13      -7.221769138456e-13       0.000000000000e+00       1.192052987166e-16       2.769097711935e-17      -1.570818768967e-18 
 2638       7.962357264376e-12       3.167424438139e-13      -7.208868356273e-13       0.000000000000e+00       1.190178302626e-16       2.757248693275e-17      -1.529175902126e-18 
 2639       7.962509527635e-12       3.144786208751e-13      -7.194883078501e-13       0.000000000000e+00       1.188307196696e-16       2.745433013892e-17      -1.488098404327e-18 
 2640       7.962543033456e-12       3.122125243882e-13      -7.179817011554e-13       0.000000000000e+00       1.186439657690e-16       2.733668344329e-17      -1.447672617076e-18 
 2641       7.962450596564e-12       3.099448781698e-13      -7.163673878595e-13       0.000000000000e+00       1.184575673852e-16       2.721972408437e-17      -1.407985140375e-18 
 2642       7.962225010516e-12       3.076764082281e-13      -7.146457419557e-13       0.000000000000e+00       1.182715233365e-16       2.710362983421e-17      -1.369122832970e-18 
 2643       7.961859047675e-12       3.054078427651e-13      -7.128171391155e-13       0.000000000000e+00       1.180858324340e-16       2.698857899896e-17      -1.331172812589e-18 
 2644       7.961345459196e-12       3.031399121786e-13      -7.108819566909e-13       0.000000000000e+00       1.179004934823e-16       2.687475041931e-17      -1.294222456194e-18 
 2645       7.960676975002e-12       3.008733490643e-13      -7.088405737160e-13       0.000000000000e+00       1.177155052794e-16       2.676232347106e-17      -1.258359400215e-18 
 2646       7.959846303766e-12       2.986088882180e-13      -7.066933709084e-13       0.000000000000e+00       1.175308666164e-16       2.665147806555e-17      -1.223671540802e-18 
 2647       7.958846132890e-12       2.963472666374e-13      -7.044407306717e-13       0.000000000000e+00       1.173465762779e-16       2.654239465023e-17      -1.190247034063e-18 
 2648       7.957669128487e-12       2.940892235244e-13      -7.020830370965e-13       0.000000000000e+00       1.171626330416e-16       2.643525420914e-17      -1.158174296311e-18 
 2649       7.956307935359e-12       2.918355002871e-13      -6.996206759625e-13       0.000000000000e+00       1.169790356787e-16       2.633023826338e-17      -1.127542004306e-18 
 2650       7.954755176980e-12       2.895868405419e-13      -6.970540347404e-13       0.000000000000e+00       1.167957829533e-16       2.622752887169e-17      -1.098439095499e-18 
 2651       7.953004260577e-12       2.873439450798e-13      -6.943837063797e-13       0.000000000000e+00       1.166128737705e-16       2.612726222432e-17      -1.070930690191e-18 
 2652       7.951051797291e-12       2.851073364895e-13      -6.916111019000e-13       0.000000000000e+00       1.164303076187e-16       2.602938914378e-17      -1.044985712196e-18 
 2653       7.948895195347e-12       2.828774937908e-13      -6.887378411872e-13       0.000000000000e+00       1.162480841293e-16       2.593381381459e-17      -1.020548868844e-18 
 2654       7.946531856160e-12       2.806548974032e-13      -6.857655495197e-13       0.000000000000e+00       1.160662029298e-16       2.584044011947e-17      -9.975646925892e-19 
 2655       7.943959174322e-12       2.784400291479e-13      -6.826958575739e-13       0.000000000000e+00       1.158846636433e-16       2.574917163912e-17      -9.759775408412e-19 
 2656       7.941174537604e-12       2.762333722486e-13      -6.795304014290e-13       0.000000000000e+00       1.157034658892e-16       2.565991165189e-17      -9.557315957992e-19 
 2657       7.938175326946e-12       2.740354113330e-13      -6.762708225726e-13       0.000000000000e+00       1.155226092824e-16       2.557256313354e-17      -9.367708642837e-19 
 2658       7.934958916448e-12       2.718466324341e-13      -6.729187679060e-13       0.000000000000e+00       1.153420934340e-16       2.548702875690e-17      -9.190391775698e-19 
 2659       7.931522673372e-12       2.696675229913e-13      -6.694758897489e-13       0.000000000000e+00       1.151619179507e-16       2.540321089160e-17      -9.024801912195e-19 
 2660       7.927863958125e-12       2.674985718520e-13      -6.659438458453e-13       0.000000000000e+00       1.149820824354e-16       2.532101160380e-17      -8.870373849149e-19 
 2661       7.923980124264e-12       2.653402692727e-13      -6.623242993683e-13       0.000000000000e+00       1.148025864866e-16       2.524033265589e-17      -8.726540622900e-19 
 2662       7.919868518483e-12       2.631931069204e-13      -6.586189189255e-13       0.000000000000e+00       1.146234296987e-16       2.516107550618e-17      -8.592733507645e-19 
 2663       7.915526480606e-12       2.610575778740e-13      -6.548293785641e-13       0.000000000000e+00       1.144446116622e-16       2.508314130864e-17      -8.468382013756e-19 
 2664       7.910951343588e-12       2.589341766252e-13      -6.509573577765e-13       0.000000000000e+00       1.142661319632e-16       2.500643091261e-17      -8.352913886110e-19 
 2665       7.906140433501e-12       2.568233990803e-13      -6.470045415049e-13       0.000000000000e+00       1.140879901837e-16       2.493084486250e-17      -8.245755102419e-19 
 2666       7.901091069532e-12       2.547257425611e-13      -6.429726201471e-13       0.000000000000e+00       1.139101859017e-16       2.485628339750e-17      -8.146329871551e-19 
 2667       7.895800563976e-12       2.526417058067e-13      -6.388632895618e-13       0.000000000000e+00       1.137327186908e-16       2.478264645129e-17      -8.054060631861e-19 
 2668       7.890266222232e-12       2.505717889741e-13      -6.346782510731e-13       0.000000000000e+00       1.135555881207e-16       2.470983365178e-17      -7.968368049518e-19 
 2669       7.884485342793e-12       2.485164936401e-13      -6.304192114765e-13       0.000000000000e+00       1.133787937568e-16       2.463774432078e-17      -7.888671016829e-19 
 2670       7.878455217241e-12       2.464763228024e-13      -6.260878830440e-13       0.000000000000e+00       1.132023351602e-16       2.456627747374e-17      -7.814386650568e-19 
 2671       7.872173130244e-12       2.444517808808e-13      -6.216859835288e-13       0.000000000000e+00       1.130262118881e-16       2.449533181946e-17      -7.744930290305e-19 
 2672       7.865636359547e-12       2.424433737187e-13      -6.172152361714e-13       0.000000000000e+00       1.128504234933e-16       2.442480575978e-17      -7.679715496727e-19 
 2673       7.858842175964e-12       2.404516085843e-13      -6.126773697038e-13       0.000000000000e+00       1.126749695245e-16       2.435459738932e-17      -7.618154049970e-19 
 2674       7.851787843379e-12       2.384769941717e-13      -6.080741183559e-13       0.000000000000e+00       1.124998495263e-16       2.428460449517e-17      -7.559655947945e-19 
 2675       7.844470618731e-12       2.365200406028e-13      -6.034072218598e-13       0.000000000000e+00       1.123250630389e-16       2.421472455663e-17      -7.503629404664e-19 
 2676       7.836887752014e-12       2.345812594278e-13      -5.986784254554e-13       0.000000000000e+00       1.121506095984e-16       2.414485474486e-17      -7.449480848565e-19 
 2677       7.829036486270e-12       2.326611636271e-13      -5.938894798956e-13       0.000000000000e+00       1.119764887367e-16       2.407489192267e-17      -7.396614920843e-19 
 2678       7.820914057580e-12       2.307602676124e-13      -5.890421414518e-13       0.000000000000e+00       1.118026999815e-16       2.400473264419e-17      -7.344434473776e-19 
 2679       7.812517695060e-12       2.288790872281e-13      -5.841381719185e-13       0.000000000000e+00       1.116292428563e-16       2.393427315457e-17      -7.292340569049e-19 
 2680       7.803844620857e-12       2.270181397524e-13      -5.791793386192e-13       0.000000000000e+00       1.114561168803e-16       2.386340938972e-17      -7.239732476082e-19 
 2681       7.794892050139e-12       2.251779438988e-13      -5.741674144113e-13       0.000000000000e+00       1.112833215686e-16       2.379203697602e-17      -7.186007670361e-19 
 2682       7.785657191089e-12       2.233590198173e-13      -5.691041776913e-13       0.000000000000e+00       1.111108564318e-16       2.372005122999e-17      -7.130561831758e-19 
 2683       7.776137244904e-12       2.215618890956e-13      -5.639914124004e-13       0.000000000000e+00       1.109387209766e-16       2.364734715806e-17      -7.072788842863e-19 
 2684       7.766329405782e-12       2.197870747608e-13      -5.588309080291e-13       0.000000000000e+00       1.107669147053e-16       2.357381945625e-17      -7.012080787311e-19 
 2685       7.756230860921e-12       2.180351012802e-13      -5.536244596231e-13       0.000000000000e+00       1.105954371160e-16       2.349936250988e-17      -6.947827948105e-19 
 2686       7.745838790510e-12       2.163064945630e-13      -5.483738677880e-13       0.000000000000e+00       1.104242877023e-16       2.342387039330e-17      -6.879418805945e-19 
 2687       7.735150367726e-12       2.146017819613e-13      -5.430809386951e-13       0.000000000000e+00       1.102534659540e-16       2.334723686957e-17      -6.806240037558e-19 
 2688       7.724162758723e-12       2.129214922717e-13      -5.377474840859e-13       0.000000000000e+00       1.100829713562e-16       2.326935539020e-17      -6.727676514019e-19 
 2689       7.712873122631e-12       2.112661557364e-13      -5.323753212782e-13       0.000000000000e+00       1.099128033901e-16       2.319011909487e-17      -6.643111299082e-19 
 2690       7.701278611547e-12       2.096363040443e-13      -5.269662731706e-13       0.000000000000e+00       1.097429615323e-16       2.310942081109e-17      -6.551925647506e-19 
 2691       7.689377200077e-12       2.080323928044e-13      -5.215221612699e-13       0.000000000000e+00       1.095734452132e-16       2.302717723675e-17      -6.453629857565e-19 
 2692       7.677170178911e-12       2.064545684994e-13      -5.160447847201e-13       0.000000000000e+00       1.094042536898e-16       2.294340163186e-17      -6.348256609941e-19 
 2693       7.664659674807e-12       2.049029002660e-13      -5.105359411697e-13       0.000000000000e+00       1.092353861721e-16       2.285813152178e-17      -6.235969766032e-19 
 2694       7.651847822281e-12       2.033774573088e-13      -5.049974337445e-13       0.000000000000e+00       1.090668418649e-16       2.277140455051e-17      -6.116933708658e-19 
 2695       7.638736763617e-12       2.018783088993e-13      -4.994310710530e-13       0.000000000000e+00       1.088986199680e-16       2.268325848078e-17      -5.991313342559e-19 
 2696       7.625328648873e-12       2.004055243769e-13      -4.938386671911e-13       0.000000000000e+00       1.087307196763e-16       2.259373119418e-17      -5.859274094886e-19 
 2697       7.611625635889e-12       1.989591731485e-13      -4.882220417478e-13       0.000000000000e+00       1.085631401793e-16       2.250286069125e-17      -5.720981915701e-19 
 2698       7.597629890295e-12       1.975393246882e-13      -4.825830198096e-13       0.000000000000e+00       1.083958806619e-16       2.241068509160e-17      -5.576603278463e-19 
 2699       7.583343585520e-12       1.961460485382e-13      -4.769234319664e-13       0.000000000000e+00       1.082289403034e-16       2.231724263404e-17      -5.426305180533e-19 
 2700       7.568768902795e-12       1.947794143077e-13      -4.712451143158e-13       0.000000000000e+00       1.080623182785e-16       2.222257167668e-17      -5.270255143659e-19 
 2701       7.553908031167e-12       1.934394916740e-13      -4.655499084690e-13       0.000000000000e+00       1.078960137565e-16       2.212671069703e-17      -5.108621214476e-19 
 2702       7.538763167502e-12       1.921263503818e-13      -4.598396615555e-13       0.000000000000e+00       1.077300259017e-16       2.202969829212e-17      -4.941571964999e-19 
 2703       7.523336516493e-12       1.908400602433e-13      -4.541162262281e-13       0.000000000000e+00       1.075643538733e-16       2.193157317864e-17      -4.769276493119e-19 
 2704       7.507630290670e-12       1.895806911385e-13      -4.483814606684e-13       0.000000000000e+00       1.073989968254e-16       2.183237419301e-17      -4.591904423093e-19 
 2705       7.491646710405e-12       1.883483130152e-13      -4.426372285917e-13       0.000000000000e+00       1.072339539071e-16       2.173214029150e-17      -4.409625906044e-19 
 2706       7.475388003924e-12       1.871429958886e-13      -4.368853992521e-13       0.000000000000e+00       1.070692242622e-16       2.163091055036e-17      -4.222611620453e-19 
 2707       7.458856407307e-12       1.859648098419e-13      -4.311278474477e-13       0.000000000000e+00       1.069048070295e-16       2.152872416595e-17      -4.031032772653e-19 
 2708       7.442054164503e-12       1.848138250258e-13      -4.253664535258e-13       0.000000000000e+00       1.067407013426e-16       2.142562045479e-17      -3.835061097324e-19 
 2709       7.424983527335e-12       1.836901116588e-13      -4.196031033877e-13       0.000000000000e+00       1.065769063301e-16       2.132163885372e-17      -3.634868857988e-19 
 2710       7.407646755506e-12       1.825937400273e-13      -4.138396884942e-13       0.000000000000e+00       1.064134211153e-16       2.121681892001e-17      -3.430628847503e-19 
 2711       7.390046116609e-12       1.815247804853e-13      -4.080781058705e-13       0.000000000000e+00       1.062502448165e-16       2.111120033145e-17      -3.222514388559e-19 
 2712       7.372183886134e-12       1.804833034548e-13      -4.023202581115e-13       0.000000000000e+00       1.060873765467e-16       2.100482288650e-17      -3.010699334169e-19 
 2713       7.354062347474e-12       1.794693794253e-13      -3.965680533865e-13       0.000000000000e+00       1.059248154139e-16       2.089772650435e-17      -2.795358068167e-19 
 2714       7.335683791935e-12       1.784830789546e-13      -3.908234054450e-13       0.000000000000e+00       1.057625605209e-16       2.078995122506e-17      -2.576665505702e-19 
 2715       7.317050518742e-12       1.775244726679e-13      -3.850882336211e-13       0.000000000000e+00       1.056006109652e-16       2.068153720971e-17      -2.354797093730e-19 
 2716       7.298164835049e-12       1.765936312585e-13      -3.793644628393e-13       0.000000000000e+00       1.054389658394e-16       2.057252474042e-17      -2.129928811511e-19 
 2717       7.279029055942e-12       1.756906254877e-13      -3.736540236190e-13       0.000000000000e+00       1.052776242306e-16       2.046295422056e-17      -1.902237171103e-19 
 2718       7.259645504452e-12       1.748155261845e-13      -3.679588520800e-13       0.000000000000e+00       1.051165852209e-16       2.035286617479e-17      -1.671899217857e-19 
 2719       7.240016511559e-12       1.739684042460e-13      -3.622808899475e-13       0.000000000000e+00       1.049558478873e-16       2.024230124923e-17      -1.439092530909e-19 
 2720       7.220144416200e-12       1.731493306370e-13      -3.566220845574e-13       0.000000000000e+00       1.047954113014e-16       2.013130021151e-17      -1.203995223679e-19 
 2721       7.200031565279e-12       1.723583763906e-13      -3.509843888611e-13       0.000000000000e+00       1.046352745298e-16       2.001990395094e-17      -9.667859443592e-20 
 2722       7.179680313672e-12       1.715956126077e-13      -3.453697614308e-13       0.000000000000e+00       1.044754366337e-16       1.990815347859e-17      -7.276438764155e-20 
 2723       7.159093024237e-12       1.708611104572e-13      -3.397801664647e-13       0.000000000000e+00       1.043158966692e-16       1.979608992741e-17      -4.867487390770e-20 
 2724       7.138272067818e-12       1.701549411760e-13      -3.342175737919e-13       0.000000000000e+00       1.041566536873e-16       1.968375455235e-17      -2.442807878325e-20 
 2725       7.117219823257e-12       1.694771760693e-13      -3.286839588779e-13       0.000000000000e+00       1.039977067334e-16       1.957118873043e-17      -4.208149248699e-23 
 2726       7.095938677398e-12       1.688278865100e-13      -3.231813028292e-13       0.000000000000e+00       1.038390548481e-16       1.945843396094e-17       2.446498501548e-20 
 2727       7.074431025098e-12       1.682071439393e-13      -3.177115923987e-13       0.000000000000e+00       1.036806970666e-16       1.934553186546e-17       4.907493401724e-20 
 2728       7.052699269231e-12       1.676150198665e-13      -3.122768199911e-13       0.000000000000e+00       1.035226324187e-16       1.923252418802e-17       7.376952496564e-20 
 2729       7.030745820699e-12       1.670515858689e-13      -3.068789836675e-13       0.000000000000e+00       1.033648599292e-16       1.911945279520e-17       9.853046344033e-20 
 2730       7.008573098438e-12       1.665169135920e-13      -3.015200871508e-13       0.000000000000e+00       1.032073786175e-16       1.900635967627e-17       1.233394010983e-19 
 2731       6.986183925440e-12       1.660110126436e-13      -2.962019645944e-13       0.000000000000e+00       1.030501875788e-16       1.889328889466e-17       1.481777703569e-19 
 2732       6.963582719136e-12       1.655336439119e-13      -2.909257538520e-13       0.000000000000e+00       1.028932862269e-16       1.878029245381e-17       1.730262875730e-19 
 2733       6.940774307413e-12       1.650845052462e-13      -2.856924203937e-13       0.000000000000e+00       1.027366740526e-16       1.866742446302e-17       1.978654471013e-19 
 2734       6.917763533191e-12       1.646632934713e-13      -2.805029322876e-13       0.000000000000e+00       1.025803505429e-16       1.855473918905e-17       2.226756862672e-19 
 2735       6.894555254440e-12       1.642697043861e-13      -2.753582602026e-13       0.000000000000e+00       1.024243151809e-16       1.844229105626e-17       2.474373853154e-19 
 2736       6.871154344191e-12       1.639034327628e-13      -2.702593774107e-13       0.000000000000e+00       1.022685674458e-16       1.833013464675e-17       2.721308673572e-19 
 2737       6.847565690549e-12       1.635641723459e-13      -2.652072597890e-13       0.000000000000e+00       1.021131068130e-16       1.821832470052e-17       2.967363983190e-19 
 2738       6.823794196712e-12       1.632516158513e-13      -2.602028858222e-13       0.000000000000e+00       1.019579327541e-16       1.810691611558e-17       3.212341868894e-19 
 2739       6.799844780980e-12       1.629654549650e-13      -2.552472366048e-13       0.000000000000e+00       1.018030447367e-16       1.799596394814e-17       3.456043844680e-19 
 2740       6.775722376771e-12       1.627053803426e-13      -2.503412958435e-13       0.000000000000e+00       1.016484422246e-16       1.788552341270e-17       3.698270851125e-19 
 2741       6.751431932636e-12       1.624710816080e-13      -2.454860498595e-13       0.000000000000e+00       1.014941246776e-16       1.777564988225e-17       3.938823254870e-19 
 2742       6.726978412272e-12       1.622622473525e-13      -2.406824875908e-13       0.000000000000e+00       1.013400915518e-16       1.766639888836e-17       4.177500848099e-19 
 2743       6.702366794535e-12       1.620785651338e-13      -2.359316005943e-13       0.000000000000e+00       1.011863422993e-16       1.755782612136e-17       4.414102848016e-19 
 2744       6.677602073454e-12       1.619197214751e-13      -2.312343830483e-13       0.000000000000e+00       1.010328763683e-16       1.744998743047e-17       4.648427896326e-19 
 2745       6.652689258248e-12       1.617854018640e-13      -2.265918317550e-13       0.000000000000e+00       1.008796932031e-16       1.734293882395e-17       4.880274058711e-19 
 2746       6.627633373338e-12       1.616752907515e-13      -2.220049461424e-13       0.000000000000e+00       1.007267922442e-16       1.723673646924e-17       5.109438824313e-19 
 2747       6.602439458359e-12       1.615890715513e-13      -2.174747282668e-13       0.000000000000e+00       1.005741729280e-16       1.713143669309e-17       5.335719105208e-19 
 2748       6.577112568178e-12       1.615264266384e-13      -2.130021828150e-13       0.000000000000e+00       1.004218346872e-16       1.702709598174e-17       5.558911235890e-19 
 2749       6.551657772905e-12       1.614870373484e-13      -2.085883171068e-13       0.000000000000e+00       1.002697769505e-16       1.692377098102e-17       5.778810972746e-19 
 2750       6.526080157907e-12       1.614705839767e-13      -2.042341410972e-13       0.000000000000e+00       1.001179991426e-16       1.682151849652e-17       5.995213493538e-19 
 2751       6.500384823825e-12       1.614767457769e-13      -1.999406673787e-13       0.000000000000e+00       9.996650068443e-17       1.672039549373e-17       6.207913396877e-19 
 2752       6.474576886584e-12       1.615052009603e-13      -1.957089111833e-13       0.000000000000e+00       9.981528099282e-17       1.662045909818e-17       6.416704701709e-19 
 2753       6.448661477411e-12       1.615556266951e-13      -1.915398903855e-13       0.000000000000e+00       9.966433948077e-17       1.652176659559e-17       6.621380846787e-19 
 2754       6.422643742846e-12       1.616276991047e-13      -1.874346255040e-13       0.000000000000e+00       9.951367555734e-17       1.642437543199e-17       6.821734690155e-19 
 2755       6.396528844756e-12       1.617210932675e-13      -1.833941397043e-13       0.000000000000e+00       9.936328862763e-17       1.632834321391e-17       7.017558508623e-19 
 2756       6.370321960351e-12       1.618354832154e-13      -1.794194588006e-13       0.000000000000e+00       9.921317809278e-17       1.623372770847e-17       7.208643997250e-19 
 2757       6.344028282198e-12       1.619705419330e-13      -1.755116112588e-13       0.000000000000e+00       9.906334335000e-17       1.614058684356e-17       7.394782268819e-19 
 2758       6.317653018231e-12       1.621259413567e-13      -1.716716281982e-13       0.000000000000e+00       9.891378379254e-17       1.604897870797e-17       7.575763853317e-19 
 2759       6.291201391772e-12       1.623013523735e-13      -1.679005433941e-13       0.000000000000e+00       9.876449880969e-17       1.595896155155e-17       7.751378697418e-19 
 2760       6.264678641536e-12       1.624964448204e-13      -1.641993932798e-13       0.000000000000e+00       9.861548778677e-17       1.587059378533e-17       7.921416163954e-19 
 2761       6.238090021656e-12       1.627108874828e-13      -1.605692169493e-13       0.000000000000e+00       9.846675010514e-17       1.578393398165e-17       8.085665031401e-19 
 2762       6.211440801685e-12       1.629443480943e-13      -1.570110561596e-13       0.000000000000e+00       9.831828514217e-17       1.569904087437e-17       8.243913493355e-19 
 2763       6.184736266621e-12       1.631964933350e-13      -1.535259553323e-13       0.000000000000e+00       9.817009227127e-17       1.561597335895e-17       8.395949158010e-19 
 2764       6.157981716912e-12       1.634669888309e-13      -1.501149615569e-13       0.000000000000e+00       9.802217086186e-17       1.553479049261e-17       8.541559047638e-19 
 2765       6.131182468477e-12       1.637554991530e-13      -1.467791245925e-13       0.000000000000e+00       9.787452027938e-17       1.545555149448e-17       8.680529598069e-19 
 2766       6.104343852715e-12       1.640616878160e-13      -1.435194968700e-13       0.000000000000e+00       9.772713988527e-17       1.537831574575e-17       8.812646658169e-19 
 2767       6.077471216522e-12       1.643852172776e-13      -1.403371334950e-13       0.000000000000e+00       9.758002903699e-17       1.530314278979e-17       8.937695489318e-19 
 2768       6.050569922305e-12       1.647257489374e-13      -1.372330922494e-13       0.000000000000e+00       9.743318708798e-17       1.523009233233e-17       9.055460764889e-19 
 2769       6.023645347992e-12       1.650829431359e-13      -1.342084335942e-13       0.000000000000e+00       9.728661338769e-17       1.515922424157e-17       9.165726569728e-19 
 2770       5.996702887052e-12       1.654564591535e-13      -1.312642206717e-13       0.000000000000e+00       9.714030728155e-17       1.509059854833e-17       9.268276399634e-19 
 2771       5.969747778676e-12       1.658459397023e-13      -1.284013050320e-13       0.000000000000e+00       9.699426816078e-17       1.502424957738e-17       9.362992600308e-19 
 2772       5.942784597329e-12       1.662509643142e-13      -1.256196825723e-13       0.000000000000e+00       9.684849561195e-17       1.496010819167e-17       9.450155259431e-19 
 2773       5.915817760529e-12       1.666710957041e-13      -1.229191341981e-13       0.000000000000e+00       9.670298926819e-17       1.489807913746e-17       9.530144893217e-19 
 2774       5.888851698444e-12       1.671058952543e-13      -1.202994397892e-13       0.000000000000e+00       9.655774875946e-17       1.483806687549e-17       9.603343151440e-19 
 2775       5.861890853899e-12       1.675549230127e-13      -1.177603781984e-13       0.000000000000e+00       9.641277371258e-17       1.477997558082e-17       9.670132818466e-19 
 2776       5.834939682394e-12       1.680177376920e-13      -1.153017272503e-13       0.000000000000e+00       9.626806375116e-17       1.472370914247e-17       9.730897814285e-19 
 2777       5.808002652108e-12       1.684938966682e-13      -1.129232637403e-13       0.000000000000e+00       9.612361849566e-17       1.466917116324e-17       9.786023195541e-19 
 2778       5.781084243917e-12       1.689829559796e-13      -1.106247634340e-13       0.000000000000e+00       9.597943756336e-17       1.461626495940e-17       9.835895156569e-19 
 2779       5.754188951399e-12       1.694844703254e-13      -1.084060010654e-13       0.000000000000e+00       9.583552056836e-17       1.456489356044e-17       9.880901030425e-19 
 2780       5.727321280852e-12       1.699979930643e-13      -1.062667503366e-13       0.000000000000e+00       9.569186712157e-17       1.451495970883e-17       9.921429289916e-19 
 2781       5.700485751299e-12       1.705230762139e-13      -1.042067839160e-13       0.000000000000e+00       9.554847683072e-17       1.446636585973e-17       9.957869548637e-19 
 2782       5.673686894504e-12       1.710592704490e-13      -1.022258734382e-13       0.000000000000e+00       9.540534930035e-17       1.441901418076e-17       9.990612562001e-19 
 2783       5.646929254981e-12       1.716061251001e-13      -1.003237895019e-13       0.000000000000e+00       9.526248413178e-17       1.437280655170e-17       1.002005022827e-18 
 2784       5.620217390006e-12       1.721631881531e-13      -9.850030166966e-14       0.000000000000e+00       9.511988092317e-17       1.432764456428e-17       1.004657558959e-18 
 2785       5.593555869629e-12       1.727300062471e-13      -9.675517846656e-14       0.000000000000e+00       9.497753926944e-17       1.428342952187e-17       1.007058283303e-18 
 2786       5.566949276685e-12       1.733061246737e-13      -9.508818737908e-14       0.000000000000e+00       9.483545876234e-17       1.424006243924e-17       1.009246729159e-18 
 2787       5.540402206802e-12       1.738910873759e-13      -9.349909485418e-14       0.000000000000e+00       9.469363899038e-17       1.419744404232e-17       1.011262544527e-18 
 2788       5.513919268420e-12       1.744844369463e-13      -9.198766629821e-14       0.000000000000e+00       9.455207953886e-17       1.415547476791e-17       1.013145492206e-18 
 2789       5.487505082793e-12       1.750857146266e-13      -9.055366607587e-14       0.000000000000e+00       9.441077998989e-17       1.411405476343e-17       1.014935449902e-18 
 2790       5.461164284010e-12       1.756944603056e-13      -8.919685750915e-14       0.000000000000e+00       9.426973992232e-17       1.407308388666e-17       1.016672410326e-18 
 2791       5.434901518996e-12       1.763102125188e-13      -8.791700287633e-14       0.000000000000e+00       9.412895891181e-17       1.403246170547e-17       1.018396481303e-18 
 2792       5.408721447534e-12       1.769325084464e-13      -8.671386341088e-14       0.000000000000e+00       9.398843653078e-17       1.399208749758e-17       1.020147885870e-18 
 2793       5.382628742268e-12       1.775608839127e-13      -8.558719930044e-14       0.000000000000e+00       9.384817234840e-17       1.395186025029e-17       1.021966962382e-18 
 2794       5.356628088719e-12       1.781948733846e-13      -8.453676968579e-14       0.000000000000e+00       9.370816593063e-17       1.391167866020e-17       1.023894164615e-18 
 2795       5.330724185292e-12       1.788340099701e-13      -8.356233265979e-14       0.000000000000e+00       9.356841684019e-17       1.387144113299e-17       1.025970061870e-18 
 2796       5.304921743295e-12       1.794778254179e-13      -8.266364526631e-14       0.000000000000e+00       9.342892463653e-17       1.383104578312e-17       1.028235339072e-18 
 2797       5.279225486940e-12       1.801258501151e-13      -8.184046349924e-14       0.000000000000e+00       9.328968887590e-17       1.379039043358e-17       1.030730796880e-18 
 2798       5.253640153365e-12       1.807776130870e-13      -8.109254230139e-14       0.000000000000e+00       9.315070911125e-17       1.374937261565e-17       1.033497351784e-18 
 2799       5.228170492637e-12       1.814326419950e-13      -8.041963556349e-14       0.000000000000e+00       9.301198489231e-17       1.370788956863e-17       1.036576036213e-18 
 2800       5.202821267768e-12       1.820904631360e-13      -7.982149612312e-14       0.000000000000e+00       9.287351576555e-17       1.366583823955e-17       1.040007998635e-18 
 2801       5.177597254723e-12       1.827506014410e-13      -7.929787576365e-14       0.000000000000e+00       9.273530127416e-17       1.362311528295e-17       1.043834503661e-18 
 2802       5.152503242437e-12       1.834125804738e-13      -7.884852521325e-14       0.000000000000e+00       9.259734095808e-17       1.357961706059e-17       1.048096932149e-18 
 2803       5.127544032818e-12       1.840759224297e-13      -7.847319414379e-14       0.000000000000e+00       9.245963435399e-17       1.353523964123e-17       1.052836781308e-18 
 2804       5.102724440766e-12       1.847401481345e-13      -7.817163116980e-14       0.000000000000e+00       9.232218099529e-17       1.348987880032e-17       1.058095664799e-18 
 2805       5.078049294182e-12       1.854047770432e-13      -7.794358384747e-14       0.000000000000e+00       9.218498041209e-17       1.344343001975e-17       1.063915312838e-18 
 2806       5.053523433975e-12       1.860693272386e-13      -7.778879867356e-14       0.000000000000e+00       9.204803213125e-17       1.339578848763e-17       1.070337572304e-18 
 2807       5.029151714081e-12       1.867333154305e-13      -7.770702108438e-14       0.000000000000e+00       9.191133567633e-17       1.334684909798e-17       1.077404406836e-18 
 2808       5.004939001468e-12       1.873962569539e-13      -7.769799545471e-14       0.000000000000e+00       9.177489056760e-17       1.329650645049e-17       1.085157896941e-18 
 2809       4.980890176151e-12       1.880576657682e-13      -7.776146509682e-14       0.000000000000e+00       9.163869632205e-17       1.324465485028e-17       1.093640240092e-18 
 2810       4.957010131201e-12       1.887170544560e-13      -7.789717225934e-14       0.000000000000e+00       9.150275245337e-17       1.319118830759e-17       1.102893750839e-18 
 2811       4.933303241581e-12       1.893739637915e-13      -7.810472533688e-14       0.000000000000e+00       9.136705844545e-17       1.313602777043e-17       1.112946042330e-18 
 2812       4.909771767605e-12       1.900280516184e-13      -7.838319974486e-14       0.000000000000e+00       9.123161367265e-17       1.307920297789e-17       1.123765486346e-18 
 2813       4.886417443185e-12       1.906790044326e-13      -7.873153496313e-14       0.000000000000e+00       9.109641747908e-17       1.302077103274e-17       1.135305521422e-18 
 2814       4.863242006251e-12       1.913265078540e-13      -7.914866713345e-14       0.000000000000e+00       9.096146920511e-17       1.296078920747e-17       1.147519450226e-18 
 2815       4.840247198759e-12       1.919702466251e-13      -7.963352905645e-14       0.000000000000e+00       9.082676818733e-17       1.289931494442e-17       1.160360439435e-18 
 2816       4.817434766693e-12       1.926099046111e-13      -8.018505018856e-14       0.000000000000e+00       9.069231375857e-17       1.283640585593e-17       1.173781519615e-18 
 2817       4.794806460066e-12       1.932451647980e-13      -8.080215663894e-14       0.000000000000e+00       9.055810524788e-17       1.277211972455e-17       1.187735585099e-18 
 2818       4.772364032927e-12       1.938757092930e-13      -8.148377116642e-14       0.000000000000e+00       9.042414198055e-17       1.270651450311e-17       1.202175393863e-18 
 2819       4.750109243361e-12       1.945012193228e-13      -8.222881317648e-14       0.000000000000e+00       9.029042327806e-17       1.263964831491e-17       1.217053567410e-18 
 2820       4.728043853494e-12       1.951213752332e-13      -8.303619871813e-14       0.000000000000e+00       9.015694845812e-17       1.257157945391e-17       1.232322590641e-18 
 2821       4.706169629496e-12       1.957358564886e-13      -8.390484048088e-14       0.000000000000e+00       9.002371683466e-17       1.250236638481e-17       1.247934811740e-18 
 2822       4.684488341584e-12       1.963443416706e-13      -8.483364779166e-14       0.000000000000e+00       8.989072771780e-17       1.243206774327e-17       1.263842442046e-18 
 2823       4.663001764026e-12       1.969465084777e-13      -8.582152661180e-14       0.000000000000e+00       8.975798041387e-17       1.236074233601e-17       1.279997555936e-18 
 2824       4.641711675144e-12       1.975420337245e-13      -8.686737953394e-14       0.000000000000e+00       8.962547422539e-17       1.228844914100e-17       1.296352090703e-18 
 2825       4.620619857315e-12       1.981305933407e-13      -8.797010577894e-14       0.000000000000e+00       8.949320845110e-17       1.221524730760e-17       1.312857846431e-18 
 2826       4.599728096979e-12       1.987118623704e-13      -8.912860119289e-14       0.000000000000e+00       8.936118238591e-17       1.214119615670e-17       1.329466485876e-18 
 2827       4.579038184639e-12       1.992855149714e-13      -9.034175824398e-14       0.000000000000e+00       8.922939532090e-17       1.206635518090e-17       1.346129534343e-18 
 2828       4.558551914864e-12       1.998512244146e-13      -9.160846601950e-14       0.000000000000e+00       8.909784654337e-17       1.199078404465e-17       1.362798379565e-18 
 2829       4.538271086293e-12       2.004086630828e-13      -9.292761022271e-14       0.000000000000e+00       8.896653533678e-17       1.191454258437e-17       1.379424271583e-18 
 2830       4.518197501640e-12       2.009575024702e-13      -9.429807316984e-14       0.000000000000e+00       8.883546098075e-17       1.183769080868e-17       1.395958322619e-18 
 2831       4.498332967694e-12       2.014974131815e-13      -9.571873378701e-14       0.000000000000e+00       8.870462275110e-17       1.176028889847e-17       1.412351506959e-18 
 2832       4.478679295326e-12       2.020280649314e-13      -9.718846760716e-14       0.000000000000e+00       8.857401991979e-17       1.168239720711e-17       1.428554660832e-18 
 2833       4.459238299488e-12       2.025491265434e-13      -9.870614676699e-14       0.000000000000e+00       8.844365175496e-17       1.160407626057e-17       1.444518482283e-18 
 2834       4.440011799222e-12       2.030602659496e-13      -1.002706400039e-13       0.000000000000e+00       8.831351752089e-17       1.152538675759e-17       1.460193531057e-18 
 2835       4.421001617656e-12       2.035611501891e-13      -1.018808126530e-13       0.000000000000e+00       8.818361647805e-17       1.144638956983e-17       1.475530228472e-18 
 2836       4.402209582014e-12       2.040514454082e-13      -1.035355266438e-13       0.000000000000e+00       8.805394788301e-17       1.136714574202e-17       1.490478857303e-18 
 2837       4.383637523615e-12       2.045308168587e-13      -1.052336404975e-13       0.000000000000e+00       8.792451098853e-17       1.128771649213e-17       1.504989561656e-18 
 2838       4.365287277879e-12       2.049989288979e-13      -1.069740093238e-13       0.000000000000e+00       8.779530504348e-17       1.120816321146e-17       1.519012346846e-18 
 2839       4.347160684328e-12       2.054554449873e-13      -1.087554848177e-13       0.000000000000e+00       8.766632929289e-17       1.112854746490e-17       1.532497079280e-18 
 2840       4.329259586591e-12       2.059000276921e-13      -1.105769152564e-13       0.000000000000e+00       8.753758297792e-17       1.104893099098e-17       1.545393486330e-18 
 2841       4.311585832406e-12       2.063323386802e-13      -1.124371454967e-13       0.000000000000e+00       8.740906533584e-17       1.096937570209e-17       1.557651156213e-18 
 2842       4.294141273625e-12       2.067520387219e-13      -1.143350169713e-13       0.000000000000e+00       8.728077560008e-17       1.088994368458e-17       1.569219537872e-18 
 2843       4.276927766215e-12       2.071587876883e-13      -1.162693676864e-13       0.000000000000e+00       8.715271300016e-17       1.081069719898e-17       1.580047940850e-18 
 2844       4.259947170262e-12       2.075522445515e-13      -1.182390322179e-13       0.000000000000e+00       8.702487676175e-17       1.073169868008e-17       1.590085535170e-18 
 2845       4.243201349978e-12       2.079320673831e-13      -1.202428417091e-13       0.000000000000e+00       8.689726610659e-17       1.065301073714e-17       1.599281351215e-18 
 2846       4.226692173697e-12       2.082979133536e-13      -1.222796238669e-13       0.000000000000e+00       8.676988025258e-17       1.057469615400e-17       1.607584279605e-18 
 2847       4.210421513884e-12       2.086494387318e-13      -1.243482029595e-13       0.000000000000e+00       8.664271841369e-17       1.049681788928e-17       1.614943071072e-18 
 2848       4.194391247138e-12       2.089862988841e-13      -1.264473998127e-13       0.000000000000e+00       8.651577980000e-17       1.041943907648e-17       1.621306336345e-18 
 2849       4.178603254193e-12       2.093081482733e-13      -1.285760318072e-13       0.000000000000e+00       8.638906361769e-17       1.034262302418e-17       1.626622546023e-18 
 2850       4.163059419920e-12       2.096146404581e-13      -1.307329128754e-13       0.000000000000e+00       8.626256906905e-17       1.026643321614e-17       1.630840030454e-18 
 2851       4.147761089514e-12       2.099054795304e-13      -1.329168623274e-13       0.000000000000e+00       8.613629546110e-17       1.019092186877e-17       1.633922663222e-18 
 2852       4.132707433976e-12       2.101805747166e-13      -1.351267313851e-13       0.000000000000e+00       8.601024253226e-17       1.011609553868e-17       1.635896999858e-18 
 2853       4.117897076241e-12       2.104398865689e-13      -1.373613767786e-13       0.000000000000e+00       8.588441012739e-17       1.004194933875e-17       1.636805381036e-18 
 2854       4.103328634224e-12       2.106833755993e-13      -1.396196519259e-13       0.000000000000e+00       8.575879808924e-17       9.968478364775e-18       1.636690271068e-18 
 2855       4.089000720826e-12       2.109110022796e-13      -1.419004069308e-13       0.000000000000e+00       8.563340625847e-17       9.895677695472e-18       1.635594258018e-18 
 2856       4.074911943920e-12       2.111227270416e-13      -1.442024885793e-13       0.000000000000e+00       8.550823447366e-17       9.823542392462e-18       1.633560053806e-18 
 2857       4.061060906352e-12       2.113185102768e-13      -1.465247403369e-13       0.000000000000e+00       8.538328257128e-17       9.752067500254e-18       1.630630494321e-18 
 2858       4.047446205933e-12       2.114983123365e-13      -1.488660023460e-13       0.000000000000e+00       8.525855038570e-17       9.681248046223e-18       1.626848539532e-18 
 2859       4.034066435435e-12       2.116620935319e-13      -1.512251114223e-13       0.000000000000e+00       8.513403774919e-17       9.611079040602e-18       1.622257273595e-18 
 2860       4.020920182590e-12       2.118098141339e-13      -1.536009010525e-13       0.000000000000e+00       8.500974449192e-17       9.541555476462e-18       1.616899904963e-18 
 2861       4.008006030079e-12       2.119414343731e-13      -1.559922013909e-13       0.000000000000e+00       8.488567044193e-17       9.472672329693e-18       1.610819766498e-18 
 2862       3.995322555530e-12       2.120569144400e-13      -1.583978392568e-13       0.000000000000e+00       8.476181542518e-17       9.404424558995e-18       1.604060315577e-18 
 2863       3.982868331516e-12       2.121562144846e-13      -1.608166381315e-13       0.000000000000e+00       8.463817926551e-17       9.336807105858e-18       1.596665134208e-18 
 2864       3.970641925545e-12       2.122392946170e-13      -1.632474181552e-13       0.000000000000e+00       8.451476178463e-17       9.269814894546e-18       1.588677929132e-18 
 2865       3.958641900062e-12       2.123061149067e-13      -1.656889961241e-13       0.000000000000e+00       8.439156280214e-17       9.203442832079e-18       1.580142531937e-18 
 2866       3.946866812435e-12       2.123566353829e-13      -1.681401854878e-13       0.000000000000e+00       8.426858213552e-17       9.137685808224e-18       1.571102899169e-18 
 2867       3.935315214961e-12       2.123908160346e-13      -1.705997963459e-13       0.000000000000e+00       8.414581960015e-17       9.072538695471e-18       1.561603112439e-18 
 2868       3.923985654852e-12       2.124086168105e-13      -1.730666354454e-13       0.000000000000e+00       8.402327500924e-17       9.007996349022e-18       1.551687378533e-18 
 2869       3.912876674235e-12       2.124099976187e-13      -1.755395061776e-13       0.000000000000e+00       8.390094817392e-17       8.944053606774e-18       1.541400029523e-18 
 2870       3.901986810148e-12       2.123949183272e-13      -1.780172085754e-13       0.000000000000e+00       8.377883890316e-17       8.880705289301e-18       1.530785522877e-18 
 2871       3.891314594532e-12       2.123633387634e-13      -1.804985393098e-13       0.000000000000e+00       8.365694700381e-17       8.817946199841e-18       1.519888441566e-18 
 2872       3.880858554227e-12       2.123152187146e-13      -1.829822916879e-13       0.000000000000e+00       8.353527228058e-17       8.755771124278e-18       1.508753494178e-18 
 2873       3.870617210972e-12       2.122505179274e-13      -1.854672556490e-13       0.000000000000e+00       8.341381453604e-17       8.694174831127e-18       1.497425515024e-18 
 2874       3.860589081392e-12       2.121691961081e-13      -1.879522177623e-13       0.000000000000e+00       8.329257357065e-17       8.633152071517e-18       1.485949464249e-18 
 2875       3.850772676999e-12       2.120712129226e-13      -1.904359612238e-13       0.000000000000e+00       8.317154918269e-17       8.572697579176e-18       1.474370427942e-18 
 2876       3.841166504188e-12       2.119565279962e-13      -1.929172658532e-13       0.000000000000e+00       8.305074116832e-17       8.512806070415e-18       1.462733618246e-18 
 2877       3.831769064228e-12       2.118251009139e-13      -1.953949080914e-13       0.000000000000e+00       8.293014932153e-17       8.453472244111e-18       1.451084373467e-18 
 2878       3.822578853261e-12       2.116768912201e-13      -1.978676609968e-13       0.000000000000e+00       8.280977343420e-17       8.394690781693e-18       1.439468158185e-18 
 2879       3.813594362293e-12       2.115118584188e-13      -2.003342942434e-13       0.000000000000e+00       8.268961329602e-17       8.336456347123e-18       1.427930563361e-18 
 2880       3.804814077194e-12       2.113299619733e-13      -2.027935741170e-13       0.000000000000e+00       8.256966869454e-17       8.278763586884e-18       1.416517306450e-18 
 2881       3.796236478692e-12       2.111311613067e-13      -2.052442635126e-13       0.000000000000e+00       8.244993941517e-17       8.221607129959e-18       1.405274231510e-18 
 2882       3.787860042367e-12       2.109154158012e-13      -2.076851219316e-13       0.000000000000e+00       8.233042524114e-17       8.164981587820e-18       1.394247309309e-18 
 2883       3.779683238644e-12       2.106826847988e-13      -2.101149054786e-13       0.000000000000e+00       8.221112595352e-17       8.108881554409e-18       1.383482637438e-18 
 2884       3.771704532794e-12       2.104329276005e-13      -2.125323668587e-13       0.000000000000e+00       8.209204133124e-17       8.053301606124e-18       1.373026440419e-18 
 2885       3.763922384927e-12       2.101661034672e-13      -2.149362553744e-13       0.000000000000e+00       8.197317115103e-17       7.998236301799e-18       1.362925069816e-18 
 2886       3.756335249983e-12       2.098821716188e-13      -2.173253169227e-13       0.000000000000e+00       8.185451518748e-17       7.943680182693e-18       1.353225004344e-18 
 2887       3.748941577733e-12       2.095810912349e-13      -2.196982939925e-13       0.000000000000e+00       8.173607321299e-17       7.889627772473e-18       1.343972849977e-18 
 2888       3.741739812773e-12       2.092628214542e-13      -2.220539256610e-13       0.000000000000e+00       8.161784499780e-17       7.836073577195e-18       1.335215340062e-18 
 2889       3.734728394515e-12       2.089273213749e-13      -2.243909475913e-13       0.000000000000e+00       8.149983030998e-17       7.783012085290e-18       1.326999335425e-18 
 2890       3.727905757190e-12       2.085745500545e-13      -2.267080920293e-13       0.000000000000e+00       8.138202891540e-17       7.730437767548e-18       1.319371824482e-18 
 2891       3.721270101926e-12       2.082045028173e-13      -2.290041898338e-13       0.000000000000e+00       8.126444052401e-17       7.678349340485e-18       1.312366660298e-18 
 2892       3.714818711761e-12       2.078173203767e-13      -2.312784771368e-13       0.000000000000e+00       8.114706462827e-17       7.626762580062e-18       1.305964698145e-18 
 2893       3.708548633153e-12       2.074131802660e-13      -2.335302902308e-13       0.000000000000e+00       8.102990066389e-17       7.575697572847e-18       1.300133456220e-18 
 2894       3.702456903568e-12       2.069922605809e-13      -2.357589636756e-13       0.000000000000e+00       8.091294806349e-17       7.525174458577e-18       1.294840360271e-18 
 2895       3.696540551471e-12       2.065547399807e-13      -2.379638302967e-13       0.000000000000e+00       8.079620625660e-17       7.475213430199e-18       1.290052743519e-18 
 2896       3.690796596317e-12       2.061007976885e-13      -2.401442211838e-13       0.000000000000e+00       8.067967466969e-17       7.425834733916e-18       1.285737846577e-18 
 2897       3.685222048545e-12       2.056306134917e-13      -2.422994656895e-13       0.000000000000e+00       8.056335272611e-17       7.377058669237e-18       1.281862817369e-18 
 2898       3.679813909568e-12       2.051443677426e-13      -2.444288914280e-13       0.000000000000e+00       8.044723984613e-17       7.328905589014e-18       1.278394711046e-18 
 2899       3.674569171766e-12       2.046422413588e-13      -2.465318242729e-13       0.000000000000e+00       8.033133544691e-17       7.281395899496e-18       1.275300489913e-18 
 2900       3.669484818479e-12       2.041244158239e-13      -2.486075883567e-13       0.000000000000e+00       8.021563894253e-17       7.234550060367e-18       1.272547023341e-18 
 2901       3.664557823997e-12       2.035910731878e-13      -2.506555060686e-13       0.000000000000e+00       8.010014974395e-17       7.188388584796e-18       1.270101087691e-18 
 2902       3.659785153553e-12       2.030423960673e-13      -2.526748980533e-13       0.000000000000e+00       7.998486725902e-17       7.142932039478e-18       1.267929366229e-18 
 2903       3.655163763315e-12       2.024785676465e-13      -2.546650832097e-13       0.000000000000e+00       7.986979089251e-17       7.098201044685e-18       1.265998449052e-18 
 2904       3.650690600378e-12       2.018997716777e-13      -2.566253786890e-13       0.000000000000e+00       7.975492004604e-17       7.054216274305e-18       1.264274833000e-18 
 2905       3.646362602756e-12       2.013061924812e-13      -2.585550998938e-13       0.000000000000e+00       7.964025411813e-17       7.010998455891e-18       1.262724921581e-18 
 2906       3.642176699373e-12       2.006980149465e-13      -2.604535604760e-13       0.000000000000e+00       7.952579250419e-17       6.968568370706e-18       1.261315024886e-18 
 2907       3.638129810056e-12       2.000754245325e-13      -2.623200723360e-13       0.000000000000e+00       7.941153459648e-17       6.926946853766e-18       1.260011359514e-18 
 2908       3.634218845527e-12       1.994386072679e-13      -2.641539456207e-13       0.000000000000e+00       7.929747978417e-17       6.886154793887e-18       1.258780048484e-18 
 2909       3.630440707397e-12       1.987877497519e-13      -2.659544887222e-13       0.000000000000e+00       7.918362745326e-17       6.846213133731e-18       1.257587121162e-18 
 2910       3.626792288151e-12       1.981230391547e-13      -2.677210082765e-13       0.000000000000e+00       7.906997698665e-17       6.807142869849e-18       1.256398513173e-18 
 2911       3.623270471150e-12       1.974446632178e-13      -2.694528091618e-13       0.000000000000e+00       7.895652776410e-17       6.768965052728e-18       1.255180066328e-18 
 2912       3.619872130614e-12       1.967528102547e-13      -2.711491944972e-13       0.000000000000e+00       7.884327916222e-17       6.731700786833e-18       1.253897528536e-18 
 2913       3.616594131620e-12       1.960476691516e-13      -2.728094656411e-13       0.000000000000e+00       7.873023055448e-17       6.695371230659e-18       1.252516553729e-18 
 2914       3.613433330089e-12       1.953294293673e-13      -2.744329221898e-13       0.000000000000e+00       7.861738131121e-17       6.659997596768e-18       1.251002701778e-18 
 2915       3.610386572785e-12       1.945982809343e-13      -2.760188619762e-13       0.000000000000e+00       7.850473079958e-17       6.625601151841e-18       1.249321438415e-18 
 2916       3.607450697299e-12       1.938544144591e-13      -2.775665810680e-13       0.000000000000e+00       7.839227838363e-17       6.592203216718e-18       1.247438135150e-18 
 2917       3.604622532046e-12       1.930980211224e-13      -2.790753737664e-13       0.000000000000e+00       7.828002342424e-17       6.559825166448e-18       1.245318069191e-18 
 2918       3.601898896257e-12       1.923292926803e-13      -2.805445326047e-13       0.000000000000e+00       7.816796527910e-17       6.528488430328e-18       1.242926423365e-18 
 2919       3.599276599967e-12       1.915484214642e-13      -2.819733483468e-13       0.000000000000e+00       7.805610330279e-17       6.498214491957e-18       1.240228286035e-18 
 2920       3.596752444011e-12       1.907556003814e-13      -2.833611099855e-13       0.000000000000e+00       7.794443684668e-17       6.469024889272e-18       1.237188651020e-18 
 2921       3.594323220016e-12       1.899510229158e-13      -2.847071047416e-13       0.000000000000e+00       7.783296525900e-17       6.440941214599e-18       1.233772417517e-18 
 2922       3.591985710390e-12       1.891348831285e-13      -2.860106180618e-13       0.000000000000e+00       7.772168788480e-17       6.413985114696e-18       1.229944390017e-18 
 2923       3.589736688316e-12       1.883073756579e-13      -2.872709336176e-13       0.000000000000e+00       7.761060406596e-17       6.388178290801e-18       1.225669278224e-18 
 2924       3.587572917743e-12       1.874686957205e-13      -2.884873333036e-13       0.000000000000e+00       7.749971314118e-17       6.363542498671e-18       1.220911696980e-18 
 2925       3.585491153381e-12       1.866190391113e-13      -2.896590972365e-13       0.000000000000e+00       7.738901444597e-17       6.340099548636e-18       1.215636166176e-18 
 2926       3.583488140688e-12       1.857586022045e-13      -2.907855037529e-13       0.000000000000e+00       7.727850731268e-17       6.317871305635e-18       1.209807110679e-18 
 2927       3.581560615865e-12       1.848875819536e-13      -2.918658294085e-13       0.000000000000e+00       7.716819107045e-17       6.296879689268e-18       1.203388860246e-18 
 2928       3.579705305849e-12       1.840061758924e-13      -2.928993489764e-13       0.000000000000e+00       7.705806504525e-17       6.277146673840e-18       1.196345649446e-18 
 2929       3.577918928303e-12       1.831145821352e-13      -2.938853354454e-13       0.000000000000e+00       7.694812855983e-17       6.258694288401e-18       1.188641617582e-18 
 2930       3.576198191607e-12       1.822129993773e-13      -2.948230600190e-13       0.000000000000e+00       7.683838093377e-17       6.241544616800e-18       1.180240808601e-18 
 2931       3.574539807852e-12       1.813016506290e-13      -2.957119641280e-13       0.000000000000e+00       7.672882153843e-17       6.225712361316e-18       1.171118648792e-18 
 2932       3.572940531890e-12       1.803808545460e-13      -2.965521764122e-13       0.000000000000e+00       7.661944996224e-17       6.211182492896e-18       1.161296442648e-18 
 2933       3.571397122463e-12       1.794509544564e-13      -2.973439983192e-13       0.000000000000e+00       7.651026584623e-17       6.197932489330e-18       1.150807049214e-18 
 2934       3.569906329209e-12       1.785122946605e-13      -2.980877323256e-13       0.000000000000e+00       7.640126882913e-17       6.185939761452e-18       1.139683420053e-18 
 2935       3.568464892662e-12       1.775652204317e-13      -2.987836819379e-13       0.000000000000e+00       7.629245854735e-17       6.175181653086e-18       1.127958599329e-18 
 2936       3.567069544237e-12       1.766100780174e-13      -2.994321516936e-13       0.000000000000e+00       7.618383463502e-17       6.165635440984e-18       1.115665723884e-18 
 2937       3.565717006227e-12       1.756472146396e-13      -3.000334471616e-13       0.000000000000e+00       7.607539672390e-17       6.157278334768e-18       1.102838023320e-18 
 2938       3.564403991791e-12       1.746769784960e-13      -3.005878749439e-13       0.000000000000e+00       7.596714444349e-17       6.150087476871e-18       1.089508820075e-18 
 2939       3.563127204950e-12       1.736997187607e-13      -3.010957426760e-13       0.000000000000e+00       7.585907742094e-17       6.144039942481e-18       1.075711529506e-18 
 2940       3.561883340579e-12       1.727157855850e-13      -3.015573590279e-13       0.000000000000e+00       7.575119528107e-17       6.139112739480e-18       1.061479659969e-18 
 2941       3.560669084395e-12       1.717255300984e-13      -3.019730337052e-13       0.000000000000e+00       7.564349764640e-17       6.135282808384e-18       1.046846812895e-18 
 2942       3.559481112954e-12       1.707293044093e-13      -3.023430774500e-13       0.000000000000e+00       7.553598413711e-17       6.132527022289e-18       1.031846682874e-18 
 2943       3.558316093640e-12       1.697274616060e-13      -3.026678020416e-13       0.000000000000e+00       7.542865437105e-17       6.130822186807e-18       1.016513057729e-18 
 2944       3.557170684659e-12       1.687203557571e-13      -3.029475202979e-13       0.000000000000e+00       7.532150796373e-17       6.130145040011e-18       1.000879818604e-18 
 2945       3.556041535030e-12       1.677083419129e-13      -3.031825460759e-13       0.000000000000e+00       7.521454452835e-17       6.130472252376e-18       9.849809400355e-19 
 2946       3.554925284579e-12       1.666917761061e-13      -3.033731942727e-13       0.000000000000e+00       7.510776367575e-17       6.131780426719e-18       9.688504900360e-19 
 2947       3.553818563928e-12       1.656710153522e-13      -3.035197808268e-13       0.000000000000e+00       7.500116501445e-17       6.134046098140e-18       9.525226301739e-19 
 2948       3.552717994490e-12       1.646464176510e-13      -3.036226227185e-13       0.000000000000e+00       7.489474815061e-17       6.137245733967e-18       9.360316156519e-19 
 2949       3.551620188460e-12       1.636183419869e-13      -3.036820379712e-13       0.000000000000e+00       7.478851268805e-17       6.141355733693e-18       9.194117953872e-19 
 2950       3.550521748807e-12       1.625871483300e-13      -3.036983456524e-13       0.000000000000e+00       7.468245822826e-17       6.146352428919e-18       9.026976120912e-19 
 2951       3.549419269267e-12       1.615531976368e-13      -3.036718658742e-13       0.000000000000e+00       7.457658437037e-17       6.152212083295e-18       8.859236023490e-19 
 2952       3.548309334335e-12       1.605168518514e-13      -3.036029197948e-13       0.000000000000e+00       7.447089071114e-17       6.158910892465e-18       8.691243966989e-19 
 2953       3.547188519256e-12       1.594784739058e-13      -3.034918296188e-13       0.000000000000e+00       7.436537684501e-17       6.166424984002e-18       8.523347197126e-19 
 2954       3.546053390019e-12       1.584384277210e-13      -3.033389185988e-13       0.000000000000e+00       7.426004236405e-17       6.174730417353e-18       8.355893900740e-19 
 2955       3.544900503347e-12       1.573970782080e-13      -3.031445110359e-13       0.000000000000e+00       7.415488685796e-17       6.183803183783e-18       8.189233206598e-19 
 2956       3.543726406691e-12       1.563547912683e-13      -3.029089322807e-13       0.000000000000e+00       7.404990991409e-17       6.193619206309e-18       8.023715186185e-19 
 2957       3.542527638221e-12       1.553119337951e-13      -3.026325087344e-13       0.000000000000e+00       7.394511111742e-17       6.204154339649e-18       7.859690854503e-19 
 2958       3.541300726821e-12       1.542688736738e-13      -3.023155678496e-13       0.000000000000e+00       7.384049005059e-17       6.215384370159e-18       7.697512170864e-19 
 2959       3.540042192075e-12       1.532259797830e-13      -3.019584381312e-13       0.000000000000e+00       7.373604629383e-17       6.227285015776e-18       7.537532039695e-19 
 2960       3.538748544267e-12       1.521836219953e-13      -3.015614491374e-13       0.000000000000e+00       7.363177942503e-17       6.239831925958e-18       7.380104311323e-19 
 2961       3.537416284366e-12       1.511421711784e-13      -3.011249314806e-13       0.000000000000e+00       7.352768901969e-17       6.253000681626e-18       7.225583782782e-19 
 2962       3.536041904024e-12       1.501019991954e-13      -3.006492168287e-13       0.000000000000e+00       7.342377465095e-17       6.266766795107e-18       7.074326198603e-19 
 2963       3.534621885562e-12       1.490634789061e-13      -3.001346379052e-13       0.000000000000e+00       7.332003588956e-17       6.281105710074e-18       6.926688251612e-19 
 2964       3.533152701971e-12       1.480269841676e-13      -2.995815284910e-13       0.000000000000e+00       7.321647230390e-17       6.295992801485e-18       6.783027583727e-19 
 2965       3.531630816894e-12       1.469928898353e-13      -2.989902234249e-13       0.000000000000e+00       7.311308345995e-17       6.311403375530e-18       6.643702786757e-19 
 2966       3.530052684625e-12       1.459615717636e-13      -2.983610586045e-13       0.000000000000e+00       7.300986892132e-17       6.327312669566e-18       6.509073403193e-19 
 2967       3.528414750100e-12       1.449334068069e-13      -2.976943709873e-13       0.000000000000e+00       7.290682824922e-17       6.343695852064e-18       6.379499927008e-19 
 2968       3.526713448887e-12       1.439087728201e-13      -2.969904985918e-13       0.000000000000e+00       7.280396100249e-17       6.360528022547e-18       6.255343804454e-19 
 2969       3.524945207181e-12       1.428880486599e-13      -2.962497804978e-13       0.000000000000e+00       7.270126673756e-17       6.377784211530e-18       6.136967434856e-19 
 2970       3.523106441793e-12       1.418716141853e-13      -2.954725568482e-13       0.000000000000e+00       7.259874500846e-17       6.395439380468e-18       6.024734171413e-19 
 2971       3.521194415653e-12       1.408597586977e-13      -2.946590665999e-13       0.000000000000e+00       7.249639563246e-17       6.413474827399e-18       5.918921297451e-19 
 2972       3.519209808931e-12       1.398524057659e-13      -2.938091402268e-13       0.000000000000e+00       7.239421948831e-17       6.431897438519e-18       5.819458484950e-19 
 2973       3.517154160574e-12       1.388493870464e-13      -2.929225055039e-13       0.000000000000e+00       7.229221772192e-17       6.450720531402e-18       5.726188048263e-19 
 2974       3.515029013953e-12       1.378505337203e-13      -2.919988896189e-13       0.000000000000e+00       7.219039148108e-17       6.469957457934e-18       5.638951851160e-19 
 2975       3.512835916868e-12       1.368556764931e-13      -2.910380191714e-13       0.000000000000e+00       7.208874191549e-17       6.489621604347e-18       5.557591306442e-19 
 2976       3.510576421551e-12       1.358646455941e-13      -2.900396201726e-13       0.000000000000e+00       7.198727017671e-17       6.509726391242e-18       5.481947375557e-19 
 2977       3.508252084669e-12       1.348772707762e-13      -2.890034180449e-13       0.000000000000e+00       7.188597741824e-17       6.530285273621e-18       5.411860568208e-19 
 2978       3.505864467330e-12       1.338933813157e-13      -2.879291376213e-13       0.000000000000e+00       7.178486479545e-17       6.551311740916e-18       5.347170941975e-19 
 2979       3.503415135084e-12       1.329128060110e-13      -2.868165031452e-13       0.000000000000e+00       7.168393346561e-17       6.572819317012e-18       5.287718101922e-19 
 2980       3.500905657928e-12       1.319353731834e-13      -2.856652382696e-13       0.000000000000e+00       7.158318458789e-17       6.594821560284e-18       5.233341200214e-19 
 2981       3.498337610313e-12       1.309609106758e-13      -2.844750660568e-13       0.000000000000e+00       7.148261932336e-17       6.617332063617e-18       5.183878935731e-19 
 2982       3.495712571140e-12       1.299892458526e-13      -2.832457089781e-13       0.000000000000e+00       7.138223883499e-17       6.640364454439e-18       5.139169553679e-19 
 2983       3.493032123774e-12       1.290202055994e-13      -2.819768889132e-13       0.000000000000e+00       7.128204428767e-17       6.663932394751e-18       5.099050845209e-19 
 2984       3.490297856037e-12       1.280536163223e-13      -2.806683271497e-13       0.000000000000e+00       7.118203684816e-17       6.688049581149e-18       5.063360147025e-19 
 2985       3.487511360221e-12       1.270893039480e-13      -2.793197443828e-13       0.000000000000e+00       7.108221768514e-17       6.712729744860e-18       5.031934341001e-19 
 2986       3.484674233087e-12       1.261270939226e-13      -2.779308607145e-13       0.000000000000e+00       7.098258796922e-17       6.737986651764e-18       5.004609853794e-19 
 2987       3.481788075869e-12       1.251668112121e-13      -2.765013956537e-13       0.000000000000e+00       7.088314887287e-17       6.763834102427e-18       4.981222656459e-19 
 2988       3.478854494280e-12       1.242082803012e-13      -2.750310681154e-13       0.000000000000e+00       7.078390157052e-17       6.790285932128e-18       4.961608264062e-19 
 2989       3.475875098513e-12       1.232513251937e-13      -2.735195964200e-13       0.000000000000e+00       7.068484723846e-17       6.817356010886e-18       4.945601735293e-19 
 2990       3.472851503246e-12       1.222957694110e-13      -2.719666982936e-13       0.000000000000e+00       7.058598705492e-17       6.845058243489e-18       4.933037672080e-19 
 2991       3.469785327648e-12       1.213414359930e-13      -2.703720908667e-13       0.000000000000e+00       7.048732220003e-17       6.873406569524e-18       4.923750219204e-19 
 2992       3.466678195379e-12       1.203881474966e-13      -2.687354906743e-13       0.000000000000e+00       7.038885385585e-17       6.902414963405e-18       4.917573063913e-19 
 2993       3.463531734595e-12       1.194357259958e-13      -2.670566136553e-13       0.000000000000e+00       7.029058320633e-17       6.932097434400e-18       4.914339435534e-19 
 2994       3.460347577955e-12       1.184839930814e-13      -2.653351751519e-13       0.000000000000e+00       7.019251143736e-17       6.962468026660e-18       4.913882105087e-19 
 2995       3.457127362620e-12       1.175327698601e-13      -2.635708899093e-13       0.000000000000e+00       7.009463973672e-17       6.993540819248e-18       4.916033384902e-19 
 2996       3.453872730259e-12       1.165818769547e-13      -2.617634720754e-13       0.000000000000e+00       6.999696929413e-17       7.025329926167e-18       4.920625128228e-19 
 2997       3.450585327054e-12       1.156311345033e-13      -2.599126352000e-13       0.000000000000e+00       6.989950130122e-17       7.057849496388e-18       4.927488728850e-19 
 2998       3.447266803701e-12       1.146803621589e-13      -2.580180922344e-13       0.000000000000e+00       6.980223695153e-17       7.091113713881e-18       4.936455120703e-19 
 2999       3.443918815416e-12       1.137293790892e-13      -2.560795555313e-13       0.000000000000e+00       6.970517744054e-17       7.125136797639e-18       4.947354777484e-19 
 3000       3.440543021939e-12       1.127780039760e-13      -2.540967368439e-13       0.000000000000e+00       6.960832396563e-17       7.159933001710e-18       4.960017712266e-19 
