# dimensionless total lensed [l(l+1)/2pi] C_l's
# for l=2 to 2500, i.e. number of multipoles equal to 2499
#
# -> if you prefer output in CAMB/HealPix/LensPix units/order, set 'format' to 'camb' in input file
# -> if you don't want to see such a header, set 'headers' to 'no' in input file
# -> for CMB lensing (phi), these are C_l^phi-phi for the lensing potential.
#    Remember the conversion factors:
#    C_l^dd (deflection) = l(l+1) C_l^phi-phi
#    C_l^gg (shear/convergence) = 1/4 (l(l+1))^2 C_l^phi-phi
#
# 1:l     2:TT                     3:EE                     4:TE                     5:BB                     6:phiphi                 7:TPhi                   8:Ephi               
    2       1.384259903551e-10       4.191396836993e-15       3.524706469889e-13       2.336273092344e-19       8.341807337458e-09       4.597251370406e-10      -1.844649770892e-12 
    3       1.310068275972e-10       5.373749992659e-15       3.966392220327e-13       4.673468900943e-19       5.124396192287e-09       3.254254565157e-10      -1.397874833517e-12 
    4       1.240684400097e-10       4.648486977438e-15       3.713459831051e-13       7.791148604411e-19       3.550479174657e-09       2.461329529090e-10      -9.155735495191e-13 
    5       1.189267718478e-10       3.101278759259e-15       3.165639457931e-13       1.169049640935e-18       2.642832156443e-09       1.942591392156e-10      -5.092824821887e-13 
    6       1.154579160236e-10       1.734381092065e-15       2.551782664332e-13       1.637295389601e-18       2.059677709636e-09       1.579297068167e-10      -2.099097482913e-13 
    7       1.132573638209e-10       9.372466967173e-16       2.004920971289e-13       2.184019578173e-18       1.658378795454e-09       1.312672086679e-10      -1.906619446144e-14 
    8       1.120451423774e-10       6.044347437411e-16       1.583828673427e-13       2.809410232047e-18       1.368295101780e-09       1.110531872856e-10       7.817766612056e-14 
    9       1.115699591454e-10       4.851598875430e-16       1.302070909388e-13       3.513672906715e-18       1.150553016937e-09       9.537811154361e-11       1.052194547604e-13 
   10       1.115986739017e-10       4.144973085180e-16       1.146810043218e-13       4.297027479391e-18       9.822138630866e-10       8.296477501536e-11       8.800137056906e-14 
   11       1.120734325802e-10       3.506420978380e-16       1.091532056083e-13       5.159704837895e-18       8.407070777641e-10       7.367812422414e-11       5.073115318943e-14 
   12       1.128395664154e-10       3.085885892407e-16       1.105506970632e-13       6.101943549610e-18       7.347223224962e-10       6.512434110227e-11       1.101251929811e-14 
   13       1.138466828141e-10       2.987103363724e-16       1.161674546005e-13       7.123986591527e-18       6.476795070014e-10       5.817638741322e-11      -1.910013075520e-14 
   14       1.150474824023e-10       3.127897739913e-16       1.239566726519e-13       8.226078218076e-18       5.752339351656e-10       5.212525658315e-11      -3.537318859660e-14 
   15       1.164272680195e-10       3.392786712780e-16       1.326081137644e-13       9.408461036820e-18       5.142377983107e-10       4.703457733510e-11      -3.805759757899e-14 
   16       1.179090762804e-10       3.760328907094e-16       1.414463372362e-13       1.067137335342e-17       4.623613963912e-10       4.264661349874e-11      -3.117712669123e-14 
   17       1.195222792111e-10       4.288565707290e-16       1.502428556996e-13       1.201504683678e-17       4.178480128126e-10       3.881777966566e-11      -1.998421979391e-14 
   18       1.212015370505e-10       5.032140941403e-16       1.592617120212e-13       1.343970441069e-17       3.792079840205e-10       3.547967763076e-11      -9.400924933923e-15 
   19       1.229577789883e-10       5.993760658358e-16       1.687277539960e-13       1.494555932882e-17       3.458189818750e-10       3.258404621104e-11      -2.032972820714e-15 
   20       1.247843925905e-10       7.152683301802e-16       1.787815394413e-13       1.653281251258e-17       3.164097685016e-10       3.001427780959e-11       4.273688940456e-16 
   21       1.266823463004e-10       8.502891403186e-16       1.893730254857e-13       1.820165379801e-17       2.905184595118e-10       2.772346080466e-11      -1.421525253377e-15 
   22       1.286249462574e-10       1.004015479913e-15       2.003121146161e-13       1.995225916356e-17       2.675223657295e-10       2.565387491726e-11      -5.786873658150e-15 
   23       1.306186655554e-10       1.176620172753e-15       2.112726210317e-13       2.178479364620e-17       2.471139924319e-10       2.379722117818e-11      -1.088018216463e-14 
   24       1.326580178947e-10       1.368301436686e-15       2.218386799483e-13       2.369940809906e-17       2.288277596693e-10       2.213708416820e-11      -1.480440578000e-14 
   25       1.347376573612e-10       1.579285645430e-15       2.317014804787e-13       2.569624266750e-17       2.124157841596e-10       2.065077934545e-11      -1.674438125411e-14 
   26       1.368396528166e-10       1.809969090963e-15       2.405975067558e-13       2.777542458206e-17       1.975570361750e-10       1.930066877686e-11      -1.638301226802e-14 
   27       1.389737596752e-10       2.062034737455e-15       2.484565094256e-13       2.993707598525e-17       1.841744734117e-10       1.807726998113e-11      -1.425065131483e-14 
   28       1.411429342738e-10       2.337807011434e-15       2.552924738902e-13       3.218130668374e-17       1.721059268236e-10       1.696500496802e-11      -1.137794192167e-14 
   29       1.433364996071e-10       2.639634250116e-15       2.611508218768e-13       3.450821435350e-17       1.610583828503e-10       1.593723736608e-11      -8.913592786150e-15 
   30       1.455612403729e-10       2.968632107492e-15       2.660809614579e-13       3.691789732453e-17       1.509708635560e-10       1.499294050908e-11      -7.253388606178e-15 
   31       1.478189806264e-10       3.325432268166e-15       2.701574951031e-13       3.941044577432e-17       1.417684019409e-10       1.413225066389e-11      -6.577212241877e-15 
   32       1.501017305963e-10       3.710609550621e-15       2.734484112596e-13       4.198594091858e-17       1.333053165963e-10       1.334818539429e-11      -6.969398367920e-15 
   33       1.524091089246e-10       4.125116119778e-15       2.758704166569e-13       4.464446546168e-17       1.255354361323e-10       1.263405414760e-11      -8.066948525686e-15 
   34       1.547348701910e-10       4.569996557525e-15       2.772788283956e-13       4.738609651551e-17       1.183898808349e-10       1.197731621578e-11      -9.266589929509e-15 
   35       1.570678342692e-10       5.046258368681e-15       2.775197460662e-13       5.021090492718e-17       1.117622167641e-10       1.136190290354e-11      -9.962029748919e-15 
   36       1.594152863788e-10       5.554823750435e-15       2.764876067927e-13       5.311896302480e-17       1.056351729040e-10       1.078567129258e-11      -1.008904901856e-14 
   37       1.617861877062e-10       6.096555306168e-15       2.740857610169e-13       5.611033945833e-17       9.998947980312e-11       1.024817678680e-11      -9.765467097488e-15 
   38       1.641841351161e-10       6.672263821960e-15       2.702105733621e-13       5.918509717089e-17       9.476556084737e-11       9.745645681704e-12      -9.150671033374e-15 
   39       1.666084246496e-10       7.282695508953e-15       2.647762811688e-13       6.234329377808e-17       8.988499858795e-11       9.272770652494e-12      -8.423868920540e-15 
   40       1.690592832767e-10       7.928498021246e-15       2.578010154311e-13       6.558498281760e-17       8.533278186625e-11       8.829604441318e-12      -7.702478093219e-15 
   41       1.715333163372e-10       8.610236294846e-15       2.493492527576e-13       6.891021295579e-17       8.109687971730e-11       8.416486335314e-12      -7.101037240185e-15 
   42       1.740214160254e-10       9.328395855160e-15       2.395103791739e-13       7.231902770811e-17       7.714370180746e-11       8.031978751652e-12      -6.754772597619e-15 
   43       1.765132911458e-10       1.008344410575e-14       2.283643867621e-13       7.581146321363e-17       7.343050381940e-11       7.673568169006e-12      -6.777884769991e-15 
   44       1.790140058519e-10       1.087604798044e-14       2.158627964451e-13       7.938754062157e-17       6.995151643044e-11       7.340401185105e-12      -7.120087890517e-15 
   45       1.815317000371e-10       1.170691636519e-14       2.019130153564e-13       8.304727140753e-17       6.670314668392e-11       7.031136815845e-12      -7.667315961363e-15 
   46       1.840727698518e-10       1.257673965485e-14       1.864100316640e-13       8.679065934270e-17       6.367012886559e-11       6.743063039379e-12      -8.279222313881e-15 
   47       1.866416559448e-10       1.348618930484e-14       1.692355825275e-13       9.061770039569e-17       6.082461478000e-11       6.471994197427e-12      -8.787639525361e-15 
   48       1.892408195186e-10       1.443582903684e-14       1.502813012207e-13       9.452838005495e-17       5.813473505293e-11       6.213474407151e-12      -9.042554310412e-15 
   49       1.918711566177e-10       1.542581990376e-14       1.295278156420e-13       9.852266463240e-17       5.559525949424e-11       5.967028331086e-12      -9.068950686528e-15 
   50       1.945313367981e-10       1.645613131597e-14       1.069865171618e-13       1.026005073398e-16       5.320401650865e-11       5.732932371116e-12      -8.951532940465e-15 
   51       1.972174283090e-10       1.752661729488e-14       8.267790993253e-14       1.067618504300e-16       5.095276065326e-11       5.510978194938e-12      -8.791933173291e-15 
   52       1.999226959167e-10       1.863701151718e-14       5.663200227208e-14       1.110066249673e-16       4.882674612956e-11       5.300436770550e-12      -8.709595450532e-15 
   53       2.026403086696e-10       1.978704803816e-14       2.887458849457e-14       1.153347528194e-16       4.680934851478e-11       5.100371503225e-12      -8.811188864386e-15 
   54       2.053727460183e-10       2.097687131391e-14      -6.189478518271e-16       1.197461537632e-16       4.489830696848e-11       4.910754966876e-12      -9.087577714304e-15 
   55       2.081244580479e-10       2.220672297629e-14      -3.188863426447e-14       1.242407398058e-16       4.309291525093e-11       4.731576649442e-12      -9.491898891667e-15 
   56       2.108990888880e-10       2.347682568944e-14      -6.497703523758e-14       1.288184129891e-16       4.138912905798e-11       4.562498137801e-12      -9.968288376058e-15 
   57       2.136993965468e-10       2.478738346365e-14      -9.992945247419e-14       1.334790652536e-16       3.977935117931e-11       4.402831789686e-12      -1.045144584294e-14 
   58       2.165271727451e-10       2.613858196912e-14      -1.367941250981e-13       1.382225783012e-16       3.825221665672e-11       4.251519405594e-12      -1.086619927133e-14 
   59       2.193835734481e-10       2.753046898221e-14      -1.756093027294e-13       1.430488328947e-16       3.679571578003e-11       4.107418134769e-12      -1.114544130138e-14 
   60       2.222703821700e-10       2.896256258958e-14      -2.163605043858e-13       1.479577395863e-16       3.540789793479e-11       3.970284167043e-12      -1.128979126126e-14 
   61       2.251888988854e-10       3.043415239034e-14      -2.590136700318e-13       1.529492148963e-16       3.408827822214e-11       3.839980195153e-12      -1.132104356870e-14 
   62       2.281394902351e-10       3.194440769075e-14      -3.035271752134e-13       1.580231726847e-16       3.283461856322e-11       3.716177575994e-12      -1.126519776374e-14 
   63       2.311215232820e-10       3.349237375481e-14      -3.498515862827e-13       1.631795243339e-16       3.164282600444e-11       3.598345417237e-12      -1.115264588757e-14 
   64       2.341332992663e-10       3.507696805473e-14      -3.979294156218e-13       1.684181789326e-16       3.050685102277e-11       3.485739663965e-12      -1.101835986140e-14 
   65       2.371729878483e-10       3.669709698736e-14      -4.477078762858e-13       1.737390563678e-16       2.942035318881e-11       3.377606827874e-12      -1.089418793890e-14 
   66       2.402418085963e-10       3.835204317563e-14      -4.991808353389e-13       1.791421294133e-16       2.838233658713e-11       3.273869836766e-12      -1.078342692388e-14 
   67       2.433414068560e-10       4.004115373066e-14      -5.523553342024e-13       1.846273909086e-16       2.739252961822e-11       3.174568356623e-12      -1.068118383381e-14 
   68       2.464728751745e-10       4.176372665088e-14      -6.072394898635e-13       1.901948421708e-16       2.644967167127e-11       3.079652148221e-12      -1.058175892061e-14 
   69       2.496367150421e-10       4.351901044223e-14      -6.638426137194e-13       1.958444935388e-16       2.555146086606e-11       2.988976157737e-12      -1.047861232433e-14 
   70       2.528327986337e-10       4.530620373833e-14      -7.221753304223e-13       2.015763649176e-16       2.469450179483e-11       2.902295607364e-12      -1.036433072678e-14 
   71       2.560603305502e-10       4.712445492072e-14      -7.822496967232e-13       2.073904863227e-16       2.387425326418e-11       2.819261085933e-12      -1.023059400518e-14 
   72       2.593184498508e-10       4.897282685173e-14      -8.440707298095e-13       2.132869044650e-16       2.308619422107e-11       2.739512707294e-12      -1.007064643398e-14 
   73       2.626082549547e-10       5.085018408003e-14      -9.076088456265e-13       2.192657027588e-16       2.232969675465e-11       2.662994419338e-12      -9.887333549437e-15 
   74       2.659311000895e-10       5.275528319701e-14      -9.728223202312e-13       2.253269861559e-16       2.160480553965e-11       2.589691435446e-12      -9.686554881219e-15 
   75       2.692879662012e-10       5.468680464943e-14      -1.039665335570e-12       2.314708761160e-16       2.091106149283e-11       2.519533909828e-12      -9.474919521827e-15 
   76       2.726794373146e-10       5.664335156312e-14      -1.108087902194e-12       2.376975112890e-16       2.024747732725e-11       2.452394289953e-12      -9.259769961695e-15 
   77       2.761056768927e-10       5.862344856665e-14      -1.178035781969e-12       2.440070481975e-16       1.961251310662e-11       2.388084668990e-12      -9.049205924300e-15 
   78       2.795664041970e-10       6.062554061501e-14      -1.249450410795e-12       2.503996619184e-16       1.900405179960e-11       2.326354138240e-12      -8.852108201272e-15 
   79       2.830608706473e-10       6.264799181330e-14      -1.322268821317e-12       2.568755467661e-16       1.841937483409e-11       2.266886139575e-12      -8.678162487496e-15 
   80       2.865883222465e-10       6.468913765696e-14      -1.396429070396e-12       2.634349101810e-16       1.785583604941e-11       2.209376750837e-12      -8.535579475381e-15 
   81       2.901495313456e-10       6.674745478832e-14      -1.471887777052e-12       2.700779516749e-16       1.731307212394e-11       2.153791023754e-12      -8.423746719264e-15 
   82       2.937454889845e-10       6.882141871163e-14      -1.548605503437e-12       2.768048814582e-16       1.679113319496e-11       2.100146538471e-12      -8.339338185917e-15 
   83       2.973769280416e-10       7.090945281078e-14      -1.626541544880e-12       2.836159274551e-16       1.628980722154e-11       2.048435293485e-12      -8.278486114678e-15 
   84       3.010443085952e-10       7.300992816220e-14      -1.705653954532e-12       2.905113358605e-16       1.580860847218e-11       1.998622556840e-12      -8.236762190695e-15 
   85       3.047478032845e-10       7.512116334768e-14      -1.785899568028e-12       2.974913716966e-16       1.534676601240e-11       1.950645717324e-12      -8.209158718166e-15 
   86       3.084872826710e-10       7.724142426734e-14      -1.867234028136e-12       3.045563193690e-16       1.490321219232e-11       1.904413135662e-12      -8.190069793577e-15 
   87       3.122623005994e-10       7.936892395244e-14      -1.949611809412e-12       3.117064832235e-16       1.447657113429e-11       1.859802995711e-12      -8.173272478945e-15 
   88       3.160720795591e-10       8.150182237827e-14      -2.032986242856e-12       3.189421881022e-16       1.406514722046e-11       1.816662155653e-12      -8.151907975054e-15 
   89       3.199158354412e-10       8.363825219648e-14      -2.117308108200e-12       3.262637752577e-16       1.366732818889e-11       1.774843996293e-12      -8.119953945354e-15 
   90       3.237938421040e-10       8.577640096586e-14      -2.202521103965e-12       3.336715881468e-16       1.328289198278e-11       1.734331274279e-12      -8.076947213182e-15 
   91       3.277065076093e-10       8.791444153616e-14      -2.288565708923e-12       3.411659854231e-16       1.291188464652e-11       1.695130513638e-12      -8.023970661795e-15 
   92       3.316540402719e-10       9.005050747531e-14      -2.375380554349e-12       3.487473458610e-16       1.255421873968e-11       1.657234167563e-12      -7.962231497334e-15 
   93       3.356364391051e-10       9.218269327064e-14      -2.462902427221e-12       3.564160688433e-16       1.220966803594e-11       1.620620053833e-12      -7.893064761398e-15 
   94       3.396534842665e-10       9.430905453005e-14      -2.551066273411e-12       3.641725748475e-16       1.187786222210e-11       1.585250790238e-12      -7.817936843621e-15 
   95       3.437047275041e-10       9.642760818319e-14      -2.639805200885e-12       3.720173059330e-16       1.155828159703e-11       1.551073229992e-12      -7.738448994250e-15 
   96       3.477894826016e-10       9.853633268269e-14      -2.729050482895e-12       3.799507262278e-16       1.125025177061e-11       1.518017897163e-12      -7.656340836717e-15 
   97       3.519068158242e-10       1.006331682053e-13      -2.818731561176e-12       3.879733224158e-16       1.095293836273e-11       1.485998422085e-12      -7.573493880216e-15 
   98       3.560555363649e-10       1.027160168530e-13      -2.908776049141e-12       3.960856042232e-16       1.066534170221e-11       1.454910976785e-12      -7.491935032282e-15 
   99       3.602345009042e-10       1.047827908122e-13      -2.999111199288e-12       4.042881051783e-16       1.038652555292e-11       1.424658968006e-12      -7.413430075018e-15 
  100       3.644435971664e-10       1.068315641783e-13      -3.089668535669e-12       4.125813839594e-16       1.011635171664e-11       1.395232327478e-12      -7.338190800129e-15 
  101       3.686828825749e-10       1.088604431096e-13      -3.180379886562e-12       4.209660241428e-16       9.854840116682e-12       1.366638455860e-12      -7.265990424105e-15 
  102       3.729522768921e-10       1.108675205604e-13      -3.271175999470e-12       4.294426344322e-16       9.601941620230e-12       1.338877711912e-12      -7.196555848383e-15 
  103       3.772515564725e-10       1.128508770638e-13      -3.361986562068e-12       4.380118491479e-16       9.357535573974e-12       1.311943154063e-12      -7.129566201788e-15 
  104       3.815803485159e-10       1.148085815137e-13      -3.452740223145e-12       4.466743287179e-16       9.121427339786e-12       1.285820281991e-12      -7.064651382968e-15 
  105       3.859381253209e-10       1.167386919478e-13      -3.543364613548e-12       4.554307601675e-16       8.893345830363e-12       1.260486778193e-12      -7.001390602837e-15 
  106       3.903241985377e-10       1.186392563298e-13      -3.633786367125e-12       4.642818576101e-16       8.672941044887e-12       1.235912249559e-12      -6.939310927009e-15 
  107       3.947377134216e-10       1.205083133320e-13      -3.723931141668e-12       4.732283627367e-16       8.459781604679e-12       1.212057968945e-12      -6.877885818242e-15 
  108       3.991776430862e-10       1.223438931177e-13      -3.813723639858e-12       4.822710453068e-16       8.253352288851e-12       1.188876616751e-12      -6.816533678868e-15 
  109       4.036427827564e-10       1.241440181239e-13      -3.903087630206e-12       4.914107036380e-16       8.053051569963e-12       1.166312022486e-12      -6.754616393240e-15 
  110       4.081319549575e-10       1.259067526987e-13      -3.991946580491e-12       5.006481406909e-16       7.858327012764e-12       1.144312165334e-12      -6.691569191488e-15 
  111       4.126446672565e-10       1.276303575566e-13      -4.080225605266e-12       5.099840877908e-16       7.669106451917e-12       1.122870621258e-12      -6.627312257216e-15 
  112       4.171805283344e-10       1.293131566464e-13      -4.167849807941e-12       5.194192720158e-16       7.485417640529e-12       1.101989961273e-12      -6.561889313993e-15 
  113       4.217390409432e-10       1.309534913114e-13      -4.254743717230e-12       5.289544399776e-16       7.307254223099e-12       1.081668839975e-12      -6.495340847890e-15 
  114       4.263195982328e-10       1.325497215520e-13      -4.340831314110e-12       5.385903580718e-16       7.134574626093e-12       1.061901867423e-12      -6.427703940541e-15 
  115       4.309214800766e-10       1.341002272883e-13      -4.426036058785e-12       5.483278127284e-16       6.967300948518e-12       1.042679481020e-12      -6.359012102213e-15 
  116       4.355438493983e-10       1.356034096227e-13      -4.510280917651e-12       5.581676106619e-16       6.805317852493e-12       1.023987817400e-12      -6.289295104865e-15 
  117       4.401857484980e-10       1.370576921025e-13      -4.593488390256e-12       5.681105791217e-16       6.648471453829e-12       1.005808584309e-12      -6.218578815222e-15 
  118       4.448460953785e-10       1.384615219828e-13      -4.675580536266e-12       5.781575661428e-16       6.496568212600e-12       9.881189324876e-13      -6.146885027833e-15 
  119       4.495236800717e-10       1.398133714890e-13      -4.756479002424e-12       5.883094407956e-16       6.349373823718e-12       9.708913275544e-13      -6.074231298141e-15 
  120       4.542171609647e-10       1.411117390791e-13      -4.836105049516e-12       5.985670934366e-16       6.206612107507e-12       9.540934218890e-13      -6.000630775549e-15 
  121       4.589250611263e-10       1.423551507069e-13      -4.914379579336e-12       6.089314359589e-16       6.067963900279e-12       9.376879265149e-13      -5.926092036484e-15 
  122       4.636457646330e-10       1.435421610845e-13      -4.991223161643e-12       6.194034020421e-16       5.933065944909e-12       9.216324829825e-13      -5.850618917460e-15 
  123       4.683777103206e-10       1.446714031753e-13      -5.066557173291e-12       6.299839155330e-16       5.801589188678e-12       9.058895922419e-13      -5.774239621426e-15 
  124       4.731200060663e-10       1.457417404236e-13      -5.140307306353e-12       6.406737909401e-16       5.673486225072e-12       8.904579657196e-13      -5.697098178559e-15 
  125       4.778718784812e-10       1.467521344746e-13      -5.212400515703e-12       6.514738219265e-16       5.548770320131e-12       8.753445512372e-13      -5.619373226981e-15 
  126       4.826324797083e-10       1.477016001351e-13      -5.282763978304e-12       6.623848121552e-16       5.427438071626e-12       8.605547501309e-13      -5.541249743330e-15 
  127       4.874008853016e-10       1.485892070161e-13      -5.351325128917e-12       6.734075752887e-16       5.309468924394e-12       8.460923682613e-13      -5.462919106138e-15 
  128       4.921760921058e-10       1.494140811745e-13      -5.418011695812e-12       6.845429349890e-16       5.194824685676e-12       8.319595670231e-13      -5.384579159216e-15 
  129       4.969570161360e-10       1.501754067553e-13      -5.482751736488e-12       6.957917249166e-16       5.083449040456e-12       8.181568143548e-13      -5.306434275037e-15 
  130       5.017424904573e-10       1.508724276337e-13      -5.545473673381e-12       7.071547887309e-16       4.975267066791e-12       8.046828357479e-13      -5.228695418114e-15 
  131       5.065312630644e-10       1.515044490575e-13      -5.606106329578e-12       7.186329800890e-16       4.870184751155e-12       7.915345652565e-13      -5.151580208391e-15 
  132       5.113219947609e-10       1.520708392888e-13      -5.664578964532e-12       7.302271626457e-16       4.768088503769e-12       7.787070965073e-13      -5.075312984618e-15 
  133       5.161132570394e-10       1.525710312462e-13      -5.720821309775e-12       7.419382100532e-16       4.668844673945e-12       7.661936337087e-13      -5.000124867734e-15 
  134       5.209035299608e-10       1.530045241473e-13      -5.774763604630e-12       7.537670059605e-16       4.572299065416e-12       7.539854426606e-13      -4.926253824256e-15 
  135       5.256912000337e-10       1.533708851502e-13      -5.826336631924e-12       7.657144440130e-16       4.478276451675e-12       7.420718017640e-13      -4.853944729654e-15 
  136       5.304745580945e-10       1.536697509961e-13      -5.875471753703e-12       7.777814278523e-16       4.386580091314e-12       7.304399530304e-13      -4.783449431737e-15 
  137       5.352519467992e-10       1.539008566407e-13      -5.922101709114e-12       7.899688349502e-16       4.297033434695e-12       7.190776580506e-13      -4.714965272814e-15 
  138       5.400222248131e-10       1.540641210160e-13      -5.966163025637e-12       8.022774038887e-16       4.209611140765e-12       7.079812681109e-13      -4.648443342107e-15 
  139       5.447843468586e-10       1.541595732981e-13      -6.007593926241e-12       8.147078353607e-16       4.124320761928e-12       6.971484001655e-13      -4.583760409263e-15 
  140       5.495372172523e-10       1.541873285102e-13      -6.046333629776e-12       8.272608270612e-16       4.041161554314e-12       6.865753746519e-13      -4.520778361049e-15 
  141       5.542796887344e-10       1.541475893363e-13      -6.082322391523e-12       8.399370734574e-16       3.960124260911e-12       6.762571830345e-13      -4.459343874121e-15 
  142       5.590105612980e-10       1.540406479348e-13      -6.115501543748e-12       8.527372655585e-16       3.881190894698e-12       6.661874553481e-13      -4.399288087795e-15 
  143       5.637285810181e-10       1.538668877514e-13      -6.145813536250e-12       8.656620906861e-16       3.804334521782e-12       6.563584277422e-13      -4.340426276812e-15 
  144       5.684324388808e-10       1.536267853330e-13      -6.173201976915e-12       8.787122322438e-16       3.729519044525e-12       6.467609100243e-13      -4.282557524107e-15 
  145       5.731207696129e-10       1.533209121408e-13      -6.197611672261e-12       8.918883694877e-16       3.656698984681e-12       6.373842532037e-13      -4.225464393583e-15 
  146       5.777921505107e-10       1.529499363640e-13      -6.218988667997e-12       9.051911772963e-16       3.585819266530e-12       6.282163170354e-13      -4.168912602871e-15 
  147       5.824451002694e-10       1.525146247330e-13      -6.237280289567e-12       9.186213259404e-16       3.516815000009e-12       6.192434375637e-13      -4.112650696106e-15 
  148       5.870780778123e-10       1.520158443329e-13      -6.252435182705e-12       9.321794808535e-16       3.449611263843e-12       6.104503946661e-13      -4.056409716692e-15 
  149       5.916894811200e-10       1.514545644169e-13      -6.264403353984e-12       9.458663024013e-16       3.384122888684e-12       6.018203795968e-13      -3.999902880070e-15 
  150       5.962776460595e-10       1.508318582198e-13      -6.273136211367e-12       9.596824456525e-16       3.320254240240e-12       5.933349625308e-13      -3.942825246490e-15 
  151       6.008408452138e-10       1.501489047712e-13      -6.278586604760e-12       9.736285601482e-16       3.257899002410e-12       5.849740601072e-13      -3.884853393776e-15 
  152       6.053772867106e-10       1.494069907093e-13      -6.280708866559e-12       9.877052896723e-16       3.196939960413e-12       5.767159029734e-13      -3.825645090096e-15 
  153       6.098852448616e-10       1.486074938064e-13      -6.279459216462e-12       1.001913223327e-15       3.137273220402e-12       5.685420620769e-13      -3.764922233156e-15 
  154       6.143634682050e-10       1.477518280079e-13      -6.274796932873e-12       1.016252744125e-15       3.078883857461e-12       5.604531214734e-13      -3.702729029838e-15 
  155       6.188108073293e-10       1.468414967194e-13      -6.266683368188e-12       1.030724165824e-15       3.021776917358e-12       5.524544070037e-13      -3.639197298831e-15 
  156       6.232260859768e-10       1.458781123409e-13      -6.255081636370e-12       1.045327779879e-15       2.965953520297e-12       5.445510518195e-13      -3.574465456740e-15 
  157       6.276081005440e-10       1.448633979869e-13      -6.239956655358e-12       1.060063854968e-15       2.911410768504e-12       5.367479896908e-13      -3.508678614931e-15 
  158       6.319556195823e-10       1.437991892071e-13      -6.221275189475e-12       1.074932636509e-15       2.858141653814e-12       5.290499483140e-13      -3.441988676366e-15 
  159       6.362673832981e-10       1.426874357064e-13      -6.199005891829e-12       1.089934346187e-15       2.806134965258e-12       5.214614426194e-13      -3.374554432447e-15 
  160       6.405421030539e-10       1.415302030653e-13      -6.173119346722e-12       1.105069181475e-15       2.755375196651e-12       5.139867680788e-13      -3.306541659852e-15 
  161       6.447784608682e-10       1.403296744600e-13      -6.143588112056e-12       1.120337315154e-15       2.705842454175e-12       5.066299940133e-13      -3.238123217380e-15 
  162       6.489751089165e-10       1.390881523830e-13      -6.110386761739e-12       1.135738894837e-15       2.657512363972e-12       4.993949569011e-13      -3.169479142786e-15 
  163       6.531306690314e-10       1.378080603631e-13      -6.073491928091e-12       1.151274042488e-15       2.610355979723e-12       4.922852536847e-13      -3.100796749624e-15 
  164       6.572437322038e-10       1.364919446858e-13      -6.032882344249e-12       1.166942853951e-15       2.564339690243e-12       4.853042350792e-13      -3.032270724088e-15 
  165       6.613128580824e-10       1.351424761135e-13      -5.988538886574e-12       1.182745398463e-15       2.519425127061e-12       4.784549988794e-13      -2.964103221847e-15 
  166       6.653365744752e-10       1.337624516059e-13      -5.940444617059e-12       1.198681718183e-15       2.475569072011e-12       4.717403832680e-13      -2.896503964893e-15 
  167       6.693133768494e-10       1.323547960404e-13      -5.888584825729e-12       1.214751827712e-15       2.432723364816e-12       4.651629601228e-13      -2.829690338371e-15 
  168       6.732417278322e-10       1.309225639319e-13      -5.832947073055e-12       1.230955713611e-15       2.390834810676e-12       4.587250283248e-13      -2.763887487430e-15 
  169       6.771200567111e-10       1.294689411536e-13      -5.773521232354e-12       1.247293333932e-15       2.349845087858e-12       4.524286070656e-13      -2.699328414053e-15 
  170       6.809467589347e-10       1.279972466571e-13      -5.710299532197e-12       1.263764617731e-15       2.309690655275e-12       4.462754291551e-13      -2.636254073903e-15 
  171       6.847203013395e-10       1.265108315173e-13      -5.643275889743e-12       1.280369435445e-15       2.270315605092e-12       4.402664535935e-13      -2.574861859616e-15 
  172       6.884395487230e-10       1.250127630200e-13      -5.572443759575e-12       1.297107508235e-15       2.231711616567e-12       4.344003716904e-13      -2.515146027659e-15 
  173       6.921034636704e-10       1.235061174072e-13      -5.497798185923e-12       1.313978490132e-15       2.193881172025e-12       4.286749629803e-13      -2.457044089711e-15 
  174       6.957110032112e-10       1.219940814726e-13      -5.419336534804e-12       1.330981995916e-15       2.156824872421e-12       4.230875561573e-13      -2.400487115663e-15 
  175       6.992611187515e-10       1.204799538634e-13      -5.337058533540e-12       1.348117600513e-15       2.120541397734e-12       4.176350204217e-13      -2.345399619874e-15 
  176       7.027527560059e-10       1.189671463813e-13      -5.250966310270e-12       1.365384838407e-15       2.085027467377e-12       4.123137568260e-13      -2.291699447431e-15 
  177       7.061848549288e-10       1.174591852842e-13      -5.161064433459e-12       1.382783203034e-15       2.050277800592e-12       4.071196896213e-13      -2.239297660409e-15 
  178       7.095563496469e-10       1.159597125872e-13      -5.067359951417e-12       1.400312146194e-15       2.016285076858e-12       4.020482576039e-13      -2.188098424128e-15 
  179       7.128661683909e-10       1.144724873642e-13      -4.969862431808e-12       1.417971077445e-15       1.983039896290e-12       3.970944054610e-13      -2.137998893410e-15 
  180       7.161132334271e-10       1.130013870494e-13      -4.868584001165e-12       1.435759363514e-15       1.950530740038e-12       3.922525751174e-13      -2.088889098839e-15 
  181       7.192964609896e-10       1.115504087383e-13      -4.763539384399e-12       1.453676327697e-15       1.918743930698e-12       3.875166970817e-13      -2.040651833019e-15 
  182       7.224147612122e-10       1.101236704895e-13      -4.654745944320e-12       1.471721249259e-15       1.887663592703e-12       3.828801817926e-13      -1.993162536835e-15 
  183       7.254670380598e-10       1.087254126256e-13      -4.542223721143e-12       1.489893362844e-15       1.857271612734e-12       3.783359109650e-13      -1.946289185707e-15 
  184       7.284521892611e-10       1.073599990351e-13      -4.425995472002e-12       1.508191857872e-15       1.827547600117e-12       3.738762289368e-13      -1.899892175850e-15 
  185       7.313691062396e-10       1.060319184732e-13      -4.306086710468e-12       1.526615877944e-15       1.798468847225e-12       3.694929340146e-13      -1.853824210535e-15 
  186       7.342166740461e-10       1.047457858637e-13      -4.182525746056e-12       1.545164520247e-15       1.770010289883e-12       3.651772698203e-13      -1.807930186344e-15 
  187       7.369937712903e-10       1.035063436000e-13      -4.055343723740e-12       1.563836834955e-15       1.742144467769e-12       3.609199166374e-13      -1.762047079430e-15 
  188       7.396992700727e-10       1.023184628466e-13      -3.924574663469e-12       1.582631824632e-15       1.714841484815e-12       3.567109827571e-13      -1.716003831776e-15 
  189       7.423320359165e-10       1.011871448407e-13      -3.790255499676e-12       1.601548443639e-15       1.688068969607e-12       3.525399958248e-13      -1.669621237452e-15 
  190       7.448909276997e-10       1.001175221930e-13      -3.652426120793e-12       1.620585597529e-15       1.661792035792e-12       3.483958941864e-13      -1.622711828874e-15 
  191       7.473748740607e-10       9.911464463249e-14      -3.511127066693e-12       1.639742146546e-15       1.635980179266e-12       3.442693284361e-13      -1.575121023284e-15 
  192       7.497831091597e-10       9.818281557809e-14      -3.366392345793e-12       1.659016917623e-15       1.610628630030e-12       3.401597768930e-13      -1.526854246021e-15 
  193       7.521149545110e-10       9.732620819497e-14      -3.218256153995e-12       1.678408692133e-15       1.585738529360e-12       3.360689484123e-13      -1.477959145494e-15 
  194       7.543697442802e-10       9.654907706862e-14      -3.066755199938e-12       1.697916201304e-15       1.561310120250e-12       3.319985190923e-13      -1.428485211573e-15 
  195       7.565468254659e-10       9.585575880092e-14      -2.911928736849e-12       1.717538125638e-15       1.537342730517e-12       3.279501311801e-13      -1.378483796859e-15 
  196       7.586455580820e-10       9.525067260613e-14      -2.753818594390e-12       1.737273094321e-15       1.513834755904e-12       3.239253919783e-13      -1.328008137957e-15 
  197       7.606653153401e-10       9.473832090694e-14      -2.592469210511e-12       1.757119684648e-15       1.490783643175e-12       3.199258727499e-13      -1.277113376749e-15 
  198       7.626054838312e-10       9.432328993044e-14      -2.427927663296e-12       1.777076421432e-15       1.468185873222e-12       3.159531076246e-13      -1.225856581668e-15 
  199       7.644654637082e-10       9.401025030416e-14      -2.260243702813e-12       1.797141776425e-15       1.446036944162e-12       3.120085925046e-13      -1.174296768965e-15 
  200       7.662446688675e-10       9.380395765207e-14      -2.089469782962e-12       1.817314167734e-15       1.424331354437e-12       3.080937839706e-13      -1.122494923985e-15 
  201       7.679425271317e-10       9.370925319061e-14      -1.915661093330e-12       1.837591959235e-15       1.403062585922e-12       3.042100981872e-13      -1.070514022439e-15 
  202       7.695584804314e-10       9.373106432469e-14      -1.738875591031e-12       1.857973459993e-15       1.382223087016e-12       3.003589098094e-13      -1.018419051677e-15 
  203       7.710919849874e-10       9.387440524372e-14      -1.559174032563e-12       1.878456923673e-15       1.361804255750e-12       2.965415508878e-13      -9.662770319567e-16 
  204       7.725425114928e-10       9.414437751759e-14      -1.376620005652e-12       1.899040547965e-15       1.341796422886e-12       2.927593097749e-13      -9.141570377202e-16 
  205       7.739095452951e-10       9.454617069272e-14      -1.191279961106e-12       1.919722473993e-15       1.322188835018e-12       2.890134300309e-13      -8.621302188630e-16 
  206       7.751925865784e-10       9.508506288804e-14      -1.003223244660e-12       1.940500785734e-15       1.302969637672e-12       2.853051093291e-13      -8.102698220078e-16 
  207       7.763911505454e-10       9.576642139105e-14      -8.125221288265e-13       1.961373509436e-15       1.284125858406e-12       2.816354983626e-13      -7.586512117762e-16 
  208       7.775047675995e-10       9.659570325379e-14      -6.192518447461e-13       1.982338613031e-15       1.265643389916e-12       2.780056997493e-13      -7.073518920611e-16 
  209       7.785329835273e-10       9.757845588887e-14      -4.234906140351e-13       2.003394005556e-15       1.247506973131e-12       2.744167669382e-13      -6.564515272991e-16 
  210       7.794753596802e-10       9.872031766547e-14      -2.253196806353e-13       2.024537536565e-15       1.229700180315e-12       2.708697031152e-13      -6.060319637424e-16 
  211       7.803314731567e-10       1.000270185054e-13      -2.482334266332e-14       2.045766995550e-15       1.212205398174e-12       2.673654601090e-13      -5.561772507314e-16 
  212       7.811009169848e-10       1.015043804790e-13       1.779110157406e-13       2.067080111353e-15       1.195003810947e-12       2.639049372968e-13      -5.069736619666e-16 
  213       7.817833374415e-10       1.031579809224e-13       3.827975078294e-13       2.088474624363e-15       1.178079074973e-12       2.604889327183e-13      -4.584940138954e-16 
  214       7.823785484377e-10       1.049921152461e-13       5.897659048864e-13       2.109948509732e-15       1.161428653451e-12       2.571179950166e-13      -4.107493987664e-16 
  215       7.828864252135e-10       1.070107652044e-13       7.987483707458e-13       2.131499768110e-15       1.145053214808e-12       2.537925593800e-13      -3.637342317282e-16 
  216       7.833068681727e-10       1.092179297889e-13       1.009674912891e-12       2.153126353835e-15       1.128953002894e-12       2.505129932226e-13      -3.174416408243e-16 
  217       7.836398031625e-10       1.116176249362e-13       1.222473362758e-12       2.174826174540e-15       1.113127829806e-12       2.472795949644e-13      -2.718634469260e-16 
  218       7.838851817538e-10       1.142138832349e-13       1.437069356031e-12       2.196597090760e-15       1.097577068701e-12       2.440925928113e-13      -2.269901436648e-16 
  219       7.840429815207e-10       1.170107536339e-13       1.653386312952e-12       2.218436915543e-15       1.082299646621e-12       2.409521435352e-13      -1.828108773651e-16 
  220       7.841132063206e-10       1.200123011492e-13       1.871345418611e-12       2.240343414053e-15       1.067294037309e-12       2.378583312540e-13      -1.393134269765e-16 
  221       7.840958865740e-10       1.232226065721e-13       2.090865603258e-12       2.262314303186e-15       1.052558254028e-12       2.348111662118e-13      -9.648418400678e-17 
  222       7.839910795444e-10       1.266457661764e-13       2.311863522595e-12       2.284347251171e-15       1.038089842381e-12       2.318105835584e-13      -5.430813245377e-17 
  223       7.837988696185e-10       1.302858914262e-13       2.534253538084e-12       2.306439877179e-15       1.023885873130e-12       2.288564421300e-13      -1.276882873852e-17 
  224       7.835193685854e-10       1.341471086831e-13       2.757947697243e-12       2.328589750936e-15       1.009942935015e-12       2.259485232288e-13       2.815161836248e-17 
  225       7.831527159172e-10       1.382335589141e-13       2.982855713950e-12       2.350794392325e-15       9.962571275733e-13       2.230865294032e-13       6.847256778465e-17 
  226       7.826990790484e-10       1.425493973990e-13       3.208884948741e-12       2.373051270999e-15       9.828240539585e-13       2.202700832279e-13       1.082148662428e-16 
  227       7.821586536561e-10       1.470987934381e-13       3.435940389117e-12       2.395357805986e-15       9.696388137595e-13       2.174987260838e-13       1.474008682987e-16 
  228       7.815316639398e-10       1.518859300596e-13       3.663924629836e-12       2.417711365297e-15       9.566959958196e-13       2.147719169379e-13       1.860544564282e-16 
  229       7.808183629011e-10       1.569150037271e-13       3.892737853223e-12       2.440109265537e-15       9.439896710558e-13       2.120890311237e-13       2.242010610890e-16 
  230       7.800190326238e-10       1.621902240475e-13       4.122277809466e-12       2.462548771510e-15       9.315133852780e-13       2.094493591210e-13       2.618676807882e-16 
  231       7.791339845539e-10       1.677158134782e-13       4.352439796917e-12       2.485027095829e-15       9.192601520077e-13       2.068521053360e-13       2.990829021494e-16 
  232       7.781635597792e-10       1.734960070349e-13       4.583116642396e-12       2.507541398523e-15       9.072224452977e-13       2.042963868813e-13       3.358769199803e-16 
  233       7.771081293092e-10       1.795350519989e-13       4.814198681489e-12       2.530088786646e-15       8.953921925507e-13       2.017812323559e-13       3.722815573402e-16 
  234       7.759680943553e-10       1.858372076250e-13       5.045573738851e-12       2.552666313883e-15       8.837607673387e-13       1.993055806253e-13       4.083302856075e-16 
  235       7.747438866104e-10       1.924067448488e-13       5.277127108504e-12       2.575270980162e-15       8.723189822220e-13       1.968682796016e-13       4.440582445471e-16 
  236       7.734359685290e-10       1.992479459943e-13       5.508741534145e-12       2.597899731258e-15       8.610570815687e-13       1.944680850235e-13       4.795022623778e-16 
  237       7.720448336068e-10       2.063651044817e-13       5.740297189436e-12       2.620549458404e-15       8.499647343729e-13       1.921036592360e-13       5.147008758399e-16 
  238       7.705709958360e-10       2.137621296719e-13       5.971678694118e-12       2.643217155443e-15       8.390330239777e-13       1.897737917916e-13       5.496857561390e-16 
  239       7.690149567830e-10       2.214413354414e-13       6.202796674695e-12       2.665900401669e-15       8.282605658474e-13       1.874780786035e-13       5.844553688873e-16 
  240       7.673772370585e-10       2.294045776481e-13       6.433567471763e-12       2.688596907476e-15       8.176477465039e-13       1.852162815718e-13       6.189997573092e-16 
  241       7.656583872195e-10       2.376536412738e-13       6.663906216859e-12       2.711304359389e-15       8.071947570069e-13       1.829881097152e-13       6.533089947690e-16 
  242       7.638589880254e-10       2.461902392987e-13       6.893726827603e-12       2.734020420001e-15       7.969015899854e-13       1.807932184191e-13       6.873731867081e-16 
  243       7.619796506958e-10       2.550160115758e-13       7.122942002845e-12       2.756742727914e-15       7.867680366696e-13       1.786312086840e-13       7.211824725822e-16 
  244       7.600210171671e-10       2.641325237060e-13       7.351463217806e-12       2.779468897681e-15       7.767936839231e-13       1.765016263729e-13       7.547270277980e-16 
  245       7.579837603498e-10       2.735412659118e-13       7.579200719223e-12       2.802196519746e-15       7.669779112742e-13       1.744039614596e-13       7.879970656503e-16 
  246       7.558685843855e-10       2.832436519127e-13       7.806063520494e-12       2.824923160381e-15       7.573198879482e-13       1.723376472766e-13       8.209828392593e-16 
  247       7.536762249038e-10       2.932410177992e-13       8.031959396822e-12       2.847646361632e-15       7.478185698989e-13       1.703020597634e-13       8.536746435072e-16 
  248       7.514074492797e-10       3.035346209074e-13       8.256794880356e-12       2.870363641255e-15       7.384726968409e-13       1.682965167138e-13       8.860628169758e-16 
  249       7.490630568901e-10       3.141256386937e-13       8.480475255340e-12       2.893072492661e-15       7.292807892808e-13       1.663202770249e-13       9.181377438829e-16 
  250       7.466438793714e-10       3.250151676094e-13       8.702904553252e-12       2.915770384849e-15       7.202411455497e-13       1.643725399440e-13       9.498898560198e-16 
  251       7.441507808764e-10       3.362042219750e-13       8.923985547951e-12       2.938454762356e-15       7.113518388347e-13       1.624524443174e-13       9.813096346881e-16 
  252       7.415846583311e-10       3.476937328551e-13       9.143619750819e-12       2.961123045190e-15       7.026107142106e-13       1.605590678381e-13       1.012387612637e-15 
  253       7.389464416921e-10       3.594845469323e-13       9.361707405908e-12       2.983772628773e-15       6.940153856723e-13       1.586914262937e-13       1.043114375999e-15 
  254       7.362370942034e-10       3.715774253827e-13       9.578147485080e-12       3.006400883883e-15       6.855632331660e-13       1.568484728147e-13       1.073480566231e-15 
  255       7.334576126535e-10       3.839730427496e-13       9.792837683154e-12       3.029005156590e-15       6.772513996215e-13       1.550290971221e-13       1.103476882044e-15 
  256       7.306090276327e-10       3.966719858183e-13       1.000567441305e-11       3.051582768203e-15       6.690767879839e-13       1.532321247757e-13       1.133094081348e-15 
  257       7.276924037899e-10       4.096747524910e-13       1.021655280093e-11       3.074131015204e-15       6.610360582453e-13       1.514563164220e-13       1.162322983185e-15 
  258       7.247088400894e-10       4.229817506609e-13       1.042536668134e-11       3.096647169194e-15       6.531256244770e-13       1.497003670420e-13       1.191154469666e-15 
  259       7.216594700687e-10       4.365932970869e-13       1.063200859237e-11       3.119128476828e-15       6.453416518610e-13       1.479629051997e-13       1.219579487908e-15 
  260       7.185454620950e-10       4.505096162682e-13       1.083636977077e-11       3.141572159760e-15       6.376800537220e-13       1.462424922894e-13       1.247589051972e-15 
  261       7.153680196221e-10       4.647308393187e-13       1.103834014713e-11       3.163975414581e-15       6.301364885593e-13       1.445376217845e-13       1.275174244801e-15 
  262       7.121283814480e-10       4.792570028418e-13       1.123780834098e-11       3.186335412761e-15       6.227063570785e-13       1.428467184846e-13       1.302326220154e-15 
  263       7.088278219716e-10       4.940880478047e-13       1.143466165598e-11       3.208649300588e-15       6.153847992234e-13       1.411681377642e-13       1.329036204546e-15 
  264       7.054676514500e-10       5.092238184129e-13       1.162878607502e-11       3.230914199108e-15       6.081666912081e-13       1.395001648205e-13       1.355295499183e-15 
  265       7.020492162549e-10       5.246640609852e-13       1.182006625540e-11       3.253127204068e-15       6.010466425483e-13       1.378410139211e-13       1.381095481900e-15 
  266       6.985738319312e-10       5.404081720096e-13       1.200839368011e-11       3.275285597303e-15       5.940200192891e-13       1.361892143095e-13       1.406429245083e-15 
  267       6.950425778123e-10       5.564544294763e-13       1.219369161205e-11       3.297387493739e-15       5.870860813494e-13       1.345447926809e-13       1.431296603969e-15 
  268       6.914564917517e-10       5.728007176150e-13       1.237589148542e-11       3.319431229407e-15       5.802450097678e-13       1.329081534545e-13       1.455699364075e-15 
  269       6.878166364611e-10       5.894447724123e-13       1.255492488047e-11       3.341415153458e-15       5.734968946176e-13       1.312796977994e-13       1.479639714385e-15 
  270       6.841240996534e-10       6.063841800634e-13       1.273072353246e-11       3.363337628455e-15       5.668417337729e-13       1.296598235359e-13       1.503120232042e-15 
  271       6.803799941872e-10       6.236163754223e-13       1.290321934052e-11       3.385197030677e-15       5.602794316742e-13       1.280489250367e-13       1.526143887056e-15 
  272       6.765854582094e-10       6.411386404527e-13       1.307234437662e-11       3.406991750412e-15       5.538097980938e-13       1.264473931286e-13       1.548714047003e-15 
  273       6.727416552990e-10       6.589481026788e-13       1.323803089447e-11       3.428720192258e-15       5.474325469019e-13       1.248556149932e-13       1.570834481725e-15 
  274       6.688497746108e-10       6.770417336361e-13       1.340021133846e-11       3.450380775416e-15       5.411472948324e-13       1.232739740686e-13       1.592509368033e-15 
  275       6.649110310189e-10       6.954163473221e-13       1.355881835259e-11       3.471971933994e-15       5.349535602480e-13       1.217028499508e-13       1.613743294407e-15 
  276       6.609266652598e-10       7.140685986469e-13       1.371378478938e-11       3.493492117302e-15       5.288507619067e-13       1.201426182945e-13       1.634541265698e-15 
  277       6.568979440765e-10       7.329949818842e-13       1.386504371879e-11       3.514939790146e-15       5.228382177271e-13       1.185936507149e-13       1.654908707829e-15 
  278       6.528261603614e-10       7.521918291221e-13       1.401252843717e-11       3.536313433132e-15       5.169151435540e-13       1.170563146887e-13       1.674851472497e-15 
  279       6.487126333004e-10       7.716553087136e-13       1.415617247615e-11       3.557611542959e-15       5.110806519246e-13       1.155309734555e-13       1.694375841871e-15 
  280       6.445587085159e-10       7.913814237274e-13       1.429590961161e-11       3.578832632721e-15       5.053337508339e-13       1.140179859191e-13       1.713488533300e-15 
  281       6.403657582109e-10       8.113660103990e-13       1.443167387256e-11       3.599975232199e-15       4.996733425002e-13       1.125177065487e-13       1.732196704004e-15 
  282       6.361351813117e-10       8.316047365811e-13       1.456339955008e-11       3.621037888163e-15       4.940982221315e-13       1.110304852804e-13       1.750507955786e-15 
  283       6.318684036123e-10       8.520931001944e-13       1.469102120626e-11       3.642019164671e-15       4.886070766905e-13       1.095566674183e-13       1.768430339727e-15 
  284       6.275668779171e-10       8.728264276785e-13       1.481447368312e-11       3.662917643361e-15       4.831984836608e-13       1.080965935358e-13       1.785972360887e-15 
  285       6.232320841851e-10       8.937998724426e-13       1.493369211150e-11       3.683731923755e-15       4.778709098125e-13       1.066505993772e-13       1.803142983008e-15 
  286       6.188655296731e-10       9.150084133163e-13       1.504861192005e-11       3.704460623552e-15       4.726227099678e-13       1.052190157584e-13       1.819951633218e-15 
  287       6.144687490789e-10       9.364468530001e-13       1.515916884408e-11       3.725102378927e-15       4.674521257670e-13       1.038021684690e-13       1.836408206725e-15 
  288       6.100433046855e-10       9.581098165166e-13       1.526529893455e-11       3.745655844831e-15       4.623572844338e-13       1.024003781727e-13       1.852523071525e-15 
  289       6.055907865041e-10       9.799917496609e-13       1.536693856696e-11       3.766119695288e-15       4.573361975414e-13       1.010139603094e-13       1.868307073100e-15 
  290       6.011128124177e-10       1.002086917452e-12       1.546402445026e-11       3.786492623688e-15       4.523867597782e-13       9.964322499599e-14       1.883771539119e-15 
  291       5.966110283247e-10       1.024389402581e-12       1.555649363583e-11       3.806773343091e-15       4.475067477133e-13       9.828847692776e-14       1.898928284142e-15 
  292       5.920871082824e-10       1.046893103868e-12       1.564428352635e-11       3.826960586522e-15       4.426938185623e-13       9.695001527983e-14       1.913789614318e-15 
  293       5.875427546505e-10       1.069591734704e-12       1.572733188475e-11       3.847053107269e-15       4.379455089533e-13       9.562813360833e-14       1.928368332087e-15 
  294       5.829796982347e-10       1.092478821510e-12       1.580557684314e-11       3.867049679181e-15       4.332592336921e-13       9.432311975172e-14       1.942677740882e-15 
  295       5.783996984299e-10       1.115547702182e-12       1.587895691171e-11       3.886949096962e-15       4.286322845285e-13       9.303525573208e-14       1.956731649831e-15 
  296       5.738045433640e-10       1.138791524545e-12       1.594741098767e-11       3.906750176477e-15       4.240618289216e-13       9.176481765642e-14       1.970544378457e-15 
  297       5.691959378992e-10       1.162203442832e-12       1.601088470923e-11       3.926451917202e-15       4.195454432881e-13       9.051202023477e-14       1.984127566524e-15 
  298       5.645751613072e-10       1.185777220883e-12       1.606934984142e-11       3.946053997743e-15       4.150827440093e-13       8.927684754827e-14       1.997480422073e-15 
  299       5.599433931989e-10       1.209506655309e-12       1.612278585198e-11       3.965556305037e-15       4.106738334645e-13       8.805921384496e-14       2.010599007526e-15 
  300       5.553018241551e-10       1.233385378830e-12       1.617117366888e-11       3.984958774885e-15       4.063187722004e-13       8.685901800703e-14       2.023479392103e-15 
  301       5.506516557183e-10       1.257406858996e-12       1.621449569783e-11       4.004261392467e-15       4.020175784225e-13       8.567614337706e-14       2.036117652189e-15 
  302       5.459941003842e-10       1.281564396909e-12       1.625273583983e-11       4.023464192860e-15       3.977702274847e-13       8.451045758419e-14       2.048509871703e-15 
  303       5.413303815928e-10       1.305851125939e-12       1.628587950867e-11       4.042567261559e-15       3.935766513800e-13       8.336181237033e-14       2.060652142469e-15 
  304       5.366617337201e-10       1.330260010445e-12       1.631391364849e-11       4.061570734989e-15       3.894367382312e-13       8.223004341641e-14       2.072540564586e-15 
  305       5.319894020695e-10       1.354783844493e-12       1.633682675130e-11       4.080474801027e-15       3.853503317805e-13       8.111497016850e-14       2.084171246793e-15 
  306       5.273146428634e-10       1.379415250577e-12       1.635460887447e-11       4.099279699517e-15       3.813172308808e-13       8.001639566411e-14       2.095540306846e-15 
  307       5.226387232345e-10       1.404146678336e-12       1.636725165830e-11       4.117985722790e-15       3.773371889854e-13       7.893410635834e-14       2.106643871880e-15 
  308       5.179629212174e-10       1.428970403275e-12       1.637474834355e-11       4.136593216178e-15       3.734099136390e-13       7.786787195007e-14       2.117478078784e-15 
  309       5.132885257398e-10       1.453878525485e-12       1.637709378892e-11       4.155102578537e-15       3.695350659674e-13       7.681744520823e-14       2.128039074567e-15 
  310       5.086168366144e-10       1.478862968358e-12       1.637428448865e-11       4.173514262758e-15       3.657122601686e-13       7.578256179796e-14       2.138323016729e-15 
  311       5.039491645300e-10       1.503915477312e-12       1.636631858997e-11       4.191828776290e-15       3.619410630027e-13       7.476294010679e-14       2.148326073632e-15 
  312       4.992868310431e-10       1.529027618507e-12       1.635319591068e-11       4.210046681654e-15       3.582209932825e-13       7.375828107093e-14       2.158044424866e-15 
  313       4.946311685693e-10       1.554190777563e-12       1.633491795666e-11       4.228168596965e-15       3.545515213639e-13       7.276826800140e-14       2.167474261621e-15 
  314       4.899835203748e-10       1.579396158282e-12       1.631148793942e-11       4.246195196443e-15       3.509320686363e-13       7.179256641025e-14       2.176611787057e-15 
  315       4.853452405681e-10       1.604634781368e-12       1.628291079357e-11       4.264127210936e-15       3.473620070129e-13       7.083082383679e-14       2.185453216671e-15 
  316       4.807176940911e-10       1.629897483142e-12       1.624919319441e-11       4.281965428438e-15       3.438406584212e-13       6.988266967379e-14       2.193994778669e-15 
  317       4.761022567105e-10       1.655174914265e-12       1.621034357543e-11       4.299710694600e-15       3.403672942934e-13       6.894771499366e-14       2.202232714333e-15 
  318       4.715003150099e-10       1.680457538456e-12       1.616637214583e-11       4.317363913256e-15       3.369411350566e-13       6.802555237468e-14       2.210163278395e-15 
  319       4.669132663805e-10       1.705735631210e-12       1.611729090808e-11       4.334926046935e-15       3.335613496237e-13       6.711575572721e-14       2.217782739399e-15 
  320       4.623425190131e-10       1.730999278520e-12       1.606311367541e-11       4.352398117379e-15       3.302270548830e-13       6.621788011987e-14       2.225087380079e-15 
  321       4.577894918892e-10       1.756238375595e-12       1.600385608934e-11       4.369781206065e-15       3.269373151895e-13       6.533146160576e-14       2.232073497722e-15 
  322       4.532556147728e-10       1.781442625577e-12       1.593953563724e-11       4.387076454716e-15       3.236911418545e-13       6.445601704867e-14       2.238737404542e-15 
  323       4.487423282016e-10       1.806601538264e-12       1.587017166984e-11       4.404285065825e-15       3.204874926366e-13       6.359104394928e-14       2.245075428046e-15 
  324       4.442510834786e-10       1.831704428827e-12       1.579578541874e-11       4.421408303166e-15       3.173252712316e-13       6.273602027138e-14       2.251083911405e-15 
  325       4.397833426636e-10       1.856740416531e-12       1.571640001398e-11       4.438447492320e-15       3.142033267635e-13       6.189040426803e-14       2.256759213825e-15 
  326       4.353405785645e-10       1.881698423451e-12       1.563204050151e-11       4.455404021182e-15       3.111204532742e-13       6.105363430783e-14       2.262097710915e-15 
  327       4.309242747288e-10       1.906567173194e-12       1.554273386076e-11       4.472279340490e-15       3.080753892145e-13       6.022512870109e-14       2.267095795054e-15 
  328       4.265359254353e-10       1.931335189618e-12       1.544850902217e-11       4.489074964332e-15       3.050668169340e-13       5.940428552601e-14       2.271749875765e-15 
  329       4.221770356852e-10       1.955990795550e-12       1.534939688469e-11       4.505792470672e-15       3.020933621719e-13       5.859048245494e-14       2.276056380083e-15 
  330       4.178491211940e-10       1.980522111508e-12       1.524543033333e-11       4.522433501862e-15       2.991535935472e-13       5.778307658057e-14       2.280011752924e-15 
  331       4.135537083824e-10       2.004917054416e-12       1.513664425666e-11       4.538999765164e-15       2.962460220492e-13       5.698140424210e-14       2.283612457453e-15 
  332       4.092922156668e-10       2.029164233905e-12       1.502307548702e-11       4.555492973036e-15       2.933693791639e-13       5.618491636264e-14       2.286856106470e-15 
  333       4.050655916244e-10       2.053255687019e-12       1.490476258216e-11       4.571914660076e-15       2.905234657017e-13       5.539359133954e-14       2.289744910325e-15 
  334       4.008746610216e-10       2.077184260344e-12       1.478174606837e-11       4.588266359104e-15       2.877083390142e-13       5.460753983197e-14       2.292282380184e-15 
  335       3.967202419537e-10       2.100942722881e-12       1.465406853431e-11       4.604549661119e-15       2.849240374931e-13       5.382687084834e-14       2.294472212184e-15 
  336       3.926031457083e-10       2.124523765748e-12       1.452177464845e-11       4.620766215753e-15       2.821705803630e-13       5.305169171960e-14       2.296318289023e-15 
  337       3.885241766271e-10       2.147920001868e-12       1.438491117658e-11       4.636917731718e-15       2.794479674741e-13       5.228210807257e-14       2.297824681561e-15 
  338       3.844841319696e-10       2.171123965663e-12       1.424352699915e-11       4.653005977267e-15       2.767561790950e-13       5.151822380317e-14       2.298995650420e-15 
  339       3.804838017745e-10       2.194128112751e-12       1.409767312883e-11       4.669032780635e-15       2.740951757060e-13       5.076014104976e-14       2.299835647574e-15 
  340       3.765239687233e-10       2.216924819636e-12       1.394740272785e-11       4.685000030503e-15       2.714648977911e-13       5.000796016643e-14       2.300349317953e-15 
  341       3.726054080025e-10       2.239506383401e-12       1.379277112551e-11       4.700909676440e-15       2.688652656317e-13       4.926177969625e-14       2.300541501034e-15 
  342       3.687288871663e-10       2.261865021405e-12       1.363383583559e-11       4.716763729363e-15       2.662961790987e-13       4.852169634461e-14       2.300417232445e-15 
  343       3.648951659990e-10       2.283992870975e-12       1.347065657383e-11       4.732564261983e-15       2.637575174461e-13       4.778780495249e-14       2.299981745554e-15 
  344       3.611049963780e-10       2.305881989097e-12       1.330329527531e-11       4.748313409262e-15       2.612491391029e-13       4.706019846976e-14       2.299240473076e-15 
  345       3.573591221363e-10       2.327524352114e-12       1.313181611197e-11       4.764013368862e-15       2.587708814670e-13       4.633896792848e-14       2.298199048660e-15 
  346       3.536582789249e-10       2.348911855416e-12       1.295628551000e-11       4.779666401601e-15       2.563225606971e-13       4.562420241616e-14       2.296863308493e-15 
  347       3.500031940757e-10       2.370036313134e-12       1.277677216730e-11       4.795274831899e-15       2.539039715060e-13       4.491598904908e-14       2.295239292895e-15 
  348       3.463945864641e-10       2.390889457836e-12       1.259334707092e-11       4.810841048236e-15       2.515148869536e-13       4.421441294559e-14       2.293333247916e-15 
  349       3.428331663714e-10       2.411462940215e-12       1.240608351452e-11       4.826367503604e-15       2.491550582392e-13       4.351955719939e-14       2.291151626932e-15 
  350       3.393196353475e-10       2.431748328792e-12       1.221505711578e-11       4.841856715953e-15       2.468242144947e-13       4.283150285280e-14       2.288701092246e-15 
  351       3.358546860739e-10       2.451737109597e-12       1.202034583390e-11       4.857311268652e-15       2.445220625775e-13       4.215032887009e-14       2.285988516680e-15 
  352       3.324390022256e-10       2.471420685875e-12       1.182202998697e-11       4.872733810934e-15       2.422482868632e-13       4.147611211077e-14       2.283020985175e-15 
  353       3.290732583346e-10       2.490790377770e-12       1.162019226947e-11       4.888127058352e-15       2.400025490382e-13       4.080892730283e-14       2.279805796390e-15 
  354       3.257581196516e-10       2.509837422023e-12       1.141491776971e-11       4.903493793230e-15       2.377844878932e-13       4.014884701613e-14       2.276350464295e-15 
  355       3.224942420094e-10       2.528552971666e-12       1.120629398722e-11       4.918836865115e-15       2.355937191151e-13       3.949594163557e-14       2.272662719771e-15 
  356       3.192822716851e-10       2.546928095712e-12       1.099441085028e-11       4.934159191232e-15       2.334298350808e-13       3.885027933450e-14       2.268750512204e-15 
  357       3.161228452628e-10       2.564953778853e-12       1.077936073327e-11       4.949463756931e-15       2.312924046493e-13       3.821192604793e-14       2.264622011088e-15 
  358       3.130165894963e-10       2.582620921149e-12       1.056123847419e-11       4.964753616143e-15       2.291809729550e-13       3.758094544587e-14       2.260285607616e-15 
  359       3.099641211716e-10       2.599920337725e-12       1.034014139208e-11       4.980031891833e-15       2.270950612002e-13       3.695739890658e-14       2.255749916281e-15 
  360       3.069660469698e-10       2.616842758463e-12       1.011616930443e-11       4.995301776447e-15       2.250341664483e-13       3.634134548991e-14       2.251023776470e-15 
  361       3.040229633294e-10       2.633378827697e-12       9.889424544665e-12       5.010566532372e-15       2.229977614162e-13       3.573284191057e-14       2.246116254065e-15 
  362       3.011354563088e-10       2.649519103902e-12       9.660011979579e-12       5.025829492380e-15       2.209852942676e-13       3.513194251140e-14       2.241036643037e-15 
  363       2.983041014497e-10       2.665254059393e-12       9.428039026768e-12       5.041094060088e-15       2.189961884054e-13       3.453869923670e-14       2.235794467043e-15 
  364       2.955294636387e-10       2.680574080017e-12       9.193615672081e-12       5.056363710403e-15       2.170298422648e-13       3.395316160552e-14       2.230399481027e-15 
  365       2.928120969706e-10       2.695469464844e-12       8.956854487063e-12       5.071641989979e-15       2.150856291062e-13       3.337537668491e-14       2.224861672813e-15 
  366       2.901525446110e-10       2.709930425862e-12       8.717870646398e-12       5.086932517669e-15       2.131628968077e-13       3.280538906326e-14       2.219191264704e-15 
  367       2.875513386586e-10       2.723947087672e-12       8.476781945352e-12       5.102238984974e-15       2.112609676583e-13       3.224324082357e-14       2.213398715077e-15 
  368       2.850090000079e-10       2.737509487181e-12       8.233708817219e-12       5.117565156499e-15       2.093791381505e-13       3.168897151675e-14       2.207494719985e-15 
  369       2.825260382121e-10       2.750607573292e-12       7.988774350761e-12       5.132914870402e-15       2.075166787733e-13       3.114261813491e-14       2.201490214749e-15 
  370       2.801029513454e-10       2.763231206603e-12       7.742104307656e-12       5.148292038849e-15       2.056728338050e-13       3.060421508465e-14       2.195396375557e-15 
  371       2.777401706708e-10       2.775371447212e-12       7.493817726159e-12       5.163700283457e-15       2.038469592215e-13       3.007378421046e-14       2.189222478803e-15 
  372       2.754378925369e-10       2.787024474309e-12       7.243998291228e-12       5.179141824993e-15       2.020389427938e-13       2.955130448922e-14       2.182969383515e-15 
  373       2.731962396388e-10       2.798187819245e-12       6.992721879146e-12       5.194618551145e-15       2.002488000104e-13       2.903674109836e-14       2.176635797213e-15 
  374       2.710153154347e-10       2.808859092063e-12       6.740065879469e-12       5.210132377750e-15       1.984765373584e-13       2.853005522353e-14       2.170220394902e-15 
  375       2.688952039608e-10       2.819035982309e-12       6.486109204285e-12       5.225685248927e-15       1.967221522357e-13       2.803120402327e-14       2.163721818800e-15 
  376       2.668359696458e-10       2.828716259847e-12       6.230932297474e-12       5.241279137210e-15       1.949856328642e-13       2.754014059362e-14       2.157138678079e-15 
  377       2.648376571257e-10       2.837897775671e-12       5.974617143964e-12       5.256916043686e-15       1.932669582029e-13       2.705681393278e-14       2.150469548596e-15 
  378       2.629002910584e-10       2.846578462722e-12       5.717247278989e-12       5.272597998126e-15       1.915660978606e-13       2.658116890575e-14       2.143712972627e-15 
  379       2.610238759381e-10       2.854756336699e-12       5.458907797353e-12       5.288327059125e-15       1.898830120087e-13       2.611314620896e-14       2.136867458604e-15 
  380       2.592083959100e-10       2.862429496870e-12       5.199685362680e-12       5.304105314231e-15       1.882176512946e-13       2.565268233494e-14       2.129931480849e-15 
  381       2.574538145852e-10       2.869596126892e-12       4.939668216680e-12       5.319934880083e-15       1.865699567543e-13       2.519970953691e-14       2.122903479305e-15 
  382       2.557600748553e-10       2.876254495618e-12       4.678946188404e-12       5.335817902548e-15       1.849398597251e-13       2.475415579347e-14       2.115781859274e-15 
  383       2.541270987065e-10       2.882402957915e-12       4.417610703500e-12       5.351756556851e-15       1.833272817590e-13       2.431594477322e-14       2.108564991153e-15 
  384       2.525547870348e-10       2.888039955475e-12       4.155754793477e-12       5.367753047713e-15       1.817321345355e-13       2.388499579942e-14       2.101251210162e-15 
  385       2.510430194606e-10       2.893164017630e-12       3.893473104960e-12       5.383809609485e-15       1.801543197743e-13       2.346122381457e-14       2.093838816086e-15 
  386       2.495916541430e-10       2.897773762163e-12       3.630861908949e-12       5.399928506283e-15       1.785937291485e-13       2.304453934515e-14       2.086326073003e-15 
  387       2.482005275946e-10       2.901867896125e-12       3.368019110077e-12       5.416112032122e-15       1.770502441971e-13       2.263484846617e-14       2.078711209024e-15 
  388       2.468694544963e-10       2.905445216648e-12       3.105044255870e-12       5.432362511053e-15       1.755237362387e-13       2.223205276586e-14       2.070992416022e-15 
  389       2.455982275116e-10       2.908504611754e-12       2.842038546004e-12       5.448682297296e-15       1.740140662835e-13       2.183604931031e-14       2.063167849372e-15 
  390       2.443866171015e-10       2.911045061175e-12       2.579104841563e-12       5.465073775375e-15       1.725210849469e-13       2.144673060809e-14       2.055235627681e-15 
  391       2.432343713390e-10       2.913065637161e-12       2.316347674299e-12       5.481539360252e-15       1.710446323623e-13       2.106398457489e-14       2.047193832525e-15 
  392       2.421412157239e-10       2.914565505297e-12       2.053873255891e-12       5.498081497466e-15       1.695845380936e-13       2.068769449821e-14       2.039040508183e-15 
  393       2.411068529971e-10       2.915543925316e-12       1.791789487200e-12       5.514702663263e-15       1.681406210489e-13       2.031773900192e-14       2.030773661370e-15 
  394       2.401309629557e-10       2.916000251911e-12       1.530205967531e-12       5.531405364731e-15       1.667126893925e-13       1.995399201098e-14       2.022391260975e-15 
  395       2.392132022671e-10       2.915933935549e-12       1.269234003890e-12       5.548192139941e-15       1.653005404587e-13       1.959632271602e-14       2.013891237790e-15 
  396       2.383532042839e-10       2.915344523287e-12       1.008986620242e-12       5.565065558072e-15       1.639039606641e-13       1.924459553804e-14       2.005271484249e-15 
  397       2.375505788589e-10       2.914231659580e-12       7.495785667711e-13       5.582028219556e-15       1.625227254210e-13       1.889867009299e-14       1.996529854162e-15 
  398       2.368049121589e-10       2.912595087101e-12       4.911263291368e-13       5.599082756205e-15       1.611565990497e-13       1.855840115645e-14       1.987664162448e-15 
  399       2.361157664802e-10       2.910434647550e-12       2.337481377339e-13       5.616231831351e-15       1.598053346923e-13       1.822363862827e-14       1.978672184868e-15 
  400       2.354826800624e-10       2.907750282469e-12      -2.243602304953e-14       5.633478139977e-15       1.584686742247e-13       1.789422749718e-14       1.969551657765e-15 
  401       2.349051669038e-10       2.904542034056e-12      -2.773044055735e-13       5.650824408855e-15       1.571463481702e-13       1.757000780549e-14       1.960300277792e-15 
  402       2.343827165756e-10       2.900810045978e-12      -5.307334896880e-13       5.668273396678e-15       1.558380756122e-13       1.725081461365e-14       1.950915701649e-15 
  403       2.339147940366e-10       2.896554564183e-12      -7.825979734741e-13       5.685827894198e-15       1.545435641070e-13       1.693647796498e-14       1.941395545822e-15 
  404       2.335008394479e-10       2.891775937717e-12      -1.032770763986e-12       5.703490724359e-15       1.532625095970e-13       1.662682285024e-14       1.931737386308e-15 
  405       2.331402679874e-10       2.886474619534e-12      -1.281122967992e-12       5.721264742430e-15       1.519945963233e-13       1.632166917229e-14       1.921938758359e-15 
  406       2.328324696645e-10       2.880651167312e-12      -1.527523882717e-12       5.739152836143e-15       1.507394967389e-13       1.602083171078e-14       1.911997156209e-15 
  407       2.325768091349e-10       2.874306244265e-12      -1.771840986582e-12       5.757157925829e-15       1.494968714215e-13       1.572412008671e-14       1.901910032814e-15 
  408       2.323726255150e-10       2.867440619956e-12      -2.013939929949e-12       5.775282964547e-15       1.482663689865e-13       1.543133872713e-14       1.891674799584e-15 
  409       2.322192321965e-10       2.860055171114e-12      -2.253684525859e-12       5.793530938224e-15       1.470476259998e-13       1.514228682976e-14       1.881288826115e-15 
  410       2.321159166615e-10       2.852150882444e-12      -2.490936740777e-12       5.811904865789e-15       1.458402668909e-13       1.485675832763e-14       1.870749439929e-15 
  411       2.320619919374e-10       2.843729509762e-12      -2.725571280039e-12       5.830407341077e-15       1.446439702886e-13       1.457457938250e-14       1.860054736910e-15 
  412       2.320569533457e-10       2.834795593573e-12      -2.957519930886e-12       5.849039140446e-15       1.434586707891e-13       1.429572239673e-14       1.849206044710e-15 
  413       2.321003269280e-10       2.825354518235e-12      -3.186728768020e-12       5.867800566228e-15       1.422843641462e-13       1.402019596032e-14       1.838205545863e-15 
  414       2.321916181566e-10       2.815411857349e-12      -3.413143701503e-12       5.886691900326e-15       1.411210414521e-13       1.374800767730e-14       1.827055475250e-15 
  415       2.323303117859e-10       2.804973375037e-12      -3.636710477841e-12       5.905713404022e-15       1.399686890975e-13       1.347916415700e-14       1.815758120403e-15 
  416       2.325158717037e-10       2.794045027228e-12      -3.857374681069e-12       5.924865317791e-15       1.388272887319e-13       1.321367100522e-14       1.804315821824e-15 
  417       2.327477407825e-10       2.782632962937e-12      -4.075081733834e-12       5.944147861107e-15       1.376968172229e-13       1.295153281552e-14       1.792730973282e-15 
  418       2.330253407304e-10       2.770743525553e-12      -4.289776898481e-12       5.963561232256e-15       1.365772466171e-13       1.269275316044e-14       1.781006022133e-15 
  419       2.333480719424e-10       2.758383254118e-12      -4.501405278136e-12       5.983105608142e-15       1.354685440994e-13       1.243733458273e-14       1.769143469621e-15 
  420       2.337153133522e-10       2.745558884612e-12      -4.709911817791e-12       6.002781144105e-15       1.343706719532e-13       1.218527858659e-14       1.757145871192e-15 
  421       2.341264222826e-10       2.732277351234e-12      -4.915241305389e-12       6.022587973721e-15       1.332835875204e-13       1.193658562893e-14       1.745015836799e-15 
  422       2.345807342971e-10       2.718545787685e-12      -5.117338372907e-12       6.042526208621e-15       1.322072431617e-13       1.169125511057e-14       1.732756031214e-15 
  423       2.350775630515e-10       2.704371528455e-12      -5.316147497441e-12       6.062595938295e-15       1.311415862161e-13       1.144928536748e-14       1.720369174336e-15 
  424       2.356162001443e-10       2.689762110099e-12      -5.511613002289e-12       6.082797229906e-15       1.300865589611e-13       1.121067366205e-14       1.707858041500e-15 
  425       2.361959149686e-10       2.674725272525e-12      -5.703679058040e-12       6.103130128098e-15       1.290420985728e-13       1.097541617429e-14       1.695225463786e-15 
  426       2.368159545633e-10       2.659268960276e-12      -5.892289683652e-12       6.123594654807e-15       1.280081370858e-13       1.074350799311e-14       1.682474328328e-15 
  427       2.374755434639e-10       2.643401323811e-12      -6.077388747540e-12       6.144190809071e-15       1.269846013533e-13       1.051494310749e-14       1.669607578622e-15 
  428       2.381738835540e-10       2.627130720790e-12      -6.258919968659e-12       6.164918566838e-15       1.259714130069e-13       1.028971439778e-14       1.656628214836e-15 
  429       2.389101539165e-10       2.610465717356e-12      -6.436826917592e-12       6.185777880782e-15       1.249684884167e-13       1.006781362691e-14       1.643539294121e-15 
  430       2.396835106851e-10       2.593415089417e-12      -6.611053017627e-12       6.206768680105e-15       1.239757386515e-13       9.849231431613e-15       1.630343930916e-15 
  431       2.404930868949e-10       2.575987823931e-12      -6.781541545849e-12       6.227890870354e-15       1.229930694384e-13       9.633957313695e-15       1.617045297258e-15 
  432       2.413379923341e-10       2.558193120185e-12      -6.948235634220e-12       6.249144333228e-15       1.220203811230e-13       9.421979631246e-15       1.603646623093e-15 
  433       2.422173133952e-10       2.540040391085e-12      -7.111078270664e-12       6.270528926387e-15       1.210575686297e-13       9.213285589881e-15       1.590151196585e-15 
  434       2.431301129262e-10       2.521539264429e-12      -7.270012300152e-12       6.292044483266e-15       1.201045214211e-13       9.007861233985e-15       1.576562364422e-15 
  435       2.440754300815e-10       2.502699584200e-12      -7.424980425786e-12       6.313690812881e-15       1.191611234584e-13       8.805691437941e-15       1.562883532128e-15 
  436       2.450522801737e-10       2.483531411841e-12      -7.575925209883e-12       6.335467699641e-15       1.182272531613e-13       8.606759897369e-15       1.549118164369e-15 
  437       2.460596545243e-10       2.464045027542e-12      -7.722789075060e-12       6.357374903159e-15       1.173027833680e-13       8.411049120365e-15       1.535269785265e-15 
  438       2.470965203154e-10       2.444250931523e-12      -7.865514305319e-12       6.379412158061e-15       1.163875812953e-13       8.218540418735e-15       1.521341978698e-15 
  439       2.481618204404e-10       2.424159845313e-12      -8.004043047129e-12       6.401579173795e-15       1.154815084983e-13       8.029213899234e-15       1.507338388621e-15 
  440       2.492544733557e-10       2.403782713038e-12      -8.138317310513e-12       6.423875634444e-15       1.145844208307e-13       7.843048454797e-15       1.493262719365e-15 
  441       2.503733729318e-10       2.383130702701e-12      -8.268278970130e-12       6.446301198532e-15       1.136961684047e-13       7.660021755783e-15       1.479118735952e-15 
  442       2.515173883042e-10       2.362215207465e-12      -8.393869766362e-12       6.468855498840e-15       1.128165955510e-13       7.480110241207e-15       1.464910264399e-15 
  443       2.526853637252e-10       2.341047846936e-12      -8.515031306394e-12       6.491538142211e-15       1.119455407788e-13       7.303289109977e-15       1.450641192033e-15 
  444       2.538761184148e-10       2.319640468447e-12      -8.631705065303e-12       6.514348709360e-15       1.110828367356e-13       7.129532312131e-15       1.436315467793e-15 
  445       2.550884464116e-10       2.298005148338e-12      -8.743832387142e-12       6.537286754689e-15       1.102283101677e-13       6.958812540075e-15       1.421937102546e-15 
  446       2.563211164248e-10       2.276154193244e-12      -8.851354486020e-12       6.560351806092e-15       1.093817818796e-13       6.791101219817e-15       1.407510169390e-15 
  447       2.575728716848e-10       2.254100141372e-12      -8.954212447190e-12       6.583543364769e-15       1.085430666944e-13       6.626368502205e-15       1.393038803967e-15 
  448       2.588424297947e-10       2.231855763788e-12      -9.052347228133e-12       6.606860905032e-15       1.077119734138e-13       6.464583254163e-15       1.378527204770e-15 
  449       2.601284825815e-10       2.209434065698e-12      -9.145699659642e-12       6.630303874118e-15       1.068883047777e-13       6.305713049930e-15       1.363979633453e-15 
  450       2.614296959472e-10       2.186848287732e-12      -9.234210446906e-12       6.653871692001e-15       1.060718574247e-13       6.149724162291e-15       1.349400415141e-15 
  451       2.627448408312e-10       2.164111293065e-12      -9.317831404636e-12       6.677563538011e-15       1.052624566653e-13       5.996586327496e-15       1.334793492009e-15 
  452       2.640731910459e-10       2.141233704433e-12      -9.396559558826e-12       6.701377703530e-15       1.044600621173e-13       5.846287226872e-15       1.320161067581e-15 
  453       2.654141379697e-10       2.118225709606e-12      -9.470404146139e-12       6.725312218067e-15       1.036646653962e-13       5.698818454672e-15       1.305504919348e-15 
  454       2.667670605231e-10       2.095097671034e-12      -9.539375486874e-12       6.749365060237e-15       1.028762555899e-13       5.554170780641e-15       1.290826841595e-15 
  455       2.681313250972e-10       2.071860126774e-12      -9.603484992659e-12       6.773534157452e-15       1.020948192391e-13       5.412334144062e-15       1.276128645446e-15 
  456       2.695062854821e-10       2.048523791409e-12      -9.662745174147e-12       6.797817385603e-15       1.013203403178e-13       5.273297647807e-15       1.261412158909e-15 
  457       2.708912827957e-10       2.025099556968e-12      -9.717169648719e-12       6.822212568744e-15       1.005528002139e-13       5.137049552378e-15       1.246679226922e-15 
  458       2.722856454113e-10       2.001598493852e-12      -9.766773148177e-12       6.846717478779e-15       9.979217770971e-14       5.003577269959e-15       1.231931711400e-15 
  459       2.736886888868e-10       1.978031851749e-12      -9.811571526443e-12       6.871329835143e-15       9.903844896212e-14       4.872867358458e-15       1.217171491280e-15 
  460       2.750997158925e-10       1.954411060561e-12      -9.851581767256e-12       6.896047304491e-15       9.829158748351e-14       4.744905515557e-15       1.202400462569e-15 
  461       2.765180161402e-10       1.930747731322e-12      -9.886821991870e-12       6.920867500377e-15       9.755156412202e-14       4.619676572756e-15       1.187620538387e-15 
  462       2.779428663107e-10       1.907053657121e-12      -9.917311466750e-12       6.945787982946e-15       9.681834704207e-14       4.497164489423e-15       1.172833649014e-15 
  463       2.793735299830e-10       1.883340814021e-12      -9.943070611271e-12       6.970806258610e-15       9.609190170489e-14       4.377352346837e-15       1.158041741940e-15 
  464       2.808092575625e-10       1.859621361984e-12      -9.964121005414e-12       6.995919779742e-15       9.537219084895e-14       4.260222342237e-15       1.143246781903e-15 
  465       2.822492862089e-10       1.835907645789e-12      -9.980485397464e-12       7.021125944353e-15       9.465917447051e-14       4.145755782868e-15       1.128450750943e-15 
  466       2.836928397656e-10       1.812212195956e-12      -9.992187711710e-12       7.046422095778e-15       9.395280980408e-14       4.033933080027e-15       1.113655648444e-15 
  467       2.851391286870e-10       1.788547729665e-12      -9.999253056137e-12       7.071805522366e-15       9.325305130293e-14       3.924733743111e-15       1.098863491179e-15 
  468       2.865873499677e-10       1.764927151678e-12      -1.000170773013e-11       7.097273457158e-15       9.255985061956e-14       3.818136373662e-15       1.084076313360e-15 
  469       2.880366870708e-10       1.741363555261e-12      -9.999579232156e-12       7.122823077574e-15       9.187315658620e-14       3.714118659415e-15       1.069296166680e-15 
  470       2.894863098558e-10       1.717870223107e-12      -9.992896267491e-12       7.148451505099e-15       9.119291519532e-14       3.612657368344e-15       1.054525120361e-15 
  471       2.909353745076e-10       1.694460628253e-12      -9.981688755888e-12       7.174155804966e-15       9.051906958010e-14       3.513728342710e-15       1.039765261200e-15 
  472       2.923830234647e-10       1.671148435004e-12      -9.965987839289e-12       7.199932985842e-15       8.985155999490e-14       3.417306493104e-15       1.025018693615e-15 
  473       2.938283853475e-10       1.647947499855e-12      -9.945825889518e-12       7.225779999510e-15       8.919032379582e-14       3.323365792497e-15       1.010287539690e-15 
  474       2.952705748868e-10       1.624871872411e-12      -9.921236515981e-12       7.251693740558e-15       8.853529542113e-14       3.231879270288e-15       9.955739392223e-16 
  475       2.967086928522e-10       1.601935796308e-12      -9.892254573362e-12       7.277671046059e-15       8.788640637178e-14       3.142819006345e-15       9.808800497679e-16 
  476       2.981418259805e-10       1.579153710138e-12      -9.858916169319e-12       7.303708695257e-15       8.724358519189e-14       3.056156125057e-15       9.662080466874e-16 
  477       2.995690469042e-10       1.556540248364e-12      -9.821258672185e-12       7.329803409255e-15       8.660675744925e-14       2.971860789378e-15       9.515601231924e-16 
  478       3.009894140798e-10       1.534110242246e-12      -9.779320718663e-12       7.355951850694e-15       8.597584571582e-14       2.889902194874e-15       9.369384903912e-16 
  479       3.024019717161e-10       1.511878720762e-12      -9.733142221521e-12       7.382150623441e-15       8.535076954818e-14       2.810248563771e-15       9.223453773350e-16 
  480       3.038057497029e-10       1.489860911528e-12      -9.682764377296e-12       7.408396272276e-15       8.473144546806e-14       2.732867139000e-15       9.077830310637e-16 
  481       3.051997635393e-10       1.468072241718e-12      -9.628229673986e-12       7.434685282571e-15       8.411778694283e-14       2.657724178244e-15       8.932537166523e-16 
  482       3.065830142618e-10       1.446528338991e-12      -9.569581898747e-12       7.461014079976e-15       8.350970436597e-14       2.584784947984e-15       8.787597172565e-16 
  483       3.079544883732e-10       1.425245032406e-12      -9.506866145596e-12       7.487379030109e-15       8.290710503758e-14       2.514013717548e-15       8.643033341591e-16 
  484       3.093131577708e-10       1.404238353344e-12      -9.440128823100e-12       7.513776438234e-15       8.230989314486e-14       2.445373753157e-15       8.498868868154e-16 
  485       3.106579796745e-10       1.383524536436e-12      -9.369417662083e-12       7.540202548949e-15       8.171796974260e-14       2.378827311967e-15       8.355127129002e-16 
  486       3.119878965559e-10       1.363120020476e-12      -9.294781723316e-12       7.566653545868e-15       8.113123273369e-14       2.314335636124e-15       8.211831683528e-16 
  487       3.133018360659e-10       1.343041449347e-12      -9.216271405217e-12       7.593125551311e-15       8.054957684959e-14       2.251858946803e-15       8.069006274235e-16 
  488       3.145987109638e-10       1.323305672940e-12      -9.133938451547e-12       7.619614625982e-15       7.997289363085e-14       2.191356438258e-15       7.926674827199e-16 
  489       3.158774190453e-10       1.303929748079e-12      -9.047835959113e-12       7.646116768658e-15       7.940107140755e-14       2.132786271870e-15       7.784861452523e-16 
  490       3.171368430710e-10       1.284930939438e-12      -8.958018385456e-12       7.672627915872e-15       7.883399527984e-14       2.076105570191e-15       7.643590444800e-16 
  491       3.183759944870e-10       1.266324988760e-12      -8.864542583990e-12       7.699144154186e-15       7.827156605965e-14       2.021274884433e-15       7.502882239724e-16 
  492       3.195944494147e-10       1.248120864234e-12      -8.767470927479e-12       7.725662364559e-15       7.771375775270e-14       1.968271754617e-15       7.362741151221e-16 
  493       3.207919254355e-10       1.230325857393e-12      -8.666868292250e-12       7.752179596450e-15       7.716056174089e-14       1.917077539397e-15       7.223167271954e-16 
  494       3.219681389667e-10       1.212947300808e-12      -8.562801047318e-12       7.778692856738e-15       7.661196796496e-14       1.867672975219e-15       7.084160482776e-16 
  495       3.231228052606e-10       1.195992568155e-12      -8.455337062588e-12       7.805199109521e-15       7.606796491442e-14       1.820038172588e-15       6.945720451185e-16 
  496       3.242556384050e-10       1.179469074275e-12      -8.344545717067e-12       7.831695275900e-15       7.552853961743e-14       1.774152612340e-15       6.807846629776e-16 
  497       3.253663513230e-10       1.163384275234e-12      -8.230497907070e-12       7.858178233774e-15       7.499367763076e-14       1.729995141910e-15       6.670538254689e-16 
  498       3.264546557725e-10       1.147745668385e-12      -8.113266054427e-12       7.884644817625e-15       7.446336302963e-14       1.687543971598e-15       6.533794344064e-16 
  499       3.275202623461e-10       1.132560792427e-12      -7.992924114693e-12       7.911091818315e-15       7.393757839770e-14       1.646776670841e-15       6.397613696491e-16 
  500       3.285628804712e-10       1.117837227469e-12      -7.869547585353e-12       7.937515982870e-15       7.341630481692e-14       1.607670164481e-15       6.261994889461e-16 
  501       3.295822184097e-10       1.103582595091e-12      -7.743213514032e-12       7.963914014273e-15       7.289952185747e-14       1.570200729033e-15       6.126936277816e-16 
  502       3.305779832576e-10       1.089804558403e-12      -7.614000506703e-12       7.990282571253e-15       7.238720756764e-14       1.534343988954e-15       5.992435992204e-16 
  503       3.315498809454e-10       1.076510822107e-12      -7.481988735891e-12       8.016618268078e-15       7.187933846380e-14       1.500074912913e-15       5.858491937527e-16 
  504       3.324976162371e-10       1.063709132560e-12      -7.347259948887e-12       8.042917674341e-15       7.137588952025e-14       1.467367810058e-15       5.725101791396e-16 
  505       3.334208927310e-10       1.051407277830e-12      -7.209897475949e-12       8.069177314756e-15       7.087683415914e-14       1.436196326287e-15       5.592263002577e-16 
  506       3.343194128588e-10       1.039613087765e-12      -7.069986238516e-12       8.095393668942e-15       7.038214424043e-14       1.406533440514e-15       5.459972789448e-16 
  507       3.351928778858e-10       1.028334434047e-12      -6.927612757412e-12       8.121563171215e-15       6.989179005172e-14       1.378351460941e-15       5.328228138447e-16 
  508       3.360409879104e-10       1.017579230256e-12      -6.782865161053e-12       8.147682210383e-15       6.940574029824e-14       1.351622021324e-15       5.197025802525e-16 
  509       3.368634418645e-10       1.007355431932e-12      -6.635833193659e-12       8.173747129529e-15       6.892396209272e-14       1.326316077243e-15       5.066362299596e-16 
  510       3.376599375129e-10       9.976710366333e-13      -6.486608223456e-12       8.199754225806e-15       6.844642094528e-14       1.302403902371e-15       4.936233910988e-16 
  511       3.384301714530e-10       9.885340840022e-13      -6.335283250891e-12       8.225699750226e-15       6.797308075339e-14       1.279855084743e-15       4.806636679899e-16 
  512       3.391738391152e-10       9.799526558211e-13      -6.181952916832e-12       8.251579907450e-15       6.750390379174e-14       1.258638523024e-15       4.677566409842e-16 
  513       3.398906347622e-10       9.719348760768e-13      -6.026713510783e-12       8.277390855578e-15       6.703885070219e-14       1.238722422778e-15       4.549018663099e-16 
  514       3.405802514892e-10       9.644889110204e-13      -5.869662979085e-12       8.303128705940e-15       6.657788048362e-14       1.220074292738e-15       4.420988759174e-16 
  515       3.412423812234e-10       9.576229692288e-13      -5.710900933128e-12       8.328789522885e-15       6.612095048191e-14       1.202660941072e-15       4.293471773244e-16 
  516       3.418767147243e-10       9.513453016660e-13      -5.550528657560e-12       8.354369323573e-15       6.566801637979e-14       1.186448471656e-15       4.166462534607e-16 
  517       3.424829415830e-10       9.456642017435e-13      -5.388649118490e-12       8.379864077764e-15       6.521903218681e-14       1.171402280338e-15       4.039955625138e-16 
  518       3.430607502223e-10       9.405880053824e-13      -5.225366971700e-12       8.405269707607e-15       6.477395022919e-14       1.157487051212e-15       3.913945377736e-16 
  519       3.436098278968e-10       9.361250910736e-13      -5.060788570850e-12       8.430582087434e-15       6.433272113976e-14       1.144666752881e-15       3.788425874779e-16 
  520       3.441298606922e-10       9.322838799397e-13      -4.895021975688e-12       8.455797043547e-15       6.389529384790e-14       1.132904634731e-15       3.663390946574e-16 
  521       3.446205335255e-10       9.290728357956e-13      -4.728176960256e-12       8.480910354007e-15       6.346161556937e-14       1.122163223197e-15       3.538834169809e-16 
  522       3.450815301447e-10       9.265004652099e-13      -4.560365021099e-12       8.505917748430e-15       6.303163179631e-14       1.112404318032e-15       3.414748866002e-16 
  523       3.455125331287e-10       9.245753175657e-13      -4.391699385471e-12       8.530814907770e-15       6.260528628708e-14       1.103588988578e-15       3.291128099956e-16 
  524       3.459132238872e-10       9.233059851222e-13      -4.222295019546e-12       8.555597464117e-15       6.218252105624e-14       1.095677570032e-15       3.167964678207e-16 
  525       3.462832826604e-10       9.227011030755e-13      -4.052268636622e-12       8.580261000478e-15       6.176327636438e-14       1.088629659714e-15       3.045251147478e-16 
  526       3.466223885187e-10       9.227693496198e-13      -3.881738705332e-12       8.604801050576e-15       6.134749070809e-14       1.082404113342e-15       2.922979793128e-16 
  527       3.469302193630e-10       9.235194460085e-13      -3.710825457850e-12       8.629213098635e-15       6.093510080985e-14       1.076959041292e-15       2.801142637607e-16 
  528       3.472064519242e-10       9.249601566154e-13      -3.539650898098e-12       8.653492579172e-15       6.052604160793e-14       1.072251804874e-15       2.679731438903e-16 
  529       3.474507617630e-10       9.271002889956e-13      -3.368338809957e-12       8.677634876787e-15       6.012024624634e-14       1.068239012599e-15       2.558737688996e-16 
  530       3.476628232698e-10       9.299486939471e-13      -3.197014765471e-12       8.701635325952e-15       5.971764606469e-14       1.064876516444e-15       2.438152612310e-16 
  531       3.478423962624e-10       9.335124861297e-13      -3.025796333346e-12       8.725489724473e-15       5.931818152717e-14       1.062127225384e-15       2.317970921836e-16 
  532       3.479895883878e-10       9.377916521832e-13      -2.854763392743e-12       8.749195889764e-15       5.892183535921e-14       1.059984788982e-15       2.198202203841e-16 
  533       3.481045999124e-10       9.427842949424e-13      -2.683987021997e-12       8.772752144815e-15       5.852860029917e-14       1.058450555587e-15       2.078859842149e-16 
  534       3.481876378111e-10       9.484883988176e-13      -2.513539228763e-12       8.796156808387e-15       5.813846823601e-14       1.057525813386e-15       1.959957288745e-16 
  535       3.482389158041e-10       9.549018290997e-13      -2.343492954058e-12       8.819408195024e-15       5.775143020388e-14       1.057211789993e-15       1.841508063824e-16 
  536       3.482586543932e-10       9.620223312654e-13      -2.173922076308e-12       8.842504615059e-15       5.736747637662e-14       1.057509652040e-15       1.723525755832e-16 
  537       3.482470808990e-10       9.698475302822e-13      -2.004901415392e-12       8.865444374624e-15       5.698659606239e-14       1.058420504764e-15       1.606024021523e-16 
  538       3.482044294971e-10       9.783749299143e-13      -1.836506736685e-12       8.888225775655e-15       5.660877769815e-14       1.059945391600e-15       1.489016585997e-16 
  539       3.481309412548e-10       9.876019120272e-13      -1.668814755109e-12       8.910847115907e-15       5.623400884429e-14       1.062085293767e-15       1.372517242754e-16 
  540       3.480268641678e-10       9.975257358933e-13      -1.501903139169e-12       8.933306688956e-15       5.586227617913e-14       1.064841129860e-15       1.256539853740e-16 
  541       3.478924531967e-10       1.008143537497e-12      -1.335850515008e-12       8.955602784209e-15       5.549356549351e-14       1.068213755437e-15       1.141098349393e-16 
  542       3.477279703038e-10       1.019452328839e-12      -1.170736470443e-12       8.977733686916e-15       5.512786168534e-14       1.072203962611e-15       1.026206728693e-16 
  543       3.475336844895e-10       1.031448997245e-12      -1.006641559016e-12       8.999697678173e-15       5.476514875414e-14       1.076812479640e-15       9.118790592087e-17 
  544       3.473098718291e-10       1.044130304665e-12      -8.436473040351e-13       9.021493034935e-15       5.440540979563e-14       1.082039970512e-15       7.981294771437e-17 
  545       3.470568155093e-10       1.057492886985e-12      -6.818362026226e-13       9.043118030022e-15       5.404862699625e-14       1.087887034541e-15       6.849721873862e-17 
  546       3.467748058650e-10       1.071533253327e-12      -5.212917297574e-13       9.064570932128e-15       5.369478162776e-14       1.094354205950e-15       5.724214635558e-17 
  547       3.464641404158e-10       1.086247785358e-12      -3.620983423216e-13       9.085850005828e-15       5.334385404175e-14       1.101441953466e-15       4.604916480508e-17 
  548       3.461251239026e-10       1.101632736592e-12      -2.043414831443e-13       9.106953511591e-15       5.299582366424e-14       1.109150679906e-15       3.491971520962e-17 
  549       3.457580683241e-10       1.117684231698e-12      -4.810758504754e-14       9.127879705782e-15       5.265066899020e-14       1.117480721767e-15       2.385524557913e-17 
  550       3.453632929737e-10       1.134398265804e-12       1.065159251095e-13       9.148626840675e-15       5.230836757813e-14       1.126432348817e-15       1.285721081570e-17 
  551       3.449411244761e-10       1.151770703802e-12       2.594406223852e-13       9.169193164462e-15       5.196889604463e-14       1.136005763684e-15       1.927072718393e-18 
  552       3.444918968237e-10       1.169797279655e-12       4.105770797105e-13       9.189576921256e-15       5.163223005891e-14       1.146201101444e-15      -8.933700012056e-18 
  553       3.440159514134e-10       1.188473595698e-12       5.598348638444e-13       9.209776351105e-15       5.129834433740e-14       1.157018429212e-15      -1.972363176842e-17 
  554       3.435136370830e-10       1.207795121948e-12       7.071225313282e-13       9.229789689999e-15       5.096721263828e-14       1.168457745732e-15      -3.044124003227e-17 
  555       3.429853101482e-10       1.227757195407e-12       8.523476244415e-13       9.249615169876e-15       5.063880775602e-14       1.180518980964e-15      -4.108503536916e-17 
  556       3.424313344389e-10       1.248355019369e-12       9.954166671565e-13       9.269251018633e-15       5.031310151598e-14       1.193201995677e-15      -5.165352142391e-17 
  557       3.418520813359e-10       1.269583662719e-12       1.136235161094e-12       9.288695460134e-15       4.999006476894e-14       1.206506581036e-15      -6.214519491582e-17 
  558       3.412479298077e-10       1.291438059249e-12       1.274707581476e-12       9.307946714219e-15       4.966966738566e-14       1.220432458192e-15      -7.255854563393e-17 
  559       3.406192664468e-10       1.313913006954e-12       1.410737373085e-12       9.327002996709e-15       4.935187825145e-14       1.234979277871e-15      -8.289205643224e-17 
  560       3.399664855066e-10       1.337003167339e-12       1.544226946215e-12       9.345862519420e-15       4.903666526069e-14       1.250146619965e-15      -9.314420322494e-17 
  561       3.392899889379e-10       1.360703064729e-12       1.675077672628e-12       9.364523490164e-15       4.872399531145e-14       1.265933993121e-15      -1.033134549817e-16 
  562       3.385901864255e-10       1.385007085570e-12       1.803189881511e-12       9.382984112768e-15       4.841383429997e-14       1.282340834329e-15      -1.133982737228e-16 
  563       3.378674954249e-10       1.409909477733e-12       1.928462855427e-12       9.401242587070e-15       4.810614711531e-14       1.299366508515e-15      -1.233971145145e-16 
  564       3.371223411990e-10       1.435404349823e-12       2.050794826273e-12       9.419297108938e-15       4.780089763380e-14       1.317010308126e-15      -1.333084254643e-16 
  565       3.363551568543e-10       1.461485670485e-12       2.170082971236e-12       9.437145870271e-15       4.749804871370e-14       1.335271452722e-15      -1.431306477158e-16 
  566       3.355663833783e-10       1.488147267702e-12       2.286223408745e-12       9.454787059013e-15       4.719756218967e-14       1.354149088566e-15      -1.528622154446e-16 
  567       3.347564696751e-10       1.515382828108e-12       2.399111194427e-12       9.472218859158e-15       4.689939886740e-14       1.373642288212e-15      -1.625015558530e-16 
  568       3.339258726030e-10       1.543185896291e-12       2.508640317064e-12       9.489439450759e-15       4.660351851812e-14       1.393750050097e-15      -1.720470891654e-16 
  569       3.330750570106e-10       1.571549874095e-12       2.614703694544e-12       9.506447009937e-15       4.630987987317e-14       1.414471298127e-15      -1.814972286236e-16 
  570       3.322044957734e-10       1.600468019930e-12       2.717193169822e-12       9.523239708890e-15       4.601844061855e-14       1.435804881268e-15      -1.908503804819e-16 
  571       3.313146673446e-10       1.629932867067e-12       2.816013883176e-12       9.539816173137e-15       4.572916389072e-14       1.457748017383e-15      -2.001052171917e-16 
  572       3.304060482646e-10       1.659934463637e-12       2.911127799926e-12       9.556176866065e-15       4.544203795690e-14       1.480291581962e-15      -2.092615046195e-16 
  573       3.294791205323e-10       1.690462086377e-12       3.002511284809e-12       9.572322739706e-15       4.515705702590e-14       1.503424698430e-15      -2.183192959155e-16 
  574       3.285343741101e-10       1.721504816668e-12       3.090140827359e-12       9.588254780879e-15       4.487421478929e-14       1.527136282048e-15      -2.272786603293e-16 
  575       3.275723069593e-10       1.753051539628e-12       3.173993043139e-12       9.603974011357e-15       4.459350441834e-14       1.551415038932e-15      -2.361396833054e-16 
  576       3.265934250760e-10       1.785090943203e-12       3.254044674984e-12       9.619481488051e-15       4.431491856096e-14       1.576249465070e-15      -2.449024665785e-16 
  577       3.255982425266e-10       1.817611517257e-12       3.330272594233e-12       9.634778303182e-15       4.403844933865e-14       1.601627845342e-15      -2.535671282694e-16 
  578       3.245872814835e-10       1.850601552668e-12       3.402653801967e-12       9.649865584460e-15       4.376408834345e-14       1.627538252533e-15      -2.621338029804e-16 
  579       3.235610722609e-10       1.884049140417e-12       3.471165430250e-12       9.664744495256e-15       4.349182663487e-14       1.653968546357e-15      -2.706026418913e-16 
  580       3.225201533508e-10       1.917942170679e-12       3.535784743359e-12       9.679416234785e-15       4.322165473686e-14       1.680906372471e-15      -2.789738128545e-16 
  581       3.214650714581e-10       1.952268331917e-12       3.596489139029e-12       9.693882038277e-15       4.295356263475e-14       1.708339161494e-15      -2.872475004909e-16 
  582       3.203963815368e-10       1.987015109972e-12       3.653256149684e-12       9.708143177156e-15       4.268753977216e-14       1.736254128025e-15      -2.954239062857e-16 
  583       3.193146468254e-10       2.022169787157e-12       3.706063443675e-12       9.722200959217e-15       4.242357504801e-14       1.764638269662e-15      -3.035032486834e-16 
  584       3.182204388829e-10       2.057719441345e-12       3.754888826519e-12       9.736056728797e-15       4.216165681340e-14       1.793478366016e-15      -3.114857631841e-16 
  585       3.171143376242e-10       2.093650945064e-12       3.799710242137e-12       9.749711866962e-15       4.190177286861e-14       1.822760977733e-15      -3.193717024387e-16 
  586       3.159969313560e-10       2.129950964588e-12       3.840505774086e-12       9.763167791671e-15       4.164391046001e-14       1.852472445513e-15      -3.271613363445e-16 
  587       3.148688168127e-10       2.166605959030e-12       3.877253646801e-12       9.776425957962e-15       4.138805627701e-14       1.882598889121e-15      -3.348549521411e-16 
  588       3.137305991916e-10       2.203602179429e-12       3.909932226829e-12       9.789487858125e-15       4.113419644904e-14       1.913126206413e-15      -3.424528545057e-16 
  589       3.125828921889e-10       2.240925667847e-12       3.938520024070e-12       9.802355021876e-15       4.088231654245e-14       1.944040072348e-15      -3.499553656489e-16 
  590       3.114263180357e-10       2.278562256459e-12       3.962995693007e-12       9.815029016538e-15       4.063240155747e-14       1.975325938009e-15      -3.573628254103e-16 
  591       3.102615075330e-10       2.316497566645e-12       3.983338033951e-12       9.827511447213e-15       4.038443592517e-14       2.006969029620e-15      -3.646755913539e-16 
  592       3.090891000881e-10       2.354717008080e-12       3.999525994272e-12       9.839803956963e-15       4.013840350440e-14       2.038954347565e-15      -3.718940388641e-16 
  593       3.079097437499e-10       2.393205777829e-12       4.011538669640e-12       9.851908226983e-15       3.989428757874e-14       2.071266665404e-15      -3.790185612409e-16 
  594       3.067240952448e-10       2.431948859433e-12       4.019355305258e-12       9.863825976777e-15       3.965207085341e-14       2.103890528891e-15      -3.860495697958e-16 
  595       3.055328200124e-10       2.470931022011e-12       4.022955297104e-12       9.875558964337e-15       3.941173545227e-14       2.136810254995e-15      -3.929874939472e-16 
  596       3.043365922411e-10       2.510136819339e-12       4.022318193164e-12       9.887108986320e-15       3.917326291474e-14       2.170009930912e-15      -3.998327813163e-16 
  597       3.031360949037e-10       2.549550588952e-12       4.017423694671e-12       9.898477878219e-15       3.893663419272e-14       2.203473413092e-15      -4.065858978223e-16 
  598       3.019320197934e-10       2.589156451232e-12       4.008251657341e-12       9.909667514546e-15       3.870182964760e-14       2.237184326245e-15      -4.132473277784e-16 
  599       3.007250675596e-10       2.628938308499e-12       3.994782092610e-12       9.920679809005e-15       3.846882904713e-14       2.271126062371e-15      -4.198175739872e-16 
  600       2.995159477430e-10       2.668879844101e-12       3.976995168874e-12       9.931516714667e-15       3.823761156243e-14       2.305281779770e-15      -4.262971578364e-16 
  601       2.983053788120e-10       2.708964521514e-12       3.954871212720e-12       9.942180224151e-15       3.800815576490e-14       2.339634402061e-15      -4.326866193942e-16 
  602       2.970940881980e-10       2.749175583422e-12       3.928390710169e-12       9.952672369796e-15       3.778043962316e-14       2.374166617202e-15      -4.389865175054e-16 
  603       2.958828123311e-10       2.789496050819e-12       3.897534307910e-12       9.962995223840e-15       3.755444050004e-14       2.408860876509e-15      -4.451974298863e-16 
  604       2.946722966761e-10       2.829908722094e-12       3.862282814538e-12       9.973150898595e-15       3.733013514947e-14       2.443699393669e-15      -4.513199532210e-16 
  605       2.934632957679e-10       2.870396172128e-12       3.822617201790e-12       9.983141546625e-15       3.710749971347e-14       2.478664143763e-15      -4.573547032567e-16 
  606       2.922565732476e-10       2.910940751381e-12       3.778518605784e-12       9.992969360920e-15       3.688650971907e-14       2.513736862280e-15      -4.633023148991e-16 
  607       2.910529018976e-10       2.951524584986e-12       3.729968328252e-12       1.000263657508e-14       3.666714007526e-14       2.548899044138e-15      -4.691634423084e-16 
  608       2.898530636779e-10       2.992129571841e-12       3.676947837783e-12       1.001214546347e-14       3.644936506994e-14       2.584131942700e-15      -4.749387589948e-16 
  609       2.886578497616e-10       3.032737383702e-12       3.619438771055e-12       1.002149834142e-14       3.623315836688e-14       2.619416568793e-15      -4.806289579139e-16 
  610       2.874680605703e-10       3.073329464270e-12       3.557422934074e-12       1.003069756541e-14       3.601849300264e-14       2.654733689725e-15      -4.862347515626e-16 
  611       2.862844341321e-10       3.113888161433e-12       3.490892095188e-12       1.003974560427e-14       3.580534537427e-14       2.690065870887e-15      -4.917566967317e-16 
  612       2.851074292055e-10       3.154400155455e-12       3.419877618062e-12       1.004864525444e-14       3.559370731307e-14       2.725403656021e-15      -4.971946639828e-16 
  613       2.839374370545e-10       3.194853110735e-12       3.344421537728e-12       1.005739943023e-14       3.538357429267e-14       2.760739532372e-15      -5.025483557102e-16 
  614       2.827748526715e-10       3.235234549513e-12       3.264566837132e-12       1.006601109338e-14       3.517494146261e-14       2.796065901125e-15      -5.078174803782e-16 
  615       2.816200747900e-10       3.275531851330e-12       3.180357451515e-12       1.007448325331e-14       3.496780364653e-14       2.831375077072e-15      -5.130017525607e-16 
  616       2.804735058973e-10       3.315732252481e-12       3.091838272790e-12       1.008281896726e-14       3.476215534044e-14       2.866659288288e-15      -5.181008929798e-16 
  617       2.793355522472e-10       3.355822845472e-12       2.999055153922e-12       1.009102134056e-14       3.455799071088e-14       2.901910675803e-15      -5.231146285460e-16 
  618       2.782066238727e-10       3.395790578472e-12       2.902054913310e-12       1.009909352675e-14       3.435530359322e-14       2.937121293278e-15      -5.280426923967e-16 
  619       2.770871345988e-10       3.435622254775e-12       2.800885339162e-12       1.010703872784e-14       3.415408748983e-14       2.972283106675e-15      -5.328848239365e-16 
  620       2.759775020551e-10       3.475304532246e-12       2.695595193878e-12       1.011486019450e-14       3.395433556835e-14       3.007387993934e-15      -5.376407688755e-16 
  621       2.748781476885e-10       3.514823922786e-12       2.586234218428e-12       1.012256122623e-14       3.375604065988e-14       3.042427744644e-15      -5.423102792694e-16 
  622       2.737894967759e-10       3.554166791782e-12       2.472853136730e-12       1.013014517158e-14       3.355919525721e-14       3.077394059714e-15      -5.468931135585e-16 
  623       2.727119784372e-10       3.593319357561e-12       2.355503660034e-12       1.013761542835e-14       3.336379151309e-14       3.112278551054e-15      -5.513890366073e-16 
  624       2.716460256473e-10       3.632267690853e-12       2.234238491293e-12       1.014497544379e-14       3.316982123841e-14       3.147072741241e-15      -5.557978197434e-16 
  625       2.705920752498e-10       3.670997714235e-12       2.109111329552e-12       1.015222871479e-14       3.297727590042e-14       3.181768063195e-15      -5.601192407972e-16 
  626       2.695505679687e-10       3.709495201599e-12       1.980176874320e-12       1.015937878808e-14       3.278614662101e-14       3.216355859854e-15      -5.643530841414e-16 
  627       2.685219484219e-10       3.747745777596e-12       1.847490829953e-12       1.016642926044e-14       3.259642417489e-14       3.250827383845e-15      -5.684991407297e-16 
  628       2.675066651334e-10       3.785734917099e-12       1.711109910032e-12       1.017338377889e-14       3.240809898783e-14       3.285173797158e-15      -5.725572081367e-16 
  629       2.665051705463e-10       3.823447944657e-12       1.571091841743e-12       1.018024604090e-14       3.222116113489e-14       3.319386170821e-15      -5.765270905972e-16 
  630       2.655179210353e-10       3.860870033947e-12       1.427495370257e-12       1.018701979456e-14       3.203560033863e-14       3.353455484571e-15      -5.804085990453e-16 
  631       2.645453769196e-10       3.897986207232e-12       1.280380263106e-12       1.019370883883e-14       3.185140596738e-14       3.387372626530e-15      -5.842015511537e-16 
  632       2.635880024753e-10       3.934781334818e-12       1.129807314567e-12       1.020031702368e-14       3.166856703341e-14       3.421128392875e-15      -5.879057713735e-16 
  633       2.626462659487e-10       3.971240134507e-12       9.758383500393e-13       1.020684825034e-14       3.148707219118e-14       3.454713487516e-15      -5.915210909730e-16 
  634       2.617206395682e-10       4.007347171051e-12       8.185362304217e-13       1.021330647147e-14       3.130690973560e-14       3.488118521763e-15      -5.950473480773e-16 
  635       2.608115995576e-10       4.043086855611e-12       6.579648564955e-13       1.021969569136e-14       3.112806760020e-14       3.521334014007e-15      -5.984843877078e-16 
  636       2.599196261488e-10       4.078443445212e-12       4.941891733015e-13       1.022601996616e-14       3.095053335539e-14       3.554350389387e-15      -6.018320618212e-16 
  637       2.590452035941e-10       4.113401042195e-12       3.272751745202e-13       1.023228340403e-14       3.077429420666e-14       3.587157979468e-15      -6.050902293489e-16 
  638       2.581888201793e-10       4.147943593676e-12       1.572899068510e-13       1.023849016538e-14       3.059933699287e-14       3.619747021911e-15      -6.082587562367e-16 
  639       2.573509682361e-10       4.182054891000e-12      -1.569852560856e-14       1.024464446304e-14       3.042564818439e-14       3.652107660149e-15      -6.113375154837e-16 
  640       2.565321441550e-10       4.215718569195e-12      -1.916209569833e-13       1.025075056249e-14       3.025321388139e-14       3.684229943057e-15      -6.143263871819e-16 
  641       2.557328483982e-10       4.248918106430e-12      -3.704071552412e-13       1.025681278203e-14       3.008201981203e-14       3.716103824630e-15      -6.172252585553e-16 
  642       2.549535855117e-10       4.281636823470e-12      -5.519858178139e-13       1.026283549300e-14       2.991205133072e-14       3.747719163653e-15      -6.200340239996e-16 
  643       2.541948641387e-10       4.313857883129e-12      -7.362845672175e-13       1.026882311997e-14       2.974329341630e-14       3.779065723376e-15      -6.227525851213e-16 
  644       2.534571970317e-10       4.345564289729e-12      -9.232299466733e-13       1.027478014094e-14       2.957573067033e-14       3.810133171187e-15      -6.253808507769e-16 
  645       2.527411010658e-10       4.376738888551e-12      -1.112747415728e-12       1.028071108753e-14       2.940934731525e-14       3.840911078282e-15      -6.279187371128e-16 
  646       2.520470972508e-10       4.407364365295e-12      -1.304761345875e-12       1.028662054520e-14       2.924412719265e-14       3.871388919347e-15      -6.303661676039e-16 
  647       2.513757107445e-10       4.437423245532e-12      -1.499195016174e-12       1.029251315344e-14       2.908005376149e-14       3.901556072223e-15      -6.327230730934e-16 
  648       2.507274708648e-10       4.466897894162e-12      -1.695970608873e-12       1.029839360595e-14       2.891711009631e-14       3.931401817581e-15      -6.349893918322e-16 
  649       2.501029111030e-10       4.495770514868e-12      -1.895009205028e-12       1.030426665088e-14       2.875527888547e-14       3.960915338601e-15      -6.371650695178e-16 
  650       2.495025691360e-10       4.524023149570e-12      -2.096230780125e-12       1.031013709099e-14       2.859454242936e-14       3.990085720637e-15      -6.392500593343e-16 
  651       2.489269015074e-10       4.551639878325e-12      -2.299554956591e-12       1.031600940830e-14       2.843488518485e-14       4.018904078860e-15      -6.412443558397e-16 
  652       2.483760255469e-10       4.578613474191e-12      -2.504903288696e-12       1.032188662836e-14       2.827630146458e-14       4.047369994111e-15      -6.431480973833e-16 
  653       2.478499716979e-10       4.604938896276e-12      -2.712197020148e-12       1.032777143094e-14       2.811878790651e-14       4.075485220489e-15      -6.449614660592e-16 
  654       2.473487683150e-10       4.630611102864e-12      -2.921356327674e-12       1.033366652341e-14       2.796234094232e-14       4.103251570708e-15      -6.466846541145e-16 
  655       2.468724416524e-10       4.655625051492e-12      -3.132300316853e-12       1.033957464078e-14       2.780695679629e-14       4.130670916370e-15      -6.483178639978e-16 
  656       2.464210158525e-10       4.679975699028e-12      -3.344947017953e-12       1.034549854587e-14       2.765263148432e-14       4.157745188242e-15      -6.498613084082e-16 
  657       2.459945129347e-10       4.703658001748e-12      -3.559213381767e-12       1.035144102933e-14       2.749936081282e-14       4.184476376531e-15      -6.513152103443e-16 
  658       2.455929527839e-10       4.726666915415e-12      -3.775015275441e-12       1.035740490978e-14       2.734714037769e-14       4.210866531159e-15      -6.526798031532e-16 
  659       2.452163531389e-10       4.748997395354e-12      -3.992267478318e-12       1.036339303388e-14       2.719596556327e-14       4.236917762038e-15      -6.539553305792e-16 
  660       2.448647295811e-10       4.770644396531e-12      -4.210883677764e-12       1.036940827645e-14       2.704583154123e-14       4.262632239342e-15      -6.551420468127e-16 
  661       2.445380955231e-10       4.791602873629e-12      -4.430776465007e-12       1.037545354050e-14       2.689673326959e-14       4.288012193788e-15      -6.562402165394e-16 
  662       2.442364621973e-10       4.811867781129e-12      -4.651857330974e-12       1.038153175742e-14       2.674866549163e-14       4.313059916906e-15      -6.572501149889e-16 
  663       2.439598386446e-10       4.831434073385e-12      -4.874036662119e-12       1.038764588698e-14       2.660162273484e-14       4.337777761315e-15      -6.581720279837e-16 
  664       2.437082317026e-10       4.850296704701e-12      -5.097223736262e-12       1.039379891749e-14       2.645559930986e-14       4.362168141001e-15      -6.590062519882e-16 
  665       2.434816459944e-10       4.868450629409e-12      -5.321326718426e-12       1.039999386584e-14       2.631058930944e-14       4.386233531588e-15      -6.597530941577e-16 
  666       2.432800839174e-10       4.885890801948e-12      -5.546252656664e-12       1.040623377763e-14       2.616658660738e-14       4.409976470614e-15      -6.604128723868e-16 
  667       2.431035456317e-10       4.902612176939e-12      -5.771907477903e-12       1.041252172727e-14       2.602358485746e-14       4.433399557809e-15      -6.609859153590e-16 
  668       2.429520290483e-10       4.918609709266e-12      -5.998195983769e-12       1.041886081802e-14       2.588157749242e-14       4.456505455367e-15      -6.614725625951e-16 
  669       2.428255298184e-10       4.933878354149e-12      -6.225021846430e-12       1.042525418215e-14       2.574055772288e-14       4.479296888221e-15      -6.618731645024e-16 
  670       2.427240413215e-10       4.948413067225e-12      -6.452287604426e-12       1.043170498099e-14       2.560051853631e-14       4.501776644320e-15      -6.621880824234e-16 
  671       2.426475546542e-10       4.962208804624e-12      -6.679894658506e-12       1.043821640502e-14       2.546145269593e-14       4.523947574901e-15      -6.624176886849e-16 
  672       2.425960586185e-10       4.975260523048e-12      -6.907743267458e-12       1.044479167399e-14       2.532335273972e-14       4.545812594768e-15      -6.625623666468e-16 
  673       2.425695397106e-10       4.987563179847e-12      -7.135732543952e-12       1.045143403701e-14       2.518621097932e-14       4.567374682563e-15      -6.626225107509e-16 
  674       2.425679821096e-10       4.999111733095e-12      -7.363760450365e-12       1.045814677262e-14       2.505001949899e-14       4.588636881045e-15      -6.625985265703e-16 
  675       2.425913676659e-10       5.009901141673e-12      -7.591723794623e-12       1.046493318889e-14       2.491477015454e-14       4.609602297361e-15      -6.624908308575e-16 
  676       2.426396758898e-10       5.019926365340e-12      -7.819518226033e-12       1.047179662353e-14       2.478045457233e-14       4.630274103324e-15      -6.622998515941e-16 
  677       2.427128839398e-10       5.029182364815e-12      -8.047038231116e-12       1.047874044397e-14       2.464706414814e-14       4.650655535687e-15      -6.620260280392e-16 
  678       2.428109666120e-10       5.037664101852e-12      -8.274177129446e-12       1.048576804747e-14       2.451459004618e-14       4.670749896416e-15      -6.616698107786e-16 
  679       2.429338963278e-10       5.045366539320e-12      -8.500827069479e-12       1.049288286117e-14       2.438302319802e-14       4.690560552970e-15      -6.612316617735e-16 
  680       2.430816431230e-10       5.052284641277e-12      -8.726879024393e-12       1.050008834223e-14       2.425235430149e-14       4.710090938571e-15      -6.607120544095e-16 
  681       2.432541746360e-10       5.058413373051e-12      -8.952222787917e-12       1.050738797790e-14       2.412257381970e-14       4.729344552481e-15      -6.601114735457e-16 
  682       2.434514560969e-10       5.063747701316e-12      -9.176746970173e-12       1.051478528561e-14       2.399367197993e-14       4.748324960279e-15      -6.594304155631e-16 
  683       2.436734503156e-10       5.068282594168e-12      -9.400338993502e-12       1.052228381309e-14       2.386563877262e-14       4.767035794131e-15      -6.586693884141e-16 
  684       2.439201176706e-10       5.072013021207e-12      -9.622885088308e-12       1.052988713843e-14       2.373846395026e-14       4.785480753071e-15      -6.578289116710e-16 
  685       2.441914160976e-10       5.074933953609e-12      -9.844270288883e-12       1.053759887019e-14       2.361213702640e-14       4.803663603271e-15      -6.569095165753e-16 
  686       2.444873010779e-10       5.077040364206e-12      -1.006437842925e-11       1.054542264749e-14       2.348664727455e-14       4.821588178319e-15      -6.559117460861e-16 
  687       2.448077256273e-10       5.078327227566e-12      -1.028309213899e-11       1.055336214009e-14       2.336198372714e-14       4.839258379492e-15      -6.548361549293e-16 
  688       2.451526402843e-10       5.078789520066e-12      -1.050029283909e-11       1.056142104852e-14       2.323813517449e-14       4.856678176034e-15      -6.536833096466e-16 
  689       2.455219930990e-10       5.078422219973e-12      -1.071586073775e-11       1.056960310414e-14       2.311509016371e-14       4.873851605429e-15      -6.524537886442e-16 
  690       2.459157296216e-10       5.077220307518e-12      -1.092967482626e-11       1.057791206922e-14       2.299283699767e-14       4.890782773674e-15      -6.511481822420e-16 
  691       2.463337489612e-10       5.075180615579e-12      -1.114162331496e-11       1.058635116858e-14       2.287136535380e-14       4.907474424245e-15      -6.497671289758e-16 
  692       2.467757709686e-10       5.072307424408e-12      -1.135163519131e-11       1.059492137095e-14       2.275067117995e-14       4.923923611297e-15      -6.483114252470e-16 
  693       2.472414662285e-10       5.068606985105e-12      -1.155964931948e-11       1.060362307149e-14       2.263075189972e-14       4.940125935709e-15      -6.467819180833e-16 
  694       2.477304997133e-10       5.064085680248e-12      -1.176560405893e-11       1.061245665698e-14       2.251160480136e-14       4.956076968047e-15      -6.451794691531e-16 
  695       2.482425307599e-10       5.058750024434e-12      -1.196943726288e-11       1.062142250578e-14       2.239322703710e-14       4.971772248481e-15      -6.435049548225e-16 
  696       2.487772130480e-10       5.052606664821e-12      -1.217108627673e-11       1.063052098774e-14       2.227561562250e-14       4.987207286698e-15      -6.417592662141e-16 
  697       2.493341945774e-10       5.045662381669e-12      -1.237048793656e-11       1.063975246418e-14       2.215876743583e-14       5.002377561822e-15      -6.399433092649e-16 
  698       2.499131176454e-10       5.037924088887e-12      -1.256757856754e-11       1.064911728785e-14       2.204267921741e-14       5.017278522324e-15      -6.380580047840e-16 
  699       2.505136188245e-10       5.029398834568e-12      -1.276229398243e-11       1.065861580284e-14       2.192734756895e-14       5.031905585943e-15      -6.361042885106e-16 
  700       2.511353289401e-10       5.020093801536e-12      -1.295456948000e-11       1.066824834458e-14       2.181276895291e-14       5.046254139600e-15      -6.340831111726e-16 
  701       2.517778730476e-10       5.010016307884e-12      -1.314433984349e-11       1.067801523975e-14       2.169893969186e-14       5.060319539313e-15      -6.319954385439e-16 
  702       2.524408704105e-10       4.999173807519e-12      -1.333153933909e-11       1.068791680625e-14       2.158585596785e-14       5.074097110112e-15      -6.298422515027e-16 
  703       2.531239344777e-10       4.987573890704e-12      -1.351610171435e-11       1.069795335316e-14       2.147351382170e-14       5.087582145961e-15      -6.276245460896e-16 
  704       2.538266728609e-10       4.975224284598e-12      -1.369796019669e-11       1.070812518065e-14       2.136190915242e-14       5.100769909663e-15      -6.253433335656e-16 
  705       2.545486873126e-10       4.962132853797e-12      -1.387704749179e-11       1.071843257997e-14       2.125103771653e-14       5.113655632787e-15      -6.229996404698e-16 
  706       2.552895737031e-10       4.948307600881e-12      -1.405329578212e-11       1.072887583341e-14       2.114089512743e-14       5.126234515576e-15      -6.205945086778e-16 
  707       2.560489219985e-10       4.933756666951e-12      -1.422663672532e-11       1.073945521419e-14       2.103147685473e-14       5.138501726867e-15      -6.181289954594e-16 
  708       2.568263162381e-10       4.918488332172e-12      -1.439700145270e-11       1.075017098648e-14       2.092277822362e-14       5.150452404004e-15      -6.156041735370e-16 
  709       2.576213345119e-10       4.902511016316e-12      -1.456432056769e-11       1.076102340530e-14       2.081479441422e-14       5.162081652757e-15      -6.130211311431e-16 
  710       2.584335489383e-10       4.885833279304e-12      -1.472852414429e-11       1.077201271649e-14       2.070752046093e-14       5.173384547234e-15      -6.103809720787e-16 
  711       2.592625256415e-10       4.868463821746e-12      -1.488954172551e-11       1.078313915668e-14       2.060095125178e-14       5.184356129801e-15      -6.076848157711e-16 
  712       2.601078247292e-10       4.850411485485e-12      -1.504730232184e-11       1.079440295319e-14       2.049508152779e-14       5.194991410994e-15      -6.049337973321e-16 
  713       2.609690002699e-10       4.831685254140e-12      -1.520173440972e-11       1.080580432403e-14       2.038990588233e-14       5.205285369438e-15      -6.021290676158e-16 
  714       2.618456002708e-10       4.812294253643e-12      -1.535276592995e-11       1.081734347782e-14       2.028541876044e-14       5.215232951759e-15      -5.992717932767e-16 
  715       2.627371666553e-10       4.792247752786e-12      -1.550032428619e-11       1.082902061377e-14       2.018161445822e-14       5.224829072506e-15      -5.963631568278e-16 
  716       2.636432352402e-10       4.771555163761e-12      -1.564433634340e-11       1.084083592159e-14       2.007848712217e-14       5.234068614060e-15      -5.934043566983e-16 
  717       2.645633357137e-10       4.750226042700e-12      -1.578472842626e-11       1.085278958148e-14       1.997603074853e-14       5.242946426552e-15      -5.903966072921e-16 
  718       2.654969916128e-10       4.728270090223e-12      -1.592142631770e-11       1.086488176404e-14       1.987423918265e-14       5.251457327783e-15      -5.873411390454e-16 
  719       2.664437203007e-10       4.705697151970e-12      -1.605435525728e-11       1.087711263026e-14       1.977310611834e-14       5.259596103135e-15      -5.842391984848e-16 
  720       2.674030329445e-10       4.682517219155e-12      -1.618343993968e-11       1.088948233146e-14       1.967262509722e-14       5.267357505485e-15      -5.810920482854e-16 
  721       2.683744344929e-10       4.658740429097e-12      -1.630860451315e-11       1.090199100920e-14       1.957278950807e-14       5.274736255130e-15      -5.779009673288e-16 
  722       2.693574236533e-10       4.634377065768e-12      -1.642977257797e-11       1.091463879531e-14       1.947359258617e-14       5.281727039693e-15      -5.746672507610e-16 
  723       2.703514928700e-10       4.609437560335e-12      -1.654686718490e-11       1.092742581175e-14       1.937502741270e-14       5.288324514043e-15      -5.713922100505e-16 
  724       2.713561283013e-10       4.583932491698e-12      -1.665981083362e-11       1.094035217064e-14       1.927708691402e-14       5.294523300212e-15      -5.680771730464e-16 
  725       2.723708097970e-10       4.557872587036e-12      -1.676852547121e-11       1.095341797415e-14       1.917976386110e-14       5.300317987308e-15      -5.647234840360e-16 
  726       2.733950108763e-10       4.531268722346e-12      -1.687293249059e-11       1.096662331449e-14       1.908305086882e-14       5.305703131433e-15      -5.613325038034e-16 
  727       2.744281987052e-10       4.504131922989e-12      -1.697295272898e-11       1.097996827383e-14       1.898694039535e-14       5.310673255597e-15      -5.579056096871e-16 
  728       2.754698340741e-10       4.476473364227e-12      -1.706850646634e-11       1.099345292429e-14       1.889142474146e-14       5.315222849637e-15      -5.544441956381e-16 
  729       2.765193713750e-10       4.448304371766e-12      -1.715951342385e-11       1.100707732785e-14       1.879649604995e-14       5.319346370129e-15      -5.509496722779e-16 
  730       2.775762585796e-10       4.419636422302e-12      -1.724589276236e-11       1.102084153631e-14       1.870214630492e-14       5.323038240305e-15      -5.474234669566e-16 
  731       2.786399575889e-10       4.390481421656e-12      -1.732757626072e-11       1.103474521614e-14       1.860836841708e-14       5.326294460253e-15      -5.438668277712e-16 
  732       2.797100057732e-10       4.360852544193e-12      -1.740454814258e-11       1.104878651480e-14       1.851515950454e-14       5.329117472921e-15      -5.402802312138e-16 
  733       2.807859556153e-10       4.330763411223e-12      -1.747680604116e-11       1.106296317167e-14       1.842251767615e-14       5.331511395035e-15      -5.366639628199e-16 
  734       2.818673544320e-10       4.300227815531e-12      -1.754434789275e-11       1.107727289104e-14       1.833044095119e-14       5.333480415880e-15      -5.330183121512e-16 
  735       2.829537443560e-10       4.269259721972e-12      -1.760717193808e-11       1.109171334191e-14       1.823892725889e-14       5.335028797581e-15      -5.293435728099e-16 
  736       2.840446623179e-10       4.237873268081e-12      -1.766527672380e-11       1.110628215792e-14       1.814797443810e-14       5.336160875378e-15      -5.256400424527e-16 
  737       2.851396400287e-10       4.206082764676e-12      -1.771866110383e-11       1.112097693717e-14       1.805758023683e-14       5.336881057905e-15      -5.219080228046e-16 
  738       2.862382039615e-10       4.173902696460e-12      -1.776732424078e-11       1.113579524210e-14       1.796774231189e-14       5.337193827465e-15      -5.181478196735e-16 
  739       2.873398753338e-10       4.141347722629e-12      -1.781126560738e-11       1.115073459938e-14       1.787845822845e-14       5.337103740309e-15      -5.143597429636e-16 
  740       2.884441700899e-10       4.108432677474e-12      -1.785048498788e-11       1.116579249973e-14       1.778972545965e-14       5.336615426911e-15      -5.105441066899e-16 
  741       2.895505988826e-10       4.075172570983e-12      -1.788498247945e-11       1.118096639783e-14       1.770154138621e-14       5.335733592245e-15      -5.067012289921e-16 
  742       2.906586670555e-10       4.041582589450e-12      -1.791475849363e-11       1.119625371217e-14       1.761390329600e-14       5.334463016063e-15      -5.028314321485e-16 
  743       2.917678746251e-10       4.007678096075e-12      -1.793981375768e-11       1.121165182489e-14       1.752680838368e-14       5.332808553173e-15      -4.989350425902e-16 
  744       2.928777162631e-10       3.973474631572e-12      -1.796014931603e-11       1.122715808170e-14       1.744025375022e-14       5.330775133712e-15      -4.950123909153e-16 
  745       2.939876812783e-10       3.938987914770e-12      -1.797576653169e-11       1.124276979171e-14       1.735423640259e-14       5.328367763427e-15      -4.910638119026e-16 
  746       2.950972535987e-10       3.904233843216e-12      -1.798666708764e-11       1.125848422728e-14       1.726875325328e-14       5.325591523950e-15      -4.870896445258e-16 
  747       2.962059117539e-10       3.869228493784e-12      -1.799285298827e-11       1.127429862395e-14       1.718380111994e-14       5.322451573076e-15      -4.830902319676e-16 
  748       2.973131288570e-10       3.833988123277e-12      -1.799432656075e-11       1.129021018023e-14       1.709937672496e-14       5.318953145039e-15      -4.790659216337e-16 
  749       2.984183725868e-10       3.798529169029e-12      -1.799109045650e-11       1.130621605752e-14       1.701547669506e-14       5.315101550787e-15      -4.750170651669e-16 
  750       2.995211051699e-10       3.762868249512e-12      -1.798314765252e-11       1.132231337994e-14       1.693209756092e-14       5.310902178265e-15      -4.709440184610e-16 
  751       3.006207833627e-10       3.727022164940e-12      -1.797050145287e-11       1.133849923425e-14       1.684923575672e-14       5.306360492685e-15      -4.668471416750e-16 
  752       3.017168584340e-10       3.691007897869e-12      -1.795315549006e-11       1.135477066965e-14       1.676688761980e-14       5.301482036808e-15      -4.627267992469e-16 
  753       3.028087761463e-10       3.654842613809e-12      -1.793111372643e-11       1.137112469769e-14       1.668504939018e-14       5.296272431217e-15      -4.585833599082e-16 
  754       3.038959767389e-10       3.618543661820e-12      -1.790438045562e-11       1.138755829211e-14       1.660371721026e-14       5.290737374599e-15      -4.544171966975e-16 
  755       3.049778949093e-10       3.582128575123e-12      -1.787296030391e-11       1.140406838873e-14       1.652288712430e-14       5.284882644015e-15      -4.502286869746e-16 
  756       3.060539597955e-10       3.545615071699e-12      -1.783685823170e-11       1.142065188532e-14       1.644255507812e-14       5.278714095183e-15      -4.460182124350e-16 
  757       3.071235949584e-10       3.509021054895e-12      -1.779607953486e-11       1.143730564141e-14       1.636271691861e-14       5.272237662754e-15      -4.417861591233e-16 
  758       3.081862183636e-10       3.472364614030e-12      -1.775062984618e-11       1.145402647825e-14       1.628336839339e-14       5.265459360584e-15      -4.375329174475e-16 
  759       3.092412423636e-10       3.435664024998e-12      -1.770051513676e-11       1.147081117859e-14       1.620450515039e-14       5.258385282019e-15      -4.332588821934e-16 
  760       3.102880736800e-10       3.398937750870e-12      -1.764574171745e-11       1.148765648659e-14       1.612612273742e-14       5.251021600165e-15      -4.289644525381e-16 
  761       3.113261133856e-10       3.362204442501e-12      -1.758631624020e-11       1.150455910767e-14       1.604821660178e-14       5.243374568167e-15      -4.246500320642e-16 
  762       3.123547568867e-10       3.325482939132e-12      -1.752224569955e-11       1.152151570840e-14       1.597078208989e-14       5.235450519489e-15      -4.203160287742e-16 
  763       3.133733939047e-10       3.288792268998e-12      -1.745353743397e-11       1.153852291634e-14       1.589381444683e-14       5.227255868185e-15      -4.159628551041e-16 
  764       3.143814084589e-10       3.252151649928e-12      -1.738019912731e-11       1.155557731991e-14       1.581730881597e-14       5.218797109183e-15      -4.115909279375e-16 
  765       3.153781788480e-10       3.215580489950e-12      -1.730223881020e-11       1.157267546827e-14       1.574126023859e-14       5.210080818556e-15      -4.072006686199e-16 
  766       3.163630776329e-10       3.179098387897e-12      -1.721966486146e-11       1.158981387117e-14       1.566566365340e-14       5.201113653802e-15      -4.027925029727e-16 
  767       3.173354716181e-10       3.142725134010e-12      -1.713248600951e-11       1.160698899884e-14       1.559051389622e-14       5.191902354119e-15      -3.983668613069e-16 
  768       3.182947218342e-10       3.106480710543e-12      -1.704071133379e-11       1.162419728183e-14       1.551580569951e-14       5.182453740685e-15      -3.939241784375e-16 
  769       3.192401835204e-10       3.070385292365e-12      -1.694435026614e-11       1.164143511088e-14       1.544153369204e-14       5.172774716933e-15      -3.894648936975e-16 
  770       3.201712061057e-10       3.034459247566e-12      -1.684341259225e-11       1.165869883680e-14       1.536769239838e-14       5.162872268825e-15      -3.849894509518e-16 
  771       3.210871985973e-10       2.998721634358e-12      -1.673791604230e-11       1.167598483892e-14       1.529427695767e-14       5.152752648752e-15      -3.804982776727e-16 
  772       3.219878271357e-10       2.963185659352e-12      -1.662790921762e-11       1.169328973208e-14       1.522128529518e-14       5.142418909705e-15      -3.759917217040e-16 
  773       3.228728211419e-10       2.927863134541e-12      -1.651344910066e-11       1.171061016327e-14       1.514871599099e-14       5.131873324993e-15      -3.714701133282e-16 
  774       3.237419082461e-10       2.892765973512e-12      -1.639459350794e-11       1.172794274332e-14       1.507656756440e-14       5.121118200505e-15      -3.669337861063e-16 
  775       3.245948142834e-10       2.857906191750e-12      -1.627140109306e-11       1.174528404674e-14       1.500483847367e-14       5.110155874828e-15      -3.623830768881e-16 
  776       3.254312632883e-10       2.823295906942e-12      -1.614393134956e-11       1.176263061163e-14       1.493352711575e-14       5.098988719359e-15      -3.578183258214e-16 
  777       3.262509774907e-10       2.788947339272e-12      -1.601224461393e-11       1.177997893954e-14       1.486263182603e-14       5.087619138413e-15      -3.532398763624e-16 
  778       3.270536773109e-10       2.754872811728e-12      -1.587640206850e-11       1.179732549535e-14       1.479215087809e-14       5.076049569341e-15      -3.486480752852e-16 
  779       3.278390813551e-10       2.721084750397e-12      -1.573646574442e-11       1.181466670717e-14       1.472208248344e-14       5.064282482637e-15      -3.440432726915e-16 
  780       3.286069064104e-10       2.687595684773e-12      -1.559249852455e-11       1.183199896619e-14       1.465242479123e-14       5.052320382055e-15      -3.394258220210e-16 
  781       3.293568674404e-10       2.654418248051e-12      -1.544456414647e-11       1.184931862661e-14       1.458317588803e-14       5.040165804719e-15      -3.347960800604e-16 
  782       3.300886775805e-10       2.621565177434e-12      -1.529272720534e-11       1.186662200546e-14       1.451433379757e-14       5.027821321236e-15      -3.301544069540e-16 
  783       3.308020481331e-10       2.589049314429e-12      -1.513705315692e-11       1.188390538251e-14       1.444589648044e-14       5.015289535806e-15      -3.255011662131e-16 
  784       3.314966885628e-10       2.556883605153e-12      -1.497760832046e-11       1.190116500015e-14       1.437786183389e-14       5.002573086338e-15      -3.208367247258e-16 
  785       3.321723064921e-10       2.525081100628e-12      -1.481445988164e-11       1.191839706328e-14       1.431022769151e-14       4.989674644561e-15      -3.161614527670e-16 
  786       3.328286076962e-10       2.493654957089e-12      -1.464767589553e-11       1.193559773916e-14       1.424299182302e-14       4.976596916135e-15      -3.114757240081e-16 
  787       3.334652960988e-10       2.462618436279e-12      -1.447732528954e-11       1.195276315731e-14       1.417615193401e-14       4.963342640766e-15      -3.067799155271e-16 
  788       3.340820737672e-10       2.431984905754e-12      -1.430347786633e-11       1.196988940942e-14       1.410970566562e-14       4.949914592315e-15      -3.020744078179e-16 
  789       3.346786409074e-10       2.401767839181e-12      -1.412620430676e-11       1.198697254914e-14       1.404365059437e-14       4.936315578913e-15      -2.973595848006e-16 
  790       3.352546958598e-10       2.371980816642e-12      -1.394557617285e-11       1.200400859208e-14       1.397798423183e-14       4.922548443073e-15      -2.926358338311e-16 
  791       3.358099350943e-10       2.342637524932e-12      -1.376166591069e-11       1.202099351557e-14       1.391270402441e-14       4.908616061802e-15      -2.879035457109e-16 
  792       3.363440532056e-10       2.313751757864e-12      -1.357454685342e-11       1.203792325865e-14       1.384780735306e-14       4.894521346711e-15      -2.831631146971e-16 
  793       3.368567429085e-10       2.285337416565e-12      -1.338429322411e-11       1.205479372186e-14       1.378329153304e-14       4.880267244132e-15      -2.784149385122e-16 
  794       3.373476950335e-10       2.257408509781e-12      -1.319098013879e-11       1.207160076718e-14       1.371915381365e-14       4.865856735227e-15      -2.736594183535e-16 
  795       3.378165985216e-10       2.229979154177e-12      -1.299468360928e-11       1.208834021788e-14       1.365539137799e-14       4.851292836102e-15      -2.688969589037e-16 
  796       3.382631404200e-10       2.203063574636e-12      -1.279548054622e-11       1.210500785841e-14       1.359200134267e-14       4.836578597917e-15      -2.641279683398e-16 
  797       3.386870058775e-10       2.176676104563e-12      -1.259344876199e-11       1.212159943428e-14       1.352898075756e-14       4.821717107001e-15      -2.593528583439e-16 
  798       3.390878781392e-10       2.150831186186e-12      -1.238866697361e-11       1.213811065195e-14       1.346632660556e-14       4.806711484964e-15      -2.545720441122e-16 
  799       3.394654385427e-10       2.125543370852e-12      -1.218121480572e-11       1.215453717866e-14       1.340403580230e-14       4.791564888807e-15      -2.497859443653e-16 
  800       3.398193665126e-10       2.100827319336e-12      -1.197117279352e-11       1.217087464240e-14       1.334210519590e-14       4.776280511038e-15      -2.449949813577e-16 
  801       3.401493395562e-10       2.076697802134e-12      -1.175862238568e-11       1.218711863171e-14       1.328053156674e-14       4.760861579781e-15      -2.401995808880e-16 
  802       3.404550332589e-10       2.053169699772e-12      -1.154364594734e-11       1.220326469558e-14       1.321931162713e-14       4.745311358890e-15      -2.354001723085e-16 
  803       3.407361212794e-10       2.030258003099e-12      -1.132632676296e-11       1.221930834337e-14       1.315844202114e-14       4.729633148061e-15      -2.305971885350e-16 
  804       3.409922753447e-10       2.007977813594e-12      -1.110674903935e-11       1.223524504463e-14       1.309791932426e-14       4.713830282945e-15      -2.257910660565e-16 
  805       3.412231652461e-10       1.986344343664e-12      -1.088499790855e-11       1.225107022902e-14       1.303774004319e-14       4.697906135260e-15      -2.209822449456e-16 
  806       3.414284588338e-10       1.965372916947e-12      -1.066115943081e-11       1.226677928619e-14       1.297790061558e-14       4.681864112902e-15      -2.161711688674e-16 
  807       3.416078220126e-10       1.945078968610e-12      -1.043532059751e-11       1.228236756564e-14       1.291839740975e-14       4.665707660059e-15      -2.113582850903e-16 
  808       3.417609187374e-10       1.925478045655e-12      -1.020756933409e-11       1.229783037660e-14       1.285922672442e-14       4.649440257323e-15      -2.065440444951e-16 
  809       3.418874110078e-10       1.906585807215e-12      -9.977994503011e-12       1.231316298794e-14       1.280038478852e-14       4.633065421803e-15      -2.017289015852e-16 
  810       3.419869588642e-10       1.888418024856e-12      -9.746685906699e-12       1.232836062801e-14       1.274186776085e-14       4.616586707235e-15      -1.969133144962e-16 
  811       3.420592878900e-10       1.870988259917e-12      -9.513731921593e-12       1.234341894297e-14       1.268367222228e-14       4.600006812819e-15      -1.920977695027e-16 
  812       3.421043930615e-10       1.854300849092e-12      -9.279212347751e-12       1.235833538094e-14       1.262579666249e-14       4.583324891912e-15      -1.872828550011e-16 
  813       3.421223385565e-10       1.838357793225e-12      -9.043205436421e-12       1.237310783253e-14       1.256824001946e-14       4.566539195127e-15      -1.824691888777e-16 
  814       3.421131905876e-10       1.823161068719e-12      -8.805790249759e-12       1.238773417458e-14       1.251100118931e-14       4.549647957181e-15      -1.776573941464e-16 
  815       3.420770174091e-10       1.808712627414e-12      -8.567046663337e-12       1.240221227020e-14       1.245407902614e-14       4.532649396835e-15      -1.728480989630e-16 
  816       3.420138893254e-10       1.795014396463e-12      -8.327055368653e-12       1.241653996868e-14       1.239747234185e-14       4.515541716855e-15      -1.680419366396e-16 
  817       3.419238786978e-10       1.782068278209e-12      -8.085897875639e-12       1.243071510546e-14       1.234117990594e-14       4.498323103950e-15      -1.632395456590e-16 
  818       3.418070599526e-10       1.769876150067e-12      -7.843656515168e-12       1.244473550213e-14       1.228520044543e-14       4.480991728732e-15      -1.584415696887e-16 
  819       3.416635095888e-10       1.758439864396e-12      -7.600414441566e-12       1.245859896633e-14       1.222953264459e-14       4.463545745661e-15      -1.536486575956e-16 
  820       3.414933061852e-10       1.747761248382e-12      -7.356255635120e-12       1.247230329178e-14       1.217417514484e-14       4.445983292996e-15      -1.488614634598e-16 
  821       3.412965304087e-10       1.737842103910e-12      -7.111264904585e-12       1.248584625821e-14       1.211912654454e-14       4.428302492744e-15      -1.440806465892e-16 
  822       3.410732650213e-10       1.728684207448e-12      -6.865527889694e-12       1.249922563131e-14       1.206438539885e-14       4.410501450611e-15      -1.393068715337e-16 
  823       3.408235948880e-10       1.720289309921e-12      -6.619131063667e-12       1.251243916274e-14       1.200995021955e-14       4.392578255952e-15      -1.345408080996e-16 
  824       3.405476069844e-10       1.712659136588e-12      -6.372161735720e-12       1.252548459004e-14       1.195581947485e-14       4.374530981722e-15      -1.297831313636e-16 
  825       3.402453904043e-10       1.705795386923e-12      -6.124708053573e-12       1.253835963663e-14       1.190199158928e-14       4.356357684422e-15      -1.250345216874e-16 
  826       3.399170363674e-10       1.699699734489e-12      -5.876859005958e-12       1.255106201175e-14       1.184846494344e-14       4.338056404054e-15      -1.202956647318e-16 
  827       3.395626382266e-10       1.694373826820e-12      -5.628704425130e-12       1.256358941046e-14       1.179523787389e-14       4.319625164066e-15      -1.155672514712e-16 
  828       3.391822914760e-10       1.689819285295e-12      -5.380334989376e-12       1.257593951356e-14       1.174230867298e-14       4.301061971306e-15      -1.108499782075e-16 
  829       3.387760937584e-10       1.686037705015e-12      -5.131842225519e-12       1.258810998757e-14       1.168967558864e-14       4.282364815971e-15      -1.061445465847e-16 
  830       3.383441448726e-10       1.683030654688e-12      -4.883318511433e-12       1.260009848471e-14       1.163733682425e-14       4.263531671554e-15      -1.014516636033e-16 
  831       3.378865467816e-10       1.680799676496e-12      -4.634857078549e-12       1.261190264284e-14       1.158529053846e-14       4.244560494799e-15      -9.677204163407e-17 
  832       3.374034036196e-10       1.679346285981e-12      -4.386552014363e-12       1.262352008544e-14       1.153353484501e-14       4.225449225647e-15      -9.210639843288e-17 
  833       3.368948217001e-10       1.678671971920e-12      -4.138498264946e-12       1.263494842157e-14       1.148206781257e-14       4.206195787185e-15      -8.745545715471e-17 
  834       3.363609095232e-10       1.678778196203e-12      -3.890791637451e-12       1.264618524583e-14       1.143088746458e-14       4.186798085602e-15      -8.281994636799e-17 
  835       3.358017777834e-10       1.679666393709e-12      -3.643528802626e-12       1.265722813831e-14       1.137999177905e-14       4.167254010133e-15      -7.820060006889e-17 
  836       3.352175393771e-10       1.681337972186e-12      -3.396807297318e-12       1.266807466458e-14       1.132937868844e-14       4.147561433009e-15      -7.359815769561e-17 
  837       3.346083094103e-10       1.683794312127e-12      -3.150725526985e-12       1.267872237565e-14       1.127904607946e-14       4.127718209413e-15      -6.901336414268e-17 
  838       3.339742052061e-10       1.687036766651e-12      -2.905382768202e-12       1.268916880791e-14       1.122899179287e-14       4.107722177423e-15      -6.444696977520e-17 
  839       3.333153463125e-10       1.691066661375e-12      -2.660879171172e-12       1.269941148312e-14       1.117921362340e-14       4.087571157966e-15      -5.989973044319e-17 
  840       3.326318545097e-10       1.695885294298e-12      -2.417315762236e-12       1.270944790835e-14       1.112970931948e-14       4.067262954765e-15      -5.537240749584e-17 
  841       3.319238538181e-10       1.701493935675e-12      -2.174794446378e-12       1.271927557598e-14       1.108047658314e-14       4.046795354293e-15      -5.086576779579e-17 
  842       3.311914705057e-10       1.707893827893e-12      -1.933418009736e-12       1.272889196361e-14       1.103151306981e-14       4.026166125719e-15      -4.638058373343e-17 
  843       3.304348330956e-10       1.715086185355e-12      -1.693290122111e-12       1.273829453407e-14       1.098281638818e-14       4.005373020860e-15      -4.191763324121e-17 
  844       3.296540723739e-10       1.723072194352e-12      -1.454515339476e-12       1.274748073537e-14       1.093438409999e-14       3.984413774131e-15      -3.747769980788e-17 
  845       3.288493213971e-10       1.731853012943e-12      -1.217199106482e-12       1.275644800066e-14       1.088621371989e-14       3.963286102494e-15      -3.306157249281e-17 
  846       3.280207154998e-10       1.741429770831e-12      -9.814477589703e-13       1.276519374818e-14       1.083830271525e-14       3.941987705407e-15      -2.867004594026e-17 
  847       3.271683923023e-10       1.751803569246e-12      -7.473685264810e-13       1.277371538125e-14       1.079064850603e-14       3.920516264778e-15      -2.430392039369e-17 
  848       3.262924917181e-10       1.762975480814e-12      -5.150695347591e-13       1.278201028822e-14       1.074324846456e-14       3.898869444911e-15      -1.996400171002e-17 
  849       3.253931559617e-10       1.774946549444e-12      -2.846598082655e-13       1.279007584244e-14       1.069609991542e-14       3.877044892456e-15      -1.565110137392e-17 
  850       3.244705295563e-10       1.787717790198e-12      -5.624927268511e-14       1.279790940221e-14       1.064920013523e-14       3.855040236361e-15      -1.136603651213e-17 
  851       3.235247890558e-10       1.801288530895e-12       1.700615579603e-13       1.280550884716e-14       1.060254669243e-14       3.832854303994e-15      -7.109533724705e-18 
  852       3.225562327558e-10       1.815651405969e-12       3.942127189358e-13       1.281287419750e-14       1.055613847330e-14       3.810490792464e-15      -2.881938741933e-18 
  853       3.215651925368e-10       1.830797276503e-12       6.161541862663e-13       1.282000602247e-14       1.050997467319e-14       3.787954660171e-15       1.316498184181e-18 
  854       3.205520043010e-10       1.846716880328e-12       8.358356089394e-13       1.282690490650e-14       1.046405445811e-14       3.765250916492e-15       5.485526549855e-18 
  855       3.195170079853e-10       1.863400831628e-12       1.053206308104e-12       1.283357144925e-14       1.041837696457e-14       3.742384621930e-15       9.624895601163e-18 
  856       3.184605475733e-10       1.880839620542e-12       1.268215276270e-12       1.284000626572e-14       1.037294129949e-14       3.719360888265e-15       1.373435433566e-17 
  857       3.173829711084e-10       1.899023612768e-12       1.480811176503e-12       1.284620998622e-14       1.032774654010e-14       3.696184878709e-15       1.781365150403e-17 
  858       3.162846307058e-10       1.917943049166e-12       1.690942341628e-12       1.285218325648e-14       1.028279173378e-14       3.672861808052e-15       2.186253561168e-17 
  859       3.151658825654e-10       1.937588045361e-12       1.898556773424e-12       1.285792673767e-14       1.023807589802e-14       3.649396942820e-15       2.588075492043e-17 
  860       3.140270869842e-10       1.957948591349e-12       2.103602141822e-12       1.286344110649e-14       1.019359802025e-14       3.625795601417e-15       2.986805745009e-17 
  861       3.128686083687e-10       1.979014551095e-12       2.306025784109e-12       1.286872705518e-14       1.014935705774e-14       3.602063154286e-15       3.382419098012e-17 
  862       3.116908152478e-10       2.000775662140e-12       2.505774704119e-12       1.287378529161e-14       1.010535193750e-14       3.578205024054e-15       3.774890305126e-17 
  863       3.104940802848e-10       2.023221535204e-12       2.702795571437e-12       1.287861653929e-14       1.006158155615e-14       3.554226685683e-15       4.164194096717e-17 
  864       3.092787802906e-10       2.046341653790e-12       2.897034720594e-12       1.288322153748e-14       1.001804477984e-14       3.530133666626e-15       4.550305179601e-17 
  865       3.080452962356e-10       2.070125373783e-12       3.088438150269e-12       1.288760104116e-14       9.974740444088e-15       3.505931546974e-15       4.933198237216e-17 
  866       3.067940132625e-10       2.094561923059e-12       3.276951522483e-12       1.289175582119e-14       9.931667353706e-15       3.481625959608e-15       5.312847929777e-17 
  867       3.055253206988e-10       2.119640401084e-12       3.462520161802e-12       1.289568666426e-14       9.888824282673e-15       3.457222590353e-15       5.689228894445e-17 
  868       3.042396120697e-10       2.145349778519e-12       3.645089054532e-12       1.289939437300e-14       9.846209974025e-15       3.432727178123e-15       6.062315745485e-17 
  869       3.029372851098e-10       2.171678896825e-12       3.824602847918e-12       1.290287976603e-14       9.803823139741e-15       3.408145515081e-15       6.432083074435e-17 
  870       3.016187417764e-10       2.198616467862e-12       4.001005849347e-12       1.290614367798e-14       9.761662460630e-15       3.383483446782e-15       6.798505450264e-17 
  871       3.002843882617e-10       2.226151073495e-12       4.174242025539e-12       1.290918695958e-14       9.719726586219e-15       3.358746872328e-15       7.161557419538e-17 
  872       2.989346350055e-10       2.254271165198e-12       4.344255001749e-12       1.291201047770e-14       9.678014134643e-15       3.333941744522e-15       7.521213506582e-17 
  873       2.975698967073e-10       2.282965063656e-12       4.510988060969e-12       1.291461511537e-14       9.636523692528e-15       3.309074070011e-15       7.877448213646e-17 
  874       2.961905923395e-10       2.312220958368e-12       4.674384143121e-12       1.291700177189e-14       9.595253814878e-15       3.284149909447e-15       8.230236021062e-17 
  875       2.947971451593e-10       2.342026907251e-12       4.834385844256e-12       1.291917136284e-14       9.554203024969e-15       3.259175377631e-15       8.579551387414e-17 
  876       2.933899827217e-10       2.372370836243e-12       4.990935415758e-12       1.292112482014e-14       9.513369814227e-15       3.234156643668e-15       8.925368749698e-17 
  877       2.919695368917e-10       2.403240538906e-12       5.143974763534e-12       1.292286309213e-14       9.472752642123e-15       3.209099931116e-15       9.267662523484e-17 
  878       2.905362438572e-10       2.434623676031e-12       5.293445447221e-12       1.292438714358e-14       9.432349936056e-15       3.184011518138e-15       9.606407103082e-17 
  879       2.890905441410e-10       2.466507775237e-12       5.439288679378e-12       1.292569795576e-14       9.392160091243e-15       3.158897737656e-15       9.941576861703e-17 
  880       2.876328826138e-10       2.498880230580e-12       5.581445324687e-12       1.292679652651e-14       9.352181470603e-15       3.133764977496e-15       1.027314615162e-16 
  881       2.861637085067e-10       2.531728302152e-12       5.719855899152e-12       1.292768387026e-14       9.312412404647e-15       3.108619680546e-15       1.060108930435e-16 
  882       2.846834754232e-10       2.565039115686e-12       5.854460569298e-12       1.292836101813e-14       9.272851191367e-15       3.083468344903e-15       1.092538063077e-16 
  883       2.831926413526e-10       2.598799662159e-12       5.985199151365e-12       1.292882901791e-14       9.233496096116e-15       3.058317524024e-15       1.124599442135e-16 
  884       2.816916686818e-10       2.632996797394e-12       6.112011110512e-12       1.292908893419e-14       9.194345351504e-15       3.033173826881e-15       1.156290494624e-16 
  885       2.801810242081e-10       2.667617241667e-12       6.234835560014e-12       1.292914184836e-14       9.155397157280e-15       3.008043918108e-15       1.187608645550e-16 
  886       2.786611791518e-10       2.702647579306e-12       6.353611260458e-12       1.292898885868e-14       9.116649680221e-15       2.982934518156e-15       1.218551317923e-16 
  887       2.771326091685e-10       2.738074258295e-12       6.468276618943e-12       1.292863108033e-14       9.078101054020e-15       2.957852403439e-15       1.249115932771e-16 
  888       2.755957943621e-10       2.773883589881e-12       6.578769688280e-12       1.292806964548e-14       9.039749379171e-15       2.932804406492e-15       1.279299909163e-16 
  889       2.740512192967e-10       2.810061748173e-12       6.685028166188e-12       1.292730570330e-14       9.001592722858e-15       2.907797416117e-15       1.309100664218e-16 
  890       2.724993730097e-10       2.846594769747e-12       6.786989394493e-12       1.292634042007e-14       8.963629118843e-15       2.882838377535e-15       1.338515613128e-16 
  891       2.709407287349e-10       2.883468585438e-12       6.884601945295e-12       1.292517524287e-14       8.925856807721e-15       2.857933363533e-15       1.367543066343e-16 
  892       2.693756826837e-10       2.920669117089e-12       6.977860589134e-12       1.292381269556e-14       8.888274962230e-15       2.833084770916e-15       1.396184937232e-16 
  893       2.678046142861e-10       2.958182181601e-12       7.066771898203e-12       1.292225559596e-14       8.850882973602e-15       2.808294078413e-15       1.424444078822e-16 
  894       2.662279063976e-10       2.995993458496e-12       7.151342712259e-12       1.292050679345e-14       8.813680212197e-15       2.783562771536e-15       1.452323390799e-16 
  895       2.646459453095e-10       3.034088489523e-12       7.231580139571e-12       1.291856916905e-14       8.776666027423e-15       2.758892342588e-15       1.479825819657e-16 
  896       2.630591207574e-10       3.072452678272e-12       7.307491557870e-12       1.291644563550e-14       8.739839747662e-15       2.734284290676e-15       1.506954358851e-16 
  897       2.614678259316e-10       3.111071289774e-12       7.379084615292e-12       1.291413913740e-14       8.703200680194e-15       2.709740121720e-15       1.533712048950e-16 
  898       2.598724574860e-10       3.149929450116e-12       7.446367231332e-12       1.291165265124e-14       8.666748111119e-15       2.685261348466e-15       1.560101977785e-16 
  899       2.582734155477e-10       3.189012146045e-12       7.509347597787e-12       1.290898918554e-14       8.630481305282e-15       2.660849490493e-15       1.586127280604e-16 
  900       2.566711037265e-10       3.228304224580e-12       7.568034179707e-12       1.290615178091e-14       8.594399506193e-15       2.636506074230e-15       1.611791140225e-16 
  901       2.550659291243e-10       3.267790392614e-12       7.622435716341e-12       1.290314351016e-14       8.558501935957e-15       2.612232632962e-15       1.637096787184e-16 
  902       2.534583023448e-10       3.307455216530e-12       7.672561222087e-12       1.289996747840e-14       8.522787795193e-15       2.588030706843e-15       1.662047499888e-16 
  903       2.518486375025e-10       3.347283121801e-12       7.718419987438e-12       1.289662682309e-14       8.487256262959e-15       2.563901842906e-15       1.686646604768e-16 
  904       2.502373522329e-10       3.387258392606e-12       7.760021579930e-12       1.289312471421e-14       8.451906496673e-15       2.539847595076e-15       1.710897476431e-16 
  905       2.486248677010e-10       3.427365171432e-12       7.797375845093e-12       1.288946435425e-14       8.416737632041e-15       2.515869524177e-15       1.734803537810e-16 
  906       2.470116086118e-10       3.467587458684e-12       7.830492907394e-12       1.288564897840e-14       8.381748782979e-15       2.491969197949e-15       1.758368260316e-16 
  907       2.453980032189e-10       3.507909112296e-12       7.859383171189e-12       1.288168185458e-14       8.346939041535e-15       2.468148191051e-15       1.781595163992e-16 
  908       2.437844833345e-10       3.548313847334e-12       7.884057321668e-12       1.287756628356e-14       8.312307477814e-15       2.444408085081e-15       1.804487817663e-16 
  909       2.421714843387e-10       3.588785235608e-12       7.904526325807e-12       1.287330559902e-14       8.277853139901e-15       2.420750468579e-15       1.827049839086e-16 
  910       2.405594451888e-10       3.629306705280e-12       7.920801433311e-12       1.286890316770e-14       8.243575053785e-15       2.397176937043e-15       1.849284895106e-16 
  911       2.389488084293e-10       3.669861540469e-12       7.932894177565e-12       1.286436238944e-14       8.209472223284e-15       2.373689092937e-15       1.871196701805e-16 
  912       2.373400202006e-10       3.710432880863e-12       7.940816376582e-12       1.285968669729e-14       8.175543629964e-15       2.350288545704e-15       1.892789024653e-16 
  913       2.357335302492e-10       3.751003721324e-12       7.944580133948e-12       1.285487955760e-14       8.141788233068e-15       2.326976911777e-15       1.914065678664e-16 
  914       2.341297919366e-10       3.791556911499e-12       7.944197839774e-12       1.284994447012e-14       8.108204969438e-15       2.303755814587e-15       1.935030528543e-16 
  915       2.325292622492e-10       3.832075155425e-12       7.939682171642e-12       1.284488496808e-14       8.074792753437e-15       2.280626884578e-15       1.955687488839e-16 
  916       2.309324018074e-10       3.872541011140e-12       7.931046095552e-12       1.283970461831e-14       8.041550476872e-15       2.257591759215e-15       1.976040524098e-16 
  917       2.293396748755e-10       3.912936890288e-12       7.918302866872e-12       1.283440702127e-14       8.008477008921e-15       2.234652082996e-15       1.996093649016e-16 
  918       2.277515493706e-10       3.953245057733e-12       7.901466031284e-12       1.282899581124e-14       7.975571196054e-15       2.211809507464e-15       2.015850928587e-16 
  919       2.261684968727e-10       3.993447631158e-12       7.880549425734e-12       1.282347465629e-14       7.942831861959e-15       2.189065691215e-15       2.035316478257e-16 
  920       2.245909926335e-10       4.033526580682e-12       7.855567179376e-12       1.281784725850e-14       7.910257807461e-15       2.166422299912e-15       2.054494464077e-16 
  921       2.230195155866e-10       4.073463728464e-12       7.826533714526e-12       1.281211735395e-14       7.877847810451e-15       2.143881006296e-15       2.073389102852e-16 
  922       2.214545483564e-10       4.113240748309e-12       7.793463747604e-12       1.280628871286e-14       7.845600625805e-15       2.121443490193e-15       2.092004662295e-16 
  923       2.198965772677e-10       4.152839165282e-12       7.756372290087e-12       1.280036513968e-14       7.813514985314e-15       2.099111438530e-15       2.110345461176e-16 
  924       2.183460923553e-10       4.192240355311e-12       7.715274649452e-12       1.279435047318e-14       7.781589597597e-15       2.076886545343e-15       2.128415869479e-16 
  925       2.168035873734e-10       4.231425544797e-12       7.670186430128e-12       1.278824858652e-14       7.749823148037e-15       2.054770511789e-15       2.146220308549e-16 
  926       2.152695598051e-10       4.270375810223e-12       7.621123534442e-12       1.278206338739e-14       7.718214298695e-15       2.032765046155e-15       2.163763251243e-16 
  927       2.137445108717e-10       4.309072077759e-12       7.568102163568e-12       1.277579881805e-14       7.686761688237e-15       2.010871863872e-15       2.181049222087e-16 
  928       2.122289455425e-10       4.347495122875e-12       7.511138818472e-12       1.276945885546e-14       7.655463931861e-15       1.989092687525e-15       2.198082797424e-16 
  929       2.107233725438e-10       4.385625569945e-12       7.450250300866e-12       1.276304751134e-14       7.624319621214e-15       1.967429246862e-15       2.214868605567e-16 
  930       2.092283043689e-10       4.423443891858e-12       7.385453714148e-12       1.275656883229e-14       7.593327324321e-15       1.945883278807e-15       2.231411326950e-16 
  931       2.077442047724e-10       4.460932062967e-12       7.316772400502e-12       1.275002673511e-14       7.562485754370e-15       1.924456109301e-15       2.247714147519e-16 
  932       2.062713303330e-10       4.498078547145e-12       7.244253852301e-12       1.274342450980e-14       7.531794279131e-15       1.903147391613e-15       2.263774092029e-16 
  933       2.048098864245e-10       4.534873387188e-12       7.167952083513e-12       1.273676530893e-14       7.501252419378e-15       1.881956348264e-15       2.279586617853e-16 
  934       2.033600795078e-10       4.571306558403e-12       7.087921720792e-12       1.273005231179e-14       7.470859680692e-15       1.860882187349e-15       2.295147155044e-16 
  935       2.019221171327e-10       4.607367968440e-12       7.004218005244e-12       1.272328872445e-14       7.440615553411e-15       1.839924102499e-15       2.310451106278e-16 
  936       2.004962079405e-10       4.643047457131e-12       6.916896794196e-12       1.271647777982e-14       7.410519512578e-15       1.819081272828e-15       2.325493846788e-16 
  937       1.990825616660e-10       4.678334796328e-12       6.826014562966e-12       1.270962273776e-14       7.380571017884e-15       1.798352862887e-15       2.340270724302e-16 
  938       1.976813891396e-10       4.713219689738e-12       6.731628406633e-12       1.270272688510e-14       7.350769513617e-15       1.777738022619e-15       2.354777058982e-16 
  939       1.962929022898e-10       4.747691772760e-12       6.633796041802e-12       1.269579353572e-14       7.321114428612e-15       1.757235887311e-15       2.369008143360e-16 
  940       1.949173141452e-10       4.781740612323e-12       6.532575808376e-12       1.268882603064e-14       7.291605176192e-15       1.736845577546e-15       2.382959242279e-16 
  941       1.935548388367e-10       4.815355706721e-12       6.428026671324e-12       1.268182773809e-14       7.262241154119e-15       1.716566199161e-15       2.396625592830e-16 
  942       1.922056915998e-10       4.848526485453e-12       6.320208222452e-12       1.267480205354e-14       7.233021744540e-15       1.696396843191e-15       2.410002404285e-16 
  943       1.908700887767e-10       4.881242309054e-12       6.209180682168e-12       1.266775239982e-14       7.203946313934e-15       1.676336585833e-15       2.423084858043e-16 
  944       1.895482478187e-10       4.913492468939e-12       6.095004901252e-12       1.266068222716e-14       7.175014213059e-15       1.656384488390e-15       2.435868107562e-16 
  945       1.882403872882e-10       4.945266187233e-12       5.977742362628e-12       1.265359501326e-14       7.146224776899e-15       1.636539597229e-15       2.448347278298e-16 
  946       1.869467268609e-10       4.976552616614e-12       5.857455183130e-12       1.264649426336e-14       7.117577324610e-15       1.616800943733e-15       2.460517467644e-16 
  947       1.856674873282e-10       5.007340840144e-12       5.734206115270e-12       1.263938351033e-14       7.089071159469e-15       1.597167544256e-15       2.472373744868e-16 
  948       1.844028905993e-10       5.037619871110e-12       5.608058549011e-12       1.263226631472e-14       7.060705568818e-15       1.577638400070e-15       2.483911151050e-16 
  949       1.831531597033e-10       5.067378652859e-12       5.479076513530e-12       1.262514626483e-14       7.032479824014e-15       1.558212497326e-15       2.495124699019e-16 
  950       1.819185187915e-10       5.096606058634e-12       5.347324678994e-12       1.261802697677e-14       7.004393180375e-15       1.538888807002e-15       2.506009373292e-16 
  951       1.806991931397e-10       5.125290891414e-12       5.212868358322e-12       1.261091209458e-14       6.976444877125e-15       1.519666284859e-15       2.516560130014e-16 
  952       1.794954091503e-10       5.153421883746e-12       5.075773508959e-12       1.260380529021e-14       6.948634137343e-15       1.500543871390e-15       2.526771896890e-16 
  953       1.783073943544e-10       5.180987697587e-12       4.936106734642e-12       1.259671026368e-14       6.920960167911e-15       1.481520491777e-15       2.536639573130e-16 
  954       1.771353774143e-10       5.207976924138e-12       4.793935287170e-12       1.258963074310e-14       6.893422159457e-15       1.462595055846e-15       2.546158029382e-16 
  955       1.759795881254e-10       5.234378083678e-12       4.649327068172e-12       1.258257048475e-14       6.866019286307e-15       1.443766458012e-15       2.555322107670e-16 
  956       1.748402574185e-10       5.260179625406e-12       4.502350630878e-12       1.257553327314e-14       6.838750706428e-15       1.425033577241e-15       2.564126621334e-16 
  957       1.737176173623e-10       5.285369927277e-12       4.353075181886e-12       1.256852292109e-14       6.811615561375e-15       1.406395276998e-15       2.572566354969e-16 
  958       1.726119011649e-10       5.309937295835e-12       4.201570582930e-12       1.256154326982e-14       6.784612976242e-15       1.387850405201e-15       2.580636064358e-16 
  959       1.715233431769e-10       5.333869966053e-12       4.047907352653e-12       1.255459818897e-14       6.757742059606e-15       1.369397794176e-15       2.588330476414e-16 
  960       1.704521788929e-10       5.357156101169e-12       3.892156668370e-12       1.254769157670e-14       6.731001903470e-15       1.351036260607e-15       2.595644289117e-16 
  961       1.693986449541e-10       5.379783792522e-12       3.734390367843e-12       1.254082735979e-14       6.704391583221e-15       1.332764605493e-15       2.602572171449e-16 
  962       1.683629791502e-10       5.401741059391e-12       3.574680951046e-12       1.253400949363e-14       6.677910157563e-15       1.314581614096e-15       2.609108763338e-16 
  963       1.673454204219e-10       5.423015848829e-12       3.413101581933e-12       1.252724196236e-14       6.651556668477e-15       1.296486055899e-15       2.615248675589e-16 
  964       1.663462088630e-10       5.443596035501e-12       3.249726090212e-12       1.252052877891e-14       6.625330141158e-15       1.278476684558e-15       2.620986489828e-16 
  965       1.653655857224e-10       5.463469421522e-12       3.084628973108e-12       1.251387398507e-14       6.599229583969e-15       1.260552237853e-15       2.626316758434e-16 
  966       1.644037934068e-10       5.482623736292e-12       2.917885397136e-12       1.250728165158e-14       6.573253988382e-15       1.242711437643e-15       2.631234004481e-16 
  967       1.634610754823e-10       5.501046636333e-12       2.749571199867e-12       1.250075587815e-14       6.547402328930e-15       1.224952989818e-15       2.635732721676e-16 
  968       1.625376766771e-10       5.518725705127e-12       2.579762891702e-12       1.249430079360e-14       6.521673563151e-15       1.207275584253e-15       2.639807374293e-16 
  969       1.616338428834e-10       5.535648452952e-12       2.408537657632e-12       1.248792055587e-14       6.496066631535e-15       1.189677894762e-15       2.643452397115e-16 
  970       1.607498211597e-10       5.551802316718e-12       2.235973359016e-12       1.248161935211e-14       6.470580457475e-15       1.172158579047e-15       2.646662195370e-16 
  971       1.598858091455e-10       5.567176834538e-12       2.062145943049e-12       1.247540093622e-14       6.445214070825e-15       1.154716685737e-15       2.649433140066e-16 
  972       1.590418024669e-10       5.581770205594e-12       1.887121624924e-12       1.246926723364e-14       6.419966980743e-15       1.137352882278e-15       2.651769586997e-16 
  973       1.582177450399e-10       5.595582828616e-12       1.710964591597e-12       1.246321971571e-14       6.394838808355e-15       1.120068245417e-15       2.653677948148e-16 
  974       1.574135794463e-10       5.608615136204e-12       1.533739584851e-12       1.245725986031e-14       6.369829163606e-15       1.102863855800e-15       2.655164704693e-16 
  975       1.566292469286e-10       5.620867594945e-12       1.355511902743e-12       1.245138915188e-14       6.344937645226e-15       1.085740797977e-15       2.656236407192e-16 
  976       1.558646873867e-10       5.632340705521e-12       1.176347401040e-12       1.244560908141e-14       6.320163840690e-15       1.068700160406e-15       2.656899675777e-16 
  977       1.551198393729e-10       5.643035002831e-12       9.963124946590e-13       1.243992114646e-14       6.295507326180e-15       1.051743035460e-15       2.657161200348e-16 
  978       1.543946400881e-10       5.652951056095e-12       8.154741591045e-13       1.243432685119e-14       6.270967666552e-15       1.034870519431e-15       2.657027740763e-16 
  979       1.536890253776e-10       5.662089468971e-12       6.338999319108e-13       1.242882770634e-14       6.246544415294e-15       1.018083712535e-15       2.656506127027e-16 
  980       1.530029297265e-10       5.670450879672e-12       4.516579140793e-13       1.242342522926e-14       6.222237114490e-15       1.001383718915e-15       2.655603259488e-16 
  981       1.523362862559e-10       5.678035961072e-12       2.688167715185e-13       1.241812094392e-14       6.198045294785e-15       9.847716466496e-16       2.654326109025e-16 
  982       1.516890267184e-10       5.684845420827e-12       8.544573648308e-14       1.241291638091e-14       6.173968475344e-15       9.682486077534e-16       2.652681717243e-16 
  983       1.510610814941e-10       5.690880001481e-12      -9.838539098673e-14       1.240781307746e-14       6.150006163819e-15       9.518157181858e-16       2.650677196661e-16 
  984       1.504523795860e-10       5.696140480585e-12      -2.826062416259e-13       1.240281257745e-14       6.126157856307e-15       9.354740978539e-16       2.648319730906e-16 
  985       1.498628486163e-10       5.700627670807e-12      -4.671458755052e-13       1.239791643140e-14       6.102423037316e-15       9.192248706179e-16       2.645616574903e-16 
  986       1.492924148217e-10       5.704342420046e-12      -6.519327805919e-13       1.239312619652e-14       6.078801179726e-15       9.030691642957e-16       2.642575055068e-16 
  987       1.487410030494e-10       5.707285611547e-12      -8.368948713107e-13       1.238844343669e-14       6.055291744752e-15       8.870081106681e-16       2.639202569498e-16 
  988       1.482085367528e-10       5.709458164013e-12      -1.021959487104e-12       1.238386972248e-14       6.031894181908e-15       8.710428454834e-16       2.635506588165e-16 
  989       1.476949379874e-10       5.710861031715e-12      -1.207053390993e-12       1.237940663117e-14       6.008607928968e-15       8.551745084625e-16       2.631494653104e-16 
  990       1.472001274064e-10       5.711495204613e-12      -1.392102768139e-12       1.237505574673e-14       5.985432411929e-15       8.394042433037e-16       2.627174378608e-16 
  991       1.467240242566e-10       5.711361708462e-12      -1.577033224401e-12       1.237081865988e-14       5.962367044974e-15       8.237331976875e-16       2.622553451419e-16 
  992       1.462665463742e-10       5.710461604929e-12      -1.761769784902e-12       1.236669696804e-14       5.939411230435e-15       8.081625232817e-16       2.617639630916e-16 
  993       1.458276101803e-10       5.708795991704e-12      -1.946236892583e-12       1.236269227539e-14       5.916564358755e-15       7.926933757461e-16       2.612440749312e-16 
  994       1.454071306770e-10       5.706366002617e-12      -2.130358406771e-12       1.235880619287e-14       5.893825808451e-15       7.773269147374e-16       2.606964711841e-16 
  995       1.450050214430e-10       5.703172807747e-12      -2.314057601732e-12       1.235504033818e-14       5.871194946078e-15       7.620643039141e-16       2.601219496952e-16 
  996       1.446211946297e-10       5.699217613538e-12      -2.497257165238e-12       1.235139633578e-14       5.848671126187e-15       7.469067109415e-16       2.595213156501e-16 
  997       1.442555609562e-10       5.694501662912e-12      -2.679879197124e-12       1.234787581693e-14       5.826253691295e-15       7.318553074962e-16       2.588953815941e-16 
  998       1.439080297060e-10       5.689026235381e-12      -2.861845207851e-12       1.234448041969e-14       5.803941971840e-15       7.169112692717e-16       2.582449674513e-16 
  999       1.435785087221e-10       5.682792647161e-12      -3.043076117065e-12       1.234121178890e-14       5.781735286150e-15       7.020757759824e-16       2.575709005440e-16 
 1000       1.432669044031e-10       5.675802251287e-12      -3.223492252159e-12       1.233807157625e-14       5.759632940401e-15       6.873500113691e-16       2.568740156116e-16 
 1001       1.429731216990e-10       5.668056437722e-12      -3.403013346831e-12       1.233506144024e-14       5.737634228584e-15       6.727351632039e-16       2.561551548302e-16 
 1002       1.426970641066e-10       5.659556633477e-12      -3.581558539648e-12       1.233218304621e-14       5.715738432464e-15       6.582324232946e-16       2.554151678310e-16 
 1003       1.424386336658e-10       5.650304302715e-12      -3.759046372607e-12       1.232943806635e-14       5.693944821543e-15       6.438429874899e-16       2.546549117203e-16 
 1004       1.421977309549e-10       5.640300946874e-12      -3.935394789693e-12       1.232682817971e-14       5.672252653026e-15       6.295680556844e-16       2.538752510979e-16 
 1005       1.419742550868e-10       5.629548104773e-12      -4.110521135438e-12       1.232435507221e-14       5.650661171779e-15       6.154088318233e-16       2.530770580769e-16 
 1006       1.417681037045e-10       5.618047352732e-12      -4.284342153490e-12       1.232202043665e-14       5.629169610296e-15       6.013665239071e-16       2.522612123025e-16 
 1007       1.415791729767e-10       5.605800304676e-12      -4.456773985163e-12       1.231982597272e-14       5.607777188660e-15       5.874423439970e-16       2.514286009711e-16 
 1008       1.414073575942e-10       5.592808612257e-12      -4.627732168006e-12       1.231777338701e-14       5.586483114503e-15       5.736375082193e-16       2.505801188497e-16 
 1009       1.412525507649e-10       5.579073964965e-12      -4.797131634360e-12       1.231586439304e-14       5.565286582972e-15       5.599532367706e-16       2.497166682949e-16 
 1010       1.411146442103e-10       5.564598090239e-12      -4.964886709919e-12       1.231410071122e-14       5.544186776693e-15       5.463907539222e-16       2.488391592721e-16 
 1011       1.409935071753e-10       5.549384094718e-12      -5.130919808691e-12       1.231248361833e-14       5.523182958967e-15       5.329512824016e-16       2.479483512201e-16 
 1012       1.408889231360e-10       5.533440509000e-12      -5.295187658383e-12       1.231101258858e-14       5.502274754927e-15       5.196360264350e-16       2.470443761032e-16 
 1013       1.408006521693e-10       5.516777301547e-12      -5.457655451077e-12       1.230968663292e-14       5.481461874371e-15       5.064461884690e-16       2.461272085057e-16 
 1014       1.407284518488e-10       5.499404543123e-12      -5.618288180764e-12       1.230850474778e-14       5.460744018867e-15       4.933829747768e-16       2.451968231629e-16 
 1015       1.406720772378e-10       5.481332407056e-12      -5.777050642923e-12       1.230746591505e-14       5.440120881728e-15       4.804475954627e-16       2.442531949610e-16 
 1016       1.406312808828e-10       5.462571169516e-12      -5.933907434107e-12       1.230656910205e-14       5.419592147980e-15       4.676412644658e-16       2.432962989384e-16 
 1017       1.406058128069e-10       5.443131209781e-12      -6.088822951517e-12       1.230581326145e-14       5.399157494342e-15       4.549651995645e-16       2.423261102855e-16 
 1018       1.405954205029e-10       5.423023010512e-12      -6.241761392590e-12       1.230519733127e-14       5.378816589196e-15       4.424206223810e-16       2.413426043462e-16 
 1019       1.405998489269e-10       5.402257158018e-12      -6.392686754573e-12       1.230472023481e-14       5.358569092561e-15       4.300087583848e-16       2.403457566177e-16 
 1020       1.406188404913e-10       5.380844342530e-12      -6.541562834107e-12       1.230438088059e-14       5.338414656070e-15       4.177308368978e-16       2.393355427519e-16 
 1021       1.406521350582e-10       5.358795358473e-12      -6.688353226808e-12       1.230417816238e-14       5.318352922937e-15       4.055880910977e-16       2.383119385550e-16 
 1022       1.406994699330e-10       5.336121104731e-12      -6.833021326848e-12       1.230411095908e-14       5.298383527937e-15       3.935817580228e-16       2.372749199893e-16 
 1023       1.407605798571e-10       5.312832584926e-12      -6.975530326531e-12       1.230417813470e-14       5.278506097375e-15       3.817130785760e-16       2.362244631729e-16 
 1024       1.408351970020e-10       5.288940907679e-12      -7.115843215880e-12       1.230437853836e-14       5.258720249064e-15       3.699832975291e-16       2.351605443804e-16 
 1025       1.409230509619e-10       5.264457286889e-12      -7.253922782215e-12       1.230471100417e-14       5.239025592294e-15       3.583936635268e-16       2.340831400442e-16 
 1026       1.410238687474e-10       5.239393041997e-12      -7.389731609733e-12       1.230517435128e-14       5.219421727809e-15       3.469454290913e-16       2.329922267542e-16 
 1027       1.411373747789e-10       5.213759598263e-12      -7.523232079087e-12       1.230576738375e-14       5.199908247779e-15       3.356398506262e-16       2.318877812590e-16 
 1028       1.412632908795e-10       5.187568487031e-12      -7.654386366973e-12       1.230648889056e-14       5.180484735775e-15       3.244781884207e-16       2.307697804663e-16 
 1029       1.414013362686e-10       5.160831346001e-12      -7.783156445704e-12       1.230733764556e-14       5.161150766740e-15       3.134617066543e-16       2.296382014437e-16 
 1030       1.415512275553e-10       5.133559919503e-12      -7.909504082794e-12       1.230831240742e-14       5.141905906965e-15       3.025916734005e-16       2.284930214189e-16 
 1031       1.417126787313e-10       5.105766058762e-12      -8.033390840537e-12       1.230941191958e-14       5.122749714063e-15       2.918693606310e-16       2.273342177807e-16 
 1032       1.418854011649e-10       5.077461722173e-12      -8.154778075589e-12       1.231063491024e-14       5.103681736940e-15       2.812960442204e-16       2.261617680794e-16 
 1033       1.420691035934e-10       5.048658975571e-12      -8.273626938550e-12       1.231198009228e-14       5.084701515771e-15       2.708730039502e-16       2.249756500276e-16 
 1034       1.422634921174e-10       5.019369992499e-12      -8.389898373541e-12       1.231344616323e-14       5.065808581972e-15       2.606015235127e-16       2.237758415005e-16 
 1035       1.424682701932e-10       4.989607054481e-12      -8.503553117788e-12       1.231503180524e-14       5.047002458174e-15       2.504828905157e-16       2.225623205368e-16 
 1036       1.426831386269e-10       4.959382551292e-12      -8.614551701198e-12       1.231673568503e-14       5.028282658198e-15       2.405183964864e-16       2.213350653392e-16 
 1037       1.429077955671e-10       4.928708981228e-12      -8.722854445948e-12       1.231855645383e-14       5.009648687028e-15       2.307093368757e-16       2.200940542749e-16 
 1038       1.431419364986e-10       4.897598951379e-12      -8.828421466057e-12       1.232049274739e-14       4.991100040782e-15       2.210570110628e-16       2.188392658764e-16 
 1039       1.433852542354e-10       4.866065177894e-12      -8.931212666971e-12       1.232254318587e-14       4.972636206690e-15       2.115627223586e-16       2.175706788420e-16 
 1040       1.436374389145e-10       4.834120486258e-12      -9.031187745144e-12       1.232470637384e-14       4.954256663063e-15       2.022277780108e-16       2.162882720365e-16 
 1041       1.438981779884e-10       4.801777811559e-12      -9.128306187617e-12       1.232698090023e-14       4.935960879272e-15       1.930534892074e-16       2.149920244916e-16 
 1042       1.441671562195e-10       4.769050198759e-12      -9.222527271600e-12       1.232936533828e-14       4.917748315715e-15       1.840411710816e-16       2.136819154067e-16 
 1043       1.444440556725e-10       4.735950802967e-12      -9.313810064049e-12       1.233185824551e-14       4.899618423799e-15       1.751921427153e-16       2.123579241494e-16 
 1044       1.447285557079e-10       4.702492889705e-12      -9.402113421254e-12       1.233445816367e-14       4.881570645903e-15       1.665077271440e-16       2.110200302562e-16 
 1045       1.450203329757e-10       4.668689835183e-12      -9.487395988413e-12       1.233716361870e-14       4.863604415362e-15       1.579892513606e-16       2.096682134331e-16 
 1046       1.453190614084e-10       4.634555126566e-12      -9.569616199215e-12       1.233997312069e-14       4.845719156433e-15       1.496380463197e-16       2.083024535562e-16 
 1047       1.456244122144e-10       4.600102362248e-12      -9.648732275422e-12       1.234288516381e-14       4.827914284275e-15       1.414554469420e-16       2.069227306720e-16 
 1048       1.459360538711e-10       4.565345252121e-12      -9.724702226446e-12       1.234589822633e-14       4.810189204916e-15       1.334427921181e-16       2.055290249987e-16 
 1049       1.462536521187e-10       4.530297617843e-12      -9.797483848933e-12       1.234901077051e-14       4.792543315231e-15       1.256014247133e-16       2.041213169260e-16 
 1050       1.465768699529e-10       4.494973393115e-12      -9.867034726345e-12       1.235222124260e-14       4.774976002916e-15       1.179326915715e-16       2.026995870165e-16 
 1051       1.469053831123e-10       4.459386377124e-12      -9.933321248952e-12       1.235552791069e-14       4.757486710614e-15       1.104374007340e-16       2.012638588041e-16 
 1052       1.472389267881e-10       4.423549490603e-12      -9.996345811984e-12       1.235892837592e-14       4.740075129348e-15       1.031141848247e-16       1.998143278434e-16 
 1053       1.475772495503e-10       4.387475509971e-12      -1.005611999473e-11       1.236242005439e-14       4.722741007726e-15       9.596111492346e-17       1.983512344554e-16 
 1054       1.479200979079e-10       4.351177313456e-12      -1.011265557493e-11       1.236600033858e-14       4.705484088008e-15       8.897624123372e-17       1.968748210975e-16 
 1055       1.482672163039e-10       4.314667881344e-12      -1.016596452941e-11       1.236966659729e-14       4.688304106091e-15       8.215759302778e-17       1.953853323682e-16 
 1056       1.486183471102e-10       4.277960296219e-12      -1.021605903453e-11       1.237341617559e-14       4.671200791487e-15       7.550317859221e-17       1.938830150129e-16 
 1057       1.489732306228e-10       4.241067743206e-12      -1.026295146686e-11       1.237724639474e-14       4.654173867302e-15       6.901098517312e-17       1.923681179284e-16 
 1058       1.493316050568e-10       4.204003510221e-12      -1.030665440365e-11       1.238115455214e-14       4.637223050219e-15       6.267897892148e-17       1.908408921691e-16 
 1059       1.496932065410e-10       4.166780988208e-12      -1.034718062344e-11       1.238513792129e-14       4.620348050477e-15       5.650510483845e-17       1.893015909513e-16 
 1060       1.500577691136e-10       4.129413671383e-12      -1.038454310660e-11       1.238919375170e-14       4.603548571853e-15       5.048728672064e-17       1.877504696592e-16 
 1061       1.504250247163e-10       4.091915157486e-12      -1.041875503589e-11       1.239331926885e-14       4.586824311641e-15       4.462342710549e-17       1.861877858497e-16 
 1062       1.507947031900e-10       4.054299148012e-12      -1.044982979705e-11       1.239751167410e-14       4.570174960634e-15       3.891140721651e-17       1.846137992578e-16 
 1063       1.511665322697e-10       4.016579448468e-12      -1.047778097929e-11       1.240176814468e-14       4.553600203104e-15       3.334908690868e-17       1.830287718019e-16 
 1064       1.515402375792e-10       3.978769968607e-12      -1.050262237594e-11       1.240608583358e-14       4.537099716783e-15       2.793430461365e-17       1.814329675890e-16 
 1065       1.519155426262e-10       3.940884722675e-12      -1.052436798492e-11       1.241046186954e-14       4.520673172841e-15       2.266487728518e-17       1.798266529201e-16 
 1066       1.522921687974e-10       3.902937829658e-12      -1.054303200937e-11       1.241489335693e-14       4.504320235871e-15       1.753860034434e-17       1.782100962950e-16 
 1067       1.526698353535e-10       3.864943513519e-12      -1.055862885818e-11       1.241937737576e-14       4.488040563866e-15       1.255324762488e-17       1.765835684182e-16 
 1068       1.530482594241e-10       3.826916103450e-12      -1.057117314654e-11       1.242391098155e-14       4.471833808202e-15       7.706571318550e-18       1.749473422036e-16 
 1069       1.534271560027e-10       3.788870034107e-12      -1.058067969653e-11       1.242849120533e-14       4.455699613616e-15       2.996301920365e-18       1.733016927800e-16 
 1070       1.538062379417e-10       3.750819845863e-12      -1.058716353764e-11       1.243311505353e-14       4.439637618188e-15      -1.579851826036e-18       1.716468974963e-16 
 1071       1.541852159474e-10       3.712780185043e-12      -1.059063990736e-11       1.243777950795e-14       4.423647453323e-15      -6.024202983103e-18       1.699832359271e-16 
 1072       1.545637985751e-10       3.674765804175e-12      -1.059112425175e-11       1.244248152572e-14       4.407728743728e-15      -1.033908647405e-17       1.683109898771e-16 
 1073       1.549416922240e-10       3.636791562229e-12      -1.058863222594e-11       1.244721803918e-14       4.391881107398e-15      -1.452685913757e-17       1.666304433872e-16 
 1074       1.553186011321e-10       3.598872424862e-12      -1.058317969478e-11       1.245198595587e-14       4.376104155589e-15      -1.858989978247e-17       1.649418827395e-16 
 1075       1.556942273713e-10       3.561023464665e-12      -1.057478273330e-11       1.245678215846e-14       4.360397492807e-15      -2.253060924241e-17       1.632455964623e-16 
 1076       1.560682708425e-10       3.523259861402e-12      -1.056345762736e-11       1.246160350467e-14       4.344760716781e-15      -2.635141043058e-17       1.615418753355e-16 
 1077       1.564404292703e-10       3.485596902256e-12      -1.054922087414e-11       1.246644682723e-14       4.329193418449e-15      -3.005474839435e-17       1.598310123962e-16 
 1078       1.568103981984e-10       3.448049982073e-12      -1.053208918276e-11       1.247130893382e-14       4.313695181935e-15      -3.364309037002e-17       1.581133029433e-16 
 1079       1.571778709842e-10       3.410634603605e-12      -1.051207947477e-11       1.247618660702e-14       4.298265584534e-15      -3.711892583746e-17       1.563890445433e-16 
 1080       1.575425387940e-10       3.373366377757e-12      -1.048920888478e-11       1.248107660419e-14       4.282904196686e-15      -4.048476657481e-17       1.546585370353e-16 
 1081       1.579040905978e-10       3.336261023824e-12      -1.046349476097e-11       1.248597565750e-14       4.267610581963e-15      -4.374314671317e-17       1.529220825362e-16 
 1082       1.582622131648e-10       3.299334369742e-12      -1.043495466568e-11       1.249088047382e-14       4.252384297045e-15      -4.689662279130e-17       1.511799854463e-16 
 1083       1.586165910578e-10       3.262602352328e-12      -1.040360637595e-11       1.249578773463e-14       4.237224891705e-15      -4.994777381029e-17       1.494325524540e-16 
 1084       1.589669066284e-10       3.226081017524e-12      -1.036946788410e-11       1.250069409605e-14       4.222131908784e-15      -5.289920128826e-17       1.476800925416e-16 
 1085       1.593128400121e-10       3.189786520641e-12      -1.033255739825e-11       1.250559618867e-14       4.207104884177e-15      -5.575352931502e-17       1.459229169902e-16 
 1086       1.596540691233e-10       3.153735126605e-12      -1.029289334293e-11       1.251049061760e-14       4.192143346809e-15      -5.851340460681e-17       1.441613393851e-16 
 1087       1.599902696500e-10       3.117943210196e-12      -1.025049435961e-11       1.251537396231e-14       4.177246818619e-15      -6.118149656094e-17       1.423956756210e-16 
 1088       1.603211150493e-10       3.082427256298e-12      -1.020537930726e-11       1.252024277666e-14       4.162414814539e-15      -6.376049731050e-17       1.406262439072e-16 
 1089       1.606462765420e-10       3.047203860138e-12      -1.015756726292e-11       1.252509358875e-14       4.147646842476e-15      -6.625312177904e-17       1.388533647732e-16 
 1090       1.609654231075e-10       3.012289727531e-12      -1.010707752226e-11       1.252992290096e-14       4.132942403289e-15      -6.866210773527e-17       1.370773610733e-16 
 1091       1.612782584588e-10       2.977700110817e-12      -1.005393370059e-11       1.253472738895e-14       4.118301045768e-15      -7.098987431013e-17       1.352985317297e-16 
 1092       1.615846325184e-10       2.943444093252e-12      -9.998176094877e-12       1.253950450209e-14       4.103722532403e-15      -7.323749242991e-17       1.335170725641e-16 
 1093       1.618844314251e-10       2.909529241942e-12      -9.939849488430e-12       1.254425187101e-14       4.089206675793e-15      -7.540570070280e-17       1.317331544163e-16 
 1094       1.621775406889e-10       2.875963166515e-12      -9.878999066393e-12       1.254896710910e-14       4.074753283843e-15      -7.749524572637e-17       1.299469493127e-16 
 1095       1.624638451892e-10       2.842753519204e-12      -9.815670416730e-12       1.255364781249e-14       4.060362159747e-15      -7.950688210778e-17       1.281586304696e-16 
 1096       1.627432291741e-10       2.809907994932e-12      -9.749909531199e-12       1.255829156003e-14       4.046033101975e-15      -8.144137248414e-17       1.263683722954e-16 
 1097       1.630155762584e-10       2.777434331402e-12      -9.681762806322e-12       1.256289591320e-14       4.031765904260e-15      -8.329948754271e-17       1.245763503935e-16 
 1098       1.632807694232e-10       2.745340309180e-12      -9.611277044359e-12       1.256745841612e-14       4.017560355585e-15      -8.508200604128e-17       1.227827415647e-16 
 1099       1.635386910137e-10       2.713633751784e-12      -9.538499454281e-12       1.257197659549e-14       4.003416240163e-15      -8.678971482840e-17       1.209877238096e-16 
 1100       1.637892227388e-10       2.682322525766e-12      -9.463477652742e-12       1.257644796052e-14       3.989333337433e-15      -8.842340886366e-17       1.191914763319e-16 
 1101       1.640322456690e-10       2.651414540803e-12      -9.386259665053e-12       1.258087000296e-14       3.975311422038e-15      -8.998389123803e-17       1.173941795401e-16 
 1102       1.642676402358e-10       2.620917749782e-12      -9.306893926152e-12       1.258524019699e-14       3.961350263814e-15      -9.147197319408e-17       1.155960150510e-16 
 1103       1.644952862299e-10       2.590840148881e-12      -9.225429281580e-12       1.258955599924e-14       3.947449627777e-15      -9.288847414632e-17       1.137971656916e-16 
 1104       1.647150628003e-10       2.561189777665e-12      -9.141914988450e-12       1.259381484868e-14       3.933609274107e-15      -9.423422170145e-17       1.119978155020e-16 
 1105       1.649268484527e-10       2.531974719164e-12      -9.056400716424e-12       1.259801416666e-14       3.919828958136e-15      -9.551005167869e-17       1.101981497383e-16 
 1106       1.651305210486e-10       2.503203099961e-12      -8.968936548682e-12       1.260215135681e-14       3.906108430334e-15      -9.671680813002e-17       1.083983548745e-16 
 1107       1.653259578037e-10       2.474883090282e-12      -8.879572982897e-12       1.260622380503e-14       3.892447436293e-15      -9.785534336047e-17       1.065986186057e-16 
 1108       1.655130352865e-10       2.447022904078e-12      -8.788360932205e-12       1.261022887943e-14       3.878845716716e-15      -9.892651794847e-17       1.047991298506e-16 
 1109       1.656916294177e-10       2.419630799113e-12      -8.695351726183e-12       1.261416393032e-14       3.865303007400e-15      -9.993120076604e-17       1.030000787540e-16 
 1110       1.658616154680e-10       2.392715077050e-12      -8.600597111816e-12       1.261802629013e-14       3.851819039227e-15      -1.008702689992e-16       1.012016566892e-16 
 1111       1.660228680575e-10       2.366284083538e-12      -8.504149254471e-12       1.262181327341e-14       3.838393538143e-15      -1.017446081680e-16       9.940405626107e-17 
 1112       1.661752611541e-10       2.340346208296e-12      -8.406060738874e-12       1.262552217676e-14       3.825026225150e-15      -1.025551121473e-16       9.760747130843e-17 
 1113       1.663186680725e-10       2.314909885203e-12      -8.306384570075e-12       1.262915027882e-14       3.811716816292e-15      -1.033026831864e-16       9.581209690657e-17 
 1114       1.664529614725e-10       2.289983592379e-12      -8.205174174430e-12       1.263269484019e-14       3.798465022636e-15      -1.039882319300e-16       9.401812936996e-17 
 1115       1.665780133580e-10       2.265575852276e-12      -8.102483400564e-12       1.263615310343e-14       3.785270550262e-15      -1.046126774379e-16       9.222576625486e-17 
 1116       1.666936950758e-10       2.241695231764e-12      -7.998366520353e-12       1.263952229299e-14       3.772133100251e-15      -1.051769472057e-16       9.043520636190e-17 
 1117       1.667998773140e-10       2.218350342212e-12      -7.892878229888e-12       1.264279961520e-14       3.759052368666e-15      -1.056819771848e-16       8.864664973869e-17 
 1118       1.668964301010e-10       2.195549839581e-12      -7.786073650454e-12       1.264598225820e-14       3.746028046543e-15      -1.061287118031e-16       8.686029768243e-17 
 1119       1.669832228041e-10       2.173302424505e-12      -7.678008329502e-12       1.264906739193e-14       3.733059819871e-15      -1.065181039846e-16       8.507635274254e-17 
 1120       1.670601241283e-10       2.151616842382e-12      -7.568738241618e-12       1.265205216804e-14       3.720147369587e-15      -1.068511151703e-16       8.329501872320e-17 
 1121       1.671270021150e-10       2.130501883455e-12      -7.458319789498e-12       1.265493371993e-14       3.707290371553e-15      -1.071287153385e-16       8.151650068606e-17 
 1122       1.671837241404e-10       2.109966382902e-12      -7.346809804922e-12       1.265770916263e-14       3.694488496548e-15      -1.073518830245e-16       7.974100495276e-17 
 1123       1.672301569147e-10       2.090019220921e-12      -7.234265549725e-12       1.266037559282e-14       3.681741410253e-15      -1.075216053414e-16       7.796873910756e-17 
 1124       1.672661664808e-10       2.070669322817e-12      -7.120744716769e-12       1.266293008873e-14       3.669048773234e-15      -1.076388780003e-16       7.619991199997e-17 
 1125       1.672916182125e-10       2.051925659087e-12      -7.006305430919e-12       1.266536971018e-14       3.656410240934e-15      -1.077047053305e-16       7.443473374734e-17 
 1126       1.673063768136e-10       2.033797245506e-12      -6.891006250012e-12       1.266769149846e-14       3.643825463651e-15      -1.077201002997e-16       7.267341573747e-17 
 1127       1.673103063168e-10       2.016293143216e-12      -6.774906165831e-12       1.266989247634e-14       3.631294086533e-15      -1.076860845345e-16       7.091617063121e-17 
 1128       1.673032700820e-10       1.999422458808e-12      -6.658064605078e-12       1.267196964802e-14       3.618815749558e-15      -1.076036883407e-16       6.916321236509e-17 
 1129       1.672851307953e-10       1.983194344413e-12      -6.540541430348e-12       1.267391999908e-14       3.606390087522e-15      -1.074739507233e-16       6.741475615390e-17 
 1130       1.672557504675e-10       1.967617997783e-12      -6.422396941099e-12       1.267574049645e-14       3.594016730026e-15      -1.072979194069e-16       6.567101849330e-17 
 1131       1.672150243337e-10       1.952700831003e-12      -6.303689359173e-12       1.267742849121e-14       3.581695337494e-15      -1.070763004067e-16       6.393217276247e-17 
 1132       1.671629830329e-10       1.938442950518e-12      -6.184467247827e-12       1.267898293290e-14       3.569425709775e-15      -1.068084017416e-16       6.219821539861e-17 
 1133       1.670996917462e-10       1.924842605956e-12      -6.064776996680e-12       1.268040317081e-14       3.557207678920e-15      -1.064931761131e-16       6.046909799845e-17 
 1134       1.670252164173e-10       1.911898014945e-12      -5.944665329021e-12       1.268168855256e-14       3.545041073260e-15      -1.061295701042e-16       5.874477155985e-17 
 1135       1.669396237549e-10       1.899607363033e-12      -5.824179302541e-12       1.268283842414e-14       3.532925717399e-15      -1.057165241670e-16       5.702518648025e-17 
 1136       1.668429812343e-10       1.887968803602e-12      -5.703366310078e-12       1.268385212985e-14       3.520861432204e-15      -1.052529726100e-16       5.531029255511e-17 
 1137       1.667353570995e-10       1.876980457779e-12      -5.582274080346e-12       1.268472901232e-14       3.508848034791e-15      -1.047378435859e-16       5.360003897637e-17 
 1138       1.666168203649e-10       1.866640414357e-12      -5.460950678676e-12       1.268546841251e-14       3.496885338518e-15      -1.041700590785e-16       5.189437433086e-17 
 1139       1.664874408172e-10       1.856946729703e-12      -5.339444507752e-12       1.268606966973e-14       3.484973152971e-15      -1.035485348906e-16       5.019324659880e-17 
 1140       1.663472890176e-10       1.847897427677e-12      -5.217804308348e-12       1.268653212159e-14       3.473111283959e-15      -1.028721806312e-16       4.849660315219e-17 
 1141       1.661964363033e-10       1.839490499546e-12      -5.096079160066e-12       1.268685510404e-14       3.461299533496e-15      -1.021398997031e-16       4.680439075330e-17 
 1142       1.660349547896e-10       1.831723903895e-12      -4.974318482070e-12       1.268703795134e-14       3.449537699797e-15      -1.013505892901e-16       4.511655555310e-17 
 1143       1.658629173718e-10       1.824595566546e-12      -4.852572033826e-12       1.268707999607e-14       3.437825577266e-15      -1.005031403447e-16       4.343304308968e-17 
 1144       1.656803977271e-10       1.818103380471e-12      -4.730889915838e-12       1.268698056915e-14       3.426162956481e-15      -9.959643757541e-17       4.175379828674e-17 
 1145       1.654874703163e-10       1.812245205707e-12      -4.609322570383e-12       1.268673899978e-14       3.414549624189e-15      -9.862935943410e-17       4.007876545202e-17 
 1146       1.652842103859e-10       1.807018869268e-12      -4.487920782253e-12       1.268635461549e-14       3.402985363294e-15      -9.760077810366e-17       3.840788827572e-17 
 1147       1.650706939702e-10       1.802422165063e-12      -4.366735679485e-12       1.268582674215e-14       3.391469952846e-15      -9.650955948528e-17       3.674110982897e-17 
 1148       1.648469978927e-10       1.798452853809e-12      -4.245818734103e-12       1.268515470388e-14       3.380003168028e-15      -9.535456318594e-17       3.507837256229e-17 
 1149       1.646131997682e-10       1.795108662947e-12      -4.125221762853e-12       1.268433782317e-14       3.368584780151e-15      -9.413464250582e-17       3.341961830399e-17 
 1150       1.643693780050e-10       1.792387286552e-12      -4.004996927942e-12       1.268337542077e-14       3.357214556639e-15      -9.284864442580e-17       3.176478825868e-17 
 1151       1.641156118062e-10       1.790286385255e-12      -3.885196737771e-12       1.268226681576e-14       3.345892261019e-15      -9.149540959482e-17       3.011382300564e-17 
 1152       1.638519811721e-10       1.788803586151e-12      -3.765874047674e-12       1.268101132550e-14       3.334617652914e-15      -9.007377231740e-17       2.846666249732e-17 
 1153       1.635785669021e-10       1.787936482717e-12      -3.647082060659e-12       1.267960826567e-14       3.323390488026e-15      -8.858256054101e-17       2.682324605779e-17 
 1154       1.632954505962e-10       1.787682634726e-12      -3.528874328136e-12       1.267805695024e-14       3.312210518134e-15      -8.702059584356e-17       2.518351238114e-17 
 1155       1.630027146570e-10       1.788039568159e-12      -3.411304750662e-12       1.267635669147e-14       3.301077491075e-15      -8.538669342079e-17       2.354739952995e-17 
 1156       1.627004422921e-10       1.789004775126e-12      -3.294427578674e-12       1.267450679993e-14       3.289991150740e-15      -8.367966207379e-17       2.191484493376e-17 
 1157       1.623887175154e-10       1.790575713772e-12      -3.178297413228e-12       1.267250658446e-14       3.278951237059e-15      -8.189830419633e-17       2.028578538748e-17 
 1158       1.620676251490e-10       1.792749808200e-12      -3.062969206734e-12       1.267035535219e-14       3.267957485994e-15      -8.004141576240e-17       1.866015704985e-17 
 1159       1.617372508257e-10       1.795524448380e-12      -2.948498263693e-12       1.266805240857e-14       3.257009629524e-15      -7.810778631359e-17       1.703789544188e-17 
 1160       1.613976809902e-10       1.798896990064e-12      -2.834940241435e-12       1.266559705730e-14       3.246107395641e-15      -7.609619894655e-17       1.541893544531e-17 
 1161       1.610490029015e-10       1.802864754703e-12      -2.722351150858e-12       1.266298860037e-14       3.235250508334e-15      -7.400543030044e-17       1.380321130104e-17 
 1162       1.606913046344e-10       1.807425029361e-12      -2.610787357158e-12       1.266022633808e-14       3.224438687580e-15      -7.183425054433e-17       1.219065660758e-17 
 1163       1.603246750818e-10       1.812575066627e-12      -2.500305580574e-12       1.265730956896e-14       3.213671649333e-15      -6.958142336468e-17       1.058120431950e-17 
 1164       1.599492039562e-10       1.818312084534e-12      -2.390962897120e-12       1.265423758986e-14       3.202949105517e-15      -6.724570595278e-17       8.974786745872e-18 
 1165       1.595649817919e-10       1.824633266470e-12      -2.282816739324e-12       1.265100969589e-14       3.192270764011e-15      -6.482584899215e-17       7.371335548725e-18 
 1166       1.591720999467e-10       1.831535761094e-12      -2.175924896964e-12       1.264762518042e-14       3.181636328640e-15      -6.232059664603e-17       5.770781741471e-18 
 1167       1.587706506039e-10       1.839016682249e-12      -2.070345517805e-12       1.264408333513e-14       3.171045499165e-15      -5.972868654476e-17       4.173055687369e-18 
 1168       1.583607267742e-10       1.847073108879e-12      -1.966137108336e-12       1.264038344992e-14       3.160497971274e-15      -5.704884977328e-17       2.578087097959e-18 
 1169       1.579424222974e-10       1.855702084943e-12      -1.863358534508e-12       1.263652481299e-14       3.149993436566e-15      -5.427981085855e-17       9.858050315179e-19 
 1170       1.575158318448e-10       1.864900619328e-12      -1.762069022469e-12       1.263250671081e-14       3.139531582547e-15      -5.142028775696e-17      -6.038621085037e-19 
 1171       1.570810632499e-10       1.874664697060e-12      -1.662321442588e-12       1.262832876775e-14       3.129112125047e-15      -4.846960997512e-17      -2.190898302597e-18 
 1172       1.566382746677e-10       1.884986299596e-12      -1.564142068286e-12       1.262399196981e-14       3.118734905941e-15      -4.542958140311e-17      -3.774933893336e-18 
 1173       1.561876378832e-10       1.895856347169e-12      -1.467550566034e-12       1.261949765368e-14       3.108399796625e-15      -4.230264070661e-17      -5.355508290061e-18 
 1174       1.557293260271e-10       1.907265683952e-12      -1.372566689306e-12       1.261484716828e-14       3.098106665693e-15      -3.909124534382e-17      -6.932157934007e-18 
 1175       1.552635135787e-10       1.919205077886e-12      -1.279210278725e-12       1.261004187476e-14       3.087855378925e-15      -3.579787160700e-17      -8.504416292137e-18 
 1176       1.547903763690e-10       1.931665220505e-12      -1.187501262218e-12       1.260508314658e-14       3.077645799283e-15      -3.242501466388e-17      -1.007181385098e-17 
 1177       1.543100915833e-10       1.944636726767e-12      -1.097459655159e-12       1.259997236947e-14       3.067477786899e-15      -2.897518859921e-17      -1.163387811047e-17 
 1178       1.538228377646e-10       1.958110134883e-12      -1.009105560525e-12       1.259471094153e-14       3.057351199072e-15      -2.545092645625e-17      -1.319013357777e-17 
 1179       1.533287948167e-10       1.972075906141e-12      -9.224591690394e-13       1.258930027320e-14       3.047265890256e-15      -2.185478027820e-17      -1.474010176113e-17 
 1180       1.528281440063e-10       1.986524424737e-12      -8.375407593273e-13       1.258374178729e-14       3.037221712056e-15      -1.818932114973e-17      -1.628330116370e-17 
 1181       1.523210679671e-10       2.001445997603e-12      -7.543706980615e-13       1.257803691907e-14       3.027218513219e-15      -1.445713923847e-17      -1.781924727737e-17 
 1182       1.518077507019e-10       2.016830854237e-12      -6.729694401138e-13       1.257218711622e-14       3.017256139626e-15      -1.066084383650e-17      -1.934745257662e-17 
 1183       1.512883775862e-10       2.032669146525e-12      -5.933575287039e-13       1.256619383890e-14       3.007334434281e-15      -6.803063401783e-18      -2.086742651236e-17 
 1184       1.507631353706e-10       2.048950948575e-12      -5.155555955494e-13       1.256005855978e-14       2.997453237312e-15      -2.886445599736e-18      -2.237867550572e-17 
 1185       1.502322121843e-10       2.065666256545e-12      -4.395843610152e-13       1.255378276404e-14       2.987612385955e-15       1.086342655343e-18      -2.388070294196e-17 
 1186       1.496957975376e-10       2.082804988466e-12      -3.654646342635e-13       1.254736794942e-14       2.977811714550e-15       5.112615158766e-18      -2.537300916423e-17 
 1187       1.491540823254e-10       2.100356984077e-12      -2.932173134031e-13       1.254081562624e-14       2.968051054532e-15       9.189666373970e-18      -2.685509146746e-17 
 1188       1.486072588296e-10       2.118312004646e-12      -2.228633856392e-13       1.253412731745e-14       2.958330234425e-15       1.331477139103e-17      -2.832644409218e-17 
 1189       1.480555207226e-10       2.136659732804e-12      -1.544239274228e-13       1.252730455862e-14       2.948649079833e-15       1.748518588517e-17      -2.978655821835e-17 
 1190       1.474990630699e-10       2.155389772372e-12      -8.792010460076e-14       1.252034889797e-14       2.939007413433e-15       2.169814607527e-17      -3.123492195918e-17 
 1191       1.469380823332e-10       2.174491648186e-12      -2.337317256523e-14       1.251326189645e-14       2.929405054967e-15       2.595086868240e-17      -3.267102035502e-17 
 1192       1.463727763735e-10       2.193954805927e-12       3.919552359682e-14       1.250604512769e-14       2.919841821234e-15       3.024055088831e-17      -3.409433536714e-17 
 1193       1.458033444537e-10       2.213768611950e-12       9.976454895384e-14       1.249870017811e-14       2.910317526082e-15       3.456437029395e-17      -3.550434587159e-17 
 1194       1.452299872422e-10       2.233922353113e-12       1.583123785800e-13       1.249122864687e-14       2.900831980402e-15       3.891948487798e-17      -3.690052765304e-17 
 1195       1.446529068152e-10       2.254405236601e-12       2.148173974058e-13       1.248363214596e-14       2.891384992120e-15       4.330303295529e-17      -3.828235339859e-17 
 1196       1.440723066601e-10       2.275206389759e-12       2.692579000681e-13       1.247591230018e-14       2.881976366186e-15       4.771213313550e-17      -3.964929269166e-17 
 1197       1.434883916784e-10       2.296314859915e-12       3.216120907607e-13       1.246807074720e-14       2.872605904571e-15       5.214388428150e-17      -4.100081200576e-17 
 1198       1.429013681885e-10       2.317719614214e-12       3.718580830845e-13       1.246010913759e-14       2.863273406258e-15       5.659536546792e-17      -4.233637469837e-17 
 1199       1.423114439290e-10       2.339409539442e-12       4.199738998982e-13       1.245202913480e-14       2.853978667232e-15       6.106363593967e-17      -4.365544100477e-17 
 1200       1.417188280611e-10       2.361373441855e-12       4.659374731683e-13       1.244383241525e-14       2.844721480474e-15       6.554573507045e-17      -4.495746803185e-17 
 1201       1.411237311725e-10       2.383600047007e-12       5.097266438198e-13       1.243552066833e-14       2.835501635954e-15       7.003868232128e-17      -4.624190975199e-17 
 1202       1.405263652792e-10       2.406077999580e-12       5.513191615861e-13       1.242709559641e-14       2.826318920623e-15       7.453947719897e-17      -4.750821699686e-17 
 1203       1.399269438297e-10       2.428795863208e-12       5.906926848598e-13       1.241855891491e-14       2.817173118403e-15       7.904509921464e-17      -4.875583745125e-17 
 1204       1.393256817070e-10       2.451742120312e-12       6.278247805429e-13       1.240991235226e-14       2.808064010183e-15       8.355250784230e-17      -4.998421564695e-17 
 1205       1.387227952320e-10       2.474905171919e-12       6.626929238971e-13       1.240115765003e-14       2.798991373809e-15       8.805864247726e-17      -5.119279295655e-17 
 1206       1.381185021664e-10       2.498273337499e-12       6.952744983941e-13       1.239229656284e-14       2.789954984077e-15       9.256042239472e-17      -5.238100758729e-17 
 1207       1.375130217159e-10       2.521834854788e-12       7.255467955664e-13       1.238333085849e-14       2.780954612725e-15       9.705474670824e-17      -5.354829457488e-17 
 1208       1.369065745327e-10       2.545577879616e-12       7.534870148569e-13       1.237426231792e-14       2.771990028426e-15       1.015384943283e-16      -5.469408577734e-17 
 1209       1.362993827190e-10       2.569490485739e-12       7.790722634701e-13       1.236509273527e-14       2.763060996780e-15       1.060085239207e-16      -5.581780986888e-17 
 1210       1.356916698295e-10       2.593560664661e-12       8.022795562216e-13       1.235582391789e-14       2.754167280304e-15       1.104616738653e-16      -5.691889233367e-17 
 1211       1.350836488239e-10       2.617776672829e-12       8.230922069913e-13       1.234645776368e-14       2.745308661413e-15       1.148952353662e-16      -5.799691730959e-17 
 1212       1.344754857592e-10       2.642128078116e-12       8.415190878266e-13       1.233699649398e-14       2.736485011660e-15       1.193083781183e-16      -5.905211527009e-17 
 1213       1.338673356646e-10       2.666604725627e-12       8.575756020047e-13       1.232744242355e-14       2.727696223314e-15       1.237007417665e-16      -6.008488121658e-17 
 1214       1.332593545553e-10       2.691196391336e-12       8.712773138891e-13       1.231779788355e-14       2.718942186446e-15       1.280719643120e-16      -6.109561336947e-17 
 1215       1.326516994337e-10       2.715892781948e-12       8.826399493027e-13       1.230806522157e-14       2.710222788925e-15       1.324216821095e-16      -6.208471317532e-17 
 1216       1.320445282920e-10       2.740683534751e-12       8.916793959004e-13       1.229824680166e-14       2.701537916407e-15       1.367495298646e-16      -6.305258531386e-17 
 1217       1.314380001141e-10       2.765558217476e-12       8.984117035424e-13       1.228834500439e-14       2.692887452336e-15       1.410551406304e-16      -6.399963770509e-17 
 1218       1.308322748770e-10       2.790506328152e-12       9.028530846671e-13       1.227836222686e-14       2.684271277933e-15       1.453381458054e-16      -6.492628151632e-17 
 1219       1.302275135537e-10       2.815517294962e-12       9.050199146638e-13       1.226830088276e-14       2.675689272192e-15       1.495981751302e-16      -6.583293116925e-17 
 1220       1.296238781143e-10       2.840580476102e-12       9.049287322455e-13       1.225816340236e-14       2.667141311876e-15       1.538348566850e-16      -6.672000434704e-17 
 1221       1.290215315288e-10       2.865685159634e-12       9.025962398224e-13       1.224795223258e-14       2.658627271509e-15       1.580478168865e-16      -6.758792200140e-17 
 1222       1.284206377684e-10       2.890820563344e-12       8.980393038744e-13       1.223766983702e-14       2.650147023369e-15       1.622366804853e-16      -6.843710835961e-17 
 1223       1.278213618080e-10       2.915975834600e-12       8.912749553240e-13       1.222731869599e-14       2.641700437486e-15       1.664010705633e-16      -6.926799093163e-17 
 1224       1.272238696278e-10       2.941140050208e-12       8.823203899094e-13       1.221690130652e-14       2.633287381634e-15       1.705406085303e-16      -7.008100051715e-17 
 1225       1.266283282156e-10       2.966302216266e-12       8.711929685576e-13       1.220642018244e-14       2.624907721324e-15       1.746549141219e-16      -7.087657121267e-17 
 1226       1.260349055685e-10       2.991451268024e-12       8.579102177567e-13       1.219587785439e-14       2.616561319800e-15       1.787436053960e-16      -7.165514041856e-17 
 1227       1.254437706953e-10       3.016576069739e-12       8.424898299295e-13       1.218527686984e-14       2.608248038034e-15       1.828062987306e-16      -7.241714884612e-17 
 1228       1.248550936180e-10       3.041665414529e-12       8.249496638063e-13       1.217461979315e-14       2.599967734718e-15       1.868426088207e-16      -7.316304052467e-17 
 1229       1.242690453741e-10       3.066708024236e-12       8.053077447973e-13       1.216390920558e-14       2.591720266258e-15       1.908521486756e-16      -7.389326280861e-17 
 1230       1.236857980184e-10       3.091692549276e-12       7.835822653662e-13       1.215314770534e-14       2.583505486772e-15       1.948345296158e-16      -7.460826638449e-17 
 1231       1.231055246254e-10       3.116607568499e-12       7.597915854028e-13       1.214233790764e-14       2.575323248080e-15       1.987893612707e-16      -7.530850527805e-17 
 1232       1.225283992907e-10       3.141441589043e-12       7.339542325960e-13       1.213148244467e-14       2.567173399699e-15       2.027162515753e-16      -7.599443686135e-17 
 1233       1.219545971334e-10       3.166183046195e-12       7.060889028067e-13       1.212058396569e-14       2.559055788840e-15       2.066148067680e-16      -7.666652185977e-17 
 1234       1.213842942979e-10       3.190820303242e-12       6.762144604406e-13       1.210964513705e-14       2.550970260399e-15       2.104846313869e-16      -7.732522435914e-17 
 1235       1.208176679560e-10       3.215341651333e-12       6.443499388215e-13       1.209866864218e-14       2.542916656953e-15       2.143253282680e-16      -7.797101181275e-17 
 1236       1.202548963089e-10       3.239735309331e-12       6.105145405638e-13       1.208765718171e-14       2.534894818752e-15       2.181364985417e-16      -7.860435504848e-17 
 1237       1.196961585890e-10       3.263989423671e-12       5.747276379458e-13       1.207661347342e-14       2.526904583717e-15       2.219177416302e-16      -7.922572827582e-17 
 1238       1.191416350620e-10       3.288092068218e-12       5.370087732823e-13       1.206554025231e-14       2.518945787430e-15       2.256686552448e-16      -7.983560909295e-17 
 1239       1.185915070292e-10       3.312031244122e-12       4.973776592977e-13       1.205444027064e-14       2.511018263133e-15       2.293888353830e-16      -8.043447849382e-17 
 1240       1.180459568289e-10       3.335794879675e-12       4.558541794991e-13       1.204331629796e-14       2.503121841715e-15       2.330778763256e-16      -8.102282087522e-17 
 1241       1.175051678388e-10       3.359370830166e-12       4.124583885487e-13       1.203217112114e-14       2.495256351716e-15       2.367353706341e-16      -8.160112404384e-17 
 1242       1.169693244778e-10       3.382746877742e-12       3.672105126375e-13       1.202100754439e-14       2.487421619312e-15       2.403609091479e-16      -8.216987922334e-17 
 1243       1.164386122083e-10       3.405910731259e-12       3.201309498573e-13       1.200982838932e-14       2.479617468314e-15       2.439540809811e-16      -8.272958106140e-17 
 1244       1.159132175376e-10       3.428850026142e-12       2.712402705747e-13       1.199863649497e-14       2.471843720162e-15       2.475144735204e-16      -8.328072763684e-17 
 1245       1.153933280205e-10       3.451552324241e-12       2.205592178029e-13       1.198743471782e-14       2.464100193916e-15       2.510416724215e-16      -8.382382046664e-17 
 1246       1.148791322611e-10       3.474005113686e-12       1.681087075756e-13       1.197622593184e-14       2.456386706257e-15       2.545352616069e-16      -8.435936451302e-17 
 1247       1.143708199143e-10       3.496195808746e-12       1.139098293192e-13       1.196501302854e-14       2.448703071473e-15       2.579948232630e-16      -8.488786819052e-17 
 1248       1.138685816887e-10       3.518111749683e-12       5.798384622637e-14       1.195379891698e-14       2.441049101459e-15       2.614199378368e-16      -8.540984337306e-17 
 1249       1.133726093479e-10       3.539740202610e-12       3.521956283560e-16       1.194258652380e-14       2.433424605709e-15       2.648101840339e-16      -8.592580540102e-17 
 1250       1.128830957126e-10       3.561068359348e-12      -5.896351063163e-14       1.193137879329e-14       2.425829391308e-15       2.681651388150e-16      -8.643627308828e-17 
 1251       1.124002098690e-10       3.582084664662e-12      -1.199391087196e-13       1.192017848719e-14       2.418263280915e-15       2.714847338285e-16      -8.694163181332e-17 
 1252       1.119240224722e-10       3.602782815235e-12      -1.825407207171e-13       1.190898758157e-14       2.410726166926e-15       2.747703292716e-16      -8.744172102711e-17 
 1253       1.114545795736e-10       3.623157807137e-12      -2.467318322797e-13       1.189780786298e-14       2.403217957927e-15       2.780236525721e-16      -8.793624193901e-17 
 1254       1.109919273360e-10       3.643204612648e-12      -3.124756615965e-13       1.188664112804e-14       2.395738560768e-15       2.812464431164e-16      -8.842489399215e-17 
 1255       1.105361120333e-10       3.662918180211e-12      -3.797351588354e-13       1.187548918344e-14       2.388287880557e-15       2.844404522742e-16      -8.890737485993e-17 
 1256       1.100871800507e-10       3.682293434391e-12      -4.484730055877e-13       1.186435384597e-14       2.380865820652e-15       2.876074434225e-16      -8.938338044268e-17 
 1257       1.096451778850e-10       3.701325275836e-12      -5.186516143129e-13       1.185323694253e-14       2.373472282665e-15       2.907491919704e-16      -8.985260486419e-17 
 1258       1.092101521444e-10       3.720008581233e-12      -5.902331277842e-13       1.184214031016e-14       2.366107166448e-15       2.938674853838e-16      -9.031474046829e-17 
 1259       1.087821495487e-10       3.738338203265e-12      -6.631794185330e-13       1.183106579606e-14       2.358770370096e-15       2.969641232094e-16      -9.076947781547e-17 
 1260       1.083612169295e-10       3.756308970572e-12      -7.374520882941e-13       1.182001525758e-14       2.351461789938e-15       3.000409170997e-16      -9.121650567939e-17 
 1261       1.079474012301e-10       3.773915687709e-12      -8.130124674503e-13       1.180899056227e-14       2.344181320535e-15       3.030996908372e-16      -9.165551104351e-17 
 1262       1.075407495057e-10       3.791153135101e-12      -8.898216144778e-13       1.179799358790e-14       2.336928854675e-15       3.061422803591e-16      -9.208617909768e-17 
 1263       1.071413089234e-10       3.808016069006e-12      -9.678403153907e-13       1.178702622245e-14       2.329704283367e-15       3.091705337816e-16      -9.250819323467e-17 
 1264       1.067491267626e-10       3.824499221470e-12      -1.047029083186e-12       1.177609036416e-14       2.322507495841e-15       3.121863114245e-16      -9.292123504677e-17 
 1265       1.063642504146e-10       3.840597300284e-12      -1.127348157290e-12       1.176518792153e-14       2.315338379537e-15       3.151914858360e-16      -9.332498432239e-17 
 1266       1.059867273830e-10       3.856304988948e-12      -1.208757503001e-12       1.175432081333e-14       2.308196820107e-15       3.181879418166e-16      -9.371911904260e-17 
 1267       1.056166052837e-10       3.871616946621e-12      -1.291216810933e-12       1.174349096866e-14       2.301082701406e-15       3.211775764440e-16      -9.410331537774e-17 
 1268       1.052539318452e-10       3.886527808088e-12      -1.374685496468e-12       1.173270032691e-14       2.293995905489e-15       3.241622990976e-16      -9.447724768399e-17 
 1269       1.048987549082e-10       3.901032183712e-12      -1.459122699191e-12       1.172195083784e-14       2.286936312609e-15       3.271440314830e-16      -9.484058849995e-17 
 1270       1.045511224262e-10       3.915124659393e-12      -1.544487282341e-12       1.171124446153e-14       2.279903801210e-15       3.301247076564e-16      -9.519300854320e-17 
 1271       1.042110824654e-10       3.928799796529e-12      -1.630737832258e-12       1.170058316848e-14       2.272898247920e-15       3.331062740490e-16      -9.553417670690e-17 
 1272       1.038786832046e-10       3.942052131973e-12      -1.717832657819e-12       1.168996893955e-14       2.265919527554e-15       3.360906894919e-16      -9.586376005637e-17 
 1273       1.035539729357e-10       3.954876177989e-12      -1.805729789893e-12       1.167940376604e-14       2.258967513103e-15       3.390799252402e-16      -9.618142382566e-17 
 1274       1.032370000633e-10       3.967266422214e-12      -1.894386980780e-12       1.166888964965e-14       2.252042075731e-15       3.420759649978e-16      -9.648683141411e-17 
 1275       1.029278131052e-10       3.979217327614e-12      -1.983761703658e-12       1.165842860257e-14       2.245143084773e-15       3.450808049417e-16      -9.677964438298e-17 
 1276       1.026264606923e-10       3.990723332440e-12      -2.073811152026e-12       1.164802264744e-14       2.238270407729e-15       3.480964537466e-16      -9.705952245198e-17 
 1277       1.023329915687e-10       4.001778850194e-12      -2.164492239151e-12       1.163767381738e-14       2.231423910258e-15       3.511249326093e-16      -9.732612349586e-17 
 1278       1.020474545918e-10       4.012378269576e-12      -2.255761597514e-12       1.162738415604e-14       2.224603456178e-15       3.541682752735e-16      -9.757910354101e-17 
 1279       1.017698987324e-10       4.022515954453e-12      -2.347575578251e-12       1.161715571758e-14       2.217808907455e-15       3.572285280538e-16      -9.781811676201e-17 
 1280       1.015003730748e-10       4.032186243811e-12      -2.439890250602e-12       1.160699056670e-14       2.211040124205e-15       3.603077498608e-16      -9.804281547822e-17 
 1281       1.012389268170e-10       4.041383451713e-12      -2.532661401352e-12       1.159689077869e-14       2.204296964685e-15       3.634080122252e-16      -9.825285015038e-17 
 1282       1.009856092703e-10       4.050101867262e-12      -2.625844534281e-12       1.158685843938e-14       2.197579285294e-15       3.665313993223e-16      -9.844786937716e-17 
 1283       1.007404698602e-10       4.058335754553e-12      -2.719394869603e-12       1.157689564524e-14       2.190886940560e-15       3.696800079969e-16      -9.862751989173e-17 
 1284       1.005035581257e-10       4.066079352637e-12      -2.813267343416e-12       1.156700450334e-14       2.184219783145e-15       3.728559477871e-16      -9.879144655838e-17 
 1285       1.002749237199e-10       4.073326875476e-12      -2.907416607145e-12       1.155718713140e-14       2.177577663835e-15       3.760613409497e-16      -9.893929236907e-17 
 1286       1.000546164099e-10       4.080072511901e-12      -3.001797026986e-12       1.154744565777e-14       2.170960431534e-15       3.792983224839e-16      -9.907069844000e-17 
 1287       9.984268607700e-11       4.086310425572e-12      -3.096362683351e-12       1.153778222151e-14       2.164367933267e-15       3.825690401563e-16      -9.918530400823e-17 
 1288       9.963918271647e-11       4.092034754935e-12      -3.191067370317e-12       1.152819897235e-14       2.157800014167e-15       3.858756545252e-16      -9.928274642820e-17 
 1289       9.944415643806e-11       4.097239613182e-12      -3.285864595065e-12       1.151869807074e-14       2.151256517477e-15       3.892203389651e-16      -9.936266116837e-17 
 1290       9.925765746582e-11       4.101919088204e-12      -3.380707577327e-12       1.150928168787e-14       2.144737284542e-15       3.926052796914e-16      -9.942468180775e-17 
 1291       9.907971550300e-11       4.106068654899e-12      -3.475551685688e-12       1.149995168390e-14       2.138242170095e-15       3.960317153833e-16      -9.946856749067e-17 
 1292       9.891027757036e-11       4.109689429654e-12      -3.570361777783e-12       1.149070863875e-14       2.131771088298e-15       3.994970441012e-16      -9.949458687755e-17 
 1293       9.874926946406e-11       4.112783963954e-12      -3.665104942121e-12       1.148155281038e-14       2.125323967214e-15       4.029976836548e-16      -9.950313853546e-17 
 1294       9.859661632566e-11       4.115354836476e-12      -3.759748068391e-12       1.147248445556e-14       2.118900733562e-15       4.065300289877e-16      -9.949462388013e-17 
 1295       9.845224264078e-11       4.117404653147e-12      -3.854257847082e-12       1.146350382988e-14       2.112501312712e-15       4.100904521328e-16      -9.946944718175e-17 
 1296       9.831607223764e-11       4.118936047201e-12      -3.948600769104e-12       1.145461118772e-14       2.106125628682e-15       4.136753021677e-16      -9.942801557065e-17 
 1297       9.818802828575e-11       4.119951679241e-12      -4.042743125407e-12       1.144580678224e-14       2.099773604138e-15       4.172809051699e-16      -9.937073904310e-17 
 1298       9.806803329442e-11       4.120454237302e-12      -4.136651006605e-12       1.143709086543e-14       2.093445160385e-15       4.209035641727e-16      -9.929803046703e-17 
 1299       9.795600911145e-11       4.120446436906e-12      -4.230290302590e-12       1.142846368804e-14       2.087140217370e-15       4.245395591200e-16      -9.921030558781e-17 
 1300       9.785187692166e-11       4.119931021121e-12      -4.323626702158e-12       1.141992549962e-14       2.080858693672e-15       4.281851468223e-16      -9.910798303396e-17 
 1301       9.775555724555e-11       4.118910760628e-12      -4.416625692628e-12       1.141147654848e-14       2.074600506505e-15       4.318365609117e-16      -9.899148432293e-17 
 1302       9.766696993790e-11       4.117388453773e-12      -4.509252559459e-12       1.140311708171e-14       2.068365571710e-15       4.354900117975e-16      -9.886123386682e-17 
 1303       9.758603418633e-11       4.115366926632e-12      -4.601472385874e-12       1.139484734519e-14       2.062153803756e-15       4.391416866214e-16      -9.871765897816e-17 
 1304       9.751266850995e-11       4.112849033068e-12      -4.693250052480e-12       1.138666758355e-14       2.055965115731e-15       4.427877492134e-16      -9.856118987562e-17 
 1305       9.744679075795e-11       4.109837654793e-12      -4.784550236884e-12       1.137857804017e-14       2.049799419344e-15       4.464243400464e-16      -9.839225968981e-17 
 1306       9.738831810820e-11       4.106335701424e-12      -4.875337413320e-12       1.137057895721e-14       2.043656624919e-15       4.500475761927e-16      -9.821130446898e-17 
 1307       9.733716706587e-11       4.102346110548e-12      -4.965575852263e-12       1.136267057557e-14       2.037536641393e-15       4.536535512782e-16      -9.801876318479e-17 
 1308       9.729325346200e-11       4.097871847779e-12      -5.055229620053e-12       1.135485313489e-14       2.031439376310e-15       4.572383354388e-16      -9.781507773807e-17 
 1309       9.725649245215e-11       4.092915906818e-12      -5.144262578514e-12       1.134712687356e-14       2.025364735822e-15       4.607979752754e-16      -9.760069296453e-17 
 1310       9.722679851498e-11       4.087481309512e-12      -5.232638384575e-12       1.133949202873e-14       2.019312624681e-15       4.643284938090e-16      -9.737605664055e-17 
 1311       9.720408545086e-11       4.081571105916e-12      -5.320320489889e-12       1.133194883625e-14       2.013282946241e-15       4.678258904369e-16      -9.714161948892e-17 
 1312       9.718826638046e-11       4.075188374351e-12      -5.407272140455e-12       1.132449753071e-14       2.007275602448e-15       4.712861408873e-16      -9.689783518455e-17 
 1313       9.717925374337e-11       4.068336221466e-12      -5.493456376237e-12       1.131713834543e-14       2.001290493843e-15       4.747051971753e-16      -9.664516036028e-17 
 1314       9.717695929671e-11       4.061017782295e-12      -5.578836030783e-12       1.130987151247e-14       1.995327519555e-15       4.780789875580e-16      -9.638405461258e-17 
 1315       9.718129411374e-11       4.053236220318e-12      -5.663373730848e-12       1.130269726256e-14       1.989386577299e-15       4.814034164898e-16      -9.611498050733e-17 
 1316       9.719216858241e-11       4.044994727522e-12      -5.747031896013e-12       1.129561582519e-14       1.983467563373e-15       4.846743645783e-16      -9.583840358554e-17 
 1317       9.720949240406e-11       4.036296524459e-12      -5.829772738307e-12       1.128862742852e-14       1.977570372653e-15       4.878876885393e-16      -9.555479236911e-17 
 1318       9.723317459192e-11       4.027144860309e-12      -5.911558261822e-12       1.128173229943e-14       1.971694898591e-15       4.910392211522e-16      -9.526461836659e-17 
 1319       9.726312346980e-11       4.017543012935e-12      -5.992350262339e-12       1.127493066351e-14       1.965841033212e-15       4.941247712157e-16      -9.496835607893e-17 
 1320       9.729924667064e-11       4.007494288945e-12      -6.072110326947e-12       1.126822274501e-14       1.960008667109e-15       4.971401235029e-16      -9.466648300521e-17 
 1321       9.734145113516e-11       3.997002023756e-12      -6.150799833659e-12       1.126160876691e-14       1.954197689443e-15       5.000810387170e-16      -9.435947964837e-17 
 1322       9.738964311042e-11       3.986069581647e-12      -6.228379951040e-12       1.125508895085e-14       1.948407987935e-15       5.029432534463e-16      -9.404782952103e-17 
 1323       9.744372814845e-11       3.974700355823e-12      -6.304811637820e-12       1.124866351714e-14       1.942639448866e-15       5.057224801203e-16      -9.373201915116e-17 
 1324       9.750361110485e-11       3.962897768473e-12      -6.380055642518e-12       1.124233268481e-14       1.936891957074e-15       5.084144069642e-16      -9.341253808788e-17 
 1325       9.756919613739e-11       3.950665270832e-12      -6.454072503061e-12       1.123609667150e-14       1.931165395949e-15       5.110146979552e-16      -9.308987890719e-17 
 1326       9.764038670463e-11       3.938006343238e-12      -6.526822546405e-12       1.122995569357e-14       1.925459647429e-15       5.135189927772e-16      -9.276453721770e-17 
 1327       9.771708556450e-11       3.924924495194e-12      -6.598265888155e-12       1.122390996603e-14       1.919774591999e-15       5.159229067768e-16      -9.243701166643e-17 
 1328       9.779919477292e-11       3.911423265429e-12      -6.668362432185e-12       1.121795970251e-14       1.914110108686e-15       5.182220309181e-16      -9.210780394449e-17 
 1329       9.788661568243e-11       3.897506221953e-12      -6.737071870259e-12       1.121210511536e-14       1.908466075058e-15       5.204119317388e-16      -9.177741879290e-17 
 1330       9.797924894073e-11       3.883176962121e-12      -6.804353681650e-12       1.120634641551e-14       1.902842367216e-15       5.224881513048e-16      -9.144636400827e-17 
 1331       9.807698939142e-11       3.868439774077e-12      -6.870172259814e-12       1.120068357774e-14       1.897238871115e-15       5.244475183290e-16      -9.111501905392e-17 
 1332       9.817971071755e-11       3.853301628918e-12      -6.934512354808e-12       1.119511563321e-14       1.891655516650e-15       5.262920973745e-16      -9.078323930201e-17 
 1333       9.828728062660e-11       3.837770210531e-12      -6.997363799756e-12       1.118964136911e-14       1.886092243938e-15       5.280252829461e-16      -9.045074745525e-17 
 1334       9.839956593129e-11       3.821853256305e-12      -7.058716399156e-12       1.118425956276e-14       1.880548992023e-15       5.296504923077e-16      -9.011726454403e-17 
 1335       9.851643254793e-11       3.805558557226e-12      -7.118559928849e-12       1.117896898161e-14       1.875025698884e-15       5.311711655263e-16      -8.978250992325e-17 
 1336       9.863774549462e-11       3.788893957990e-12      -7.176884135984e-12       1.117376838320e-14       1.869522301423e-15       5.325907655167e-16      -8.944620126919e-17 
 1337       9.876336888953e-11       3.771867357102e-12      -7.233678738986e-12       1.116865651515e-14       1.864038735468e-15       5.339127780849e-16      -8.910805457634e-17 
 1338       9.889316594915e-11       3.754486706986e-12      -7.288933427524e-12       1.116363211514e-14       1.858574935768e-15       5.351407119729e-16      -8.876778415430e-17 
 1339       9.902699898656e-11       3.736760014084e-12      -7.342637862475e-12       1.115869391088e-14       1.853130835992e-15       5.362780989027e-16      -8.842510262459e-17 
 1340       9.916472940968e-11       3.718695338965e-12      -7.394781675898e-12       1.115384062012e-14       1.847706368724e-15       5.373284936201e-16      -8.807972091755e-17 
 1341       9.930621771954e-11       3.700300796425e-12      -7.445354470994e-12       1.114907095057e-14       1.842301465465e-15       5.382954739395e-16      -8.773134826914e-17 
 1342       9.945132350853e-11       3.681584555596e-12      -7.494345822077e-12       1.114438359995e-14       1.836916056624e-15       5.391826407873e-16      -8.737969221783e-17 
 1343       9.959990545867e-11       3.662554840051e-12      -7.541745274542e-12       1.113977725592e-14       1.831550071522e-15       5.399936182468e-16      -8.702445860147e-17 
 1344       9.975182133987e-11       3.643219927903e-12      -7.587542344829e-12       1.113525059608e-14       1.826203438384e-15       5.407320536018e-16      -8.666535155411e-17 
 1345       9.990692800816e-11       3.623588151916e-12      -7.631726520396e-12       1.113080228793e-14       1.820876084342e-15       5.414016173810e-16      -8.630207350285e-17 
 1346       1.000650814040e-10       3.603667899604e-12      -7.674287259678e-12       1.112643098890e-14       1.815567935425e-15       5.420060034022e-16      -8.593432516475e-17 
 1347       1.002261365505e-10       3.583467613341e-12      -7.715213992062e-12       1.112213534625e-14       1.810278916565e-15       5.425489288164e-16      -8.556180554361e-17 
 1348       1.003899475517e-10       3.562995790463e-12      -7.754496117851e-12       1.111791399714e-14       1.805008951588e-15       5.430341341519e-16      -8.518421192691e-17 
 1349       1.005563675908e-10       3.542260983370e-12      -7.792123008230e-12       1.111376556853e-14       1.799757963214e-15       5.434653833584e-16      -8.480123988257e-17 
 1350       1.007252489284e-10       3.521271799636e-12      -7.828084005236e-12       1.110968867720e-14       1.794525873053e-15       5.438464638514e-16      -8.441258325589e-17 
 1351       1.008964429010e-10       3.500036902109e-12      -7.862368421725e-12       1.110568192973e-14       1.789312601607e-15       5.441811865563e-16      -8.401793416635e-17 
 1352       1.010697999188e-10       3.478565009019e-12      -7.894965541335e-12       1.110174392248e-14       1.784118068260e-15       5.444733859522e-16      -8.361698300449e-17 
 1353       1.012451694644e-10       3.456864894079e-12      -7.925864618461e-12       1.109787324154e-14       1.778942191283e-15       5.447269201165e-16      -8.320941842874e-17 
 1354       1.014224000908e-10       3.434945386595e-12      -7.955054878215e-12       1.109406846274e-14       1.773784887824e-15       5.449456707690e-16      -8.279492736232e-17 
 1355       1.016013394197e-10       3.412815371563e-12      -7.982525516397e-12       1.109032815164e-14       1.768646073913e-15       5.451335433158e-16      -8.237319499006e-17 
 1356       1.017818341400e-10       3.390483789781e-12      -8.008265699462e-12       1.108665086347e-14       1.763525664454e-15       5.452944668935e-16      -8.194390475525e-17 
 1357       1.019637300056e-10       3.367959637950e-12      -8.032264564488e-12       1.108303514314e-14       1.758423573225e-15       5.454323944138e-16      -8.150673835653e-17 
 1358       1.021468718341e-10       3.345251968778e-12      -8.054511219138e-12       1.107947952520e-14       1.753339712873e-15       5.455513026071e-16      -8.106137574469e-17 
 1359       1.023311035049e-10       3.322369891087e-12      -8.074994741637e-12       1.107598253384e-14       1.748273994916e-15       5.456551920669e-16      -8.060749511959e-17 
 1360       1.025162679572e-10       3.299322569915e-12      -8.093704180729e-12       1.107254268287e-14       1.743226329736e-15       5.457480872939e-16      -8.014477292696e-17 
 1361       1.027022071887e-10       3.276119226624e-12      -8.110628555652e-12       1.106915847566e-14       1.738196626578e-15       5.458340367403e-16      -7.967288385530e-17 
 1362       1.028887622536e-10       3.252769138999e-12      -8.125756856101e-12       1.106582840517e-14       1.733184793547e-15       5.459171128539e-16      -7.919150083269e-17 
 1363       1.030757732611e-10       3.229281641360e-12      -8.139078042197e-12       1.106255095391e-14       1.728190737607e-15       5.460014121220e-16      -7.870029502367e-17 
 1364       1.032630793731e-10       3.205666124661e-12      -8.150581044454e-12       1.105932459391e-14       1.723214364577e-15       5.460910551161e-16      -7.819893582610e-17 
 1365       1.034505188031e-10       3.181932036596e-12      -8.160254763746e-12       1.105614778670e-14       1.718255579129e-15       5.461901865353e-16      -7.768709086802e-17 
 1366       1.036379288143e-10       3.158088881704e-12      -8.168088071274e-12       1.105301898332e-14       1.713314284785e-15       5.463029752514e-16      -7.716442600446e-17 
 1367       1.038251457174e-10       3.134146221474e-12      -8.174069808535e-12       1.104993662425e-14       1.708390383915e-15       5.464336143521e-16      -7.663060531435e-17 
 1368       1.040120048695e-10       3.110113674450e-12      -8.178188787288e-12       1.104689913945e-14       1.703483777734e-15       5.465863211858e-16      -7.608529109734e-17 
 1369       1.041983406720e-10       3.086000916333e-12      -8.180433789519e-12       1.104390494827e-14       1.698594366300e-15       5.467653374056e-16      -7.552814387068e-17 
 1370       1.043839865689e-10       3.061817680089e-12      -8.180793567414e-12       1.104095245949e-14       1.693722048511e-15       5.469749290134e-16      -7.495882236605e-17 
 1371       1.045687858856e-10       3.037573379843e-12      -8.179261292533e-12       1.103804005111e-14       1.688866731256e-15       5.472181845217e-16      -7.437709925978e-17 
 1372       1.047526244754e-10       3.013275977963e-12      -8.175847955345e-12       1.103516600969e-14       1.684028356986e-15       5.474933953247e-16      -7.378320972042e-17 
 1373       1.049353984175e-10       2.988933106104e-12      -8.170569108547e-12       1.103232859033e-14       1.679206876433e-15       5.477976368086e-16      -7.317750657244e-17 
 1374       1.051170032074e-10       2.964552440395e-12      -8.163440431070e-12       1.102952603674e-14       1.674402239478e-15       5.481279666988e-16      -7.256034490449e-17 
 1375       1.052973337557e-10       2.940141701524e-12      -8.154477728332e-12       1.102675658124e-14       1.669614395154e-15       5.484814250270e-16      -7.193208207354e-17 
 1376       1.054762843872e-10       2.915708654817e-12      -8.143696932486e-12       1.102401844470e-14       1.664843291639e-15       5.488550340992e-16      -7.129307770921e-17 
 1377       1.056537488396e-10       2.891261110318e-12      -8.131114102673e-12       1.102130983657e-14       1.660088876258e-15       5.492457984628e-16      -7.064369371795e-17 
 1378       1.058296202626e-10       2.866806922871e-12      -8.116745425274e-12       1.101862895482e-14       1.655351095479e-15       5.496507048743e-16      -6.998429428727e-17 
 1379       1.060037912168e-10       2.842353992199e-12      -8.100607214160e-12       1.101597398591e-14       1.650629894911e-15       5.500667222666e-16      -6.931524589004e-17 
 1380       1.061761536728e-10       2.817910262985e-12      -8.082715910941e-12       1.101334310482e-14       1.645925219302e-15       5.504908017167e-16      -6.863691728867e-17 
 1381       1.063465990100e-10       2.793483724954e-12      -8.063088085221e-12       1.101073447498e-14       1.641237012538e-15       5.509198764130e-16      -6.794967953938e-17 
 1382       1.065150180156e-10       2.769082412954e-12      -8.041740434847e-12       1.100814624825e-14       1.636565217641e-15       5.513508616227e-16      -6.725390599640e-17 
 1383       1.066813008834e-10       2.744714407032e-12      -8.018689786161e-12       1.100557656493e-14       1.631909776766e-15       5.517806546598e-16      -6.654997231627e-17 
 1384       1.068453372131e-10       2.720387832520e-12      -7.993953094250e-12       1.100302355373e-14       1.627270631199e-15       5.522061348518e-16      -6.583825646202e-17 
 1385       1.070070160088e-10       2.696110860114e-12      -7.967547443198e-12       1.100048533170e-14       1.622647721355e-15       5.526241635080e-16      -6.511913870744e-17 
 1386       1.071662256785e-10       2.671891705953e-12      -7.939490046337e-12       1.099796000429e-14       1.618040986780e-15       5.530315838861e-16      -6.439300164130e-17 
 1387       1.073228540326e-10       2.647738631700e-12      -7.909798246499e-12       1.099544566526e-14       1.613450366141e-15       5.534252211606e-16      -6.366023017161e-17 
 1388       1.074767882828e-10       2.623659944625e-12      -7.878489516264e-12       1.099294039670e-14       1.608875797232e-15       5.538018823897e-16      -6.292121152985e-17 
 1389       1.076279150415e-10       2.599663997683e-12      -7.845581458215e-12       1.099044226897e-14       1.604317216968e-15       5.541583564829e-16      -6.217633527517e-17 
 1390       1.077761203205e-10       2.575759189595e-12      -7.811091805186e-12       1.098794934072e-14       1.599774561382e-15       5.544914141685e-16      -6.142599329871e-17 
 1391       1.079212895299e-10       2.551953964931e-12      -7.775038420517e-12       1.098545965884e-14       1.595247765628e-15       5.547978079611e-16      -6.067057982775e-17 
 1392       1.080633074769e-10       2.528256814188e-12      -7.737439298301e-12       1.098297125846e-14       1.590736763972e-15       5.550742721292e-16      -5.991049143001e-17 
 1393       1.082020583653e-10       2.504676273869e-12      -7.698312563637e-12       1.098048216289e-14       1.586241489797e-15       5.553175226625e-16      -5.914612701786e-17 
 1394       1.083374257938e-10       2.481220926569e-12      -7.657676472882e-12       1.097799038365e-14       1.581761875595e-15       5.555242572393e-16      -5.837788785257e-17 
 1395       1.084692927556e-10       2.457899401052e-12      -7.615549413898e-12       1.097549392041e-14       1.577297852972e-15       5.556911551943e-16      -5.760617754853e-17 
 1396       1.085975416366e-10       2.434720372331e-12      -7.571949906310e-12       1.097299076098e-14       1.572849352638e-15       5.558148774859e-16      -5.683140207751e-17 
 1397       1.087220542150e-10       2.411692561750e-12      -7.526896601753e-12       1.097047888129e-14       1.568416304410e-15       5.558920666637e-16      -5.605396977290e-17 
 1398       1.088427116600e-10       2.388824737065e-12      -7.480408284120e-12       1.096795624536e-14       1.563998637209e-15       5.559193468360e-16      -5.527429133391e-17 
 1399       1.089593945307e-10       2.366125712525e-12      -7.432503869820e-12       1.096542080531e-14       1.559596279060e-15       5.558933236371e-16      -5.449277982986e-17 
 1400       1.090719827751e-10       2.343604348949e-12      -7.383202408026e-12       1.096287050129e-14       1.555209157086e-15       5.558105841952e-16      -5.370985070438e-17 
 1401       1.091803557292e-10       2.321269553811e-12      -7.332523080923e-12       1.096030326149e-14       1.550837197508e-15       5.556676970995e-16      -5.292592177967e-17 
 1402       1.092843921157e-10       2.299130281318e-12      -7.280485203965e-12       1.095771700211e-14       1.546480325643e-15       5.554612123677e-16      -5.214141326073e-17 
 1403       1.093839700430e-10       2.277195532493e-12      -7.227108226122e-12       1.095510962734e-14       1.542138465904e-15       5.551876614138e-16      -5.135674773959e-17 
 1404       1.094789670043e-10       2.255474355253e-12      -7.172411730131e-12       1.095247902933e-14       1.537811541794e-15       5.548435570154e-16      -5.057235019956e-17 
 1405       1.095692598766e-10       2.233975844490e-12      -7.116415432750e-12       1.094982308819e-14       1.533499475908e-15       5.544253932810e-16      -4.978864801947e-17 
 1406       1.096547249192e-10       2.212709142152e-12      -7.059139185008e-12       1.094713967194e-14       1.529202189928e-15       5.539296456177e-16      -4.900607097789e-17 
 1407       1.097352377732e-10       2.191683437326e-12      -7.000602972455e-12       1.094442663651e-14       1.524919604623e-15       5.533527706988e-16      -4.822505125740e-17 
 1408       1.098106734603e-10       2.170907966315e-12      -6.940826915413e-12       1.094168182571e-14       1.520651639846e-15       5.526912064308e-16      -4.744602344879e-17 
 1409       1.098809063814e-10       2.150392012720e-12      -6.879831269229e-12       1.093890307121e-14       1.516398214531e-15       5.519413719214e-16      -4.666942455532e-17 
 1410       1.099458103161e-10       2.130144907520e-12      -6.817636424526e-12       1.093608819250e-14       1.512159246696e-15       5.510996674469e-16      -4.589569399698e-17 
 1411       1.100052763809e-10       2.110174972837e-12      -6.754264213543e-12       1.093323517505e-14       1.507934660713e-15       5.501634949910e-16      -4.512517881083e-17 
 1412       1.100592671116e-10       2.090486341072e-12      -6.689741843483e-12       1.093034270664e-14       1.503724409234e-15       5.491343315001e-16      -4.435784816878e-17 
 1413       1.101077629396e-10       2.071082102960e-12      -6.624098004434e-12       1.092740964653e-14       1.499528451491e-15       5.480146874160e-16      -4.359357590940e-17 
 1414       1.101507442829e-10       2.051965360916e-12      -6.557361567303e-12       1.092443484779e-14       1.495346746037e-15       5.468070890230e-16      -4.283223507188e-17 
 1415       1.101881915463e-10       2.033139229046e-12      -6.489561584150e-12       1.092141715731e-14       1.491179250744e-15       5.455140784773e-16      -4.207369789450e-17 
 1416       1.102200851215e-10       2.014606833170e-12      -6.420727288515e-12       1.091835541579e-14       1.487025922802e-15       5.441382138355e-16      -4.131783581320e-17 
 1417       1.102464053866e-10       1.996371310836e-12      -6.350888095747e-12       1.091524845773e-14       1.482886718717e-15       5.426820690840e-16      -4.056451946007e-17 
 1418       1.102671327071e-10       1.978435811337e-12      -6.280073603337e-12       1.091209511138e-14       1.478761594309e-15       5.411482341675e-16      -3.981361866193e-17 
 1419       1.102822474349e-10       1.960803495731e-12      -6.208313591245e-12       1.090889419879e-14       1.474650504714e-15       5.395393150185e-16      -3.906500243879e-17 
 1420       1.102917299091e-10       1.943477536854e-12      -6.135638022232e-12       1.090564453576e-14       1.470553404375e-15       5.378579335856e-16      -3.831853900244e-17 
 1421       1.102955604556e-10       1.926461119337e-12      -6.062077042186e-12       1.090234493184e-14       1.466470247049e-15       5.361067278630e-16      -3.757409575495e-17 
 1422       1.102937193873e-10       1.909757439627e-12      -5.987660980458e-12       1.089899419032e-14       1.462400985800e-15       5.342883519192e-16      -3.683153928719e-17 
 1423       1.102861870041e-10       1.893369706001e-12      -5.912420350185e-12       1.089559110820e-14       1.458345572998e-15       5.324054759259e-16      -3.609073537737e-17 
 1424       1.102729435930e-10       1.877301138583e-12      -5.836385848625e-12       1.089213447623e-14       1.454303960321e-15       5.304607861872e-16      -3.535154898959e-17 
 1425       1.102539694279e-10       1.861554969362e-12      -5.759588357484e-12       1.088862307884e-14       1.450276098748e-15       5.284569851684e-16      -3.461384427232e-17 
 1426       1.102292447700e-10       1.846134442209e-12      -5.682058943246e-12       1.088505569414e-14       1.446261938562e-15       5.263967915247e-16      -3.387748455695e-17 
 1427       1.101987498675e-10       1.831042812893e-12      -5.603828857505e-12       1.088143109397e-14       1.442261429348e-15       5.242829401308e-16      -3.314233235635e-17 
 1428       1.101624649559e-10       1.816283349098e-12      -5.524929537291e-12       1.087774804380e-14       1.438274519987e-15       5.221181821092e-16      -3.240824936333e-17 
 1429       1.101203702577e-10       1.801859330440e-12      -5.445392605404e-12       1.087400530278e-14       1.434301158662e-15       5.199052848595e-16      -3.167509644925e-17 
 1430       1.100724459829e-10       1.787774048487e-12      -5.365249870741e-12       1.087020162370e-14       1.430341292849e-15       5.176470320872e-16      -3.094273366247e-17 
 1431       1.100186723286e-10       1.774030806772e-12      -5.284533328626e-12       1.086633575301e-14       1.426394869320e-15       5.153462238329e-16      -3.021102022693e-17 
 1432       1.099590294791e-10       1.760632920811e-12      -5.203275161141e-12       1.086240643076e-14       1.422461834140e-15       5.130056765010e-16      -2.947981454065e-17 
 1433       1.098934976064e-10       1.747583718119e-12      -5.121507737456e-12       1.085841239064e-14       1.418542132666e-15       5.106282228885e-16      -2.874897417429e-17 
 1434       1.098220568694e-10       1.734886538233e-12      -5.039263614156e-12       1.085435235993e-14       1.414635709546e-15       5.082167122145e-16      -2.801835586964e-17 
 1435       1.097446874147e-10       1.722544732720e-12      -4.956575535575e-12       1.085022505953e-14       1.410742508715e-15       5.057740101488e-16      -2.728781553818e-17 
 1436       1.096613693764e-10       1.710561665201e-12      -4.873476434122e-12       1.084602920389e-14       1.406862473395e-15       5.033029988408e-16      -2.655720825956e-17 
 1437       1.095720828757e-10       1.698940711363e-12      -4.789999430612e-12       1.084176350107e-14       1.402995546095e-15       5.008065769484e-16      -2.582638828021e-17 
 1438       1.094768080217e-10       1.687685258980e-12      -4.706177834599e-12       1.083742665267e-14       1.399141668608e-15       4.982876596674e-16      -2.509520901178e-17 
 1439       1.093755249107e-10       1.676798707929e-12      -4.622045144699e-12       1.083301735385e-14       1.395300782009e-15       4.957491787601e-16      -2.436352302973e-17 
 1440       1.092682136269e-10       1.666284470205e-12      -4.537635048926e-12       1.082853429331e-14       1.391472826654e-15       4.931940825840e-16      -2.363118207182e-17 
 1441       1.091548542419e-10       1.656145969940e-12      -4.452981425021e-12       1.082397615327e-14       1.387657742177e-15       4.906253361214e-16      -2.289803703667e-17 
 1442       1.090354268148e-10       1.646386643417e-12      -4.368118340777e-12       1.081934160949e-14       1.383855467493e-15       4.880459210080e-16      -2.216393798227e-17 
 1443       1.089099113927e-10       1.637009939094e-12      -4.283080054375e-12       1.081462933122e-14       1.380065940791e-15       4.854588355616e-16      -2.142873412449e-17 
 1444       1.087782880101e-10       1.628019317612e-12      -4.197901014710e-12       1.080983798122e-14       1.376289099536e-15       4.828670948116e-16      -2.069227383565e-17 
 1445       1.086405366894e-10       1.619418251818e-12      -4.112615861721e-12       1.080496621572e-14       1.372524880466e-15       4.802737305274e-16      -1.995440464302e-17 
 1446       1.084966374407e-10       1.611210226780e-12      -4.027259426722e-12       1.080001268445e-14       1.368773219591e-15       4.776817912480e-16      -1.921497322735e-17 
 1447       1.083465702619e-10       1.603398739804e-12      -3.941866732732e-12       1.079497603058e-14       1.365034052192e-15       4.750943423102e-16      -1.847382542140e-17 
 1448       1.081903151386e-10       1.595987300452e-12      -3.856472994804e-12       1.078985489074e-14       1.361307312816e-15       4.725144658781e-16      -1.773080620847e-17 
 1449       1.080278520447e-10       1.588979430558e-12      -3.771113620354e-12       1.078464789502e-14       1.357592935281e-15       4.699452609720e-16      -1.698575972094e-17 
 1450       1.078591609414e-10       1.582378664243e-12      -3.685824209494e-12       1.077935366693e-14       1.353890852667e-15       4.673898434970e-16      -1.623852923878e-17 
 1451       1.076842355067e-10       1.576187515632e-12      -3.600638462540e-12       1.077397106936e-14       1.350201003152e-15       4.648507803899e-16      -1.548903215520e-17 
 1452       1.075031244718e-10       1.570404370566e-12      -3.515581878816e-12       1.076849994524e-14       1.346523347553e-15       4.623283857601e-16      -1.473748570322e-17 
 1453       1.073158907010e-10       1.565026563589e-12      -3.430677994998e-12       1.076294038433e-14       1.342857851958e-15       4.598224076323e-16      -1.398418350138e-17 
 1454       1.071225975017e-10       1.560051407373e-12      -3.345950472374e-12       1.075729247794e-14       1.339204481906e-15       4.573325922672e-16      -1.322942079587e-17 
 1455       1.069233086258e-10       1.555476192672e-12      -3.261423097059e-12       1.075155631893e-14       1.335563202390e-15       4.548586841579e-16      -1.247349446331e-17 
 1456       1.067180882697e-10       1.551298188284e-12      -3.177119780201e-12       1.074573200169e-14       1.331933977850e-15       4.524004260273e-16      -1.171670301358e-17 
 1457       1.065070010756e-10       1.547514641003e-12      -3.093064558197e-12       1.073981962220e-14       1.328316772179e-15       4.499575588242e-16      -1.095934659260e-17 
 1458       1.062901121324e-10       1.544122775586e-12      -3.009281592899e-12       1.073381927796e-14       1.324711548714e-15       4.475298217203e-16      -1.020172698510e-17 
 1459       1.060674869761e-10       1.541119794703e-12      -2.925795171827e-12       1.072773106805e-14       1.321118270243e-15       4.451169521070e-16      -9.444147617489e-18 
 1460       1.058391915912e-10       1.538502878900e-12      -2.842629708379e-12       1.072155509311e-14       1.317536898998e-15       4.427186855919e-16      -8.686913560573e-18 
 1461       1.056052924107e-10       1.536269186555e-12      -2.759809742041e-12       1.071529145534e-14       1.313967396655e-15       4.403347559957e-16      -7.930331532409e-18 
 1462       1.053658563178e-10       1.534415853839e-12      -2.677359938598e-12       1.070894025853e-14       1.310409724333e-15       4.379648953488e-16      -7.174709901078e-18 
 1463       1.051209506462e-10       1.532939994668e-12      -2.595305090346e-12       1.070250160801e-14       1.306863842595e-15       4.356088338882e-16      -6.420358687491e-18 
 1464       1.048706431808e-10       1.531838700671e-12      -2.513670116301e-12       1.069597561071e-14       1.303329711444e-15       4.332663000538e-16      -5.667589568182e-18 
 1465       1.046150021590e-10       1.531109041137e-12      -2.432480062408e-12       1.068936237513e-14       1.299807290321e-15       4.309370204859e-16      -4.916715878112e-18 
 1466       1.043540962711e-10       1.530748062983e-12      -2.351760101757e-12       1.068266201135e-14       1.296296538108e-15       4.286207200210e-16      -4.168052613460e-18 
 1467       1.040879946614e-10       1.530752790706e-12      -2.271535534788e-12       1.067587463103e-14       1.292797413124e-15       4.263171216892e-16      -3.421916434428e-18 
 1468       1.038167669287e-10       1.531120226342e-12      -2.191831789503e-12       1.066900034744e-14       1.289309873122e-15       4.240259467107e-16      -2.678625668034e-18 
 1469       1.035404831274e-10       1.531847349428e-12      -2.112674421679e-12       1.066203927542e-14       1.285833875293e-15       4.217469144925e-16      -1.938500310909e-18 
 1470       1.032592137681e-10       1.532931116956e-12      -2.034089115077e-12       1.065499153140e-14       1.282369376259e-15       4.194797426250e-16      -1.201862032102e-18 
 1471       1.029730298188e-10       1.534368463332e-12      -1.956101681651e-12       1.064785723342e-14       1.278916332076e-15       4.172241468789e-16      -4.690341758708e-19 
 1472       1.026820027051e-10       1.536156300335e-12      -1.878738061761e-12       1.064063650112e-14       1.275474698232e-15       4.149798412021e-16       2.596582355179e-19 
 1473       1.023862043115e-10       1.538291517077e-12      -1.802024324384e-12       1.063332945573e-14       1.272044429643e-15       4.127465377160e-16       9.838884989890e-19 
 1474       1.020857069821e-10       1.540770979958e-12      -1.725986667320e-12       1.062593622010e-14       1.268625480656e-15       4.105239467124e-16       1.703328227863e-18 
 1475       1.017805835214e-10       1.543591532624e-12      -1.650651417410e-12       1.061845691869e-14       1.265217805045e-15       4.083117766503e-16       2.417647349056e-18 
 1476       1.014709071949e-10       1.546749995929e-12      -1.576045030741e-12       1.061089167755e-14       1.261821356009e-15       4.061097341527e-16       3.126514100285e-18 
 1477       1.011567517304e-10       1.550243167888e-12      -1.502194092856e-12       1.060324062438e-14       1.258436086175e-15       4.039175240031e-16       3.829595027265e-18 
 1478       1.008381913183e-10       1.554067823642e-12      -1.429125318969e-12       1.059550388847e-14       1.255061947594e-15       4.017348491422e-16       4.526554980918e-18 
 1479       1.005153006127e-10       1.558220715409e-12      -1.356865554174e-12       1.058768160074e-14       1.251698891737e-15       3.995614106649e-16       5.217057114568e-18 
 1480       1.001881547322e-10       1.562698572445e-12      -1.285441773652e-12       1.057977389374e-14       1.248346869499e-15       3.973969078167e-16       5.900762881147e-18 
 1481       9.985682926068e-11       1.567498101005e-12      -1.214881082888e-12       1.057178090164e-14       1.245005831197e-15       3.952410379909e-16       6.577332030396e-18 
 1482       9.952140024806e-11       1.572615984297e-12      -1.145210717876e-12       1.056370276025e-14       1.241675726564e-15       3.930934967245e-16       7.246422606067e-18 
 1483       9.918194421116e-11       1.578048882442e-12      -1.076458045331e-12       1.055553960700e-14       1.238356504754e-15       3.909539776960e-16       7.907690943125e-18 
 1484       9.883853813455e-11       1.583793432434e-12      -1.008650562903e-12       1.054729158097e-14       1.235048114335e-15       3.888221727212e-16       8.560791664953e-18 
 1485       9.849125947129e-11       1.589846248093e-12      -9.418158993834e-13       1.053895882288e-14       1.231750503295e-15       3.866977717502e-16       9.205377680548e-18 
 1486       9.814018614383e-11       1.596203920029e-12      -8.759818149164e-13       1.053054147507e-14       1.228463619033e-15       3.845804628645e-16       9.841100181727e-18 
 1487       9.778539654475e-11       1.602863015598e-12      -8.111762012116e-13       1.052203968157e-14       1.225187408362e-15       3.824699322732e-16       1.046760864033e-17 
 1488       9.742696953762e-11       1.609820078857e-12      -7.474270817527e-13       1.051345358801e-14       1.221921817508e-15       3.803658643100e-16       1.108455080542e-17 
 1489       9.706498445779e-11       1.617071630528e-12      -6.847626120090e-13       1.050478334171e-14       1.218666792109e-15       3.782679414298e-16       1.169157270048e-17 
 1490       9.669952111323e-11       1.624614167951e-12      -6.232110796455e-13       1.049602909162e-14       1.215422277210e-15       3.761758442057e-16       1.228831862064e-17 
 1491       9.633066229034e-11       1.632443748040e-12      -5.627971246473e-13       1.048719114925e-14       1.212188221955e-15       3.740891536120e-16       1.287452722317e-17 
 1492       9.595850129676e-11       1.640554731735e-12      -5.035303587064e-13       1.047827047299e-14       1.208964593697e-15       3.720070568323e-16       1.345032083594e-17 
 1493       9.558313449419e-11       1.648941027150e-12      -4.454166346121e-13       1.046926818856e-14       1.205751364023e-15       3.699286385593e-16       1.401591898149e-17 
 1494       9.520465880103e-11       1.657596505395e-12      -3.884618162140e-13       1.046018542850e-14       1.202548504075e-15       3.678529784376e-16       1.457154254359e-17 
 1495       9.482317169333e-11       1.666515000512e-12      -3.326717784279e-13       1.045102333226e-14       1.199355984551e-15       3.657791510547e-16       1.511741376962e-17 
 1496       9.443877120572e-11       1.675690309412e-12      -2.780524072434e-13       1.044178304614e-14       1.196173775704e-15       3.637062259331e-16       1.565375627300e-17 
 1497       9.405155593242e-11       1.685116191808e-12      -2.246095997295e-13       1.043246572335e-14       1.193001847338e-15       3.616332675212e-16       1.618079503553e-17 
 1498       9.366162502811e-11       1.694786370154e-12      -1.723492640424e-13       1.042307252400e-14       1.189840168813e-15       3.595593351852e-16       1.669875640981e-17 
 1499       9.326907820894e-11       1.704694529579e-12      -1.212773194313e-13       1.041360461513e-14       1.186688709037e-15       3.574834832004e-16       1.720786812160e-17 
 1500       9.287401575346e-11       1.714834317822e-12      -7.139969624574e-14       1.040406317069e-14       1.183547436473e-15       3.554047607423e-16       1.770835927219e-17 
 1501       9.247653850355e-11       1.725199345170e-12      -2.272233594182e-14       1.039444937159e-14       1.180416319128e-15       3.533222118786e-16       1.820046034086e-17 
 1502       9.207674786542e-11       1.735783184391e-12       2.474880891084e-14       1.038476440569e-14       1.177295324564e-15       3.512348755604e-16       1.868440318718e-17 
 1503       9.167474581050e-11       1.746579370671e-12       7.100777462252e-14       1.037500946779e-14       1.174184419885e-15       3.491417856136e-16       1.916042105344e-17 
 1504       9.127063487644e-11       1.757581401550e-12       1.160485863767e-13       1.036518575971e-14       1.171083571746e-15       3.470419707304e-16       1.962874856703e-17 
 1505       9.086451816804e-11       1.768782736858e-12       1.598652582232e-13       1.035529449021e-14       1.167992746345e-15       3.449344544607e-16       2.008962174282e-17 
 1506       9.045649935818e-11       1.780176798648e-12       2.024517930719e-13       1.034533687510e-14       1.164911909428e-15       3.428182552039e-16       2.054327798555e-17 
 1507       9.004668268881e-11       1.791756971137e-12       2.438021826857e-13       1.033531413716e-14       1.161841026282e-15       3.406923861996e-16       2.098995609221e-17 
 1508       8.963517297187e-11       1.803516600634e-12       2.839104076737e-13       1.032522750621e-14       1.158780061739e-15       3.385558555200e-16       2.142989625443e-17 
 1509       8.922207559025e-11       1.815448995484e-12       3.227704374851e-13       1.031507821911e-14       1.155728980172e-15       3.364076660605e-16       2.186334006089e-17 
 1510       8.880749649875e-11       1.827547425998e-12       3.603762304018e-13       1.030486751976e-14       1.152687745497e-15       3.342468155318e-16       2.229053049963e-17 
 1511       8.839154222501e-11       1.839805124391e-12       3.967217335324e-13       1.029459665912e-14       1.149656321167e-15       3.320722964507e-16       2.271171196053e-17 
 1512       8.797431987047e-11       1.852215284717e-12       4.318008828048e-13       1.028426689523e-14       1.146634670177e-15       3.298830961324e-16       2.312713023763e-17 
 1513       8.755593711132e-11       1.864771062804e-12       4.656076029601e-13       1.027387949319e-14       1.143622755060e-15       3.276781966810e-16       2.353703253156e-17 
 1514       8.713650219946e-11       1.877465576191e-12       4.981358075457e-13       1.026343572522e-14       1.140620537886e-15       3.254565749819e-16       2.394166745187e-17 
 1515       8.671612396344e-11       1.890291904066e-12       5.293793989085e-13       1.025293687063e-14       1.137627980261e-15       3.232172026923e-16       2.434128501948e-17 
 1516       8.629491180938e-11       1.903243087194e-12       5.593322681884e-13       1.024238421585e-14       1.134645043327e-15       3.209590462334e-16       2.473613666901e-17 
 1517       8.587297572200e-11       1.916312127862e-12       5.879882953113e-13       1.023177905444e-14       1.131671687760e-15       3.186810667817e-16       2.512647525120e-17 
 1518       8.545042626548e-11       1.929491989808e-12       6.153413489830e-13       1.022112268711e-14       1.128707873771e-15       3.163822202599e-16       2.551255503531e-17 
 1519       8.502737458448e-11       1.942775598159e-12       6.413852866817e-13       1.021041642170e-14       1.125753561102e-15       3.140614573293e-16       2.589463171143e-17 
 1520       8.460393240502e-11       1.956155839368e-12       6.661139546521e-13       1.019966157325e-14       1.122808709028e-15       3.117177233804e-16       2.627296239296e-17 
 1521       8.418021203552e-11       1.969625561147e-12       6.895211878982e-13       1.018885946393e-14       1.119873276354e-15       3.093499585247e-16       2.664780561893e-17 
 1522       8.375632636767e-11       1.983177572406e-12       7.116008101768e-13       1.017801142315e-14       1.116947221415e-15       3.069570975862e-16       2.701942135643e-17 
 1523       8.333238887742e-11       1.996804643185e-12       7.323466339907e-13       1.016711878747e-14       1.114030502076e-15       3.045380700929e-16       2.738807100294e-17 
 1524       8.290851362590e-11       2.010499504592e-12       7.517524605823e-13       1.015618290070e-14       1.111123075728e-15       3.020918002679e-16       2.775401738878e-17 
 1525       8.248481526044e-11       2.024254848738e-12       7.698120799264e-13       1.014520511386e-14       1.108224899290e-15       2.996172070214e-16       2.811752477946e-17 
 1526       8.206140901541e-11       2.038063328674e-12       7.865192707241e-13       1.013418678519e-14       1.105335929208e-15       2.971132039415e-16       2.847885887804e-17 
 1527       8.163841071328e-11       2.051917558325e-12       8.018678003956e-13       1.012312928021e-14       1.102456121451e-15       2.945786992862e-16       2.883828682760e-17 
 1528       8.121593676550e-11       2.065810112425e-12       8.158514250738e-13       1.011203397166e-14       1.099585431515e-15       2.920125959746e-16       2.919607721352e-17 
 1529       8.079410417346e-11       2.079733526455e-12       8.284638895977e-13       1.010090223958e-14       1.096723814416e-15       2.894137915785e-16       2.955250006595e-17 
 1530       8.037303052948e-11       2.093680296579e-12       8.396989275052e-13       1.008973547128e-14       1.093871224695e-15       2.867811783136e-16       2.990782686215e-17 
 1531       7.995282598117e-11       2.107643229495e-12       8.495533258892e-13       1.007853505555e-14       1.091027620240e-15       2.841141069959e-16       3.026226039006e-17 
 1532       7.953356903875e-11       2.121616495791e-12       8.580361520065e-13       1.006730236514e-14       1.088192973805e-15       2.814137837764e-16       3.061572360121e-17 
 1533       7.911533053855e-11       2.135594586525e-12       8.651596148082e-13       1.005603877412e-14       1.085367261604e-15       2.786818867340e-16       3.096806874521e-17 
 1534       7.869818165900e-11       2.149571964177e-12       8.709360082268e-13       1.004474566374e-14       1.082550459487e-15       2.759201031370e-16       3.131914732432e-17 
 1535       7.828219392129e-11       2.163543062601e-12       8.753777113270e-13       1.003342442236e-14       1.079742542942e-15       2.731301294580e-16       3.166881009224e-17 
 1536       7.786743918981e-11       2.177502286978e-12       8.784971884554e-13       1.002207644556e-14       1.076943487096e-15       2.703136713897e-16       3.201690705291e-17 
 1537       7.745398967276e-11       2.191444013768e-12       8.803069893905e-13       1.001070313607e-14       1.074153266711e-15       2.674724438593e-16       3.236328745931e-17 
 1538       7.704191792263e-11       2.205362590669e-12       8.808197494932e-13       9.999305903801e-15       1.071371856185e-15       2.646081710443e-16       3.270779981225e-17 
 1539       7.663129683678e-11       2.219252336565e-12       8.800481898568e-13       9.987886165901e-15       1.068599229551e-15       2.617225863876e-16       3.305029185918e-17 
 1540       7.622219965798e-11       2.233107541481e-12       8.780051174568e-13       9.976445346713e-15       1.065835360477e-15       2.588174326124e-16       3.339061059296e-17 
 1541       7.581469997492e-11       2.246922466540e-12       8.747034253015e-13       9.964984877809e-15       1.063080222264e-15       2.558944617375e-16       3.372860225068e-17 
 1542       7.540887172276e-11       2.260691343913e-12       8.701560925816e-13       9.953506197999e-15       1.060333787847e-15       2.529554350926e-16       3.406411231247e-17 
 1543       7.500478918370e-11       2.274408376771e-12       8.643761848207e-13       9.942010753346e-15       1.057596029790e-15       2.500021233337e-16       3.439698550026e-17 
 1544       7.460252698746e-11       2.288067739245e-12       8.573768540255e-13       9.930499997168e-15       1.054866920291e-15       2.470363064576e-16       3.472706577661e-17 
 1545       7.420216011188e-11       2.301663576372e-12       8.491713388354e-13       9.918975390061e-15       1.052146431177e-15       2.440597738179e-16       3.505419634348e-17 
 1546       7.380376388339e-11       2.315190004057e-12       8.397729646730e-13       9.907438399901e-15       1.049434533907e-15       2.410743241395e-16       3.537821964106e-17 
 1547       7.340741397764e-11       2.328641109016e-12       8.291951438944e-13       9.895890501860e-15       1.046731199566e-15       2.380817655343e-16       3.569897734652e-17 
 1548       7.301318641995e-11       2.342010948741e-12       8.174513759387e-13       9.884333178418e-15       1.044036398869e-15       2.350839155160e-16       3.601631037287e-17 
 1549       7.262115758590e-11       2.355293551446e-12       8.045552474786e-13       9.872767919372e-15       1.041350102160e-15       2.320826010157e-16       3.633005886769e-17 
 1550       7.223140420186e-11       2.368482916021e-12       7.905204325706e-13       9.861196221849e-15       1.038672279406e-15       2.290796583967e-16       3.664006221198e-17 
 1551       7.184400334551e-11       2.381573011989e-12       7.753606928046e-13       9.849619590316e-15       1.036002900203e-15       2.260769334699e-16       3.694615901894e-17 
 1552       7.145903244641e-11       2.394557779459e-12       7.590898774543e-13       9.838039536594e-15       1.033341933771e-15       2.230762815089e-16       3.724818713274e-17 
 1553       7.107656928651e-11       2.407431129076e-12       7.417219236277e-13       9.826457579868e-15       1.030689348956e-15       2.200795672652e-16       3.754598362736e-17 
 1554       7.069669200071e-11       2.420186941979e-12       7.232708564164e-13       9.814875246696e-15       1.028045114227e-15       2.170886649835e-16       3.783938480538e-17 
 1555       7.031947907738e-11       2.432819069752e-12       7.037507890465e-13       9.803294071025e-15       1.025409197674e-15       2.141054584168e-16       3.812822619674e-17 
 1556       6.994500935892e-11       2.445321334379e-12       6.831759230282e-13       9.791715594201e-15       1.022781567012e-15       2.111318408416e-16       3.841234255757e-17 
 1557       6.957336204227e-11       2.457687528195e-12       6.615605483061e-13       9.780141364978e-15       1.020162189578e-15       2.081697150729e-16       3.869156786898e-17 
 1558       6.920461667949e-11       2.469911413843e-12       6.389190434094e-13       9.768572939532e-15       1.017551032327e-15       2.052209934799e-16       3.896573533588e-17 
 1559       6.883885317827e-11       2.481986724226e-12       6.152658756017e-13       9.757011881471e-15       1.014948061835e-15       2.022875980006e-16       3.923467738571e-17 
 1560       6.847615180245e-11       2.493907162460e-12       5.906156010315e-13       9.745459761848e-15       1.012353244300e-15       1.993714601572e-16       3.949822566733e-17 
 1561       6.811659317262e-11       2.505666401830e-12       5.649828648823e-13       9.733918159171e-15       1.009766545535e-15       1.964745210717e-16       3.975621104973e-17 
 1562       6.776025826660e-11       2.517258085740e-12       5.383824015222e-13       9.722388659417e-15       1.007187930972e-15       1.935987314803e-16       4.000846362088e-17 
 1563       6.740722842000e-11       2.528675827669e-12       5.108290346547e-13       9.710872856038e-15       1.004617365660e-15       1.907460517492e-16       4.025481268652e-17 
 1564       6.705758532676e-11       2.539913211123e-12       4.823376774683e-13       9.699372349978e-15       1.002054814266e-15       1.879184518898e-16       4.049508676893e-17 
 1565       6.671141103971e-11       2.550963789592e-12       4.529233327868e-13       9.687888749684e-15       9.995002410708e-16       1.851179115733e-16       4.072911360578e-17 
 1566       6.636878797106e-11       2.561821086500e-12       4.226010932196e-13       9.676423671112e-15       9.969536099695e-16       1.823464201465e-16       4.095672014887e-17 
 1567       6.602979889299e-11       2.572478595160e-12       3.913861413114e-13       9.664978737746e-15       9.944148844726e-16       1.796059766469e-16       4.117773256295e-17 
 1568       6.569452693814e-11       2.582929778727e-12       3.592937496928e-13       9.653555580604e-15       9.918840277034e-16       1.768985898175e-16       4.139197622452e-17 
 1569       6.536305560019e-11       2.593168070152e-12       3.263392812300e-13       9.642155838251e-15       9.893610023978e-16       1.742262781224e-16       4.159927572065e-17 
 1570       6.503546873439e-11       2.603186872136e-12       2.925381891750e-13       9.630781156812e-15       9.868457709036e-16       1.715910697617e-16       4.179945484772e-17 
 1571       6.471183842207e-11       2.612980355072e-12       2.579067755443e-13       9.619433047183e-15       9.843382982491e-16       1.689945944643e-16       4.199237292548e-17 
 1572       6.439218843950e-11       2.622545859089e-12       2.224644736759e-13       9.608112455193e-15       9.818385613830e-16       1.664368546765e-16       4.217803411131e-17 
 1573       6.407653044997e-11       2.631881514282e-12       1.862315872250e-13       9.596820187463e-15       9.793465400193e-16       1.639174429614e-16       4.235647910145e-17 
 1574       6.376487610885e-11       2.640985444748e-12       1.492285340514e-13       9.585557053847e-15       9.768622135747e-16       1.614359491786e-16       4.252774890868e-17 
 1575       6.345723706356e-11       2.649855768573e-12       1.114758464067e-13       9.574323867435e-15       9.743855611681e-16       1.589919604791e-16       4.269188486294e-17 
 1576       6.315362495351e-11       2.658490597829e-12       7.299417112098e-14       9.563121444557e-15       9.719165616201e-16       1.565850613011e-16       4.284892861184e-17 
 1577       6.285405141003e-11       2.666888038566e-12       3.380426978990e-14       9.551950604788e-15       9.694551934524e-16       1.542148333655e-16       4.299892212126e-17 
 1578       6.255852805636e-11       2.675046190802e-12      -6.072981038432e-15       9.540812170954e-15       9.670014348869e-16       1.518808556706e-16       4.314190767590e-17 
 1579       6.226706650758e-11       2.682963148517e-12      -4.661658967642e-14       9.529706969136e-15       9.645552638456e-16       1.495827044880e-16       4.327792787982e-17 
 1580       6.197967837054e-11       2.690636999645e-12      -8.780544911008e-14       9.518635828672e-15       9.621166579495e-16       1.473199533578e-16       4.340702565702e-17 
 1581       6.169637524382e-11       2.698065826067e-12      -1.296183368120e-13       9.507599582164e-15       9.596855945183e-16       1.450921730839e-16       4.352924425204e-17 
 1582       6.141716871773e-11       2.705247703603e-12      -1.720339145546e-13       9.496599065482e-15       9.572620505699e-16       1.428989317294e-16       4.364462723043e-17 
 1583       6.114207037416e-11       2.712180702003e-12      -2.150307282229e-13       9.485635117770e-15       9.548460028193e-16       1.407397946121e-16       4.375321847940e-17 
 1584       6.087109178661e-11       2.718862884942e-12      -2.585872076275e-13       9.474708581447e-15       9.524374276787e-16       1.386143242994e-16       4.385506220833e-17 
 1585       6.060424452012e-11       2.725292310009e-12      -3.026816663183e-13       9.463820302214e-15       9.500363012562e-16       1.365220806042e-16       4.395020294937e-17 
 1586       6.034154013120e-11       2.731467028703e-12      -3.472923013965e-13       9.452971129058e-15       9.476425993557e-16       1.344626205799e-16       4.403868555795e-17 
 1587       6.008299016779e-11       2.737385086424e-12      -3.923971933285e-13       9.442161914256e-15       9.452562974761e-16       1.324354985159e-16       4.412055521339e-17 
 1588       5.982860616922e-11       2.743044522464e-12      -4.379743057585e-13       9.431393513382e-15       9.428773708107e-16       1.304402659329e-16       4.419585741945e-17 
 1589       5.957839966614e-11       2.748443370000e-12      -4.840014853219e-13       9.420666785307e-15       9.405057942468e-16       1.284764715782e-16       4.426463800488e-17 
 1590       5.933238218049e-11       2.753579656088e-12      -5.304564614577e-13       9.409982592209e-15       9.381415423647e-16       1.265436614212e-16       4.432694312397e-17 
 1591       5.909056522542e-11       2.758451401654e-12      -5.773168462225e-13       9.399341799570e-15       9.357845894375e-16       1.246413786487e-16       4.438281925716e-17 
 1592       5.885296030528e-11       2.763056621485e-12      -6.245601341024e-13       9.388745276191e-15       9.334349094302e-16       1.227691636602e-16       4.443231321155e-17 
 1593       5.861957891553e-11       2.767393324225e-12      -6.721637018271e-13       9.378193894185e-15       9.310924759994e-16       1.209265540631e-16       4.447547212148e-17 
 1594       5.839043254272e-11       2.771459512364e-12      -7.201048081824e-13       9.367688528992e-15       9.287572624924e-16       1.191130846685e-16       4.451234344912e-17 
 1595       5.816553266440e-11       2.775253182232e-12      -7.683605938231e-13       9.357230059375e-15       9.264292419468e-16       1.173282874862e-16       4.454297498497e-17 
 1596       5.794489074912e-11       2.778772323991e-12      -8.169080810865e-13       9.346819367430e-15       9.241083870899e-16       1.155716917201e-16       4.456741484848e-17 
 1597       5.772851825634e-11       2.782014921627e-12      -8.657241738051e-13       9.336457338588e-15       9.217946703378e-16       1.138428237635e-16       4.458571148859e-17 
 1598       5.751642663639e-11       2.784978952944e-12      -9.147856571199e-13       9.326144861620e-15       9.194880637952e-16       1.121412071947e-16       4.459791368429e-17 
 1599       5.730862733044e-11       2.787662389554e-12      -9.640691972931e-13       9.315882828644e-15       9.171885392549e-16       1.104663627721e-16       4.460407054518e-17 
 1600       5.710513177041e-11       2.790063196871e-12      -1.013551341521e-12       9.305672135123e-15       9.148960681964e-16       1.088178084297e-16       4.460423151202e-17 
 1601       5.690595137895e-11       2.792179334101e-12      -1.063208517749e-12       9.295513679878e-15       9.126106217863e-16       1.071950592725e-16       4.459844635734e-17 
 1602       5.671109756938e-11       2.794008754240e-12      -1.113017034481e-12       9.285408365086e-15       9.103321708769e-16       1.055976275714e-16       4.458676518595e-17 
 1603       5.652058174562e-11       2.795549404060e-12      -1.162953080595e-12       9.275357096288e-15       9.080606860063e-16       1.040250227594e-16       4.456923843551e-17 
 1604       5.633441530219e-11       2.796799224103e-12      -1.212992725157e-12       9.265360782390e-15       9.057961373972e-16       1.024767514261e-16       4.454591687711e-17 
 1605       5.615260962411e-11       2.797756148678e-12      -1.263111917230e-12       9.255420335672e-15       9.035384949565e-16       1.009523173135e-16       4.451685161584e-17 
 1606       5.597517608685e-11       2.798418105845e-12      -1.313286485692e-12       9.245536671790e-15       9.012877282749e-16       9.945122131131e-17       4.448209409131e-17 
 1607       5.580212605632e-11       2.798783017417e-12      -1.363492139047e-12       9.235710709781e-15       8.990438066261e-16       9.797296145228e-17       4.444169607826e-17 
 1608       5.563347088879e-11       2.798848798944e-12      -1.413704465236e-12       9.225943372067e-15       8.968066989662e-16       9.651703290747e-17       4.439570968707e-17 
 1609       5.546922193083e-11       2.798613359710e-12      -1.463898931452e-12       9.216235584460e-15       8.945763739332e-16       9.508292798170e-17       4.434418736438e-17 
 1610       5.530939051928e-11       2.798074602725e-12      -1.514050883954e-12       9.206588276165e-15       8.923527998464e-16       9.367013610886e-17       4.428718189361e-17 
 1611       5.515397918370e-11       2.797231156248e-12      -1.564137106769e-12       9.197002205000e-15       8.901359472355e-16       9.227808941313e-17       4.422475589390e-17 
 1612       5.500295516641e-11       2.796084575658e-12      -1.614140513655e-12       9.187477431291e-15       8.879257964551e-16       9.090599886118e-17       4.415701041008e-17 
 1613       5.485627666188e-11       2.794637161562e-12      -1.664045498377e-12       9.178013839208e-15       8.857223301383e-16       8.955301661284e-17       4.408405658345e-17 
 1614       5.471390159195e-11       2.792891230106e-12      -1.713836379563e-12       9.168611311111e-15       8.835255306726e-16       8.821829031300e-17       4.400600617798e-17 
 1615       5.457578760538e-11       2.790849113003e-12      -1.763497400591e-12       9.159269727552e-15       8.813353801994e-16       8.690096308453e-17       4.392297158129e-17 
 1616       5.444189207735e-11       2.788513157552e-12      -1.813012729475e-12       9.149988967269e-15       8.791518606136e-16       8.560017352103e-17       4.383506580565e-17 
 1617       5.431217210908e-11       2.785885726673e-12      -1.862366458750e-12       9.140768907183e-15       8.769749535629e-16       8.431505567973e-17       4.374240248901e-17 
 1618       5.418658452730e-11       2.782969198926e-12      -1.911542605355e-12       9.131609422393e-15       8.748046404477e-16       8.304473907430e-17       4.364509589596e-17 
 1619       5.406508588381e-11       2.779765968541e-12      -1.960525110523e-12       9.122510386174e-15       8.726409024200e-16       8.178834866771e-17       4.354326091878e-17 
 1620       5.394763245507e-11       2.776278445445e-12      -2.009297839658e-12       9.113471669974e-15       8.704837203837e-16       8.054500486502e-17       4.343701307839e-17 
 1621       5.383418024167e-11       2.772509055284e-12      -2.057844582228e-12       9.104493143406e-15       8.683330749934e-16       7.931382350628e-17       4.332646852538e-17 
 1622       5.372468496793e-11       2.768460239452e-12      -2.106149051647e-12       9.095574674252e-15       8.661889466545e-16       7.809391585933e-17       4.321174404100e-17 
 1623       5.361910208142e-11       2.764134455117e-12      -2.154194885158e-12       9.086716128454e-15       8.640513155222e-16       7.688438861265e-17       4.309295703818e-17 
 1624       5.351738675249e-11       2.759534175249e-12      -2.201965643721e-12       9.077917370109e-15       8.619201615015e-16       7.568434386817e-17       4.297022556250e-17 
 1625       5.341949387384e-11       2.754661888640e-12      -2.249444811898e-12       9.069178261473e-15       8.597954642463e-16       7.449287913416e-17       4.284366829322e-17 
 1626       5.332537806005e-11       2.749520099938e-12      -2.296615797736e-12       9.060498662948e-15       8.576772031593e-16       7.330908731804e-17       4.271340454426e-17 
 1627       5.323499364711e-11       2.744111329667e-12      -2.343461932654e-12       9.051878433087e-15       8.555653573910e-16       7.213205671918e-17       4.257955426519e-17 
 1628       5.314829469198e-11       2.738438114258e-12      -2.389966471325e-12       9.043317428582e-15       8.534599058399e-16       7.096087102181e-17       4.244223804228e-17 
 1629       5.306523497214e-11       2.732503006070e-12      -2.436112591568e-12       9.034815504270e-15       8.513608271514e-16       6.979460928782e-17       4.230157709945e-17 
 1630       5.298576798511e-11       2.726308573421e-12      -2.481883394223e-12       9.026372513121e-15       8.492680997177e-16       6.863234594958e-17       4.215769329929e-17 
 1631       5.290984694799e-11       2.719857400612e-12      -2.527261903047e-12       9.017988306238e-15       8.471817016772e-16       6.747315080281e-17       4.201070914406e-17 
 1632       5.283742479704e-11       2.713152087952e-12      -2.572231064589e-12       9.009662732854e-15       8.451016109139e-16       6.631608899941e-17       4.186074777670e-17 
 1633       5.276845418717e-11       2.706195251788e-12      -2.616773748082e-12       9.001395640328e-15       8.430278050571e-16       6.516022104028e-17       4.170793298182e-17 
 1634       5.270288749154e-11       2.698989524525e-12      -2.660872745326e-12       8.993186874142e-15       8.409602614809e-16       6.400460276819e-17       4.155238918669e-17 
 1635       5.264067680106e-11       2.691537554660e-12      -2.704510770573e-12       8.985036277893e-15       8.388989573035e-16       6.284828536058e-17       4.139424146227e-17 
 1636       5.258177392394e-11       2.683842006801e-12      -2.747670460409e-12       8.976943693297e-15       8.368438693871e-16       6.169031532242e-17       4.123361552417e-17 
 1637       5.252613038525e-11       2.675905561697e-12      -2.790334373647e-12       8.968908960179e-15       8.347949743370e-16       6.052973447905e-17       4.107063773369e-17 
 1638       5.247369742644e-11       2.667730916263e-12      -2.832484991202e-12       8.960931916473e-15       8.327522485013e-16       5.936557996901e-17       4.090543509881e-17 
 1639       5.242442600490e-11       2.659320783609e-12      -2.874104715984e-12       8.953012398217e-15       8.307156679707e-16       5.819688423688e-17       4.073813527517e-17 
 1640       5.237826679350e-11       2.650677893060e-12      -2.915175872781e-12       8.945150239550e-15       8.286852085774e-16       5.702267502612e-17       4.056886656710e-17 
 1641       5.233517018013e-11       2.641804990189e-12      -2.955680708141e-12       8.937345272707e-15       8.266608458952e-16       5.584197537190e-17       4.039775792860e-17 
 1642       5.229508626723e-11       2.632704836838e-12      -2.995601390260e-12       8.929597328020e-15       8.246425552388e-16       5.465380359394e-17       4.022493896435e-17 
 1643       5.225796487136e-11       2.623380211147e-12      -3.034920008868e-12       8.921906233907e-15       8.226303116630e-16       5.345717328935e-17       4.005053993070e-17 
 1644       5.222375552272e-11       2.613833907579e-12      -3.073618575112e-12       8.914271816875e-15       8.206240899630e-16       5.225109332549e-17       3.987469173668e-17 
 1645       5.219240746470e-11       2.604068736949e-12      -3.111679021439e-12       8.906693901513e-15       8.186238646730e-16       5.103456783276e-17       3.969752594501e-17 
 1646       5.216386965343e-11       2.594087526443e-12      -3.149083201487e-12       8.899172310490e-15       8.166296100664e-16       4.980659619746e-17       3.951917477309e-17 
 1647       5.213809075729e-11       2.583893119654e-12      -3.185812889965e-12       8.891706864550e-15       8.146413001550e-16       4.856617305467e-17       3.933977109398e-17 
 1648       5.211501915651e-11       2.573488376599e-12      -3.221849782541e-12       8.884297382512e-15       8.126589086885e-16       4.731228828101e-17       3.915944843744e-17 
 1649       5.209460294267e-11       2.562876173752e-12      -3.257175495726e-12       8.876943681259e-15       8.106824091544e-16       4.604392698753e-17       3.897834099092e-17 
 1650       5.207678991825e-11       2.552059404067e-12      -3.291771566757e-12       8.869645575744e-15       8.087117747768e-16       4.476006951254e-17       3.879658360052e-17 
 1651       5.206152629418e-11       2.541041237631e-12      -3.325622039228e-12       8.862402777466e-15       8.067469806027e-16       4.346014738327e-17       3.861427726320e-17 
 1652       5.204875277080e-11       2.529825906100e-12      -3.358721245260e-12       8.855214588946e-15       8.047880097793e-16       4.214541563405e-17       3.843138526672e-17 
 1653       5.203840842128e-11       2.518417925268e-12      -3.391066092063e-12       8.848080206541e-15       8.028348473313e-16       4.081759263464e-17       3.824783613133e-17 
 1654       5.203043198989e-11       2.506821835108e-12      -3.422653482449e-12       8.840998821701e-15       8.008874780789e-16       3.947840523801e-17       3.806355803453e-17 
 1655       5.202476189157e-11       2.495042199807e-12      -3.453480314832e-12       8.833969620960e-15       7.989458866382e-16       3.812958879324e-17       3.787847881060e-17 
 1656       5.202133621135e-11       2.483083607808e-12      -3.483543483230e-12       8.826991785930e-15       7.970100574200e-16       3.677288715840e-17       3.769252595003e-17 
 1657       5.202009270385e-11       2.470950671845e-12      -3.512839877259e-12       8.820064493293e-15       7.950799746300e-16       3.541005271347e-17       3.750562659905e-17 
 1658       5.202096879279e-11       2.458648028979e-12      -3.541366382135e-12       8.813186914792e-15       7.931556222683e-16       3.404284637322e-17       3.731770755908e-17 
 1659       5.202390157045e-11       2.446180340641e-12      -3.569119878671e-12       8.806358217223e-15       7.912369841286e-16       3.267303760015e-17       3.712869528625e-17 
 1660       5.202882779717e-11       2.433552292663e-12      -3.596097243276e-12       8.799577562428e-15       7.893240437985e-16       3.130240441732e-17       3.693851589084e-17 
 1661       5.203568390080e-11       2.420768595323e-12      -3.622295347958e-12       8.792844107283e-15       7.874167846584e-16       2.993273342132e-17       3.674709513677e-17 
 1662       5.204440597626e-11       2.407833983374e-12      -3.647711060315e-12       8.786157003699e-15       7.855151898818e-16       2.856581979512e-17       3.655435844111e-17 
 1663       5.205492978493e-11       2.394753216090e-12      -3.672341243540e-12       8.779515398602e-15       7.836192424342e-16       2.720346732099e-17       3.636023087354e-17 
 1664       5.206719075423e-11       2.381531077297e-12      -3.696182756420e-12       8.772918433936e-15       7.817289250732e-16       2.584748839340e-17       3.616463715584e-17 
 1665       5.208112397703e-11       2.368172375417e-12      -3.719232453329e-12       8.766365246647e-15       7.798442203482e-16       2.449970403192e-17       3.596750166135e-17 
 1666       5.209666421118e-11       2.354681943498e-12      -3.741487184234e-12       8.759854968679e-15       7.779651105994e-16       2.316194389409e-17       3.576874841450e-17 
 1667       5.211374587897e-11       2.341064639260e-12      -3.762943794688e-12       8.753386726966e-15       7.760915779580e-16       2.183604628838e-17       3.556830109026e-17 
 1668       5.213230306663e-11       2.327325345125e-12      -3.783599125834e-12       8.746959643422e-15       7.742236043457e-16       2.052385818701e-17       3.536608301360e-17 
 1669       5.215226952381e-11       2.313468968260e-12      -3.803450014400e-12       8.740572834935e-15       7.723611714739e-16       1.922723523893e-17       3.516201715902e-17 
 1670       5.217357866308e-11       2.299500440613e-12      -3.822493292698e-12       8.734225413355e-15       7.705042608439e-16       1.794804178265e-17       3.495602615002e-17 
 1671       5.219616355939e-11       2.285424718949e-12      -3.840725788625e-12       8.727916485494e-15       7.686528537462e-16       1.668815085918e-17       3.474803225855e-17 
 1672       5.221995694957e-11       2.271246784889e-12      -3.858144325661e-12       8.721645153108e-15       7.668069312600e-16       1.544944422493e-17       3.453795740454e-17 
 1673       5.224489123180e-11       2.256971644950e-12      -3.874745722867e-12       8.715410512898e-15       7.649664742530e-16       1.423381236458e-17       3.432572315533e-17 
 1674       5.227089846514e-11       2.242604330578e-12      -3.890526794886e-12       8.709211656494e-15       7.631314633810e-16       1.304315450400e-17       3.411125072522e-17 
 1675       5.229791036895e-11       2.228149898189e-12      -3.905484351937e-12       8.703047670453e-15       7.613018790875e-16       1.187937862314e-17       3.389446097487e-17 
 1676       5.232585832244e-11       2.213613429205e-12      -3.919615199821e-12       8.696917636250e-15       7.594777016031e-16       1.074440146896e-17       3.367527441086e-17 
 1677       5.235467336410e-11       2.199000030092e-12      -3.932916139913e-12       8.690820630267e-15       7.576589109456e-16       9.640148568273e-18       3.345361118512e-17 
 1678       5.238428619122e-11       2.184314832399e-12      -3.945383969165e-12       8.684755723786e-15       7.558454869189e-16       8.568554240687e-18       3.322939109444e-17 
 1679       5.241462715937e-11       2.169562992794e-12      -3.957015480104e-12       8.678721982984e-15       7.540374091134e-16       7.531561611492e-18       3.300253357992e-17 
 1680       5.244562628187e-11       2.154749693101e-12      -3.967807460831e-12       8.672718468922e-15       7.522346569049e-16       6.531122624557e-18       3.277295772651e-17 
 1681       5.247721322929e-11       2.139880140341e-12      -3.977756695016e-12       8.666744237536e-15       7.504372094547e-16       5.569198055230e-18       3.254058226242e-17 
 1682       5.250931732894e-11       2.124959566766e-12      -3.986859961904e-12       8.660798339633e-15       7.486450457089e-16       4.647757523239e-18       3.230532555868e-17 
 1683       5.254186756434e-11       2.109993229898e-12      -3.995114036310e-12       8.654879820880e-15       7.468581443983e-16       3.768779505588e-18       3.206710562855e-17 
 1684       5.257479257470e-11       2.094986412567e-12      -4.002515688614e-12       8.648987721796e-15       7.450764840378e-16       2.934251349459e-18       3.182584012705e-17 
 1685       5.260802065445e-11       2.079944422948e-12      -4.009061684767e-12       8.643121077744e-15       7.433000429259e-16       2.146169285110e-18       3.158144635042e-17 
 1686       5.264147975266e-11       2.064872594600e-12      -4.014748786286e-12       8.637278918926e-15       7.415287991447e-16       1.406538438771e-18       3.133384123560e-17 
 1687       5.267509747258e-11       2.049776286503e-12      -4.019573750254e-12       8.631460270371e-15       7.397627305592e-16       7.173728455482e-19       3.108294135975e-17 
 1688       5.270880107109e-11       2.034660883092e-12      -4.023533329316e-12       8.625664151927e-15       7.380018148169e-16       8.069546232079e-20       3.082866293968e-17 
 1689       5.274251745821e-11       2.019531794302e-12      -4.026624271681e-12       8.619889578257e-15       7.362460293476e-16      -5.014618193612e-19       3.057092183137e-17 
 1690       5.277617319656e-11       2.004394455599e-12      -4.028843321122e-12       8.614135558829e-15       7.344953513628e-16      -1.027058160376e-18       3.030963352941e-17 
 1691       5.280969986247e-11       1.989254056754e-12      -4.030189215532e-12       8.608401113542e-15       7.327497595935e-16      -1.494683360518e-18       3.004474430581e-17 
 1692       5.284305018088e-11       1.974114725513e-12      -4.030668701524e-12       8.602685319792e-15       7.310092395197e-16      -1.905482695546e-18       2.977632492177e-17 
 1693       5.287618202902e-11       1.958980336934e-12      -4.030290571871e-12       8.596987265798e-15       7.292737781853e-16      -2.261248708853e-18       2.950447772570e-17 
 1694       5.290905308718e-11       1.943854784048e-12      -4.029063671751e-12       8.591306034998e-15       7.275433624637e-16      -2.563783137612e-18       2.922930558829e-17 
 1695       5.294162083841e-11       1.928741977877e-12      -4.026996898830e-12       8.585640706038e-15       7.258179790579e-16      -2.814896926707e-18       2.895091190332e-17 
 1696       5.297384256826e-11       1.913645847466e-12      -4.024099203344e-12       8.579990352769e-15       7.240976144997e-16      -3.016410242653e-18       2.866940058847e-17 
 1697       5.300567536445e-11       1.898570339904e-12      -4.020379588183e-12       8.574354044235e-15       7.223822551499e-16      -3.170152487528e-18       2.838487608605e-17 
 1698       5.303707611662e-11       1.883519420357e-12      -4.015847108971e-12       8.568730844669e-15       7.206718871974e-16      -3.277962312896e-18       2.809744336387e-17 
 1699       5.306800151603e-11       1.868497072086e-12      -4.010510874151e-12       8.563119813483e-15       7.189664966594e-16      -3.341687633736e-18       2.780720791595e-17 
 1700       5.309840805525e-11       1.853507296482e-12      -4.004380045067e-12       8.557520005263e-15       7.172660693808e-16      -3.363185642364e-18       2.751427576335e-17 
 1701       5.312825202789e-11       1.838554113085e-12      -3.997463836047e-12       8.551930469761e-15       7.155705910340e-16      -3.344322822364e-18       2.721875345496e-17 
 1702       5.315748952830e-11       1.823641559614e-12      -3.989771514484e-12       8.546350251886e-15       7.138800471185e-16      -3.286974962511e-18       2.692074806826e-17 
 1703       5.318607645131e-11       1.808773691993e-12      -3.981312400921e-12       8.540778391700e-15       7.121944229606e-16      -3.193027170700e-18       2.662036721015e-17 
 1704       5.321396849187e-11       1.793954584377e-12      -3.972095869132e-12       8.535213924405e-15       7.105137037132e-16      -3.064373887869e-18       2.631771901770e-17 
 1705       5.324112114484e-11       1.779188329177e-12      -3.962131346206e-12       8.529655880343e-15       7.088378743551e-16      -2.902918901928e-18       2.601291215896e-17 
 1706       5.326748970465e-11       1.764479037088e-12      -3.951428312628e-12       8.524103284982e-15       7.071669196914e-16      -2.710575361685e-18       2.570605583374e-17 
 1707       5.329302926505e-11       1.749830837113e-12      -3.939996302364e-12       8.518555158913e-15       7.055008243524e-16      -2.489265790770e-18       2.539725977441e-17 
 1708       5.331769471876e-11       1.735247876594e-12      -3.927844902939e-12       8.513010517840e-15       7.038395727938e-16      -2.240922101565e-18       2.508663424665e-17 
 1709       5.334144075724e-11       1.720734321232e-12      -3.914983755527e-12       8.507468372574e-15       7.021831492961e-16      -1.967485609128e-18       2.477429005030e-17 
 1710       5.336422187036e-11       1.706294355118e-12      -3.901422555027e-12       8.501927729026e-15       7.005315379644e-16      -1.670907045117e-18       2.446033852011e-17 
 1711       5.338599234616e-11       1.691932180757e-12      -3.887171050149e-12       8.496387588199e-15       6.988847227282e-16      -1.353146571722e-18       2.414489152651e-17 
 1712       5.340670627050e-11       1.677652019094e-12      -3.872239043496e-12       8.490846946178e-15       6.972426873410e-16      -1.016173795588e-18       2.382806147646e-17 
 1713       5.342631752679e-11       1.663458109543e-12      -3.856636391646e-12       8.485304794129e-15       6.956054153796e-16      -6.619677817379e-19       2.350996131416e-17 
 1714       5.344477979572e-11       1.649354710011e-12      -3.840373005235e-12       8.479760118285e-15       6.939728902445e-16      -2.925170675068e-19       2.319070452192e-17 
 1715       5.346204655498e-11       1.635346096923e-12      -3.823458849042e-12       8.474211899942e-15       6.923450951590e-16       9.018032353848e-20       2.287040512087e-17 
 1716       5.347807107890e-11       1.621436565251e-12      -3.805903942066e-12       8.468659115453e-15       6.907220131691e-16       4.841168676704e-19       2.254917767182e-17 
 1717       5.349280643826e-11       1.607630428541e-12      -3.787718357615e-12       8.463100736215e-15       6.891036271433e-16       8.872755270745e-19       2.222713727599e-17 
 1718       5.350620549991e-11       1.593932018933e-12      -3.768912223385e-12       8.457535728670e-15       6.874899197720e-16       1.297629735924e-18       2.190439957583e-17 
 1719       5.351822092653e-11       1.580345687196e-12      -3.749495721543e-12       8.451963054288e-15       6.858808735674e-16       1.713143386452e-18       2.158108075579e-17 
 1720       5.352880517634e-11       1.566875802747e-12      -3.729479088812e-12       8.446381669569e-15       6.842764708631e-16       2.131770815026e-18       2.125729754316e-17 
 1721       5.353791050279e-11       1.553526753683e-12      -3.708872616549e-12       8.440790526029e-15       6.826766938138e-16       2.551456788223e-18       2.093316720876e-17 
 1722       5.354548895428e-11       1.540302946802e-12      -3.687686650833e-12       8.435188570195e-15       6.810815243950e-16       2.970136488901e-18       2.060880756783e-17 
 1723       5.355149237387e-11       1.527208807634e-12      -3.665931592543e-12       8.429574743597e-15       6.794909444027e-16       3.385735502274e-18       2.028433698076e-17 
 1724       5.355587239900e-11       1.514248780462e-12      -3.643617897446e-12       8.423947982762e-15       6.779049354530e-16       3.796169801983e-18       1.995987435389e-17 
 1725       5.355858046117e-11       1.501427328354e-12      -3.620756076273e-12       8.418307219207e-15       6.763234789817e-16       4.199345736176e-18       1.963553914029e-17 
 1726       5.355956778570e-11       1.488748933186e-12      -3.597356694808e-12       8.412651379428e-15       6.747465562443e-16       4.593160013575e-18       1.931145134060e-17 
 1727       5.355878539138e-11       1.476218095667e-12      -3.573430373965e-12       8.406979384896e-15       6.731741483154e-16       4.975499689553e-18       1.898773150373e-17 
 1728       5.355618409023e-11       1.463839335370e-12      -3.548987789876e-12       8.401290152048e-15       6.716062360886e-16       5.344242152206e-18       1.866450072773e-17 
 1729       5.355171448719e-11       1.451617190754e-12      -3.524039673970e-12       8.395582592282e-15       6.700428002758e-16       5.697255108431e-18       1.834188066052e-17 
 1730       5.354532697982e-11       1.439556219190e-12      -3.498596813057e-12       8.389855611947e-15       6.684838214074e-16       6.032396569992e-18       1.801999350073e-17 
 1731       5.353697943708e-11       1.427660426075e-12      -3.472670455310e-12       8.384108217472e-15       6.669292813000e-16       6.348028730132e-18       1.769894095696e-17 
 1732       5.352666030707e-11       1.415931546835e-12      -3.446273531801e-12       8.378339831743e-15       6.653791674754e-16       6.644564371230e-18       1.737874092968e-17 
 1733       5.351436570402e-11       1.404370750450e-12      -3.419419445455e-12       8.372549980385e-15       6.638334687781e-16       6.922933501041e-18       1.705939029571e-17 
 1734       5.350009174701e-11       1.392979209055e-12      -3.392121666185e-12       8.366738186868e-15       6.622921739108e-16       7.184070655280e-18       1.674088590104e-17 
 1735       5.348383455998e-11       1.381758097944e-12      -3.364393730996e-12       8.360903972503e-15       6.607552714334e-16       7.428914904263e-18       1.642322456080e-17 
 1736       5.346559027173e-11       1.370708595573e-12      -3.336249244076e-12       8.355046856437e-15       6.592227497633e-16       7.658409859554e-18       1.610640305921e-17 
 1737       5.344535501597e-11       1.359831883565e-12      -3.307701876905e-12       8.349166355652e-15       6.576945971748e-16       7.873503680601e-18       1.579041814948e-17 
 1738       5.342312493130e-11       1.349129146710e-12      -3.278765368343e-12       8.343261984960e-15       6.561708017987e-16       8.075149081382e-18       1.547526655382e-17 
 1739       5.339889616127e-11       1.338601572972e-12      -3.249453524737e-12       8.337333257003e-15       6.546513516226e-16       8.264303337048e-18       1.516094496334e-17 
 1740       5.337266485435e-11       1.328250353490e-12      -3.219780220017e-12       8.331379682247e-15       6.531362344903e-16       8.441928290564e-18       1.484745003802e-17 
 1741       5.334442716401e-11       1.318076682582e-12      -3.189759395794e-12       8.325400768978e-15       6.516254381012e-16       8.608990359352e-18       1.453477840665e-17 
 1742       5.331417924866e-11       1.308081757750e-12      -3.159405061461e-12       8.319396023301e-15       6.501189500109e-16       8.766460541932e-18       1.422292666677e-17 
 1743       5.328191727174e-11       1.298266779682e-12      -3.128731294290e-12       8.313364949139e-15       6.486167576299e-16       8.915314424566e-18       1.391189138461e-17 
 1744       5.324763740169e-11       1.288632952253e-12      -3.097752239533e-12       8.307307048224e-15       6.471188482244e-16       9.056532187900e-18       1.360166909507e-17 
 1745       5.321133581198e-11       1.279181482534e-12      -3.066482110518e-12       8.301221820098e-15       6.456252089152e-16       9.191098613607e-18       1.329225630162e-17 
 1746       5.317300868115e-11       1.269913580792e-12      -3.034935188750e-12       8.295108762109e-15       6.441358266779e-16       9.320003091029e-18       1.298364947629e-17 
 1747       5.313265219279e-11       1.260830460490e-12      -3.003125824011e-12       8.288967369407e-15       6.426506883423e-16       9.444239623817e-18       1.267584505958e-17 
 1748       5.309026253559e-11       1.251933338300e-12      -2.971068434456e-12       8.282797134942e-15       6.411697805926e-16       9.564806836578e-18       1.236883946042e-17 
 1749       5.304583590333e-11       1.243223434096e-12      -2.938777506714e-12       8.276597549459e-15       6.396930899667e-16       9.682707981514e-18       1.206262905613e-17 
 1750       5.299936849493e-11       1.234701970963e-12      -2.906267595984e-12       8.270368101500e-15       6.382206028563e-16       9.798950945065e-18       1.175721019235e-17 
 1751       5.295085651444e-11       1.226370175202e-12      -2.873553326140e-12       8.264108277391e-15       6.367523055062e-16       9.914548254553e-18       1.145257918298e-17 
 1752       5.290029617106e-11       1.218229276327e-12      -2.840649389824e-12       8.257817561251e-15       6.352881840147e-16       1.003051708482e-17       1.114873231014e-17 
 1753       5.284768367917e-11       1.210280507074e-12      -2.807570548545e-12       8.251495434978e-15       6.338282243325e-16       1.014787926488e-17       1.084566582414e-17 
 1754       5.279301525834e-11       1.202525103403e-12      -2.774331632783e-12       8.245141378253e-15       6.323724122632e-16       1.026766128455e-17       1.054337594335e-17 
 1755       5.273628713336e-11       1.194964304501e-12      -2.740947542084e-12       8.238754868534e-15       6.309207334626e-16       1.039089430110e-17       1.024185885422e-17 
 1756       5.267749553425e-11       1.187599352785e-12      -2.707433245158e-12       8.232335381051e-15       6.294731734386e-16       1.051861414589e-17       9.941110711220e-18 
 1757       5.261663669625e-11       1.180431493906e-12      -2.673803779981e-12       8.225882388808e-15       6.280297175510e-16       1.065186133101e-17       9.641127636730e-18 
 1758       5.255370685988e-11       1.173461976751e-12      -2.640074253894e-12       8.219395362576e-15       6.265903510110e-16       1.079168105594e-17       9.341905721045e-18 
 1759       5.248870227094e-11       1.166692053451e-12      -2.606259843696e-12       8.212873770890e-15       6.251550588812e-16       1.093912321418e-17       9.043441022294e-18 
 1760       5.242161918053e-11       1.160122979377e-12      -2.572375795752e-12       8.206317080047e-15       6.237238260752e-16       1.109524239988e-17       8.745729566392e-18 
 1761       5.235245384506e-11       1.153756013150e-12      -2.538437426085e-12       8.199724754101e-15       6.222966373573e-16       1.126109791450e-17       8.448767346987e-18 
 1762       5.228120252627e-11       1.147592416643e-12      -2.504460120476e-12       8.193096254864e-15       6.208734773425e-16       1.143775377346e-17       8.152550325403e-18 
 1763       5.220786149127e-11       1.141633454980e-12      -2.470459334567e-12       8.186431041898e-15       6.194543304959e-16       1.162627871275e-17       7.857074430589e-18 
 1764       5.213242701251e-11       1.135880396545e-12      -2.436450593954e-12       8.179728572514e-15       6.180391811326e-16       1.182774619560e-17       7.562335559064e-18 
 1765       5.205489536784e-11       1.130334512983e-12      -2.402449494291e-12       8.172988301769e-15       6.166280134176e-16       1.204323441911e-17       7.268329574863e-18 
 1766       5.197526284053e-11       1.124997079203e-12      -2.368471701385e-12       8.166209682463e-15       6.152208113652e-16       1.227382632092e-17       6.975052309485e-18 
 1767       5.189352571923e-11       1.119869373382e-12      -2.334532951299e-12       8.159392165136e-15       6.138175588390e-16       1.252060958580e-17       6.682499561835e-18 
 1768       5.180968029807e-11       1.114952676970e-12      -2.300649050446e-12       8.152535198061e-15       6.124182395515e-16       1.278467665233e-17       6.390667098177e-18 
 1769       5.172372287662e-11       1.110248274689e-12      -2.266835875692e-12       8.145638227249e-15       6.110228370641e-16       1.306712471955e-17       6.099550652072e-18 
 1770       5.163564975991e-11       1.105757454541e-12      -2.233109374453e-12       8.138700696436e-15       6.096313347864e-16       1.336905575356e-17       5.809145924331e-18 
 1771       5.154546249937e-11       1.101481006991e-12      -2.199484459418e-12       8.131722169022e-15       6.082437171824e-16       1.369126945371e-17       5.519455915510e-18 
 1772       5.145318366274e-11       1.097417717986e-12      -2.165971682532e-12       8.124702694961e-15       6.068599733987e-16       1.403333936374e-17       5.230512989758e-18 
 1773       5.135884119449e-11       1.093565863490e-12      -2.132580533729e-12       8.117642446896e-15       6.054800936660e-16       1.439452914028e-17       4.942356993165e-18 
 1774       5.126246318693e-11       1.089923709161e-12      -2.099320543872e-12       8.110541598496e-15       6.041040680948e-16       1.477409889538e-17       4.655027937981e-18 
 1775       5.116407788050e-11       1.086489510330e-12      -2.066201284804e-12       8.103400324461e-15       6.027318866757e-16       1.517130519136e-17       4.368566002845e-18 
 1776       5.106371366390e-11       1.083261511989e-12      -2.033232369414e-12       8.096218800522e-15       6.013635392790e-16       1.558540103576e-17       4.083011533008e-18 
 1777       5.096139907439e-11       1.080237948774e-12      -2.000423451684e-12       8.088997203443e-15       5.999990156545e-16       1.601563587621e-17       3.798405040563e-18 
 1778       5.085716279795e-11       1.077417044948e-12      -1.967784226753e-12       8.081735711024e-15       5.986383054314e-16       1.646125559538e-17       3.514787204672e-18 
 1779       5.075103366952e-11       1.074797014387e-12      -1.935324430969e-12       8.074434502100e-15       5.972813981179e-16       1.692150250580e-17       3.232198871787e-18 
 1780       5.064304067325e-11       1.072376060566e-12      -1.903053841949e-12       8.067093756543e-15       5.959282831011e-16       1.739561534485e-17       2.950681055885e-18 
 1781       5.053321294264e-11       1.070152376537e-12      -1.870982278631e-12       8.059713655265e-15       5.945789496469e-16       1.788282926958e-17       2.670274938687e-18 
 1782       5.042157976084e-11       1.068124144921e-12      -1.839119601337e-12       8.052294380219e-15       5.932333868993e-16       1.838237585169e-17       2.391021869888e-18 
 1783       5.030817056082e-11       1.066289537886e-12      -1.807475711823e-12       8.044836114400e-15       5.918915838811e-16       1.889348307237e-17       2.112963367384e-18 
 1784       5.019301492559e-11       1.064646717135e-12      -1.776060553343e-12       8.037339041845e-15       5.905535294926e-16       1.941537531723e-17       1.836141117497e-18 
 1785       5.007614258844e-11       1.063193833888e-12      -1.744884110697e-12       8.029803347639e-15       5.892192125123e-16       1.994727337121e-17       1.560596975202e-18 
 1786       4.995758343314e-11       1.061929028870e-12      -1.713956410296e-12       8.022229217910e-15       5.878886215960e-16       2.048839441345e-17       1.286372964355e-18 
 1787       4.983736749419e-11       1.060850432289e-12      -1.683287520212e-12       8.014616839837e-15       5.865617452771e-16       2.103795201222e-17       1.013511277918e-18 
 1788       4.971552495696e-11       1.059956163827e-12      -1.652887550239e-12       8.006966401647e-15       5.852385719661e-16       2.159515611982e-17       7.420542781839e-19 
 1789       4.959208615802e-11       1.059244332618e-12      -1.622766651947e-12       7.999278092619e-15       5.839190899505e-16       2.215921306747e-17       4.720444970084e-19 
 1790       4.946708158525e-11       1.058713037239e-12      -1.592935018742e-12       7.991552103085e-15       5.826032873946e-16       2.272932556019e-17       2.035246360309e-19 
 1791       4.934054187813e-11       1.058360365687e-12      -1.563402885918e-12       7.983788624430e-15       5.812911523391e-16       2.330469267176e-17      -6.346243309572e-20 
 1792       4.921249782793e-11       1.058184395369e-12      -1.534180530716e-12       7.975987849095e-15       5.799826727012e-16       2.388450983958e-17      -3.288736684796e-19 
 1793       4.908298037794e-11       1.058183193085e-12      -1.505278272383e-12       7.968149970579e-15       5.786778362741e-16       2.446796885958e-17      -5.926658577631e-19 
 1794       4.895202062367e-11       1.058354815008e-12      -1.476706472224e-12       7.960275183437e-15       5.773766307269e-16       2.505425788112e-17      -8.547956178964e-19 
 1795       4.881964981308e-11       1.058697306676e-12      -1.448475533661e-12       7.952363683288e-15       5.760790436044e-16       2.564256140189e-17      -1.115219394911e-18 
 1796       4.868589934680e-11       1.059208702969e-12      -1.420595902292e-12       7.944415666809e-15       5.747850623269e-16       2.623206026282e-17      -1.373893463692e-18 
 1797       4.855080077834e-11       1.059887028097e-12      -1.393078065943e-12       7.936431331743e-15       5.734946741900e-16       2.682193164298e-17      -1.630773927754e-18 
 1798       4.841438581431e-11       1.060730295584e-12      -1.365932554727e-12       7.928410876895e-15       5.722078663644e-16       2.741134905448e-17      -1.885816719012e-18 
 1799       4.827668631466e-11       1.061736508250e-12      -1.339169941101e-12       7.920354502139e-15       5.709246258953e-16       2.799948233736e-17      -2.138977597557e-18 
 1800       4.813773429285e-11       1.062903658200e-12      -1.312800839923e-12       7.912262408414e-15       5.696449397031e-16       2.858549765453e-17      -2.390212151427e-18 
 1801       4.799756191612e-11       1.064229726801e-12      -1.286835908506e-12       7.904134797729e-15       5.683687945820e-16       2.916855748660e-17      -2.639475796383e-18 
 1802       4.785620150567e-11       1.065712684675e-12      -1.261285846678e-12       7.895971873164e-15       5.670961772009e-16       2.974782062687e-17      -2.886723775680e-18 
 1803       4.771368553690e-11       1.067350491677e-12      -1.236161396836e-12       7.887773838872e-15       5.658270741024e-16       3.032244217616e-17      -3.131911159844e-18 
 1804       4.757004663962e-11       1.069141096879e-12      -1.211473344004e-12       7.879540900077e-15       5.645614717029e-16       3.089157353774e-17      -3.374992846439e-18 
 1805       4.742531759827e-11       1.071082438559e-12      -1.187232515891e-12       7.871273263081e-15       5.632993562925e-16       3.145436241226e-17      -3.615923559850e-18 
 1806       4.727953135212e-11       1.073172444183e-12      -1.163449782942e-12       7.862971135261e-15       5.620407140345e-16       3.200995279258e-17      -3.854657851046e-18 
 1807       4.713272099554e-11       1.075409030385e-12      -1.140136058403e-12       7.854634725072e-15       5.607855309654e-16       3.255748495875e-17      -4.091150097361e-18 
 1808       4.698491977814e-11       1.077790102960e-12      -1.117302298372e-12       7.846264242050e-15       5.595337929947e-16       3.309609547285e-17      -4.325354502265e-18 
 1809       4.683616110506e-11       1.080313556839e-12      -1.094959501854e-12       7.837859896810e-15       5.582854859044e-16       3.362491717394e-17      -4.557225095137e-18 
 1810       4.668647853715e-11       1.082977276080e-12      -1.073118710826e-12       7.829421901052e-15       5.570405953492e-16       3.414307917292e-17      -4.786715731038e-18 
 1811       4.653590620695e-11       1.085778970551e-12      -1.051789311422e-12       7.820950534758e-15       5.557991078923e-16       3.464994688711e-17      -5.013787656188e-18 
 1812       4.638448006980e-11       1.088715684570e-12      -1.030973922411e-12       7.812446348383e-15       5.545610141228e-16       3.514584427480e-17      -5.238432271681e-18 
 1813       4.623223666328e-11       1.091784284264e-12      -1.010673465532e-12       7.803909962302e-15       5.533263055634e-16       3.563133742642e-17      -5.460648553257e-18 
 1814       4.607921269260e-11       1.094981620486e-12      -9.908888606024e-13       7.795341999762e-15       5.520949736357e-16       3.610699505837e-17      -5.680435502346e-18 
 1815       4.592544503081e-11       1.098304528789e-12      -9.716210255141e-13       7.786743086891e-15       5.508670096605e-16       3.657338851662e-17      -5.897792146120e-18 
 1816       4.577097071910e-11       1.101749829412e-12      -9.528708762252e-13       7.778113852694e-15       5.496424048572e-16       3.703109178045e-17      -6.112717537540e-18 
 1817       4.561582696696e-11       1.105314327252e-12      -9.346393267561e-13       7.769454929061e-15       5.484211503441e-16       3.748068146611e-17      -6.325210755407e-18 
 1818       4.546005115245e-11       1.108994811843e-12      -9.169272891836e-13       7.760766950775e-15       5.472032371377e-16       3.792273683051e-17      -6.535270904417e-18 
 1819       4.530368082244e-11       1.112788057336e-12      -8.997356736355e-13       7.752050555509e-15       5.459886561529e-16       3.835783977487e-17      -6.742897115202e-18 
 1820       4.514675369281e-11       1.116690822480e-12      -8.830653882851e-13       7.743306383832e-15       5.447773982028e-16       3.878657484844e-17      -6.948088544388e-18 
 1821       4.498930764873e-11       1.120699850593e-12      -8.669173393457e-13       7.734535079216e-15       5.435694539983e-16       3.920952925214e-17      -7.150844374641e-18 
 1822       4.483138074483e-11       1.124811869547e-12      -8.512924310651e-13       7.725737288036e-15       5.423648141481e-16       3.962729284227e-17      -7.351163814720e-18 
 1823       4.467301120552e-11       1.129023591742e-12      -8.361915657203e-13       7.716913659579e-15       5.411634691585e-16       4.004045813418e-17      -7.549046099523e-18 
 1824       4.451423742512e-11       1.133331714086e-12      -8.216156436117e-13       7.708064846041e-15       5.399654094333e-16       4.044962030594e-17      -7.744490490142e-18 
 1825       4.435509796819e-11       1.137732917976e-12      -8.075655630578e-13       7.699191502537e-15       5.387706252734e-16       4.085537720204e-17      -7.937496273908e-18 
 1826       4.419563156969e-11       1.142223869271e-12      -7.940422203897e-13       7.690294287101e-15       5.375791068767e-16       4.125832933703e-17      -8.128062764446e-18 
 1827       4.403587713527e-11       1.146801218273e-12      -7.810465099457e-13       7.681373860693e-15       5.363908443383e-16       4.165907989926e-17      -8.316189301722e-18 
 1828       4.387587374144e-11       1.151461599705e-12      -7.685793240657e-13       7.672430887202e-15       5.352058276498e-16       4.205823475451e-17      -8.501875252093e-18 
 1829       4.371566063588e-11       1.156201632692e-12      -7.566415530857e-13       7.663466033448e-15       5.340240466992e-16       4.245640244968e-17      -8.685120008361e-18 
 1830       4.355527723761e-11       1.161017920733e-12      -7.452340853323e-13       7.654479969188e-15       5.328454912712e-16       4.285419421648e-17      -8.865922989816e-18 
 1831       4.339476313725e-11       1.165907051686e-12      -7.343578071174e-13       7.645473367121e-15       5.316701510464e-16       4.325222397510e-17      -9.044283642293e-18 
 1832       4.323415809724e-11       1.170865597741e-12      -7.240136027326e-13       7.636446902887e-15       5.304980156016e-16       4.365110833791e-17      -9.220201438220e-18 
 1833       4.307350205210e-11       1.175890115403e-12      -7.142023544437e-13       7.627401255078e-15       5.293290744093e-16       4.405146661310e-17      -9.393675876664e-18 
 1834       4.291283510864e-11       1.180977145467e-12      -7.049249424852e-13       7.618337105237e-15       5.281633168377e-16       4.445392080841e-17      -9.564706483389e-18 
 1835       4.275219754619e-11       1.186123212995e-12      -6.961822450548e-13       7.609255137861e-15       5.270007321506e-16       4.485909563475e-17      -9.733292810898e-18 
 1836       4.259162981684e-11       1.191324827299e-12      -6.879751383081e-13       7.600156040412e-15       5.258413095070e-16       4.526761850994e-17      -9.899434438490e-18 
 1837       4.243117254570e-11       1.196578481916e-12      -6.803044963530e-13       7.591040503312e-15       5.246850379610e-16       4.568011956235e-17      -1.006313097230e-17 
 1838       4.227086653109e-11       1.201880654588e-12      -6.731711912439e-13       7.581909219954e-15       5.235319064618e-16       4.609723163459e-17      -1.022438204537e-17 
 1839       4.211075274478e-11       1.207227807238e-12      -6.665760929770e-13       7.572762886700e-15       5.223819038533e-16       4.651959028720e-17      -1.038318731767e-17 
 1840       4.195087233226e-11       1.212616385949e-12      -6.605200694838e-13       7.563602202891e-15       5.212350188740e-16       4.694783380230e-17      -1.053954647618e-17 
 1841       4.179126661293e-11       1.218042820945e-12      -6.550039866267e-13       7.554427870847e-15       5.200912401570e-16       4.738260318732e-17      -1.069345923489e-17 
 1842       4.163197708036e-11       1.223503526567e-12      -6.500287081925e-13       7.545240595873e-15       5.189505562293e-16       4.782454217861e-17      -1.084492533493e-17 
 1843       4.147304540252e-11       1.228994901249e-12      -6.455950958877e-13       7.536041086259e-15       5.178129555124e-16       4.827429724520e-17      -1.099394454454e-17 
 1844       4.131451342199e-11       1.234513327502e-12      -6.417040093325e-13       7.526830053290e-15       5.166784263215e-16       4.873251759241e-17      -1.114051665916e-17 
 1845       4.115642315622e-11       1.240055171886e-12      -6.383563060556e-13       7.517608211246e-15       5.155469568655e-16       4.919985516557e-17      -1.128464150148e-17 
 1846       4.099881679777e-11       1.245616784995e-12      -6.355528414888e-13       7.508376277406e-15       5.144185352470e-16       4.967696465368e-17      -1.142631892148e-17 
 1847       4.084173671450e-11       1.251194501428e-12      -6.332944689610e-13       7.499134972054e-15       5.132931494620e-16       5.016450349310e-17      -1.156554879650e-17 
 1848       4.068522544985e-11       1.256784639772e-12      -6.315820396934e-13       7.489885018481e-15       5.121707873994e-16       5.066313187124e-17      -1.170233103124e-17 
 1849       4.052932572305e-11       1.262383502582e-12      -6.304164027935e-13       7.480627142989e-15       5.110514368416e-16       5.117351273020e-17      -1.183666555787e-17 
 1850       4.037408042935e-11       1.267987376353e-12      -6.297984052499e-13       7.471362074897e-15       5.099350854636e-16       5.169631177049e-17      -1.196855233604e-17 
 1851       4.021952908110e-11       1.273592734414e-12      -6.297276680737e-13       7.462090529959e-15       5.088217217066e-16       5.223199641956e-17      -1.209799983779e-17 
 1852       4.006569709980e-11       1.279196847385e-12      -6.301989041551e-13       7.452813160465e-15       5.077113374061e-16       5.278023099236e-17      -1.222505057537e-17 
 1853       3.991260643981e-11       1.284797177505e-12      -6.312055712844e-13       7.443530604753e-15       5.066039251842e-16       5.334047675616e-17      -1.234975577534e-17 
 1854       3.976027914002e-11       1.290391176137e-12      -6.327410933141e-13       7.434243503762e-15       5.054994775779e-16       5.391219252829e-17      -1.247216691238e-17 
 1855       3.960873732389e-11       1.295976283761e-12      -6.347988601106e-13       7.424952501037e-15       5.043979870389e-16       5.449483467271e-17      -1.259233570967e-17 
 1856       3.945800319962e-11       1.301549929955e-12      -6.373722275062e-13       7.415658242727e-15       5.032994459335e-16       5.508785709675e-17      -1.271031413923e-17 
 1857       3.930809906018e-11       1.307109533382e-12      -6.404545172499e-13       7.406361377593e-15       5.022038465423e-16       5.569071124767e-17      -1.282615442223e-17 
 1858       3.915904728352e-11       1.312652501776e-12      -6.440390169601e-13       7.397062557011e-15       5.011111810605e-16       5.630284610934e-17      -1.293990902941e-17 
 1859       3.901087033257e-11       1.318176231924e-12      -6.481189800756e-13       7.387762434974e-15       5.000214415969e-16       5.692370819886e-17      -1.305163068133e-17 
 1860       3.886359075543e-11       1.323678109655e-12      -6.526876258074e-13       7.378461668096e-15       4.989346201749e-16       5.755274156323e-17      -1.316137234883e-17 
 1861       3.871723118545e-11       1.329155509826e-12      -6.577381390907e-13       7.369160915613e-15       4.978507087312e-16       5.818938777598e-17      -1.326918725327e-17 
 1862       3.857181434134e-11       1.334605796304e-12      -6.632636705361e-13       7.359860839393e-15       4.967696991166e-16       5.883308593380e-17      -1.337512886695e-17 
 1863       3.842736302726e-11       1.340026321952e-12      -6.692573363817e-13       7.350562103931e-15       4.956915830953e-16       5.948327265321e-17      -1.347925091342e-17 
 1864       3.828390013296e-11       1.345414428617e-12      -6.757122184444e-13       7.341265376358e-15       4.946163523450e-16       6.013938206716e-17      -1.358160736786e-17 
 1865       3.814144863387e-11       1.350767447114e-12      -6.826213640720e-13       7.331971326443e-15       4.935439984564e-16       6.080084582171e-17      -1.368225245739e-17 
 1866       3.800003159123e-11       1.356082697210e-12      -6.899777860942e-13       7.322680626597e-15       4.924745129337e-16       6.146709307267e-17      -1.378124066143e-17 
 1867       3.785967215216e-11       1.361357487611e-12      -6.977744627753e-13       7.313393951873e-15       4.914078871938e-16       6.213755048221e-17      -1.387862671206e-17 
 1868       3.772039354979e-11       1.366589115947e-12      -7.060043377649e-13       7.304111979973e-15       4.903441125666e-16       6.281164221555e-17      -1.397446559435e-17 
 1869       3.758221910338e-11       1.371774868759e-12      -7.146603200499e-13       7.294835391252e-15       4.892831802947e-16       6.348878993755e-17      -1.406881254674e-17 
 1870       3.744517221843e-11       1.376912021479e-12      -7.237352839065e-13       7.285564868717e-15       4.882250815330e-16       6.416841280940e-17      -1.416172306132e-17 
 1871       3.730927638675e-11       1.381997838423e-12      -7.332220688516e-13       7.276301098034e-15       4.871698073492e-16       6.484992748521e-17      -1.425325288426e-17 
 1872       3.717455518661e-11       1.387029572771e-12      -7.431134795942e-13       7.267044767532e-15       4.861173487229e-16       6.553274810873e-17      -1.434345801610e-17 
 1873       3.704103228283e-11       1.392004466553e-12      -7.534022859876e-13       7.257796568202e-15       4.850676965460e-16       6.621628630990e-17      -1.443239471210e-17 
 1874       3.690873142690e-11       1.396919750638e-12      -7.640812229809e-13       7.248557193705e-15       4.840208416223e-16       6.689995120157e-17      -1.452011948262e-17 
 1875       3.677767645707e-11       1.401772644713e-12      -7.751429905705e-13       7.239327340373e-15       4.829767746676e-16       6.758314937608e-17      -1.460668909344e-17 
 1876       3.664789129847e-11       1.406560357275e-12      -7.865802537518e-13       7.230107707214e-15       4.819354863091e-16       6.826528490195e-17      -1.469216056612e-17 
 1877       3.651939996322e-11       1.411280085613e-12      -7.983856424711e-13       7.220898995912e-15       4.808969670857e-16       6.894575932052e-17      -1.477659117833e-17 
 1878       3.639222655055e-11       1.415929015793e-12      -8.105517515772e-13       7.211701910835e-15       4.798612074477e-16       6.962397164253e-17      -1.486003846423e-17 
 1879       3.626639524689e-11       1.420504322646e-12      -8.230711407729e-13       7.202517159034e-15       4.788281977566e-16       7.029931834486e-17      -1.494256021478e-17 
 1880       3.614193032596e-11       1.425003169749e-12      -8.359363345668e-13       7.193345450251e-15       4.777979282850e-16       7.097119336708e-17      -1.502421447811e-17 
 1881       3.601885614893e-11       1.429422709416e-12      -8.491398222250e-13       7.184187496916e-15       4.767703892166e-16       7.163898810815e-17      -1.510505955985e-17 
 1882       3.589719716450e-11       1.433760082678e-12      -8.626740577228e-13       7.175044014159e-15       4.757455706456e-16       7.230209142306e-17      -1.518515402351e-17 
 1883       3.577697790900e-11       1.438012419273e-12      -8.765314596963e-13       7.165915719804e-15       4.747234625772e-16       7.295988961942e-17      -1.526455669077e-17 
 1884       3.565822300652e-11       1.442176837628e-12      -8.907044113939e-13       7.156803334380e-15       4.737040549270e-16       7.361176645418e-17      -1.534332664190e-17 
 1885       3.554095716898e-11       1.446250444847e-12      -9.051852606285e-13       7.147707581120e-15       4.726873375210e-16       7.425710313021e-17      -1.542152321605e-17 
 1886       3.542520519630e-11       1.450230336692e-12      -9.199663197287e-13       7.138629185966e-15       4.716733000953e-16       7.489527829296e-17      -1.549920601162e-17 
 1887       3.531099197646e-11       1.454113597575e-12      -9.350398654906e-13       7.129568877573e-15       4.706619322962e-16       7.552566802712e-17      -1.557643488659e-17 
 1888       3.519834248561e-11       1.457897300537e-12      -9.503981391294e-13       7.120527387309e-15       4.696532236801e-16       7.614764585325e-17      -1.565326995890e-17 
 1889       3.508728178822e-11       1.461578507239e-12      -9.660333462315e-13       7.111505449262e-15       4.686471637130e-16       7.676058272440e-17      -1.572977160677e-17 
 1890       3.497783503715e-11       1.465154267943e-12      -9.819376567054e-13       7.102503800245e-15       4.676437417706e-16       7.736384702279e-17      -1.580600046906e-17 
 1891       3.487002281513e-11       1.468622010305e-12      -9.981030449931e-13       7.093523104986e-15       4.666429478821e-16       7.795696325301e-17      -1.588199354500e-17 
 1892       3.476384711968e-11       1.471980709074e-12      -1.014520809445e-12       7.084563731088e-15       4.656447749688e-16       7.854008947115e-17      -1.595769229057e-17 
 1893       3.465930526992e-11       1.475229725415e-12      -1.031182049130e-12       7.075625972339e-15       4.646492166221e-16       7.911354354394e-17      -1.603301396635e-17 
 1894       3.455639455536e-11       1.478368418925e-12      -1.048077823182e-12       7.066710123357e-15       4.636562663619e-16       7.967764478951e-17      -1.610787548713e-17 
 1895       3.445511223583e-11       1.481396147634e-12      -1.065199150749e-12       7.057816479599e-15       4.626659176356e-16       8.023271397942e-17      -1.618219342148e-17 
 1896       3.435545554142e-11       1.484312267996e-12      -1.082537010939e-12       7.048945337354e-15       4.616781638187e-16       8.077907334056e-17      -1.625588399129e-17 
 1897       3.425742167243e-11       1.487116134895e-12      -1.100082342767e-12       7.040096993747e-15       4.606929982140e-16       8.131704655717e-17      -1.632886307128e-17 
 1898       3.416100779937e-11       1.489807101641e-12      -1.117826045098e-12       7.031271746742e-15       4.597104140521e-16       8.184695877278e-17      -1.640104618860e-17 
 1899       3.406621106284e-11       1.492384519965e-12      -1.135758976595e-12       7.022469895138e-15       4.587304044909e-16       8.236913659216e-17      -1.647234852235e-17 
 1900       3.397302857354e-11       1.494847740022e-12      -1.153871955670e-12       7.013691738574e-15       4.577529626155e-16       8.288390808332e-17      -1.654268490312e-17 
 1901       3.388145741219e-11       1.497196110389e-12      -1.172155760423e-12       7.004937577529e-15       4.567780814384e-16       8.339160277945e-17      -1.661196981253e-17 
 1902       3.379149462951e-11       1.499428978059e-12      -1.190601128591e-12       6.996207713322e-15       4.558057538988e-16       8.389255168089e-17      -1.668011738280e-17 
 1903       3.370313724613e-11       1.501545688446e-12      -1.209198757496e-12       6.987502448112e-15       4.548359728633e-16       8.438708725709e-17      -1.674704139628e-17 
 1904       3.361638225259e-11       1.503545585377e-12      -1.227939303992e-12       6.978822084901e-15       4.538687311249e-16       8.487554344860e-17      -1.681265528501e-17 
 1905       3.353122660927e-11       1.505428011097e-12      -1.246813384406e-12       6.970166927535e-15       4.529040214033e-16       8.535825566899e-17      -1.687687213021e-17 
 1906       3.344766724634e-11       1.507192306259e-12      -1.265811574489e-12       6.961537280701e-15       4.519418363452e-16       8.583556080688e-17      -1.693960466193e-17 
 1907       3.336570106370e-11       1.508837809933e-12      -1.284924409363e-12       6.952933449935e-15       4.509821685232e-16       8.630779722783e-17      -1.700076525847e-17 
 1908       3.328532493097e-11       1.510363859593e-12      -1.304142383463e-12       6.944355741613e-15       4.500250104365e-16       8.677530477635e-17      -1.706026594605e-17 
 1909       3.320653568742e-11       1.511769791127e-12      -1.323455950487e-12       6.935804462962e-15       4.490703545107e-16       8.723842477788e-17      -1.711801839825e-17 
 1910       3.312933014190e-11       1.513054938824e-12      -1.342855523341e-12       6.927279922055e-15       4.481181930970e-16       8.769750004069e-17      -1.717393393562e-17 
 1911       3.305370507284e-11       1.514218635383e-12      -1.362331474085e-12       6.918782427811e-15       4.471685184731e-16       8.815287485793e-17      -1.722792352521e-17 
 1912       3.297965722817e-11       1.515260211903e-12      -1.381874133879e-12       6.910312290002e-15       4.462213228422e-16       8.860489500952e-17      -1.727989778009e-17 
 1913       3.290718332527e-11       1.516178997887e-12      -1.401473792932e-12       6.901869819247e-15       4.452765983333e-16       8.905390776416e-17      -1.732976695894e-17 
 1914       3.283628005095e-11       1.516974321237e-12      -1.421120700445e-12       6.893455327015e-15       4.443343370012e-16       8.950026188129e-17      -1.737744096556e-17 
 1915       3.276694406136e-11       1.517645508255e-12      -1.440805064558e-12       6.885069125630e-15       4.433945308259e-16       8.994430761301e-17      -1.742282934843e-17 
 1916       3.269917198200e-11       1.518191883639e-12      -1.460517052299e-12       6.876711528266e-15       4.424571717131e-16       9.038639670613e-17      -1.746584130026e-17 
 1917       3.263296040761e-11       1.518612770483e-12      -1.480246789526e-12       6.868382848950e-15       4.415222514934e-16       9.082688240405e-17      -1.750638565752e-17 
 1918       3.256830590217e-11       1.518907490277e-12      -1.499984360878e-12       6.860083402566e-15       4.405897619228e-16       9.126611944879e-17      -1.754437090000e-17 
 1919       3.250520499882e-11       1.519075362901e-12      -1.519719809716e-12       6.851813504850e-15       4.396596946822e-16       9.170446408289e-17      -1.757970515034e-17 
 1920       3.244365419984e-11       1.519115706627e-12      -1.539443138075e-12       6.843573472395e-15       4.387320413775e-16       9.214227405145e-17      -1.761229617360e-17 
 1921       3.238364997657e-11       1.519027838116e-12      -1.559144306606e-12       6.835363622652e-15       4.378067935393e-16       9.257990860403e-17      -1.764205137678e-17 
 1922       3.232518876942e-11       1.518811072418e-12      -1.578813234525e-12       6.827184273929e-15       4.368839426229e-16       9.301772849665e-17      -1.766887780838e-17 
 1923       3.226826698774e-11       1.518464722968e-12      -1.598439799557e-12       6.819035745392e-15       4.359634800081e-16       9.345609599375e-17      -1.769268215794e-17 
 1924       3.221288100984e-11       1.517988101585e-12      -1.618013837883e-12       6.810918357066e-15       4.350453969990e-16       9.389537487014e-17      -1.771337075559e-17 
 1925       3.215902718291e-11       1.517380518475e-12      -1.637525144090e-12       6.802832429839e-15       4.341296848243e-16       9.433593041299e-17      -1.773084957159e-17 
 1926       3.210670182298e-11       1.516641282220e-12      -1.656963471111e-12       6.794778285457e-15       4.332163346366e-16       9.477812942378e-17      -1.774502421588e-17 
 1927       3.205590121489e-11       1.515769699787e-12      -1.676318530175e-12       6.786756246530e-15       4.323053375127e-16       9.522234022025e-17      -1.775579993762e-17 
 1928       3.200662161220e-11       1.514765076518e-12      -1.695579990754e-12       6.778766636530e-15       4.313966844533e-16       9.566893263840e-17      -1.776308162475e-17 
 1929       3.195885923719e-11       1.513626716134e-12      -1.714737480507e-12       6.770809779793e-15       4.304903663830e-16       9.611827803442e-17      -1.776677380351e-17 
 1930       3.191261028077e-11       1.512353920730e-12      -1.733780585228e-12       6.762886001520e-15       4.295863741500e-16       9.657074928669e-17      -1.776678063801e-17 
 1931       3.186786802581e-11       1.510946315214e-12      -1.752699638611e-12       6.754995550101e-15       4.286846991593e-16       9.702657075406e-17      -1.776303448367e-17 
 1932       3.182461419322e-11       1.509404823303e-12      -1.771488098205e-12       6.747138363443e-15       4.277853352777e-16       9.748536690365e-17      -1.775558178509e-17 
 1933       3.178282753018e-11       1.507730698920e-12      -1.790140187359e-12       6.739314300871e-15       4.268882769427e-16       9.794661026591e-17      -1.774449782833e-17 
 1934       3.174248668069e-11       1.505925202439e-12      -1.808650107011e-12       6.731523220646e-15       4.259935185311e-16       9.840977116485e-17      -1.772985824657e-17 
 1935       3.170357018543e-11       1.503989600689e-12      -1.827012035659e-12       6.723764979959e-15       4.251010543585e-16       9.887431771516e-17      -1.771173902052e-17 
 1936       3.166605648162e-11       1.501925166965e-12      -1.845220129332e-12       6.716039434933e-15       4.242108786791e-16       9.933971581935e-17      -1.769021647898e-17 
 1937       3.162992390288e-11       1.499733181038e-12      -1.863268521565e-12       6.708346440620e-15       4.233229856861e-16       9.980542916492e-17      -1.766536729922e-17 
 1938       3.159515067912e-11       1.497414929162e-12      -1.881151323364e-12       6.700685850999e-15       4.224373695110e-16       1.002709192215e-16      -1.763726850747e-17 
 1939       3.156171493633e-11       1.494971704085e-12      -1.898862623186e-12       6.693057518973e-15       4.215540242242e-16       1.007356452378e-16      -1.760599747942e-17 
 1940       3.152959469652e-11       1.492404805055e-12      -1.916396486904e-12       6.685461296372e-15       4.206729438340e-16       1.011990642392e-16      -1.757163194062e-17 
 1941       3.149876787751e-11       1.489715537832e-12      -1.933746957782e-12       6.677897033946e-15       4.197941222874e-16       1.016606310244e-16      -1.753424996699e-17 
 1942       3.146921229286e-11       1.486905214693e-12      -1.950908056448e-12       6.670364581367e-15       4.189175534694e-16       1.021197981628e-16      -1.749392998528e-17 
 1943       3.144090565165e-11       1.483975154447e-12      -1.967873780860e-12       6.662863787226e-15       4.180432312032e-16       1.025760159916e-16      -1.745075077351e-17 
 1944       3.141382555842e-11       1.480926682437e-12      -1.984638106284e-12       6.655394499031e-15       4.171711492500e-16       1.030287326129e-16      -1.740479146145e-17 
 1945       3.138794951297e-11       1.477761130552e-12      -2.001194985264e-12       6.647956563205e-15       4.163013013087e-16       1.034773938910e-16      -1.735613153109e-17 
 1946       3.136325491024e-11       1.474479837238e-12      -2.017538347590e-12       6.640549825088e-15       4.154336810163e-16       1.039214434493e-16      -1.730485081710e-17 
 1947       3.133971904018e-11       1.471084147503e-12      -2.033662100277e-12       6.633174128929e-15       4.145682819474e-16       1.043603226676e-16      -1.725102950727e-17 
 1948       3.131731908760e-11       1.467575412928e-12      -2.049560127527e-12       6.625829317892e-15       4.137050976140e-16       1.047934706792e-16      -1.719474814301e-17 
 1949       3.129603213203e-11       1.463954991675e-12      -2.065226290712e-12       6.618515234047e-15       4.128441214661e-16       1.052203243680e-16      -1.713608761980e-17 
 1950       3.127583514758e-11       1.460224248497e-12      -2.080654428334e-12       6.611231718374e-15       4.119853468905e-16       1.056403183657e-16      -1.707512918765e-17 
 1951       3.125670500281e-11       1.456384554746e-12      -2.095838356008e-12       6.603978610756e-15       4.111287672117e-16       1.060528850490e-16      -1.701195445156e-17 
 1952       3.123861846056e-11       1.452437288382e-12      -2.110771866424e-12       6.596755749985e-15       4.102743756914e-16       1.064574545364e-16      -1.694664537199e-17 
 1953       3.122155217784e-11       1.448383833981e-12      -2.125448729325e-12       6.589562973751e-15       4.094221655283e-16       1.068534546858e-16      -1.687928426533e-17 
 1954       3.120548270570e-11       1.444225582746e-12      -2.139862691477e-12       6.582400118649e-15       4.085721298580e-16       1.072403110913e-16      -1.680995380436e-17 
 1955       3.119038648905e-11       1.439963932515e-12      -2.154007476641e-12       6.575267020172e-15       4.077242617534e-16       1.076174470807e-16      -1.673873701871e-17 
 1956       3.117623986653e-11       1.435600287768e-12      -2.167876785541e-12       6.568163512711e-15       4.068785542237e-16       1.079842837121e-16      -1.666571729531e-17 
 1957       3.116301907040e-11       1.431136059638e-12      -2.181464295843e-12       6.561089429554e-15       4.060350002153e-16       1.083402397714e-16      -1.659097837889e-17 
 1958       3.115070022637e-11       1.426572665921e-12      -2.194763662119e-12       6.554044602881e-15       4.051935926110e-16       1.086847317697e-16      -1.651460437243e-17 
 1959       3.113925935348e-11       1.421911531079e-12      -2.207768515826e-12       6.547028863769e-15       4.043543242299e-16       1.090171739396e-16      -1.643667973758e-17 
 1960       3.112867236394e-11       1.417154086258e-12      -2.220472465271e-12       6.540042042184e-15       4.035171878279e-16       1.093369782334e-16      -1.635728929520e-17 
 1961       3.111891506300e-11       1.412301769288e-12      -2.232869095588e-12       6.533083966982e-15       4.026821760971e-16       1.096435543192e-16      -1.627651822578e-17 
 1962       3.110996314881e-11       1.407356024697e-12      -2.244951968705e-12       6.526154465908e-15       4.018492816656e-16       1.099363095789e-16      -1.619445206988e-17 
 1963       3.110179221228e-11       1.402318303720e-12      -2.256714623321e-12       6.519253365592e-15       4.010184970979e-16       1.102146491047e-16      -1.611117672866e-17 
 1964       3.109437773693e-11       1.397190064304e-12      -2.268150574874e-12       6.512380491551e-15       4.001898148945e-16       1.104779756969e-16      -1.602677846428e-17 
 1965       3.108769509878e-11       1.391972771121e-12      -2.279253315512e-12       6.505535668184e-15       3.993632274915e-16       1.107256898602e-16      -1.594134390041e-17 
 1966       3.108171956617e-11       1.386667895575e-12      -2.290016314069e-12       6.498718718772e-15       3.985387272613e-16       1.109571898016e-16      -1.585496002267e-17 
 1967       3.107642629965e-11       1.381276915810e-12      -2.300433016033e-12       6.491929465475e-15       3.977163065116e-16       1.111718714270e-16      -1.576771417909e-17 
 1968       3.107179035180e-11       1.375801316723e-12      -2.310496843519e-12       6.485167729333e-15       3.968959574860e-16       1.113691283389e-16      -1.567969408059e-17 
 1969       3.106778666717e-11       1.370242589965e-12      -2.320201195240e-12       6.478433330261e-15       3.960776723635e-16       1.115483518329e-16      -1.559098780144e-17 
 1970       3.106439008203e-11       1.364602233959e-12      -2.329539446480e-12       6.471726087052e-15       3.952614432586e-16       1.117089308952e-16      -1.550168377972e-17 
 1971       3.106157550501e-11       1.358881849194e-12      -2.338506064114e-12       6.465045781092e-15       3.944472627573e-16       1.118504450027e-16      -1.541184902007e-17 
 1972       3.105931846034e-11       1.353083424881e-12      -2.347099960778e-12       6.458392047240e-15       3.936351255298e-16       1.119732440944e-16      -1.532146352406e-17 
 1973       3.105759454834e-11       1.347209054446e-12      -2.355321165550e-12       6.451764482135e-15       3.928250267298e-16       1.120778729005e-16      -1.523048537386e-17 
 1974       3.105637926495e-11       1.341260840444e-12      -2.363169711169e-12       6.445162680402e-15       3.920169614591e-16       1.121648785346e-16      -1.513887248550e-17 
 1975       3.105564800159e-11       1.335240894568e-12      -2.370645634040e-12       6.438586234647e-15       3.912109247672e-16       1.122348104956e-16      -1.504658260871e-17 
 1976       3.105537604506e-11       1.329151337663e-12      -2.377748974239e-12       6.432034735452e-15       3.904069116521e-16       1.122882206717e-16      -1.495357332664e-17 
 1977       3.105553857734e-11       1.322994299737e-12      -2.384479775523e-12       6.425507771375e-15       3.896049170591e-16       1.123256633432e-16      -1.485980205576e-17 
 1978       3.105611067554e-11       1.316771919974e-12      -2.390838085335e-12       6.419004928949e-15       3.888049358817e-16       1.123476951854e-16      -1.476522604552e-17 
 1979       3.105706731170e-11       1.310486346745e-12      -2.396823954804e-12       6.412525792673e-15       3.880069629609e-16       1.123548752718e-16      -1.466980237825e-17 
 1980       3.105838335268e-11       1.304139737619e-12      -2.402437438763e-12       6.406069945016e-15       3.872109930854e-16       1.123477650774e-16      -1.457348796889e-17 
 1981       3.106003356003e-11       1.297734259376e-12      -2.407678595742e-12       6.399636966410e-15       3.864170209913e-16       1.123269284816e-16      -1.447623956481e-17 
 1982       3.106199258983e-11       1.291272088019e-12      -2.412547487985e-12       6.393226435249e-15       3.856250413623e-16       1.122929317713e-16      -1.437801374558e-17 
 1983       3.106423499259e-11       1.284755408784e-12      -2.417044181449e-12       6.386837927886e-15       3.848350488294e-16       1.122463436439e-16      -1.427876692277e-17 
 1984       3.106673521310e-11       1.278186416154e-12      -2.421168745815e-12       6.380471018629e-15       3.840470379709e-16       1.121877352106e-16      -1.417845533976e-17 
 1985       3.106946759029e-11       1.271567313870e-12      -2.424921254490e-12       6.374125279741e-15       3.832610033123e-16       1.121176799994e-16      -1.407703507148e-17 
 1986       3.107240635709e-11       1.264900314941e-12      -2.428301784616e-12       6.367800281435e-15       3.824769393262e-16       1.120367539582e-16      -1.397446202426e-17 
 1987       3.107552564033e-11       1.258187641659e-12      -2.431310417075e-12       6.361495591871e-15       3.816948404323e-16       1.119455354578e-16      -1.387069193558e-17 
 1988       3.107879946056e-11       1.251431525610e-12      -2.433947236496e-12       6.355210777155e-15       3.809147009972e-16       1.118446052952e-16      -1.376568037390e-17 
 1989       3.108220173194e-11       1.244634207684e-12      -2.436212331260e-12       6.348945401335e-15       3.801365153344e-16       1.117345466963e-16      -1.365938273840e-17 
 1990       3.108570626211e-11       1.237797938086e-12      -2.438105793507e-12       6.342699026399e-15       3.793602777042e-16       1.116159453195e-16      -1.355175425880e-17 
 1991       3.108928675205e-11       1.230924976354e-12      -2.439627719141e-12       6.336471212271e-15       3.785859823136e-16       1.114893892584e-16      -1.344274999517e-17 
 1992       3.109291679591e-11       1.224017591363e-12      -2.440778207838e-12       6.330261516810e-15       3.778136233161e-16       1.113554690452e-16      -1.333232483768e-17 
 1993       3.109656988095e-11       1.217078061341e-12      -2.441557363052e-12       6.324069495805e-15       3.770431948119e-16       1.112147776534e-16      -1.322043350641e-17 
 1994       3.110021938735e-11       1.210108673882e-12      -2.441965292017e-12       6.317894702976e-15       3.762746908477e-16       1.110679105013e-16      -1.310703055114e-17 
 1995       3.110383858807e-11       1.203111725954e-12      -2.442002105759e-12       6.311736689966e-15       3.755081054165e-16       1.109154654548e-16      -1.299207035117e-17 
 1996       3.110740064876e-11       1.196089523914e-12      -2.441667919101e-12       6.305595006343e-15       3.747434324574e-16       1.107580428306e-16      -1.287550711505e-17 
 1997       3.111087862759e-11       1.189044383517e-12      -2.440962850664e-12       6.299469199596e-15       3.739806658562e-16       1.105962453993e-16      -1.275729488042e-17 
 1998       3.111424547512e-11       1.181978629932e-12      -2.439887022879e-12       6.293358815129e-15       3.732197994443e-16       1.104306783886e-16      -1.263738751378e-17 
 1999       3.111747403417e-11       1.174894597747e-12      -2.438440561991e-12       6.287263396262e-15       3.724608269995e-16       1.102619494860e-16      -1.251573871029e-17 
 2000       3.112053703970e-11       1.167794630990e-12      -2.436623598066e-12       6.281182484229e-15       3.717037422454e-16       1.100906688424e-16      -1.239230199356e-17 
 2001       3.112340711865e-11       1.160681083133e-12      -2.434436264994e-12       6.275115618170e-15       3.709485388516e-16       1.099174490749e-16      -1.226703071542e-17 
 2002       3.112605678982e-11       1.153556317107e-12      -2.431878700499e-12       6.269062335134e-15       3.701952104333e-16       1.097429052699e-16      -1.213987805576e-17 
 2003       3.112845846373e-11       1.146422705313e-12      -2.428951046144e-12       6.263022170074e-15       3.694437505517e-16       1.095676549862e-16      -1.201079702227e-17 
 2004       3.113058444248e-11       1.139282629635e-12      -2.425653447336e-12       6.256994655842e-15       3.686941527134e-16       1.093923182582e-16      -1.187974045024e-17 
 2005       3.113240691965e-11       1.132138481451e-12      -2.421986053333e-12       6.250979323190e-15       3.679464103706e-16       1.092175175990e-16      -1.174666100240e-17 
 2006       3.113389798010e-11       1.124992661645e-12      -2.417949017251e-12       6.244975700766e-15       3.672005169212e-16       1.090438780032e-16      -1.161151116863e-17 
 2007       3.113502959992e-11       1.117847580619e-12      -2.413542496067e-12       6.238983315109e-15       3.664564657081e-16       1.088720269504e-16      -1.147424326582e-17 
 2008       3.113577364620e-11       1.110705658303e-12      -2.408766650630e-12       6.233001690650e-15       3.657142500198e-16       1.087025944078e-16      -1.133480943762e-17 
 2009       3.113610187699e-11       1.103569324170e-12      -2.403621645663e-12       6.227030349706e-15       3.649738630898e-16       1.085362128341e-16      -1.119316165427e-17 
 2010       3.113598594108e-11       1.096441017245e-12      -2.398107649771e-12       6.221068812479e-15       3.642352980971e-16       1.083735171814e-16      -1.104925171235e-17 
 2011       3.113539995787e-11       1.089323044581e-12      -2.392225595657e-12       6.215116612916e-15       3.634985486727e-16       1.082149795999e-16      -1.090305647084e-17 
 2012       3.113432827745e-11       1.082217155534e-12      -2.385979466806e-12       6.209173346417e-15       3.627636104266e-16       1.080604122252e-16      -1.075465376053e-17 
 2013       3.113275777673e-11       1.075124964412e-12      -2.379374027457e-12       6.203238622470e-15       3.620304794321e-16       1.079094607779e-16      -1.060414702670e-17 
 2014       3.113067528453e-11       1.068048091738e-12      -2.372414063932e-12       6.197312048814e-15       3.612991517195e-16       1.077617695326e-16      -1.045164014355e-17 
 2015       3.112806758154e-11       1.060988164261e-12      -2.365104384663e-12       6.191393231439e-15       3.605696232758e-16       1.076169813162e-16      -1.029723741476e-17 
 2016       3.112492140027e-11       1.053946814959e-12      -2.357449820226e-12       6.185481774585e-15       3.598418900449e-16       1.074747375060e-16      -1.014104357400e-17 
 2017       3.112122342497e-11       1.046925683052e-12      -2.349455223363e-12       6.179577280736e-15       3.591159479276e-16       1.073346780279e-16      -9.983163785476e-18 
 2018       3.111696029161e-11       1.039926414004e-12      -2.341125469015e-12       6.173679350620e-15       3.583917927812e-16       1.071964413549e-16      -9.823703644504e-18 
 2019       3.111211858778e-11       1.032950659534e-12      -2.332465454350e-12       6.167787583207e-15       3.576694204196e-16       1.070596645048e-16      -9.662769178003e-18 
 2020       3.110668485265e-11       1.026000077623e-12      -2.323480098790e-12       6.161901575707e-15       3.569488266133e-16       1.069239830385e-16      -9.500466845061e-18 
 2021       3.110064557692e-11       1.019076332522e-12      -2.314174344043e-12       6.156020923565e-15       3.562300070892e-16       1.067890310586e-16      -9.336903537468e-18 
 2022       3.109398720276e-11       1.012181094760e-12      -2.304553154127e-12       6.150145220463e-15       3.555129575307e-16       1.066544412071e-16      -9.172186580255e-18 
 2023       3.108669612373e-11       1.005316041147e-12      -2.294621515403e-12       6.144274058313e-15       3.547976735775e-16       1.065198446639e-16      -9.006423732232e-18 
 2024       3.107875868474e-11       9.984828547892e-13      -2.284384436602e-12       6.138407027259e-15       3.540841508256e-16       1.063848711447e-16      -8.839723186531e-18 
 2025       3.107016118200e-11       9.916832250910e-13      -2.273846948853e-12       6.132543715671e-15       3.533723848270e-16       1.062491488995e-16      -8.672193571144e-18 
 2026       3.106088986296e-11       9.849188477646e-13      -2.263014105714e-12       6.126683710146e-15       3.526623710902e-16       1.061123047107e-16      -8.503943949460e-18 
 2027       3.105093092621e-11       9.781914248374e-13      -2.251890983196e-12       6.120826595505e-15       3.519541050793e-16       1.059739638910e-16      -8.335083820808e-18 
 2028       3.104027052149e-11       9.715026646597e-13      -2.240482679798e-12       6.114971954787e-15       3.512475822149e-16       1.058337502820e-16      -8.165723120994e-18 
 2029       3.102889474958e-11       9.648542819120e-13      -2.228794316531e-12       6.109119369251e-15       3.505427978731e-16       1.056912862523e-16      -7.995972222842e-18 
 2030       3.101678966227e-11       9.582479976129e-13      -2.216831036949e-12       6.103268418375e-15       3.498397473861e-16       1.055461926953e-16      -7.825941936732e-18 
 2031       3.100394126228e-11       9.516855391266e-13      -2.204598007175e-12       6.097418679848e-15       3.491384260419e-16       1.053980890280e-16      -7.655743511140e-18 
 2032       3.099033550322e-11       9.451686401707e-13      -2.192100415933e-12       6.091569729571e-15       3.484388290840e-16       1.052465931887e-16      -7.485488633178e-18 
 2033       3.097595828952e-11       9.386990408235e-13      -2.179343474576e-12       6.085721141656e-15       3.477409517119e-16       1.050913216355e-16      -7.315289429134e-18 
 2034       3.096079547639e-11       9.322784875316e-13      -2.166332417113e-12       6.079872488422e-15       3.470447890805e-16       1.049318893443e-16      -7.145258465007e-18 
 2035       3.094483286975e-11       9.259087331181e-13      -2.153072500238e-12       6.074023340392e-15       3.463503363001e-16       1.047679098068e-16      -6.975508747054e-18 
 2036       3.092805622614e-11       9.195915367894e-13      -2.139569003361e-12       6.068173266294e-15       3.456575884367e-16       1.045989950295e-16      -6.806153722321e-18 
 2037       3.091045125273e-11       9.133286641435e-13      -2.125827228634e-12       6.062321833053e-15       3.449665405116e-16       1.044247555307e-16      -6.637307279191e-18 
 2038       3.089200360721e-11       9.071218871771e-13      -2.111852500981e-12       6.056468605795e-15       3.442771875014e-16       1.042448003398e-16      -6.469083747915e-18 
 2039       3.087269889774e-11       9.009729842935e-13      -2.097650168125e-12       6.050613147841e-15       3.435895243379e-16       1.040587369947e-16      -6.301597901157e-18 
 2040       3.085252268292e-11       8.948837403102e-13      -2.083225600622e-12       6.044755020705e-15       3.429035459083e-16       1.038661715404e-16      -6.134964954534e-18 
 2041       3.083146047169e-11       8.888559464664e-13      -2.068584191881e-12       6.038893784094e-15       3.422192470547e-16       1.036667085271e-16      -5.969300567149e-18 
 2042       3.080949772330e-11       8.828914004308e-13      -2.053731358201e-12       6.033028995902e-15       3.415366225742e-16       1.034599510083e-16      -5.804720842138e-18 
 2043       3.078661984726e-11       8.769919063089e-13      -2.038672538795e-12       6.027160212211e-15       3.408556672192e-16       1.032455005392e-16      -5.641342327205e-18 
 2044       3.076281220323e-11       8.711592746510e-13      -2.023413195820e-12       6.021286987288e-15       3.401763756968e-16       1.030229571745e-16      -5.479282015164e-18 
 2045       3.073806010104e-11       8.653953224595e-13      -2.007958814405e-12       6.015408873581e-15       3.394987426689e-16       1.027919194671e-16      -5.318657344473e-18 
 2046       3.071234880057e-11       8.597018731965e-13      -1.992314902683e-12       6.009525421719e-15       3.388227627523e-16       1.025519844659e-16      -5.159586199782e-18 
 2047       3.068566351170e-11       8.540807567919e-13      -1.976486991812e-12       6.003636180507e-15       3.381484305185e-16       1.023027477141e-16      -5.002186912465e-18 
 2048       3.065798939430e-11       8.485338096504e-13      -1.960480636014e-12       5.997740696928e-15       3.374757404936e-16       1.020438032473e-16      -4.846578261164e-18 
 2049       3.062931155810e-11       8.430628746593e-13      -1.944301412595e-12       5.991838516135e-15       3.368046871584e-16       1.017747435921e-16      -4.692879472324e-18 
 2050       3.059961506269e-11       8.376698011964e-13      -1.927954921978e-12       5.985929181454e-15       3.361352649479e-16       1.014951597636e-16      -4.541210220738e-18 
 2051       3.056888797340e-11       8.323561898874e-13      -1.911446840002e-12       5.980012284119e-15       3.354674685656e-16       1.012047491785e-16      -4.391662878693e-18 
 2052       3.053713055298e-11       8.271226248728e-13      -1.894783075171e-12       5.974087612873e-15       3.348012939253e-16       1.009036402369e-16      -4.244219045858e-18 
 2053       3.050434613540e-11       8.219694360769e-13      -1.877969612584e-12       5.968155005430e-15       3.341367372158e-16       1.005920700534e-16      -4.098832424770e-18 
 2054       3.047053807588e-11       8.168969539613e-13      -1.861012461796e-12       5.962214298833e-15       3.334737945874e-16       1.002702767538e-16      -3.955456517890e-18 
 2055       3.043570975092e-11       8.119055095244e-13      -1.843917656848e-12       5.956265329451e-15       3.328124621518e-16       9.993849947669e-17      -3.814044627349e-18 
 2056       3.039986455832e-11       8.069954343025e-13      -1.826691256300e-12       5.950307932978e-15       3.321527359824e-16       9.959697837470e-17      -3.674549854700e-18 
 2057       3.036300591723e-11       8.021670603696e-13      -1.809339343255e-12       5.944341944435e-15       3.314946121137e-16       9.924595461576e-17      -3.536925100662e-18 
 2058       3.032513726814e-11       7.974207203380e-13      -1.791868025397e-12       5.938367198167e-15       3.308380865419e-16       9.888567038430e-17      -3.401123064869e-18 
 2059       3.028626207296e-11       7.927567473584e-13      -1.774283435015e-12       5.932383527841e-15       3.301831552242e-16       9.851636888259e-17      -3.267096245621e-18 
 2060       3.024638381500e-11       7.881754751207e-13      -1.756591729034e-12       5.926390766449e-15       3.295298140793e-16       9.813829433196e-17      -3.134796939628e-18 
 2061       3.020550599902e-11       7.836772378538e-13      -1.738799089050e-12       5.920388746302e-15       3.288780589869e-16       9.775169197409e-17      -3.004177241763e-18 
 2062       3.016363215129e-11       7.792623703262e-13      -1.720911721355e-12       5.914377299033e-15       3.282278857880e-16       9.735680807226e-17      -2.875189044804e-18 
 2063       3.012076581955e-11       7.749312078463e-13      -1.702935856967e-12       5.908356255596e-15       3.275792902844e-16       9.695388991262e-17      -2.747784039188e-18 
 2064       3.007691057310e-11       7.706840862629e-13      -1.684877751666e-12       5.902325446264e-15       3.269322682392e-16       9.654318580547e-17      -2.621913712756e-18 
 2065       3.003207000282e-11       7.665213419652e-13      -1.666743686017e-12       5.896284700626e-15       3.262868153762e-16       9.612494508650e-17      -2.497529350500e-18 
 2066       2.998624772115e-11       7.624433118834e-13      -1.648539965406e-12       5.890233847592e-15       3.256429273803e-16       9.569941811808e-17      -2.374582034318e-18 
 2067       2.993944736218e-11       7.584503334888e-13      -1.630272920066e-12       5.884172715384e-15       3.250005998970e-16       9.526685629051e-17      -2.253022642751e-18 
 2068       2.989167258166e-11       7.545427447946e-13      -1.611948905108e-12       5.878101131545e-15       3.243598285329e-16       9.482751202328e-17      -2.132801850741e-18 
 2069       2.984292705701e-11       7.507208843555e-13      -1.593574300555e-12       5.872018922928e-15       3.237206088550e-16       9.438163876637e-17      -2.013870129375e-18 
 2070       2.979321448736e-11       7.469850912689e-13      -1.575155511367e-12       5.865925915704e-15       3.230829363911e-16       9.392949100147e-17      -1.896177745634e-18 
 2071       2.974253859360e-11       7.433357051744e-13      -1.556698967475e-12       5.859821935353e-15       3.224468066296e-16       9.347132424329e-17      -1.779674762139e-18 
 2072       2.969090311838e-11       7.397730662548e-13      -1.538211123806e-12       5.853706806672e-15       3.218122150194e-16       9.300739504078e-17      -1.664311036902e-18 
 2073       2.963831182614e-11       7.362975152360e-13      -1.519698460322e-12       5.847580353765e-15       3.211791569698e-16       9.253796097844e-17      -1.550036223073e-18 
 2074       2.958476850316e-11       7.329093933876e-13      -1.501167482041e-12       5.841442400050e-15       3.205476278508e-16       9.206328067756e-17      -1.436799768688e-18 
 2075       2.953027695759e-11       7.296090425231e-13      -1.482624719073e-12       5.835292768252e-15       3.199176229925e-16       9.158361379747e-17      -1.324550916419e-18 
 2076       2.947484101944e-11       7.263968050003e-13      -1.464076726647e-12       5.829131280406e-15       3.192891376853e-16       9.109922103686e-17      -1.213238703318e-18 
 2077       2.941846454066e-11       7.232730237216e-13      -1.445530085144e-12       5.822957757855e-15       3.186621671801e-16       9.061036413500e-17      -1.102811960569e-18 
 2078       2.936115139514e-11       7.202380421342e-13      -1.426991400125e-12       5.816772021249e-15       3.180367066876e-16       9.011730587300e-17      -9.932193132341e-19 
 2079       2.930290547872e-11       7.172922042308e-13      -1.408467302362e-12       5.810573890545e-15       3.174127513790e-16       8.962031007512e-17      -8.844091800040e-19 
 2080       2.924373070929e-11       7.144358545496e-13      -1.389964447867e-12       5.804363185003e-15       3.167902963855e-16       8.911964160999e-17      -7.763297729430e-19 
 2081       2.918363102673e-11       7.116693381747e-13      -1.371489517926e-12       5.798139723190e-15       3.161693367980e-16       8.861556639192e-17      -6.689290972392e-19 
 2082       2.912261039300e-11       7.089930007366e-13      -1.353049219123e-12       5.791903322976e-15       3.155498676678e-16       8.810835138211e-17      -5.621549509521e-19 
 2083       2.906067279215e-11       7.064071884125e-13      -1.334650283377e-12       5.785653801534e-15       3.149318840057e-16       8.759826458998e-17      -4.559549247608e-19 
 2084       2.899782223035e-11       7.039122479263e-13      -1.316299467966e-12       5.779390975336e-15       3.143153807826e-16       8.708557507436e-17      -3.502764017121e-19 
 2085       2.893406273592e-11       7.015085265493e-13      -1.298003555561e-12       5.773114660160e-15       3.137003529292e-16       8.657055294485e-17      -2.450665569687e-19 
 2086       2.886939835935e-11       6.991963721006e-13      -1.279769354256e-12       5.766824671081e-15       3.130867953356e-16       8.605346936299e-17      -1.402723575576e-19 
 2087       2.880383317335e-11       6.969761329470e-13      -1.261603697597e-12       5.760520822474e-15       3.124747028519e-16       8.553459654359e-17      -3.584056211763e-20 
 2088       2.873737127285e-11       6.948481580038e-13      -1.243513444611e-12       5.754202928013e-15       3.118640702877e-16       8.501420775598e-17       6.828227935179e-20 
 2089       2.867001677507e-11       6.928127967348e-13      -1.225505479840e-12       5.747870800668e-15       3.112548924120e-16       8.449257732527e-17       1.721498257428e-19 
 2090       2.860177381949e-11       6.908703991529e-13      -1.207586713368e-12       5.741524252708e-15       3.106471639535e-16       8.396998063359e-17       2.758159450909e-19 
 2091       2.853264830615e-11       6.890211085081e-13      -1.189763533476e-12       5.735163147588e-15       3.100408799597e-16       8.344665284271e-17       3.793214215784e-19 
 2092       2.846265312359e-11       6.872642377651e-13      -1.172040160360e-12       5.728787556025e-15       3.094360368776e-16       8.292266474324e-17       4.826539743237e-19 
 2093       2.839180295754e-11       6.855988887616e-13      -1.154420280949e-12       5.722397601015e-15       3.088326314807e-16       8.239804603880e-17       5.857879592076e-19 
 2094       2.832011255612e-11       6.840241591185e-13      -1.136907595249e-12       5.715993406038e-15       3.082306605101e-16       8.187282654598e-17       6.886976365977e-19 
 2095       2.824759672988e-11       6.825391422351e-13      -1.119505816357e-12       5.709575095064e-15       3.076301206740e-16       8.134703619444e-17       7.913571712355e-19 
 2096       2.817427035193e-11       6.811429272829e-13      -1.102218670481e-12       5.703142792550e-15       3.070310086485e-16       8.082070502705e-17       8.937406321235e-19 
 2097       2.810014835797e-11       6.798345992012e-13      -1.085049896950e-12       5.696696623439e-15       3.064333210766e-16       8.029386320004e-17       9.958219924124e-19 
 2098       2.802524574639e-11       6.786132386910e-13      -1.068003248230e-12       5.690236713167e-15       3.058370545690e-16       7.976654098313e-17       1.097575129289e-18 
 2099       2.794957757835e-11       6.774779222101e-13      -1.051082489942e-12       5.683763187654e-15       3.052422057034e-16       7.923876875964e-17       1.198973823861e-18 
 2100       2.787315897785e-11       6.764277219675e-13      -1.034291400875e-12       5.677276173315e-15       3.046487710248e-16       7.871057702665e-17       1.299991761048e-18 
 2101       2.779600513180e-11       6.754617059182e-13      -1.017633773001e-12       5.670775797052e-15       3.040567470456e-16       7.818199639513e-17       1.400602529465e-18 
 2102       2.771813129010e-11       6.745789377577e-13      -1.001113411492e-12       5.664262186259e-15       3.034661302449e-16       7.765305759006e-17       1.500779621313e-18 
 2103       2.763955276573e-11       6.737784769169e-13      -9.847341347311e-13       5.657735468823e-15       3.028769170693e-16       7.712379145056e-17       1.600496432261e-18 
 2104       2.756028493480e-11       6.730593785564e-13      -9.684997743333e-13       5.651195773120e-15       3.022891039322e-16       7.659422893006e-17       1.699726261341e-18 
 2105       2.748034323667e-11       6.724206935613e-13      -9.524141751567e-13       5.644643228023e-15       3.017026872139e-16       7.606440109637e-17       1.798442310827e-18 
 2106       2.739974317396e-11       6.718614685362e-13      -9.364811953187e-13       5.638077962894e-15       3.011176632618e-16       7.553433913190e-17       1.896617686128e-18 
 2107       2.731850031272e-11       6.713807457992e-13      -9.207047062116e-13       5.631500107592e-15       3.005340283902e-16       7.500407433369e-17       1.994225395671e-18 
 2108       2.723663028240e-11       6.709775633770e-13      -9.050885925170e-13       5.624909792468e-15       2.999517788800e-16       7.447363811363e-17       2.091238350793e-18 
 2109       2.715414877601e-11       6.706509549994e-13      -8.896367522219e-13       5.618307148370e-15       2.993709109793e-16       7.394306199856e-17       2.187629365624e-18 
 2110       2.707107155017e-11       6.703999500941e-13      -8.743530966330e-13       5.611692306641e-15       2.987914209024e-16       7.341237763040e-17       2.283371156974e-18 
 2111       2.698741442517e-11       6.702235737811e-13      -8.592415503923e-13       5.605065399118e-15       2.982133048308e-16       7.288161676628e-17       2.378436344225e-18 
 2112       2.690319328507e-11       6.701208468675e-13      -8.443060514924e-13       5.598426558138e-15       2.976365589123e-16       7.235081127868e-17       2.472797449212e-18 
 2113       2.681842407775e-11       6.700907858420e-13      -8.295505512913e-13       5.591775916534e-15       2.970611792614e-16       7.181999315557e-17       2.566426896115e-18 
 2114       2.673312281503e-11       6.701324028700e-13      -8.149790145278e-13       5.585113607634e-15       2.964871619592e-16       7.128919450054e-17       2.659297011345e-18 
 2115       2.664730557270e-11       6.702447057876e-13      -8.005954193366e-13       5.578439765269e-15       2.959145030531e-16       7.075844753294e-17       2.751380023427e-18 
 2116       2.656098849063e-11       6.704266980967e-13      -7.864037572635e-13       5.571754523765e-15       2.953431985573e-16       7.022778458797e-17       2.842648062895e-18 
 2117       2.647418777282e-11       6.706773789596e-13      -7.724080332806e-13       5.565058017950e-15       2.947732444519e-16       6.969723811688e-17       2.933073162172e-18 
 2118       2.638691968752e-11       6.709957431933e-13      -7.586122658013e-13       5.558350383150e-15       2.942046366838e-16       6.916684068706e-17       3.022627255461e-18 
 2119       2.629920056724e-11       6.713807812647e-13      -7.450204866957e-13       5.551631755195e-15       2.936373711660e-16       6.863662498218e-17       3.111282178631e-18 
 2120       2.621104680890e-11       6.718314792848e-13      -7.316367413056e-13       5.544902270411e-15       2.930714437777e-16       6.810662380233e-17       3.199009669105e-18 
 2121       2.612247487384e-11       6.723468190037e-13      -7.184650884598e-13       5.538162065630e-15       2.925068503644e-16       6.757687006416e-17       3.285781365745e-18 
 2122       2.603350128795e-11       6.729257778048e-13      -7.055096004892e-13       5.531411278185e-15       2.919435867377e-16       6.704739680100e-17       3.371568808743e-18 
 2123       2.594414264171e-11       6.735673286998e-13      -6.927743632419e-13       5.524650045911e-15       2.913816486754e-16       6.651823716297e-17       3.456343439505e-18 
 2124       2.585441559030e-11       6.742704403235e-13      -6.802634760985e-13       5.517878507148e-15       2.908210319211e-16       6.598942441719e-17       3.540076600538e-18 
 2125       2.576433685364e-11       6.750340769278e-13      -6.679810519872e-13       5.511096800737e-15       2.902617321848e-16       6.546099194783e-17       3.622739535340e-18 
 2126       2.567392321649e-11       6.758571983770e-13      -6.559312173989e-13       5.504305066028e-15       2.897037451420e-16       6.493297325629e-17       3.704303388284e-18 
 2127       2.558319152854e-11       6.767387601423e-13      -6.441181124026e-13       5.497503442872e-15       2.891470664346e-16       6.440540196131e-17       3.784739204508e-18 
 2128       2.549215870444e-11       6.776777132961e-13      -6.325458906604e-13       5.490692071627e-15       2.885916916699e-16       6.387831179913e-17       3.864017929801e-18 
 2129       2.540084172392e-11       6.786730045071e-13      -6.212187194424e-13       5.483871093159e-15       2.880376164213e-16       6.335173662359e-17       3.942110410487e-18 
 2130       2.530925763185e-11       6.797235760346e-13      -6.101407796426e-13       5.477040648838e-15       2.874848362278e-16       6.282571040631e-17       4.018987393320e-18 
 2131       2.521742329536e-11       6.808283121479e-13      -5.993155426403e-13       5.470200905390e-15       2.869333468632e-16       6.230028608287e-17       4.094627302723e-18 
 2132       2.512535467319e-11       6.819858779919e-13      -5.887435954277e-13       5.463352129619e-15       2.863831451446e-16       6.177559223290e-17       4.169039631147e-18 
 2133       2.503306754145e-11       6.831948796036e-13      -5.784248005728e-13       5.456494614197e-15       2.858342281290e-16       6.125177678961e-17       4.242241709169e-18 
 2134       2.494057773623e-11       6.844539173810e-13      -5.683590180124e-13       5.449628652868e-15       2.852865928452e-16       6.072898822971e-17       4.314250942809e-18 
 2135       2.484790115368e-11       6.857615860755e-13      -5.585461050479e-13       5.442754540445e-15       2.847402362937e-16       6.020737557404e-17       4.385084813620e-18 
 2136       2.475505375001e-11       6.871164747859e-13      -5.489859163416e-13       5.435872572812e-15       2.841951554462e-16       5.968708838815e-17       4.454760878788e-18 
 2137       2.466205154166e-11       6.885171669511e-13      -5.396783039125e-13       5.428983046928e-15       2.836513472463e-16       5.916827678300e-17       4.523296771218e-18 
 2138       2.456891060528e-11       6.899622403436e-13      -5.306231171326e-13       5.422086260827e-15       2.831088086089e-16       5.865109141554e-17       4.590710199630e-18 
 2139       2.447564707786e-11       6.914502670626e-13      -5.218202027229e-13       5.415182513618e-15       2.825675364202e-16       5.813568348937e-17       4.657018948651e-18 
 2140       2.438227715677e-11       6.929798135275e-13      -5.132694047494e-13       5.408272105484e-15       2.820275275379e-16       5.762220475535e-17       4.722240878906e-18 
 2141       2.428881709984e-11       6.945494404706e-13      -5.049705646193e-13       5.401355337691e-15       2.814887787912e-16       5.711080751224e-17       4.786393927114e-18 
 2142       2.419528322544e-11       6.961577029310e-13      -4.969235210768e-13       5.394432512582e-15       2.809512869803e-16       5.660164460735e-17       4.849496106176e-18 
 2143       2.410169191253e-11       6.978031502473e-13      -4.891281101996e-13       5.387503933580e-15       2.804150488769e-16       5.609486943714e-17       4.911565505273e-18 
 2144       2.400805960075e-11       6.994843260510e-13      -4.815841653946e-13       5.380569905191e-15       2.798800612238e-16       5.559063594785e-17       4.972620289953e-18 
 2145       2.391440279047e-11       7.011997682600e-13      -4.742915173940e-13       5.373630733003e-15       2.793463207351e-16       5.508909863618e-17       5.032678702227e-18 
 2146       2.382073804288e-11       7.029480090714e-13      -4.672499942517e-13       5.366686723688e-15       2.788138240958e-16       5.459041254986e-17       5.091759060662e-18 
 2147       2.372708198005e-11       7.047275749550e-13      -4.604594213389e-13       5.359738185006e-15       2.782825679622e-16       5.409473328832e-17       5.149879760473e-18 
 2148       2.363345128501e-11       7.065369866465e-13      -4.539196213407e-13       5.352785425800e-15       2.777525489616e-16       5.360221700330e-17       5.207059273612e-18 
 2149       2.353986270179e-11       7.083747591405e-13      -4.476304142515e-13       5.345828756004e-15       2.772237636923e-16       5.311302039951e-17       5.263316148867e-18 
 2150       2.344633303553e-11       7.102394016843e-13      -4.415916173717e-13       5.338868486639e-15       2.766962087235e-16       5.262730073522e-17       5.318669011949e-18 
 2151       2.335287915255e-11       7.121294177704e-13      -4.358030453034e-13       5.331904929818e-15       2.761698805955e-16       5.214521582293e-17       5.373136565589e-18 
 2152       2.325951798036e-11       7.140433051304e-13      -4.302645099467e-13       5.324938398743e-15       2.756447758194e-16       5.166692402995e-17       5.426737589627e-18 
 2153       2.316626650781e-11       7.159795557277e-13      -4.249758204954e-13       5.317969207712e-15       2.751208908770e-16       5.119258427912e-17       5.479490941106e-18 
 2154       2.307314178511e-11       7.179366557511e-13      -4.199367834337e-13       5.310997672115e-15       2.745982222212e-16       5.072235604934e-17       5.531415554366e-18 
 2155       2.298016092393e-11       7.199130856079e-13      -4.151472025315e-13       5.304024108437e-15       2.740767662753e-16       5.025639937626e-17       5.582530441134e-18 
 2156       2.288734109742e-11       7.219073199172e-13      -4.106068788412e-13       5.297048834261e-15       2.735565194336e-16       4.979487485290e-17       5.632854690618e-18 
 2157       2.279469954036e-11       7.239178275029e-13      -4.063156106930e-13       5.290072168265e-15       2.730374780611e-16       4.933794363030e-17       5.682407469602e-18 
 2158       2.270225354915e-11       7.259430713872e-13      -4.022731936918e-13       5.283094430230e-15       2.725196384931e-16       4.888576741808e-17       5.731208022532e-18 
 2159       2.261002048193e-11       7.279815087837e-13      -3.984794207127e-13       5.276115941032e-15       2.720029970359e-16       4.843850848518e-17       5.779275671616e-18 
 2160       2.251801775864e-11       7.300315910908e-13      -3.949340818973e-13       5.269137022653e-15       2.714875499662e-16       4.799632966040e-17       5.826629816911e-18 
 2161       2.242626286109e-11       7.320917638847e-13      -3.916369646494e-13       5.262157998174e-15       2.709732935310e-16       4.755939433306e-17       5.873289936421e-18 
 2162       2.233477333301e-11       7.341604669127e-13      -3.885878536319e-13       5.255179191781e-15       2.704602239481e-16       4.712786645364e-17       5.919275586183e-18 
 2163       2.224356678015e-11       7.362361340866e-13      -3.857865307618e-13       5.248200928766e-15       2.699483374056e-16       4.670191053443e-17       5.964606400365e-18 
 2164       2.215266087033e-11       7.383171934757e-13      -3.832327752072e-13       5.241223535525e-15       2.694376300619e-16       4.628169165010e-17       6.009302091356e-18 
 2165       2.206207333353e-11       7.404020673002e-13      -3.809263633828e-13       5.234247339564e-15       2.689280980459e-16       4.586737543840e-17       6.053382449860e-18 
 2166       2.197182196194e-11       7.424891719243e-13      -3.788670689462e-13       5.227272669496e-15       2.684197374566e-16       4.545912810074e-17       6.096867344989e-18 
 2167       2.188192461004e-11       7.445769178496e-13      -3.770546627938e-13       5.220299855043e-15       2.679125443635e-16       4.505711640285e-17       6.139776724351e-18 
 2168       2.179239919467e-11       7.466637097082e-13      -3.754889130571e-13       5.213329227039e-15       2.674065148061e-16       4.466150767539e-17       6.182130614150e-18 
 2169       2.170326369510e-11       7.487479462560e-13      -3.741695850987e-13       5.206361117432e-15       2.669016447943e-16       4.427246981461e-17       6.223949119271e-18 
 2170       2.161453615309e-11       7.508280203659e-13      -3.730964415082e-13       5.199395859280e-15       2.663979303079e-16       4.389017128296e-17       6.265252423381e-18 
 2171       2.152623302818e-11       7.529024184505e-13      -3.722687721324e-13       5.192433774300e-15       2.658953676121e-16       4.351470923961e-17       6.306057164967e-18 
 2172       2.143836425121e-11       7.549700194767e-13      -3.716839807098e-13       5.185475135398e-15       2.653939542048e-16       4.314589340116e-17       6.346365538598e-18 
 2173       2.135093813755e-11       7.570297979540e-13      -3.713389886981e-13       5.178520203884e-15       2.648936878754e-16       4.278346072477e-17       6.386176120357e-18 
 2174       2.126396302894e-11       7.590807246836e-13      -3.712307043585e-13       5.171569241912e-15       2.643945663901e-16       4.242714714475e-17       6.425487485225e-18 
 2175       2.117744729352e-11       7.611217667544e-13      -3.713560227407e-13       5.164622512480e-15       2.638965874924e-16       4.207668757136e-17       6.464298207073e-18 
 2176       2.109139932581e-11       7.631518875386e-13      -3.717118256661e-13       5.157680279429e-15       2.633997489022e-16       4.173181588961e-17       6.502606858664e-18 
 2177       2.100582754680e-11       7.651700466875e-13      -3.722949817125e-13       5.150742807446e-15       2.629040483166e-16       4.139226495806e-17       6.540412011657e-18 
 2178       2.092074040394e-11       7.671752001274e-13      -3.731023461979e-13       5.143810362064e-15       2.624094834094e-16       4.105776660764e-17       6.577712236603e-18 
 2179       2.083614637117e-11       7.691663000552e-13      -3.741307611649e-13       5.136883209661e-15       2.619160518313e-16       4.072805164042e-17       6.614506102948e-18 
 2180       2.075205394898e-11       7.711422949342e-13      -3.753770553644e-13       5.129961617466e-15       2.614237512094e-16       4.040284982844e-17       6.650792179032e-18 
 2181       2.066847166440e-11       7.731021294899e-13      -3.768380442401e-13       5.123045853556e-15       2.609325791478e-16       4.008188991251e-17       6.686569032091e-18 
 2182       2.058540807104e-11       7.750447447057e-13      -3.785105299124e-13       5.116136186855e-15       2.604425332274e-16       3.976489960098e-17       6.721835228256e-18 
 2183       2.050287174913e-11       7.769690778189e-13      -3.803913011627e-13       5.109232887140e-15       2.599536110054e-16       3.945160556858e-17       6.756589332552e-18 
 2184       2.042087130555e-11       7.788740623161e-13      -3.824771334172e-13       5.102336225041e-15       2.594658100159e-16       3.914173345522e-17       6.790829908903e-18 
 2185       2.033941537384e-11       7.807586279291e-13      -3.847647887312e-13       5.095446472036e-15       2.589791277693e-16       3.883500786476e-17       6.824555520127e-18 
 2186       2.025851261423e-11       7.826217006309e-13      -3.872510157733e-13       5.088563900459e-15       2.584935617529e-16       3.853115236385e-17       6.857764727939e-18 
 2187       2.017817171370e-11       7.844622026311e-13      -3.899325498093e-13       5.081688783499e-15       2.580091094303e-16       3.822988948070e-17       6.890456092954e-18 
 2188       2.009840138596e-11       7.862790523718e-13      -3.928061126864e-13       5.074821395199e-15       2.575257682415e-16       3.793094070391e-17       6.922628174681e-18 
 2189       2.001921037152e-11       7.880711645237e-13      -3.958684128174e-13       5.067962010457e-15       2.570435356031e-16       3.763402648126e-17       6.954279531528e-18 
 2190       1.994060743770e-11       7.898374499812e-13      -3.991161451646e-13       5.061110905029e-15       2.565624089081e-16       3.733886621849e-17       6.985408720803e-18 
 2191       1.986260137865e-11       7.915768158587e-13      -4.025459912242e-13       5.054268355529e-15       2.560823855258e-16       3.704517827815e-17       7.016014298711e-18 
 2192       1.978520101541e-11       7.932881654862e-13      -4.061546190102e-13       5.047434639429e-15       2.556034628019e-16       3.675267997836e-17       7.046094820356e-18 
 2193       1.970841519589e-11       7.949703984050e-13      -4.099386830385e-13       5.040610035061e-15       2.551256380583e-16       3.646108759164e-17       7.075648839743e-18 
 2194       1.963225279495e-11       7.966224103635e-13      -4.138948243110e-13       5.033794821617e-15       2.546489085935e-16       3.617011634368e-17       7.104674909774e-18 
 2195       1.955672271440e-11       7.982430933131e-13      -4.180196702999e-13       5.026989279151e-15       2.541732716818e-16       3.587948041219e-17       7.133171582255e-18 
 2196       1.948183388302e-11       7.998313354036e-13      -4.223098349316e-13       5.020193688579e-15       2.536987245741e-16       3.558889292564e-17       7.161137407889e-18 
 2197       1.940759525661e-11       8.013860209795e-13      -4.267619185710e-13       5.013408331681e-15       2.532252644972e-16       3.529806596213e-17       7.188570936283e-18 
 2198       1.933401581803e-11       8.029060305754e-13      -4.313725080053e-13       5.006633491100e-15       2.527528886541e-16       3.500671054815e-17       7.215470715942e-18 
 2199       1.926110457716e-11       8.043902409116e-13      -4.361381764286e-13       4.999869450343e-15       2.522815942241e-16       3.471453665736e-17       7.241835294275e-18 
 2200       1.918887057103e-11       8.058375248904e-13      -4.410554834254e-13       4.993116493787e-15       2.518113783624e-16       3.442125320947e-17       7.267663217593e-18 
 2201       1.911732286376e-11       8.072467515915e-13      -4.461209749553e-13       4.986374906670e-15       2.513422382003e-16       3.412656806897e-17       7.292953031109e-18 
 2202       1.904647054664e-11       8.086167862676e-13      -4.513311833366e-13       4.979644975104e-15       2.508741708450e-16       3.383018804395e-17       7.317703278938e-18 
 2203       1.897632273814e-11       8.099464903407e-13      -4.566826272308e-13       4.972926986063e-15       2.504071733797e-16       3.353181888493e-17       7.341912504099e-18 
 2204       1.890688858393e-11       8.112347213974e-13      -4.621718116265e-13       4.966221227397e-15       2.499412428639e-16       3.323116528363e-17       7.365579248515e-18 
 2205       1.883817725694e-11       8.124803331849e-13      -4.677952278236e-13       4.959527987822e-15       2.494763763324e-16       3.292793087177e-17       7.388702053012e-18 
 2206       1.877019795736e-11       8.136821756065e-13      -4.735493534173e-13       4.952847556926e-15       2.490125707964e-16       3.262181821992e-17       7.411279457321e-18 
 2207       1.870295991266e-11       8.148390947178e-13      -4.794306522824e-13       4.946180225171e-15       2.485498232426e-16       3.231252883624e-17       7.433310000078e-18 
 2208       1.863647237766e-11       8.159499327221e-13      -4.854355745572e-13       4.939526283890e-15       2.480881306337e-16       3.199976316531e-17       7.454792218821e-18 
 2209       1.857074463451e-11       8.170135279662e-13      -4.915605566277e-13       4.932886025292e-15       2.476274899081e-16       3.168322058696e-17       7.475724649999e-18 
 2210       1.850578599276e-11       8.180287149364e-13      -4.978020211117e-13       4.926259742459e-15       2.471678979800e-16       3.136259941500e-17       7.496105828961e-18 
 2211       1.844160391271e-11       8.189944900478e-13      -5.041563558213e-13       4.919647694854e-15       2.467093518780e-16       3.103768611367e-17       7.515933930471e-18 
 2212       1.837819836187e-11       8.199105102215e-13      -5.106198505294e-13       4.913050004580e-15       2.462518491623e-16       3.070862359464e-17       7.535205687611e-18 
 2213       1.831556742120e-11       8.207765976002e-13      -5.171887597529e-13       4.906466759435e-15       2.457953875102e-16       3.037564469403e-17       7.553917465720e-18 
 2214       1.825370915833e-11       8.215925740543e-13      -5.238593237200e-13       4.899898047346e-15       2.453399645779e-16       3.003898311716e-17       7.572065621224e-18 
 2215       1.819262162761e-11       8.223582611811e-13      -5.306277683532e-13       4.893343956366e-15       2.448855779998e-16       2.969887343950e-17       7.589646501633e-18 
 2216       1.813230286998e-11       8.230734803052e-13      -5.374903052537e-13       4.886804574679e-15       2.444322253892e-16       2.935555110768e-17       7.606656445530e-18 
 2217       1.807275091308e-11       8.237380524779e-13      -5.444431316845e-13       4.880279990597e-15       2.439799043377e-16       2.900925244048e-17       7.623091782562e-18 
 2218       1.801396377112e-11       8.243517984775e-13      -5.514824305542e-13       4.873770292560e-15       2.435286124156e-16       2.866021462985e-17       7.638948833434e-18 
 2219       1.795593944493e-11       8.249145388086e-13      -5.586043704004e-13       4.867275569138e-15       2.430783471715e-16       2.830867574183e-17       7.654223909900e-18 
 2220       1.789867592194e-11       8.254260937026e-13      -5.658051053735e-13       4.860795909029e-15       2.426291061325e-16       2.795487471761e-17       7.668913314751e-18 
 2221       1.784217117613e-11       8.258862831167e-13      -5.730807752201e-13       4.854331401059e-15       2.421808868042e-16       2.759905137451e-17       7.683013341811e-18 
 2222       1.778642316802e-11       8.262949267345e-13      -5.804275052669e-13       4.847882134184e-15       2.417336866704e-16       2.724144640694e-17       7.696520275927e-18 
 2223       1.773142984469e-11       8.266518439652e-13      -5.878414064038e-13       4.841448197489e-15       2.412875031935e-16       2.688230138740e-17       7.709430392961e-18 
 2224       1.767718913971e-11       8.269568539441e-13      -5.953185750680e-13       4.835029680187e-15       2.408423338139e-16       2.652185876749e-17       7.721739959779e-18 
 2225       1.762369897316e-11       8.272097755319e-13      -6.028550932273e-13       4.828626671621e-15       2.403981759505e-16       2.616036187891e-17       7.733445234245e-18 
 2226       1.757095725158e-11       8.274104273145e-13      -6.104470283638e-13       4.822239261263e-15       2.399550270006e-16       2.579805493441e-17       7.744542465214e-18 
 2227       1.751896186800e-11       8.275586276033e-13      -6.180904334575e-13       4.815867538714e-15       2.395128843394e-16       2.543518302880e-17       7.755027892519e-18 
 2228       1.746771070187e-11       8.276541944348e-13      -6.257813469697e-13       4.809511593704e-15       2.390717453205e-16       2.507199213996e-17       7.764897746968e-18 
 2229       1.741720161908e-11       8.276969455701e-13      -6.335157928269e-13       4.803171516092e-15       2.386316072757e-16       2.470872912981e-17       7.774148250329e-18 
 2230       1.736743247192e-11       8.276866984952e-13      -6.412897804041e-13       4.796847395868e-15       2.381924675148e-16       2.434564174530e-17       7.782775615329e-18 
 2231       1.731840109908e-11       8.276232704208e-13      -6.490993045088e-13       4.790539323148e-15       2.377543233258e-16       2.398297861944e-17       7.790776045639e-18 
 2232       1.727010532562e-11       8.275064782818e-13      -6.569403453640e-13       4.784247388182e-15       2.373171719748e-16       2.362098927221e-17       7.798145735871e-18 
 2233       1.722254296295e-11       8.273361387373e-13      -6.648088685923e-13       4.777971681345e-15       2.368810107059e-16       2.325992411164e-17       7.804880871565e-18 
 2234       1.717571180883e-11       8.271120681706e-13      -6.727008251993e-13       4.771712293145e-15       2.364458367411e-16       2.290003443475e-17       7.810977629183e-18 
 2235       1.712960964732e-11       8.268340826889e-13      -6.806121515572e-13       4.765469314218e-15       2.360116472808e-16       2.254157242855e-17       7.816432176099e-18 
 2236       1.708423424882e-11       8.265019981229e-13      -6.885387693885e-13       4.759242835329e-15       2.355784395029e-16       2.218479117104e-17       7.821240670594e-18 
 2237       1.703958336997e-11       8.261156300270e-13      -6.964765857492e-13       4.753032947375e-15       2.351462105634e-16       2.182994463219e-17       7.825399261844e-18 
 2238       1.699565475372e-11       8.256747936791e-13      -7.044214930131e-13       4.746839741381e-15       2.347149575962e-16       2.147728767495e-17       7.828904089911e-18 
 2239       1.695244612924e-11       8.251793040801e-13      -7.123693688546e-13       4.740663308501e-15       2.342846777133e-16       2.112707605620e-17       7.831751285739e-18 
 2240       1.690995521195e-11       8.246289759541e-13      -7.203160762329e-13       4.734503740021e-15       2.338553680040e-16       2.077956642780e-17       7.833936971142e-18 
 2241       1.686817970349e-11       8.240236237480e-13      -7.282574633753e-13       4.728361127356e-15       2.334270255360e-16       2.043501633755e-17       7.835457258795e-18 
 2242       1.682711729167e-11       8.233630616314e-13      -7.361893637609e-13       4.722235562052e-15       2.329996473544e-16       2.009368423015e-17       7.836308252227e-18 
 2243       1.678676565052e-11       8.226471034965e-13      -7.441075961041e-13       4.716127135782e-15       2.325732304822e-16       1.975582944825e-17       7.836486045816e-18 
 2244       1.674712244020e-11       8.218755629578e-13      -7.520079643382e-13       4.710035940352e-15       2.321477719199e-16       1.942171223342e-17       7.835986724772e-18 
 2245       1.670818530704e-11       8.210482533521e-13      -7.598862575993e-13       4.703962067698e-15       2.317232686461e-16       1.909159372712e-17       7.834806365137e-18 
 2246       1.666995188347e-11       8.201649877383e-13      -7.677382502093e-13       4.697905609885e-15       2.312997176167e-16       1.876573597170e-17       7.832941033771e-18 
 2247       1.663241978805e-11       8.192255788970e-13      -7.755597016601e-13       4.691866659109e-15       2.308771157654e-16       1.844440191141e-17       7.830386788348e-18 
 2248       1.659558662543e-11       8.182298393305e-13      -7.833463565967e-13       4.685845307695e-15       2.304554600034e-16       1.812785539339e-17       7.827139677344e-18 
 2249       1.655944998634e-11       8.171775812628e-13      -7.910939448011e-13       4.679841648101e-15       2.300347472195e-16       1.781636116863e-17       7.823195740029e-18 
 2250       1.652400744755e-11       8.160686166391e-13      -7.987981811760e-13       4.673855772914e-15       2.296149742802e-16       1.751018489298e-17       7.818551006460e-18 
 2251       1.648925548961e-11       8.149028856085e-13      -8.064551074277e-13       4.667887744689e-15       2.291961382150e-16       1.720955243416e-17       7.813196850958e-18 
 2252       1.645518624222e-11       8.136808428839e-13      -8.140621195788e-13       4.661937505252e-15       2.287782367758e-16       1.691452750140e-17       7.807106019530e-18 
 2253       1.642179071767e-11       8.124030738945e-13      -8.216169471057e-13       4.656004965807e-15       2.283612678815e-16       1.662513322189e-17       7.800246511553e-18 
 2254       1.638905989111e-11       8.110701665343e-13      -8.291173118376e-13       4.650090037047e-15       2.279452294323e-16       1.634139276254e-17       7.792586217923e-18 
 2255       1.635698470051e-11       8.096827111647e-13      -8.365609279476e-13       4.644192629149e-15       2.275301193095e-16       1.606332933001e-17       7.784092920934e-18 
 2256       1.632555604663e-11       8.082413006175e-13      -8.439455019451e-13       4.638312651775e-15       2.271159353762e-16       1.579096617077e-17       7.774734294159e-18 
 2257       1.629476479298e-11       8.067465301981e-13      -8.512687326668e-13       4.632450014071e-15       2.267026754765e-16       1.552432657105e-17       7.764477902336e-18 
 2258       1.626460176577e-11       8.051989976877e-13      -8.585283112688e-13       4.626604624670e-15       2.262903374358e-16       1.526343385695e-17       7.753291201242e-18 
 2259       1.623505775386e-11       8.035993033469e-13      -8.657219212182e-13       4.620776391684e-15       2.258789190608e-16       1.500831139442e-17       7.741141537581e-18 
 2260       1.620612350873e-11       8.019480499180e-13      -8.728472382849e-13       4.614965222711e-15       2.254684181396e-16       1.475898258931e-17       7.727996148863e-18 
 2261       1.617778974443e-11       8.002458426282e-13      -8.799019305328e-13       4.609171024828e-15       2.250588324412e-16       1.451547088739e-17       7.713822163286e-18 
 2262       1.615004713753e-11       7.984932891925e-13      -8.868836583122e-13       4.603393704596e-15       2.246501597160e-16       1.427779977437e-17       7.698586599618e-18 
 2263       1.612288632710e-11       7.966909998163e-13      -8.937900742507e-13       4.597633168054e-15       2.242423976954e-16       1.404599277593e-17       7.682256367075e-18 
 2264       1.609629791462e-11       7.948395871985e-13      -9.006188232456e-13       4.591889320723e-15       2.238355440922e-16       1.382007345778e-17       7.664798265211e-18 
 2265       1.607027246401e-11       7.929396665342e-13      -9.073675424553e-13       4.586162067603e-15       2.234295965999e-16       1.360006542563e-17       7.646178983789e-18 
 2266       1.604480050152e-11       7.909918555178e-13      -9.140338612906e-13       4.580451313171e-15       2.230245528935e-16       1.338599232527e-17       7.626365102670e-18 
 2267       1.601987251570e-11       7.889967743456e-13      -9.206154014071e-13       4.574756961383e-15       2.226204106286e-16       1.317787784256e-17       7.605323091692e-18 
 2268       1.599547895740e-11       7.869550457191e-13      -9.271097766963e-13       4.569078915672e-15       2.222171674423e-16       1.297574570350e-17       7.583019310552e-18 
 2269       1.597161023967e-11       7.848672948474e-13      -9.335145932775e-13       4.563417078949e-15       2.218148209523e-16       1.277961967420e-17       7.559420008687e-18 
 2270       1.594825673775e-11       7.827341494502e-13      -9.398274494897e-13       4.557771353599e-15       2.214133687575e-16       1.258952356098e-17       7.534491325156e-18 
 2271       1.592540878903e-11       7.805562397609e-13      -9.460459358828e-13       4.552141641483e-15       2.210128084377e-16       1.240548121032e-17       7.508199288522e-18 
 2272       1.590305669296e-11       7.783341985292e-13      -9.521676352097e-13       4.546527843936e-15       2.206131375536e-16       1.222751650895e-17       7.480509816732e-18 
 2273       1.588119071109e-11       7.760686610242e-13      -9.581901224176e-13       4.540929861770e-15       2.202143536468e-16       1.205565338386e-17       7.451388717000e-18 
 2274       1.585980106694e-11       7.737602650371e-13      -9.641109646403e-13       4.535347595266e-15       2.198164542398e-16       1.188991580229e-17       7.420801685690e-18 
 2275       1.583887794603e-11       7.714096508842e-13      -9.699277211891e-13       4.529780944180e-15       2.194194368359e-16       1.173032777182e-17       7.388714308192e-18 
 2276       1.581841149577e-11       7.690174614095e-13      -9.756379435451e-13       4.524229807740e-15       2.190232989192e-16       1.157691334037e-17       7.355092058810e-18 
 2277       1.579839182546e-11       7.665843419881e-13      -9.812391753506e-13       4.518694084646e-15       2.186280379547e-16       1.142969659620e-17       7.319900300642e-18 
 2278       1.577880900626e-11       7.641109405285e-13      -9.867289524008e-13       4.513173673066e-15       2.182336513881e-16       1.128870166799e-17       7.283104285456e-18 
 2279       1.575965307109e-11       7.615979074759e-13      -9.921048026354e-13       4.507668470641e-15       2.178401366457e-16       1.115395272482e-17       7.244669153581e-18 
 2280       1.574091401464e-11       7.590458958149e-13      -9.973642461308e-13       4.502178374480e-15       2.174474911349e-16       1.102547397624e-17       7.204559933779e-18 
 2281       1.572258179329e-11       7.564555610721e-13      -1.002504795091e-12       4.496703281161e-15       2.170557122434e-16       1.090328967227e-17       7.162741543136e-18 
 2282       1.570464632511e-11       7.538275613197e-13      -1.007523953839e-12       4.491243086729e-15       2.166647973397e-16       1.078742410342e-17       7.119178786933e-18 
 2283       1.568709748977e-11       7.511625571775e-13      -1.012419218812e-12       4.485797686699e-15       2.162747437730e-16       1.067790160077e-17       7.073836358538e-18 
 2284       1.566992512853e-11       7.484612118165e-13      -1.017188078546e-12       4.480366976049e-15       2.158855488730e-16       1.057474653592e-17       7.026678839281e-18 
 2285       1.565311904416e-11       7.457241909614e-13      -1.021828013675e-12       4.474950849227e-15       2.154972099502e-16       1.047798332109e-17       6.977670698337e-18 
 2286       1.563666900095e-11       7.429521628934e-13      -1.026336496917e-12       4.469549200144e-15       2.151097242953e-16       1.038763640909e-17       6.926776292607e-18 
 2287       1.562056472462e-11       7.401457984534e-13      -1.030710993071e-12       4.464161922176e-15       2.147230891799e-16       1.030373029341e-17       6.873959866603e-18 
 2288       1.560479590230e-11       7.373057710445e-13      -1.034948959004e-12       4.458788908163e-15       2.143373018560e-16       1.022628950818e-17       6.819185552325e-18 
 2289       1.558935218249e-11       7.344327566353e-13      -1.039047843643e-12       4.453430050411e-15       2.139523595558e-16       1.015533862824e-17       6.762417369146e-18 
 2290       1.557422317500e-11       7.315274337625e-13      -1.043005087971e-12       4.448085240684e-15       2.135682594925e-16       1.009090226918e-17       6.703619223691e-18 
 2291       1.555939860046e-11       7.285905157725e-13      -1.046818570815e-12       4.442754359916e-15       2.131849990426e-16       1.003296484343e-17       6.642776571824e-18 
 2292       1.554486874000e-11       7.256228477667e-13      -1.050487949359e-12       4.437437247244e-15       2.128025762980e-16       9.981349547699e-18       6.579961556125e-18 
 2293       1.553062398838e-11       7.226253102819e-13      -1.054013327183e-12       4.432133730768e-15       2.124209895180e-16       9.935838602274e-18       6.515268284433e-18 
 2294       1.551665470463e-11       7.195987871107e-13      -1.057394809240e-12       4.426843637837e-15       2.120402369460e-16       9.896213423841e-18       6.448791205914e-18 
 2295       1.550295121203e-11       7.165441653056e-13      -1.060632501862e-12       4.421566795041e-15       2.116603168096e-16       9.862254624571e-18       6.380625111438e-18 
 2296       1.548950379805e-11       7.134623351824e-13      -1.063726512757e-12       4.416303028211e-15       2.112812273204e-16       9.833742011233e-18       6.310865133953e-18 
 2297       1.547630271434e-11       7.103541903238e-13      -1.066676951012e-12       4.411052162422e-15       2.109029666744e-16       9.810454584303e-18       6.239606748867e-18 
 2298       1.546333817667e-11       7.072206275832e-13      -1.069483927099e-12       4.405814021988e-15       2.105255330515e-16       9.792170537070e-18       6.166945774420e-18 
 2299       1.545060036489e-11       7.040625470880e-13      -1.072147552870e-12       4.400588430463e-15       2.101489246159e-16       9.778667254745e-18       6.092978372061e-18 
 2300       1.543807942291e-11       7.008808522436e-13      -1.074667941566e-12       4.395375210639e-15       2.097731395157e-16       9.769721313569e-18       6.017801046828e-18 
 2301       1.542576545863e-11       6.976764497365e-13      -1.077045207813e-12       4.390174184547e-15       2.093981758831e-16       9.765108479924e-18       5.941510647721e-18 
 2302       1.541364854392e-11       6.944502495385e-13      -1.079279467628e-12       4.384985173455e-15       2.090240318343e-16       9.764603709434e-18       5.864204368080e-18 
 2303       1.540171871457e-11       6.912031649097e-13      -1.081370838417e-12       4.379807997865e-15       2.086507054697e-16       9.767981146084e-18       5.785979745961e-18 
 2304       1.538996597028e-11       6.879361124028e-13      -1.083319438981e-12       4.374642477517e-15       2.082781948735e-16       9.775014121318e-18       5.706934664515e-18 
 2305       1.537838027456e-11       6.846500118660e-13      -1.085125389516e-12       4.369488431383e-15       2.079064981138e-16       9.785475153152e-18       5.627167352360e-18 
 2306       1.536695155475e-11       6.813457864471e-13      -1.086788811612e-12       4.364345677670e-15       2.075356132428e-16       9.799135945284e-18       5.546776383962e-18 
 2307       1.535566970196e-11       6.780243625969e-13      -1.088309828262e-12       4.359214033817e-15       2.071655382966e-16       9.815767386196e-18       5.465860680011e-18 
 2308       1.534452457101e-11       6.746866700730e-13      -1.089688563857e-12       4.354093316493e-15       2.067962712952e-16       9.835139548270e-18       5.384519507793e-18 
 2309       1.533350598043e-11       6.713336419430e-13      -1.090925144189e-12       4.348983341601e-15       2.064278102424e-16       9.857021686889e-18       5.302852481573e-18 
 2310       1.532260371236e-11       6.679662145886e-13      -1.092019696457e-12       4.343883924270e-15       2.060601531259e-16       9.881182239550e-18       5.220959562969e-18 
 2311       1.531180751259e-11       6.645853277089e-13      -1.092972349265e-12       4.338794878861e-15       2.056932979173e-16       9.907388824971e-18       5.138941061327e-18 
 2312       1.530110709046e-11       6.611919243242e-13      -1.093783232625e-12       4.333716018961e-15       2.053272425719e-16       9.935408242197e-18       5.056897634098e-18 
 2313       1.529049211882e-11       6.577869507795e-13      -1.094452477958e-12       4.328647157385e-15       2.049619850290e-16       9.965006469713e-18       4.974930287219e-18 
 2314       1.527995223405e-11       6.543713567479e-13      -1.094980218099e-12       4.323588106174e-15       2.045975232114e-16       9.995948664547e-18       4.893140375481e-18 
 2315       1.526947703593e-11       6.509460952348e-13      -1.095366587295e-12       4.318538676595e-15       2.042338550258e-16       1.002799916138e-17       4.811629602916e-18 
 2316       1.525905608769e-11       6.475121225808e-13      -1.095611721207e-12       4.313498679139e-15       2.038709783626e-16       1.006092147166e-17       4.730500023166e-18 
 2317       1.524867891591e-11       6.440703984660e-13      -1.095715756918e-12       4.308467923520e-15       2.035088910960e-16       1.009447828269e-17       4.649854039860e-18 
 2318       1.523833501049e-11       6.406218859128e-13      -1.095678832925e-12       4.303446218674e-15       2.031475910836e-16       1.012843145678e-17       4.569794406996e-18 
 2319       1.522801382465e-11       6.371675512905e-13      -1.095501089149e-12       4.298433372762e-15       2.027870761671e-16       1.016254203028e-17       4.490424229313e-18 
 2320       1.521770477482e-11       6.337083643181e-13      -1.095182666933e-12       4.293429193161e-15       2.024273441715e-16       1.019657021279e-17       4.411846962667e-18 
 2321       1.520739724068e-11       6.302452980680e-13      -1.094723709046e-12       4.288433486473e-15       2.020683929055e-16       1.023027538618e-17       4.334166414411e-18 
 2322       1.519708056505e-11       6.267793289703e-13      -1.094124359683e-12       4.283446058516e-15       2.017102201614e-16       1.026341610372e-17       4.257486743771e-18 
 2323       1.518674405390e-11       6.233114368156e-13      -1.093384764466e-12       4.278466714326e-15       2.013528237152e-16       1.029575008923e-17       4.181912462219e-18 
 2324       1.517637697628e-11       6.198426047589e-13      -1.092505070450e-12       4.273495258158e-15       2.009962013263e-16       1.032703423613e-17       4.107548433853e-18 
 2325       1.516596856428e-11       6.163738193233e-13      -1.091485426122e-12       4.268531493483e-15       2.006403507377e-16       1.035702460660e-17       4.034499875775e-18 
 2326       1.515550801303e-11       6.129060704036e-13      -1.090325981400e-12       4.263575222985e-15       2.002852696759e-16       1.038547643065e-17       3.962872358462e-18 
 2327       1.514498448062e-11       6.094403512699e-13      -1.089026887643e-12       4.258626248567e-15       1.999309558509e-16       1.041214410524e-17       3.892771806148e-18 
 2328       1.513438708805e-11       6.059776585709e-13      -1.087588297643e-12       4.253684371342e-15       1.995774069562e-16       1.043678119339e-17       3.824304497198e-18 
 2329       1.512370491924e-11       6.025189923381e-13      -1.086010365636e-12       4.248749391638e-15       1.992246206687e-16       1.045914042330e-17       3.757577064485e-18 
 2330       1.511292702096e-11       5.990653559890e-13      -1.084293247297e-12       4.243821108993e-15       1.988725946487e-16       1.047897368743e-17       3.692696495767e-18 
 2331       1.510204345788e-11       5.956176962552e-13      -1.082437388831e-12       4.238899330822e-15       1.985213267079e-16       1.049609670390e-17       3.629742858931e-18 
 2332       1.509104848518e-11       5.921767225481e-13      -1.080444396209e-12       4.233983898465e-15       1.981708153143e-16       1.051058344620e-17       3.568687289751e-18 
 2333       1.507993739581e-11       5.887430864659e-13      -1.078316171398e-12       4.229074661300e-15       1.978210590904e-16       1.052257293290e-17       3.509473489765e-18 
 2334       1.506870546716e-11       5.853174417687e-13      -1.076054623771e-12       4.224171468092e-15       1.974720566455e-16       1.053220467679e-17       3.452044954410e-18 
 2335       1.505734796105e-11       5.819004443800e-13      -1.073661670126e-12       4.219274166990e-15       1.971238065756e-16       1.053961868545e-17       3.396344972795e-18 
 2336       1.504586012375e-11       5.784927523898e-13      -1.071139234682e-12       4.214382605531e-15       1.967763074637e-16       1.054495546174e-17       3.342316627477e-18 
 2337       1.503423718591e-11       5.750950260566e-13      -1.068489249100e-12       4.209496630638e-15       1.964295578791e-16       1.054835600439e-17       3.289902794234e-18 
 2338       1.502247436257e-11       5.717079278094e-13      -1.065713652479e-12       4.204616088615e-15       1.960835563784e-16       1.054996180848e-17       3.239046141840e-18 
 2339       1.501056685314e-11       5.683321222503e-13      -1.062814391374e-12       4.199740825151e-15       1.957383015045e-16       1.054991486602e-17       3.189689131839e-18 
 2340       1.499850984138e-11       5.649682761568e-13      -1.059793419801e-12       4.194870685319e-15       1.953937917871e-16       1.054835766647e-17       3.141774018323e-18 
 2341       1.498629849541e-11       5.616170584838e-13      -1.056652699240e-12       4.190005513571e-15       1.950500257426e-16       1.054543319725e-17       3.095242847699e-18 
 2342       1.497392796765e-11       5.582791403664e-13      -1.053394198653e-12       4.185145153745e-15       1.947070018742e-16       1.054128494434e-17       3.050037458471e-18 
 2343       1.496139339482e-11       5.549551951214e-13      -1.050019894485e-12       4.180289449055e-15       1.943647186715e-16       1.053605689274e-17       3.006099481012e-18 
 2344       1.494868989794e-11       5.516458982504e-13      -1.046531770675e-12       4.175438242098e-15       1.940231746108e-16       1.052989352705e-17       2.963370337336e-18 
 2345       1.493581258230e-11       5.483519274417e-13      -1.042931818662e-12       4.170591374849e-15       1.936823681552e-16       1.052293983200e-17       2.921791240875e-18 
 2346       1.492275653744e-11       5.450739625723e-13      -1.039222037397e-12       4.165748688663e-15       1.933422977541e-16       1.051534129300e-17       2.881303196255e-18 
 2347       1.490951683715e-11       5.418126857108e-13      -1.035404433348e-12       4.160910024270e-15       1.930029618436e-16       1.050724389661e-17       2.841846999065e-18 
 2348       1.489608853942e-11       5.385687811192e-13      -1.031481020510e-12       4.156075221781e-15       1.926643588464e-16       1.049879413118e-17       2.803363235639e-18 
 2349       1.488246668647e-11       5.353429352556e-13      -1.027453820413e-12       4.151244120680e-15       1.923264871717e-16       1.049013898730e-17       2.765792282824e-18 
 2350       1.486864630469e-11       5.321358367759e-13      -1.023324862129e-12       4.146416559830e-15       1.919893452152e-16       1.048142595835e-17       2.729074307756e-18 
 2351       1.485462240466e-11       5.289481765367e-13      -1.019096182282e-12       4.141592377465e-15       1.916529313591e-16       1.047280304109e-17       2.693149267638e-18 
 2352       1.484038998110e-11       5.257806475971e-13      -1.014769825054e-12       4.136771411198e-15       1.913172439721e-16       1.046441873612e-17       2.657956909511e-18 
 2353       1.482594401288e-11       5.226339452214e-13      -1.010347842198e-12       4.131953498012e-15       1.909822814094e-16       1.045642204847e-17       2.623436770029e-18 
 2354       1.481127946298e-11       5.195087668810e-13      -1.005832293038e-12       4.127138474266e-15       1.906480420125e-16       1.044896248811e-17       2.589528175234e-18 
 2355       1.479639127851e-11       5.164058122571e-13      -1.001225244487e-12       4.122326175688e-15       1.903145241096e-16       1.044219007051e-17       2.556170240331e-18 
 2356       1.478127439064e-11       5.133257832424e-13      -9.965287710482e-13       4.117516437380e-15       1.899817260149e-16       1.043625531713e-17       2.523301869461e-18 
 2357       1.476592371465e-11       5.102693839440e-13      -9.917449548249e-13       4.112709093815e-15       1.896496460295e-16       1.043130925602e-17       2.490861755478e-18 
 2358       1.475033414985e-11       5.072373206853e-13      -9.868758855305e-13       4.107903978834e-15       1.893182824404e-16       1.042750342228e-17       2.458788379720e-18 
 2359       1.473450057959e-11       5.042303020085e-13      -9.819236604952e-13       4.103100925649e-15       1.889876335212e-16       1.042498985867e-17       2.427020011787e-18 
 2360       1.471841787127e-11       5.012490386767e-13      -9.768903846748e-13       4.098299766841e-15       1.886576975319e-16       1.042392111609e-17       2.395494709312e-18 
 2361       1.470208087626e-11       4.982942436762e-13      -9.717781706587e-13       4.093500334358e-15       1.883284727187e-16       1.042445025414e-17       2.364150317739e-18 
 2362       1.468548442995e-11       4.953666322189e-13      -9.665891386783e-13       4.088702459516e-15       1.879999573141e-16       1.042673084168e-17       2.332924470096e-18 
 2363       1.466862335171e-11       4.924669217448e-13      -9.613254166152e-13       4.083905972998e-15       1.876721495369e-16       1.043091695729e-17       2.301754586768e-18 
 2364       1.465149244483e-11       4.895958319235e-13      -9.559891400093e-13       4.079110704852e-15       1.873450475923e-16       1.043716318990e-17       2.270577875273e-18 
 2365       1.463408649659e-11       4.867540846575e-13      -9.505824520676e-13       4.074316484493e-15       1.870186496714e-16       1.044562463925e-17       2.239331330038e-18 
 2366       1.461640027817e-11       4.839424040836e-13      -9.451075036717e-13       4.069523140697e-15       1.866929539520e-16       1.045645691646e-17       2.207951732171e-18 
 2367       1.459842854465e-11       4.811615165758e-13      -9.395664533865e-13       4.064730501609e-15       1.863679585978e-16       1.046981614458e-17       2.176375649234e-18 
 2368       1.458016603502e-11       4.784121507474e-13      -9.339614674686e-13       4.059938394732e-15       1.860436617588e-16       1.048585895908e-17       2.144539435024e-18 
 2369       1.456160747214e-11       4.756950374530e-13      -9.282947198739e-13       4.055146646934e-15       1.857200615710e-16       1.050474250843e-17       2.112379229339e-18 
 2370       1.454274756273e-11       4.730109097911e-13      -9.225683922668e-13       4.050355084446e-15       1.853971561569e-16       1.052662445462e-17       2.079830957761e-18 
 2371       1.452358213043e-11       4.703604001868e-13      -9.167846807456e-13       4.045563552394e-15       1.850749436745e-16       1.055162441091e-17       2.046842599547e-18 
 2372       1.450411152267e-11       4.677437309397e-13      -9.109458160508e-13       4.040771973553e-15       1.847534224661e-16       1.057970799387e-17       2.013411074570e-18 
 2373       1.448433722477e-11       4.651610217694e-13      -9.050540434986e-13       4.035980289955e-15       1.844325909108e-16       1.061080205642e-17       1.979545583714e-18 
 2374       1.446426072886e-11       4.626123925620e-13      -8.991116162823e-13       4.031188443389e-15       1.841124473747e-16       1.064483318531e-17       1.945255361472e-18 
 2375       1.444388353382e-11       4.600979633698e-13      -8.931207954808e-13       4.026396375396e-15       1.837929902110e-16       1.068172770080e-17       1.910549675980e-18 
 2376       1.442320714530e-11       4.576178544117e-13      -8.870838500669e-13       4.021604027275e-15       1.834742177600e-16       1.072141165642e-17       1.875437829054e-18 
 2377       1.440223307578e-11       4.551721860732e-13      -8.810030569159e-13       4.016811340078e-15       1.831561283490e-16       1.076381083865e-17       1.839929156228e-18 
 2378       1.438096284449e-11       4.527610789064e-13      -8.748807008137e-13       4.012018254608e-15       1.828387202922e-16       1.080885076663e-17       1.804033026787e-18 
 2379       1.435939797750e-11       4.503846536301e-13      -8.687190744656e-13       4.007224711427e-15       1.825219918910e-16       1.085645669190e-17       1.767758843806e-18 
 2380       1.433754000767e-11       4.480430311301e-13      -8.625204785043e-13       4.002430650845e-15       1.822059414337e-16       1.090655359810e-17       1.731116044185e-18 
 2381       1.431539047469e-11       4.457363324590e-13      -8.562872214983e-13       3.997636012930e-15       1.818905671957e-16       1.095906620065e-17       1.694114098686e-18 
 2382       1.429295092508e-11       4.434646788364e-13      -8.500216199608e-13       3.992840737497e-15       1.815758674390e-16       1.101391894654e-17       1.656762511969e-18 
 2383       1.427022291220e-11       4.412281916491e-13      -8.437259983574e-13       3.988044764119e-15       1.812618404130e-16       1.107103601395e-17       1.619070822627e-18 
 2384       1.424720799624e-11       4.390269924510e-13      -8.374026891151e-13       3.983248032119e-15       1.809484843538e-16       1.113034131204e-17       1.581048603224e-18 
 2385       1.422390774424e-11       4.368612029634e-13      -8.310540326302e-13       3.978450480570e-15       1.806357974844e-16       1.119175848062e-17       1.542705460331e-18 
 2386       1.420032373011e-11       4.347309450749e-13      -8.246823772771e-13       3.973652048300e-15       1.803237780146e-16       1.125521088986e-17       1.504051034560e-18 
 2387       1.417645753463e-11       4.326363408415e-13      -8.182900794164e-13       3.968852673886e-15       1.800124241414e-16       1.132062164004e-17       1.465095000606e-18 
 2388       1.415231074544e-11       4.305775124868e-13      -8.118795034036e-13       3.964052295656e-15       1.797017340483e-16       1.138791356123e-17       1.425847067274e-18 
 2389       1.412788495706e-11       4.285545824020e-13      -8.054530215971e-13       3.959250851691e-15       1.793917059058e-16       1.145700921302e-17       1.386316977526e-18 
 2390       1.410318177092e-11       4.265676731461e-13      -7.990130143669e-13       3.954448279821e-15       1.790823378713e-16       1.152783088420e-17       1.346514508507e-18 
 2391       1.407820279533e-11       4.246169074459e-13      -7.925618701028e-13       3.949644517625e-15       1.787736280889e-16       1.160030059253e-17       1.306449471590e-18 
 2392       1.405294964551e-11       4.227024081959e-13      -7.861019852231e-13       3.944839502433e-15       1.784655746894e-16       1.167434008441e-17       1.266131712407e-18 
 2393       1.402742394360e-11       4.208242984588e-13      -7.796357641826e-13       3.940033171326e-15       1.781581757906e-16       1.174987083459e-17       1.225571110885e-18 
 2394       1.400162731863e-11       4.189827014654e-13      -7.731656194813e-13       3.935225461132e-15       1.778514294969e-16       1.182681404591e-17       1.184777581286e-18 
 2395       1.397556140661e-11       4.171777406144e-13      -7.666939716726e-13       3.930416308430e-15       1.775453338995e-16       1.190509064901e-17       1.143761072241e-18 
 2396       1.394922785043e-11       4.154095394731e-13      -7.602232493718e-13       3.925605649545e-15       1.772398870762e-16       1.198462130201e-17       1.102531566786e-18 
 2397       1.392262829997e-11       4.136782217768e-13      -7.537558892645e-13       3.920793420554e-15       1.769350870918e-16       1.206532639027e-17       1.061099082397e-18 
 2398       1.389576441203e-11       4.119839114294e-13      -7.472943361149e-13       3.915979557280e-15       1.766309319974e-16       1.214712602604e-17       1.019473671031e-18 
 2399       1.386863785038e-11       4.103267325033e-13      -7.408410427744e-13       3.911163995295e-15       1.763274198312e-16       1.222994004826e-17       9.776654191576e-19 
 2400       1.384125028576e-11       4.087068092395e-13      -7.343984701897e-13       3.906346669916e-15       1.760245486176e-16       1.231368802218e-17       9.356844477961e-19 
 2401       1.381360339588e-11       4.071242660477e-13      -7.279690874114e-13       3.901527516212e-15       1.757223163680e-16       1.239828923915e-17       8.935409125537e-19 
 2402       1.378569886543e-11       4.055792275062e-13      -7.215553716024e-13       3.896706468994e-15       1.754207210802e-16       1.248366271628e-17       8.512450036600e-19 
 2403       1.375753838609e-11       4.040718183625e-13      -7.151598080461e-13       3.891883462824e-15       1.751197607388e-16       1.256972719617e-17       8.088069460041e-19 
 2404       1.372912365655e-11       4.026021635328e-13      -7.087848901551e-13       3.887058432007e-15       1.748194333149e-16       1.265640114664e-17       7.662369991702e-19 
 2405       1.370045638248e-11       4.011703881023e-13      -7.024331194792e-13       3.882231310597e-15       1.745197367660e-16       1.274360276042e-17       7.235454574745e-19 
 2406       1.367153827659e-11       3.997766173255e-13      -6.961070057144e-13       3.877402032392e-15       1.742206690364e-16       1.283124995488e-17       6.807426500011e-19 
 2407       1.364237105859e-11       3.984209766261e-13      -6.898090667106e-13       3.872570530937e-15       1.739222280569e-16       1.291926037171e-17       6.378389406381e-19 
 2408       1.361295645523e-11       3.971035915971e-13      -6.835418284804e-13       3.867736739521e-15       1.736244117447e-16       1.300755137668e-17       5.948447281145e-19 
 2409       1.358329620029e-11       3.958245880006e-13      -6.773078252074e-13       3.862900591179e-15       1.733272180036e-16       1.309604005932e-17       5.517704460356e-19 
 2410       1.355339203460e-11       3.945840917686e-13      -6.711095992547e-13       3.858062018690e-15       1.730306447238e-16       1.318464323265e-17       5.086265629201e-19 
 2411       1.352324623214e-11       3.933821455583e-13      -6.649494746822e-13       3.853220974841e-15       1.727346899165e-16       1.327330619939e-17       4.654219159167e-19 
 2412       1.349286318189e-11       3.922184578658e-13      -6.588288762792e-13       3.848377493350e-15       1.724393521172e-16       1.336208924214e-17       4.221587008257e-19 
 2413       1.346224781559e-11       3.910926523892e-13      -6.527490064136e-13       3.843531628311e-15       1.721446299849e-16       1.345108165789e-17       3.788374517249e-19 
 2414       1.343140508257e-11       3.900043513327e-13      -6.467110711503e-13       3.838683433965e-15       1.718505221676e-16       1.354037303950e-17       3.354587045276e-19 
 2415       1.340033994973e-11       3.889531754052e-13      -6.407162802551e-13       3.833832964703e-15       1.715570273022e-16       1.363005327600e-17       2.920229969845e-19 
 2416       1.336905740156e-11       3.879387438183e-13      -6.347658471988e-13       3.828980275061e-15       1.712641440149e-16       1.372021255291e-17       2.485308686858e-19 
 2417       1.333756244020e-11       3.869606742848e-13      -6.288609891606e-13       3.824125419724e-15       1.709718709209e-16       1.381094135254e-17       2.049828610627e-19 
 2418       1.330586008540e-11       3.860185830173e-13      -6.230029270317e-13       3.819268453528e-15       1.706802066245e-16       1.390233045429e-17       1.613795173894e-19 
 2419       1.327395537457e-11       3.851120847264e-13      -6.171928854194e-13       3.814409431453e-15       1.703891497189e-16       1.399447093496e-17       1.177213827852e-19 
 2420       1.324185336281e-11       3.842407926187e-13      -6.114320926505e-13       3.809548408629e-15       1.700986987863e-16       1.408745416906e-17       7.400900421590e-20 
 2421       1.320955912290e-11       3.834043183959e-13      -6.057217807752e-13       3.804685440336e-15       1.698088523981e-16       1.418137182913e-17       3.024293049627e-20 
 2422       1.317707774533e-11       3.826022722527e-13      -6.000631855707e-13       3.799820582001e-15       1.695196091145e-16       1.427631588602e-17      -1.357628770857e-20 
 2423       1.314441433834e-11       3.818342628750e-13      -5.944575465451e-13       3.794953889200e-15       1.692309674847e-16       1.437237860920e-17      -5.744809788107e-20 
 2424       1.311157402790e-11       3.810998974388e-13      -5.889061069408e-13       3.790085417658e-15       1.689429260469e-16       1.446965256708e-17      -1.013719456494e-19 
 2425       1.307856195775e-11       3.803987816082e-13      -5.834101137387e-13       3.785215223250e-15       1.686554833282e-16       1.456823062733e-17      -1.453472747856e-19 
 2426       1.304538328943e-11       3.797305195338e-13      -5.779708176613e-13       3.780343361999e-15       1.683686378448e-16       1.466820595713e-17      -1.893735272036e-19 
 2427       1.301204320227e-11       3.790947138510e-13      -5.725894731770e-13       3.775469890078e-15       1.680823881016e-16       1.476967202355e-17      -2.334501429576e-19 
 2428       1.297854689343e-11       3.784909656788e-13      -5.672673385036e-13       3.770594863809e-15       1.677967325924e-16       1.487272259380e-17      -2.775765602400e-19 
 2429       1.294489957792e-11       3.779188746175e-13      -5.620056756120e-13       3.765718339664e-15       1.675116698001e-16       1.497745173556e-17      -3.217522153795e-19 
 2430       1.291110648859e-11       3.773780387476e-13      -5.568057502298e-13       3.760840374265e-15       1.672271981962e-16       1.508395381729e-17      -3.659765428392e-19 
 2431       1.287717287620e-11       3.768680546279e-13      -5.516688318452e-13       3.755961024383e-15       1.669433162413e-16       1.519232350851e-17      -4.102489752152e-19 
 2432       1.284310400937e-11       3.763885172941e-13      -5.465961937109e-13       3.751080346939e-15       1.666600223848e-16       1.530265578016e-17      -4.545689432339e-19 
 2433       1.280890517466e-11       3.759390202567e-13      -5.415891128471e-13       3.746198399006e-15       1.663773150648e-16       1.541504590483e-17      -4.989358757508e-19 
 2434       1.277458167657e-11       3.755191554999e-13      -5.366488700463e-13       3.741315237804e-15       1.660951927083e-16       1.552958945715e-17      -5.433491997485e-19 
 2435       1.274013883753e-11       3.751285134797e-13      -5.317767498760e-13       3.736430920707e-15       1.658136537311e-16       1.564638231403e-17      -5.878083403346e-19 
 2436       1.270558199798e-11       3.747666831223e-13      -5.269740406831e-13       3.731545505236e-15       1.655326965378e-16       1.576552065500e-17      -6.323127207400e-19 
 2437       1.267091651630e-11       3.744332518224e-13      -5.222420345972e-13       3.726659049066e-15       1.652523195217e-16       1.588710096251e-17      -6.768617623170e-19 
 2438       1.263614776893e-11       3.741278054418e-13      -5.175820275347e-13       3.721771610021e-15       1.649725210651e-16       1.601122002222e-17      -7.214548845374e-19 
 2439       1.260128115030e-11       3.738499283075e-13      -5.129953192021e-13       3.716883246075e-15       1.646932995388e-16       1.613797492334e-17      -7.660915049906e-19 
 2440       1.256632207290e-11       3.735992032101e-13      -5.084832131002e-13       3.711994015355e-15       1.644146533023e-16       1.626746305891e-17      -8.107710393820e-19 
 2441       1.253127596730e-11       3.733752114023e-13      -5.040470165274e-13       3.707103976139e-15       1.641365807040e-16       1.639978212612e-17      -8.554929015306e-19 
 2442       1.249614828212e-11       3.731775325973e-13      -4.996880405835e-13       3.702213186854e-15       1.638590800810e-16       1.653503012658e-17      -9.002565033676e-19 
 2443       1.246094448411e-11       3.730057449669e-13      -4.954076001737e-13       3.697321706081e-15       1.635821497590e-16       1.667330536671e-17      -9.450612549345e-19 
 2444       1.242567005813e-11       3.728594251402e-13      -4.912070140121e-13       3.692429592552e-15       1.633057880524e-16       1.681470645795e-17      -9.899065643808e-19 
 2445       1.239033050718e-11       3.727381482017e-13      -4.870876046253e-13       3.687536905151e-15       1.630299932642e-16       1.695933231712e-17      -1.034791837963e-18 
 2446       1.235493135241e-11       3.726414876896e-13      -4.830506983564e-13       3.682643702912e-15       1.627547636862e-16       1.710728216673e-17      -1.079716480040e-18 
 2447       1.231947813318e-11       3.725690155948e-13      -4.790976253686e-13       3.677750045022e-15       1.624800975987e-16       1.725865553525e-17      -1.124679893078e-18 
 2448       1.228397640699e-11       3.725203023583e-13      -4.752297196489e-13       3.672855990822e-15       1.622059932706e-16       1.741355225746e-17      -1.169681477638e-18 
 2449       1.224843174959e-11       3.724949168703e-13      -4.714483190118e-13       3.667961599802e-15       1.619324489597e-16       1.757207247473e-17      -1.214720632386e-18 
 2450       1.221284975497e-11       3.724924264684e-13      -4.677547651030e-13       3.663066931607e-15       1.616594629120e-16       1.773431663533e-17      -1.259796754080e-18 
 2451       1.217723590552e-11       3.725123795933e-13      -4.641501659220e-13       3.658172055519e-15       1.613870335571e-16       1.790033576259e-17      -1.304903172664e-18 
 2452       1.214159518182e-11       3.725542536468e-13      -4.606346818312e-13       3.653277078977e-15       1.611151600935e-16       1.806998193418e-17      -1.350008916942e-18 
 2453       1.210593245060e-11       3.726175068192e-13      -4.572082352887e-13       3.648382119226e-15       1.608438419065e-16       1.824305691023e-17      -1.395076839966e-18 
 2454       1.207025259432e-11       3.727015954015e-13      -4.538707479414e-13       3.643487293854e-15       1.605730783740e-16       1.841936178364e-17      -1.440069673934e-18 
 2455       1.203456051125e-11       3.728059737833e-13      -4.506221406237e-13       3.638592720786e-15       1.603028688660e-16       1.859869697942e-17      -1.484950030065e-18 
 2456       1.199886111542e-11       3.729300944510e-13      -4.474623333570e-13       3.633698518287e-15       1.600332127448e-16       1.878086225402e-17      -1.529680398482e-18 
 2457       1.196315933670e-11       3.730734079858e-13      -4.443912453479e-13       3.628804804961e-15       1.597641093652e-16       1.896565669459e-17      -1.574223148080e-18 
 2458       1.192746012075e-11       3.732353630615e-13      -4.414087949881e-13       3.623911699754e-15       1.594955580744e-16       1.915287871835e-17      -1.618540526412e-18 
 2459       1.189176842910e-11       3.734154064428e-13      -4.385148998525e-13       3.619019321950e-15       1.592275582115e-16       1.934232607186e-17      -1.662594659560e-18 
 2460       1.185608923912e-11       3.736129829832e-13      -4.357094766988e-13       3.614127791178e-15       1.589601091083e-16       1.953379583037e-17      -1.706347552014e-18 
 2461       1.182042754406e-11       3.738275356230e-13      -4.329924414662e-13       3.609237227403e-15       1.586932100887e-16       1.972708439709e-17      -1.749761086549e-18 
 2462       1.178478835305e-11       3.740585053872e-13      -4.303637092745e-13       3.604347750936e-15       1.584268604690e-16       1.992198750255e-17      -1.792797024101e-18 
 2463       1.174917669112e-11       3.743053313838e-13      -4.278231944229e-13       3.599459482427e-15       1.581610595575e-16       2.011830020388e-17      -1.835417003648e-18 
 2464       1.171359759925e-11       3.745674508018e-13      -4.253708103892e-13       3.594572542870e-15       1.578958066551e-16       2.031581688416e-17      -1.877582542082e-18 
 2465       1.167805613432e-11       3.748442989087e-13      -4.230064698286e-13       3.589687053599e-15       1.576311010548e-16       2.051433125166e-17      -1.919255034087e-18 
 2466       1.164255736917e-11       3.751353090494e-13      -4.207300845729e-13       3.584803136294e-15       1.573669420417e-16       2.071363633925e-17      -1.960395752019e-18 
 2467       1.160710639262e-11       3.754399126433e-13      -4.185415656293e-13       3.579920912976e-15       1.571033288932e-16       2.091352450364e-17      -2.000965845780e-18 
 2468       1.157170830948e-11       3.757575391831e-13      -4.164408231792e-13       3.575040506010e-15       1.568402608792e-16       2.111378742473e-17      -2.040926342698e-18 
 2469       1.153636824052e-11       3.760876162323e-13      -4.144277665777e-13       3.570162038104e-15       1.565777372613e-16       2.131421610491e-17      -2.080238147401e-18 
 2470       1.150109132257e-11       3.764295694233e-13      -4.125023043520e-13       3.565285632312e-15       1.563157572937e-16       2.151460086837e-17      -2.118862041693e-18 
 2471       1.146588270848e-11       3.767828224559e-13      -4.106643442010e-13       3.560411412030e-15       1.560543202226e-16       2.171473136041e-17      -2.156758684437e-18 
 2472       1.143074756713e-11       3.771467970944e-13      -4.089137929936e-13       3.555539501001e-15       1.557934252865e-16       2.191439654680e-17      -2.193888611427e-18 
 2473       1.139569108348e-11       3.775209131666e-13      -4.072505567683e-13       3.550670023312e-15       1.555330717158e-16       2.211338471303e-17      -2.230212235265e-18 
 2474       1.136071845856e-11       3.779045885612e-13      -4.056745407315e-13       3.545803103394e-15       1.552732587335e-16       2.231148346363e-17      -2.265689845241e-18 
 2475       1.132583490951e-11       3.782972392260e-13      -4.041856492574e-13       3.540938866027e-15       1.550139855542e-16       2.250847972155e-17      -2.300281607208e-18 
 2476       1.129104566956e-11       3.786982791659e-13      -4.027837858860e-13       3.536077436333e-15       1.547552513851e-16       2.270415972739e-17      -2.333947563458e-18 
 2477       1.125635598810e-11       3.791071204409e-13      -4.014688533227e-13       3.531218939784e-15       1.544970554252e-16       2.289830903876e-17      -2.366647632602e-18 
 2478       1.122177113063e-11       3.795231731643e-13      -4.002407534372e-13       3.526363502196e-15       1.542393968659e-16       2.309071252958e-17      -2.398341609445e-18 
 2479       1.118729637882e-11       3.799458455004e-13      -3.990993872624e-13       3.521511249734e-15       1.539822748905e-16       2.328115438942e-17      -2.428989164864e-18 
 2480       1.115293703052e-11       3.803745436628e-13      -3.980446549931e-13       3.516662308909e-15       1.537256886744e-16       2.346941812276e-17      -2.458549845684e-18 
 2481       1.111869839978e-11       3.808086719124e-13      -3.970764559856e-13       3.511816806580e-15       1.534696373852e-16       2.365528654834e-17      -2.486983074555e-18 
 2482       1.108458581683e-11       3.812476325550e-13      -3.961946887561e-13       3.506974869953e-15       1.532141201824e-16       2.383854179849e-17      -2.514248149830e-18 
 2483       1.105060462816e-11       3.816908259401e-13      -3.953992509800e-13       3.502136626584e-15       1.529591362178e-16       2.401896531838e-17      -2.540304245442e-18 
 2484       1.101676019646e-11       3.821376504582e-13      -3.946900394907e-13       3.497302204378e-15       1.527046846350e-16       2.419633786541e-17      -2.565110410781e-18 
 2485       1.098305790071e-11       3.825875025391e-13      -3.940669502789e-13       3.492471731585e-15       1.524507645699e-16       2.437043950848e-17      -2.588625570569e-18 
 2486       1.094950313613e-11       3.830397766499e-13      -3.935298784910e-13       3.487645336809e-15       1.521973751501e-16       2.454104962729e-17      -2.610808524741e-18 
 2487       1.091610131426e-11       3.834938652933e-13      -3.930787184288e-13       3.482823149001e-15       1.519445154956e-16       2.470794691170e-17      -2.631617948317e-18 
 2488       1.088285786292e-11       3.839491590049e-13      -3.927133635478e-13       3.478005297462e-15       1.516921847182e-16       2.487090936100e-17      -2.651012391284e-18 
 2489       1.084977822625e-11       3.844050463521e-13      -3.924337064567e-13       3.473191911844e-15       1.514403819216e-16       2.502971428325e-17      -2.668950278469e-18 
 2490       1.081686786473e-11       3.848609139313e-13      -3.922396389161e-13       3.468383122149e-15       1.511891062018e-16       2.518413829458e-17      -2.685389909421e-18 
 2491       1.078413165159e-11       3.853161792956e-13      -3.921307861714e-13       3.463579051782e-15       1.509383564039e-16       2.533401214444e-17      -2.700304647216e-18 
 2492       1.075157205810e-11       3.857703899495e-13      -3.921057082479e-13       3.458779796669e-15       1.506881303931e-16       2.547938554481e-17      -2.713728582710e-18 
 2493       1.071919095764e-11       3.862231249320e-13      -3.921626939587e-13       3.453985446016e-15       1.504384257799e-16       2.562036330853e-17      -2.725711138467e-18 
 2494       1.068699022834e-11       3.866739619389e-13      -3.923000261385e-13       3.449196089246e-15       1.501892401619e-16       2.575705061169e-17      -2.736301904370e-18 
 2495       1.065497175309e-11       3.871224773215e-13      -3.925159816372e-13       3.444411816002e-15       1.499405711238e-16       2.588955299404e-17      -2.745550637792e-18 
 2496       1.062313741954e-11       3.875682460854e-13      -3.928088313139e-13       3.439632716144e-15       1.496924162379e-16       2.601797635936e-17      -2.753507263767e-18 
 2497       1.059148912010e-11       3.880108418889e-13      -3.931768400308e-13       3.434858879750e-15       1.494447730634e-16       2.614242697579e-17      -2.760221875160e-18 
 2498       1.056002875194e-11       3.884498370419e-13      -3.936182666468e-13       3.430090397118e-15       1.491976391469e-16       2.626301147627e-17      -2.765744732836e-18 
 2499       1.052875821702e-11       3.888848025044e-13      -3.941313640118e-13       3.425327358762e-15       1.489510120221e-16       2.637983685886e-17      -2.770126265834e-18 
 2500       1.049767942208e-11       3.893153078852e-13      -3.947143789598e-13       3.420569855418e-15       1.487048892100e-16       2.649301048713e-17      -2.773417071538e-18 
