# dimensionless total lensed [l(l+1)/2pi] C_l's
# for l=2 to 2500, i.e. number of multipoles equal to 2499
#
# -> if you prefer output in CAMB/HealPix/LensPix units/order, set 'format' to 'camb' in input file
# -> if you don't want to see such a header, set 'headers' to 'no' in input file
# -> for CMB lensing (phi), these are C_l^phi-phi for the lensing potential.
#    Remember the conversion factors:
#    C_l^dd (deflection) = l(l+1) C_l^phi-phi
#    C_l^gg (shear/convergence) = 1/4 (l(l+1))^2 C_l^phi-phi
#
# 1:l     2:TT                     3:EE                     4:TE                     5:BB                     6:phiphi                 7:TPhi                   8:Ephi               
    2       1.384790784773e-10       4.192551388976e-15       3.525875942343e-13       2.380592486198e-19       8.361710218275e-09       4.605543821782e-10      -1.844879111738e-12 
    3       1.310697588160e-10       5.375868292144e-15       3.968591669568e-13       4.762136718554e-19       5.138152470422e-09       3.261711871365e-10      -1.398122521198e-12 
    4       1.241400210538e-10       4.651274486921e-15       3.716708346434e-13       7.938992366874e-19       3.560969444787e-09       2.468069602859e-10      -9.158092880387e-13 
    5       1.190076993163e-10       3.104449255384e-15       3.169942199419e-13       1.191238111542e-18       2.651284449705e-09       1.948727447055e-10      -5.095015316743e-13 
    6       1.155501829337e-10       1.737703115339e-15       2.557192936084e-13       1.668379035165e-18       2.066724657602e-09       1.584902101791e-10      -2.101166857505e-13 
    7       1.133626977324e-10       9.405607476105e-16       2.011559564813e-13       2.225494826693e-18       1.664391968340e-09       1.317796823033e-10      -1.926792452960e-14 
    8       1.121669230642e-10       6.076895954055e-16       1.591860532216e-13       2.862779549019e-18       1.373514042438e-09       1.115229203010e-10       7.797646308908e-14 
    9       1.117115082330e-10       4.884425850715e-16       1.311674199629e-13       3.580445399788e-18       1.155142474193e-09       9.581101545267e-11       1.050186149169e-13 
   10       1.117625036862e-10       4.180112230608e-16       1.158159683008e-13       4.378719410329e-18       9.862918230026e-10       8.336540252552e-11       8.780524916041e-14 
   11       1.122633948617e-10       3.546474847551e-16       1.104778860081e-13       5.257840036286e-18       8.443364819228e-10       7.404827928718e-11       5.055325884633e-14 
   12       1.130576175540e-10       3.133597951934e-16       1.120773360563e-13       6.218053724490e-18       7.379996255579e-10       6.546666982568e-11       1.085028692185e-14 
   13       1.140959109612e-10       3.045414194940e-16       1.179082160748e-13       7.259611538826e-18       6.506551464365e-10       5.849303553197e-11      -1.923878689414e-14 
   14       1.153310068968e-10       3.200292950052e-16       1.259230583801e-13       8.382765923487e-18       5.779483276171e-10       5.242000352539e-11      -3.549187834023e-14 
   15       1.167479780684e-10       3.483508168962e-16       1.348102251647e-13       9.587767675284e-18       5.167238743082e-10       4.730961442160e-11      -3.815809919840e-14 
   16       1.182679568172e-10       3.874224359010e-16       1.438942868094e-13       1.087486318791e-17       4.646463158138e-10       4.290249753738e-11      -3.126634415885e-14 
   17       1.199227105584e-10       4.430832582808e-16       1.529436858882e-13       1.224429202042e-17       4.199544746468e-10       3.905516607997e-11      -2.007284209198e-14 
   18       1.216451286599e-10       5.208131279606e-16       1.622212201855e-13       1.369628469637e-17       3.811546267846e-10       3.570038102738e-11      -9.500892111240e-15 
   19       1.234459053167e-10       6.209127540445e-16       1.719497990540e-13       1.523106169782e-17       3.476231712515e-10       3.278991984600e-11      -2.153583485738e-15 
   20       1.253191937510e-10       7.413430316992e-16       1.822673732442e-13       1.684883071383e-17       3.180849559582e-10       3.020640831476e-11       2.820416288148e-16 
   21       1.272656495675e-10       8.815541869925e-16       1.931219671782e-13       1.854978783371e-17       2.920769764719e-10       2.790267588284e-11      -1.590741042965e-15 
   22       1.292579480467e-10       1.041178808990e-15       2.043217063812e-13       2.033411468427e-17       2.689745950174e-10       2.582079021608e-11      -5.974122152061e-15 
   23       1.313026519113e-10       1.220430151720e-15       2.155384600308e-13       2.220198133052e-17       2.484695252045e-10       2.395268440710e-11      -1.107753337320e-14 
   24       1.333945258472e-10       1.419542920307e-15       2.263545099744e-13       2.415354293194e-17       2.300946566721e-10       2.228215651323e-11      -1.500327557684e-14 
   25       1.355278277902e-10       1.638796089920e-15       2.364600909055e-13       2.618894321984e-17       2.136013674457e-10       2.078628146630e-11      -1.693743870780e-14 
   26       1.376840552583e-10       1.878644281933e-15       2.455910947111e-13       2.830831220784e-17       1.986675056605e-10       1.942699691988e-11      -1.656542768308e-14 
   27       1.398728765299e-10       2.140826311866e-15       2.536763301230e-13       3.051177411609e-17       1.852159055969e-10       1.819488041460e-11      -1.442086403275e-14 
   28       1.420973583170e-10       2.427722325867e-15       2.607288209681e-13       3.279943993793e-17       1.730838525264e-10       1.707452624658e-11      -1.153869385282e-14 
   29       1.443469447507e-10       2.741735611019e-15       2.667931539934e-13       3.517140761150e-17       1.619771787510e-10       1.603940212586e-11      -9.071857556506e-15 
   30       1.466283125417e-10       3.084030259467e-15       2.719180388187e-13       3.762777503974e-17       1.518347613354e-10       1.508844540519e-11      -7.415872287113e-15 
   31       1.489430938489e-10       3.455282988880e-15       2.761775295987e-13       4.016863104145e-17       1.425813905777e-10       1.422164281910e-11      -6.748470901273e-15 
   32       1.512830902962e-10       3.856113502227e-15       2.796390427692e-13       4.279405449485e-17       1.340707957213e-10       1.343182226936e-11      -7.151307092706e-15 
   33       1.536477231476e-10       4.287525910785e-15       2.822180483899e-13       4.550412503559e-17       1.262566631715e-10       1.271229389951e-11      -8.259208300082e-15 
   34       1.560305412496e-10       4.750619096312e-15       2.837683614615e-13       4.829891573353e-17       1.190698426264e-10       1.205055385833e-11      -9.466500718491e-15 
   35       1.584201821517e-10       5.246454238177e-15       2.841345784324e-13       5.117849240549e-17       1.124034374201e-10       1.143054127563e-11      -1.016469404540e-14 
   36       1.608239102180e-10       5.776002870560e-15       2.832100001962e-13       5.414292169963e-17       1.062401429189e-10       1.085008470093e-11      -1.029012590061e-14 
   37       1.632507395878e-10       6.340174862663e-15       2.808969636675e-13       5.719226564394e-17       1.005606356042e-10       1.030867398191e-11      -9.962272330970e-15 
   38       1.657043609812e-10       6.939827011320e-15       2.770908469341e-13       6.032657947831e-17       9.530507454046e-11       9.802430551805e-12      -9.342643132520e-15 
   39       1.681841414632e-10       7.575749714894e-15       2.717050379279e-13       6.354591211528e-17       9.039467611263e-11       9.325938156381e-12      -8.612560255613e-15 
   40       1.706901318684e-10       8.248631371084e-15       2.647573276162e-13       6.685030776248e-17       8.581437897281e-11       8.879264760857e-12      -7.889847173149e-15 
   41       1.732186668829e-10       8.959075064292e-15       2.563121189323e-13       7.023980481844e-17       8.155210946758e-11       8.462798990179e-12      -7.288915014711e-15 
   42       1.757603313515e-10       9.707602100628e-15       2.464589023123e-13       7.371443545426e-17       7.757411628486e-11       8.075151574512e-12      -6.944780173572e-15 
   43       1.783045551205e-10       1.049471452074e-14       2.352776290519e-13       7.727422349058e-17       7.383744251937e-11       7.713846472035e-12      -6.971324380192e-15 
   44       1.808563765442e-10       1.132111727274e-14       2.227185208294e-13       8.091917720072e-17       7.033630343754e-11       7.378024730100e-12      -7.317758460146e-15 
   45       1.834240044524e-10       1.218755724360e-14       2.086872095544e-13       8.464929428979e-17       6.706709962927e-11       7.066318312492e-12      -7.869370031116e-15 
   46       1.860139394384e-10       1.309476147341e-14       1.930767239250e-13       8.846456372174e-17       6.401449279116e-11       6.775974264163e-12      -8.485034094762e-15 
   47       1.886307641411e-10       1.404343662947e-14       1.757666460110e-13       9.236496559970e-17       6.115049078217e-11       6.502751143211e-12      -8.995665416619e-15 
   48       1.912770628949e-10       1.503417830885e-14       1.566466252368e-13       9.635046863631e-17       5.844305630973e-11       6.242138453145e-12      -9.250500239937e-15 
   49       1.939536432403e-10       1.606716994035e-14       1.356967262985e-13       1.004210220005e-16       5.588693741997e-11       5.993663075778e-12      -9.274979778747e-15 
   50       1.966590165344e-10       1.714239810320e-14       1.129282812555e-13       1.045765609670e-16       5.347995576809e-11       5.757618827558e-12      -9.154713163168e-15 
   51       1.993890759144e-10       1.825973028802e-14       8.836189908581e-14       1.088170088884e-16       5.121382328412e-11       5.533814266320e-12      -8.992404521707e-15 
   52       2.021368931791e-10       1.941890977031e-14       6.202786499338e-14       1.131422769534e-16       4.907371312806e-11       5.321536623283e-12      -8.908745633292e-15 
   53       2.048954646045e-10       2.061967962269e-14       3.395211854950e-14       1.175522664240e-16       4.704290829362e-11       5.119862232411e-12      -9.011493450194e-15 
   54       2.076672448722e-10       2.186220398952e-14       4.109035942292e-15       1.220468765833e-16       4.511913838416e-11       4.928764557468e-12      -9.291312795439e-15 
   55       2.104567107165e-10       2.314674620538e-14      -2.754279804395e-14       1.266259984087e-16       4.330169595819e-11       4.748228224839e-12      -9.700706123987e-15 
   56       2.132675488960e-10       2.447354942018e-14      -6.104743237289e-14       1.312895121348e-16       4.158651530908e-11       4.577906410686e-12      -1.018305289276e-14 
   57       2.161025767205e-10       2.584283688732e-14      -9.645175510959e-14       1.360372871146e-16       3.996595631960e-11       4.417099301146e-12      -1.067216824501e-14 
   58       2.189636625779e-10       2.725481225191e-14      -1.338056987740e-13       1.408691816813e-16       3.842858831640e-11       4.264732552514e-12      -1.109186169465e-14 
   59       2.218520336078e-10       2.870953644883e-14      -1.731490306178e-13       1.457850528051e-16       3.696233155951e-11       4.119646650563e-12      -1.137413026955e-14 
   60       2.247694626598e-10       3.020652435908e-14      -2.144676747607e-13       1.507847880004e-16       3.556522454678e-11       3.981592379710e-12      -1.151967398530e-14 
   61       2.277172170147e-10       3.174505482786e-14      -2.577275916606e-13       1.558682805966e-16       3.423677963557e-11       3.850428873728e-12      -1.155067887921e-14 
   62       2.306956304786e-10       3.332428200385e-14      -3.028870570355e-13       1.610354207831e-16       3.297474502575e-11       3.725822266726e-12      -1.149360468168e-14 
   63       2.337040370336e-10       3.494323144458e-14      -3.498964124689e-13       1.662860958027e-16       3.177500243230e-11       3.607234692295e-12      -1.137937517710e-14 
   64       2.367407044879e-10       3.660079622198e-14      -3.986978160150e-13       1.716201901453e-16       3.063146475803e-11       3.493913282652e-12      -1.124356856479e-14 
   65       2.398037745554e-10       3.829585692879e-14      -4.492382254790e-13       1.770375990254e-16       2.953775207831e-11       3.385096177770e-12      -1.111856942199e-14 
   66       2.428944635285e-10       4.002767998580e-14      -5.015121043230e-13       1.825382716996e-16       2.849286198886e-11       3.280705972346e-12      -1.100766518832e-14 
   67       2.460144228493e-10       4.179559697657e-14      -5.555273410391e-13       1.881221776959e-16       2.749652076818e-11       3.180783897786e-12      -1.090578784351e-14 
   68       2.491647550095e-10       4.359888776907e-14      -6.112929330348e-13       1.937892948933e-16       2.654745942846e-11       3.085280932524e-12      -1.080703438776e-14 
   69       2.523459753524e-10       4.543678008688e-14      -6.688191073832e-13       1.995396100870e-16       2.564336113124e-11       2.994052871372e-12      -1.070463235246e-14 
   70       2.555579738754e-10       4.730844908042e-14      -7.281174415728e-13       2.053731195529e-16       2.478080860299e-11       2.906855394876e-12      -1.059090531075e-14 
   71       2.587999770322e-10       4.921301689818e-14      -7.892009842570e-13       2.112898296133e-16       2.395523155077e-11       2.823339138669e-12      -1.045723838824e-14 
   72       2.620711479702e-10       5.114951668028e-14      -8.520756448789e-13       2.172897635386e-16       2.316207988987e-11       2.743143837749e-12      -1.029662570618e-14 
   73       2.653726055114e-10       5.311677749071e-14      -9.167121807943e-13       2.233729825320e-16       2.240072099820e-11       2.666212637257e-12      -1.011195545277e-14 
   74       2.687057254902e-10       5.511351642012e-14      -9.830690262569e-13       2.295395698128e-16       2.167119899445e-11       2.592529484089e-12      -9.909260207581e-15 
   75       2.720715134360e-10       5.713837098654e-14      -1.051100469858e-12       2.357896253338e-16       2.097305102966e-11       2.522022774370e-12      -9.695299961061e-15 
   76       2.754705809522e-10       5.918989789426e-14      -1.120756575934e-12       2.421232664911e-16       2.030528268943e-11       2.454562684790e-12      -9.477586573453e-15 
   77       2.789031220939e-10       6.126657179280e-14      -1.191983105980e-12       2.485406288336e-16       1.966634339610e-11       2.389958503947e-12      -9.264408233635e-15 
   78       2.823688897469e-10       6.336678403590e-14      -1.264721440051e-12       2.550418667731e-16       1.905410181098e-11       2.327955963682e-12      -9.064853918001e-15 
   79       2.858671720061e-10       6.548884144039e-14      -1.338908498179e-12       2.616271542933e-16       1.846582123658e-11       2.268234570417e-12      -8.888837849329e-15 
   80       2.893972531023e-10       6.763102013841e-14      -1.414482222647e-12       2.682966790389e-16       1.789883783971e-11       2.210486748265e-12      -8.744766843164e-15 
   81       2.929599403369e-10       6.979174063470e-14      -1.491399294178e-12       2.750506218353e-16       1.735278508066e-11       2.154676968017e-12      -8.632022006751e-15 
   82       2.965562604441e-10       7.196942102755e-14      -1.569620363382e-12       2.818891748910e-16       1.682771249682e-11       2.100822959071e-12      -8.547209903375e-15 
   83       3.001869841722e-10       7.416242439844e-14      -1.649104787172e-12       2.888125486808e-16       1.632340578944e-11       2.048916758862e-12      -8.486384800369e-15 
   84       3.038526116353e-10       7.636905859128e-14      -1.729810653152e-12       2.958209725335e-16       1.583937524102e-11       1.998923559238e-12      -8.445029477753e-15 
   85       3.075533576648e-10       7.858757599151e-14      -1.811694804004e-12       3.029146952185e-16       1.537484413276e-11       1.950780552829e-12      -8.418036036870e-15 
   86       3.112891371608e-10       8.081617330536e-14      -1.894712861874e-12       3.100939855331e-16       1.492873716193e-11       1.904395779421e-12      -8.399686709029e-15 
   87       3.150595504439e-10       8.305299133904e-14      -1.978819252765e-12       3.173591328896e-16       1.449966885931e-11       1.859646972321e-12      -8.383634664138e-15 
   88       3.188638686066e-10       8.529611477789e-14      -2.063967230923e-12       3.247104479023e-16       1.408593200661e-11       1.816380404734e-12      -8.362884819347e-15 
   89       3.227013564527e-10       8.754359908035e-14      -2.150107444404e-12       3.321482584992e-16       1.368590328342e-11       1.774448824702e-12      -8.331295224286e-15 
   90       3.265723313034e-10       8.979355647596e-14      -2.237183320751e-12       3.396728962781e-16       1.329935838089e-11       1.733834594350e-12      -8.288392961594e-15 
   91       3.304772440678e-10       9.204408311357e-14      -2.325134999042e-12       3.472847090820e-16       1.292634280648e-11       1.694543831586e-12      -8.235281860483e-15 
   92       3.344163469836e-10       9.429323333034e-14      -2.413900726780e-12       3.549840657966e-16       1.256676776179e-11       1.656568481014e-12      -8.173192710457e-15 
   93       3.383896840258e-10       9.653901983714e-14      -2.503416862416e-12       3.627713568705e-16       1.222040481057e-11       1.619885745891e-12      -8.103486850129e-15 
   94       3.423970813163e-10       9.877941390395e-14      -2.593617877891e-12       3.706469948353e-16       1.188688054681e-11       1.584457520103e-12      -8.027659756026e-15 
   95       3.464381375322e-10       1.010123455453e-13      -2.684436361163e-12       3.786114148256e-16       1.156567126274e-11       1.550229820129e-12      -7.947344631411e-15 
   96       3.505122143157e-10       1.032357037055e-13      -2.775803018743e-12       3.866650750987e-16       1.125609761691e-11       1.517132217007e-12      -7.864315995085e-15 
   97       3.546184266823e-10       1.054473364445e-13      -2.867646678227e-12       3.948084575553e-16       1.095731930219e-11       1.485077268305e-12      -7.780493270208e-15 
   98       3.587556334305e-10       1.076450511227e-13      -2.959894290832e-12       4.030420682590e-16       1.066832971385e-11       1.453959950085e-12      -7.697944373105e-15 
   99       3.629227413786e-10       1.098266645139e-13      -3.052472409905e-12       4.113664381574e-16       1.038818609667e-11       1.423682578486e-12      -7.618471260067e-15 
  100       3.671196879791e-10       1.119901608407e-13      -3.145311859943e-12       4.197821242370e-16       1.011674870740e-11       1.394234830063e-12      -7.542291827787e-15 
  101       3.713465807134e-10       1.141335565722e-13      -3.238343736683e-12       4.282897094987e-16       9.854036930202e-12       1.365624053134e-12      -7.469177113868e-15 
  102       3.756033899668e-10       1.162548532741e-13      -3.331498010288e-12       4.368898032873e-16       9.600000691465e-12       1.337850533531e-12      -7.398851223247e-15 
  103       3.798899432411e-10       1.183520383993e-13      -3.424703545768e-12       4.455830418143e-16       9.354517982144e-12       1.310907235537e-12      -7.330989849830e-15 
  104       3.842059193677e-10       1.204230860785e-13      -3.517888123411e-12       4.543700886800e-16       9.117392380096e-12       1.284779542817e-12      -7.265218798131e-15 
  105       3.885508427207e-10       1.224659579110e-13      -3.610978459196e-12       4.632516353964e-16       8.888350572419e-12       1.259444999349e-12      -7.201112504905e-15 
  106       3.929240774301e-10       1.244786037551e-13      -3.703900225228e-12       4.722284019094e-16       8.667039877776e-12       1.234873050357e-12      -7.138192560786e-15 
  107       3.973248215942e-10       1.264589625185e-13      -3.796578070152e-12       4.813011371212e-16       8.453025768739e-12       1.211024783247e-12      -7.075926231923e-15 
  108       4.017521014933e-10       1.284049629493e-13      -3.888935639586e-12       4.904706194130e-16       8.245789394114e-12       1.187852668532e-12      -7.013724981617e-15 
  109       4.062047658024e-10       1.303145244263e-13      -3.980895596536e-12       4.997376571674e-16       8.044725101282e-12       1.165300300771e-12      -6.950942991954e-15 
  110       4.106816896773e-10       1.321856089534e-13      -4.072380256721e-12       5.091030641990e-16       7.849276637507e-12       1.143315436031e-12      -6.887008560976e-15 
  111       4.151824291138e-10       1.340163830095e-13      -4.163313543102e-12       5.185675813514e-16       7.659370880694e-12       1.121891556441e-12      -6.821840578244e-15 
  112       4.197066398918e-10       1.358050779877e-13      -4.253619320878e-12       5.281319457972e-16       7.475035238215e-12       1.101031164924e-12      -6.755482830412e-15 
  113       4.242538715071e-10       1.375499421224e-13      -4.343220831108e-12       5.377969155061e-16       7.296262827926e-12       1.080732837242e-12      -6.687975719779e-15 
  114       4.288235634462e-10       1.392492417827e-13      -4.432040717185e-12       5.475632695205e-16       7.123011363440e-12       1.060991093619e-12      -6.619356091827e-15 
  115       4.334150414625e-10       1.409012627665e-13      -4.520001051301e-12       5.574318082312e-16       6.955202039400e-12       1.041796270342e-12      -6.549657062756e-15 
  116       4.380275138518e-10       1.425043115942e-13      -4.607023360913e-12       5.674033536538e-16       6.792718416748e-12       1.023134391379e-12      -6.478907847027e-15 
  117       4.426600677280e-10       1.440567168026e-13      -4.693028655211e-12       5.774787497040e-16       6.635405308002e-12       1.004987039985e-12      -6.407133584898e-15 
  118       4.473116652985e-10       1.455568302388e-13      -4.777937451587e-12       5.876588624740e-16       6.483067662525e-12       9.873312303150e-13      -6.334355169963e-15 
  119       4.519811401404e-10       1.470030283534e-13      -4.861669802097e-12       5.979445805079e-16       6.335469451796e-12       9.701392790358e-13      -6.260589076687e-15 
  120       4.566671934756e-10       1.483937134954e-13      -4.944145319932e-12       6.083368150780e-16       6.192332554689e-12       9.533786769351e-13      -6.185847187952e-15 
  121       4.613683904465e-10       1.497273152050e-13      -5.025283205885e-12       6.188365004601e-16       6.053335642736e-12       9.370119605330e-13      -6.110136622586e-15 
  122       4.660831563921e-10       1.510022915080e-13      -5.105002274816e-12       6.294445942102e-16       5.918113065407e-12       9.209965836930e-13      -6.033459562907e-15 
  123       4.708099704758e-10       1.522171810940e-13      -5.183222125148e-12       6.401620445491e-16       5.786333578914e-12       9.052948616842e-13      -5.955843258865e-15 
  124       4.755479796916e-10       1.533707638838e-13      -5.259866743105e-12       6.509896876878e-16       5.657949148249e-12       8.899053703825e-13      -5.877434310803e-15 
  125       4.802964487054e-10       1.544619214327e-13      -5.334861364339e-12       6.619283391722e-16       5.532972760293e-12       8.748349291062e-13      -5.798414943497e-15 
  126       4.850545666719e-10       1.554895893744e-13      -5.408131403092e-12       6.729788257335e-16       5.411400658879e-12       8.600888026204e-13      -5.718973863991e-15 
  127       4.898214450625e-10       1.564527591156e-13      -5.479602487651e-12       6.841419853058e-16       5.293211858256e-12       8.456706519964e-13      -5.639306326566e-15 
  128       4.945961154937e-10       1.573504795298e-13      -5.549200495808e-12       6.954186670428e-16       5.178367656557e-12       8.315824854709e-13      -5.559614197697e-15 
  129       4.993775275556e-10       1.581818586516e-13      -5.616851590324e-12       7.068097313351e-16       5.066811149265e-12       8.178246093047e-13      -5.480106021019e-15 
  130       5.041645466404e-10       1.589460653712e-13      -5.682482254386e-12       7.183160498273e-16       4.958466742680e-12       8.043955786424e-13      -5.400997082287e-15 
  131       5.089559517705e-10       1.596423311277e-13      -5.746019327067e-12       7.299385054351e-16       4.853239667387e-12       7.912921483710e-13      -5.322509474339e-15 
  132       5.137504334271e-10       1.602699516044e-13      -5.807390038788e-12       7.416779923624e-16       4.751015491720e-12       7.785092239794e-13      -5.244872162060e-15 
  133       5.185465913784e-10       1.608282884218e-13      -5.866522046776e-12       7.535354161183e-16       4.651659635234e-12       7.660398124173e-13      -5.168321047341e-15 
  134       5.233429325082e-10       1.613167708329e-13      -5.923343470529e-12       7.655116935341e-16       4.555016882167e-12       7.538749729544e-13      -5.093099034044e-15 
  135       5.281378686442e-10       1.617348974165e-13      -5.977782927268e-12       7.776077527809e-16       4.460910894908e-12       7.420037680393e-13      -5.019456092966e-15 
  136       5.329297143862e-10       1.620822377716e-13      -6.029769567405e-12       7.898245333862e-16       4.369143727466e-12       7.304132141591e-13      -4.947649326796e-15 
  137       5.377168350284e-10       1.623584635292e-13      -6.079233920507e-12       8.021629482866e-16       4.279537731393e-12       7.190908829244e-13      -4.877880150963e-15 
  138       5.424981121965e-10       1.625634414218e-13      -6.126110456943e-12       8.146237655188e-16       4.192067197565e-12       7.080331121237e-13      -4.810098362104e-15 
  139       5.472725225010e-10       1.626971531015e-13      -6.170335359781e-12       8.272077142612e-16       4.106739477515e-12       6.972375551244e-13      -4.744177823546e-15 
  140       5.520389905595e-10       1.627596685497e-13      -6.211845778296e-12       8.399155214787e-16       4.023553597794e-12       6.867005748654e-13      -4.679977199179e-15 
  141       5.567963877776e-10       1.627511479571e-13      -6.250579868571e-12       8.527479116985e-16       3.942500042514e-12       6.764172115374e-13      -4.617339619273e-15 
  142       5.615435311301e-10       1.626718436042e-13      -6.286476834101e-12       8.657056067863e-16       3.863560535888e-12       6.663811502636e-13      -4.556092346311e-15 
  143       5.662791819420e-10       1.625221017415e-13      -6.319476966403e-12       8.787893257223e-16       3.786707824768e-12       6.565846887803e-13      -4.496046440810e-15 
  144       5.710020446694e-10       1.623023644697e-13      -6.349521685613e-12       8.919997843774e-16       3.711905461185e-12       6.470187051175e-13      -4.436996427144e-15 
  145       5.757107656809e-10       1.620131716197e-13      -6.376553581099e-12       9.053376952898e-16       3.639107584891e-12       6.376726252794e-13      -4.378719959373e-15 
  146       5.804039320385e-10       1.616551626333e-13      -6.400516452057e-12       9.188037674401e-16       3.568258705897e-12       6.285343909254e-13      -4.320977487065e-15 
  147       5.850800702782e-10       1.612290784434e-13      -6.421355348122e-12       9.323987060285e-16       3.499293487013e-12       6.195904270502e-13      -4.263511921122e-15 
  148       5.897376451921e-10       1.607357633538e-13      -6.439016609970e-12       9.461232122502e-16       3.432136526390e-12       6.108256096647e-13      -4.206048299604e-15 
  149       5.943750586082e-10       1.601761669198e-13      -6.453447909923e-12       9.599779830720e-16       3.366702140057e-12       6.022232334768e-13      -4.148293453556e-15 
  150       5.989906481727e-10       1.595513458285e-13      -6.464598292555e-12       9.739637110080e-16       3.302894144462e-12       5.937649795714e-13      -4.089935672830e-15 
  151       6.035826861300e-10       1.588624657789e-13      -6.472418215292e-12       9.880810838962e-16       3.240605639014e-12       5.854308830917e-13      -4.030644371910e-15 
  152       6.081493781043e-10       1.581108033621e-13      -6.476859589024e-12       1.002330784674e-15       3.179718788619e-12       5.771993009194e-13      -3.970069755739e-15 
  153       6.126889952935e-10       1.572977307876e-13      -6.477876262130e-12       1.016713440190e-15       3.120129136823e-12       5.690519069027e-13      -3.907927751892e-15 
  154       6.172002874397e-10       1.564246645066e-13      -6.475425437749e-12       1.031229462754e-15       3.061821545439e-12       5.609892679352e-13      -3.844264392186e-15 
  155       6.216821060937e-10       1.554931153766e-13      -6.469466466259e-12       1.045879193364e-15       3.004800930769e-12       5.530166605911e-13      -3.779215479175e-15 
  156       6.261332741162e-10       1.545047071645e-13      -6.459960456191e-12       1.060662950871e-15       2.949068275553e-12       5.451391670226e-13      -3.712923627357e-15 
  157       6.305525851387e-10       1.534611783387e-13      -6.446870317098e-12       1.075581031495e-15       2.894620536447e-12       5.373616682451e-13      -3.645538363256e-15 
  158       6.349388030241e-10       1.523643838631e-13      -6.430160802410e-12       1.090633708338e-15       2.841450551488e-12       5.296888374232e-13      -3.577216225504e-15 
  159       6.392906613267e-10       1.512162969889e-13      -6.409798552304e-12       1.105821230908e-15       2.789546947574e-12       5.221251331564e-13      -3.508120864921e-15 
  160       6.436068627531e-10       1.500190110484e-13      -6.385752136563e-12       1.121143824626e-15       2.738894047934e-12       5.146747927644e-13      -3.438423144600e-15 
  161       6.478860786229e-10       1.487747412471e-13      -6.357992097438e-12       1.136601690352e-15       2.689471779598e-12       5.073418255730e-13      -3.368301239984e-15 
  162       6.521269483288e-10       1.474858264573e-13      -6.326490992515e-12       1.152195003895e-15       2.641255580877e-12       5.001300061996e-13      -3.297940738953e-15 
  163       6.563280787973e-10       1.461547310103e-13      -6.291223437576e-12       1.167923915532e-15       2.594216308829e-12       4.930428678391e-13      -3.227534741902e-15 
  164       6.604880439493e-10       1.447840464899e-13      -6.252166149460e-12       1.183788549525e-15       2.548320146736e-12       4.860836955492e-13      -3.157283961824e-15 
  165       6.646053841604e-10       1.433764935247e-13      -6.209297988928e-12       1.199789003636e-15       2.503528511575e-12       4.792555195362e-13      -3.087396824392e-15 
  166       6.686786057219e-10       1.419349235816e-13      -6.162600003529e-12       1.215925348646e-15       2.459797961494e-12       4.725611084406e-13      -3.018089568042e-15 
  167       6.727061803005e-10       1.404623207582e-13      -6.112055470455e-12       1.232197627868e-15       2.417080103280e-12       4.660029626229e-13      -2.949586344052e-15 
  168       6.766865443999e-10       1.389618035758e-13      -6.057649939411e-12       1.248605856666e-15       2.375321499837e-12       4.595833074491e-13      -2.882119316625e-15 
  169       6.806180988201e-10       1.374366267725e-13      -5.999371275477e-12       1.265150021973e-15       2.334463577653e-12       4.533040865762e-13      -2.815928762972e-15 
  170       6.844992081191e-10       1.358901830956e-13      -5.937209701967e-12       1.281830081805e-15       2.294442534280e-12       4.471669552382e-13      -2.751263173392e-15 
  171       6.883283087684e-10       1.343259006331e-13      -5.871157229024e-12       1.298645933166e-15       2.255202223941e-12       4.411728101653e-13      -2.688326109673e-15 
  172       6.921042448718e-10       1.327469214456e-13      -5.801205796189e-12       1.315597313778e-15       2.216734213751e-12       4.353203494158e-13      -2.627111598446e-15 
  173       6.958259595363e-10       1.311563994489e-13      -5.727349056370e-12       1.332683891194e-15       2.179040905675e-12       4.296073790362e-13      -2.567555140630e-15 
  174       6.994923886000e-10       1.295576038206e-13      -5.649583016227e-12       1.349905293061e-15       2.142122819746e-12       4.240312570779e-13      -2.509585601413e-15 
  175       7.031024605368e-10       1.279539203666e-13      -5.567906076530e-12       1.367261106514e-15       2.105978554492e-12       4.185888849926e-13      -2.453125093107e-15 
  176       7.066550963600e-10       1.263488528877e-13      -5.482319072515e-12       1.384750877555e-15       2.070604747355e-12       4.132766990270e-13      -2.398088858007e-15 
  177       7.101492095266e-10       1.247460245467e-13      -5.392825314241e-12       1.402374110448e-15       2.035996035117e-12       4.080906616182e-13      -2.344385151250e-15 
  178       7.135837058409e-10       1.231491792345e-13      -5.299430626947e-12       1.420130267104e-15       2.002145014322e-12       4.030262527888e-13      -2.291915123669e-15 
  179       7.169574833586e-10       1.215621829373e-13      -5.202143391407e-12       1.438018766465e-15       1.969042201699e-12       3.980784615419e-13      -2.240572704654e-15 
  180       7.202694322913e-10       1.199890251029e-13      -5.100974584290e-12       1.456038983898e-15       1.936675994589e-12       3.932417772565e-13      -2.190244485007e-15 
  181       7.235184349096e-10       1.184338200078e-13      -4.995937818513e-12       1.474190250579e-15       1.905032631363e-12       3.885101810821e-13      -2.140809599801e-15 
  182       7.267033654479e-10       1.169008081233e-13      -4.887049383601e-12       1.492471852879e-15       1.874096151849e-12       3.838771373345e-13      -2.092139611235e-15 
  183       7.298230900081e-10       1.153943574826e-13      -4.774328286043e-12       1.510883031756e-15       1.843848357752e-12       3.793355848902e-13      -2.044098391495e-15 
  184       7.328764664634e-10       1.139189650476e-13      -4.657796289647e-12       1.529422982139e-15       1.814268773084e-12       3.748779285822e-13      -1.996542005609e-15 
  185       7.358623443626e-10       1.124792580752e-13      -4.537477955898e-12       1.548090852318e-15       1.785334604577e-12       3.704960305947e-13      -1.949318594304e-15 
  186       7.387795648339e-10       1.110799954840e-13      -4.413400684315e-12       1.566885743329e-15       1.757020702117e-12       3.661812018582e-13      -1.902268256867e-15 
  187       7.416269604891e-10       1.097260692214e-13      -4.285594752809e-12       1.585806708343e-15       1.729299519160e-12       3.619241934451e-13      -1.855222933998e-15 
  188       7.444033553273e-10       1.084225056299e-13      -4.154093358036e-12       1.604852752055e-15       1.702141073159e-12       3.577151879642e-13      -1.808006290670e-15 
  189       7.471075646392e-10       1.071744668139e-13      -4.018932655757e-12       1.624022830070e-15       1.675512905984e-12       3.535437909560e-13      -1.760433598986e-15 
  190       7.497383949108e-10       1.059872520063e-13      -3.880151801195e-12       1.643315848289e-15       1.649380044350e-12       3.493990222883e-13      -1.712311621035e-15 
  191       7.522947244675e-10       1.048660769237e-13      -3.737790718562e-12       1.662730664763e-15       1.623711903624e-12       3.452716014650e-13      -1.663481029439e-15 
  192       7.547757523605e-10       1.038153905007e-13      -3.591883138708e-12       1.682266096673e-15       1.598503660056e-12       3.411610129246e-13      -1.613947466632e-15 
  193       7.571807680066e-10       1.028395094181e-13      -3.442463115722e-12       1.701920912691e-15       1.573756409146e-12       3.370689553513e-13      -1.563760113187e-15 
  194       7.595090722949e-10       1.019428361411e-13      -3.289567283498e-12       1.721693829970e-15       1.549470349671e-12       3.329970943263e-13      -1.512970056068e-15 
  195       7.617599777543e-10       1.011298595603e-13      -3.133234888662e-12       1.741583513536e-15       1.525644766835e-12       3.289470612296e-13      -1.461630310675e-15 
  196       7.639328087223e-10       1.004051556310e-13      -2.973507823498e-12       1.761588575686e-15       1.502278015404e-12       3.249204521411e-13      -1.409795842901e-15 
  197       7.660269015128e-10       9.977338801416e-14      -2.810430658874e-12       1.781707575380e-15       1.479367502860e-12       3.209188267422e-13      -1.357523591180e-15 
  198       7.680416045845e-10       9.923930871627e-14      -2.644050677168e-12       1.801939017641e-15       1.456909672537e-12       3.169437072171e-13      -1.304872488541e-15 
  199       7.699762787088e-10       9.880775872949e-14      -2.474417905193e-12       1.822281352947e-15       1.434899986769e-12       3.129965771543e-13      -1.251903484656e-15 
  200       7.718302971385e-10       9.848366867199e-14      -2.301585147125e-12       1.842732976630e-15       1.413332910031e-12       3.090788804476e-13      -1.198679567894e-15 
  201       7.736030457756e-10       9.827205942812e-14      -2.125608017429e-12       1.863292228269e-15       1.392201892085e-12       3.051920201980e-13      -1.145265787374e-15 
  202       7.752939233395e-10       9.817804278859e-14      -1.946544973782e-12       1.883957391086e-15       1.371499351125e-12       3.013373576149e-13      -1.091729275012e-15 
  203       7.769023415355e-10       9.820682209068e-14      -1.764457350002e-12       1.904726691344e-15       1.351216656917e-12       2.975162109172e-13      -1.038139267576e-15 
  204       7.784277252228e-10       9.836369285847e-14      -1.579409388974e-12       1.925598297739e-15       1.331344113945e-12       2.937298542350e-13      -9.845671287355e-16 
  205       7.798695125826e-10       9.865404344300e-14      -1.391468275576e-12       1.946570320798e-15       1.311870944555e-12       2.899795165111e-13      -9.310863711154e-16 
  206       7.812271552864e-10       9.908335566253e-14      -1.200704169601e-12       1.967640812275e-15       1.292785272099e-12       2.862663804020e-13      -8.777726783442e-16 
  207       7.825001186642e-10       9.965720544266e-14      -1.007190238691e-12       1.988807764546e-15       1.274074104078e-12       2.825915811796e-13      -8.247039271075e-16 
  208       7.836878818728e-10       1.003812634566e-13      -8.110026912542e-13       2.010069110003e-15       1.255723315285e-12       2.789562056323e-13      -7.719602091991e-16 
  209       7.847899380639e-10       1.012612957655e-13      -6.122208093981e-13       2.031422720452e-15       1.237717630953e-12       2.753612909668e-13      -7.196238535723e-16 
  210       7.858057945520e-10       1.023031644582e-13      -4.109269818516e-13       2.052866406509e-15       1.220040609893e-12       2.718078237090e-13      -6.677794483913e-16 
  211       7.867349729834e-10       1.035128282920e-13      -2.072067368923e-13       2.074397916992e-15       1.202674627642e-12       2.682967386057e-13      -6.165138630829e-16 
  212       7.875770095033e-10       1.048963433325e-13      -1.148775272710e-15       2.096014938322e-15       1.185600859605e-12       2.648289175261e-13      -5.659162703876e-16 
  213       7.883314969748e-10       1.064595135768e-13       2.071596329972e-13       2.117715167025e-15       1.168802952098e-12       2.614051456107e-13      -5.160619760069e-16 
  214       7.889982144540e-10       1.082068152493e-13       4.176468724069e-13       2.139496533966e-15       1.152278346203e-12       2.580259787049e-13      -4.669626471097e-16 
  215       7.895770067870e-10       1.101424010675e-13       6.302436555295e-13       2.161356994093e-15       1.136027686390e-12       2.546918648465e-13      -4.186127638364e-16 
  216       7.900677436233e-10       1.122704434511e-13       8.448784526108e-13       2.183294454288e-15       1.120051194240e-12       2.514031850092e-13      -3.710054891743e-16 
  217       7.904703196944e-10       1.145951342405e-13       1.061477470849e-12       2.205306772947e-15       1.104348661298e-12       2.481602518912e-13      -3.241326483814e-16 
  218       7.907846550928e-10       1.171206844157e-13       1.279964633674e-12       2.227391759570e-15       1.088919441925e-12       2.449633087046e-13      -2.779847084088e-16 
  219       7.910106955511e-10       1.198513238148e-13       1.500261560025e-12       2.249547174350e-15       1.073762446154e-12       2.418125279637e-13      -2.325507573241e-16 
  220       7.911484127205e-10       1.227913008530e-13       1.722287543632e-12       2.271770727763e-15       1.058876132537e-12       2.387080102740e-13      -1.878184837343e-16 
  221       7.911978044501e-10       1.259448822414e-13       1.945959532294e-12       2.294060080150e-15       1.044258501004e-12       2.356497831213e-13      -1.437741562090e-16 
  222       7.911588950657e-10       1.293163527055e-13       2.171192107156e-12       2.316412841313e-15       1.029907085711e-12       2.326377996603e-13      -1.004026027031e-16 
  223       7.910317356484e-10       1.329100147038e-13       2.397897461992e-12       2.338826570098e-15       1.015818947893e-12       2.296719375031e-13      -5.768718998008e-17 
  224       7.908164043139e-10       1.367301881473e-13       2.625985382482e-12       2.361298773982e-15       1.001990668722e-12       2.267519975090e-13      -1.560980303509e-17 
  225       7.905130064911e-10       1.407812101172e-13       2.855363225490e-12       2.383826908667e-15       9.884183421501e-13       2.238777025721e-13       2.584917548229e-17 
  226       7.901216752013e-10       1.450674345845e-13       3.085935898345e-12       2.406408377662e-15       9.750975677722e-13       2.210486964113e-13       6.671088584479e-17 
  227       7.896425713368e-10       1.495932321283e-13       3.317605838122e-12       2.429040531876e-15       9.620234436717e-13       2.182645423583e-13       1.069980118245e-16 
  228       7.890758839398e-10       1.543629896545e-13       3.550272990915e-12       2.451720669202e-15       9.491905592760e-13       2.155247221468e-13       1.467348012700e-16 
  229       7.884218304817e-10       1.593811101151e-13       3.783834791122e-12       2.474446034108e-15       9.365929882087e-13       2.128286347013e-13       1.859470866829e-16 
  230       7.876806571415e-10       1.646520122260e-13       4.018186140723e-12       2.497213817224e-15       9.242242811425e-13       2.101755949259e-13       2.246623057952e-16 
  231       7.868526390849e-10       1.701801301867e-13       4.253219388555e-12       2.520021154929e-15       9.120774586511e-13       2.075648324932e-13       2.629095221462e-16 
  232       7.859380807433e-10       1.759699133984e-13       4.488824309598e-12       2.542865128944e-15       9.001450040629e-13       2.049954906330e-13       3.007194456595e-16 
  233       7.849373160927e-10       1.820258261830e-13       4.724888084249e-12       2.565742765912e-15       8.884188563127e-13       2.024666249213e-13       3.381244532195e-16 
  234       7.838507089322e-10       1.883523475018e-13       4.961295277602e-12       2.588651036994e-15       8.768904027951e-13       1.999772020689e-13       3.751586092492e-16 
  235       7.826786531635e-10       1.949539706743e-13       5.197927818728e-12       2.611586857453e-15       8.655504722164e-13       1.975260987107e-13       4.118576862865e-16 
  236       7.814215730694e-10       2.018352030967e-13       5.434664979955e-12       2.634547086241e-15       8.543893274483e-13       1.951121001940e-13       4.482591855614e-16 
  237       7.800799235928e-10       2.090005659611e-13       5.671383356145e-12       2.657528525593e-15       8.433966583794e-13       1.927338993675e-13       4.844023575729e-16 
  238       7.786541839101e-10       2.164541815087e-13       5.907964074431e-12       2.680528081796e-15       8.325635654005e-13       1.903903120140e-13       5.203194806179e-16 
  239       7.771448371440e-10       2.241985076249e-13       6.144314950946e-12       2.703543259186e-15       8.218886579764e-13       1.880809401333e-13       5.560090675223e-16 
  240       7.755523899622e-10       2.322355260363e-13       6.380349636236e-12       2.726571695285e-15       8.113723116846e-13       1.858055464945e-13       5.914610755874e-16 
  241       7.738773794364e-10       2.405671467358e-13       6.615980500101e-12       2.749611002228e-15       8.010147078821e-13       1.835638408558e-13       6.266655047697e-16 
  242       7.721203733063e-10       2.491952068309e-13       6.851118626120e-12       2.772658766698e-15       7.908158307575e-13       1.813554792110e-13       6.616123998159e-16 
  243       7.702819702447e-10       2.581214693925e-13       7.085673806189e-12       2.795712549848e-15       7.807754643829e-13       1.791800630349e-13       6.962918523964e-16 
  244       7.683628001223e-10       2.673476223033e-13       7.319554535052e-12       2.818769887235e-15       7.708931897663e-13       1.770371385297e-13       7.306940032407e-16 
  245       7.663635242723e-10       2.768752771067e-13       7.552668004835e-12       2.841828288742e-15       7.611683819036e-13       1.749261958703e-13       7.648090442712e-16 
  246       7.642848357553e-10       2.867059678550e-13       7.784920099577e-12       2.864885238510e-15       7.516002068310e-13       1.728466684505e-13       7.986272207382e-16 
  247       7.621274596239e-10       2.968411499586e-13       8.016215389762e-12       2.887938194866e-15       7.421876186768e-13       1.707979321289e-13       8.321388333541e-16 
  248       7.598921531875e-10       3.072821990338e-13       8.246457126854e-12       2.910984590252e-15       7.329293567139e-13       1.687793044745e-13       8.653342404279e-16 
  249       7.575797062772e-10       3.180304097519e-13       8.475547237830e-12       2.934021831150e-15       7.238239424116e-13       1.667900440131e-13       8.982038599995e-16 
  250       7.551909415101e-10       3.290869946878e-13       8.703386319711e-12       2.957047298011e-15       7.148696764882e-13       1.648293494724e-13       9.307381719749e-16 
  251       7.527267145548e-10       3.404530831684e-13       8.929873634094e-12       2.980058345186e-15       7.060646359628e-13       1.628963590287e-13       9.629277202596e-16 
  252       7.501879143954e-10       3.521297201213e-13       9.154907101688e-12       3.003052300852e-15       6.974066712076e-13       1.609901495521e-13       9.947631148939e-16 
  253       7.475754635967e-10       3.641178649233e-13       9.378383296844e-12       3.026026466941e-15       6.888934029999e-13       1.591097358529e-13       1.026235034187e-15 
  254       7.448903185690e-10       3.764183902491e-13       9.600197442087e-12       3.048978119067e-15       6.805222195746e-13       1.572540699271e-13       1.057334226853e-15 
  255       7.421334698323e-10       3.890320809199e-13       9.820243402653e-12       3.071904506454e-15       6.722902736760e-13       1.554220402023e-13       1.088051514140e-15 
  256       7.393059422817e-10       4.019596327519e-13       1.003841368102e-11       3.094802851867e-15       6.641944796101e-13       1.536124707839e-13       1.118377791974e-15 
  257       7.364087954520e-10       4.152016514050e-13       1.025459941143e-11       3.117670351537e-15       6.562315102969e-13       1.518241207006e-13       1.148304033084e-15 
  258       7.334431237820e-10       4.287586512311e-13       1.046869035445e-11       3.140504175090e-15       6.483977943223e-13       1.500556831505e-13       1.177821289141e-15 
  259       7.304100568799e-10       4.426310541232e-13       1.068057489146e-11       3.163301465477e-15       6.406895129904e-13       1.483057847468e-13       1.206920692894e-15 
  260       7.273107597875e-10       4.568191883635e-13       1.089014001925e-11       3.186059338901e-15       6.331025973755e-13       1.465729847640e-13       1.235593460300e-15 
  261       7.241464332454e-10       4.713232874725e-13       1.109727134447e-11       3.208774884743e-15       6.256327253746e-13       1.448557743834e-13       1.263830892662e-15 
  262       7.209183139574e-10       4.861434890569e-13       1.130185307823e-11       3.231445165493e-15       6.182753187592e-13       1.431525759390e-13       1.291624378761e-15 
  263       7.176276748556e-10       5.012798336589e-13       1.150376803063e-11       3.254067216679e-15       6.110255402277e-13       1.414617421638e-13       1.318965396995e-15 
  264       7.142758253646e-10       5.167322636044e-13       1.170289760524e-11       3.276638046790e-15       6.038782904573e-13       1.397815554350e-13       1.345845517506e-15 
  265       7.108641116670e-10       5.325006218517e-13       1.189912179367e-11       3.299154637212e-15       5.968282051565e-13       1.381102270206e-13       1.372256404323e-15 
  266       7.073938509952e-10       5.485843842983e-13       1.209232770822e-11       3.321614160637e-15       5.898706726186e-13       1.364462840654e-13       1.398191391532e-15 
  267       7.038661300119e-10       5.649818429727e-13       1.228243570429e-11       3.344014649598e-15       5.830049536633e-13       1.347897553826e-13       1.423650302228e-15 
  268       7.002819959964e-10       5.816908762475e-13       1.246937466582e-11       3.366354364104e-15       5.762312253799e-13       1.331410485863e-13       1.448634895400e-15 
  269       6.966425219837e-10       5.987092097940e-13       1.265307360382e-11       3.388631576709e-15       5.695495746624e-13       1.315005680502e-13       1.473147320217e-15 
  270       6.929488069181e-10       6.160344149801e-13       1.283346166535e-11       3.410844572814e-15       5.629599969856e-13       1.298687148083e-13       1.497190120828e-15 
  271       6.892019758062e-10       6.336639072689e-13       1.301046814246e-11       3.432991650964e-15       5.564623951813e-13       1.282458864560e-13       1.520766241148e-15 
  272       6.854031798702e-10       6.515949446164e-13       1.318402248113e-11       3.455071123144e-15       5.500565782153e-13       1.266324770512e-13       1.543879029658e-15 
  273       6.815535967011e-10       6.698246258706e-13       1.335405429027e-11       3.477081315077e-15       5.437422599630e-13       1.250288770151e-13       1.566532244198e-15 
  274       6.776544304125e-10       6.883498891688e-13       1.352049335065e-11       3.499020566522e-15       5.375190579867e-13       1.234354730335e-13       1.588730056758e-15 
  275       6.737069117931e-10       7.071675103364e-13       1.368326962388e-11       3.520887231570e-15       5.313864923112e-13       1.218526479574e-13       1.610477058274e-15 
  276       6.697122984607e-10       7.262741012850e-13       1.384231326134e-11       3.542679678942e-15       5.253439842009e-13       1.202807807044e-13       1.631778263424e-15 
  277       6.656718750150e-10       7.456661084108e-13       1.399755461316e-11       3.564396292286e-15       5.193908549358e-13       1.187202461595e-13       1.652639115419e-15 
  278       6.615869531910e-10       7.653398109923e-13       1.414892423717e-11       3.586035470475e-15       5.135263245879e-13       1.171714150763e-13       1.673065490798e-15 
  279       6.574588720126e-10       7.852913195893e-13       1.429635290788e-11       3.607595627905e-15       5.077495107978e-13       1.156346539775e-13       1.693063704222e-15 
  280       6.532889979453e-10       8.055165744406e-13       1.443977162540e-11       3.629075194790e-15       5.020594275513e-13       1.141103250567e-13       1.712640513268e-15 
  281       6.490787250500e-10       8.260113438624e-13       1.457911162445e-11       3.650472617462e-15       4.964549839551e-13       1.125987860788e-13       1.731803123225e-15 
  282       6.448294751361e-10       8.467712226465e-13       1.471430438324e-11       3.671786358665e-15       4.909349830141e-13       1.111003902810e-13       1.750559191883e-15 
  283       6.405426979148e-10       8.677916304588e-13       1.484528163254e-11       3.693014897857e-15       4.854981204072e-13       1.096154862743e-13       1.768916834332e-15 
  284       6.362198711521e-10       8.890678102370e-13       1.497197536452e-11       3.714156731503e-15       4.801429832638e-13       1.081444179440e-13       1.786884627754e-15 
  285       6.318625008228e-10       9.105948265894e-13       1.509431784181e-11       3.735210373375e-15       4.748680489406e-13       1.066875243510e-13       1.804471616218e-15 
  286       6.274721212628e-10       9.323675641928e-13       1.521224160640e-11       3.756174354847e-15       4.696716837976e-13       1.052451396327e-13       1.821687315471e-15 
  287       6.230502953235e-10       9.543807261908e-13       1.532567948859e-11       3.777047225195e-15       4.645521419744e-13       1.038175929040e-13       1.838541717735e-15 
  288       6.185986145239e-10       9.766288325922e-13       1.543456461601e-11       3.797827551893e-15       4.595075641674e-13       1.024052081584e-13       1.855045296502e-15 
  289       6.141186992050e-10       9.991062186690e-13       1.553883042253e-11       3.818513920910e-15       4.545359764051e-13       1.010083041688e-13       1.871209011324e-15 
  290       6.096121986822e-10       1.021807033355e-12       1.563841065721e-11       3.839104937009e-15       4.496352888256e-13       9.962719438887e-14       1.887044312610e-15 
  291       6.050807913992e-10       1.044725237643e-12       1.573323939330e-11       3.859599224042e-15       4.448032944521e-13       9.826218685356e-14       1.902563146419e-15 
  292       6.005261850808e-10       1.067854602985e-12       1.582325103719e-11       3.879995425248e-15       4.400376679700e-13       9.691358408058e-14       1.917777959255e-15 
  293       5.959501168867e-10       1.091188709689e-12       1.590838033732e-11       3.900292203551e-15       4.353359645029e-13       9.558168297113e-14       1.932701702859e-15 
  294       5.913543535643e-10       1.114720945316e-12       1.598856239321e-11       3.920488241859e-15       4.306956183892e-13       9.426677471102e-14       1.947347839006e-15 
  295       5.867406916022e-10       1.138444503083e-12       1.606373266436e-11       3.940582243358e-15       4.261139419584e-13       9.296914467162e-14       1.961730344295e-15 
  296       5.821109573836e-10       1.162352380253e-12       1.613382697925e-11       3.960572931810e-15       4.215881243076e-13       9.168907231090e-14       1.975863714948e-15 
  297       5.774668921552e-10       1.186437573481e-12       1.619878829237e-11       3.980459222133e-15       4.171157604041e-13       9.042677531150e-14       1.989759747677e-15 
  298       5.728098004229e-10       1.210693678619e-12       1.625858730094e-11       4.000240740709e-15       4.126964694100e-13       8.918223918894e-14       2.003417699045e-15 
  299       5.681408847283e-10       1.235114317002e-12       1.631320284994e-11       4.019917331000e-15       4.083303528008e-13       8.795537919022e-14       2.016833656109e-15 
  300       5.634613592863e-10       1.259692939807e-12       1.636261529256e-11       4.039488886078e-15       4.040174706411e-13       8.674609513492e-14       2.030003717565e-15 
  301       5.587724499823e-10       1.284422826725e-12       1.640680650832e-11       4.058955349150e-15       3.997578410801e-13       8.555427124062e-14       2.042923994173e-15 
  302       5.540753943691e-10       1.309297084621e-12       1.644575992114e-11       4.078316714093e-15       3.955514398471e-13       8.437977594828e-14       2.055590609176e-15 
  303       5.493714416644e-10       1.334308646205e-12       1.647946051748e-11       4.097573025974e-15       3.913981997471e-13       8.322246174764e-14       2.067999698726e-15 
  304       5.446618527476e-10       1.359450268690e-12       1.650789486445e-11       4.116724381586e-15       3.872980101558e-13       8.208216500266e-14       2.080147412304e-15 
  305       5.399479001570e-10       1.384714532463e-12       1.653105112790e-11       4.135770929969e-15       3.832507165154e-13       8.095870577686e-14       2.092029913146e-15 
  306       5.352308680871e-10       1.410093839750e-12       1.654891909053e-11       4.154712872945e-15       3.792561198301e-13       7.985188765878e-14       2.103643378664e-15 
  307       5.305120523853e-10       1.435580413277e-12       1.656149017002e-11       4.173550465640e-15       3.753139761613e-13       7.876149758735e-14       2.114984000870e-15 
  308       5.257927605494e-10       1.461166294940e-12       1.656875743712e-11       4.192284017018e-15       3.714239961233e-13       7.768730567729e-14       2.126047986796e-15 
  309       5.210743117245e-10       1.486843344466e-12       1.657071563376e-11       4.210913890403e-15       3.675858443784e-13       7.662906504453e-14       2.136831558921e-15 
  310       5.163580367003e-10       1.512603238082e-12       1.656736119114e-11       4.229440504014e-15       3.637991391329e-13       7.558651163160e-14       2.147330955593e-15 
  311       5.116452779079e-10       1.538437467178e-12       1.655869224789e-11       4.247864331487e-15       3.600634516320e-13       7.455936403304e-14       2.157542431447e-15 
  312       5.069373894173e-10       1.564337336975e-12       1.654470866812e-11       4.266185902409e-15       3.563783056556e-13       7.354732332079e-14       2.167462257835e-15 
  313       5.022357369342e-10       1.590293965185e-12       1.652541205957e-11       4.284405802840e-15       3.527431770135e-13       7.255007286959e-14       2.177086723245e-15 
  314       4.975416977972e-10       1.616298280681e-12       1.650080579169e-11       4.302524675847e-15       3.491574930412e-13       7.156727818242e-14       2.186412133724e-15 
  315       4.928566609752e-10       1.642341022161e-12       1.647089501377e-11       4.320543222027e-15       3.456206320951e-13       7.059858671584e-14       2.195434813301e-15 
  316       4.881820270639e-10       1.668412736813e-12       1.643568667304e-11       4.338462200041e-15       3.421319230477e-13       6.964362770545e-14       2.204151104413e-15 
  317       4.835192082835e-10       1.694503778979e-12       1.639518953277e-11       4.356282427138e-15       3.386906447837e-13       6.870201199123e-14       2.212557368321e-15 
  318       4.788696284755e-10       1.720604308822e-12       1.634941419039e-11       4.374004779682e-15       3.352960256951e-13       6.777333184301e-14       2.220649985540e-15 
  319       4.742347231001e-10       1.746704290993e-12       1.629837309558e-11       4.391630193685e-15       3.319472431763e-13       6.685716078584e-14       2.228425356258e-15 
  320       4.696159392327e-10       1.772793493290e-12       1.624208056840e-11       4.409159665333e-15       3.286434231203e-13       6.595305342537e-14       2.235879900760e-15 
  321       4.650147355618e-10       1.798861485330e-12       1.618055281741e-11       4.426594251513e-15       3.253836394135e-13       6.506054527328e-14       2.243010059851e-15 
  322       4.604325823856e-10       1.824897637211e-12       1.611380795772e-11       4.443935070341e-15       3.221669134315e-13       6.417915257269e-14       2.249812295279e-15 
  323       4.558709616093e-10       1.850891118176e-12       1.604186602917e-11       4.461183301693e-15       3.189922135344e-13       6.330837212354e-14       2.256283090156e-15 
  324       4.513313667420e-10       1.876830895284e-12       1.596474901437e-11       4.478340187731e-15       3.158584545624e-13       6.244768110798e-14       2.262418949383e-15 
  325       4.468153028941e-10       1.902705732066e-12       1.588248085688e-11       4.495407033433e-15       3.127644973311e-13       6.159653691582e-14       2.268216400074e-15 
  326       4.423242867744e-10       1.928504187200e-12       1.579508747925e-11       4.512385207118e-15       3.097091481271e-13       6.075437696988e-14       2.273671991975e-15 
  327       4.378598466869e-10       1.954214613169e-12       1.570259680117e-11       4.529276140977e-15       3.066911582031e-13       5.992061855142e-14       2.278782297890e-15 
  328       4.334235225282e-10       1.979825154930e-12       1.560503875757e-11       4.546081331602e-15       3.037092232740e-13       5.909465862555e-14       2.283543914103e-15 
  329       4.290168657845e-10       2.005323748579e-12       1.550244531673e-11       4.562802340509e-15       3.007619830117e-13       5.827587366661e-14       2.287953460801e-15 
  330       4.246414395289e-10       2.030698120014e-12       1.539485049837e-11       4.579440794675e-15       2.978480205408e-13       5.746361948357e-14       2.292007582496e-15 
  331       4.202988184180e-10       2.055935783603e-12       1.528229039177e-11       4.595998387055e-15       2.949658619343e-13       5.665723104545e-14       2.295702948449e-15 
  332       4.159904644088e-10       2.081024965437e-12       1.516480315387e-11       4.612476820723e-15       2.921142516557e-13       5.585615800696e-14       2.299037353694e-15 
  333       4.117173479227e-10       2.105957420329e-12       1.504242896633e-11       4.628877637471e-15       2.892929931940e-13       5.506037817446e-14       2.302013074305e-15 
  334       4.074803101435e-10       2.130725735134e-12       1.491521011198e-11       4.645202382761e-15       2.865021441259e-13       5.427000174145e-14       2.304633659374e-15 
  335       4.032801856704e-10       2.155322414917e-12       1.478319101276e-11       4.661452661911e-15       2.837417432734e-13       5.348513718858e-14       2.306902845229e-15 
  336       3.991178023797e-10       2.179739882622e-12       1.464641824773e-11       4.677630140563e-15       2.810118104987e-13       5.270589125641e-14       2.308824557051e-15 
  337       3.949939812873e-10       2.203970478744e-12       1.450494057122e-11       4.693736545150e-15       2.783123464992e-13       5.193236891803e-14       2.310402910493e-15 
  338       3.909095364109e-10       2.228006460991e-12       1.435880893087e-11       4.709773663364e-15       2.756433326024e-13       5.116467335178e-14       2.311642213294e-15 
  339       3.868652746322e-10       2.251840003959e-12       1.420807648574e-11       4.725743344621e-15       2.730047305610e-13       5.040290591398e-14       2.312546966901e-15 
  340       3.828619955590e-10       2.275463198800e-12       1.405279862438e-11       4.741647500530e-15       2.703964823478e-13       4.964716611155e-14       2.313121868083e-15 
  341       3.789004913876e-10       2.298868052886e-12       1.389303298296e-11       4.757488105357e-15       2.678185099506e-13       4.889755157479e-14       2.313371810550e-15 
  342       3.749815467649e-10       2.322046489484e-12       1.372883946328e-11       4.773267196496e-15       2.652707151675e-13       4.815415802999e-14       2.313301886569e-15 
  343       3.711059386505e-10       2.344990347421e-12       1.356028025094e-11       4.788986874934e-15       2.627529794013e-13       4.741707927219e-14       2.312917388585e-15 
  344       3.672744361792e-10       2.367691380755e-12       1.338741983336e-11       4.804649305717e-15       2.602651634549e-13       4.668640713784e-14       2.312223810836e-15 
  345       3.634878005231e-10       2.390141258442e-12       1.321032501791e-11       4.820256718419e-15       2.578071073264e-13       4.596223147750e-14       2.311226850969e-15 
  346       3.597467847537e-10       2.412331564004e-12       1.302906494997e-11       4.835811407607e-15       2.553786300035e-13       4.524464012854e-14       2.309932411660e-15 
  347       3.560521337041e-10       2.434253795204e-12       1.284371113103e-11       4.851315733310e-15       2.529795292590e-13       4.453371888783e-14       2.308346602231e-15 
  348       3.524045838316e-10       2.455899363705e-12       1.265433743677e-11       4.866772121485e-15       2.506095814455e-13       4.382955148444e-14       2.306475740269e-15 
  349       3.488048630793e-10       2.477259594747e-12       1.246102013515e-11       4.882183064482e-15       2.482685412905e-13       4.313221955231e-14       2.304326353238e-15 
  350       3.452536907390e-10       2.498325726813e-12       1.226383790451e-11       4.897551121516e-15       2.459561416913e-13       4.244180260297e-14       2.301905180104e-15 
  351       3.417517773127e-10       2.519088911297e-12       1.206287185162e-11       4.912878919130e-15       2.436720935099e-13       4.175837799825e-14       2.299219172946e-15 
  352       3.382998243754e-10       2.539540212173e-12       1.185820552980e-11       4.928169151661e-15       2.414160853682e-13       4.108202092292e-14       2.296275498579e-15 
  353       3.348985244371e-10       2.559670605666e-12       1.164992495699e-11       4.943424581712e-15       2.391877834428e-13       4.041280435742e-14       2.293081540167e-15 
  354       3.315485608049e-10       2.579470979917e-12       1.143811863384e-11       4.958648040614e-15       2.369868312599e-13       3.975079905056e-14       2.289644898842e-15 
  355       3.282506074453e-10       2.598932134657e-12       1.122287756182e-11       4.973842428896e-15       2.348128494906e-13       3.909607349219e-14       2.285973395323e-15 
  356       3.250053288467e-10       2.618044780869e-12       1.100429526126e-11       4.989010716750e-15       2.326654357454e-13       3.844869388591e-14       2.282075071531e-15 
  357       3.218133798810e-10       2.636799540465e-12       1.078246778946e-11       5.004155944500e-15       2.305441643694e-13       3.780872412178e-14       2.277958192211e-15 
  358       3.186754056664e-10       2.655186945947e-12       1.055749375880e-11       5.019281223068e-15       2.284485862376e-13       3.717622574895e-14       2.273631246542e-15 
  359       3.155920414293e-10       2.673197440082e-12       1.032947435477e-11       5.034389734440e-15       2.263782285493e-13       3.655125794844e-14       2.269102949763e-15 
  360       3.125639123667e-10       2.690821375565e-12       1.009851335413e-11       5.049484732135e-15       2.243325946233e-13       3.593387750578e-14       2.264382244782e-15 
  361       3.095916335082e-10       2.708049014695e-12       9.864717142925e-12       5.064569541669e-15       2.223111636930e-13       3.532413878370e-14       2.259478303802e-15 
  362       3.066758095784e-10       2.724870529036e-12       9.628194734619e-12       5.079647561028e-15       2.203133907014e-13       3.472209369487e-14       2.254400529932e-15 
  363       3.038170348590e-10       2.741275999092e-12       9.389057788160e-12       5.094722261126e-15       2.183387060956e-13       3.412779167453e-14       2.249158558807e-15 
  364       3.010158930511e-10       2.757255413972e-12       9.147420626074e-12       5.109797186281e-15       2.163865156224e-13       3.354127965325e-14       2.243762260207e-15 
  365       2.982729571374e-10       2.772798671063e-12       8.903400252549e-12       5.124875954677e-15       2.144562001229e-13       3.296260202958e-14       2.238221739671e-15 
  366       2.955887892444e-10       2.787895575693e-12       8.657116371522e-12       5.139962258829e-15       2.125471153276e-13       3.239180064276e-14       2.232547340117e-15 
  367       2.929639405044e-10       2.802535840804e-12       8.408691404768e-12       5.155059866057e-15       2.106585916511e-13       3.182891474538e-14       2.226749643460e-15 
  368       2.903989509184e-10       2.816709086620e-12       8.158250509979e-12       5.170172618947e-15       2.087899339876e-13       3.127398097616e-14       2.220839472227e-15 
  369       2.878943492173e-10       2.830404840317e-12       7.905921598860e-12       5.185304435820e-15       2.069404215054e-13       3.072703333255e-14       2.214827891177e-15 
  370       2.854506527250e-10       2.843612535686e-12       7.651835355208e-12       5.200459311199e-15       2.051093074421e-13       3.018810314346e-14       2.208726208916e-15 
  371       2.830683081831e-10       2.856322848431e-12       7.396115391941e-12       5.215640945945e-15       2.032959555175e-13       2.965720955742e-14       2.202543817302e-15 
  372       2.807475119558e-10       2.868531760286e-12       7.138848260723e-12       5.230851620762e-15       2.015002554751e-13       2.913433065255e-14       2.196281613165e-15 
  373       2.784883825246e-10       2.880236653156e-12       6.880112305143e-12       5.246093279559e-15       1.997222233864e-13       2.861943114339e-14       2.189938322538e-15 
  374       2.762910187026e-10       2.891434988670e-12       6.619987425407e-12       5.261367895951e-15       1.979618664143e-13       2.811247172804e-14       2.183512639395e-15 
  375       2.741554994451e-10       2.902124309007e-12       6.358555087841e-12       5.276677473405e-15       1.962191827266e-13       2.761340905267e-14       2.177003225385e-15 
  376       2.720818836608e-10       2.912302237734e-12       6.095898334410e-12       5.292024045381e-15       1.944941614093e-13       2.712219567589e-14       2.170408709572e-15 
  377       2.700702100221e-10       2.921966480626e-12       5.832101792230e-12       5.307409675482e-15       1.927867823812e-13       2.663878003325e-14       2.163727688168e-15 
  378       2.681204967766e-10       2.931114826507e-12       5.567251683076e-12       5.322836457597e-15       1.910970163069e-13       2.616310640166e-14       2.156958724279e-15 
  379       2.662327415579e-10       2.939745148071e-12       5.301435832898e-12       5.338306516043e-15       1.894248245110e-13       2.569511486386e-14       2.150100347632e-15 
  380       2.644069211961e-10       2.947855402717e-12       5.034743681334e-12       5.353822005717e-15       1.877701588919e-13       2.523474127285e-14       2.143151054323e-15 
  381       2.626429915289e-10       2.955443633377e-12       4.767266291218e-12       5.369385112232e-15       1.861329618350e-13       2.478191721633e-14       2.136109306544e-15 
  382       2.609408872127e-10       2.962507969349e-12       4.499096358099e-12       5.384998052070e-15       1.845131661273e-13       2.433656998118e-14       2.128973532330e-15 
  383       2.593005215331e-10       2.969046627123e-12       4.230328219745e-12       5.400663072722e-15       1.829106948704e-13       2.389862251786e-14       2.121742125290e-15 
  384       2.577217862161e-10       2.975057911216e-12       3.961057865664e-12       5.416382452836e-15       1.813254613947e-13       2.346799340491e-14       2.114413444347e-15 
  385       2.562045512387e-10       2.980540214996e-12       3.691382946610e-12       5.432158502360e-15       1.797573691729e-13       2.304459681335e-14       2.106985813476e-15 
  386       2.547486646400e-10       2.985492021519e-12       3.421402784099e-12       5.447993562687e-15       1.782063117341e-13       2.262834247117e-14       2.099457521439e-15 
  387       2.533539523321e-10       2.989911904354e-12       3.151218379919e-12       5.463890006801e-15       1.766721725771e-13       2.221913562774e-14       2.091826821526e-15 
  388       2.520202179109e-10       2.993798528415e-12       2.880932425644e-12       5.479850239424e-15       1.751548250848e-13       2.181687701826e-14       2.084091931290e-15 
  389       2.507472424668e-10       2.997150650790e-12       2.610649312146e-12       5.495876697155e-15       1.736541324370e-13       2.142146282826e-14       2.076251032284e-15 
  390       2.495347843959e-10       2.999967121575e-12       2.340475139107e-12       5.511971848621e-15       1.721699475253e-13       2.103278465797e-14       2.068302269802e-15 
  391       2.483825792107e-10       3.002246884699e-12       2.070517724530e-12       5.528138194620e-15       1.707021128659e-13       2.065072948682e-14       2.060243752611e-15 
  392       2.472903393512e-10       3.003988978757e-12       1.800886614256e-12       5.544378268263e-15       1.692504605138e-13       2.027517963787e-14       2.052073552695e-15 
  393       2.462577539954e-10       3.005192537838e-12       1.531693091470e-12       5.560694635125e-15       1.678148119767e-13       1.990601274226e-14       2.043789704986e-15 
  394       2.452844888705e-10       3.005856792360e-12       1.263050186219e-12       5.577089893384e-15       1.663949781284e-13       1.954310170366e-14       2.035390207105e-15 
  395       2.443701860637e-10       3.005981069894e-12       9.950726849219e-13       5.593566673971e-15       1.649907591226e-13       1.918631466271e-14       2.026873019102e-15 
  396       2.435144638330e-10       3.005564795998e-12       7.278771398800e-13       5.610127640711e-15       1.636019443071e-13       1.883551496147e-14       2.018236063186e-15 
  397       2.427169164182e-10       3.004607495047e-12       4.615818787930e-13       5.626775490470e-15       1.622283121370e-13       1.849056110786e-14       2.009477223471e-15 
  398       2.419771138517e-10       3.003108791059e-12       1.963070142694e-13       5.643512953300e-15       1.608696300887e-13       1.815130674014e-14       2.000594345707e-15 
  399       2.412946017694e-10       3.001068408532e-12      -6.782554666098e-14       5.660342792584e-15       1.595256545739e-13       1.781760059132e-14       1.991585237021e-15 
  400       2.406689012218e-10       2.998486173268e-12      -3.306920930345e-13       5.677267805180e-15       1.581961308527e-13       1.748928645360e-14       1.982447665652e-15 
  401       2.400995084844e-10       2.995362013207e-12      -5.921671004412e-13       5.694290821566e-15       1.568807929481e-13       1.716620314287e-14       1.973179360692e-15 
  402       2.395858948691e-10       2.991695959256e-12      -8.521232215127e-13       5.711414705987e-15       1.555793635594e-13       1.684818446312e-14       1.963778011820e-15 
  403       2.391275065346e-10       2.987488146116e-12      -1.110431276409e-12       5.728642356599e-15       1.542915539759e-13       1.653505917086e-14       1.954241269041e-15 
  404       2.387237642979e-10       2.982738813119e-12      -1.366960243309e-12       5.745976705612e-15       1.530170639907e-13       1.622665093964e-14       1.944566742424e-15 
  405       2.383740634443e-10       2.977448305051e-12      -1.621577248892e-12       5.763420719437e-15       1.517555818146e-13       1.592277832444e-14       1.934752001839e-15 
  406       2.380777735394e-10       2.971617072987e-12      -1.874147558834e-12       5.780977398832e-15       1.505067839899e-13       1.562325472612e-14       1.924794576692e-15 
  407       2.378342382389e-10       2.965245675119e-12      -2.124534568286e-12       5.798649779045e-15       1.492703353037e-13       1.532788835591e-14       1.914691955668e-15 
  408       2.376427751003e-10       2.958334777585e-12      -2.372599792369e-12       5.816440929959e-15       1.480458887023e-13       1.503648219980e-14       1.904441586463e-15 
  409       2.375026753932e-10       2.950885155304e-12      -2.618202856659e-12       5.834353956238e-15       1.468330852045e-13       1.474883398305e-14       1.894040875526e-15 
  410       2.374132039106e-10       2.942897692800e-12      -2.861201487673e-12       5.852391997472e-15       1.456315538155e-13       1.446473613456e-14       1.883487187790e-15 
  411       2.373736517753e-10       2.934374078219e-12      -3.101466651986e-12       5.870557758611e-15       1.444409771446e-13       1.418401348670e-14       1.872778647351e-15 
  412       2.373834973012e-10       2.925318910697e-12      -3.338928582328e-12       5.888852082695e-15       1.432612909890e-13       1.390663791459e-14       1.861916571166e-15 
  413       2.374422504443e-10       2.915737669082e-12      -3.573532359044e-12       5.907275327980e-15       1.420924916324e-13       1.363261767754e-14       1.850903120826e-15 
  414       2.375494001693e-10       2.905636026794e-12      -3.805222909582e-12       5.925827832903e-15       1.409345707384e-13       1.336196004078e-14       1.839740509695e-15 
  415       2.377044142978e-10       2.895019853147e-12      -4.033945009721e-12       5.944509915898e-15       1.397875153115e-13       1.309467126670e-14       1.828431003212e-15 
  416       2.379067393571e-10       2.883895214668e-12      -4.259643284788e-12       5.963321875205e-15       1.386513076563e-13       1.283075660601e-14       1.816976919201e-15 
  417       2.381558004282e-10       2.872268376420e-12      -4.482262210888e-12       5.982263988685e-15       1.375259253391e-13       1.257022028894e-14       1.805380628171e-15 
  418       2.384510009947e-10       2.860145803326e-12      -4.701746116120e-12       6.001336513630e-15       1.364113411470e-13       1.231306551643e-14       1.793644553625e-15 
  419       2.387917227911e-10       2.847534161485e-12      -4.918039181804e-12       6.020539686573e-15       1.353075230491e-13       1.205929445134e-14       1.781771172363e-15 
  420       2.391773256509e-10       2.834440319496e-12      -5.131085443704e-12       6.039873723106e-15       1.342144341565e-13       1.180890820958e-14       1.769763014787e-15 
  421       2.396071473556e-10       2.820871349780e-12      -5.340828793248e-12       6.059338817688e-15       1.331320326825e-13       1.156190685137e-14       1.757622665209e-15 
  422       2.400805034826e-10       2.806834529902e-12      -5.547212978754e-12       6.078935143457e-15       1.320602719033e-13       1.131828937237e-14       1.745352762151e-15 
  423       2.405966872541e-10       2.792337343890e-12      -5.750181606653e-12       6.098662852044e-15       1.309991001177e-13       1.107805369492e-14       1.732955998655e-15 
  424       2.411549693851e-10       2.777387483556e-12      -5.949678142709e-12       6.118522073385e-15       1.299484606082e-13       1.084119665917e-14       1.720435122585e-15 
  425       2.417545979324e-10       2.761992849823e-12      -6.145645913245e-12       6.138512915530e-15       1.289082916007e-13       1.060771401433e-14       1.707792936932e-15 
  426       2.423947981424e-10       2.746161554038e-12      -6.338028106364e-12       6.158635464460e-15       1.278785262250e-13       1.037760040983e-14       1.695032300122e-15 
  427       2.430747723000e-10       2.729901919301e-12      -6.526767773174e-12       6.178889783895e-15       1.268590924753e-13       1.015084938650e-14       1.682156126319e-15 
  428       2.437936995769e-10       2.713222481779e-12      -6.711807829009e-12       6.199275915109e-15       1.258499131703e-13       9.927453367769e-15       1.669167385729e-15 
  429       2.445507358799e-10       2.696131992036e-12      -6.893091054652e-12       6.219793876741e-15       1.248509059136e-13       9.707403650864e-15       1.656069104907e-15 
  430       2.453450136996e-10       2.678639416346e-12      -7.070560097559e-12       6.240443664605e-15       1.238619830541e-13       9.490690397985e-15       1.642864367061e-15 
  431       2.461756419587e-10       2.660753938020e-12      -7.244157473084e-12       6.261225251506e-15       1.228830516462e-13       9.277302627499e-15       1.629556312359e-15 
  432       2.470417058604e-10       2.642484958726e-12      -7.413825565695e-12       6.282138587051e-15       1.219140134101e-13       9.067228205129e-15       1.616148138230e-15 
  433       2.479422667369e-10       2.623842099808e-12      -7.579506630206e-12       6.303183597458e-15       1.209547646923e-13       8.860453835143e-15       1.602643099675e-15 
  434       2.488763618979e-10       2.604835203611e-12      -7.741142792993e-12       6.324360185372e-15       1.200051964258e-13       8.656965051545e-15       1.589044509564e-15 
  435       2.498430044789e-10       2.585474334798e-12      -7.898676053220e-12       6.345668229677e-15       1.190651940904e-13       8.456746209258e-15       1.575355738951e-15 
  436       2.508411832896e-10       2.565769781677e-12      -8.052048284062e-12       6.367107585304e-15       1.181346376729e-13       8.259780475320e-15       1.561580217371e-15 
  437       2.518698626627e-10       2.545732057518e-12      -8.201201233927e-12       6.388678083047e-15       1.172134016279e-13       8.066049820071e-15       1.547721433148e-15 
  438       2.529279823019e-10       2.525371901875e-12      -8.346076527679e-12       6.410379529376e-15       1.163013548376e-13       7.875535008340e-15       1.533782933700e-15 
  439       2.540144571306e-10       2.504700281909e-12      -8.486615667862e-12       6.432211706245e-15       1.153983605722e-13       7.688215590633e-15       1.519768325844e-15 
  440       2.551281771403e-10       2.483728393709e-12      -8.622760035922e-12       6.454174370906e-15       1.145042764505e-13       7.504069894329e-15       1.505681276104e-15 
  441       2.562680072388e-10       2.462467663610e-12      -8.754450893430e-12       6.476267255725e-15       1.136189544002e-13       7.323075014861e-15       1.491525511008e-15 
  442       2.574327870991e-10       2.440929749521e-12      -8.881629383307e-12       6.498490067985e-15       1.127422406178e-13       7.145206806908e-15       1.477304817403e-15 
  443       2.586213310075e-10       2.419126542240e-12      -9.004236531042e-12       6.520842489709e-15       1.118739755292e-13       6.970439875589e-15       1.463023042754e-15 
  444       2.598324277121e-10       2.397070166778e-12      -9.122213245921e-12       6.543324177464e-15       1.110139937503e-13       6.798747567641e-15       1.448684095448e-15 
  445       2.610648402714e-10       2.374772983681e-12      -9.235500322245e-12       6.565934762177e-15       1.101621240469e-13       6.630101962620e-15       1.434291945105e-15 
  446       2.623173059023e-10       2.352247590351e-12      -9.344038440558e-12       6.588673848945e-15       1.093181892949e-13       6.464473864083e-15       1.419850622878e-15 
  447       2.635885358291e-10       2.329506822367e-12      -9.447768168864e-12       6.611541016850e-15       1.084820064414e-13       6.301832790777e-15       1.405364221760e-15 
  448       2.648772151316e-10       2.306563754804e-12      -9.546629963854e-12       6.634535818769e-15       1.076533864641e-13       6.142146967831e-15       1.390836896889e-15 
  449       2.661820025938e-10       2.283431703560e-12      -9.640564172129e-12       6.657657781184e-15       1.068321343322e-13       5.985383317944e-15       1.376272865852e-15 
  450       2.675015305519e-10       2.260124226672e-12      -9.729511031421e-12       6.680906404000e-15       1.060180489665e-13       5.831507452575e-15       1.361676408992e-15 
  451       2.688345399669e-10       2.236654498394e-12      -9.813422142017e-12       6.704280937772e-15       1.052109576783e-13       5.680488500696e-15       1.347051431154e-15 
  452       2.701802907420e-10       2.213033406525e-12      -9.892295285506e-12       6.727779707883e-15       1.044108207883e-13       5.532313784313e-15       1.332400130766e-15 
  453       2.715381643301e-10       2.189271396364e-12      -9.966140730561e-12       6.751400768221e-15       1.036176303014e-13       5.386974598566e-15       1.317724288466e-15 
  454       2.729075296339e-10       2.165379093359e-12      -1.003496987211e-11       6.775142121465e-15       1.028313757132e-13       5.244461410958e-15       1.303025701831e-15 
  455       2.742877429335e-10       2.141367304063e-12      -1.009879523929e-11       6.799001718773e-15       1.020520439909e-13       5.104763855394e-15       1.288306185423e-15 
  456       2.756781478149e-10       2.117247017085e-12      -1.015763050347e-11       6.822977459462e-15       1.012796195539e-13       4.967870726219e-15       1.273567570834e-15 
  457       2.770780750975e-10       2.093029404042e-12      -1.021149048617e-11       6.847067190685e-15       1.005140842542e-13       4.833769972253e-15       1.258811706739e-15 
  458       2.784868427626e-10       2.068725820513e-12      -1.026039116708e-11       6.871268707117e-15       9.975541735726e-14       4.702448690826e-15       1.244040458936e-15 
  459       2.799037558813e-10       2.044347806985e-12      -1.030434969200e-11       6.895579750633e-15       9.900359552260e-14       4.573893121819e-15       1.229255710395e-15 
  460       2.813281065423e-10       2.019907089815e-12      -1.034338438084e-11       6.919998009990e-15       9.825859278424e-14       4.448088641696e-15       1.214459361307e-15 
  461       2.827591737804e-10       1.995415582173e-12      -1.037751473560e-11       6.944521120511e-15       9.752038053145e-14       4.325019757545e-15       1.199653329131e-15 
  462       2.841962235040e-10       1.970885384999e-12      -1.040676144832e-11       6.969146663759e-15       9.678892748936e-14       4.204670101113e-15       1.184839548637e-15 
  463       2.856385084238e-10       1.946328787953e-12      -1.043114640906e-11       6.993872167225e-15       9.606419969953e-14       4.087022422841e-15       1.170019971956e-15 
  464       2.870852679801e-10       1.921758270369e-12      -1.045069271388e-11       7.018695104007e-15       9.534616050061e-14       3.972058585904e-15       1.155196568628e-15 
  465       2.885357282715e-10       1.897186502206e-12      -1.046542467285e-11       7.043612892490e-15       9.463477050897e-14       3.859759560246e-15       1.140371325645e-15 
  466       2.899891019824e-10       1.872626345001e-12      -1.047536781796e-11       7.068622896026e-15       9.392998759923e-14       3.750105416615e-15       1.125546247501e-15 
  467       2.914445883114e-10       1.848090852819e-12      -1.048054891113e-11       7.093722422621e-15       9.323176688500e-14       3.643075320605e-15       1.110723356239e-15 
  468       2.929013728994e-10       1.823593273208e-12      -1.048099595219e-11       7.118908724607e-15       9.254006069940e-14       3.538647526686e-15       1.095904691495e-15 
  469       2.943586277572e-10       1.799147048148e-12      -1.047673818686e-11       7.144178998333e-15       9.185481857571e-14       3.436799372246e-15       1.081092310548e-15 
  470       2.958155111940e-10       1.774765815007e-12      -1.046780611469e-11       7.169530383838e-15       9.117598722801e-14       3.337507271625e-15       1.066288288367e-15 
  471       2.972711677452e-10       1.750463407490e-12      -1.045423149707e-11       7.194959964535e-15       9.050351053176e-14       3.240746710154e-15       1.051494717655e-15 
  472       2.987247281005e-10       1.726253856591e-12      -1.043604736518e-11       7.220464766896e-15       8.983732950446e-14       3.146492238188e-15       1.036713708898e-15 
  473       3.001753090318e-10       1.702151391547e-12      -1.041328802800e-11       7.246041760125e-15       8.917738228620e-14       3.054717465147e-15       1.021947390412e-15 
  474       3.016220133217e-10       1.678170440791e-12      -1.038598908025e-11       7.271687855847e-15       8.852360412036e-14       2.965395053550e-15       1.007197908388e-15 
  475       3.030639296909e-10       1.654325632901e-12      -1.035418741037e-11       7.297399907784e-15       8.787592733417e-14       2.878496713053e-15       9.924674269436e-16 
  476       3.045001327267e-10       1.630631797553e-12      -1.031792120850e-11       7.323174711439e-15       8.723428131934e-14       2.793993194485e-15       9.777581281631e-16 
  477       3.059296828110e-10       1.607103966475e-12      -1.027722997449e-11       7.349009003775e-15       8.659859251269e-14       2.711854283886e-15       9.630722121500e-16 
  478       3.073516260480e-10       1.583757374398e-12      -1.023215452581e-11       7.374899462897e-15       8.596878437677e-14       2.632048796541e-15       9.484118970715e-16 
  479       3.087649941928e-10       1.560607460007e-12      -1.018273700557e-11       7.400842707734e-15       8.534477738043e-14       2.554544571019e-15       9.337794192057e-16 
  480       3.101688045787e-10       1.537669866894e-12      -1.012902089048e-11       7.426835297718e-15       8.472648897951e-14       2.479308463212e-15       9.191770329889e-16 
  481       3.115620600461e-10       1.514960444513e-12      -1.007105099883e-11       7.452873732468e-15       8.411383359741e-14       2.406306340364e-15       9.046070110620e-16 
  482       3.129437488699e-10       1.492495249126e-12      -1.000887349846e-11       7.478954451469e-15       8.350672260572e-14       2.335503075118e-15       8.900716443179e-16 
  483       3.143128446877e-10       1.470290544761e-12      -9.942535914748e-12       7.505073833752e-15       8.290506430483e-14       2.266862539544e-15       8.755732419479e-16 
  484       3.156683064280e-10       1.448362804160e-12      -9.872087138561e-12       7.531228197579e-15       8.230876390455e-14       2.200347599181e-15       8.611141314893e-16 
  485       3.170090782381e-10       1.426728709734e-12      -9.797577434253e-12       7.557413800120e-15       8.171772350476e-14       2.135920107071e-15       8.466966588715e-16 
  486       3.183340894121e-10       1.405405154514e-12      -9.719058447628e-12       7.583626837137e-15       8.113184207596e-14       2.073540897798e-15       8.323231884636e-16 
  487       3.196422543191e-10       1.384409243102e-12      -9.636583213919e-12       7.609863442664e-15       8.055101543995e-14       2.013169781521e-15       8.179961031210e-16 
  488       3.209324723312e-10       1.363758292626e-12      -9.550206165762e-12       7.636119688686e-15       7.997513625042e-14       1.954765538016e-15       8.037178042324e-16 
  489       3.222036277513e-10       1.343469833689e-12      -9.459983141172e-12       7.662391584826e-15       7.940409397356e-14       1.898285910710e-15       7.894907117665e-16 
  490       3.234545897414e-10       1.323561611322e-12      -9.365971391516e-12       7.688675078020e-15       7.883777486870e-14       1.843687600715e-15       7.753172643194e-16 
  491       3.246843590691e-10       1.304049805020e-12      -9.268230445282e-12       7.714966262557e-15       7.827608076172e-14       1.790930797860e-15       7.611995136705e-16 
  492       3.258925132744e-10       1.284943628903e-12      -9.166824711313e-12       7.741262017695e-15       7.771898601651e-14       1.739992933545e-15       7.471378951460e-16 
  493       3.270787745486e-10       1.266250573466e-12      -9.061820968402e-12       7.767559388305e-15       7.716648221303e-14       1.690855323545e-15       7.331324209215e-16 
  494       3.282428641090e-10       1.247978172100e-12      -8.953287524856e-12       7.793855376007e-15       7.661855949709e-14       1.643498664161e-15       7.191830820650e-16 
  495       3.293845022003e-10       1.230134001162e-12      -8.841294226888e-12       7.820146938959e-15       7.607520657029e-14       1.597903028508e-15       7.052898483818e-16 
  496       3.305034080952e-10       1.212725680038e-12      -8.725912467025e-12       7.846430991641e-15       7.553641067998e-14       1.554047862807e-15       6.914526682608e-16 
  497       3.315993000957e-10       1.195760871213e-12      -8.607215192505e-12       7.872704404640e-15       7.500215760923e-14       1.511911982675e-15       6.776714685191e-16 
  498       3.326718955337e-10       1.179247280341e-12      -8.485276913674e-12       7.898964004435e-15       7.447243166676e-14       1.471473569416e-15       6.639461542482e-16 
  499       3.337209107724e-10       1.163192656308e-12      -8.360173712393e-12       7.925206573184e-15       7.394721567690e-14       1.432710166311e-15       6.502766086590e-16 
  500       3.347460612067e-10       1.147604791301e-12      -8.231983250433e-12       7.951428848510e-15       7.342649096953e-14       1.395598674908e-15       6.366626929276e-16 
  501       3.357470612650e-10       1.132491520876e-12      -8.100784777875e-12       7.977627523286e-15       7.291023737006e-14       1.360115351314e-15       6.231042460406e-16 
  502       3.367236244093e-10       1.117860724026e-12      -7.966659141514e-12       8.003799245419e-15       7.239843318936e-14       1.326235802484e-15       6.096010846407e-16 
  503       3.376754631367e-10       1.103720323248e-12      -7.829688793256e-12       8.029940617638e-15       7.189105521373e-14       1.293934982512e-15       5.961530028722e-16 
  504       3.386022889803e-10       1.090078284608e-12      -7.689957798517e-12       8.056048197278e-15       7.138807869483e-14       1.263187188921e-15       5.827597722265e-16 
  505       3.395038125099e-10       1.076942617813e-12      -7.547551844629e-12       8.082118496066e-15       7.088947733965e-14       1.233966058955e-15       5.694211413872e-16 
  506       3.403797433335e-10       1.064321376276e-12      -7.402558249233e-12       8.108147979908e-15       7.039522330046e-14       1.206244565867e-15       5.561368360763e-16 
  507       3.412297900977e-10       1.052222657182e-12      -7.255065968684e-12       8.134133068673e-15       6.990528716477e-14       1.179995015212e-15       5.429065588992e-16 
  508       3.420536604891e-10       1.040654601558e-12      -7.105165606450e-12       8.160070135978e-15       6.941963794526e-14       1.155189041137e-15       5.297299891901e-16 
  509       3.428510612348e-10       1.029625394340e-12      -6.952949421510e-12       8.185955508976e-15       6.893824306974e-14       1.131797602668e-15       5.166067828579e-16 
  510       3.436216981041e-10       1.019143264440e-12      -6.798511336757e-12       8.211785468138e-15       6.846106837114e-14       1.109790980007e-15       5.035365722314e-16 
  511       3.443652759087e-10       1.009216484812e-12      -6.641946947398e-12       8.237556247043e-15       6.798807807739e-14       1.089138770815e-15       4.905189659050e-16 
  512       3.450814985041e-10       9.998533725218e-13      -6.483353529351e-12       8.263264032161e-15       6.751923480145e-14       1.069809886511e-15       4.775535485837e-16 
  513       3.457700687907e-10       9.910622888149e-13      -6.322830047649e-12       8.288904962638e-15       6.705449953121e-14       1.051772548553e-15       4.646398809292e-16 
  514       3.464306887142e-10       9.828516391810e-13      -6.160477164838e-12       8.314475130084e-15       6.659383161945e-14       1.034994284736e-15       4.517774994052e-16 
  515       3.470630592672e-10       9.752298734238e-13      -5.996397249377e-12       8.339970578355e-15       6.613718877383e-14       1.019441925479e-15       4.389659161225e-16 
  516       3.476668804898e-10       9.682054857278e-13      -5.830694384041e-12       8.365387303343e-15       6.568452704680e-14       1.005081600117e-15       4.262046186852e-16 
  517       3.482418514708e-10       9.617870147256e-13      -5.663474374316e-12       8.390721252759e-15       6.523580082555e-14       9.918787331883e-16       4.134930700355e-16 
  518       3.487876703483e-10       9.559830435658e-13      -5.494844756803e-12       8.415968325918e-15       6.479096282202e-14       9.797980407299e-16       4.008307082995e-16 
  519       3.493040343112e-10       9.508021999801e-13      -5.324914807619e-12       8.441124373526e-15       6.434996406277e-14       9.688035265643e-16       3.882169466329e-16 
  520       3.497906395997e-10       9.462531563508e-13      -5.153795550794e-12       8.466185197465e-15       6.391275387901e-14       9.588584785912e-16       3.756511730659e-16 
  521       3.502471815066e-10       9.423446297785e-13      -4.981599766673e-12       8.491146550581e-15       6.347927989649e-14       9.499254650780e-16       3.631327503494e-16 
  522       3.506733543781e-10       9.390853821495e-13      -4.808442000314e-12       8.516004136463e-15       6.304948802551e-14       9.419663309500e-16       3.506610157999e-16 
  523       3.510688516147e-10       9.364842202029e-13      -4.634438569893e-12       8.540753609237e-15       6.262332245082e-14       9.349421940812e-16       3.382352811453e-16 
  524       3.514333656724e-10       9.345499955987e-13      -4.459707575097e-12       8.565390573346e-15       6.220072562161e-14       9.288134415845e-16       3.258548323703e-16 
  525       3.517665880636e-10       9.332916049846e-13      -4.284368905533e-12       8.589910583338e-15       6.178163824145e-14       9.235397261023e-16       3.135189295619e-16 
  526       3.520682093580e-10       9.327179900642e-13      -4.108544249119e-12       8.614309143648e-15       6.136599925822e-14       9.190799620969e-16       3.012268067550e-16 
  527       3.523379191834e-10       9.328381376637e-13      -3.932357100490e-12       8.638581708390e-15       6.095374585410e-14       9.153923221413e-16       2.889776717775e-16 
  528       3.525754062272e-10       9.336610797998e-13      -3.755932769398e-12       8.662723681137e-15       6.054481343552e-14       9.124342332091e-16       2.767707060963e-16 
  529       3.527803582368e-10       9.351958937474e-13      -3.579398389109e-12       8.686730414710e-15       6.013913562309e-14       9.101623729654e-16       2.646050646626e-16 
  530       3.529524620209e-10       9.374517021064e-13      -3.402882924806e-12       8.710597210960e-15       5.973664424154e-14       9.085326660574e-16       2.524798757572e-16 
  531       3.530914901016e-10       9.404358461940e-13      -3.226506996005e-12       8.734319837740e-15       5.933728018278e-14       9.075080764211e-16       2.403946167041e-16 
  532       3.531975632789e-10       9.441483510440e-13      -3.050352020099e-12       8.757896095822e-15       5.894102634261e-14       9.070822265310e-16       2.283502526464e-16 
  533       3.532708952651e-10       9.485873088299e-13      -2.874490239629e-12       8.781324294502e-15       5.854787556691e-14       9.072564182195e-16       2.163481286785e-16 
  534       3.533117067216e-10       9.537506911111e-13      -2.698994835830e-12       8.804602738311e-15       5.815781985487e-14       9.080318948239e-16       2.043895968067e-16 
  535       3.533202252973e-10       9.596363481240e-13      -2.523939932704e-12       8.827729727016e-15       5.777085035355e-14       9.094098407884e-16       1.924760159549e-16 
  536       3.532966856662e-10       9.662420080740e-13      -2.349400601090e-12       8.850703555630e-15       5.738695735245e-14       9.113913812663e-16       1.806087519688e-16 
  537       3.532413295651e-10       9.735652764264e-13      -2.175452862739e-12       8.873522514414e-15       5.700613027805e-14       9.139775817222e-16       1.687891776219e-16 
  538       3.531544058314e-10       9.816036351984e-13      -2.002173694387e-12       8.896184888883e-15       5.662835768845e-14       9.171694475342e-16       1.570186726201e-16 
  539       3.530361704409e-10       9.903544422504e-13      -1.829641031830e-12       8.918688959814e-15       5.625362726786e-14       9.209679235958e-16       1.452986236074e-16 
  540       3.528868865455e-10       9.998149305777e-13      -1.657933773995e-12       8.941033003245e-15       5.588192582126e-14       9.253738939185e-16       1.336304241703e-16 
  541       3.527068245113e-10       1.009982207602e-12      -1.487131787012e-12       8.963215290487e-15       5.551323926888e-14       9.303881812335e-16       1.220154748437e-16 
  542       3.524962619561e-10       1.020853254461e-12      -1.317315908292e-12       8.985234088126e-15       5.514755264085e-14       9.360115465940e-16       1.104551831156e-16 
  543       3.522554837869e-10       1.032424925306e-12      -1.148567950595e-12       9.007087658028e-15       5.478485007171e-14       9.422446889776e-16       9.895096343254e-17 
  544       3.519847822386e-10       1.044693946583e-12      -9.809707061078e-13       9.028774257347e-15       5.442511479502e-14       9.490882448879e-16       8.750423720437e-17 
  545       3.516844569106e-10       1.057656916337e-12      -8.146079505138e-13       9.050292138526e-15       5.406832913794e-14       9.565427879574e-16       7.611643280980e-17 
  546       3.513548148056e-10       1.071310303491e-12      -6.495644470677e-13       9.071639549306e-15       5.371447451574e-14       9.646088285491e-16       6.478898560135e-17 
  547       3.509961703668e-10       1.085650447147e-12      -4.859259506687e-13       9.092814732731e-15       5.336353142644e-14       9.732868133587e-16       5.352333791054e-17 
  548       3.506088455157e-10       1.100673555873e-12      -3.237792119334e-13       9.113815927149e-15       5.301547944536e-14       9.825771250169e-16       4.232093905307e-17 
  549       3.501931696903e-10       1.116375706995e-12      -1.632119812695e-13       9.134641366224e-15       5.267029721967e-14       9.924800816917e-16       3.118324533393e-17 
  550       3.497494798824e-10       1.132752845888e-12      -4.313012948592e-15       9.155289278936e-15       5.232796246298e-14       1.002995936690e-15       2.011172005259e-17 
  551       3.492781206757e-10       1.149800785270e-12       1.528279308203e-13       9.175757889589e-15       5.198845194992e-14       1.014124878061e-15       9.107833508129e-18 
  552       3.487794442833e-10       1.167515204491e-12       3.081200758177e-13       9.196045417815e-15       5.165174151068e-14       1.025867028196e-15      -1.826936995585e-18 
  553       3.482538105857e-10       1.185891648827e-12       4.614716317401e-13       9.216150078580e-15       5.131780602563e-14       1.038222443433e-15      -1.269110714477e-17 
  554       3.477015871687e-10       1.204925528767e-12       6.127897881273e-13       9.236070082189e-15       5.098661941983e-14       1.051191113658e-15      -2.348318561054e-17 
  555       3.471231493608e-10       1.224612119310e-12       7.619807102887e-13       9.255803634291e-15       5.065815465767e-14       1.064772961907e-15      -3.420167404380e-17 
  556       3.465188802713e-10       1.244946559254e-12       9.089495352299e-13       9.275348935886e-15       5.033238373737e-14       1.078967843968e-15      -4.484506707005e-17 
  557       3.458891708278e-10       1.265923850485e-12       1.053600367580e-12       9.294704183326e-15       5.000927768561e-14       1.093775547983e-15      -5.541185228425e-17 
  558       3.452344198144e-10       1.287538857273e-12       1.195836275518e-12       9.313867568326e-15       4.968880655209e-14       1.109195794050e-15      -6.590051024565e-17 
  559       3.445550339090e-10       1.309786305562e-12       1.335559286700e-12       9.332837277966e-15       4.937093940405e-14       1.125228233828e-15      -7.630951447268e-17 
  560       3.438514277215e-10       1.332660782259e-12       1.472670384186e-12       9.351611494696e-15       4.905564432091e-14       1.141872450134e-15      -8.663733143773e-17 
  561       3.431240238311e-10       1.356156734530e-12       1.607069502364e-12       9.370188396343e-15       4.874288838882e-14       1.159127956550e-15      -9.688242056205e-17 
  562       3.423732528248e-10       1.380268469086e-12       1.738655522881e-12       9.388566156115e-15       4.843263769521e-14       1.176994197023e-15      -1.070432342106e-16 
  563       3.415995533343e-10       1.404990151480e-12       1.867326270568e-12       9.406742942605e-15       4.812485732338e-14       1.195470545465e-15      -1.171182176868e-16 
  564       3.408033720746e-10       1.430315805396e-12       1.992978509367e-12       9.424716919802e-15       4.781951134706e-14       1.214556305359e-15      -1.271058092275e-16 
  565       3.399851638812e-10       1.456239311940e-12       2.115507938254e-12       9.442486247088e-15       4.751656282501e-14       1.234250709362e-15      -1.370044399978e-16 
  566       3.391453917482e-10       1.482754408930e-12       2.234809187174e-12       9.460049079251e-15       4.721597379554e-14       1.254552918899e-15      -1.468125340858e-16 
  567       3.382845268659e-10       1.509854690194e-12       2.350775812958e-12       9.477403566485e-15       4.691770527114e-14       1.275462023777e-15      -1.565285084976e-16 
  568       3.374030486586e-10       1.537533604854e-12       2.463300295258e-12       9.494547854397e-15       4.662171723300e-14       1.296977041776e-15      -1.661507731521e-16 
  569       3.365014448227e-10       1.565784456621e-12       2.572274032469e-12       9.511480084014e-15       4.632796862563e-14       1.319096918261e-15      -1.756777308756e-16 
  570       3.355802113639e-10       1.594600403087e-12       2.677587337657e-12       9.528198391785e-15       4.603641735138e-14       1.341820525774e-15      -1.851077773970e-16 
  571       3.346398479082e-10       1.623973864264e-12       2.779144117520e-12       9.544701370986e-15       4.574702673629e-14       1.365145099006e-15      -1.944395744042e-16 
  572       3.336808434244e-10       1.653894733070e-12       2.876906328839e-12       9.560989468846e-15       4.545978511964e-14       1.389061496631e-15      -2.036728763753e-16 
  573       3.327036902121e-10       1.684352117806e-12       2.970850647752e-12       9.577063625060e-15       4.517468675328e-14       1.413558817845e-15      -2.128077248236e-16 
  574       3.317088886317e-10       1.715334927858e-12       3.060953890627e-12       9.592924813793e-15       4.489172537249e-14       1.438625955103e-15      -2.218441772391e-16 
  575       3.306969471405e-10       1.746831872764e-12       3.147193015384e-12       9.608574043853e-15       4.461089419301e-14       1.464251593144e-15      -2.307823071838e-16 
  576       3.296683823289e-10       1.778831461297e-12       3.229545122818e-12       9.624012358865e-15       4.433218590793e-14       1.490424208021e-15      -2.396222043865e-16 
  577       3.286237189563e-10       1.811322000533e-12       3.307987457917e-12       9.639240837450e-15       4.405559268466e-14       1.517132066125e-15      -2.483639748385e-16 
  578       3.275634899872e-10       1.844291594928e-12       3.382497411189e-12       9.654260593395e-15       4.378110616188e-14       1.544363223213e-15      -2.570077408883e-16 
  579       3.264882366272e-10       1.877728145394e-12       3.453052519979e-12       9.669072775830e-15       4.350871744649e-14       1.572105523440e-15      -2.655536413369e-16 
  580       3.253985083591e-10       1.911619348371e-12       3.519630469791e-12       9.683678569403e-15       4.323841711055e-14       1.600346598378e-15      -2.740018315332e-16 
  581       3.242948629789e-10       1.945952694901e-12       3.582209095611e-12       9.698079194455e-15       4.297019518824e-14       1.629073866051e-15      -2.823524834688e-16 
  582       3.231778666319e-10       1.980715469705e-12       3.640766383227e-12       9.712275907193e-15       4.270404117281e-14       1.658274529957e-15      -2.906057858734e-16 
  583       3.220480938487e-10       2.015894750256e-12       3.695280470552e-12       9.726269999867e-15       4.243994401350e-14       1.687935578100e-15      -2.987619443101e-16 
  584       3.209061275813e-10       2.051477405853e-12       3.745729648943e-12       9.740062800943e-15       4.217789211255e-14       1.718043782012e-15      -3.068211812701e-16 
  585       3.197525592389e-10       2.087450096698e-12       3.792092364525e-12       9.753655675280e-15       4.191787332206e-14       1.748585695785e-15      -3.147837362686e-16 
  586       3.185879887244e-10       2.123799272967e-12       3.834347219511e-12       9.767050024302e-15       4.165987494105e-14       1.779547655094e-15      -3.226498659391e-16 
  587       3.174130244700e-10       2.160511173886e-12       3.872472973523e-12       9.780247286177e-15       4.140388371230e-14       1.810915776228e-15      -3.304198441293e-16 
  588       3.162282834735e-10       2.197571826806e-12       3.906448544915e-12       9.793248935985e-15       4.114988581937e-14       1.842675955116e-15      -3.380939619959e-16 
  589       3.150343913343e-10       2.234967046277e-12       3.936253012093e-12       9.806056485900e-15       4.089786688352e-14       1.874813866354e-15      -3.456725280998e-16 
  590       3.138319822894e-10       2.272682433123e-12       3.961865614838e-12       9.818671485362e-15       4.064781196067e-14       1.907314962233e-15      -3.531558685015e-16 
  591       3.126216992494e-10       2.310703373515e-12       3.983265755626e-12       9.831095521250e-15       4.039970553836e-14       1.940164471763e-15      -3.605443268560e-16 
  592       3.114041938347e-10       2.349015038046e-12       4.000433000948e-12       9.843330218059e-15       4.015353153266e-14       1.973347399706e-15      -3.678382645080e-16 
  593       3.101801264114e-10       2.387602380808e-12       4.013347082636e-12       9.855377238074e-15       3.990927328514e-14       2.006848525600e-15      -3.750380605873e-16 
  594       3.089501661273e-10       2.426450138462e-12       4.021987899180e-12       9.867238281547e-15       3.966691355986e-14       2.040652402785e-15      -3.821441121036e-16 
  595       3.077149909483e-10       2.465542829316e-12       4.026335517053e-12       9.878915086866e-15       3.942643454024e-14       2.074743357432e-15      -3.891568340422e-16 
  596       3.064752876939e-10       2.504864752398e-12       4.026370172029e-12       9.890409430738e-15       3.918781782607e-14       2.109105487572e-15      -3.960766594587e-16 
  597       3.052317520737e-10       2.544399986530e-12       4.022072270505e-12       9.901723128355e-15       3.895104443043e-14       2.143722662121e-15      -4.029040395742e-16 
  598       3.039850887231e-10       2.584132389406e-12       4.013422390826e-12       9.912858033578e-15       3.871609477668e-14       2.178578519905e-15      -4.096394438707e-16 
  599       3.027360112398e-10       2.624045596660e-12       4.000401284602e-12       9.923816039104e-15       3.848294869532e-14       2.213656468694e-15      -4.162833601863e-16 
  600       3.014852422193e-10       2.664123020946e-12       3.982989878033e-12       9.934599076645e-15       3.825158542105e-14       2.248939684222e-15      -4.228362948102e-16 
  601       3.002335132912e-10       2.704347851011e-12       3.961169273227e-12       9.945209117101e-15       3.802198358965e-14       2.284411109221e-15      -4.292987725776e-16 
  602       2.989815651555e-10       2.744703050768e-12       3.934920749524e-12       9.955648170737e-15       3.779412123492e-14       2.320053452442e-15      -4.356713369657e-16 
  603       2.977301476181e-10       2.785171358371e-12       3.904225764816e-12       9.965918287355e-15       3.756797578568e-14       2.355849187686e-15      -4.419545501881e-16 
  604       2.964800196273e-10       2.825735285292e-12       3.869065956870e-12       9.976021556470e-15       3.734352406269e-14       2.391780552831e-15      -4.481489932900e-16 
  605       2.952319493096e-10       2.866377115393e-12       3.829423144648e-12       9.985960107488e-15       3.712074227559e-14       2.427829548859e-15      -4.542552662441e-16 
  606       2.939867140060e-10       2.907078903999e-12       3.785279329628e-12       9.995736109873e-15       3.689960601987e-14       2.463977938882e-15      -4.602739880449e-16 
  607       2.927451003075e-10       2.947822476976e-12       3.736616697129e-12       1.000535177333e-14       3.668009027382e-14       2.500207247171e-15      -4.662057968043e-16 
  608       2.915079040920e-10       2.988589429803e-12       3.683417617625e-12       1.001480934798e-14       3.646216939544e-14       2.536498758184e-15      -4.720513498468e-16 
  609       2.902759305594e-10       3.029361126650e-12       3.625664648077e-12       1.002411112452e-14       3.624581711943e-14       2.572833515590e-15      -4.778113238047e-16 
  610       2.890499942684e-10       3.070118699446e-12       3.563340533244e-12       1.003325943442e-14       3.603100655415e-14       2.609192321298e-15      -4.834864147128e-16 
  611       2.878308451977e-10       3.110844210448e-12       3.496438038359e-12       1.004225672300e-14       3.581771415937e-14       2.645557768127e-15      -4.890771643029e-16 
  612       2.866189449225e-10       3.151524172252e-12       3.424989701946e-12       1.005110577026e-14       3.560593179006e-14       2.681920393006e-15      -4.945834341427e-16 
  613       2.854146851723e-10       3.192146109882e-12       3.349038795049e-12       1.005980947568e-14       3.539565493378e-14       2.718272668569e-15      -5.000049191461e-16 
  614       2.842184613348e-10       3.232697404348e-12       3.268629558565e-12       1.006837078593e-14       3.518687875404e-14       2.754606982476e-15      -5.053413202783e-16 
  615       2.830306724679e-10       3.273165292099e-12       3.183807207723e-12       1.007679269515e-14       3.497959808855e-14       2.790915637090e-15      -5.105923445959e-16 
  616       2.818517213123e-10       3.313536864461e-12       3.094617936556e-12       1.008507824505e-14       3.477380744741e-14       2.827190849163e-15      -5.157577052857e-16 
  617       2.806820143035e-10       3.353799067094e-12       3.001108922381e-12       1.009323052519e-14       3.456950101137e-14       2.863424749508e-15      -5.208371217045e-16 
  618       2.795219615844e-10       3.393938699434e-12       2.903328330275e-12       1.010125267312e-14       3.436667263002e-14       2.899609382687e-15      -5.258303194183e-16 
  619       2.783719770173e-10       3.433942414146e-12       2.801325317550e-12       1.010914787463e-14       3.416531582006e-14       2.935736706684e-15      -5.307370302418e-16 
  620       2.772324781965e-10       3.473796716567e-12       2.695150038229e-12       1.011691936391e-14       3.396542376350e-14       2.971798592588e-15      -5.355569922775e-16 
  621       2.761038864604e-10       3.513487964154e-12       2.584853647527e-12       1.012457042374e-14       3.376698930590e-14       3.007786824276e-15      -5.402899499558e-16 
  622       2.749866269040e-10       3.553002365937e-12       2.470488306320e-12       1.013210438575e-14       3.357000495457e-14       3.043693098085e-15      -5.449356540734e-16 
  623       2.738811283909e-10       3.592325981961e-12       2.352107185629e-12       1.013952463053e-14       3.337446287682e-14       3.079509022500e-15      -5.494938618336e-16 
  624       2.727878235659e-10       3.631444722737e-12       2.229764471091e-12       1.014683458791e-14       3.318035489820e-14       3.115226117830e-15      -5.539643368853e-16 
  625       2.717071488671e-10       3.670344348689e-12       2.103515367437e-12       1.015403773711e-14       3.298767250068e-14       3.150835815886e-15      -5.583468493621e-16 
  626       2.706395445384e-10       3.709010469604e-12       1.973416102971e-12       1.016113760695e-14       3.279640682093e-14       3.186329459667e-15      -5.626411759224e-16 
  627       2.695854546417e-10       3.747428544074e-12       1.839523934043e-12       1.016813777604e-14       3.260654864851e-14       3.221698303034e-15      -5.668470997883e-16 
  628       2.685453270691e-10       3.785583878950e-12       1.701897149527e-12       1.017504187302e-14       3.241808842409e-14       3.256933510392e-15      -5.709644107849e-16 
  629       2.675196135553e-10       3.823461628787e-12       1.560595075297e-12       1.018185357668e-14       3.223101623774e-14       3.292026156371e-15      -5.749929053802e-16 
  630       2.665087696902e-10       3.861046795294e-12       1.415678078703e-12       1.018857661625e-14       3.204532182706e-14       3.326967225505e-15      -5.789323867240e-16 
  631       2.655132549305e-10       3.898324226777e-12       1.267207573050e-12       1.019521477151e-14       3.186099457549e-14       3.361747611912e-15      -5.827826646876e-16 
  632       2.645335326127e-10       3.935278617592e-12       1.115246022072e-12       1.020177187305e-14       3.167802351049e-14       3.396358118972e-15      -5.865435559030e-16 
  633       2.635700699651e-10       3.971894507591e-12       9.598569444069e-13       1.020825180246e-14       3.149639730178e-14       3.430789459013e-15      -5.902148838025e-16 
  634       2.626233381199e-10       4.008156281570e-12       8.011049180779e-13       1.021465849250e-14       3.131610425959e-14       3.465032252981e-15      -5.937964786579e-16 
  635       2.616938121262e-10       4.044048168715e-12       6.390555849656e-13       1.022099592732e-14       3.113713233282e-14       3.499077030130e-15      -5.972881776201e-16 
  636       2.607819709613e-10       4.079554242052e-12       4.737756552861e-13       1.022726814265e-14       3.095946910735e-14       3.532914227696e-15      -6.006898247581e-16 
  637       2.598882975440e-10       4.114658417896e-12       3.053329120676e-13       1.023347922601e-14       3.078310180421e-14       3.566534190578e-15      -6.040012710990e-16 
  638       2.590132787461e-10       4.149344455295e-12       1.337962156263e-13       1.023963331689e-14       3.060801727782e-14       3.599927171019e-15      -6.072223746669e-16 
  639       2.581574054053e-10       4.183595955480e-12      -4.076449195691e-14       1.024573460696e-14       3.043420201422e-14       3.633083328285e-15      -6.103530005225e-16 
  640       2.573211723372e-10       4.217396361315e-12      -2.182781823598e-13       1.025178734027e-14       3.026164212931e-14       3.665992728346e-15      -6.133930208024e-16 
  641       2.565050783477e-10       4.250728956740e-12      -3.986727365427e-13       1.025779581343e-14       3.009032336705e-14       3.698645343552e-15      -6.163423147586e-16 
  642       2.557096262450e-10       4.283576866223e-12      -5.818749402720e-13       1.026376437586e-14       2.992023109769e-14       3.731031052321e-15      -6.192007687979e-16 
  643       2.549353228526e-10       4.315923054207e-12      -7.678104796433e-13       1.026969742990e-14       2.975135031604e-14       3.763139638809e-15      -6.219682765213e-16 
  644       2.541826790209e-10       4.347750324555e-12      -9.564039366057e-13       1.027559943110e-14       2.958366563961e-14       3.794960792597e-15      -6.246447387631e-16 
  645       2.534522096398e-10       4.379041320002e-12      -1.147578784484e-12       1.028147488835e-14       2.941716130695e-14       3.826484108371e-15      -6.272300636307e-16 
  646       2.527444336511e-10       4.409778521599e-12      -1.341257383505e-12       1.028732836413e-14       2.925182117576e-14       3.857699085595e-15      -6.297241665439e-16 
  647       2.520598740607e-10       4.439944248166e-12      -1.537360976318e-12       1.029316447465e-14       2.908762872120e-14       3.888595128198e-15      -6.321269702742e-16 
  648       2.513990579506e-10       4.469520655733e-12      -1.735809683519e-12       1.029898789012e-14       2.892456703410e-14       3.919161544253e-15      -6.344384049841e-16 
  649       2.507625164920e-10       4.498489736994e-12      -1.936522499176e-12       1.030480333488e-14       2.876261881914e-14       3.949387545652e-15      -6.366584082667e-16 
  650       2.501507849567e-10       4.526833320750e-12      -2.139417286350e-12       1.031061558764e-14       2.860176639314e-14       3.979262247793e-15      -6.387869251851e-16 
  651       2.495643166678e-10       4.554535309992e-12      -2.344411737290e-12       1.031642910724e-14       2.844199422672e-14       4.008776782529e-15      -6.408239431019e-16 
  652       2.490032227096e-10       4.581588452257e-12      -2.551426286663e-12       1.032224690034e-14       2.828329663551e-14       4.037930689622e-15      -6.427695969443e-16 
  653       2.484675264147e-10       4.607987719758e-12      -2.760381254692e-12       1.032807162876e-14       2.812567025764e-14       4.066725667753e-15      -6.446240663739e-16 
  654       2.479572488859e-10       4.633728084552e-12      -2.971195884200e-12       1.033390598173e-14       2.796911152479e-14       4.095163474478e-15      -6.463875412585e-16 
  655       2.474724089848e-10       4.658804518628e-12      -3.183788336402e-12       1.033975267596e-14       2.781361666115e-14       4.123245926510e-15      -6.480602217218e-16 
  656       2.470130233193e-10       4.683211993979e-12      -3.398075686703e-12       1.034561445573e-14       2.765918168238e-14       4.150974899987e-15      -6.496423181922e-16 
  657       2.465791062319e-10       4.706945482690e-12      -3.613973920499e-12       1.035149409301e-14       2.750580239452e-14       4.178352330761e-15      -6.511340514525e-16 
  658       2.461706697876e-10       4.729999957015e-12      -3.831397928964e-12       1.035739438751e-14       2.735347439297e-14       4.205380214666e-15      -6.525356526888e-16 
  659       2.457877237616e-10       4.752370389461e-12      -4.050261504854e-12       1.036331816683e-14       2.720219306140e-14       4.232060607800e-15      -6.538473635396e-16 
  660       2.454302756278e-10       4.774051752862e-12      -4.270477338301e-12       1.036926828649e-14       2.705195357073e-14       4.258395626802e-15      -6.550694361456e-16 
  661       2.450983305462e-10       4.795039020469e-12      -4.491957012607e-12       1.037524763007e-14       2.690275087807e-14       4.284387449126e-15      -6.562021331982e-16 
  662       2.447918913514e-10       4.815327166023e-12      -4.714611000046e-12       1.038125910927e-14       2.675457972564e-14       4.310038313324e-15      -6.572457279894e-16 
  663       2.445109585401e-10       4.834911163840e-12      -4.938348657651e-12       1.038730566402e-14       2.660743463973e-14       4.335350519319e-15      -6.582005044607e-16 
  664       2.442555302595e-10       4.853785988891e-12      -5.163078223021e-12       1.039339026258e-14       2.646130992966e-14       4.360326428684e-15      -6.590667572522e-16 
  665       2.440256022948e-10       4.871946616880e-12      -5.388706810109e-12       1.039951590161e-14       2.631619968672e-14       4.384968464919e-15      -6.598447917521e-16 
  666       2.438211680576e-10       4.889388024330e-12      -5.615140405022e-12       1.040568560627e-14       2.617209778309e-14       4.409279113730e-15      -6.605349241459e-16 
  667       2.436422185739e-10       4.906105188658e-12      -5.842283861817e-12       1.041190243033e-14       2.602899787083e-14       4.433260923302e-15      -6.611374814656e-16 
  668       2.434887424715e-10       4.922093088261e-12      -6.070040898298e-12       1.041816945623e-14       2.588689338077e-14       4.456916504581e-15      -6.616528016387e-16 
  669       2.433607259686e-10       4.937346702592e-12      -6.298314091809e-12       1.042448979520e-14       2.574577752150e-14       4.480248531550e-15      -6.620812335377e-16 
  670       2.432581528616e-10       4.951861012245e-12      -6.527004875033e-12       1.043086658735e-14       2.560564327832e-14       4.503259741506e-15      -6.624231370294e-16 
  671       2.431810045128e-10       4.965630999033e-12      -6.756013531790e-12       1.043730300174e-14       2.546648341214e-14       4.525952935336e-15      -6.626788830239e-16 
  672       2.431292598387e-10       4.978651646067e-12      -6.985239192828e-12       1.044380223650e-14       2.532829045847e-14       4.548330977798e-15      -6.628488535239e-16 
  673       2.431028952978e-10       4.990917937844e-12      -7.214579831624e-12       1.045036751889e-14       2.519105672634e-14       4.570396797793e-15      -6.629334416739e-16 
  674       2.431018848788e-10       5.002424860319e-12      -7.443932260178e-12       1.045700210544e-14       2.505477429726e-14       4.592153388650e-15      -6.629330518098e-16 
  675       2.431262000881e-10       5.013167400992e-12      -7.673192124811e-12       1.046370928200e-14       2.491943502417e-14       4.613603808394e-15      -6.628480995074e-16 
  676       2.431758099383e-10       5.023140548985e-12      -7.902253901958e-12       1.047049236385e-14       2.478503053034e-14       4.634751180033e-15      -6.626790116323e-16 
  677       2.432506809359e-10       5.032339295125e-12      -8.131010893970e-12       1.047735469577e-14       2.465155220839e-14       4.655598691826e-15      -6.624262263889e-16 
  678       2.433507770693e-10       5.040758632024e-12      -8.359355224902e-12       1.048429965219e-14       2.451899121919e-14       4.676149597569e-15      -6.620901933694e-16 
  679       2.434760597968e-10       5.048393554159e-12      -8.587177836319e-12       1.049133063721e-14       2.438733849079e-14       4.696407216866e-15      -6.616713736036e-16 
  680       2.436264880345e-10       5.055239057955e-12      -8.814368483083e-12       1.049845108474e-14       2.425658471741e-14       4.716374935409e-15      -6.611702396075e-16 
  681       2.438020181446e-10       5.061290141861e-12      -9.040815729157e-12       1.050566445858e-14       2.412672035835e-14       4.736056205257e-15      -6.605872754328e-16 
  682       2.440026039228e-10       5.066541806439e-12      -9.266406943395e-12       1.051297425250e-14       2.399773563696e-14       4.755454545110e-15      -6.599229767164e-16 
  683       2.442281965867e-10       5.070989054435e-12      -9.491028295343e-12       1.052038399036e-14       2.386962053958e-14       4.774573540587e-15      -6.591778507291e-16 
  684       2.444787447637e-10       5.074626890866e-12      -9.714564751034e-12       1.052789722618e-14       2.374236481446e-14       4.793416844507e-15      -6.583524164252e-16 
  685       2.447541944789e-10       5.077450323100e-12      -9.936900068781e-12       1.053551754423e-14       2.361595797075e-14       4.811988177161e-15      -6.574472044919e-16 
  686       2.450544891432e-10       5.079454360936e-12      -1.015791679498e-11       1.054324855913e-14       2.349038927740e-14       4.830291326594e-15      -6.564627573977e-16 
  687       2.453795695411e-10       5.080634016683e-12      -1.037749625989e-11       1.055109391596e-14       2.336564776214e-14       4.848330148879e-15      -6.553996294428e-16 
  688       2.457293738186e-10       5.080984305244e-12      -1.059551857347e-11       1.055905729032e-14       2.324172221041e-14       4.866108568396e-15      -6.542583868074e-16 
  689       2.461038374717e-10       5.080500244194e-12      -1.081186262112e-11       1.056714238843e-14       2.311860116432e-14       4.883630578110e-15      -6.530396076013e-16 
  690       2.465028933337e-10       5.079176853863e-12      -1.102640605950e-11       1.057535294726e-14       2.299627292156e-14       4.900900239847e-15      -6.517438819132e-16 
  691       2.469264285464e-10       5.077011021972e-12      -1.123903598412e-11       1.058369216910e-14       2.287472715443e-14       4.917920282129e-15      -6.503718498474e-16 
  692       2.473741545004e-10       5.074007140563e-12      -1.144968118748e-11       1.059216101220e-14       2.275395980636e-14       4.934687860641e-15      -6.489243164158e-16 
  693       2.478457341269e-10       5.070171588166e-12      -1.165828057324e-11       1.060075986428e-14       2.263396829663e-14       4.951198708860e-15      -6.474021391677e-16 
  694       2.483408246432e-10       5.065510876568e-12      -1.186477254457e-11       1.060948910468e-14       2.251474990897e-14       4.967448532320e-15      -6.458061904803e-16 
  695       2.488590775297e-10       5.060031651353e-12      -1.206909500260e-11       1.061834910428e-14       2.239630179100e-14       4.983433008540e-15      -6.441373576174e-16 
  696       2.494001385079e-10       5.053740692459e-12      -1.227118534496e-11       1.062734022549e-14       2.227862095348e-14       4.999147786946e-15      -6.423965427880e-16 
  697       2.499636475165e-10       5.046644914718e-12      -1.247098046417e-11       1.063646282218e-14       2.216170426977e-14       5.014588488800e-15      -6.405846632056e-16 
  698       2.505492386897e-10       5.038751368414e-12      -1.266841674618e-11       1.064571723961e-14       2.204554847510e-14       5.029750707123e-15      -6.387026511464e-16 
  699       2.511565403333e-10       5.030067239824e-12      -1.286343006881e-11       1.065510381444e-14       2.193015016597e-14       5.044630006622e-15      -6.367514540084e-16 
  700       2.517851749026e-10       5.020599851770e-12      -1.305595580023e-11       1.066462287462e-14       2.181550579946e-14       5.059221923614e-15      -6.347320343700e-16 
  701       2.524347589794e-10       5.010356664169e-12      -1.324592879744e-11       1.067427473936e-14       2.170161169262e-14       5.073521965952e-15      -6.326453700489e-16 
  702       2.531049032491e-10       4.999345274577e-12      -1.343328340476e-11       1.068405971910e-14       2.158846402182e-14       5.087525612952e-15      -6.304924541607e-16 
  703       2.537952124779e-10       4.987573418744e-12      -1.361795345228e-11       1.069397811543e-14       2.147605882207e-14       5.101228315315e-15      -6.282742951778e-16 
  704       2.545052854900e-10       4.975048971157e-12      -1.379987225432e-11       1.070403022108e-14       2.136439198641e-14       5.114625495055e-15      -6.259919169881e-16 
  705       2.552347151447e-10       4.961779945591e-12      -1.397897260794e-11       1.071421631982e-14       2.125345926524e-14       5.127712545425e-15      -6.236463589539e-16 
  706       2.559830883138e-10       4.947774495660e-12      -1.415518679143e-11       1.072453668645e-14       2.114325626567e-14       5.140484830841e-15      -6.212386759703e-16 
  707       2.567499858586e-10       4.933040915359e-12      -1.432844656271e-11       1.073499158673e-14       2.103377845088e-14       5.152937686806e-15      -6.187699385245e-16 
  708       2.575349826070e-10       4.917587639622e-12      -1.449868315787e-11       1.074558127733e-14       2.092502113949e-14       5.165066419839e-15      -6.162412327541e-16 
  709       2.583376473309e-10       4.901423244862e-12      -1.466582728963e-11       1.075630600582e-14       2.081697950486e-14       5.176866307397e-15      -6.136536605060e-16 
  710       2.591575427232e-10       4.884556449524e-12      -1.482980914579e-11       1.076716601055e-14       2.070964857452e-14       5.188332597803e-15      -6.110083393955e-16 
  711       2.599942253749e-10       4.866996114635e-12      -1.499055838775e-11       1.077816152065e-14       2.060302322944e-14       5.199460510170e-15      -6.083064028644e-16 
  712       2.608472457528e-10       4.848751244347e-12      -1.514800414894e-11       1.078929275599e-14       2.049709820344e-14       5.210245234328e-15      -6.055490002404e-16 
  713       2.617161481760e-10       4.829830986494e-12      -1.530207503330e-11       1.080055992709e-14       2.039186808251e-14       5.220681930745e-15      -6.027372967955e-16 
  714       2.626004707934e-10       4.810244633131e-12      -1.545269911379e-11       1.081196323508e-14       2.028732730420e-14       5.230765730459e-15      -5.998724738050e-16 
  715       2.634997455609e-10       4.790001621091e-12      -1.559980393082e-11       1.082350287168e-14       2.018347015691e-14       5.240491734999e-15      -5.969557286058e-16 
  716       2.644134982186e-10       4.769111532530e-12      -1.574331649078e-11       1.083517901912e-14       2.008029077931e-14       5.249855016311e-15      -5.939882746560e-16 
  717       2.653412482678e-10       4.747584095474e-12      -1.588316326443e-11       1.084699185012e-14       1.997778315964e-14       5.258850616684e-15      -5.909713415927e-16 
  718       2.662825089483e-10       4.725429184372e-12      -1.601927018546e-11       1.085894152780e-14       1.987594113510e-14       5.267473548675e-15      -5.879061752916e-16 
  719       2.672367872156e-10       4.702656820641e-12      -1.615156264891e-11       1.087102820565e-14       1.977475839118e-14       5.275718795037e-15      -5.847940379251e-16 
  720       2.682035837181e-10       4.679277173216e-12      -1.627996550968e-11       1.088325202750e-14       1.967422846101e-14       5.283581308639e-15      -5.816362080215e-16 
  721       2.691823927741e-10       4.655300559099e-12      -1.640440308097e-11       1.089561312745e-14       1.957434472473e-14       5.291056012397e-15      -5.784339805236e-16 
  722       2.701727023492e-10       4.630737443907e-12      -1.652479913278e-11       1.090811162981e-14       1.947510040883e-14       5.298137799195e-15      -5.751886668476e-16 
  723       2.711739940333e-10       4.605598442422e-12      -1.664107689037e-11       1.092074764907e-14       1.937648858551e-14       5.304821531815e-15      -5.719015949415e-16 
  724       2.721857430180e-10       4.579894319138e-12      -1.675315903276e-11       1.093352128986e-14       1.927850217200e-14       5.311102042858e-15      -5.685741093445e-16 
  725       2.732074180733e-10       4.553635988809e-12      -1.686096769115e-11       1.094643264687e-14       1.918113392998e-14       5.316974134671e-15      -5.652075712450e-16 
  726       2.742384815256e-10       4.526834517001e-12      -1.696442444746e-11       1.095948180481e-14       1.908437646486e-14       5.322432579275e-15      -5.618033585399e-16 
  727       2.752783892339e-10       4.499501120638e-12      -1.706345033276e-11       1.097266883837e-14       1.898822222517e-14       5.327472118286e-15      -5.583628658934e-16 
  728       2.763265905678e-10       4.471647168551e-12      -1.715796582576e-11       1.098599381218e-14       1.889266350191e-14       5.332087462843e-15      -5.548875047953e-16 
  729       2.773825283843e-10       4.443284182027e-12      -1.724789085129e-11       1.099945678074e-14       1.879769242790e-14       5.336273293534e-15      -5.513787036201e-16 
  730       2.784456390049e-10       4.414423835357e-12      -1.733314477875e-11       1.101305778835e-14       1.870330097712e-14       5.340024260319e-15      -5.478379076859e-16 
  731       2.795153741193e-10       4.385078215918e-12      -1.741365969662e-11       1.102679649856e-14       1.860948205098e-14       5.343336555444e-15      -5.442663810946e-16 
  732       2.805912670216e-10       4.355260608987e-12      -1.748942052957e-11       1.104067107417e-14       1.851623276217e-14       5.346212666746e-15      -5.406646077973e-16 
  733       2.816728676506e-10       4.324984729670e-12      -1.756042571871e-11       1.105467927476e-14       1.842355121505e-14       5.348656719038e-15      -5.370328786956e-16 
  734       2.827597207647e-10       4.294264465396e-12      -1.762667401955e-11       1.106881882508e-14       1.833143542426e-14       5.350672909989e-15      -5.333714887918e-16 
  735       2.838513659247e-10       4.263113876523e-12      -1.768816450347e-11       1.108308741493e-14       1.823988331433e-14       5.352265510404e-15      -5.296807372026e-16 
  736       2.849473374756e-10       4.231547196945e-12      -1.774489655915e-11       1.109748269902e-14       1.814889271928e-14       5.353438864500e-15      -5.259609271744e-16 
  737       2.860471645283e-10       4.199578834701e-12      -1.779686989403e-11       1.111200229684e-14       1.805846138218e-14       5.354197390185e-15      -5.222123660968e-16 
  738       2.871503709424e-10       4.167223372576e-12      -1.784408453574e-11       1.112664379255e-14       1.796858695481e-14       5.354545579336e-15      -5.184353655170e-16 
  739       2.882564753078e-10       4.134495568715e-12      -1.788654083360e-11       1.114140473479e-14       1.787926699719e-14       5.354487998080e-15      -5.146302411547e-16 
  740       2.893649909271e-10       4.101410357227e-12      -1.792423946002e-11       1.115628263661e-14       1.779049897721e-14       5.354029287066e-15      -5.107973129158e-16 
  741       2.904754257974e-10       4.067982848789e-12      -1.795718141197e-11       1.117127497530e-14       1.770228027024e-14       5.353174161749e-15      -5.069369049069e-16 
  742       2.915872825926e-10       4.034228331257e-12      -1.798536801246e-11       1.118637919226e-14       1.761460815869e-14       5.351927412668e-15      -5.030493454498e-16 
  743       2.927000586455e-10       4.000162270270e-12      -1.800880091195e-11       1.120159269290e-14       1.752747983162e-14       5.350293905719e-15      -4.991349670953e-16 
  744       2.938132459296e-10       3.965800309861e-12      -1.802748208983e-11       1.121691284646e-14       1.744089238435e-14       5.348278582438e-15      -4.951941066383e-16 
  745       2.949263310418e-10       3.931158273059e-12      -1.804141385584e-11       1.123233698591e-14       1.735484281804e-14       5.345886460277e-15      -4.912271051315e-16 
  746       2.960387951838e-10       3.896252162497e-12      -1.805059885156e-11       1.124786240779e-14       1.726932803928e-14       5.343122632885e-15      -4.872343078998e-16 
  747       2.971501141446e-10       3.861098161022e-12      -1.805504005184e-11       1.126348637213e-14       1.718434485973e-14       5.339992270380e-15      -4.832160645547e-16 
  748       2.982597582827e-10       3.825712632297e-12      -1.805474076625e-11       1.127920610224e-14       1.709988999564e-14       5.336500619635e-15      -4.791727290088e-16 
  749       2.993671925078e-10       3.790112121414e-12      -1.804970464056e-11       1.129501878466e-14       1.701596006752e-14       5.332653004552e-15      -4.751046594898e-16 
  750       3.004718762631e-10       3.754313355493e-12      -1.803993565813e-11       1.131092156894e-14       1.693255159968e-14       5.328454826337e-15      -4.710122185548e-16 
  751       3.015732635075e-10       3.718333244298e-12      -1.802543814144e-11       1.132691156761e-14       1.684966101988e-14       5.323911563786e-15      -4.668957731051e-16 
  752       3.026708026977e-10       3.682188880836e-12      -1.800621675348e-11       1.134298585594e-14       1.676728465886e-14       5.319028773557e-15      -4.627556943999e-16 
  753       3.037639367699e-10       3.645897541967e-12      -1.798227649923e-11       1.135914147188e-14       1.668541875001e-14       5.313812090450e-15      -4.585923580708e-16 
  754       3.048521031223e-10       3.609476689012e-12      -1.795362272711e-11       1.137537541592e-14       1.660405942889e-14       5.308267227686e-15      -4.544061441366e-16 
  755       3.059347335973e-10       3.572943968359e-12      -1.792026113041e-11       1.139168465093e-14       1.652320273290e-14       5.302399977184e-15      -4.501974370166e-16 
  756       3.070112544631e-10       3.536317212068e-12      -1.788219774879e-11       1.140806610202e-14       1.644284460082e-14       5.296216209840e-15      -4.459666255462e-16 
  757       3.080810863962e-10       3.499614438480e-12      -1.783943896967e-11       1.142451665646e-14       1.636298087242e-14       5.289721875805e-15      -4.417141029899e-16 
  758       3.091436444633e-10       3.462853852826e-12      -1.779199152974e-11       1.144103316351e-14       1.628360728808e-14       5.282923004762e-15      -4.374402670566e-16 
  759       3.101983381035e-10       3.426053847826e-12      -1.773986251636e-11       1.145761243427e-14       1.620471948836e-14       5.275825706206e-15      -4.331455199134e-16 
  760       3.112445711104e-10       3.389233004306e-12      -1.768305936906e-11       1.147425124160e-14       1.612631301359e-14       5.268436169722e-15      -4.288302682003e-16 
  761       3.122817416141e-10       3.352410091798e-12      -1.762158988095e-11       1.149094631993e-14       1.604838330351e-14       5.260760665262e-15      -4.244949230439e-16 
  762       3.133092420633e-10       3.315604069147e-12      -1.755546220020e-11       1.150769436518e-14       1.597092569681e-14       5.252805543422e-15      -4.201399000724e-16 
  763       3.143264592076e-10       3.278834085123e-12      -1.748468483146e-11       1.152449203458e-14       1.589393543075e-14       5.244577235726e-15      -4.157656194295e-16 
  764       3.153327740792e-10       3.242119479023e-12      -1.740926663738e-11       1.154133594658e-14       1.581740764078e-14       5.236082254897e-15      -4.113725057887e-16 
  765       3.163275619755e-10       3.205479781279e-12      -1.732921683996e-11       1.155822268068e-14       1.574133736009e-14       5.227327195138e-15      -4.069609883680e-16 
  766       3.173101924407e-10       3.168934714065e-12      -1.724454502209e-11       1.157514877732e-14       1.566571951924e-14       5.218318732412e-15      -4.025315009436e-16 
  767       3.182800292482e-10       3.132504191907e-12      -1.715526112896e-11       1.159211073774e-14       1.559054894576e-14       5.209063624719e-15      -3.980844818648e-16 
  768       3.192364303828e-10       3.096208322282e-12      -1.706137546953e-11       1.160910502385e-14       1.551582036369e-14       5.199568712373e-15      -3.936203740681e-16 
  769       3.201787480224e-10       3.060067406236e-12      -1.696289871794e-11       1.162612805810e-14       1.544152839326e-14       5.189840918281e-15      -3.891396250912e-16 
  770       3.211063285203e-10       3.024101938979e-12      -1.685984191503e-11       1.164317622334e-14       1.536766755043e-14       5.179887248221e-15      -3.846426870878e-16 
  771       3.220185787980e-10       2.988331078755e-12      -1.675222397279e-11       1.166024593329e-14       1.529423296642e-14       5.169713965982e-15      -3.801299957753e-16 
  772       3.229151669380e-10       2.952768020417e-12      -1.664009434069e-11       1.167733384570e-14       1.522122256216e-14       5.159324101106e-15      -3.756019068133e-16 
  773       3.237958253509e-10       2.917424535508e-12      -1.652351077114e-11       1.169443665297e-14       1.514863491418e-14       5.148719894535e-15      -3.710587582495e-16 
  774       3.246602847043e-10       2.882312496375e-12      -1.640253185825e-11       1.171155101177e-14       1.507646853817e-14       5.137903619592e-15      -3.665008914872e-16 
  775       3.255082739186e-10       2.847443876466e-12      -1.627721704081e-11       1.172867354296e-14       1.500472188871e-14       5.126877582095e-15      -3.619286512953e-16 
  776       3.263395201621e-10       2.812830750628e-12      -1.614762660522e-11       1.174580083143e-14       1.493339335903e-14       5.115644120463e-15      -3.573423858186e-16 
  777       3.271537488465e-10       2.778485295405e-12      -1.601382168852e-11       1.176292942603e-14       1.486248128070e-14       5.104205605832e-15      -3.527424465874e-16 
  778       3.279506836227e-10       2.744419789338e-12      -1.587586428126e-11       1.178005583940e-14       1.479198392344e-14       5.092564442168e-15      -3.481291885281e-16 
  779       3.287300463759e-10       2.710646613260e-12      -1.573381723055e-11       1.179717654789e-14       1.472189949482e-14       5.080723066374e-15      -3.435029699727e-16 
  780       3.294915572214e-10       2.677178250597e-12      -1.558774424298e-11       1.181428799143e-14       1.465222613999e-14       5.068683948405e-15      -3.388641526695e-16 
  781       3.302349344999e-10       2.644027287664e-12      -1.543770988759e-11       1.183138657340e-14       1.458296194145e-14       5.056449591382e-15      -3.342131017926e-16 
  782       3.309598947729e-10       2.611206413963e-12      -1.528377959885e-11       1.184846866053e-14       1.451410491879e-14       5.044022531696e-15      -3.295501859522e-16 
  783       3.316661528184e-10       2.578728422483e-12      -1.512601967962e-11       1.186553058275e-14       1.444565302842e-14       5.031405339131e-15      -3.248757772047e-16 
  784       3.323534216265e-10       2.546606209997e-12      -1.496449730407e-11       1.188256863314e-14       1.437760416328e-14       5.018600616966e-15      -3.201902510629e-16 
  785       3.330214123942e-10       2.514852777358e-12      -1.479928052072e-11       1.189957906771e-14       1.430995615266e-14       5.005611002091e-15      -3.154939865056e-16 
  786       3.336698345220e-10       2.483481229800e-12      -1.463043825536e-11       1.191655810538e-14       1.424270676187e-14       4.992439165121e-15      -3.107873659881e-16 
  787       3.342983956081e-10       2.452504777236e-12      -1.445804031401e-11       1.193350192780e-14       1.417585369200e-14       4.979087810501e-15      -3.060707754521e-16 
  788       3.349068014450e-10       2.421936734554e-12      -1.428215738590e-11       1.195040667926e-14       1.410939457968e-14       4.965559676627e-15      -3.013446043359e-16 
  789       3.354947560144e-10       2.391790521916e-12      -1.410286104644e-11       1.196726846654e-14       1.404332699680e-14       4.951857535949e-15      -2.966092455842e-16 
  790       3.360619614827e-10       2.362079665057e-12      -1.392022376015e-11       1.198408335885e-14       1.397764845026e-14       4.937984195090e-15      -2.918650956583e-16 
  791       3.366081181966e-10       2.332817795581e-12      -1.373431888367e-11       1.200084738765e-14       1.391235638172e-14       4.923942494952e-15      -2.871125545464e-16 
  792       3.371329246786e-10       2.304018651261e-12      -1.354522066870e-11       1.201755654656e-14       1.384744816732e-14       4.909735310832e-15      -2.823520257732e-16 
  793       3.376360776226e-10       2.275696076337e-12      -1.335300426496e-11       1.203420679123e-14       1.378292111743e-14       4.895365552532e-15      -2.775839164103e-16 
  794       3.381172718891e-10       2.247864021812e-12      -1.315774572317e-11       1.205079403925e-14       1.371877247639e-14       4.880836164470e-15      -2.728086370863e-16 
  795       3.385762005007e-10       2.220536545753e-12      -1.295952199800e-11       1.206731417001e-14       1.365499942228e-14       4.866150125796e-15      -2.680266019966e-16 
  796       3.390125546379e-10       2.193727813586e-12      -1.275841095104e-11       1.208376302456e-14       1.359159906661e-14       4.851310450497e-15      -2.632382289137e-16 
  797       3.394260236345e-10       2.167452098397e-12      -1.255449135377e-11       1.210013640554e-14       1.352856845408e-14       4.836320187515e-15      -2.584439391970e-16 
  798       3.398162949725e-10       2.141723781226e-12      -1.234784289051e-11       1.211643007702e-14       1.346590456236e-14       4.821182420856e-15      -2.536441578032e-16 
  799       3.401830542786e-10       2.116557351372e-12      -1.213854616141e-11       1.213263976441e-14       1.340360430176e-14       4.805900269702e-15      -2.488393132963e-16 
  800       3.405259853189e-10       2.091967406682e-12      -1.192668268538e-11       1.214876115431e-14       1.334166451504e-14       4.790476888522e-15      -2.440298378574e-16 
  801       3.408447699945e-10       2.067968653858e-12      -1.171233490308e-11       1.216478989444e-14       1.328008197712e-14       4.774915467188e-15      -2.392161672950e-16 
  802       3.411390883374e-10       2.044575908748e-12      -1.149558617989e-11       1.218072159347e-14       1.321885339479e-14       4.759219231081e-15      -2.343987410549e-16 
  803       3.414086185055e-10       2.021804096647e-12      -1.127652080883e-11       1.219655182094e-14       1.315797540651e-14       4.743391441205e-15      -2.295780022306e-16 
  804       3.416530367783e-10       1.999668252597e-12      -1.105522401360e-11       1.221227610710e-14       1.309744458212e-14       4.727435394303e-15      -2.247543975728e-16 
  805       3.418720175524e-10       1.978183521681e-12      -1.083178195145e-11       1.222788994284e-14       1.303725742259e-14       4.711354422961e-15      -2.199283775002e-16 
  806       3.420652333370e-10       1.957365159325e-12      -1.060628171622e-11       1.224338877956e-14       1.297741035974e-14       4.695151895728e-15      -2.151003961089e-16 
  807       3.422323547493e-10       1.937228531591e-12      -1.037881134130e-11       1.225876802900e-14       1.291789975600e-14       4.678831217220e-15      -2.102709111828e-16 
  808       3.423730505099e-10       1.917789115481e-12      -1.014945980253e-11       1.227402306319e-14       1.285872190417e-14       4.662395828239e-15      -2.054403842034e-16 
  809       3.424869874385e-10       1.899062499233e-12      -9.918317021236e-12       1.228914921432e-14       1.279987302710e-14       4.645849205880e-15      -2.006092803605e-16 
  810       3.425738304494e-10       1.881064382614e-12      -9.685473867158e-12       1.230414177456e-14       1.274134927752e-14       4.629194863644e-15      -1.957780685614e-16 
  811       3.426333100546e-10       1.863808245934e-12      -9.451019632127e-12       1.231899645038e-14       1.268314723077e-14       4.612435494739e-15      -1.909472442161e-16 
  812       3.426654262147e-10       1.847298310461e-12      -9.215034395253e-12       1.233371073443e-14       1.262526537360e-14       4.595570384858e-15      -1.861173980193e-16 
  813       3.426702481475e-10       1.831536451929e-12      -8.977596526235e-12       1.234828255809e-14       1.256770264167e-14       4.578597953066e-15      -1.812891484259e-16 
  814       3.426478471597e-10       1.816524520219e-12      -8.738785204705e-12       1.236270983928e-14       1.251045792876e-14       4.561516604353e-15      -1.764631190026e-16 
  815       3.425982966553e-10       1.802264339236e-12      -8.498680422736e-12       1.237699048245e-14       1.245353008656e-14       4.544324729588e-15      -1.716399384423e-16 
  816       3.425216721426e-10       1.788757706783e-12      -8.257362987341e-12       1.239112237855e-14       1.239691792456e-14       4.527020705477e-15      -1.668202405783e-16 
  817       3.424180512429e-10       1.776006394432e-12      -8.014914522981e-12       1.240510340497e-14       1.234062020983e-14       4.509602894513e-15      -1.620046643984e-16 
  818       3.422875136974e-10       1.764012147399e-12      -7.771417474062e-12       1.241893142551e-14       1.228463566686e-14       4.492069644940e-15      -1.571938540592e-16 
  819       3.421301413758e-10       1.752776684417e-12      -7.526955107447e-12       1.243260429038e-14       1.222896297742e-14       4.474419290701e-15      -1.523884589004e-16 
  820       3.419460182833e-10       1.742301697608e-12      -7.281611514951e-12       1.244611983610e-14       1.217360078034e-14       4.456650151397e-15      -1.475891334588e-16 
  821       3.417352305692e-10       1.732588852358e-12      -7.035471615850e-12       1.245947588553e-14       1.211854767139e-14       4.438760532245e-15      -1.427965374826e-16 
  822       3.414978665339e-10       1.723639787188e-12      -6.788621159385e-12       1.247267024778e-14       1.206380220310e-14       4.420748724028e-15      -1.380113359458e-16 
  823       3.412340166371e-10       1.715456113630e-12      -6.541146727259e-12       1.248570071822e-14       1.200936288457e-14       4.402613003057e-15      -1.332341990621e-16 
  824       3.409437735059e-10       1.708039416098e-12      -6.293135736149e-12       1.249856507840e-14       1.195522818131e-14       4.384351631121e-15      -1.284658022995e-16 
  825       3.406272319417e-10       1.701391251762e-12      -6.044676440204e-12       1.251126109606e-14       1.190139651509e-14       4.365962855449e-15      -1.237068263942e-16 
  826       3.402844889289e-10       1.695513150421e-12      -5.795857933548e-12       1.252378652506e-14       1.184786626373e-14       4.347444908657e-15      -1.189579573647e-16 
  827       3.399156436421e-10       1.690406614379e-12      -5.546770152788e-12       1.253613910536e-14       1.179463576098e-14       4.328796008713e-15      -1.142198865266e-16 
  828       3.395207974541e-10       1.686073118311e-12      -5.297503879514e-12       1.254831656297e-14       1.174170329633e-14       4.310014358887e-15      -1.094933105061e-16 
  829       3.391000539437e-10       1.682514109146e-12      -5.048150742802e-12       1.256031660994e-14       1.168906711480e-14       4.291098147708e-15      -1.047789312548e-16 
  830       3.386535189034e-10       1.679731005933e-12      -4.798803221722e-12       1.257213694430e-14       1.163672541686e-14       4.272045548920e-15      -1.000774560635e-16 
  831       3.381813003474e-10       1.677725199715e-12      -4.549554647835e-12       1.258377525004e-14       1.158467635818e-14       4.252854721438e-15      -9.538959757685e-17 
  832       3.376835085191e-10       1.676498053406e-12      -4.300499207702e-12       1.259522919706e-14       1.153291804949e-14       4.233523809301e-15      -9.071607380698e-17 
  833       3.371602558988e-10       1.676050901662e-12      -4.051731945384e-12       1.260649644114e-14       1.148144855642e-14       4.214050941633e-15      -8.605760814823e-17 
  834       3.366116572121e-10       1.676385050753e-12      -3.803348764948e-12       1.261757462393e-14       1.143026589934e-14       4.194434232595e-15      -8.141492939114e-17 
  835       3.360378294370e-10       1.677501778437e-12      -3.555446432968e-12       1.262846137286e-14       1.137936805313e-14       4.174671781340e-15      -7.678877173670e-17 
  836       3.354388918120e-10       1.679402333836e-12      -3.308122581031e-12       1.263915430116e-14       1.132875294709e-14       4.154761671970e-15      -7.217987481056e-17 
  837       3.348149658440e-10       1.682087937305e-12      -3.061475708239e-12       1.264965100779e-14       1.127841846473e-14       4.134701973493e-15      -6.758898367725e-17 
  838       3.341661753157e-10       1.685559780307e-12      -2.815605183712e-12       1.265994907740e-14       1.122836244360e-14       4.114490739777e-15      -6.301684885441e-17 
  839       3.334926462939e-10       1.689819025288e-12      -2.570611249093e-12       1.267004608034e-14       1.117858267513e-14       4.094126009506e-15      -5.846422632697e-17 
  840       3.327945071367e-10       1.694866805547e-12      -2.326595021051e-12       1.267993957256e-14       1.112907690445e-14       4.073605806135e-15      -5.393187756143e-17 
  841       3.320718885018e-10       1.700704225112e-12      -2.083658493784e-12       1.268962709564e-14       1.107984283026e-14       4.052928137849e-15      -4.942056951998e-17 
  842       3.313249233540e-10       1.707332358612e-12      -1.841904541522e-12       1.269910617669e-14       1.103087810458e-14       4.032090997512e-15      -4.493107467481e-17 
  843       3.305537469732e-10       1.714752251150e-12      -1.601436921032e-12       1.270837432838e-14       1.098218033267e-14       4.011092362631e-15      -4.046417102226e-17 
  844       3.297584969618e-10       1.722964918176e-12      -1.362360274121e-12       1.271742904883e-14       1.093374707282e-14       3.989930195306e-15      -3.602064209707e-17 
  845       3.289393132530e-10       1.731971345362e-12      -1.124780130138e-12       1.272626782164e-14       1.088557583616e-14       3.968602442187e-15      -3.160127698659e-17 
  846       3.280963381181e-10       1.741772488474e-12      -8.888029084805e-13       1.273488811584e-14       1.083766408653e-14       3.947107034430e-15      -2.720687034498e-17 
  847       3.272297161746e-10       1.752369273245e-12      -6.545359210947e-13       1.274328738582e-14       1.079000924030e-14       3.925441887653e-15      -2.283822240743e-17 
  848       3.263395943940e-10       1.763762595249e-12      -4.220873749812e-13       1.275146307132e-14       1.074260866619e-14       3.903604901891e-15      -1.849613900441e-17 
  849       3.254261221093e-10       1.775953319772e-12      -1.915663746976e-13       1.275941259741e-14       1.069545968509e-14       3.881593961553e-15      -1.418143157583e-17 
  850       3.244894510230e-10       1.788942281689e-12       3.691707513789e-14       1.276713337443e-14       1.064855956994e-14       3.859406935375e-15      -9.894917185277e-18 
  851       3.235297641161e-10       1.802728642742e-12       2.632624824085e-13       1.277462332599e-14       1.060190588585e-14       3.837042839319e-15      -5.637321786688e-18 
  852       3.225473629025e-10       1.817304932755e-12       4.874103060111e-13       1.278188248300e-14       1.055549751741e-14       3.814505347202e-15      -1.408988176802e-18 
  853       3.215425816862e-10       1.832661923115e-12       7.093110516121e-13       1.278891141692e-14       1.050933365867e-14       3.791799340190e-15       2.789836938316e-18 
  854       3.205157588091e-10       1.848790261258e-12       9.289149046703e-13       1.279571071426e-14       1.046341347431e-14       3.768929749468e-15       6.958906651445e-18 
  855       3.194672366628e-10       1.865680470273e-12       1.146171729657e-12       1.280228097661e-14       1.041773609951e-14       3.745901556381e-15       1.109797385601e-17 
  856       3.183973617016e-10       1.883322948501e-12       1.361031069277e-12       1.280862282070e-14       1.037230063986e-14       3.722719792588e-15       1.520679124787e-17 
  857       3.173064844550e-10       1.901707969140e-12       1.573442143688e-12       1.281473687847e-14       1.032710617121e-14       3.699389540208e-15       1.928511132712e-17 
  858       3.161949595401e-10       1.920825679840e-12       1.783353849719e-12       1.282062379710e-14       1.028215173957e-14       3.675915931969e-15       2.333268639990e-17 
  859       3.150631456744e-10       1.940666102311e-12       1.990714760097e-12       1.282628423906e-14       1.023743636102e-14       3.652304151354e-15       2.734926858017e-17 
  860       3.139114056883e-10       1.961219131921e-12       2.195473122659e-12       1.283171888220e-14       1.019295902157e-14       3.628559432751e-15       3.133460979152e-17 
  861       3.127401065375e-10       1.982474537296e-12       2.397576859579e-12       1.283692841973e-14       1.014871867707e-14       3.604687061602e-15       3.528846176896e-17 
  862       3.115496193157e-10       2.004421959926e-12       2.596973566582e-12       1.284191356036e-14       1.010471425307e-14       3.580692374548e-15       3.921057606073e-17 
  863       3.103403192673e-10       2.027050913762e-12       2.793610512172e-12       1.284667502827e-14       1.006094464474e-14       3.556580759582e-15       4.310070403008e-17 
  864       3.091125857998e-10       2.050350784819e-12       2.987434636844e-12       1.285121356321e-14       1.001740871672e-14       3.532357656191e-15       4.695859685707e-17 
  865       3.078668024963e-10       2.074310830779e-12       3.178392552311e-12       1.285552992054e-14       9.974105303041e-15       3.508028555511e-15       5.078400554039e-17 
  866       3.066033571284e-10       2.098920180590e-12       3.366430540721e-12       1.285962487130e-14       9.931033206995e-15       3.483599000469e-15       5.457668089911e-17 
  867       3.053226416684e-10       2.124167834066e-12       3.551494553875e-12       1.286349920221e-14       9.888191201025e-15       3.459074585934e-15       5.833637357453e-17 
  868       3.040250523019e-10       2.150042661495e-12       3.733530212454e-12       1.286715371577e-14       9.845578026613e-15       3.434460958867e-15       6.206283403194e-17 
  869       3.027109894406e-10       2.176533403232e-12       3.912482805233e-12       1.287058923030e-14       9.803192394166e-15       3.409763818465e-15       6.575581256244e-17 
  870       3.013808577350e-10       2.203628669306e-12       4.088297288303e-12       1.287380658000e-14       9.761032982906e-15       3.384988916314e-15       6.941505928470e-17 
  871       3.000350660862e-10       2.231316939021e-12       4.260918284294e-12       1.287680661496e-14       9.719098440755e-15       3.360142056531e-15       7.304032414680e-17 
  872       2.986740276595e-10       2.259586560554e-12       4.430290081592e-12       1.287959020126e-14       9.677387384223e-15       3.335229095918e-15       7.663135692802e-17 
  873       2.972981598961e-10       2.288425750559e-12       4.596356633558e-12       1.288215822101e-14       9.635898398294e-15       3.310255944108e-15       8.018790724061e-17 
  874       2.959078845262e-10       2.317822593768e-12       4.759061557753e-12       1.288451157239e-14       9.594630036315e-15       3.285228563712e-15       8.370972453160e-17 
  875       2.945036275815e-10       2.347765042593e-12       4.918348135157e-12       1.288665116970e-14       9.553580819885e-15       3.260152970469e-15       8.719655808461e-17 
  876       2.930858194074e-10       2.378240916726e-12       5.074159309384e-12       1.288857794342e-14       9.512749238736e-15       3.235035233393e-15       9.064815702163e-17 
  877       2.916548946760e-10       2.409237902742e-12       5.226437685910e-12       1.289029284028e-14       9.472133750627e-15       3.209881474921e-15       9.406427030484e-17 
  878       2.902112923985e-10       2.440743553697e-12       5.375125531289e-12       1.289179682326e-14       9.431732781226e-15       3.184697871063e-15       9.744464673835e-17 
  879       2.887554559377e-10       2.472745288734e-12       5.520164772371e-12       1.289309087171e-14       9.391544724003e-15       3.159490651548e-15       1.007890349701e-16 
  880       2.872878330208e-10       2.505230392682e-12       5.661496995528e-12       1.289417598134e-14       9.351567940111e-15       3.134266099972e-15       1.040971834935e-16 
  881       2.858088757517e-10       2.538186015657e-12       5.799063445870e-12       1.289505316431e-14       9.311800758277e-15       3.109030553950e-15       1.073688406494e-16 
  882       2.843190406237e-10       2.571599172663e-12       5.932805026468e-12       1.289572344927e-14       9.272241474689e-15       3.083790405259e-15       1.106037546279e-16 
  883       2.828187885320e-10       2.605456743196e-12       6.062662297572e-12       1.289618788140e-14       9.232888352882e-15       3.058552099990e-15       1.138016734697e-16 
  884       2.813085847863e-10       2.639745470844e-12       6.188575475831e-12       1.289644752249e-14       9.193739623627e-15       3.033322138693e-15       1.169623450687e-16 
  885       2.797888991237e-10       2.674451962885e-12       6.310484433516e-12       1.289650345096e-14       9.154793484816e-15       3.008107076529e-15       1.200855171731e-16 
  886       2.782602057205e-10       2.709562689896e-12       6.428328697737e-12       1.289635676194e-14       9.116048101351e-15       2.982913523414e-15       1.231709373874e-16 
  887       2.767229832055e-10       2.745063985346e-12       6.542047449668e-12       1.289600856729e-14       9.077501605031e-15       2.957748144171e-15       1.262183531744e-16 
  888       2.751777146722e-10       2.780942045203e-12       6.651579523760e-12       1.289545999570e-14       9.039152094438e-15       2.932617658675e-15       1.292275118567e-16 
  889       2.736248876917e-10       2.817182927534e-12       6.756863406968e-12       1.289471219269e-14       9.000997634828e-15       2.907528842004e-15       1.321981606187e-16 
  890       2.720649943246e-10       2.853772552105e-12       6.857837237968e-12       1.289376632068e-14       8.963036258011e-15       2.882488524584e-15       1.351300465084e-16 
  891       2.704985101468e-10       2.890696756660e-12       6.954450352904e-12       1.289262381625e-14       8.925266202839e-15       2.857502686979e-15       1.380230058019e-16 
  892       2.689258309220e-10       2.927941467575e-12       7.046698131526e-12       1.289128716632e-14       8.887686641184e-15       2.832573727694e-15       1.408772336980e-16 
  893       2.673473349160e-10       2.965492531207e-12       7.134587720477e-12       1.288975914479e-14       8.850296963627e-15       2.807703150898e-15       1.436930190465e-16 
  894       2.657634038000e-10       3.003335657088e-12       7.218126539476e-12       1.288804255658e-14       8.813096539869e-15       2.782892467735e-15       1.464706554008e-16 
  895       2.641744226594e-10       3.041456417527e-12       7.297322282286e-12       1.288614023770e-14       8.776084718655e-15       2.758143196339e-15       1.492104410336e-16 
  896       2.625807800038e-10       3.079840247226e-12       7.372182917674e-12       1.288405505538e-14       8.739260827697e-15       2.733456861846e-15       1.519126789517e-16 
  897       2.609828677760e-10       3.118472442886e-12       7.442716690379e-12       1.288178990815e-14       8.702624173596e-15       2.708834996400e-15       1.545776769116e-16 
  898       2.593810813615e-10       3.157338162819e-12       7.508932122070e-12       1.287934772590e-14       8.666174041767e-15       2.684279139170e-15       1.572057474348e-16 
  899       2.577758195981e-10       3.196422426558e-12       7.570838012315e-12       1.287673147001e-14       8.629909696364e-15       2.659790836362e-15       1.597972078229e-16 
  900       2.561674847851e-10       3.235710114468e-12       7.628443439540e-12       1.287394413341e-14       8.593830380200e-15       2.635371641225e-15       1.623523801730e-16 
  901       2.545564826924e-10       3.275185967351e-12       7.681757761997e-12       1.287098874070e-14       8.557935314675e-15       2.611023114067e-15       1.648715913932e-16 
  902       2.529432225707e-10       3.314834586061e-12       7.730790618724e-12       1.286786834822e-14       8.522223699695e-15       2.586746822264e-15       1.673551732174e-16 
  903       2.513281171601e-10       3.354640431113e-12       7.775551930510e-12       1.286458604414e-14       8.486694713600e-15       2.562544340275e-15       1.698034622210e-16 
  904       2.497115827001e-10       3.394587822292e-12       7.816051900859e-12       1.286114494857e-14       8.451347513084e-15       2.538417249648e-15       1.722167998361e-16 
  905       2.480940389384e-10       3.434660938263e-12       7.852301016955e-12       1.285754821361e-14       8.416181233120e-15       2.514367139037e-15       1.745955323667e-16 
  906       2.464759091410e-10       3.474843816179e-12       7.884310050622e-12       1.285379902349e-14       8.381194986884e-15       2.490395604211e-15       1.769400110041e-16 
  907       2.448576201009e-10       3.515120351297e-12       7.912090059291e-12       1.284990059464e-14       8.346387865678e-15       2.466504248062e-15       1.792505918419e-16 
  908       2.432396021481e-10       3.555474296581e-12       7.935652386960e-12       1.284585617577e-14       8.311758938855e-15       2.442694680625e-15       1.815276358919e-16 
  909       2.416222891585e-10       3.595889262315e-12       7.955008665162e-12       1.284166904797e-14       8.277307253740e-15       2.418968519081e-15       1.837715090986e-16 
  910       2.400061185638e-10       3.636348715715e-12       7.970170813926e-12       1.283734252481e-14       8.243031835554e-15       2.395327387773e-15       1.859825823552e-16 
  911       2.383915313604e-10       3.676835980536e-12       7.981151042741e-12       1.283287995239e-14       8.208931687340e-15       2.371772918215e-15       1.881612315185e-16 
  912       2.367789721191e-10       3.717334236680e-12       7.987961851520e-12       1.282828470951e-14       8.175005789886e-15       2.348306749108e-15       1.903078374242e-16 
  913       2.351688889945e-10       3.757826519813e-12       7.990616031564e-12       1.282356020766e-14       8.141253101646e-15       2.324930526345e-15       1.924227859024e-16 
  914       2.335617337343e-10       3.798295720967e-12       7.989126666522e-12       1.281870989120e-14       8.107672558666e-15       2.301645903027e-15       1.945064677925e-16 
  915       2.319579616886e-10       3.838724586156e-12       7.983507133362e-12       1.281373723740e-14       8.074263074506e-15       2.278454539474e-15       1.965592789591e-16 
  916       2.303580318197e-10       3.879095715983e-12       7.973771103327e-12       1.280864575654e-14       8.041023540166e-15       2.255358103235e-15       1.985816203066e-16 
  917       2.287624067111e-10       3.919391565249e-12       7.959932542904e-12       1.280343899202e-14       8.007952824007e-15       2.232358269099e-15       2.005738977951e-16 
  918       2.271715525769e-10       3.959594442566e-12       7.942005714784e-12       1.279812052040e-14       7.975049771674e-15       2.209456719111e-15       2.025365224552e-16 
  919       2.255859392715e-10       3.999686509965e-12       7.920005178828e-12       1.279269395157e-14       7.942313206026e-15       2.186655142577e-15       2.044699104036e-16 
  920       2.240060402989e-10       4.039649782505e-12       7.893945793030e-12       1.278716292876e-14       7.909741927049e-15       2.163955236079e-15       2.063744828583e-16 
  921       2.224323328219e-10       4.079466127885e-12       7.863842714480e-12       1.278153112869e-14       7.877334711790e-15       2.141358703487e-15       2.082506661538e-16 
  922       2.208652976715e-10       4.119117266055e-12       7.829711400328e-12       1.277580226162e-14       7.845090314273e-15       2.118867255970e-15       2.100988917565e-16 
  923       2.193054193568e-10       4.158584768822e-12       7.791567608747e-12       1.276998007146e-14       7.813007465427e-15       2.096482612006e-15       2.119195962801e-16 
  924       2.177531860738e-10       4.197850059461e-12       7.749427399900e-12       1.276406833588e-14       7.781084873007e-15       2.074206497394e-15       2.137132215006e-16 
  925       2.162090897151e-10       4.236894412328e-12       7.703307136898e-12       1.275807086636e-14       7.749321221521e-15       2.052040645267e-15       2.154802143716e-16 
  926       2.146736258790e-10       4.275698952468e-12       7.653223486768e-12       1.275199150829e-14       7.717715172148e-15       2.029986796103e-15       2.172210270401e-16 
  927       2.131472938796e-10       4.314244655224e-12       7.599193421414e-12       1.274583414110e-14       7.686265362667e-15       2.008046697734e-15       2.189361168612e-16 
  928       2.116305967554e-10       4.352512345847e-12       7.541234218584e-12       1.273960267828e-14       7.654970407379e-15       1.986222105360e-15       2.206259464134e-16 
  929       2.101240412792e-10       4.390482699108e-12       7.479363462831e-12       1.273330106755e-14       7.623828897028e-15       1.964514781562e-15       2.222909835146e-16 
  930       2.086281379671e-10       4.428136238907e-12       7.413599046474e-12       1.272693329090e-14       7.592839398728e-15       1.942926496308e-15       2.239317012364e-16 
  931       2.071433484990e-10       4.465455000634e-12       7.343965002181e-12       1.272050320095e-14       7.562000624862e-15       1.921458602890e-15       2.255484226757e-16 
  932       2.056699270558e-10       4.502427547618e-12       7.270509098983e-12       1.271401402707e-14       7.531311942844e-15       1.900110758408e-15       2.271408525685e-16 
  933       2.042080765122e-10       4.539044032589e-12       7.193285524153e-12       1.270746886168e-14       7.500772873198e-15       1.878882183236e-15       2.287085383599e-16 
  934       2.027580008023e-10       4.575294541891e-12       7.112349078382e-12       1.270087082339e-14       7.470382921261e-15       1.857772083240e-15       2.302510247762e-16 
  935       2.013199049219e-10       4.611169095327e-12       7.027755177545e-12       1.269422305704e-14       7.440141577119e-15       1.836779649727e-15       2.317678538186e-16 
  936       1.998939949308e-10       4.646657645999e-12       6.939559854475e-12       1.268752873379e-14       7.410048315563e-15       1.815904059400e-15       2.332585647575e-16 
  937       1.984804779547e-10       4.681750080145e-12       6.847819760729e-12       1.268079105117e-14       7.380102596033e-15       1.795144474308e-15       2.347226941259e-16 
  938       1.970795621874e-10       4.716436216979e-12       6.752592168363e-12       1.267401323313e-14       7.350303862562e-15       1.774500041805e-15       2.361597757134e-16 
  939       1.956914568928e-10       4.750705808535e-12       6.653934971697e-12       1.266719853017e-14       7.320651543727e-15       1.753969894496e-15       2.375693405599e-16 
  940       1.943163724072e-10       4.784548539502e-12       6.551906689089e-12       1.266035021934e-14       7.291145052595e-15       1.733553150192e-15       2.389509169495e-16 
  941       1.929545201415e-10       4.817954027067e-12       6.446566464703e-12       1.265347160434e-14       7.261783786668e-15       1.713248911865e-15       2.403040304046e-16 
  942       1.916061125831e-10       4.850911820753e-12       6.337974070282e-12       1.264656601560e-14       7.232567127833e-15       1.693056267598e-15       2.416282036789e-16 
  943       1.902713632981e-10       4.883411402261e-12       6.226189906912e-12       1.263963681033e-14       7.203494442305e-15       1.672974290540e-15       2.429229567522e-16 
  944       1.889504869334e-10       4.915442185307e-12       6.111275006801e-12       1.263268737256e-14       7.174565080579e-15       1.653002038857e-15       2.441878068235e-16 
  945       1.876436992191e-10       4.946993515465e-12       5.993291035040e-12       1.262572111329e-14       7.145778377372e-15       1.633138555687e-15       2.454222683054e-16 
  946       1.863512169702e-10       4.978054670005e-12       5.872300291380e-12       1.261874147046e-14       7.117133651574e-15       1.613382869090e-15       2.466258528172e-16 
  947       1.850732580890e-10       5.008614857732e-12       5.748365711999e-12       1.261175190909e-14       7.088630206191e-15       1.593733992003e-15       2.477980691795e-16 
  948       1.838100415671e-10       5.038663218830e-12       5.621550871272e-12       1.260475592132e-14       7.060267328296e-15       1.574190922191e-15       2.489384234074e-16 
  949       1.825617874878e-10       5.068188824697e-12       5.491919983542e-12       1.259775702647e-14       7.032044288973e-15       1.554752642204e-15       2.500464187047e-16 
  950       1.813287170278e-10       5.097180677788e-12       5.359537904891e-12       1.259075877114e-14       7.003960343265e-15       1.535418119322e-15       2.511215554575e-16 
  951       1.801110524596e-10       5.125627711452e-12       5.224470134907e-12       1.258376472922e-14       6.976014730121e-15       1.516186305518e-15       2.521633312282e-16 
  952       1.789090171535e-10       5.153518789777e-12       5.086782818459e-12       1.257677850203e-14       6.948206672344e-15       1.497056137402e-15       2.531712407492e-16 
  953       1.777228355800e-10       5.180842707423e-12       4.946542747461e-12       1.256980371834e-14       6.920535376535e-15       1.478026536177e-15       2.541447759166e-16 
  954       1.765527333116e-10       5.207588189470e-12       4.803817362648e-12       1.256284403444e-14       6.893000033043e-15       1.459096407593e-15       2.550834257845e-16 
  955       1.753989370250e-10       5.233743891250e-12       4.658674755342e-12       1.255590313423e-14       6.865599815911e-15       1.440264641901e-15       2.559866765581e-16 
  956       1.742616745034e-10       5.259298398191e-12       4.511183669226e-12       1.254898472928e-14       6.838333882821e-15       1.421530113799e-15       2.568540115882e-16 
  957       1.731411746384e-10       5.284240225657e-12       4.361413502109e-12       1.254209255887e-14       6.811201375045e-15       1.402891682394e-15       2.576849113646e-16 
  958       1.720376674323e-10       5.308557818788e-12       4.209434307700e-12       1.253523039012e-14       6.784201417388e-15       1.384348191148e-15       2.584788535100e-16 
  959       1.709513840000e-10       5.332239552337e-12       4.055316797378e-12       1.252840201799e-14       6.757333118136e-15       1.365898467833e-15       2.592353127739e-16 
  960       1.698825565717e-10       5.355273730512e-12       3.899132341961e-12       1.252161126538e-14       6.730595569006e-15       1.347541324486e-15       2.599537610264e-16 
  961       1.688314184941e-10       5.377648586819e-12       3.740952973474e-12       1.251486198322e-14       6.703987845088e-15       1.329275557357e-15       2.606336672520e-16 
  962       1.677982042333e-10       5.399352283896e-12       3.580851386925e-12       1.250815805048e-14       6.677509004796e-15       1.311099946868e-15       2.612744975435e-16 
  963       1.667831493768e-10       5.420372913355e-12       3.418900942070e-12       1.250150337430e-14       6.651158089813e-15       1.293013257559e-15       2.618757150956e-16 
  964       1.657864906353e-10       5.440698495625e-12       3.255175665183e-12       1.249490189001e-14       6.624934125036e-15       1.275014238046e-15       2.624367801990e-16 
  965       1.648084658450e-10       5.460316979787e-12       3.089750250832e-12       1.248835756123e-14       6.598836118530e-15       1.257101620973e-15       2.629571502338e-16 
  966       1.638493139698e-10       5.479216243420e-12       2.922700063640e-12       1.248187437993e-14       6.572863061467e-15       1.239274122962e-15       2.634362796640e-16 
  967       1.629092751035e-10       5.497384092432e-12       2.754101140065e-12       1.247545636648e-14       6.547013928076e-15       1.221530444569e-15       2.638736200306e-16 
  968       1.619885904716e-10       5.514808260910e-12       2.584030190161e-12       1.246910756973e-14       6.521287675591e-15       1.203869270235e-15       2.642686199459e-16 
  969       1.610875024339e-10       5.531476410951e-12       2.412564599356e-12       1.246283206710e-14       6.495683244198e-15       1.186289268240e-15       2.646207250871e-16 
  970       1.602062544860e-10       5.547376132510e-12       2.239782430215e-12       1.245663396460e-14       6.470199556980e-15       1.168789090654e-15       2.649293781903e-16 
  971       1.593450409908e-10       5.562497106567e-12       2.065759749708e-12       1.245051694287e-14       6.444835643518e-15       1.151367772810e-15       2.651942186137e-16 
  972       1.585038555373e-10       5.576837630622e-12       1.890562563372e-12       1.244448288746e-14       6.419591012843e-15       1.134025938386e-15       2.654156843301e-16 
  973       1.576826403052e-10       5.590398191037e-12       1.714254763342e-12       1.243853323806e-14       6.394465285987e-15       1.116764612355e-15       2.655944189768e-16 
  974       1.568813361244e-10       5.603179308711e-12       1.536900793286e-12       1.243266944072e-14       6.369458072805e-15       1.099584823113e-15       2.657310731264e-16 
  975       1.560998824715e-10       5.615181539201e-12       1.358565649838e-12       1.242689294785e-14       6.344568971932e-15       1.082487602482e-15       2.658263043054e-16 
  976       1.553382174651e-10       5.626405472833e-12       1.179314884026e-12       1.242120521828e-14       6.319797570752e-15       1.065473985714e-15       2.658807770141e-16 
  977       1.545962778615e-10       5.636851734817e-12       9.992146027003e-13       1.241560771718e-14       6.295143445356e-15       1.048545011496e-15       2.658951627450e-16 
  978       1.538739990508e-10       5.646520985364e-12       8.183314699691e-13       1.241010191617e-14       6.270606160507e-15       1.031701721953e-15       2.658701400028e-16 
  979       1.531713150521e-10       5.655413919798e-12       6.367327086238e-13       1.240468929325e-14       6.246185269600e-15       1.014945162651e-15       2.658063943228e-16 
  980       1.524881585098e-10       5.663531268674e-12       4.544861015712e-13       1.239937133285e-14       6.221880314629e-15       9.982763825990e-16       2.657046182909e-16 
  981       1.518244606890e-10       5.670873797892e-12       2.716599932626e-13       1.239414952585e-14       6.197690826147e-15       9.816964342571e-16       2.655655115620e-16 
  982       1.511801514713e-10       5.677442308809e-12       8.832329112473e-14       1.238902536955e-14       6.173616323227e-15       9.652063735360e-16       2.653897808798e-16 
  983       1.505551593505e-10       5.683237638359e-12      -9.545453301070e-14       1.238400036772e-14       6.149656313430e-15       9.488072598027e-16       2.651781400957e-16 
  984       1.499494114284e-10       5.688260659165e-12      -2.796034414768e-13       1.237907603059e-14       6.125810292760e-15       9.325001558833e-16       2.649313101882e-16 
  985       1.493628334107e-10       5.692512279653e-12      -4.640528293412e-13       1.237425387485e-14       6.102077745634e-15       9.162861280669e-16       2.646500192818e-16 
  986       1.487953496021e-10       5.695993444170e-12      -6.487315229766e-13       1.236953542370e-14       6.078458144841e-15       9.001662461092e-16       2.643350026662e-16 
  987       1.482468829031e-10       5.698705133096e-12      -8.335677786297e-13       1.236492220681e-14       6.054950951506e-15       8.841415832360e-16       2.639870028161e-16 
  988       1.477173548045e-10       5.700648362961e-12      -1.018489280992e-12       1.236041576036e-14       6.031555615051e-15       8.682132161472e-16       2.636067694095e-16 
  989       1.472066853843e-10       5.701824186558e-12      -1.203423141770e-12       1.235601762707e-14       6.008271573158e-15       8.523822250198e-16       2.631950593476e-16 
  990       1.467147933025e-10       5.702233693062e-12      -1.388295898252e-12       1.235172935615e-14       5.985098251734e-15       8.366496935120e-16       2.627526367736e-16 
  991       1.462415957974e-10       5.701878008138e-12      -1.573033511884e-12       1.234755250335e-14       5.962035064871e-15       8.210167087668e-16       2.622802730921e-16 
  992       1.457870086811e-10       5.700758294064e-12      -1.757561366834e-12       1.234348863100e-14       5.939081414810e-15       8.054843614151e-16       2.617787469880e-16 
  993       1.453509463355e-10       5.698875749839e-12      -1.941804268565e-12       1.233953930794e-14       5.916236691904e-15       7.900537455801e-16       2.612488444462e-16 
  994       1.449333217075e-10       5.696231611302e-12      -2.125686442403e-12       1.233570610961e-14       5.893500274580e-15       7.747259588804e-16       2.606913587704e-16 
  995       1.445340463054e-10       5.692827151246e-12      -2.309131532108e-12       1.233199061800e-14       5.870871529299e-15       7.595021024336e-16       2.601070906022e-16 
  996       1.441530301940e-10       5.688663679533e-12      -2.492062598446e-12       1.232839442171e-14       5.848349810526e-15       7.443832808603e-16       2.594968479408e-16 
  997       1.437901819909e-10       5.683742543208e-12      -2.674402117752e-12       1.232491911593e-14       5.825934460685e-15       7.293706022872e-16       2.588614461617e-16 
  998       1.434454088618e-10       5.678065126616e-12      -2.856071980511e-12       1.232156630243e-14       5.803624810125e-15       7.144651783512e-16       2.582017080360e-16 
  999       1.431186165166e-10       5.671632851515e-12      -3.036993489915e-12       1.231833758965e-14       5.781420177084e-15       6.996681242028e-16       2.575184637498e-16 
 1000       1.428097092047e-10       5.664447177191e-12      -3.217087360445e-12       1.231523459260e-14       5.759319867647e-15       6.849805585096e-16       2.568125509233e-16 
 1001       1.425185897112e-10       5.656509600573e-12      -3.396273716433e-12       1.231225893297e-14       5.737323175716e-15       6.704036034602e-16       2.560848146299e-16 
 1002       1.422451593523e-10       5.647821656351e-12      -3.574472090633e-12       1.230941223908e-14       5.715429382966e-15       6.559383847676e-16       2.553361074153e-16 
 1003       1.419893179712e-10       5.638384917087e-12      -3.751601422794e-12       1.230669614591e-14       5.693637758809e-15       6.415860316728e-16       2.545672893170e-16 
 1004       1.417509639338e-10       5.628200993332e-12      -3.927580058228e-12       1.230411229510e-14       5.671947560361e-15       6.273476769487e-16       2.537792278833e-16 
 1005       1.415299941243e-10       5.617271533738e-12      -4.102325746381e-12       1.230166233499e-14       5.650358032398e-15       6.132244569033e-16       2.529727981926e-16 
 1006       1.413263039413e-10       5.605598225179e-12      -4.275755639400e-12       1.229934792058e-14       5.628868407326e-15       5.992175113837e-16       2.521488828724e-16 
 1007       1.411397872932e-10       5.593182792859e-12      -4.447786290705e-12       1.229717071360e-14       5.607477905136e-15       5.853279837795e-16       2.513083721187e-16 
 1008       1.409703365938e-10       5.580027000433e-12      -4.618333653561e-12       1.229513238246e-14       5.586185733374e-15       5.715570210265e-16       2.504521637151e-16 
 1009       1.408178427586e-10       5.566132650117e-12      -4.787313079643e-12       1.229323460230e-14       5.564991087096e-15       5.579057736102e-16       2.495811630518e-16 
 1010       1.406821952000e-10       5.551501582807e-12      -4.954639317611e-12       1.229147905500e-14       5.543893148840e-15       5.443753955696e-16       2.486962831454e-16 
 1011       1.405632612711e-10       5.536136999624e-12      -5.120235198146e-12       1.228986698837e-14       5.522891181852e-15       5.309670577267e-16       2.477982856899e-16 
 1012       1.404608242790e-10       5.520047447250e-12      -5.284057829396e-12       1.228839788682e-14       5.501984811349e-15       5.176819875775e-16       2.468873016578e-16 
 1013       1.403746445674e-10       5.503242890404e-12      -5.446072777175e-12       1.228707078148e-14       5.481173747249e-15       5.045214299844e-16       2.459633038109e-16 
 1014       1.403044799809e-10       5.485733395900e-12      -5.606245412402e-12       1.228588468930e-14       5.460457691243e-15       4.914866340078e-16       2.450262650404e-16 
 1015       1.402500858582e-10       5.467529132912e-12      -5.764540910684e-12       1.228483861291e-14       5.439836336763e-15       4.785788529115e-16       2.440761583670e-16 
 1016       1.402112150258e-10       5.448640373252e-12      -5.920924251911e-12       1.228393154065e-14       5.419309368964e-15       4.657993441674e-16       2.431129569420e-16 
 1017       1.401876177907e-10       5.429077491632e-12      -6.075360219839e-12       1.228316244652e-14       5.398876464691e-15       4.531493694610e-16       2.421366340475e-16 
 1018       1.401790419343e-10       5.408850965939e-12      -6.227813401685e-12       1.228253029010e-14       5.378537292453e-15       4.406301946963e-16       2.411471630969e-16 
 1019       1.401852327056e-10       5.387971377502e-12      -6.378248187709e-12       1.228203401654e-14       5.358291512402e-15       4.282430900015e-16       2.401445176358e-16 
 1020       1.402059328144e-10       5.366449411366e-12      -6.526628770807e-12       1.228167255652e-14       5.338138776301e-15       4.159893297336e-16       2.391286713422e-16 
 1021       1.402408824244e-10       5.344295856556e-12      -6.672919146100e-12       1.228144482617e-14       5.318078727499e-15       4.038701924836e-16       2.380995980274e-16 
 1022       1.402898191472e-10       5.321521606351e-12      -6.817083110519e-12       1.228134972710e-14       5.298111000906e-15       3.918869610821e-16       2.370572716361e-16 
 1023       1.403524780350e-10       5.298137658555e-12      -6.959084262399e-12       1.228138614629e-14       5.278235222965e-15       3.800409226042e-16       2.360016662473e-16 
 1024       1.404285915741e-10       5.274155115763e-12      -7.098886001064e-12       1.228155295608e-14       5.258451011628e-15       3.683333683746e-16       2.349327560747e-16 
 1025       1.405178896785e-10       5.249585185633e-12      -7.236451526414e-12       1.228184901413e-14       5.238757976327e-15       3.567655939730e-16       2.338505154673e-16 
 1026       1.406200996826e-10       5.224439181157e-12      -7.371743838520e-12       1.228227316335e-14       5.219155717949e-15       3.453388992388e-16       2.327549189100e-16 
 1027       1.407349463353e-10       5.198728520929e-12      -7.504725737207e-12       1.228282423192e-14       5.199643828808e-15       3.340545882770e-16       2.316459410240e-16 
 1028       1.408621517928e-10       5.172464729416e-12      -7.635359821645e-12       1.228350103317e-14       5.180221892622e-15       3.229139694628e-16       2.305235565673e-16 
 1029       1.410014356121e-10       5.145659437227e-12      -7.763608489939e-12       1.228430236560e-14       5.160889484482e-15       3.119183554467e-16       2.293877404357e-16 
 1030       1.411525147441e-10       5.118324381385e-12      -7.889433938715e-12       1.228522701282e-14       5.141646170830e-15       3.010690631604e-16       2.282384676628e-16 
 1031       1.413151035274e-10       5.090471405594e-12      -8.012798162709e-12       1.228627374348e-14       5.122491509431e-15       2.903674138209e-16       2.270757134209e-16 
 1032       1.414889136812e-10       5.062112460511e-12      -8.133662954358e-12       1.228744131128e-14       5.103425049345e-15       2.798147329368e-16       2.258994530212e-16 
 1033       1.416736542988e-10       5.033259604017e-12      -8.251989903389e-12       1.228872845488e-14       5.084446330902e-15       2.694123503125e-16       2.247096619149e-16 
 1034       1.418690318409e-10       5.003925001483e-12      -8.367740396403e-12       1.229013389790e-14       5.065554885676e-15       2.591616000539e-16       2.235063156932e-16 
 1035       1.420747501288e-10       4.974120926044e-12      -8.480875616468e-12       1.229165634884e-14       5.046750236459e-15       2.490638205736e-16       2.222893900881e-16 
 1036       1.422905103381e-10       4.943859758866e-12      -8.591356542708e-12       1.229329450108e-14       5.028031897232e-15       2.391203545957e-16       2.210588609729e-16 
 1037       1.425160109914e-10       4.913153989418e-12      -8.699143949888e-12       1.229504703280e-14       5.009399373142e-15       2.293325491613e-16       2.198147043630e-16 
 1038       1.427509479524e-10       4.882016215741e-12      -8.804198408008e-12       1.229691260695e-14       4.990852160474e-15       2.197017556336e-16       2.185568964159e-16 
 1039       1.429950144185e-10       4.850459144718e-12      -8.906480281887e-12       1.229888987123e-14       4.972389746623e-15       2.102293297029e-16       2.172854134322e-16 
 1040       1.432479009146e-10       4.818495592344e-12      -9.005949730753e-12       1.230097745801e-14       4.954011610071e-15       2.009166313920e-16       2.160002318560e-16 
 1041       1.435092952863e-10       4.786138483995e-12      -9.102566707834e-12       1.230317398432e-14       4.935717220357e-15       1.917650250612e-16       2.147013282757e-16 
 1042       1.437788826930e-10       4.753400854701e-12      -9.196290959942e-12       1.230547805182e-14       4.917506038056e-15       1.827758794137e-16       2.133886794238e-16 
 1043       1.440563456016e-10       4.720295849411e-12      -9.287082027069e-12       1.230788824670e-14       4.899377514744e-15       1.739505675002e-16       2.120622621785e-16 
 1044       1.443413637796e-10       4.686836723269e-12      -9.374899241968e-12       1.231040313970e-14       4.881331092982e-15       1.652904667250e-16       2.107220535633e-16 
 1045       1.446336142884e-10       4.653036841877e-12      -9.459701729747e-12       1.231302128603e-14       4.863366206280e-15       1.567969588503e-16       2.093680307482e-16 
 1046       1.449327714768e-10       4.618909681572e-12      -9.541448407454e-12       1.231574122536e-14       4.845482279077e-15       1.484714300017e-16       2.080001710500e-16 
 1047       1.452385069742e-10       4.584468829690e-12      -9.620097983671e-12       1.231856148174e-14       4.827678726713e-15       1.403152706737e-16       2.066184519327e-16 
 1048       1.455504896838e-10       4.549727984840e-12      -9.695608958095e-12       1.232148056360e-14       4.809954955401e-15       1.323298757341e-16       2.052228510084e-16 
 1049       1.458683857762e-10       4.514700957172e-12      -9.767939621134e-12       1.232449696366e-14       4.792310362203e-15       1.245166444300e-16       2.038133460375e-16 
 1050       1.461918586826e-10       4.479401668648e-12      -9.837048053493e-12       1.232760915896e-14       4.774744335001e-15       1.168769803924e-16       2.023899149294e-16 
 1051       1.465205847096e-10       4.443843896281e-12      -9.902901082050e-12       1.233081545261e-14       4.757256316601e-15       1.094117300176e-16       2.009525788890e-16 
 1052       1.468543001350e-10       4.408040497410e-12      -9.965501284657e-12       1.233411349706e-14       4.739845998069e-15       1.021194890504e-16       1.995015325107e-16 
 1053       1.471927547537e-10       4.372004174193e-12      -1.002486035991e-11       1.233750076412e-14       4.722513128028e-15       9.499827247145e-17       1.980370154942e-16 
 1054       1.475356963099e-10       4.335747729902e-12      -1.008099020546e-11       1.234097470252e-14       4.705257448756e-15       8.804607393096e-17       1.965592696669e-16 
 1055       1.478828704928e-10       4.299284069163e-12      -1.013390291858e-11       1.234453273775e-14       4.688078696167e-15       8.126086569304e-17       1.950685389900e-16 
 1056       1.482340209314e-10       4.262626198201e-12      -1.018361079669e-11       1.234817227208e-14       4.670976599789e-15       7.464059857983e-17       1.935650695635e-16 
 1057       1.485888891893e-10       4.225787225080e-12      -1.023012633798e-11       1.235189068444e-14       4.653950882746e-15       6.818320191571e-17       1.920491096311e-16 
 1058       1.489472147601e-10       4.188780359945e-12      -1.027346224191e-11       1.235568533042e-14       4.637001261742e-15       6.188658347156e-17       1.905209095858e-16 
 1059       1.493087350620e-10       4.151618915265e-12      -1.031363140981e-11       1.235955354216e-14       4.620127447033e-15       5.574862940894e-17       1.889807219749e-16 
 1060       1.496731854331e-10       4.114316306074e-12      -1.035064694544e-11       1.236349262832e-14       4.603329142417e-15       4.976720422432e-17       1.874288015057e-16 
 1061       1.500402991265e-10       4.076886050215e-12      -1.038452215551e-11       1.236749987403e-14       4.586606045209e-15       4.394015069326e-17       1.858654050499e-16 
 1062       1.504098073050e-10       4.039341768580e-12      -1.041527055029e-11       1.237157254079e-14       4.569957846224e-15       3.826528981471e-17       1.842907916495e-16 
 1063       1.507814390364e-10       4.001697185351e-12      -1.044290584414e-11       1.237570786645e-14       4.553384229754e-15       3.274042075511e-17       1.827052225221e-16 
 1064       1.511549212884e-10       3.963966128247e-12      -1.046744195610e-11       1.237990306515e-14       4.536884873554e-15       2.736332079269e-17       1.811089610654e-16 
 1065       1.515299789236e-10       3.926162528760e-12      -1.048889301041e-11       1.238415532723e-14       4.520459448818e-15       2.213174526167e-17       1.795022728632e-16 
 1066       1.519063346946e-10       3.888300422402e-12      -1.050727333710e-11       1.238846181919e-14       4.504107620162e-15       1.704342749643e-17       1.778854256902e-16 
 1067       1.522837092389e-10       3.850393948943e-12      -1.052259747254e-11       1.239281968367e-14       4.487829045604e-15       1.209607877576e-17       1.762586895176e-16 
 1068       1.526618210741e-10       3.812457352656e-12      -1.053488016002e-11       1.239722603931e-14       4.471623376544e-15       7.287388267104e-18       1.746223365177e-16 
 1069       1.530403865928e-10       3.774504982557e-12      -1.054413635028e-11       1.240167798075e-14       4.455490257746e-15       2.615022970699e-18       1.729766410700e-16 
 1070       1.534191200577e-10       3.736551292650e-12      -1.055038120208e-11       1.240617257857e-14       4.439429327316e-15      -1.923372336150e-18       1.713218797654e-16 
 1071       1.537977335963e-10       3.698610842165e-12      -1.055363008280e-11       1.241070687921e-14       4.423440216685e-15      -6.330175154877e-18       1.696583314126e-16 
 1072       1.541759371965e-10       3.660698295803e-12      -1.055389856892e-11       1.241527790491e-14       4.407522550589e-15      -1.060778532144e-17       1.679862770421e-16 
 1073       1.545534387011e-10       3.622828423976e-12      -1.055120244666e-11       1.241988265367e-14       4.391675947050e-15      -1.475862506210e-17       1.663059999126e-16 
 1074       1.549299438032e-10       3.585016103053e-12      -1.054555771251e-11       1.242451809919e-14       4.375900017355e-15      -1.878513904923e-17       1.646177855154e-16 
 1075       1.553051560409e-10       3.547276315597e-12      -1.053698057377e-11       1.242918119079e-14       4.360194366036e-15      -2.268979445706e-17       1.629219215799e-16 
 1076       1.556787767924e-10       3.509624150608e-12      -1.052548744915e-11       1.243386885337e-14       4.344558590855e-15      -2.647508101749e-17       1.612186980790e-16 
 1077       1.560505052712e-10       3.472074803769e-12      -1.051109496930e-11       1.243857798735e-14       4.328992282781e-15      -3.014351107588e-17       1.595084072339e-16 
 1078       1.564200385211e-10       3.434643577685e-12      -1.049381997739e-11       1.244330546861e-14       4.313495025968e-15      -3.369761964681e-17       1.577913435200e-16 
 1079       1.567870714108e-10       3.397345882123e-12      -1.047367952964e-11       1.244804814841e-14       4.298066397744e-15      -3.713996446991e-17       1.560678036715e-16 
 1080       1.571512966297e-10       3.360197234259e-12      -1.045069089594e-11       1.245280285338e-14       4.282705968582e-15      -4.047312606560e-17       1.543380866869e-16 
 1081       1.575124046821e-10       3.323213258916e-12      -1.042487156036e-11       1.245756638541e-14       4.267413302086e-15      -4.369970779087e-17       1.526024938341e-16 
 1082       1.578700838827e-10       3.286409688808e-12      -1.039623922170e-11       1.246233552162e-14       4.252187954973e-15      -4.682233589514e-17       1.508613286560e-16 
 1083       1.582240203515e-10       3.249802364782e-12      -1.036481179412e-11       1.246710701429e-14       4.237029477048e-15      -4.984365957594e-17       1.491148969752e-16 
 1084       1.585738980089e-10       3.213407236059e-12      -1.033060740762e-11       1.247187759083e-14       4.221937411189e-15      -5.276635103479e-17       1.473635068997e-16 
 1085       1.589193985705e-10       3.177240360475e-12      -1.029364440866e-11       1.247664395365e-14       4.206911293327e-15      -5.559310553292e-17       1.456074688278e-16 
 1086       1.592602015424e-10       3.141317904729e-12      -1.025394136069e-11       1.248140278020e-14       4.191950652423e-15      -5.832664144711e-17       1.438470954535e-16 
 1087       1.595959842160e-10       3.105656144616e-12      -1.021151704471e-11       1.248615072283e-14       4.177055010455e-15      -6.096970032541e-17       1.420827017718e-16 
 1088       1.599264216632e-10       3.070271465276e-12      -1.016639045986e-11       1.249088440877e-14       4.162223882392e-15      -6.352504694298e-17       1.403146050836e-16 
 1089       1.602511867313e-10       3.035180361435e-12      -1.011858082395e-11       1.249560044006e-14       4.147456776180e-15      -6.599546935787e-17       1.385431250013e-16 
 1090       1.605699500379e-10       3.000399437642e-12      -1.006810757404e-11       1.250029539349e-14       4.132753192717e-15      -6.838377896677e-17       1.367685834539e-16 
 1091       1.608824167963e-10       2.965943850090e-12      -1.001499441324e-11       1.250496601531e-14       4.118112680847e-15      -7.069244824462e-17       1.349912784368e-16 
 1092       1.611884378406e-10       2.931822608707e-12      -9.959281509537e-12       1.250960980822e-14       4.103535003154e-15      -7.292251853818e-17       1.332114048657e-16 
 1093       1.614879000771e-10       2.898043212624e-12      -9.901013461454e-12       1.251422445212e-14       4.089019972349e-15      -7.507467775540e-17       1.314291326732e-16 
 1094       1.617806897887e-10       2.864613202983e-12      -9.840235267608e-12       1.251880761001e-14       4.074567396446e-15      -7.714962137435e-17       1.296446329704e-16 
 1095       1.620666926328e-10       2.831540163018e-12      -9.776992327657e-12       1.252335692800e-14       4.060177078752e-15      -7.914805246253e-17       1.278580780499e-16 
 1096       1.623457936404e-10       2.798831718146e-12      -9.711330443272e-12       1.252787003521e-14       4.045848817850e-15      -8.107068169615e-17       1.260696413880e-16 
 1097       1.626178772150e-10       2.766495536049e-12      -9.643295819107e-12       1.253234454375e-14       4.031582407588e-15      -8.291822737940e-17       1.242794976475e-16 
 1098       1.628828271309e-10       2.734539326757e-12      -9.572935063764e-12       1.253677804871e-14       4.017377637062e-15      -8.469141546381e-17       1.224878226800e-16 
 1099       1.631405265323e-10       2.702970842739e-12      -9.500295190767e-12       1.254116812809e-14       4.003234290606e-15      -8.639097956746e-17       1.206947935291e-16 
 1100       1.633908579319e-10       2.671797878982e-12      -9.425423619524e-12       1.254551234278e-14       3.989152147773e-15      -8.801766099433e-17       1.189005884321e-16 
 1101       1.636337032095e-10       2.641028273078e-12      -9.348368176298e-12       1.254980823651e-14       3.975130983327e-15      -8.957220875354e-17       1.171053868235e-16 
 1102       1.638689436109e-10       2.610669905312e-12      -9.269177095178e-12       1.255405333579e-14       3.961170567225e-15      -9.105537957871e-17       1.153093693371e-16 
 1103       1.640964597468e-10       2.580730698742e-12      -9.187899019042e-12       1.255824514993e-14       3.947270664602e-15      -9.246793794718e-17       1.135127178083e-16 
 1104       1.643161315909e-10       2.551218619290e-12      -9.104583000530e-12       1.256238117094e-14       3.933431035764e-15      -9.381065609936e-17       1.117156152775e-16 
 1105       1.645278384794e-10       2.522141675820e-12      -9.019278503010e-12       1.256645887352e-14       3.919651436165e-15      -9.508431405798e-17       1.099182459919e-16 
 1106       1.647314591092e-10       2.493507920229e-12      -8.932035401547e-12       1.257047571502e-14       3.905931616400e-15      -9.628969964741e-17       1.081207954086e-16 
 1107       1.649268715369e-10       2.465325447530e-12      -8.842903983870e-12       1.257442913541e-14       3.892271322189e-15      -9.742760851293e-17       1.063234501969e-16 
 1108       1.651139531772e-10       2.437602395937e-12      -8.751934951344e-12       1.257831655721e-14       3.878670294361e-15      -9.849884414002e-17       1.045263982411e-16 
 1109       1.652925808021e-10       2.410346946950e-12      -8.659179419934e-12       1.258213538547e-14       3.865128268844e-15      -9.950421787369e-17       1.027298286428e-16 
 1110       1.654626305394e-10       2.383567325439e-12      -8.564688921175e-12       1.258588300774e-14       3.851644976647e-15      -1.004445489377e-16       1.009339317237e-16 
 1111       1.656239778713e-10       2.357271799731e-12      -8.468515403142e-12       1.258955679403e-14       3.838220143850e-15      -1.013206644540e-16       9.913889902837e-17 
 1112       1.657764976333e-10       2.331468681695e-12      -8.370711231415e-12       1.259315409674e-14       3.824853491588e-15      -1.021333994618e-16       9.734492332630e-17 
 1113       1.659200640129e-10       2.306166326826e-12      -8.271329190052e-12       1.259667225066e-14       3.811544736035e-15      -1.028835969370e-16       9.555219861499e-17 
 1114       1.660545505482e-10       2.281373134330e-12      -8.170422482552e-12       1.260010857291e-14       3.798293588397e-15      -1.035721078115e-16       9.376092012229e-17 
 1115       1.661798301269e-10       2.257097547209e-12      -8.068044732827e-12       1.260346036290e-14       3.785099754889e-15      -1.041997909924e-16       9.197128430908e-17 
 1116       1.662957749849e-10       2.233348052348e-12      -7.964249986169e-12       1.260672490231e-14       3.771962936729e-15      -1.047675133814e-16       9.018348887177e-17 
 1117       1.664022567047e-10       2.210133180597e-12      -7.859092710220e-12       1.260989945503e-14       3.758882830119e-15      -1.052761498940e-16       8.839773274499e-17 
 1118       1.664991462148e-10       2.187461506860e-12      -7.752627795936e-12       1.261298126713e-14       3.745859126235e-15      -1.057265834790e-16       8.661421610408e-17 
 1119       1.665863137879e-10       2.165341650175e-12      -7.644910558560e-12       1.261596756681e-14       3.732891511209e-15      -1.061197051372e-16       8.483314036776e-17 
 1120       1.666636290397e-10       2.143782273804e-12      -7.535996738590e-12       1.261885556439e-14       3.719979666118e-15      -1.064564139415e-16       8.305470820066e-17 
 1121       1.667309609280e-10       2.122792085315e-12      -7.425942502744e-12       1.262164245224e-14       3.707123266970e-15      -1.067376170556e-16       8.127912351592e-17 
 1122       1.667881777508e-10       2.102379836668e-12      -7.314804444931e-12       1.262432540474e-14       3.694321984688e-15      -1.069642297537e-16       7.950659147781e-17 
 1123       1.668351471456e-10       2.082554324300e-12      -7.202639587219e-12       1.262690157827e-14       3.681575485099e-15      -1.071371754394e-16       7.773731850427e-17 
 1124       1.668717360879e-10       2.063324389210e-12      -7.089505380801e-12       1.262936811116e-14       3.668883428918e-15      -1.072573856651e-16       7.597151226951e-17 
 1125       1.668978108899e-10       2.044698917044e-12      -6.975459706969e-12       1.263172212363e-14       3.656245471735e-15      -1.073258001516e-16       7.420938170662e-17 
 1126       1.669132371993e-10       2.026686838182e-12      -6.860560878075e-12       1.263396071777e-14       3.643661264000e-15      -1.073433668070e-16       7.245113701014e-17 
 1127       1.669178799980e-10       2.009297127819e-12      -6.744867638506e-12       1.263608097751e-14       3.631130451012e-15      -1.073110417462e-16       7.069698963864e-17 
 1128       1.669116036009e-10       1.992538806054e-12      -6.628439165646e-12       1.263807996855e-14       3.618652672901e-15      -1.072297893102e-16       6.894715231733e-17 
 1129       1.668942716543e-10       1.976420937973e-12      -6.511335070852e-12       1.263995473834e-14       3.606227564618e-15      -1.071005820853e-16       6.720183904060e-17 
 1130       1.668657471353e-10       1.960952633733e-12      -6.393615400414e-12       1.264170231607e-14       3.593854755919e-15      -1.069244009223e-16       6.546126507467e-17 
 1131       1.668259260177e-10       1.946141230948e-12      -6.275338121738e-12       1.264332010635e-14       3.581533907369e-15      -1.067019012113e-16       6.372560260772e-17 
 1132       1.667748387514e-10       1.931986815946e-12      -6.156551544362e-12       1.264480707622e-14       3.569264818900e-15      -1.064324069450e-16       6.199484706775e-17 
 1133       1.667125500921e-10       1.918487631889e-12      -6.037301802933e-12       1.264616258340e-14       3.557047322628e-15      -1.061149036959e-16       6.026894908256e-17 
 1134       1.666391255539e-10       1.905641889967e-12      -5.917635363852e-12       1.264738598397e-14       3.544881246953e-15      -1.057483711703e-16       5.854785867394e-17 
 1135       1.665546314118e-10       1.893447769318e-12      -5.797599026001e-12       1.264847663229e-14       3.532766416547e-15      -1.053317831962e-16       5.683152525613e-17 
 1136       1.664591347026e-10       1.881903416938e-12      -5.677239921482e-12       1.264943388107e-14       3.520702652345e-15      -1.048641077115e-16       5.511989763419e-17 
 1137       1.663527032280e-10       1.871006947597e-12      -5.556605516346e-12       1.265025708129e-14       3.508689771534e-15      -1.043443067517e-16       5.341292400250e-17 
 1138       1.662354055553e-10       1.860756443756e-12      -5.435743611327e-12       1.265094558229e-14       3.496727587541e-15      -1.037713364382e-16       5.171055194313e-17 
 1139       1.661073110201e-10       1.851149955479e-12      -5.314702342571e-12       1.265149873168e-14       3.484815910025e-15      -1.031441469664e-16       5.001272842431e-17 
 1140       1.659684897281e-10       1.842185500347e-12      -5.193530182376e-12       1.265191587538e-14       3.472954544864e-15      -1.024616825932e-16       4.831939979882e-17 
 1141       1.658190125564e-10       1.833861063378e-12      -5.072275939918e-12       1.265219635763e-14       3.461143294147e-15      -1.017228816255e-16       4.663051180248e-17 
 1142       1.656589511562e-10       1.826174596934e-12      -4.950988761986e-12       1.265233952097e-14       3.449381956160e-15      -1.009266764081e-16       4.494600955252e-17 
 1143       1.654883779539e-10       1.819124020643e-12      -4.829718133714e-12       1.265234470623e-14       3.437670325380e-15      -1.000719933116e-16       4.326583754604e-17 
 1144       1.653073661536e-10       1.812707221307e-12      -4.708513879316e-12       1.265221125253e-14       3.426008192461e-15      -9.915775272038e-17       4.158993965843e-17 
 1145       1.651159897389e-10       1.806922052823e-12      -4.587426162815e-12       1.265193849731e-14       3.414395344225e-15      -9.818286902080e-17       3.991825914182e-17 
 1146       1.649143234743e-10       1.801766336093e-12      -4.466505488779e-12       1.265152577628e-14       3.402831563650e-15      -9.714625058906e-17       3.825073862347e-17 
 1147       1.647024429076e-10       1.797237858942e-12      -4.345802703051e-12       1.265097242346e-14       3.391316629863e-15      -9.604679977929e-17       3.658732010424e-17 
 1148       1.644804243715e-10       1.793334376030e-12      -4.225368993483e-12       1.265027777114e-14       3.379850318125e-15      -9.488341291148e-17       3.492794495701e-17 
 1149       1.642483449859e-10       1.790053608768e-12      -4.105255890668e-12       1.264944114991e-14       3.368432399823e-15      -9.365498025958e-17       3.327255392508e-17 
 1150       1.640062826592e-10       1.787393245232e-12      -3.985515268675e-12       1.264846188865e-14       3.357062642460e-15      -9.236038603943e-17       3.162108712063e-17 
 1151       1.637543160904e-10       1.785350940080e-12      -3.866199345776e-12       1.264733931450e-14       3.345740809643e-15      -9.099850839683e-17       2.997348402316e-17 
 1152       1.634925247713e-10       1.783924314464e-12      -3.747360685185e-12       1.264607275291e-14       3.334466661073e-15      -8.956821939551e-17       2.832968347789e-17 
 1153       1.632209889881e-10       1.783110955944e-12      -3.629052195788e-12       1.264466152758e-14       3.323239952534e-15      -8.806838500517e-17       2.668962369419e-17 
 1154       1.629397898231e-10       1.782908418408e-12      -3.511327132874e-12       1.264310496050e-14       3.312060435884e-15      -8.649786508945e-17       2.505324224406e-17 
 1155       1.626490091571e-10       1.783314221979e-12      -3.394239098871e-12       1.264140237195e-14       3.300927859044e-15      -8.485551339401e-17       2.342047606047e-17 
 1156       1.623487296708e-10       1.784325852937e-12      -3.277842044074e-12       1.263955308045e-14       3.289841965986e-15      -8.314017753445e-17       2.179126143589e-17 
 1157       1.620390348470e-10       1.785940763629e-12      -3.162190267382e-12       1.263755640281e-14       3.278802496724e-15      -8.135069898439e-17       2.016553402065e-17 
 1158       1.617200089723e-10       1.788156372385e-12      -3.047338417031e-12       1.263541165410e-14       3.267809187302e-15      -7.948591306347e-17       1.854322882139e-17 
 1159       1.613917371390e-10       1.790970063434e-12      -2.933341491322e-12       1.263311814767e-14       3.256861769787e-15      -7.754464892532e-17       1.692428019949e-17 
 1160       1.610543052472e-10       1.794379186815e-12      -2.820254839357e-12       1.263067519512e-14       3.245959972253e-15      -7.552572954560e-17       1.530862186951e-17 
 1161       1.607078000064e-10       1.798381058298e-12      -2.708134161771e-12       1.262808210631e-14       3.235103518775e-15      -7.342797171003e-17       1.369618689761e-17 
 1162       1.603523089376e-10       1.802972959292e-12      -2.597035511465e-12       1.262533818937e-14       3.224292129418e-15      -7.125018600236e-17       1.208690769999e-17 
 1163       1.599879203750e-10       1.808152136763e-12      -2.487015294338e-12       1.262244275068e-14       3.213525520224e-15      -6.899117679240e-17       1.048071604128e-17 
 1164       1.596147234679e-10       1.813915803149e-12      -2.378130270020e-12       1.261939509487e-14       3.202803403203e-15      -6.664974222402e-17       8.877543033034e-18 
 1165       1.592328081831e-10       1.820261136275e-12      -2.270437552603e-12       1.261619452485e-14       3.192125486323e-15      -6.422467420319e-17       7.277319132111e-18 
 1166       1.588422653058e-10       1.827185279264e-12      -2.163994611378e-12       1.261284034174e-14       3.181491473500e-15      -6.171475838594e-17       5.679974139122e-18 
 1167       1.584431864423e-10       1.834685340458e-12      -2.058859271563e-12       1.260933184494e-14       3.170901064584e-15      -5.911877416641e-17       4.085437196860e-18 
 1168       1.580356640218e-10       1.842758393326e-12      -1.955089715037e-12       1.260566833208e-14       3.160353955352e-15      -5.643549466486e-17       2.493636788728e-18 
 1169       1.576197912977e-10       1.851401476383e-12      -1.852744481074e-12       1.260184909905e-14       3.149849837498e-15      -5.366368671566e-17       9.045007371691e-19 
 1170       1.571956623503e-10       1.860611593104e-12      -1.751882467073e-12       1.259787343997e-14       3.139388398619e-15      -5.080211085530e-17      -6.820437979048e-19 
 1171       1.567633843640e-10       1.870384731524e-12      -1.652556253855e-12       1.259374097988e-14       3.128969354625e-15      -4.785012911859e-17      -2.265981903015e-18 
 1172       1.563231146246e-10       1.880712909820e-12      -1.554791988856e-12       1.258945267733e-14       3.118592547420e-15      -4.480953675603e-17      -3.846944451590e-18 
 1173       1.558750239881e-10       1.891587093685e-12      -1.458609253310e-12       1.258500983428e-14       3.108257848421e-15      -4.168275335458e-17      -5.424471240883e-18 
 1174       1.554192846488e-10       1.902998173127e-12      -1.364027715057e-12       1.258041376463e-14       3.097965126239e-15      -3.847221714421e-17      -6.998099101844e-18 
 1175       1.549560701431e-10       1.914936962298e-12      -1.271067128698e-12       1.257566579418e-14       3.087714246672e-15      -3.518038503903e-17      -8.567361892951e-18 
 1176       1.544855553518e-10       1.927394199322e-12      -1.179747335739e-12       1.257076726073e-14       3.077505072700e-15      -3.180973267849e-17      -1.013179049406e-17 
 1177       1.540079165034e-10       1.940360546125e-12      -1.090088264746e-12       1.256571951405e-14       3.067337464476e-15      -2.836275446846e-17      -1.169091280023e-17 
 1178       1.535233311769e-10       1.953826588263e-12      -1.002109931487e-12       1.256052391595e-14       3.057211279316e-15      -2.484196362246e-17      -1.324425371558e-17 
 1179       1.530319783050e-10       1.967782834753e-12      -9.158324390871e-13       1.255518184026e-14       3.047126371696e-15      -2.124989220277e-17      -1.479133514711e-17 
 1180       1.525340381766e-10       1.982219717899e-12      -8.312759781734e-13       1.254969467291e-14       3.037082593238e-15      -1.758909116161e-17      -1.633167599856e-17 
 1181       1.520296924405e-10       1.997127593124e-12      -7.484608270256e-13       1.254406381190e-14       3.027079792709e-15      -1.386213038227e-17      -1.786479216422e-17 
 1182       1.515191241075e-10       2.012496738795e-12      -6.674073517247e-13       1.253829066740e-14       3.017117816010e-15      -1.007159872029e-17      -1.939019652279e-17 
 1183       1.510025175540e-10       2.028317356058e-12      -5.881360063021e-13       1.253237666170e-14       3.007196506167e-15      -6.220104044614e-18      -2.090739893125e-17 
 1184       1.504800585245e-10       2.044579568662e-12      -5.106673328880e-13       1.252632322927e-14       2.997315703326e-15      -2.310273278716e-18      -2.241590621861e-17 
 1185       1.499519341352e-10       2.061273422788e-12      -4.350219618611e-13       1.252013181681e-14       2.987475244744e-15       1.655247558213e-18      -2.391522217984e-17 
 1186       1.494183328761e-10       2.078388886882e-12      -3.612206119970e-13       1.251380388324e-14       2.977674964782e-15       5.673793310120e-18      -2.540484756968e-17 
 1187       1.488794446147e-10       2.095915851479e-12      -2.892840906173e-13       1.250734089975e-14       2.967914694896e-15       9.742679642939e-18      -2.688428009644e-17 
 1188       1.483354605985e-10       2.113844129036e-12      -2.192332937387e-13       1.250074434982e-14       2.958194263631e-15       1.385920300343e-17      -2.835301441589e-17 
 1189       1.477865734582e-10       2.132163453760e-12      -1.510892062218e-13       1.249401572923e-14       2.948513496613e-15       1.802064057803e-17      -2.981054212510e-17 
 1190       1.472329772107e-10       2.150863481434e-12      -8.487290191992e-14       1.248715654612e-14       2.938872216540e-15       2.222425025170e-17      -3.125635175623e-17 
 1191       1.466748672617e-10       2.169933789252e-12      -2.060554382847e-14       1.248016832100e-14       2.929270243175e-15       2.646727056674e-17      -3.268992877041e-17 
 1192       1.461124404092e-10       2.189363875639e-12       4.169161576653e-14       1.247305258677e-14       2.919707393340e-15       3.074692068168e-17      -3.411075555156e-17 
 1193       1.455458948457e-10       2.209143160092e-12       1.019972351393e-13       1.246581088875e-14       2.910183480905e-15       3.506040033010e-17      -3.551831140027e-17 
 1194       1.449754301622e-10       2.229260982996e-12       1.602898829753e-13       1.245844478472e-14       2.900698316783e-15       3.940488977947e-17      -3.691207252756e-17 
 1195       1.444012473501e-10       2.249706605464e-12       2.165480382224e-13       1.245095584493e-14       2.891251708922e-15       4.377754979000e-17      -3.829151204881e-17 
 1196       1.438235488050e-10       2.270469209159e-12       2.707500899420e-13       1.244334565215e-14       2.881843462296e-15       4.817552157350e-17      -3.965609997752e-17 
 1197       1.432425383290e-10       2.291537896126e-12       3.228743371599e-13       1.243561580167e-14       2.872473378900e-15       5.259592675220e-17      -4.100530321921e-17 
 1198       1.426584211342e-10       2.312901688619e-12       3.728989887172e-13       1.242776790133e-14       2.863141257738e-15       5.703586731760e-17      -4.233858556521e-17 
 1199       1.420714038452e-10       2.334549528933e-12       4.208021631218e-13       1.241980357158e-14       2.853846894818e-15       6.149242558935e-17      -4.365540768654e-17 
 1200       1.414816945024e-10       2.356470279231e-12       4.665618883993e-13       1.241172444547e-14       2.844590083147e-15       6.596266417402e-17      -4.495522712773e-17 
 1201       1.408895025649e-10       2.378652721372e-12       5.101561019436e-13       1.240353216867e-14       2.835370612718e-15       7.044362592403e-17      -4.623749830066e-17 
 1202       1.402950389133e-10       2.401085556741e-12       5.515626503687e-13       1.239522839956e-14       2.826188270505e-15       7.493233389644e-17      -4.750167247838e-17 
 1203       1.396985158527e-10       2.423757406081e-12       5.907592893591e-13       1.238681480917e-14       2.817042840455e-15       7.942579131182e-17      -4.874719778901e-17 
 1204       1.391001471159e-10       2.446656809316e-12       6.277236835213e-13       1.237829308128e-14       2.807934103482e-15       8.392098151305e-17      -4.997351920950e-17 
 1205       1.385001478659e-10       2.469772225385e-12       6.624334062344e-13       1.236966491241e-14       2.798861837456e-15       8.841486792425e-17      -5.118007855953e-17 
 1206       1.378987346994e-10       2.493092032067e-12       6.948659395018e-13       1.236093201185e-14       2.789825817198e-15       9.290439400953e-17      -5.236631449532e-17 
 1207       1.372961256493e-10       2.516604525815e-12       7.249986738014e-13       1.235209610169e-14       2.780825814472e-15       9.738648323191e-17      -5.353166250347e-17 
 1208       1.366925401879e-10       2.540297921580e-12       7.528089079376e-13       1.234315891686e-14       2.771861597975e-15       1.018580390121e-16      -5.467555489481e-17 
 1209       1.360881992300e-10       2.564160352643e-12       7.782738488913e-13       1.233412220514e-14       2.762932933333e-15       1.063159446874e-16      -5.579742079823e-17 
 1210       1.354833251354e-10       2.588179870443e-12       8.013706116721e-13       1.232498772718e-14       2.754039583090e-15       1.107570634706e-16      -5.689668615454e-17 
 1211       1.348781297658e-10       2.612344789198e-12       8.220825736020e-13       1.231575733344e-14       2.745181329686e-15       1.151787080286e-16      -5.797293542931e-17 
 1212       1.342727784912e-10       2.636644724673e-12       8.404185214245e-13       1.230643319583e-14       2.736358044710e-15       1.195800555063e-16      -5.902639890050e-17 
 1213       1.336674257547e-10       2.661069567609e-12       8.563937350113e-13       1.229701757889e-14       2.727569620464e-15       1.239607495009e-16      -6.005747124033e-17 
 1214       1.330622269816e-10       2.685609139931e-12       8.700236542623e-13       1.228751276323e-14       2.718815947055e-15       1.283204319881e-16      -6.106655033676e-17 
 1215       1.324573385817e-10       2.710253194596e-12       8.813238794760e-13       1.227792104551e-14       2.710096912386e-15       1.326587433199e-16      -6.205403730062e-17 
 1216       1.318529179506e-10       2.734991415458e-12       8.903101717207e-13       1.226824473853e-14       2.701412402151e-15       1.369753222211e-16      -6.302033647261e-17 
 1217       1.312491234723e-10       2.759813417124e-12       8.969984532041e-13       1.225848617121e-14       2.692762299828e-15       1.412698057872e-16      -6.396585543041e-17 
 1218       1.306461145209e-10       2.784708744806e-12       9.014048076450e-13       1.224864768869e-14       2.684146486675e-15       1.455418294813e-16      -6.489100499570e-17 
 1219       1.300440514627e-10       2.809666874183e-12       9.035454806428e-13       1.223873165227e-14       2.675564841723e-15       1.497910271315e-16      -6.579619924125e-17 
 1220       1.294430956580e-10       2.834677211260e-12       9.034368800488e-13       1.222874043953e-14       2.667017241771e-15       1.540170309279e-16      -6.668185549797e-17 
 1221       1.288434094633e-10       2.859729092217e-12       9.010955763367e-13       1.221867644433e-14       2.658503561380e-15       1.582194714202e-16      -6.754839436195e-17 
 1222       1.282451562331e-10       2.884811783274e-12       8.965383029728e-13       1.220854207683e-14       2.650023672866e-15       1.623979775145e-16      -6.839623970157e-17 
 1223       1.276485003221e-10       2.909914480547e-12       8.897819567869e-13       1.219833976354e-14       2.641577446296e-15       1.665521764710e-16      -6.922581866453e-17 
 1224       1.270536070869e-10       2.935026309900e-12       8.808435983429e-13       1.218807194734e-14       2.633164749483e-15       1.706816939008e-16      -7.003756168490e-17 
 1225       1.264606428882e-10       2.960136326808e-12       8.697404523092e-13       1.217774108755e-14       2.624785447975e-15       1.747861537637e-16      -7.083190249021e-17 
 1226       1.258697750927e-10       2.985233516213e-12       8.564899078294e-13       1.216734965990e-14       2.616439405055e-15       1.788651783647e-16      -7.160927810849e-17 
 1227       1.252811720750e-10       3.010306792377e-12       8.411095188928e-13       1.215690015663e-14       2.608126481734e-15       1.829183883519e-16      -7.237012887533e-17 
 1228       1.246950032200e-10       3.035344998745e-12       8.236170047052e-13       1.214639508647e-14       2.599846536742e-15       1.869454027133e-16      -7.311489844098e-17 
 1229       1.241114389241e-10       3.060336907798e-12       8.040302500590e-13       1.213583697470e-14       2.591599426526e-15       1.909458387746e-16      -7.384403377734e-17 
 1230       1.235306505980e-10       3.085271220913e-12       7.823673057043e-13       1.212522836319e-14       2.583385005242e-15       1.949193121955e-16      -7.455798518509e-17 
 1231       1.229528106682e-10       3.110136568217e-12       7.586463887192e-13       1.211457181041e-14       2.575203124751e-15       1.988654369680e-16      -7.525720630071e-17 
 1232       1.223780925791e-10       3.134921508448e-12       7.328858828806e-13       1.210386989147e-14       2.567053634610e-15       2.027838254128e-16      -7.594215410356e-17 
 1233       1.218066707950e-10       3.159614528809e-12       7.051043390344e-13       1.209312519819e-14       2.558936382070e-15       2.066740881771e-16      -7.661328892293e-17 
 1234       1.212387208020e-10       3.184204044826e-12       6.753204754665e-13       1.208234033906e-14       2.550851212068e-15       2.105358342315e-16      -7.727107444511e-17 
 1235       1.206744191102e-10       3.208678400206e-12       6.435531782730e-13       1.207151793933e-14       2.542797967222e-15       2.143686708675e-16      -7.791597772044e-17 
 1236       1.201139432554e-10       3.233025866695e-12       6.098215017311e-13       1.206066064105e-14       2.534776487824e-15       2.181722036943e-16      -7.854846917039e-17 
 1237       1.195574718014e-10       3.257234643931e-12       5.741446686696e-13       1.204977110305e-14       2.526786611835e-15       2.219460366368e-16      -7.916902259459e-17 
 1238       1.190051843416e-10       3.281292859306e-12       5.365420708392e-13       1.203885200103e-14       2.518828174881e-15       2.256897719320e-16      -7.977811517794e-17 
 1239       1.184572615012e-10       3.305188567822e-12       4.970332692836e-13       1.202790602754e-14       2.510901010244e-15       2.294030101269e-16      -8.037622749761e-17 
 1240       1.179138849393e-10       3.328909751945e-12       4.556379947097e-13       1.201693589207e-14       2.503004948858e-15       2.330853500751e-16      -8.096384353016e-17 
 1241       1.173752373507e-10       3.352444321466e-12       4.123761478581e-13       1.200594432104e-14       2.495139819303e-15       2.367363889348e-16      -8.154145065855e-17 
 1242       1.168415024679e-10       3.375780113356e-12       3.672677998740e-13       1.199493405784e-14       2.487305447800e-15       2.403557221655e-16      -8.210953967924e-17 
 1243       1.163128650631e-10       3.398904891626e-12       3.203331926777e-13       1.198390786289e-14       2.479501658203e-15       2.439429435253e-16      -8.266860480922e-17 
 1244       1.157895109502e-10       3.421806347179e-12       2.715927393349e-13       1.197286851365e-14       2.471728271995e-15       2.474976450682e-16      -8.321914369312e-17 
 1245       1.152716269869e-10       3.444472097672e-12       2.210670244278e-13       1.196181880463e-14       2.463985108281e-15       2.510194171417e-16      -8.376165741019e-17 
 1246       1.147594010763e-10       3.466889687371e-12       1.687768044250e-13       1.195076154750e-14       2.456271983786e-15       2.545078483832e-16      -8.429665048146e-17 
 1247       1.142530221694e-10       3.489046587009e-12       1.147430080527e-13       1.193969957102e-14       2.448588712841e-15       2.579625257183e-16      -8.482463087672e-17 
 1248       1.137526802668e-10       3.510930193643e-12       5.898673666506e-14       1.192863572117e-14       2.440935107388e-15       2.613830343569e-16      -8.534611002160e-17 
 1249       1.132585664205e-10       3.532527830509e-12       1.529264614590e-15       1.191757286113e-14       2.433310976963e-15       2.647689577916e-16      -8.586160280469e-17 
 1250       1.127708727362e-10       3.553826746883e-12      -5.760796037700e-14       1.190651387131e-14       2.425716128701e-15       2.681198777939e-16      -8.637162758449e-17 
 1251       1.122897677372e-10       3.574815436321e-12      -1.184009412586e-13       1.189546145479e-14       2.418150385296e-15       2.714357282420e-16      -8.687656935769e-17 
 1252       1.118153221361e-10       3.595487608531e-12      -1.808159741265e-13       1.188441755104e-14       2.410613639149e-15       2.747178611327e-16      -8.737626749929e-17 
 1253       1.113475821997e-10       3.615838263634e-12      -2.448167213707e-13       1.187338391541e-14       2.403105798846e-15       2.779679930205e-16      -8.787042321894e-17 
 1254       1.108865943082e-10       3.635862377943e-12      -3.103665791251e-13       1.186236231314e-14       2.395626771233e-15       2.811878523427e-16      -8.835873595944e-17 
 1255       1.104324049555e-10       3.655554903921e-12      -3.774286767152e-13       1.185135451937e-14       2.388176461417e-15       2.843791794433e-16      -8.884090339326e-17 
 1256       1.099850607491e-10       3.674910770144e-12      -4.459658761053e-13       1.184036231917e-14       2.380754772754e-15       2.875437265974e-16      -8.931662141919e-17 
 1257       1.095446084104e-10       3.693924881256e-12      -5.159407713460e-13       1.182938750754e-14       2.373361606853e-15       2.906832580357e-16      -8.978558415886e-17 
 1258       1.091110947748e-10       3.712592117926e-12      -5.873156880215e-13       1.181843188948e-14       2.365996863564e-15       2.937995499689e-16      -9.024748395332e-17 
 1259       1.086845667914e-10       3.730907336808e-12      -6.600526826972e-13       1.180749727992e-14       2.358660440980e-15       2.968943906118e-16      -9.070201135966e-17 
 1260       1.082650715238e-10       3.748865370499e-12      -7.341135423670e-13       1.179658550384e-14       2.351352235428e-15       2.999695802077e-16      -9.114885514754e-17 
 1261       1.078526561494e-10       3.766461027497e-12      -8.094597839007e-13       1.178569839620e-14       2.344072141467e-15       3.030269310532e-16      -9.158770229579e-17 
 1262       1.074473679602e-10       3.783689092160e-12      -8.860526534915e-13       1.177483780200e-14       2.336820051882e-15       3.060682675217e-16      -9.201823798899e-17 
 1263       1.070492543623e-10       3.800544324662e-12      -9.638531261033e-13       1.176400557632e-14       2.329595857681e-15       3.090954260886e-16      -9.244014561404e-17 
 1264       1.066583628765e-10       3.817021460953e-12      -1.042821904918e-12       1.175320358428e-14       2.322399448090e-15       3.121102553551e-16      -9.285310675673e-17 
 1265       1.062747411380e-10       3.833115212718e-12      -1.122919420783e-12       1.174243370112e-14       2.315230710549e-15       3.151146160728e-16      -9.325680119832e-17 
 1266       1.058984368969e-10       3.848820267331e-12      -1.204105831660e-12       1.173169781215e-14       2.308089530705e-15       3.181103811679e-16      -9.365090691214e-17 
 1267       1.055294980177e-10       3.864131287818e-12      -1.286341022069e-12       1.172099781286e-14       2.300975792412e-15       3.210994357657e-16      -9.403510006014e-17 
 1268       1.051679724802e-10       3.879042912814e-12      -1.369584602539e-12       1.171033560884e-14       2.293889377725e-15       3.240836772149e-16      -9.440905498946e-17 
 1269       1.048139083787e-10       3.893549756519e-12      -1.453795909055e-12       1.169971311587e-14       2.286830166891e-15       3.270650151118e-16      -9.477244422905e-17 
 1270       1.044673539228e-10       3.907646408658e-12      -1.538934002502e-12       1.168913225990e-14       2.279798038353e-15       3.300453713249e-16      -9.512493848620e-17 
 1271       1.041283574372e-10       3.921327434439e-12      -1.624957668117e-12       1.167859497709e-14       2.272792868738e-15       3.330266800192e-16      -9.546620664315e-17 
 1272       1.037969673619e-10       3.934587374510e-12      -1.711825414935e-12       1.166810321380e-14       2.265814532858e-15       3.360108876801e-16      -9.579591575363e-17 
 1273       1.034732322520e-10       3.947420744920e-12      -1.799495475235e-12       1.165765892666e-14       2.258862903700e-15       3.389999531387e-16      -9.611373103950e-17 
 1274       1.031572007782e-10       3.959822037075e-12      -1.887925803988e-12       1.164726408253e-14       2.251937852428e-15       3.419958475950e-16      -9.641931588726e-17 
 1275       1.028489217266e-10       3.971785717694e-12      -1.977074078305e-12       1.163692065855e-14       2.245039248375e-15       3.450005546432e-16      -9.671233184466e-17 
 1276       1.025484439992e-10       3.983306228773e-12      -2.066897696884e-12       1.162663064215e-14       2.238166959036e-15       3.480160702956e-16      -9.699243861726e-17 
 1277       1.022558166134e-10       3.994377987538e-12      -2.157353779457e-12       1.161639603109e-14       2.231320850069e-15       3.510444030069e-16      -9.725929406506e-17 
 1278       1.019710887024e-10       4.004995386406e-12      -2.248399166239e-12       1.160621883344e-14       2.224500785289e-15       3.540875736987e-16      -9.751255419898e-17 
 1279       1.016943095155e-10       4.015152792941e-12      -2.339990417375e-12       1.159610106761e-14       2.217706626662e-15       3.571476157840e-16      -9.775187317754e-17 
 1280       1.014255284178e-10       4.024844549815e-12      -2.432083812384e-12       1.158604476240e-14       2.210938234299e-15       3.602265751912e-16      -9.797690330338e-17 
 1281       1.011647948906e-10       4.034064974764e-12      -2.524635349611e-12       1.157605195698e-14       2.204195466456e-15       3.633265103887e-16      -9.818729501982e-17 
 1282       1.009121585313e-10       4.042808360545e-12      -2.617600745672e-12       1.156612470092e-14       2.197478179528e-15       3.664494924089e-16      -9.838269690749e-17 
 1283       1.006676690537e-10       4.051068974900e-12      -2.710935434904e-12       1.155626505423e-14       2.190786228043e-15       3.695976048733e-16      -9.856275568088e-17 
 1284       1.004313762878e-10       4.058841060506e-12      -2.804594568806e-12       1.154647508733e-14       2.184119464659e-15       3.727729440161e-16      -9.872711618492e-17 
 1285       1.002033301802e-10       4.066118834940e-12      -2.898533015496e-12       1.153675688113e-14       2.177477740158e-15       3.759776187087e-16      -9.887542139155e-17 
 1286       9.998358079400e-11       4.072896490634e-12      -2.992705359150e-12       1.152711252698e-14       2.170860903445e-15       3.792137504843e-16      -9.900731239629e-17 
 1287       9.977217830892e-11       4.079168194832e-12      -3.087065899452e-12       1.151754412676e-14       2.164268801540e-15       3.824834735622e-16      -9.912242841486e-17 
 1288       9.956917302148e-11       4.084928089553e-12      -3.181568651044e-12       1.150805379284e-14       2.157701279576e-15       3.857889348719e-16      -9.922040677970e-17 
 1289       9.937461534502e-11       4.090170291542e-12      -3.276167342972e-12       1.149864364812e-14       2.151158180791e-15       3.891322940778e-16      -9.930088293658e-17 
 1290       9.918855580983e-11       4.094888892237e-12      -3.370815418130e-12       1.148931582607e-14       2.144639346529e-15       3.925157236031e-16      -9.936349044118e-17 
 1291       9.901102448029e-11       4.099079364286e-12      -3.465468443432e-12       1.148007215602e-14       2.138144631518e-15       3.959404522048e-16      -9.940798832649e-17 
 1292       9.884196895113e-11       4.102742798639e-12      -3.560091371296e-12       1.147091321522e-14       2.131673949917e-15       3.994038837946e-16      -9.943464479044e-17 
 1293       9.868131564919e-11       4.105881715364e-12      -3.654651359290e-12       1.146183926609e-14       2.125227229786e-15       4.029024460373e-16      -9.944385784663e-17 
 1294       9.852899035129e-11       4.108498661484e-12      -3.749115366500e-12       1.145285056995e-14       2.118804397835e-15       4.064325437971e-16      -9.943602835339e-17 
 1295       9.838491818280e-11       4.110596211044e-12      -3.843450153147e-12       1.144394738700e-14       2.112405379431e-15       4.099905590922e-16      -9.941156001955e-17 
 1296       9.824902361629e-11       4.112176965166e-12      -3.937622280209e-12       1.143512997633e-14       2.106030098588e-15       4.135728510509e-16      -9.937085941015e-17 
 1297       9.812123047013e-11       4.113243552109e-12      -4.031598109040e-12       1.142639859589e-14       2.099678477964e-15       4.171757558669e-16      -9.931433595224e-17 
 1298       9.800146190710e-11       4.113798627329e-12      -4.125343800995e-12       1.141775350253e-14       2.093350438862e-15       4.207955867550e-16      -9.924240194053e-17 
 1299       9.788964043300e-11       4.113844873541e-12      -4.218825317046e-12       1.140919495195e-14       2.087045901221e-15       4.244286339065e-16      -9.915547254320e-17 
 1300       9.778568789531e-11       4.113385000771e-12      -4.312008417406e-12       1.140072319871e-14       2.080764783616e-15       4.280711644449e-16      -9.905396580763e-17 
 1301       9.768952548172e-11       4.112421746425e-12      -4.404858661149e-12       1.139233849626e-14       2.074507003256e-15       4.317194223811e-16      -9.893830266613e-17 
 1302       9.760107371881e-11       4.110957875340e-12      -4.497341405831e-12       1.138404109688e-14       2.068272475977e-15       4.353696285695e-16      -9.880890694166e-17 
 1303       9.752025247066e-11       4.108996179849e-12      -4.589421807111e-12       1.137583125171e-14       2.062061116241e-15       4.390179806629e-16      -9.866620535361e-17 
 1304       9.744698093743e-11       4.106539479835e-12      -4.681064818371e-12       1.136770921074e-14       2.055872837133e-15       4.426606530685e-16      -9.851062752352e-17 
 1305       9.738117765399e-11       4.103590622799e-12      -4.772235190336e-12       1.135967522279e-14       2.049707550356e-15       4.462937969033e-16      -9.834260598082e-17 
 1306       9.732276048855e-11       4.100152483909e-12      -4.862897470699e-12       1.135172953554e-14       2.043565166227e-15       4.499135399496e-16      -9.816257616857e-17 
 1307       9.727164664125e-11       4.096227966066e-12      -4.953016003737e-12       1.134387239550e-14       2.037445593679e-15       4.535159866106e-16      -9.797097644922e-17 
 1308       9.722775264279e-11       4.091819999963e-12      -5.042554929935e-12       1.133610404799e-14       2.031348740251e-15       4.570972178659e-16      -9.776824811033e-17 
 1309       9.719099435303e-11       4.086931544141e-12      -5.131478185604e-12       1.132842473719e-14       2.025274512089e-15       4.606532912269e-16      -9.755483537030e-17 
 1310       9.716128695961e-11       4.081565585052e-12      -5.219749502507e-12       1.132083470607e-14       2.019222813940e-15       4.641802406927e-16      -9.733118538413e-17 
 1311       9.713854497659e-11       4.075725137116e-12      -5.307332407472e-12       1.131333419644e-14       2.013193549150e-15       4.676740767053e-16      -9.709774824918e-17 
 1312       9.712268224300e-11       4.069413242782e-12      -5.394190222021e-12       1.130592344892e-14       2.007186619663e-15       4.711307861053e-16      -9.685497701086e-17 
 1313       9.711361192154e-11       4.062632972586e-12      -5.480286061986e-12       1.129860270293e-14       2.001201926013e-15       4.745463320873e-16      -9.660332766842e-17 
 1314       9.711124649710e-11       4.055387425211e-12      -5.565582837130e-12       1.129137219669e-14       1.995239367324e-15       4.779166541558e-16      -9.634325918064e-17 
 1315       9.711549777546e-11       4.047679727546e-12      -5.650043250770e-12       1.128423216725e-14       1.989298841304e-15       4.812376680801e-16      -9.607523347163e-17 
 1316       9.712627688184e-11       4.039513034747e-12      -5.733629799396e-12       1.127718285043e-14       1.983380244246e-15       4.845052658506e-16      -9.579971543652e-17 
 1317       9.714349425955e-11       4.030890530295e-12      -5.816304772292e-12       1.127022448084e-14       1.977483471021e-15       4.877153156337e-16      -9.551717294723e-17 
 1318       9.716705966860e-11       4.021815426052e-12      -5.898030251160e-12       1.126335729190e-14       1.971608415074e-15       4.908636617276e-16      -9.522807685819e-17 
 1319       9.719688218429e-11       4.012290962330e-12      -5.978768109734e-12       1.125658151579e-14       1.965754968426e-15       4.939461245180e-16      -9.493290101210e-17 
 1320       9.723287019585e-11       4.002320407938e-12      -6.058480013410e-12       1.124989738348e-14       1.959923021663e-15       4.969585004334e-16      -9.463212224566e-17 
 1321       9.727493140504e-11       3.991907060253e-12      -6.137127418858e-12       1.124330512472e-14       1.954112463941e-15       4.998965619006e-16      -9.432622039532e-17 
 1322       9.732297282478e-11       3.981054245269e-12      -6.214671573648e-12       1.123680496803e-14       1.948323182974e-15       5.027560573005e-16      -9.401567830300e-17 
 1323       9.737690077774e-11       3.969765317665e-12      -6.291073515870e-12       1.123039714068e-14       1.942555065040e-15       5.055327109234e-16      -9.370098182185e-17 
 1324       9.743662089498e-11       3.958043660859e-12      -6.366294073754e-12       1.122408186872e-14       1.936807994968e-15       5.082222229247e-16      -9.338261982199e-17 
 1325       9.750203811453e-11       3.945892687071e-12      -6.440293865293e-12       1.121785937695e-14       1.931081856143e-15       5.108202692803e-16      -9.306108419622e-17 
 1326       9.757305668005e-11       3.933315837377e-12      -6.513033297858e-12       1.121172988892e-14       1.925376530498e-15       5.133225017421e-16      -9.273686986582e-17 
 1327       9.764958013940e-11       3.920316581775e-12      -6.584472567828e-12       1.120569362694e-14       1.919691898511e-15       5.157245477939e-16      -9.241047478624e-17 
 1328       9.773151134327e-11       3.906898419240e-12      -6.654571660203e-12       1.119975081206e-14       1.914027839205e-15       5.180220106066e-16      -9.208239995285e-17 
 1329       9.781875244380e-11       3.893064877785e-12      -6.723290348227e-12       1.119390166406e-14       1.908384230139e-15       5.202104689936e-16      -9.175314940670e-17 
 1330       9.791120489321e-11       3.878819514519e-12      -6.790588193012e-12       1.118814640147e-14       1.902760947410e-15       5.222854773669e-16      -9.142323024024e-17 
 1331       9.800876428498e-11       3.864166578127e-12      -6.856429643465e-12       1.118248501061e-14       1.897157876966e-15       5.242438741960e-16      -9.109302130940e-17 
 1332       9.811130481840e-11       3.849113004146e-12      -6.920799398147e-12       1.117691654997e-14       1.891574948688e-15       5.260877232046e-16      -9.076237778005e-17 
 1333       9.821869466060e-11       3.833666441722e-12      -6.983687211420e-12       1.117143983817e-14       1.886012102677e-15       5.278204153815e-16      -9.043102224874e-17 
 1334       9.833080108677e-11       3.817834593290e-12      -7.045082808410e-12       1.116605368423e-14       1.880469277964e-15       5.294453644486e-16      -9.009867563909e-17 
 1335       9.844749047840e-11       3.801625214674e-12      -7.104975884975e-12       1.116075688748e-14       1.874946412510e-15       5.309660069051e-16      -8.976505719864e-17 
 1336       9.856862832153e-11       3.785046115193e-12      -7.163356107668e-12       1.115554823761e-14       1.869443443205e-15       5.323858020714e-16      -8.942988449572e-17 
 1337       9.869407920505e-11       3.768105157764e-12      -7.220213113709e-12       1.115042651460e-14       1.863960305859e-15       5.337082321333e-16      -8.909287341627e-17 
 1338       9.882370681892e-11       3.750810259009e-12      -7.275536510945e-12       1.114539048873e-14       1.858496935208e-15       5.349368021865e-16      -8.875373816074e-17 
 1339       9.895737395248e-11       3.733169389354e-12      -7.329315877819e-12       1.114043892054e-14       1.853053264904e-15       5.360750402799e-16      -8.841219124091e-17 
 1340       9.909494249269e-11       3.715190573139e-12      -7.381540763337e-12       1.113557056083e-14       1.847629227517e-15       5.371264974606e-16      -8.806794347674e-17 
 1341       9.923627342239e-11       3.696881888719e-12      -7.432200687032e-12       1.113078415062e-14       1.842224754530e-15       5.380947478172e-16      -8.772070399327e-17 
 1342       9.938122681860e-11       3.678251468568e-12      -7.481285138929e-12       1.112607842114e-14       1.836839776339e-15       5.389833885245e-16      -8.737018021741e-17 
 1343       9.952966185072e-11       3.659307499385e-12      -7.528783579517e-12       1.112145209381e-14       1.831474222248e-15       5.397960398874e-16      -8.701607787483e-17 
 1344       9.968143677887e-11       3.640058222195e-12      -7.574685439706e-12       1.111690388023e-14       1.826128020466e-15       5.405363453849e-16      -8.665810098683e-17 
 1345       9.983640895210e-11       3.620511932460e-12      -7.618980120802e-12       1.111243248213e-14       1.820801098109e-15       5.412079717143e-16      -8.629595186716e-17 
 1346       9.999443480668e-11       3.600676980173e-12      -7.661656994467e-12       1.110803659139e-14       1.815493381191e-15       5.418146088353e-16      -8.592933111887e-17 
 1347       1.001553698643e-10       3.580561769973e-12      -7.702705402687e-12       1.110371488999e-14       1.810204794627e-15       5.423599700142e-16      -8.555793763121e-17 
 1348       1.003190687306e-10       3.560174761240e-12      -7.742114657740e-12       1.109946604999e-14       1.804935262226e-15       5.428477918678e-16      -8.518146857644e-17 
 1349       1.004853850929e-10       3.539524468206e-12      -7.779874042158e-12       1.109528873354e-14       1.799684706694e-15       5.432818344078e-16      -8.479961940669e-17 
 1350       1.006541717191e-10       3.518619460055e-12      -7.815972808697e-12       1.109118159282e-14       1.794453049624e-15       5.436658810845e-16      -8.441208385084e-17 
 1351       1.008252804554e-10       3.497468361030e-12      -7.850400180301e-12       1.108714327007e-14       1.789240211500e-15       5.440037388312e-16      -8.401855391134e-17 
 1352       1.009985622251e-10       3.476079850535e-12      -7.883145350069e-12       1.108317239749e-14       1.784046111692e-15       5.442992381085e-16      -8.361871986108e-17 
 1353       1.011738670261e-10       3.454462663239e-12      -7.914197481218e-12       1.107926759732e-14       1.778870668451e-15       5.445562329478e-16      -8.321227024027e-17 
 1354       1.013510439301e-10       3.432625589185e-12      -7.943545707055e-12       1.107542748175e-14       1.773713798913e-15       5.447786009959e-16      -8.279889185323e-17 
 1355       1.015299410802e-10       3.410577473886e-12      -7.971179130938e-12       1.107165065292e-14       1.768575419087e-15       5.449702435590e-16      -8.237826976531e-17 
 1356       1.017104056893e-10       3.388327218437e-12      -7.997086826243e-12       1.106793570289e-14       1.763455443863e-15       5.451350856467e-16      -8.195008729969e-17 
 1357       1.018922840385e-10       3.365883779616e-12      -8.021257836333e-12       1.106428121366e-14       1.758353787000e-15       5.452770760162e-16      -8.151402603429e-17 
 1358       1.020754214753e-10       3.343256169985e-12      -8.043681174519e-12       1.106068575708e-14       1.753270361131e-15       5.454001872164e-16      -8.106976579856e-17 
 1359       1.022596624119e-10       3.320453458000e-12      -8.064345824032e-12       1.105714789491e-14       1.748205077754e-15       5.455084156320e-16      -8.061698467038e-17 
 1360       1.024448503233e-10       3.297484768114e-12      -8.083240737984e-12       1.105366617874e-14       1.743157847234e-15       5.456057815274e-16      -8.015535897291e-17 
 1361       1.026308277458e-10       3.274359280876e-12      -8.100354839337e-12       1.105023914999e-14       1.738128578800e-15       5.456963290914e-16      -7.968456327143e-17 
 1362       1.028174362750e-10       3.251086233042e-12      -8.115677020867e-12       1.104686533990e-14       1.733117180539e-15       5.457841264805e-16      -7.920427037019e-17 
 1363       1.030045165644e-10       3.227674917675e-12      -8.129196145132e-12       1.104354326949e-14       1.728123559399e-15       5.458732658636e-16      -7.871415130927e-17 
 1364       1.031919083235e-10       3.204134684251e-12      -8.140901044438e-12       1.104027144956e-14       1.723147621180e-15       5.459678634659e-16      -7.821387536145e-17 
 1365       1.033794503157e-10       3.180474938761e-12      -8.150780520802e-12       1.103704838066e-14       1.718189270537e-15       5.460720596131e-16      -7.770311002904e-17 
 1366       1.035669803573e-10       3.156705143821e-12      -8.158823345924e-12       1.103387255307e-14       1.713248410974e-15       5.461900187752e-16      -7.718152104074e-17 
 1367       1.037543353152e-10       3.132834818767e-12      -8.165018261147e-12       1.103074244678e-14       1.708324944844e-15       5.463259296111e-16      -7.664877234850e-17 
 1368       1.039413511054e-10       3.108873539768e-12      -8.169353977425e-12       1.102765653147e-14       1.703418773343e-15       5.464840050123e-16      -7.610452612438e-17 
 1369       1.041278626911e-10       3.084830939924e-12      -8.171819175291e-12       1.102461326649e-14       1.698529796512e-15       5.466684821472e-16      -7.554844275739e-17 
 1370       1.043137040812e-10       3.060716709376e-12      -8.172402504822e-12       1.102161110085e-14       1.693657913230e-15       5.468836225051e-16      -7.498018085035e-17 
 1371       1.044987190607e-10       3.036540225329e-12      -8.171097030576e-12       1.101864845192e-14       1.688803030372e-15       5.471325098051e-16      -7.439951294103e-17 
 1372       1.046827935110e-10       3.012309437627e-12      -8.167913618350e-12       1.101572364136e-14       1.683965090376e-15       5.474134296055e-16      -7.380667402256e-17 
 1373       1.048658234314e-10       2.988031971500e-12      -8.162867691136e-12       1.101283495848e-14       1.679144043966e-15       5.477234511674e-16      -7.320201673400e-17 
 1374       1.050477042359e-10       2.963715496645e-12      -8.155974797355e-12       1.100998068139e-14       1.674339841015e-15       5.480596260539e-16      -7.258589597763e-17 
 1375       1.052283307533e-10       2.939367727303e-12      -8.147250611104e-12       1.100715907703e-14       1.669552430546e-15       5.484189880980e-16      -7.195866892313e-17 
 1376       1.054075972255e-10       2.914996422343e-12      -8.136710932408e-12       1.100436840112e-14       1.664781760730e-15       5.487985533693e-16      -7.132069501182e-17 
 1377       1.055853973063e-10       2.890609385338e-12      -8.124371687468e-12       1.100160689814e-14       1.660027778882e-15       5.491953201420e-16      -7.067233596092e-17 
 1378       1.057616240610e-10       2.866214464651e-12      -8.110248928911e-12       1.099887280129e-14       1.655290431461e-15       5.496062688620e-16      -7.001395576777e-17 
 1379       1.059361699649e-10       2.841819553511e-12      -8.094358836039e-12       1.099616433251e-14       1.650569664067e-15       5.500283621144e-16      -6.934592071405e-17 
 1380       1.061089269022e-10       2.817432590098e-12      -8.076717715082e-12       1.099347970245e-14       1.645865421440e-15       5.504585445910e-16      -6.866859937007e-17 
 1381       1.062797861651e-10       2.793061557617e-12      -8.057341999442e-12       1.099081711039e-14       1.641177647456e-15       5.508937430576e-16      -6.798236259896e-17 
 1382       1.064486384529e-10       2.768714484388e-12      -8.036248249947e-12       1.098817474432e-14       1.636506285129e-15       5.513308663215e-16      -6.728758356089e-17 
 1383       1.066153738706e-10       2.744399443916e-12      -8.013453155100e-12       1.098555078082e-14       1.631851276603e-15       5.517668051986e-16      -6.658463771739e-17 
 1384       1.067798819281e-10       2.720124554981e-12      -7.988973531327e-12       1.098294338511e-14       1.627212563157e-15       5.521984324814e-16      -6.587390283548e-17 
 1385       1.069420515391e-10       2.695897981713e-12      -7.962826323228e-12       1.098035071100e-14       1.622590085197e-15       5.526226029060e-16      -6.515575899199e-17 
 1386       1.071017710201e-10       2.671727933673e-12      -7.935028603827e-12       1.097777090084e-14       1.617983782257e-15       5.530361531197e-16      -6.443058857775e-17 
 1387       1.072589280890e-10       2.647622665937e-12      -7.905597574818e-12       1.097520208556e-14       1.613393592999e-15       5.534359016480e-16      -6.369877630186e-17 
 1388       1.074134098647e-10       2.623590479173e-12      -7.874550566822e-12       1.097264238461e-14       1.608819455205e-15       5.538186488628e-16      -6.296070919589e-17 
 1389       1.075651028653e-10       2.599639719724e-12      -7.841905039628e-12       1.097008990595e-14       1.604261305781e-15       5.541811769490e-16      -6.221677661814e-17 
 1390       1.077138930078e-10       2.575778779685e-12      -7.807678582449e-12       1.096754274600e-14       1.599719080752e-15       5.545202498725e-16      -6.146737025787e-17 
 1391       1.078596656065e-10       2.552016096989e-12      -7.771888914169e-12       1.096499898968e-14       1.595192715261e-15       5.548326133473e-16      -6.071288413954e-17 
 1392       1.080023053720e-10       2.528360155483e-12      -7.734553883592e-12       1.096245671033e-14       1.590682143567e-15       5.551149948029e-16      -5.995371462705e-17 
 1393       1.081416964104e-10       2.504819485012e-12      -7.695691469695e-12       1.095991396971e-14       1.586187299041e-15       5.553641033521e-16      -5.919026042797e-17 
 1394       1.082777222222e-10       2.481402661497e-12      -7.655319781874e-12       1.095736881799e-14       1.581708114169e-15       5.555766297579e-16      -5.842292259775e-17 
 1395       1.084102657012e-10       2.458118307016e-12      -7.613457060194e-12       1.095481929372e-14       1.577244520544e-15       5.557492464013e-16      -5.765210454403e-17 
 1396       1.085392091331e-10       2.434975089886e-12      -7.570121675641e-12       1.095226342378e-14       1.572796448868e-15       5.558786072484e-16      -5.687821203079e-17 
 1397       1.086644341951e-10       2.411981724742e-12      -7.525332130369e-12       1.094969922343e-14       1.568363828949e-15       5.559613478181e-16      -5.610165318265e-17 
 1398       1.087858219545e-10       2.389146972619e-12      -7.479107057952e-12       1.094712469621e-14       1.563946589700e-15       5.559940851495e-16      -5.532283848908e-17 
 1399       1.089032528675e-10       2.366479641033e-12      -7.431465223633e-12       1.094453783396e-14       1.559544659133e-15       5.559734177690e-16      -5.454218080863e-17 
 1400       1.090166067785e-10       2.343988584058e-12      -7.382425524571e-12       1.094193661680e-14       1.555157964362e-15       5.558959256580e-16      -5.376009537319e-17 
 1401       1.091257629186e-10       2.321682702411e-12      -7.332006990095e-12       1.093931901311e-14       1.550786431600e-15       5.557581702204e-16      -5.297699979220e-17 
 1402       1.092305999053e-10       2.299570943531e-12      -7.280228781951e-12       1.093668297947e-14       1.546429986155e-15       5.555566942497e-16      -5.219331405691e-17 
 1403       1.093309957404e-10       2.277662301658e-12      -7.227110194549e-12       1.093402646069e-14       1.542088552429e-15       5.552880218966e-16      -5.140946054460e-17 
 1404       1.094268278100e-10       2.255965817917e-12      -7.172670655220e-12       1.093134738976e-14       1.537762053916e-15       5.549486586365e-16      -5.062586402282e-17 
 1405       1.095179728827e-10       2.234490580394e-12      -7.116929724460e-12       1.092864368785e-14       1.533450413200e-15       5.545350912367e-16      -4.984295165364e-17 
 1406       1.096043071089e-10       2.213245724221e-12      -7.059907096179e-12       1.092591326425e-14       1.529153551955e-15       5.540437877238e-16      -4.906115299787e-17 
 1407       1.096857060196e-10       2.192240431655e-12      -7.001622597956e-12       1.092315401638e-14       1.524871390938e-15       5.534711973516e-16      -4.828090001930e-17 
 1408       1.097620445256e-10       2.171483932157e-12      -6.942096191281e-12       1.092036382979e-14       1.520603849994e-15       5.528137505679e-16      -4.750262708893e-17 
 1409       1.098331969160e-10       2.150985502476e-12      -6.881347971812e-12       1.091754057806e-14       1.516350848048e-15       5.520678589822e-16      -4.672677098923e-17 
 1410       1.098990368577e-10       2.130754466725e-12      -6.819398169621e-12       1.091468212287e-14       1.512112303106e-15       5.512299153330e-16      -4.595377091836e-17 
 1411       1.099594553096e-10       2.110799144734e-12      -6.756268472126e-12       1.091178648758e-14       1.507888139531e-15       5.502973162986e-16      -4.518397371257e-17 
 1412       1.100144144728e-10       2.091123685009e-12      -6.691986007382e-12       1.090885238009e-14       1.503678309965e-15       5.492715425913e-16      -4.441734843017e-17 
 1413       1.100638943975e-10       2.071731199107e-12      -6.626579402572e-12       1.090587867539e-14       1.499482773631e-15       5.481551107215e-16      -4.365376881782e-17 
 1414       1.101078751182e-10       2.052624810406e-12      -6.560077465400e-12       1.090286424234e-14       1.495301489073e-15       5.469505530800e-16      -4.289310782250e-17 
 1415       1.101463366538e-10       2.033807654125e-12      -6.492509184419e-12       1.089980794373e-14       1.491134414152e-15       5.456604179673e-16      -4.213523759006e-17 
 1416       1.101792590076e-10       2.015282877339e-12      -6.423903729359e-12       1.089670863616e-14       1.486981506050e-15       5.442872696224e-16      -4.138002946369e-17 
 1417       1.102066221672e-10       1.997053638996e-12      -6.354290451460e-12       1.089356517015e-14       1.482842721262e-15       5.428336882516e-16      -4.062735398249e-17 
 1418       1.102284061046e-10       1.979123109937e-12      -6.283698883799e-12       1.089037639005e-14       1.478718015600e-15       5.413022700582e-16      -3.987708087999e-17 
 1419       1.102445907763e-10       1.961494472909e-12      -6.212158741619e-12       1.088714113404e-14       1.474607344188e-15       5.396956272709e-16      -3.912907908268e-17 
 1420       1.102551561233e-10       1.944170922586e-12      -6.139699922659e-12       1.088385823415e-14       1.470510661462e-15       5.380163881730e-16      -3.838321670853e-17 
 1421       1.102600820708e-10       1.927155665585e-12      -6.066352507484e-12       1.088052651623e-14       1.466427921168e-15       5.362671971317e-16      -3.763936106551e-17 
 1422       1.102593485290e-10       1.910451920483e-12      -5.992146759813e-12       1.087714479992e-14       1.462359076359e-15       5.344507146266e-16      -3.689737865014e-17 
 1423       1.102529353922e-10       1.894062917834e-12      -5.917113126848e-12       1.087371189867e-14       1.458304079397e-15       5.325696172792e-16      -3.615713514600e-17 
 1424       1.102408225396e-10       1.877991900186e-12      -5.841282239607e-12       1.087022661974e-14       1.454262881948e-15       5.306265978816e-16      -3.541849542226e-17 
 1425       1.102229898349e-10       1.862242122100e-12      -5.764684913247e-12       1.086668776412e-14       1.450235434984e-15       5.286243654258e-16      -3.468132353224e-17 
 1426       1.101994171263e-10       1.846816850167e-12      -5.687352147398e-12       1.086309412661e-14       1.446221688777e-15       5.265656451325e-16      -3.394548271186e-17 
 1427       1.101700842469e-10       1.831719363021e-12      -5.609315126492e-12       1.085944449574e-14       1.442221592901e-15       5.244531784801e-16      -3.321083537827e-17 
 1428       1.101349710143e-10       1.816952951364e-12      -5.530605220091e-12       1.085573765380e-14       1.438235096229e-15       5.222897232340e-16      -3.247724312827e-17 
 1429       1.100940572310e-10       1.802520917976e-12      -5.451253983216e-12       1.085197237679e-14       1.434262146932e-15       5.200780534754e-16      -3.174456673695e-17 
 1430       1.100473226841e-10       1.788426577736e-12      -5.371293156678e-12       1.084814743446e-14       1.430302692477e-15       5.178209596302e-16      -3.101266615611e-17 
 1431       1.099947471455e-10       1.774673257639e-12      -5.290754667404e-12       1.084426159026e-14       1.426356679625e-15       5.155212484983e-16      -3.028140051286e-17 
 1432       1.099363103721e-10       1.761264296811e-12      -5.209670628771e-12       1.084031360133e-14       1.422424054433e-15       5.131817432827e-16      -2.955062810814e-17 
 1433       1.098719921053e-10       1.748203046529e-12      -5.128073340932e-12       1.083630221853e-14       1.418504762247e-15       5.108052836179e-16      -2.882020641521e-17 
 1434       1.098017720717e-10       1.735492870238e-12      -5.045995291147e-12       1.083222618636e-14       1.414598747704e-15       5.083947255998e-16      -2.808999207820e-17 
 1435       1.097256299825e-10       1.723137143567e-12      -4.963469154110e-12       1.082808424303e-14       1.410705954729e-15       5.059529418140e-16      -2.735984091066e-17 
 1436       1.096435455341e-10       1.711139254345e-12      -4.880527792279e-12       1.082387512037e-14       1.406826326536e-15       5.034828213652e-16      -2.662960789404e-17 
 1437       1.095554984076e-10       1.699502602623e-12      -4.797204256210e-12       1.081959754389e-14       1.402959805621e-15       5.009872699060e-16      -2.589914717628e-17 
 1438       1.094614682693e-10       1.688230600685e-12      -4.713531784879e-12       1.081525023271e-14       1.399106333768e-15       4.984692096663e-16      -2.516831207026e-17 
 1439       1.093614347703e-10       1.677326673071e-12      -4.629543806015e-12       1.081083189959e-14       1.395265852041e-15       4.959315794817e-16      -2.443695505240e-17 
 1440       1.092553775470e-10       1.666794256590e-12      -4.545273936430e-12       1.080634125091e-14       1.391438300786e-15       4.933773348233e-16      -2.370492776114e-17 
 1441       1.091432762205e-10       1.656636800341e-12      -4.460755982347e-12       1.080177698663e-14       1.387623619628e-15       4.908094478260e-16      -2.297208099550e-17 
 1442       1.090251103974e-10       1.646857765726e-12      -4.376023939730e-12       1.079713780032e-14       1.383821747470e-15       4.882309073179e-16      -2.223826471358e-17 
 1443       1.089008596692e-10       1.637460626470e-12      -4.291111994611e-12       1.079242237914e-14       1.380032622491e-15       4.856447188493e-16      -2.150332803110e-17 
 1444       1.087705036124e-10       1.628448868640e-12      -4.206054523423e-12       1.078762940380e-14       1.376256182146e-15       4.830539047217e-16      -2.076711921995e-17 
 1445       1.086340217891e-10       1.619825990657e-12      -4.120886093328e-12       1.078275754859e-14       1.372492363163e-15       4.804615040168e-16      -2.002948570666e-17 
 1446       1.084913937462e-10       1.611595503318e-12      -4.035641462544e-12       1.077780548134e-14       1.368741101540e-15       4.778705726254e-16      -1.929027407100e-17 
 1447       1.083425990160e-10       1.603760929810e-12      -3.950355580678e-12       1.077277186341e-14       1.365002332548e-15       4.752841832766e-16      -1.854933004445e-17 
 1448       1.081876171162e-10       1.596325805731e-12      -3.865063589051e-12       1.076765534972e-14       1.361275990724e-15       4.727054255670e-16      -1.780649850875e-17 
 1449       1.080264275496e-10       1.589293679104e-12      -3.779800821032e-12       1.076245458866e-14       1.357562009876e-15       4.701374059890e-16      -1.706162349443e-17 
 1450       1.078590098043e-10       1.582668110394e-12      -3.694602802363e-12       1.075716822217e-14       1.353860323072e-15       4.675832479608e-16      -1.631454817934e-17 
 1451       1.076853571014e-10       1.576451640046e-12      -3.609503177773e-12       1.075179512709e-14       1.350170868480e-15       4.650455242664e-16      -1.556518990433e-17 
 1452       1.075055177885e-10       1.570642679667e-12      -3.524527467271e-12       1.074633514218e-14       1.346493606911e-15       4.625245480616e-16      -1.481376605048e-17 
 1453       1.073195543632e-10       1.565238589542e-12      -3.439699247574e-12       1.074078834841e-14       1.342828504446e-15       4.600200647005e-16      -1.406057043566e-17 
 1454       1.071275297645e-10       1.560236708230e-12      -3.355042220327e-12       1.073515482824e-14       1.339175526617e-15       4.575318177568e-16      -1.330589850679e-17 
 1455       1.069295073735e-10       1.555634352525e-12      -3.270580212311e-12       1.072943466560e-14       1.335534638409e-15       4.550595490213e-16      -1.255004734258e-17 
 1456       1.067255510142e-10       1.551428817409e-12      -3.186337175658e-12       1.072362794587e-14       1.331905804258e-15       4.526029984977e-16      -1.179331565639e-17 
 1457       1.065157249545e-10       1.547617376019e-12      -3.102337188057e-12       1.071773475594e-14       1.328288988047e-15       4.501619044001e-16      -1.103600379897e-17 
 1458       1.063000939065e-10       1.544197279596e-12      -3.018604452974e-12       1.071175518418e-14       1.324684153109e-15       4.477360031491e-16      -1.027841376135e-17 
 1459       1.060787230281e-10       1.541165757452e-12      -2.935163299853e-12       1.070568932041e-14       1.321091262224e-15       4.453250293689e-16      -9.520849177522e-18 
 1460       1.058516779231e-10       1.538520016922e-12      -2.852038184335e-12       1.069953725597e-14       1.317510277617e-15       4.429287158837e-16      -8.763615327349e-18 
 1461       1.056190246424e-10       1.536257243325e-12      -2.769253688465e-12       1.069329908368e-14       1.313941160958e-15       4.405467937146e-16      -8.007019139301e-18 
 1462       1.053808296845e-10       1.534374599924e-12      -2.686834520904e-12       1.068697489785e-14       1.310383873359e-15       4.381789920762e-16      -7.251369193278e-18 
 1463       1.051371599968e-10       1.532869227881e-12      -2.604805517142e-12       1.068056479429e-14       1.306838375376e-15       4.358250383733e-16      -6.496975723407e-18 
 1464       1.048880829759e-10       1.531738246220e-12      -2.523191639705e-12       1.067406887029e-14       1.303304627005e-15       4.334846581976e-16      -5.744150620842e-18 
 1465       1.046336664688e-10       1.530978751778e-12      -2.442017978373e-12       1.066748722468e-14       1.299782587681e-15       4.311575753243e-16      -4.993207436564e-18 
 1466       1.043739787734e-10       1.530587819174e-12      -2.361309750384e-12       1.066081995776e-14       1.296272216279e-15       4.288435117092e-16      -4.244461384185e-18 
 1467       1.041090886396e-10       1.530562500758e-12      -2.281092300649e-12       1.065406717135e-14       1.292773471110e-15       4.265421874848e-16      -3.498229342744e-18 
 1468       1.038390652699e-10       1.530899826572e-12      -2.201391101963e-12       1.064722896878e-14       1.289286309922e-15       4.242533209573e-16      -2.754829859510e-18 
 1469       1.035639783202e-10       1.531596804314e-12      -2.122231755216e-12       1.064030545489e-14       1.285810689898e-15       4.219766286034e-16      -2.014583152780e-18 
 1470       1.032838979008e-10       1.532650419288e-12      -2.043639989603e-12       1.063329673604e-14       1.282346567653e-15       4.197118250668e-16      -1.277811114684e-18 
 1471       1.029988945771e-10       1.534057634369e-12      -1.965641662837e-12       1.062620292011e-14       1.278893899237e-15       4.174586231549e-16      -5.448373139806e-19 
 1472       1.027090393703e-10       1.535815389956e-12      -1.888262761358e-12       1.061902411649e-14       1.275452640130e-15       4.152167338357e-16       1.840130011386e-19 
 1473       1.024144037585e-10       1.537920603936e-12      -1.811529400546e-12       1.061176043612e-14       1.272022745243e-15       4.129858662342e-16       9.084129002516e-19 
 1474       1.021150596773e-10       1.540370171639e-12      -1.735467824933e-12       1.060441199144e-14       1.268604168914e-15       4.107657276294e-16       1.628033767904e-18 
 1475       1.018110795205e-10       1.543160965797e-12      -1.660104408412e-12       1.059697889644e-14       1.265196864910e-15       4.085560234507e-16       2.342545300808e-18 
 1476       1.015025361412e-10       1.546289836503e-12      -1.585465654447e-12       1.058946126662e-14       1.261800786426e-15       4.063564572748e-16       3.051615505044e-18 
 1477       1.011895028525e-10       1.549753611168e-12      -1.511578196290e-12       1.058185921906e-14       1.258415886080e-15       4.041667308224e-16       3.754910693258e-18 
 1478       1.008720534281e-10       1.553549094482e-12      -1.438468797185e-12       1.057417287234e-14       1.255042115915e-15       4.019865439546e-16       4.452095481862e-18 
 1479       1.005502621035e-10       1.557673068371e-12      -1.366164350585e-12       1.056640234659e-14       1.251679427398e-15       3.998155946701e-16       5.142832788232e-18 
 1480       1.002242035766e-10       1.562122291955e-12      -1.294691880360e-12       1.055854776349e-14       1.248327771416e-15       3.976535791014e-16       5.826783827913e-18 
 1481       9.989395300831e-11       1.566893501506e-12      -1.224078541008e-12       1.055060924628e-14       1.244987098277e-15       3.955001915117e-16       6.503608111809e-18 
 1482       9.955958602381e-11       1.571983410409e-12      -1.154351617868e-12       1.054258691974e-14       1.241657357709e-15       3.933551242919e-16       7.172963443393e-18 
 1483       9.922117871300e-11       1.577388709118e-12      -1.085538527331e-12       1.053448091019e-14       1.238338498858e-15       3.912180679565e-16       7.834505915899e-18 
 1484       9.887880763146e-11       1.583106065115e-12      -1.017666817050e-12       1.052629134554e-14       1.235030470287e-15       3.890887111412e-16       8.487889909523e-18 
 1485       9.853254980124e-11       1.589132122869e-12      -9.507641661513e-13       1.051801835524e-14       1.231733219975e-15       3.869667405990e-16       9.132768088627e-18 
 1486       9.818248271166e-11       1.595463503796e-12      -8.848583854465e-13       1.050966207029e-14       1.228446695315e-15       3.848518411972e-16       9.768791398933e-18 
 1487       9.782868432014e-11       1.602096806211e-12      -8.199774176434e-13       1.050122262328e-14       1.225170843112e-15       3.827436959137e-16       1.039560906472e-17 
 1488       9.747123305300e-11       1.609028605297e-12      -7.561493375570e-13       1.049270014836e-14       1.221905609587e-15       3.806419858342e-16       1.101286858604e-17 
 1489       9.711020780625e-11       1.616255453052e-12      -6.934023523210e-13       1.048409478125e-14       1.218650940369e-15       3.785463901487e-16       1.162021573590e-17 
 1490       9.674568794647e-11       1.623773878257e-12      -6.317648015984e-13       1.047540665925e-14       1.215406780497e-15       3.764565861480e-16       1.221729455746e-17 
 1491       9.637775588451e-11       1.631579965550e-12      -5.712613836223e-13       1.046663608015e-14       1.212173079109e-15       3.743721518871e-16       1.280384349253e-17 
 1492       9.600650482296e-11       1.639668088234e-12      -5.119017923921e-13       1.045778398071e-14       1.208949803553e-15       3.722922731375e-16       1.337998480420e-17 
 1493       9.563203108634e-11       1.648032162956e-12      -4.536919694303e-13       1.044885146290e-14       1.205736925414e-15       3.702160335534e-16       1.394593798780e-17 
 1494       9.525443155595e-11       1.656666069398e-12      -3.966378678465e-13       1.043983963537e-14       1.202534415830e-15       3.681425117360e-16       1.450192389966e-17 
 1495       9.487380367085e-11       1.665563650206e-12      -3.407454523447e-13       1.043074961353e-14       1.199342245497e-15       3.660707812249e-16       1.504816475948e-17 
 1496       9.449024542881e-11       1.674718710930e-12      -2.860206992311e-13       1.042158251952e-14       1.196160384663e-15       3.639999104893e-16       1.558488415271e-17 
 1497       9.410385538722e-11       1.684125019959e-12      -2.324695964215e-13       1.041233948222e-14       1.192988803131e-15       3.619289629198e-16       1.611230703295e-17 
 1498       9.371473266411e-11       1.693776308458e-12      -1.800981434493e-13       1.040302163727e-14       1.189827470257e-15       3.598569968198e-16       1.663065972433e-17 
 1499       9.332297693901e-11       1.703666270299e-12      -1.289123514726e-13       1.039363012710e-14       1.186676354947e-15       3.577830653965e-16       1.714016992389e-17 
 1500       9.292868845399e-11       1.713788562002e-12      -7.891824328197e-14       1.038416610090e-14       1.183535425658e-15       3.557062167531e-16       1.764106670395e-17 
 1501       9.253196801455e-11       1.724136802670e-12      -3.012185330832e-14       1.037463071468e-14       1.180404650398e-15       3.536254938793e-16       1.813358051456e-17 
 1502       9.213291699061e-11       1.734704573921e-12       1.747077236984e-14       1.036502513122e-14       1.177283996723e-15       3.515399346436e-16       1.861794318580e-17 
 1503       9.173163731741e-11       1.745485419828e-12       6.385357601866e-14       1.035535052016e-14       1.174173431736e-15       3.494485717845e-16       1.909438793021e-17 
 1504       9.132823149651e-11       1.756472846853e-12       1.090204882414e-13       1.034560805795e-14       1.171072922087e-15       3.473504329015e-16       1.956314934517e-17 
 1505       9.092280259674e-11       1.767660323781e-12       1.529654279706e-13       1.033579892788e-14       1.167982433973e-15       3.452445404471e-16       2.002446341531e-17 
 1506       9.051545425510e-11       1.779041281659e-12       1.956823024611e-13       1.032592432008e-14       1.164901933136e-15       3.431299117180e-16       2.047856751483e-17 
 1507       9.010629067775e-11       1.790609113730e-12       2.371650072815e-13       1.031598543158e-14       1.161831384860e-15       3.410055588467e-16       2.092570040995e-17 
 1508       8.969541664097e-11       1.802357175370e-12       2.774074263075e-13       1.030598346625e-14       1.158770753974e-15       3.388704887925e-16       2.136610226125e-17 
 1509       8.928293749208e-11       1.814278784021e-12       3.164034317136e-13       1.029591963487e-14       1.155720004850e-15       3.367237033335e-16       2.180001462611e-17 
 1510       8.886895915041e-11       1.826367219128e-12       3.541468839659e-13       1.028579515511e-14       1.152679101397e-15       3.345641990579e-16       2.222768046102e-17 
 1511       8.845358810823e-11       1.838615722079e-12       3.906316318144e-13       1.027561125155e-14       1.149648007070e-15       3.323909673551e-16       2.264934412402e-17 
 1512       8.803693143173e-11       1.851017496132e-12       4.258515122854e-13       1.026536915568e-14       1.146626684858e-15       3.302029944075e-16       2.306525137708e-17 
 1513       8.761909676196e-11       1.863565706360e-12       4.598003506737e-13       1.025507010595e-14       1.143615097292e-15       3.279992611820e-16       2.347564938847e-17 
 1514       8.720019231575e-11       1.876253479580e-12       4.924719605354e-13       1.024471534774e-14       1.140613206439e-15       3.257787434210e-16       2.388078673513e-17 
 1515       8.678032688671e-11       1.889073904291e-12       5.238601436800e-13       1.023430613337e-14       1.137620973902e-15       3.235404116342e-16       2.428091340512e-17 
 1516       8.635960984615e-11       1.902020030611e-12       5.539586901629e-13       1.022384372216e-14       1.134638360820e-15       3.212832310903e-16       2.467628079991e-17 
 1517       8.593815114402e-11       1.915084870213e-12       5.827613782776e-13       1.021332938039e-14       1.131665327868e-15       3.190061618076e-16       2.506714173685e-17 
 1518       8.551606130991e-11       1.928261396256e-12       6.102619745486e-13       1.020276438133e-14       1.128701835252e-15       3.167081585462e-16       2.545375045151e-17 
 1519       8.509345145394e-11       1.941542543328e-12       6.364542337232e-13       1.019215000525e-14       1.125747842712e-15       3.143881707994e-16       2.583636260008e-17 
 1520       8.467043326774e-11       1.954921207375e-12       6.613318987644e-13       1.018148753945e-14       1.122803309521e-15       3.120451427846e-16       2.621523526174e-17 
 1521       8.424711902541e-11       1.968390245640e-12       6.848887008429e-13       1.017077827825e-14       1.119868194480e-15       3.096780134353e-16       2.659062694107e-17 
 1522       8.382362158445e-11       1.981942476601e-12       7.071183593299e-13       1.016002352298e-14       1.116942455923e-15       3.072857163923e-16       2.696279757042e-17 
 1523       8.340005438673e-11       1.995570679901e-12       7.280145817891e-13       1.014922458206e-14       1.114026051710e-15       3.048671799951e-16       2.733200851228e-17 
 1524       8.297653145941e-11       2.009267596289e-12       7.475710639693e-13       1.013838277094e-14       1.111118939231e-15       3.024213272734e-16       2.769852256170e-17 
 1525       8.255316741592e-11       2.023025927553e-12       7.657814897969e-13       1.012749941216e-14       1.108221075402e-15       2.999470759387e-16       2.806260394866e-17 
 1526       8.213007745691e-11       2.036838336456e-12       7.826395313682e-13       1.011657583531e-14       1.105332416666e-15       2.974433383756e-16       2.842451834043e-17 
 1527       8.170737737118e-11       2.050697446673e-12       7.981388489415e-13       1.010561337713e-14       1.102452918989e-15       2.949090216331e-16       2.878453284399e-17 
 1528       8.128518353663e-11       2.064595842724e-12       8.122730909301e-13       1.009461338140e-14       1.099582537865e-15       2.923430274164e-16       2.914291600841e-17 
 1529       8.086361292124e-11       2.078526069916e-12       8.250358938944e-13       1.008357719908e-14       1.096721228307e-15       2.897442520779e-16       2.949993782721e-17 
 1530       8.044278308400e-11       2.092480634269e-12       8.364208825340e-13       1.007250618821e-14       1.093868944854e-15       2.871115866090e-16       2.985586974079e-17 
 1531       8.002280418441e-11       2.106452348800e-12       8.464247432552e-13       1.006140170937e-14       1.091025645391e-15       2.844443809506e-16       3.021091447500e-17 
 1532       7.960375492563e-11       2.120435376098e-12       8.550564770073e-13       1.005026511168e-14       1.088191302672e-15       2.817438417938e-16       3.056499481911e-17 
 1533       7.918570638340e-11       2.134424195575e-12       8.623282348343e-13       1.003909774669e-14       1.085365892908e-15       2.790116481170e-16       3.091796283455e-17 
 1534       7.876872997714e-11       2.148413257992e-12       8.682522524723e-13       1.002790097295e-14       1.082549391951e-15       2.762494880938e-16       3.126966983435e-17 
 1535       7.835289747051e-11       2.162396985406e-12       8.728408504992e-13       1.001667615606e-14       1.079741775287e-15       2.734590591084e-16       3.161996638191e-17 
 1536       7.793828097194e-11       2.176369771126e-12       8.761064344843e-13       1.000542466869e-14       1.076943018042e-15       2.706420677705e-16       3.196870228984e-17 
 1537       7.752495293520e-11       2.190325979665e-12       8.780614951380e-13       9.994147890542e-15       1.074153094978e-15       2.678002299308e-16       3.231572661870e-17 
 1538       7.711298615988e-11       2.204259946697e-12       8.787186084613e-13       9.982847208415e-15       1.071371980492e-15       2.649352706960e-16       3.266088767582e-17 
 1539       7.670245379200e-11       2.218165979005e-12       8.780904358958e-13       9.971524016184e-15       1.068599648618e-15       2.620489244441e-16       3.300403301412e-17 
 1540       7.629342932451e-11       2.232038354440e-12       8.761897244730e-13       9.960179714824e-15       1.065836073022e-15       2.591429348396e-16       3.334500943086e-17 
 1541       7.588598659786e-11       2.245871321870e-12       8.730293069640e-13       9.948815712414e-15       1.063081227005e-15       2.562190548487e-16       3.368366296647e-17 
 1542       7.548019980050e-11       2.259659101137e-12       8.686221020295e-13       9.937433424157e-15       1.060335083499e-15       2.532790467542e-16       3.401983890332e-17 
 1543       7.507614346946e-11       2.273395883007e-12       8.629811143689e-13       9.926034272383e-15       1.057597615072e-15       2.503246821712e-16       3.435338176455e-17 
 1544       7.467389249088e-11       2.287075829128e-12       8.561194348704e-13       9.914619686567e-15       1.054868793919e-15       2.473577420622e-16       3.468413531281e-17 
 1545       7.427352210054e-11       2.300693071978e-12       8.480502407604e-13       9.903191103334e-15       1.052148591867e-15       2.443800167518e-16       3.501194254913e-17 
 1546       7.387510788443e-11       2.314241714823e-12       8.387867957533e-13       9.891749966476e-15       1.049436980374e-15       2.413933059425e-16       3.533664571164e-17 
 1547       7.347872577925e-11       2.327715831667e-12       8.283424502009e-13       9.880297726958e-15       1.046733930526e-15       2.383994187297e-16       3.565808627442e-17 
 1548       7.308445207299e-11       2.341109467209e-12       8.167306412426e-13       9.868835842935e-15       1.044039413037e-15       2.354001736167e-16       3.597610494627e-17 
 1549       7.269236340545e-11       2.354416636795e-12       8.039648929543e-13       9.857365779756e-15       1.041353398249e-15       2.323973985301e-16       3.629054166951e-17 
 1550       7.230253676878e-11       2.367631326368e-12       7.900588164987e-13       9.845889009985e-15       1.038675856132e-15       2.293929308350e-16       3.660123561878e-17 
 1551       7.191504950805e-11       2.380747492428e-12       7.750261102745e-13       9.834407013401e-15       1.036006756279e-15       2.263886173502e-16       3.690802519982e-17 
 1552       7.152997932174e-11       2.393759061979e-12       7.588805600664e-13       9.822921277018e-15       1.033346067912e-15       2.233863143633e-16       3.721074804829e-17 
 1553       7.114740426234e-11       2.406659932489e-12       7.416360391945e-13       9.811433295093e-15       1.030693759874e-15       2.203878876459e-16       3.750924102854e-17 
 1554       7.076740273684e-11       2.419443971837e-12       7.233065086640e-13       9.799944569138e-15       1.028049800636e-15       2.173952124690e-16       3.780334023244e-17 
 1555       7.039005350732e-11       2.432105018271e-12       7.039060173151e-13       9.788456607929e-15       1.025414158287e-15       2.144101736180e-16       3.809288097813e-17 
 1556       7.001543569145e-11       2.444636880358e-12       6.834487019720e-13       9.776970927520e-15       1.022786800543e-15       2.114346654078e-16       3.837769780885e-17 
 1557       6.964362876305e-11       2.457033336943e-12       6.619487875936e-13       9.765489051254e-15       1.020167694739e-15       2.084705916984e-16       3.865762449172e-17 
 1558       6.927471255262e-11       2.469288137094e-12       6.394205874220e-13       9.754012509772e-15       1.017556807831e-15       2.055198659097e-16       3.893249401654e-17 
 1559       6.890876724792e-11       2.481395000065e-12       6.158785031329e-13       9.742542841028e-15       1.014954106395e-15       2.025844110368e-16       3.920213859460e-17 
 1560       6.854587339446e-11       2.493347615241e-12       5.913370249852e-13       9.731081590295e-15       1.012359556629e-15       1.996661596655e-16       3.946638965742e-17 
 1561       6.818611189605e-11       2.505139642097e-12       5.658107319703e-13       9.719630310182e-15       1.009773124345e-15       1.967670539871e-16       3.972507785564e-17 
 1562       6.782956401540e-11       2.516764710150e-12       5.393142919618e-13       9.708190560641e-15       1.007194774976e-15       1.938890458135e-16       3.997803305772e-17 
 1563       6.747631137457e-11       2.528216418912e-12       5.118624618658e-13       9.696763908982e-15       1.004624473572e-15       1.910340965932e-16       4.022508434879e-17 
 1564       6.712643595560e-11       2.539488337841e-12       4.834700877694e-13       9.685351929880e-15       1.002062184798e-15       1.882041774254e-16       4.046606002943e-17 
 1565       6.678002010097e-11       2.550574006302e-12       4.541521050916e-13       9.673956205388e-15       9.995078729358e-16       1.854012690761e-16       4.070078761448e-17 
 1566       6.643714651421e-11       2.561466933511e-12       4.239235387319e-13       9.662578324952e-15       9.969615018807e-16       1.826273619928e-16       4.092909383181e-17 
 1567       6.609789826041e-11       2.572160598495e-12       3.927995032206e-13       9.651219885416e-15       9.944230351433e-16       1.798844563198e-16       4.115080462112e-17 
 1568       6.576235876676e-11       2.582648450044e-12       3.607952028683e-13       9.639882491037e-15       9.918924358470e-16       1.771745619137e-16       4.136574513277e-17 
 1569       6.543061182308e-11       2.592923906662e-12       3.279259319153e-13       9.628567753495e-15       9.893696667280e-16       1.744996983581e-16       4.157373972653e-17 
 1570       6.510274158242e-11       2.602980356525e-12       2.942070746816e-13       9.617277291906e-15       9.868546901342e-16       1.718618949790e-16       4.177461197039e-17 
 1571       6.477882041834e-11       2.612811954711e-12       2.596548767266e-13       9.606012593060e-15       9.843474710943e-16       1.692627828152e-16       4.196822097320e-17 
 1572       6.445887237234e-11       2.622416023118e-12       2.242887658816e-13       9.594774590699e-15       9.818479865581e-16       1.667023663417e-16       4.215457075498e-17 
 1573       6.414290936718e-11       2.631790672805e-12       1.881290531278e-13       9.583564082344e-15       9.793562162404e-16       1.641802403394e-16       4.233370189261e-17 
 1574       6.383094331914e-11       2.640934008727e-12       1.511961637340e-13       9.572381868716e-15       9.768721395590e-16       1.616959968971e-16       4.250565527898e-17 
 1575       6.352298613796e-11       2.649844129728e-12       1.135106374443e-13       9.561228753742e-15       9.743957356341e-16       1.592492254073e-16       4.267047212356e-17 
 1576       6.321904972676e-11       2.658519128534e-12       7.509312866471e-14       9.550105544554e-15       9.719269832874e-16       1.568395125614e-16       4.282819395294e-17 
 1577       6.291914598207e-11       2.666957091748e-12       3.596440665058e-14       9.539013051501e-15       9.694658610417e-16       1.544664423450e-16       4.297886261143e-17 
 1578       6.262328679369e-11       2.675156099834e-12      -3.854644306456e-15       9.527952088148e-15       9.670123471202e-16       1.521295960334e-16       4.312252026159e-17 
 1579       6.233148404472e-11       2.683114227119e-12      -4.434302469130e-14       9.516923471281e-15       9.645664194461e-16       1.498285521869e-16       4.325920938478e-17 
 1580       6.204374961146e-11       2.690829541778e-12      -8.547961957827e-14       9.505928020916e-15       9.621280556417e-16       1.475628866462e-16       4.338897278177e-17 
 1581       6.176009536338e-11       2.698300105830e-12      -1.272431984440e-13       9.494966560297e-15       9.596972330280e-16       1.453321725277e-16       4.351185357323e-17 
 1582       6.148053316307e-11       2.705523975130e-12      -1.696124149804e-13       9.484039915904e-15       9.572739286241e-16       1.431359802189e-16       4.362789520039e-17 
 1583       6.120507486619e-11       2.712499199359e-12      -2.125658069073e-13       9.473148917459e-15       9.548581191466e-16       1.409738773741e-16       4.373714142547e-17 
 1584       6.093373232143e-11       2.719223822016e-12      -2.560817957857e-13       9.462294397926e-15       9.524497810088e-16       1.388454289091e-16       4.383963633238e-17 
 1585       6.066651737044e-11       2.725695880416e-12      -3.001386868303e-13       9.451477193520e-15       9.500488903205e-16       1.367501969972e-16       4.393542432717e-17 
 1586       6.040344184782e-11       2.731913405674e-12      -3.447146687227e-13       9.440698143709e-15       9.476554228870e-16       1.346877410642e-16       4.402455013864e-17 
 1587       6.014451758102e-11       2.737874422702e-12      -3.897878134239e-13       9.429958091218e-15       9.452693542086e-16       1.326576177840e-16       4.410705881893e-17 
 1588       5.988975639034e-11       2.743576950202e-12      -4.353360759876e-13       9.419257882036e-15       9.428906594803e-16       1.306593810736e-16       4.418299574399e-17 
 1589       5.963917008885e-11       2.749019000655e-12      -4.813372943728e-13       9.408598365417e-15       9.405193135906e-16       1.286925820892e-16       4.425240661425e-17 
 1590       5.939277048235e-11       2.754198580314e-12      -5.277691892570e-13       9.397980393888e-15       9.381552911218e-16       1.267567692207e-16       4.431533745510e-17 
 1591       5.915056936934e-11       2.759113689200e-12      -5.746093638485e-13       9.387404823252e-15       9.357985663483e-16       1.248514880877e-16       4.437183461748e-17 
 1592       5.891257854093e-11       2.763762321087e-12      -6.218353037000e-13       9.376872512590e-15       9.334491132369e-16       1.229762815345e-16       4.442194477846e-17 
 1593       5.867880978083e-11       2.768142463502e-12      -6.694243765209e-13       9.366384324271e-15       9.311069054458e-16       1.211306896257e-16       4.446571494174e-17 
 1594       5.844927486529e-11       2.772252097711e-12      -7.173538319907e-13       9.355941123951e-15       9.287719163240e-16       1.193142496416e-16       4.450319243831e-17 
 1595       5.822398556304e-11       2.776089198715e-12      -7.656008015712e-13       9.345543780580e-15       9.264441189110e-16       1.175264960734e-16       4.453442492690e-17 
 1596       5.800295363526e-11       2.779651735242e-12      -8.141422983202e-13       9.335193166408e-15       9.241234859356e-16       1.157669606185e-16       4.455946039462e-17 
 1597       5.778619083552e-11       2.782937669735e-12      -8.629552167038e-13       9.324890156986e-15       9.218099898159e-16       1.140351721762e-16       4.457834715749e-17 
 1598       5.757370890973e-11       2.785944958350e-12      -9.120163324095e-13       9.314635631173e-15       9.195036026585e-16       1.123306568428e-16       4.459113386100e-17 
 1599       5.736551959610e-11       2.788671550946e-12      -9.613023021590e-13       9.304430471138e-15       9.172042962578e-16       1.106529379072e-16       4.459786948069e-17 
 1600       5.716163462507e-11       2.791115391074e-12      -1.010789663521e-12       9.294275562369e-15       9.149120420955e-16       1.090015358458e-16       4.459860332269e-17 
 1601       5.696206571932e-11       2.793274415974e-12      -1.060454834725e-12       9.284171793672e-15       9.126268113398e-16       1.073759683186e-16       4.459338502427e-17 
 1602       5.676682459363e-11       2.795146556566e-12      -1.110274114472e-12       9.274120057180e-15       9.103485748454e-16       1.057757501639e-16       4.458226455445e-17 
 1603       5.657592295491e-11       2.796729737439e-12      -1.160223681751e-12       9.264121248354e-15       9.080773031519e-16       1.042003933941e-16       4.456529221451e-17 
 1604       5.638937250211e-11       2.798021876847e-12      -1.210279595646e-12       9.254176265990e-15       9.058129664843e-16       1.026494071907e-16       4.454251863859e-17 
 1605       5.620718492620e-11       2.799020886700e-12      -1.260417795157e-12       9.244286012223e-15       9.035555347516e-16       1.011222979002e-16       4.451399479419e-17 
 1606       5.602937191009e-11       2.799724672555e-12      -1.310614099005e-12       9.234451392529e-15       9.013049775465e-16       9.961856902903e-17       4.447977198283e-17 
 1607       5.585594512861e-11       2.800131133610e-12      -1.360844205451e-12       9.224673315734e-15       8.990612641448e-16       9.813772123891e-17       4.443990184050e-17 
 1608       5.568691624843e-11       2.800238162696e-12      -1.411083692104e-12       9.214952694014e-15       8.968243635048e-16       9.667925234255e-17       4.439443633832e-17 
 1609       5.552229692804e-11       2.800043646267e-12      -1.461308015737e-12       9.205290442902e-15       8.945942442667e-16       9.524265729877e-17       4.434342778302e-17 
 1610       5.536209881770e-11       2.799545464396e-12      -1.511492512099e-12       9.195687481292e-15       8.923708747519e-16       9.382742820794e-17       4.428692881756e-17 
 1611       5.520632472614e-11       2.798742224568e-12      -1.561613947693e-12       9.186144559488e-15       8.901542254924e-16       9.243299908655e-17       4.422500195946e-17 
 1612       5.505494203302e-11       2.797635470384e-12      -1.611655190902e-12       9.176661741637e-15       8.879442768452e-16       9.105857965160e-17       4.415774830961e-17 
 1613       5.490790903495e-11       2.796227492901e-12      -1.661600582908e-12       9.167238918602e-15       8.857410114455e-16       8.970332001760e-17       4.408527910529e-17 
 1614       5.476518375634e-11       2.794520598670e-12      -1.711434389461e-12       9.157875979493e-15       8.835444116831e-16       8.836636577320e-17       4.400770620701e-17 
 1615       5.462672394897e-11       2.792517109770e-12      -1.761140800767e-12       9.148572811659e-15       8.813544597019e-16       8.704685797401e-17       4.392514209956e-17 
 1616       5.449248709150e-11       2.790219363826e-12      -1.810703931369e-12       9.139329300687e-15       8.791711373990e-16       8.574393313547e-17       4.383769989295e-17 
 1617       5.436243038901e-11       2.787629714039e-12      -1.860107820032e-12       9.130145330398e-15       8.769944264245e-16       8.445672322561e-17       4.374549332348e-17 
 1618       5.423651077260e-11       2.784750529210e-12      -1.909336429630e-12       9.121020782844e-15       8.748243081812e-16       8.318435565789e-17       4.364863675467e-17 
 1619       5.411468489887e-11       2.781584193771e-12      -1.958373647027e-12       9.111955538302e-15       8.726607638238e-16       8.192595328404e-17       4.354724517831e-17 
 1620       5.399690914949e-11       2.778133107806e-12      -2.007203282965e-12       9.102949475274e-15       8.705037742584e-16       8.068063438686e-17       4.344143421545e-17 
 1621       5.388313963075e-11       2.774399687076e-12      -2.055809071948e-12       9.094002470481e-15       8.683533201423e-16       7.944751267305e-17       4.333132011740e-17 
 1622       5.377333217308e-11       2.770386363053e-12      -2.104174672124e-12       9.085114398861e-15       8.662093818834e-16       7.822569726601e-17       4.321701976671e-17 
 1623       5.366744233063e-11       2.766095582937e-12      -2.152283665172e-12       9.076285133565e-15       8.640719396396e-16       7.701429269869e-17       4.309865067823e-17 
 1624       5.356542538077e-11       2.761529809688e-12      -2.200119556186e-12       9.067514545953e-15       8.619409733184e-16       7.581239890640e-17       4.297633100003e-17 
 1625       5.346723632366e-11       2.756691522050e-12      -2.247665773560e-12       9.058802505592e-15       8.598164625764e-16       7.461911121962e-17       4.285017951449e-17 
 1626       5.337282988180e-11       2.751583214576e-12      -2.294905668873e-12       9.050148880251e-15       8.576983868190e-16       7.343352035683e-17       4.272031563922e-17 
 1627       5.328216049955e-11       2.746207397658e-12      -2.341822516769e-12       9.041553535898e-15       8.555867251994e-16       7.225471241733e-17       4.258685942812e-17 
 1628       5.319518234269e-11       2.740566597548e-12      -2.388399514851e-12       9.033016336697e-15       8.534814566189e-16       7.108176887405e-17       4.244993157235e-17 
 1629       5.311184929795e-11       2.734663356388e-12      -2.434619783555e-12       9.024537145004e-15       8.513825597257e-16       6.991376656638e-17       4.230965340135e-17 
 1630       5.303211497256e-11       2.728500232235e-12      -2.480466366042e-12       9.016115821363e-15       8.492900129149e-16       6.874977769301e-17       4.216614688383e-17 
 1631       5.295593269381e-11       2.722079799087e-12      -2.525922228081e-12       9.007752224504e-15       8.472037943276e-16       6.758886980470e-17       4.201953462878e-17 
 1632       5.288325550857e-11       2.715404646908e-12      -2.570970257931e-12       8.999446211340e-15       8.451238818507e-16       6.643010579715e-17       4.186993988646e-17 
 1633       5.281403618283e-11       2.708477381655e-12      -2.615593266228e-12       8.991197636960e-15       8.430502531166e-16       6.527254390378e-17       4.171748654941e-17 
 1634       5.274822720127e-11       2.701300625306e-12      -2.659773985868e-12       8.983006354628e-15       8.409828855022e-16       6.411523768860e-17       4.156229915344e-17 
 1635       5.268578076679e-11       2.693877015883e-12      -2.703495071896e-12       8.974872215782e-15       8.389217561288e-16       6.295723603897e-17       4.140450287867e-17 
 1636       5.262664880003e-11       2.686209207480e-12      -2.746739101382e-12       8.966795070024e-15       8.368668418616e-16       6.179758315847e-17       4.124422355049e-17 
 1637       5.257078293895e-11       2.678299870288e-12      -2.789488573315e-12       8.958774765124e-15       8.348181193089e-16       6.063531855971e-17       4.108158764055e-17 
 1638       5.251813453836e-11       2.670151690622e-12      -2.831725908483e-12       8.950811147011e-15       8.327755648220e-16       5.946947705711e-17       4.091672226782e-17 
 1639       5.246865466945e-11       2.661767370948e-12      -2.873433449355e-12       8.942904059771e-15       8.307391544946e-16       5.829908875977e-17       4.074975519956e-17 
 1640       5.242229411935e-11       2.653149629905e-12      -2.914593459971e-12       8.935053345646e-15       8.287088641622e-16       5.712317906429e-17       4.058081485228e-17 
 1641       5.237900339068e-11       2.644301202338e-12      -2.955188125824e-12       8.927258845027e-15       8.266846694018e-16       5.594076864755e-17       4.041003029283e-17 
 1642       5.233873270106e-11       2.635224839316e-12      -2.995199553745e-12       8.919520396452e-15       8.246665455312e-16       5.475087345956e-17       4.023753123932e-17 
 1643       5.230143198269e-11       2.625923308166e-12      -3.034609771786e-12       8.911837836604e-15       8.226544676086e-16       5.355250471627e-17       4.006344806217e-17 
 1644       5.226705088186e-11       2.616399392494e-12      -3.073400729107e-12       8.904211000304e-15       8.206484104324e-16       5.234466889240e-17       3.988791178510e-17 
 1645       5.223553875854e-11       2.606655892210e-12      -3.111554295859e-12       8.896639720511e-15       8.186483485402e-16       5.112636771426e-17       3.971105408610e-17 
 1646       5.220684468585e-11       2.596695623560e-12      -3.149052263071e-12       8.889123828317e-15       8.166542562088e-16       4.989659815254e-17       3.953300729850e-17 
 1647       5.218091744970e-11       2.586521419149e-12      -3.185876342530e-12       8.881663152944e-15       8.146661074533e-16       4.865435241519e-17       3.935390441190e-17 
 1648       5.215770554824e-11       2.576136127963e-12      -3.222008166670e-12       8.874257521740e-15       8.126838760270e-16       4.739861794018e-17       3.917387907323e-17 
 1649       5.213715719147e-11       2.565542615402e-12      -3.257429288455e-12       8.866906760174e-15       8.107075354207e-16       4.612837738836e-17       3.899306558769e-17 
 1650       5.211922030073e-11       2.554743763304e-12      -3.292121181264e-12       8.859610691839e-15       8.087370588621e-16       4.484260863626e-17       3.881159891982e-17 
 1651       5.210384117425e-11       2.543742733165e-12      -3.326067827757e-12       8.852369038115e-15       8.067724214017e-16       4.354074132049e-17       3.862958014669e-17 
 1652       5.209096047150e-11       2.532543758321e-12      -3.359263511806e-12       8.845181116234e-15       8.048136061898e-16       4.222403090989e-17       3.844697248087e-17 
 1653       5.208051719235e-11       2.521151358839e-12      -3.391705095384e-12       8.838046138537e-15       8.028605982541e-16       4.089419679535e-17       3.826370432810e-17 
 1654       5.207245000730e-11       2.509570078996e-12      -3.423389435846e-12       8.830963312547e-15       8.009133824181e-16       3.955296685636e-17       3.807970375088e-17 
 1655       5.206669725705e-11       2.497804487317e-12      -3.454313385929e-12       8.823931840964e-15       7.989719433007e-16       3.820207747383e-17       3.789489846795e-17 
 1656       5.206319695192e-11       2.485859176613e-12      -3.484473793749e-12       8.816950921652e-15       7.970362653162e-16       3.684327354304e-17       3.770921585379e-17 
 1657       5.206188677135e-11       2.473738764016e-12      -3.513867502801e-12       8.810019747635e-15       7.951063326734e-16       3.547830848654e-17       3.752258293808e-17 
 1658       5.206270406341e-11       2.461447891021e-12      -3.542491351956e-12       8.803137507087e-15       7.931821293756e-16       3.410894426706e-17       3.733492640523e-17 
 1659       5.206558584426e-11       2.448991223518e-12      -3.570342175461e-12       8.796303383328e-15       7.912636392199e-16       3.273695140039e-17       3.714617259378e-17 
 1660       5.207046879763e-11       2.436373451837e-12      -3.597416802937e-12       8.789516554809e-15       7.893508457970e-16       3.136410896834e-17       3.695624749597e-17 
 1661       5.207728927433e-11       2.423599290777e-12      -3.623712059375e-12       8.782776195111e-15       7.874437324909e-16       2.999220463160e-17       3.676507675714e-17 
 1662       5.208598329172e-11       2.410673479653e-12      -3.649224765141e-12       8.776081472935e-15       7.855422824781e-16       2.862303464266e-17       3.657258567527e-17 
 1663       5.209648653317e-11       2.397600782325e-12      -3.673951735965e-12       8.769431552092e-15       7.836464787279e-16       2.725840385873e-17       3.637869920046e-17 
 1664       5.210873434761e-11       2.384385987243e-12      -3.697889782950e-12       8.762825591497e-15       7.817563040012e-16       2.590012575465e-17       3.618334193436e-17 
 1665       5.212266174894e-11       2.371033907479e-12      -3.721035712561e-12       8.756262745160e-15       7.798717408506e-16       2.455002243575e-17       3.598643812971e-17 
 1666       5.213820341556e-11       2.357549380768e-12      -3.743386326631e-12       8.749742162180e-15       7.779927716202e-16       2.320992465084e-17       3.578791168978e-17 
 1667       5.215529368984e-11       2.343937269544e-12      -3.764938422354e-12       8.743262986737e-15       7.761193784446e-16       2.188167180503e-17       3.558768616788e-17 
 1668       5.217386657763e-11       2.330202460982e-12      -3.785688792287e-12       8.736824358082e-15       7.742515432489e-16       2.056711197271e-17       3.538568476684e-17 
 1669       5.219385574769e-11       2.316349867027e-12      -3.805634224348e-12       8.730425410528e-15       7.723892477484e-16       1.926810191040e-17       3.518183033846e-17 
 1670       5.221519453122e-11       2.302384424439e-12      -3.824771501812e-12       8.724065273449e-15       7.705324734478e-16       1.798650706971e-17       3.497604538304e-17 
 1671       5.223781592135e-11       2.288311094831e-12      -3.843097403313e-12       8.717743071263e-15       7.686812016413e-16       1.672420161018e-17       3.476825204880e-17 
 1672       5.226165257257e-11       2.274134864701e-12      -3.860608702839e-12       8.711457923432e-15       7.668354134119e-16       1.548306841227e-17       3.455837213142e-17 
 1673       5.228663680027e-11       2.259860745475e-12      -3.877302169735e-12       8.705208944449e-15       7.649950896310e-16       1.426499909021e-17       3.434632707351e-17 
 1674       5.231270058022e-11       2.245493773540e-12      -3.893174568696e-12       8.698995243831e-15       7.631602109581e-16       1.307189400490e-17       3.413203796406e-17 
 1675       5.233977554802e-11       2.231039010288e-12      -3.908222659771e-12       8.692815926114e-15       7.613307578406e-16       1.190566227688e-17       3.391542553795e-17 
 1676       5.236779299861e-11       2.216501542147e-12      -3.922443198357e-12       8.686670090842e-15       7.595067105129e-16       1.076822179915e-17       3.369641017541e-17 
 1677       5.239668388575e-11       2.201886480623e-12      -3.935832935200e-12       8.680556832560e-15       7.576880489966e-16       9.661499250169e-18       3.347491190155e-17 
 1678       5.242637882150e-11       2.187198962337e-12      -3.948388616393e-12       8.674475240807e-15       7.558747530997e-16       8.587430106688e-18       3.325085038576e-17 
 1679       5.245680807573e-11       2.172444149060e-12      -3.960106983374e-12       8.668424400106e-15       7.540668024163e-16       7.547958656697e-18       3.302414494128e-17 
 1680       5.248790157554e-11       2.157627227756e-12      -3.970984772926e-12       8.662403389959e-15       7.522641763262e-16       6.545038012319e-18       3.279471452462e-17 
 1681       5.251958890484e-11       2.142753410614e-12      -3.981018717173e-12       8.656411284837e-15       7.504668539949e-16       5.580630122723e-18       3.256247773506e-17 
 1682       5.255179930374e-11       2.127827935088e-12      -3.990205543581e-12       8.650447154172e-15       7.486748143724e-16       4.656705787026e-18       3.232735281414e-17 
 1683       5.258446166809e-11       2.112856063937e-12      -3.998541974954e-12       8.644510062353e-15       7.468880361936e-16       3.775244667205e-18       3.208925764513e-17 
 1684       5.261750454897e-11       2.097843085259e-12      -4.006024729436e-12       8.638599068710e-15       7.451064979774e-16       2.938235301000e-18       3.184810975252e-17 
 1685       5.265085615214e-11       2.082794312531e-12      -4.012650520506e-12       8.632713227514e-15       7.433301780267e-16       2.147675114826e-18       3.160382630150e-17 
 1686       5.268444433754e-11       2.067715084644e-12      -4.018416056979e-12       8.626851587967e-15       7.415590544275e-16       1.405570436674e-18       3.135632409744e-17 
 1687       5.271819661878e-11       2.052610765946e-12      -4.023318043001e-12       8.621013194192e-15       7.397931050492e-16       7.139365090261e-19       3.110551958537e-17 
 1688       5.275204016261e-11       2.037486746275e-12      -4.027353178053e-12       8.615197085226e-15       7.380323075434e-16       7.479750175662e-20       3.085132884945e-17 
 1689       5.278590178843e-11       2.022348440996e-12      -4.030518156945e-12       8.609402295014e-15       7.362766393443e-16      -5.098134749580e-19       3.059366761248e-17 
 1690       5.281970796776e-11       2.007201291043e-12      -4.032809669816e-12       8.603627852398e-15       7.345260776677e-16      -1.037854357732e-18       3.033245123538e-17 
 1691       5.285339017229e-11       1.992050492841e-12      -4.034226407848e-12       8.597872795976e-15       7.327806012487e-16      -1.507913803111e-18       3.006762590317e-17 
 1692       5.288690096971e-11       1.976900185448e-12      -4.034775099388e-12       8.592136218826e-15       7.310401955705e-16      -1.921136285422e-18       2.979926247926e-17 
 1693       5.292019806616e-11       1.961754256454e-12      -4.034464526049e-12       8.586417224151e-15       7.293048476799e-16      -2.279313629880e-18       2.952746346221e-17 
 1694       5.295323896993e-11       1.946616611486e-12      -4.033303521817e-12       8.580714910444e-15       7.275745444536e-16      -2.584246852278e-18       2.925233187370e-17 
 1695       5.298598099126e-11       1.931491174230e-12      -4.031300973137e-12       8.575028371482e-15       7.258492725974e-16      -2.837746172902e-18       2.897397125931e-17 
 1696       5.301838124198e-11       1.916381886458e-12      -4.028465818993e-12       8.569356696316e-15       7.241290186465e-16      -3.041631030463e-18       2.869248568931e-17 
 1697       5.305039663523e-11       1.901292708057e-12      -4.024807050989e-12       8.563698969266e-15       7.224137689645e-16      -3.197730096007e-18       2.840797975946e-17 
 1698       5.308198388519e-11       1.886227617055e-12      -4.020333713435e-12       8.558054269913e-15       7.207035097437e-16      -3.307881286847e-18       2.812055859177e-17 
 1699       5.311309950680e-11       1.871190609642e-12      -4.015054903430e-12       8.552421673091e-15       7.189982270044e-16      -3.373931780477e-18       2.783032783532e-17 
 1700       5.314369981542e-11       1.856185700205e-12      -4.008979770941e-12       8.546800248879e-15       7.172979065947e-16      -3.397738028498e-18       2.753739366706e-17 
 1701       5.317374092658e-11       1.841216921348e-12      -4.002117518886e-12       8.541189062599e-15       7.156025341903e-16      -3.381165770539e-18       2.724186279255e-17 
 1702       5.320317875566e-11       1.826288323919e-12      -3.994477403222e-12       8.535587174800e-15       7.139120952939e-16      -3.326090048178e-18       2.694384244678e-17 
 1703       5.323196901765e-11       1.811403977040e-12      -3.986068733021e-12       8.529993641260e-15       7.122265752352e-16      -3.234395218863e-18       2.664344039499e-17 
 1704       5.326006722678e-11       1.796567968129e-12      -3.976900870557e-12       8.524407512972e-15       7.105459591702e-16      -3.107974969835e-18       2.634076493339e-17 
 1705       5.328742869631e-11       1.781784402930e-12      -3.966983231385e-12       8.518827836139e-15       7.088702320814e-16      -2.948732332049e-18       2.603592489001e-17 
 1706       5.331400853818e-11       1.767057405535e-12      -3.956325284427e-12       8.513253652167e-15       7.071993787770e-16      -2.758579694096e-18       2.572902962547e-17 
 1707       5.333976166275e-11       1.752391118418e-12      -3.944936552055e-12       8.507683997658e-15       7.055333838908e-16      -2.539438816123e-18       2.542018903375e-17 
 1708       5.336464277850e-11       1.737789702450e-12      -3.932826610169e-12       8.502117904402e-15       7.038722318819e-16      -2.293240843759e-18       2.510951354302e-17 
 1709       5.338860639173e-11       1.723257336938e-12      -3.920005088284e-12       8.496554399370e-15       7.022159070344e-16      -2.021926322032e-18       2.479711411637e-17 
 1710       5.341160680628e-11       1.708798219640e-12      -3.906481669611e-12       8.490992504706e-15       7.005643934569e-16      -1.727445209292e-18       2.448310225267e-17 
 1711       5.343359812325e-11       1.694416566801e-12      -3.892266091141e-12       8.485431237722e-15       6.989176750823e-16      -1.411756891135e-18       2.416758998732e-17 
 1712       5.345453424067e-11       1.680116613171e-12      -3.877368143723e-12       8.479869610889e-15       6.972757356677e-16      -1.076830194320e-18       2.385068989303e-17 
 1713       5.347436885327e-11       1.665902612038e-12      -3.861797672155e-12       8.474306631828e-15       6.956385587935e-16      -7.246434006967e-19       2.353251508064e-17 
 1714       5.349305545212e-11       1.651778835250e-12      -3.845564575257e-12       8.468741303306e-15       6.940061278638e-16      -3.571842611215e-19       2.321317919988e-17 
 1715       5.351054732439e-11       1.637749573243e-12      -3.828678805962e-12       8.463172623229e-15       6.923784261055e-16       2.354999061719e-20       2.289279644019e-17 
 1716       5.352679755304e-11       1.623819135070e-12      -3.811150371392e-12       8.457599584631e-15       6.907554365685e-16       4.155526238789e-19       2.257148153148e-17 
 1717       5.354175901651e-11       1.609991848421e-12      -3.792989332947e-12       8.452021175669e-15       6.891371421247e-16       8.168073972488e-19       2.224934974494e-17 
 1718       5.355538438849e-11       1.596272059655e-12      -3.774205806381e-12       8.446436379617e-15       6.875235254684e-16       1.225288544617e-18       2.192651689382e-17 
 1719       5.356762613755e-11       1.582664133824e-12      -3.754809961889e-12       8.440844174856e-15       6.859145691156e-16       1.638960761254e-18       2.160309933422e-17 
 1720       5.357843652690e-11       1.569172454701e-12      -3.734812024190e-12       8.435243534870e-15       6.843102554035e-16       2.055779189894e-18       2.127921396590e-17 
 1721       5.358776761409e-11       1.555801424803e-12      -3.714222272605e-12       8.429633428234e-15       6.827105664909e-16       2.473689406809e-18       2.095497823303e-17 
 1722       5.359557125072e-11       1.542555465421e-12      -3.693051041146e-12       8.424012818612e-15       6.811154843569e-16       2.890627407887e-18       2.063051012500e-17 
 1723       5.360179908212e-11       1.529439016645e-12      -3.671308718593e-12       8.418380664747e-15       6.795249908015e-16       3.304519594716e-18       2.030592817723e-17 
 1724       5.360640254712e-11       1.516456537389e-12      -3.649005748580e-12       8.412735920454e-15       6.779390674446e-16       3.713282760653e-18       1.998135147193e-17 
 1725       5.360933287768e-11       1.503612505420e-12      -3.626152629677e-12       8.407077534611e-15       6.763576957261e-16       4.114824076911e-18       1.965689963890e-17 
 1726       5.361054109867e-11       1.490911417382e-12      -3.602759915471e-12       8.401404451156e-15       6.747808569054e-16       4.507041078634e-18       1.933269285631e-17 
 1727       5.360997802755e-11       1.478357788825e-12      -3.578838214651e-12       8.395715609077e-15       6.732085320611e-16       4.887821650972e-18       1.900885185152e-17 
 1728       5.360759427406e-11       1.465956154227e-12      -3.554398191090e-12       8.390009942403e-15       6.716407020907e-16       5.255044015167e-18       1.868549790183e-17 
 1729       5.360334023995e-11       1.453711067026e-12      -3.529450563925e-12       8.384286380201e-15       6.700773477104e-16       5.606576714622e-18       1.836275283531e-17 
 1730       5.359716611871e-11       1.441627099641e-12      -3.504006107644e-12       8.378543846566e-15       6.685184494546e-16       5.940278600989e-18       1.804073903154e-17 
 1731       5.358902959141e-11       1.429708271678e-12      -3.478076064845e-12       8.372781363802e-15       6.669639891435e-16       6.254512571099e-18       1.771955834927e-17 
 1732       5.357891898609e-11       1.417956329193e-12      -3.451673388175e-12       8.366998362931e-15       6.654139543010e-16       6.549691554344e-18       1.739922871290e-17 
 1733       5.356683031359e-11       1.406372450935e-12      -3.424811509053e-12       8.361194375796e-15       6.638683337737e-16       6.826745565654e-18       1.707974699151e-17 
 1734       5.355275958913e-11       1.394957818856e-12      -3.397503926045e-12       8.355368932108e-15       6.623271162658e-16       7.086609147431e-18       1.676111002334e-17 
 1735       5.353670283236e-11       1.383713618107e-12      -3.369764204963e-12       8.349521559437e-15       6.607902903392e-16       7.330221376186e-18       1.644331461576e-17 
 1736       5.351865606734e-11       1.372641037049e-12      -3.341605978961e-12       8.343651783218e-15       6.592578444130e-16       7.558525869188e-18       1.612635754518e-17 
 1737       5.349861532260e-11       1.361741267256e-12      -3.313042948638e-12       8.337759126741e-15       6.577297667632e-16       7.772470791096e-18       1.581023555702e-17 
 1738       5.347657663111e-11       1.351015503511e-12      -3.284088882135e-12       8.331843111149e-15       6.562060455228e-16       7.973008860608e-18       1.549494536565e-17 
 1739       5.345253603033e-11       1.340464943820e-12      -3.254757615235e-12       8.325903255439e-15       6.546866686811e-16       8.161097357097e-18       1.518048365434e-17 
 1740       5.342648956223e-11       1.330090789406e-12      -3.225063051460e-12       8.319939076454e-15       6.531716240838e-16       8.337698127257e-18       1.486684707519e-17 
 1741       5.339843327327e-11       1.319894244720e-12      -3.195019162174e-12       8.313950088881e-15       6.516608994323e-16       8.503777591743e-18       1.455403224909e-17 
 1742       5.336836321446e-11       1.309876517440e-12      -3.164639986679e-12       8.307935805250e-15       6.501544822840e-16       8.660306751808e-18       1.424203576566e-17 
 1743       5.333627544136e-11       1.300038818474e-12      -3.133939632315e-12       8.301895735929e-15       6.486523600515e-16       8.808261195953e-18       1.393085418322e-17 
 1744       5.330216601409e-11       1.290382361968e-12      -3.102932274561e-12       8.295829389121e-15       6.471545200030e-16       8.948621106560e-18       1.362048402868e-17 
 1745       5.326603099734e-11       1.280908365304e-12      -3.071632157130e-12       8.289736270862e-15       6.456609492612e-16       9.082371266540e-18       1.331092179757e-17 
 1746       5.322786646041e-11       1.271618049109e-12      -3.040053592072e-12       8.283615885015e-15       6.441716348037e-16       9.210501065969e-18       1.300216395389e-17 
 1747       5.318766847724e-11       1.262512637253e-12      -3.008210959872e-12       8.277467733272e-15       6.426865634624e-16       9.334004508735e-18       1.269420693013e-17 
 1748       5.314543312636e-11       1.253593356855e-12      -2.976118709549e-12       8.271291315145e-15       6.412057219236e-16       9.453880219173e-18       1.238704712719e-17 
 1749       5.310115649098e-11       1.244861438289e-12      -2.943791358753e-12       8.265086127967e-15       6.397290967272e-16       9.571131448714e-18       1.208068091432e-17 
 1750       5.305483465896e-11       1.236318115182e-12      -2.911243493870e-12       8.258851666888e-15       6.382566742670e-16       9.686766082518e-18       1.177510462908e-17 
 1751       5.300646372287e-11       1.227964624423e-12      -2.878489770113e-12       8.252587424870e-15       6.367884407901e-16       9.801796646123e-18       1.147031457727e-17 
 1752       5.295603977996e-11       1.219802206163e-12      -2.845544911629e-12       8.246292892686e-15       6.353243823966e-16       9.917240312083e-18       1.116630703288e-17 
 1753       5.290355893220e-11       1.211832103819e-12      -2.812423711593e-12       8.239967558916e-15       6.338644850396e-16       1.003411890661e-17       1.086307823807e-17 
 1754       5.284901728630e-11       1.204055564079e-12      -2.779141032310e-12       8.233610909944e-15       6.324087345248e-16       1.015345891621e-17       1.056062440306e-17 
 1755       5.279241095372e-11       1.196473836902e-12      -2.745711805310e-12       8.227222429956e-15       6.309571165102e-16       1.027629149433e-17       1.025894170610e-17 
 1756       5.273373605070e-11       1.189088175526e-12      -2.712151031455e-12       8.220801600933e-15       6.295096165060e-16       1.040365246802e-17       9.958026293446e-18 
 1757       5.267298869825e-11       1.181899836470e-12      -2.678473781028e-12       8.214347902654e-15       6.280662198741e-16       1.053658234452e-17       9.657874279257e-18 
 1758       5.261016502219e-11       1.174910079534e-12      -2.644695193840e-12       8.207860812687e-15       6.266269118280e-16       1.067612631796e-17       9.358481745573e-18 
 1759       5.254526115317e-11       1.168120167808e-12      -2.610830479328e-12       8.201339806388e-15       6.251916774326e-16       1.082333427597e-17       9.059844742252e-18 
 1760       5.247827322666e-11       1.161531367672e-12      -2.576894916650e-12       8.194784356901e-15       6.237605016038e-16       1.097926080631e-17       8.761959286914e-18 
 1761       5.240919738300e-11       1.155144948799e-12      -2.542903854788e-12       8.188193935150e-15       6.223333691082e-16       1.114496520356e-17       8.464821364891e-18 
 1762       5.233802976740e-11       1.148962184161e-12      -2.508872712645e-12       8.181568009839e-15       6.209102645630e-16       1.132151147571e-17       8.168426929171e-18 
 1763       5.226476652993e-11       1.142984350031e-12      -2.474816979147e-12       8.174906047445e-15       6.194911724359e-16       1.150996835083e-17       7.872771900344e-18 
 1764       5.218940382561e-11       1.137212725986e-12      -2.440752213339e-12       8.168207512221e-15       6.180760770442e-16       1.171140928370e-17       7.577852166551e-18 
 1765       5.211193781436e-11       1.131648594913e-12      -2.406694044485e-12       8.161471866190e-15       6.166649625554e-16       1.192691246245e-17       7.283663583425e-18 
 1766       5.203236466103e-11       1.126293243008e-12      -2.372658172169e-12       8.154698569137e-15       6.152578129861e-16       1.215756081523e-17       6.990201974042e-18 
 1767       5.195068053544e-11       1.121147959784e-12      -2.338660366391e-12       8.147887078615e-15       6.138546122024e-16       1.240444201679e-17       6.697463128866e-18 
 1768       5.186688161239e-11       1.116214038072e-12      -2.304716467669e-12       8.141036849935e-15       6.124553439194e-16       1.266864849519e-17       6.405442805694e-18 
 1769       5.178096407164e-11       1.111492774025e-12      -2.270842387136e-12       8.134147336165e-15       6.110599917006e-16       1.295127743841e-17       6.114136729600e-18 
 1770       5.169292409800e-11       1.106985467121e-12      -2.237054106642e-12       8.127217988127e-15       6.096685389584e-16       1.325343080097e-17       5.823540592887e-18 
 1771       5.160276314846e-11       1.102692917549e-12      -2.203366573742e-12       8.120248374443e-15       6.082809701592e-16       1.357590815002e-17       5.533657397844e-18 
 1772       5.151050380147e-11       1.098613913801e-12      -2.169790376484e-12       8.113238542755e-15       6.068972744518e-16       1.391828241514e-17       5.244519551472e-18 
 1773       5.141617403866e-11       1.094746732593e-12      -2.136335041351e-12       8.106188661484e-15       6.055174420692e-16       1.427981651518e-17       4.956166953208e-18 
 1774       5.131980198980e-11       1.091089640329e-12      -2.103010135920e-12       8.099098900053e-15       6.041414631241e-16       1.465976982063e-17       4.668639668907e-18 
 1775       5.122141593298e-11       1.087640893087e-12      -2.069825268930e-12       8.091969428886e-15       6.027693276094e-16       1.505739814847e-17       4.381977931070e-18 
 1776       5.112104429484e-11       1.084398736602e-12      -2.036790090332e-12       8.084800419413e-15       6.014010253977e-16       1.547195375708e-17       4.096222139070e-18 
 1777       5.101871565080e-11       1.081361406255e-12      -2.003914291349e-12       8.077592044068e-15       6.000365462412e-16       1.590268534113e-17       3.811412859376e-18 
 1778       5.091445872527e-11       1.078527127051e-12      -1.971207604531e-12       8.070344476296e-15       5.986758797713e-16       1.634883802651e-17       3.527590825788e-18 
 1779       5.080830239187e-11       1.075894113606e-12      -1.938679803814e-12       8.063057890546e-15       5.973190154985e-16       1.680965336516e-17       3.244796939654e-18 
 1780       5.070027567363e-11       1.073460570134e-12      -1.906340704576e-12       8.055732462281e-15       5.959659428125e-16       1.728436933005e-17       2.963072270105e-18 
 1781       5.059040774323e-11       1.071224690426e-12      -1.874200163692e-12       8.048368367974e-15       5.946166509812e-16       1.777222031000e-17       2.682458054276e-18 
 1782       5.047872792323e-11       1.069184657838e-12      -1.842268079593e-12       8.040965785111e-15       5.932711291515e-16       1.827243710463e-17       2.402995697539e-18 
 1783       5.036526568626e-11       1.067338645275e-12      -1.810554392325e-12       8.033524892194e-15       5.919293663483e-16       1.878424691921e-17       2.124726773724e-18 
 1784       5.025005065525e-11       1.065684815173e-12      -1.779069083599e-12       8.026045868740e-15       5.905913514744e-16       1.930687335960e-17       1.847693025348e-18 
 1785       5.013311260363e-11       1.064221319484e-12      -1.747822176856e-12       8.018528895284e-15       5.892570733107e-16       1.983953642712e-17       1.571936363845e-18 
 1786       5.001448145561e-11       1.062946299664e-12      -1.716823737319e-12       8.010974153379e-15       5.879265205156e-16       2.038145251346e-17       1.297498869788e-18 
 1787       4.989418728631e-11       1.061857886651e-12      -1.686083872049e-12       8.003381825600e-15       5.865996816250e-16       2.093183439555e-17       1.024422793119e-18 
 1788       4.977226032206e-11       1.060954200854e-12      -1.655612730006e-12       7.995752095543e-15       5.852765450519e-16       2.148989123051e-17       7.527505533752e-19 
 1789       4.964873094055e-11       1.060233352136e-12      -1.625420502105e-12       7.988085147827e-15       5.839570990863e-16       2.205482855046e-17       4.825247399165e-19 
 1790       4.952362967109e-11       1.059693439796e-12      -1.595517421268e-12       7.980381168098e-15       5.826413318951e-16       2.262584825752e-17       2.137881121508e-19 
 1791       4.939698719485e-11       1.059332552558e-12      -1.565913762487e-12       7.972640343025e-15       5.813292315216e-16       2.320214861862e-17      -5.341640023749e-20 
 1792       4.926883434499e-11       1.059148768551e-12      -1.536619842878e-12       7.964862860307e-15       5.800207858855e-16       2.378292426043e-17      -3.190456970611e-19 
 1793       4.913920210699e-11       1.059140155294e-12      -1.507646021738e-12       7.957048908673e-15       5.787159827827e-16       2.436736616429e-17      -5.830565074032e-19 
 1794       4.900812161877e-11       1.059304769682e-12      -1.479002700604e-12       7.949198677880e-15       5.774148098848e-16       2.495466166103e-17      -8.454053893898e-19 
 1795       4.887562417099e-11       1.059640657969e-12      -1.450700323305e-12       7.941312358719e-15       5.761172547395e-16       2.554399442592e-17      -1.106048729964e-18 
 1796       4.874174120720e-11       1.060145855752e-12      -1.422749376024e-12       7.933390143013e-15       5.748233047697e-16       2.613454447358e-17      -1.364942744657e-18 
 1797       4.860650432410e-11       1.060818387958e-12      -1.395160387352e-12       7.925432223624e-15       5.735329472736e-16       2.672548815281e-17      -1.622043477363e-18 
 1798       4.846994527176e-11       1.061656268823e-12      -1.367943928347e-12       7.917438794445e-15       5.722461694246e-16       2.731599814156e-17      -1.877306800113e-18 
 1799       4.833209595381e-11       1.062657501880e-12      -1.341110612589e-12       7.909410050411e-15       5.709629582708e-16       2.790524344177e-17      -2.130688412846e-18 
 1800       4.819298842768e-11       1.063820079945e-12      -1.314671096237e-12       7.901346187495e-15       5.696833007351e-16       2.849238937430e-17      -2.382143843181e-18 
 1801       4.805265490480e-11       1.065141985095e-12      -1.288636078087e-12       7.893247402711e-15       5.684071836148e-16       2.907659757381e-17      -2.631628446193e-18 
 1802       4.791112775086e-11       1.066621188659e-12      -1.263016299628e-12       7.885113894116e-15       5.671345935813e-16       2.965702598367e-17      -2.879097404187e-18 
 1803       4.776843948597e-11       1.068255651197e-12      -1.237822545100e-12       7.876945860809e-15       5.658655171801e-16       3.023282885084e-17      -3.124505726464e-18 
 1804       4.762462278493e-11       1.070043322490e-12      -1.213065641549e-12       7.868743502936e-15       5.645999408305e-16       3.080315672077e-17      -3.367808249104e-18 
 1805       4.747971047740e-11       1.071982141517e-12      -1.188756458886e-12       7.860507021689e-15       5.633378508254e-16       3.136715643230e-17      -3.608959634730e-18 
 1806       4.733373554817e-11       1.074070036445e-12      -1.164905909942e-12       7.852236619310e-15       5.620792333311e-16       3.192397111257e-17      -3.847914372289e-18 
 1807       4.718673113735e-11       1.076304924611e-12      -1.141524950527e-12       7.843932499087e-15       5.608240743868e-16       3.247274017187e-17      -4.084626776818e-18 
 1808       4.703873054058e-11       1.078684712507e-12      -1.118624579483e-12       7.835594865362e-15       5.595723599049e-16       3.301259929861e-17      -4.319050989221e-18 
 1809       4.688976720925e-11       1.081207295764e-12      -1.096215838748e-12       7.827223923530e-15       5.583240756706e-16       3.354268045414e-17      -4.551140976043e-18 
 1810       4.673987475077e-11       1.083870559134e-12      -1.074309813403e-12       7.818819880037e-15       5.570792073413e-16       3.406211186770e-17      -4.780850529239e-18 
 1811       4.658908735469e-11       1.086672211986e-12      -1.052915927844e-12       7.810383008724e-15       5.558377414831e-16       3.457025803617e-17      -5.008140838218e-18 
 1812       4.643744107472e-11       1.089609293361e-12      -1.032036819089e-12       7.801913850424e-15       5.545996686878e-16       3.506744185408e-17      -5.233003273312e-18 
 1813       4.628497255757e-11       1.092678662883e-12      -1.011673422156e-12       7.793413014977e-15       5.533649804804e-16       3.555422830851e-17      -5.455436785950e-18 
 1814       4.613171861809e-11       1.095877164866e-12      -9.918266701890e-13       7.784881115045e-15       5.521336682851e-16       3.603118500752e-17      -5.675440353157e-18 
 1815       4.597771623954e-11       1.099201628299e-12      -9.724974944552e-13       7.776318766117e-15       5.509057234251e-16       3.649888218386e-17      -5.893012977598e-18 
 1816       4.582300257381e-11       1.102648866815e-12      -9.536868243380e-13       7.767726586509e-15       5.496811371224e-16       3.695789269863e-17      -6.108153687632e-18 
 1817       4.566761494165e-11       1.106215678676e-12      -9.353955873320e-13       7.759105197371e-15       5.484599004978e-16       3.740879204491e-17      -6.320861537362e-18 
 1818       4.551159083291e-11       1.109898846747e-12      -9.176247090380e-13       7.750455222691e-15       5.472420045704e-16       3.785215835151e-17      -6.531135606682e-18 
 1819       4.535496790680e-11       1.113695138478e-12      -9.003751131568e-13       7.741777289296e-15       5.460274402576e-16       3.828857238657e-17      -6.738975001330e-18 
 1820       4.519778399206e-11       1.117601305881e-12      -8.836477214847e-13       7.733072026860e-15       5.448161983751e-16       3.871861756128e-17      -6.944378852936e-18 
 1821       4.504007708725e-11       1.121614085503e-12      -8.674434539071e-13       7.724340067904e-15       5.436082696364e-16       3.914287993354e-17      -7.147346319074e-18 
 1822       4.488188536098e-11       1.125730198415e-12      -8.517632283938e-13       7.715582047802e-15       5.424036446530e-16       3.956194821162e-17      -7.347876583310e-18 
 1823       4.472324715211e-11       1.129946350180e-12      -8.366079609935e-13       7.706798604785e-15       5.412023139336e-16       3.997641375784e-17      -7.545968855253e-18 
 1824       4.456420097000e-11       1.134259230836e-12      -8.219785658279e-13       7.697990379945e-15       5.400042678848e-16       4.038687059226e-17      -7.741622370604e-18 
 1825       4.440478549478e-11       1.138665514875e-12      -8.078759550868e-13       7.689158017236e-15       5.388094968101e-16       4.079391539632e-17      -7.934836391207e-18 
 1826       4.424503957751e-11       1.143161861218e-12      -7.943010390226e-13       7.680302163482e-15       5.376179909102e-16       4.119814751653e-17      -8.125610205101e-18 
 1827       4.408500224048e-11       1.147744913197e-12      -7.812547259445e-13       7.671423468378e-15       5.364297402829e-16       4.160016896817e-17      -8.313943126563e-18 
 1828       4.392471267743e-11       1.152411298529e-12      -7.687379222135e-13       7.662522584496e-15       5.352447349223e-16       4.200058443891e-17      -8.499834496168e-18 
 1829       4.376421025375e-11       1.157157629298e-12      -7.567515322369e-13       7.653600167288e-15       5.340629647196e-16       4.240000129251e-17      -8.683283680829e-18 
 1830       4.360353450675e-11       1.161980501932e-12      -7.452964584627e-13       7.644656875087e-15       5.328844194618e-16       4.279902957250e-17      -8.864290073855e-18 
 1831       4.344272514588e-11       1.166876497180e-12      -7.343736013743e-13       7.635693369116e-15       5.317090888326e-16       4.319828200584e-17      -9.042853094995e-18 
 1832       4.328182205296e-11       1.171842180092e-12      -7.239838594851e-13       7.626710313490e-15       5.305369624115e-16       4.359837400659e-17      -9.218972190492e-18 
 1833       4.312086528244e-11       1.176874099997e-12      -7.141281293330e-13       7.617708375218e-15       5.293680296739e-16       4.399992367961e-17      -9.392646833132e-18 
 1834       4.295989506159e-11       1.181968790479e-12      -7.048073054751e-13       7.608688224207e-15       5.282022799907e-16       4.440355182418e-17      -9.563876522291e-18 
 1835       4.279895179078e-11       1.187122769358e-12      -6.960222804823e-13       7.599650533269e-15       5.270397026287e-16       4.480988193774e-17      -9.732660783991e-18 
 1836       4.263807604366e-11       1.192332538669e-12      -6.877739449335e-13       7.590595978124e-15       5.258802867496e-16       4.521954021949e-17      -9.898999170944e-18 
 1837       4.247730856746e-11       1.197594584635e-12      -6.800631874107e-13       7.581525237400e-15       5.247240214107e-16       4.563315557414e-17      -1.006289126260e-17 
 1838       4.231669028317e-11       1.202905377650e-12      -6.728908944933e-13       7.572438992641e-15       5.235708955638e-16       4.605135961550e-17      -1.022433666522e-17 
 1839       4.215626228580e-11       1.208261372259e-12      -6.662579507528e-13       7.563337928311e-15       5.224208980559e-16       4.647478667024e-17      -1.038333501188e-17 
 1840       4.199606584460e-11       1.213659007129e-12      -6.601652387473e-13       7.554222731794e-15       5.212740176285e-16       4.690407378148e-17      -1.053988596257e-17 
 1841       4.183614240332e-11       1.219094705032e-12      -6.546136390158e-13       7.545094093402e-15       5.201302429174e-16       4.733986071252e-17      -1.069398920421e-17 
 1842       4.167653358041e-11       1.224564872826e-12      -6.496040300735e-13       7.535952706378e-15       5.189895624529e-16       4.778278995050e-17      -1.084564445073e-17 
 1843       4.151728116927e-11       1.230065901427e-12      -6.451372884057e-13       7.526799266898e-15       5.178519646594e-16       4.823350671004e-17      -1.099485144307e-17 
 1844       4.135842713849e-11       1.235594165790e-12      -6.412142884628e-13       7.517634474075e-15       5.167174378551e-16       4.869265893696e-17      -1.114160994929e-17 
 1845       4.120001363207e-11       1.241146024889e-12      -6.378359026544e-13       7.508459029967e-15       5.155859702519e-16       4.916089731194e-17      -1.128591976458e-17 
 1846       4.104208296967e-11       1.246717821693e-12      -6.350030013446e-13       7.499273639574e-15       5.144575499556e-16       4.963887525416e-17      -1.142778071134e-17 
 1847       4.088467764684e-11       1.252305883145e-12      -6.327164528459e-13       7.490079010850e-15       5.133321649651e-16       5.012724892501e-17      -1.156719263918e-17 
 1848       4.072784033522e-11       1.257906520140e-12      -6.309771234141e-13       7.480875854700e-15       5.122098031726e-16       5.062667723174e-17      -1.170415542503e-17 
 1849       4.057161388284e-11       1.263516027502e-12      -6.297858772429e-13       7.471664884985e-15       5.110904523635e-16       5.113782183116e-17      -1.183866897315e-17 
 1850       4.041604131430e-11       1.269130683967e-12      -6.291435764584e-13       7.462446818532e-15       5.099741002159e-16       5.166134713329e-17      -1.197073321520e-17 
 1851       4.026116226319e-11       1.274746955203e-12      -6.290498530311e-13       7.453222358963e-15       5.088607351743e-16       5.219771963945e-17      -1.210035658950e-17 
 1852       4.010700223793e-11       1.280362104691e-12      -6.294994139075e-13       7.443992148075e-15       5.077503490774e-16       5.274660421470e-17      -1.222758155204e-17 
 1853       3.995358327155e-11       1.285973587636e-12      -6.304857066559e-13       7.434756814085e-15       5.066429345508e-16       5.330746304958e-17      -1.235245926728e-17 
 1854       3.980092748191e-11       1.291578848336e-12      -6.320021448482e-13       7.425516987768e-15       5.055384841349e-16       5.387975588907e-17      -1.247504114757e-17 
 1855       3.964905707177e-11       1.297175320174e-12      -6.340421080123e-13       7.416273302460e-15       5.044369902848e-16       5.446294002921e-17      -1.259537885349e-17 
 1856       3.949799432898e-11       1.302760425600e-12      -6.365989415831e-13       7.407026394060e-15       5.033384453701e-16       5.505647031376e-17      -1.271352429421e-17 
 1857       3.934776162651e-11       1.308331576117e-12      -6.396659568542e-13       7.397776901033e-15       5.022428416751e-16       5.565979913088e-17      -1.282952962783e-17 
 1858       3.919838142262e-11       1.313886172266e-12      -6.432364309297e-13       7.388525464415e-15       5.011501713982e-16       5.627237640973e-17      -1.294344726173e-17 
 1859       3.904987626092e-11       1.319421603613e-12      -6.473036066757e-13       7.379272727817e-15       5.000604266520e-16       5.689364961713e-17      -1.305532985289e-17 
 1860       3.890226877052e-11       1.324935248731e-12      -6.518606926716e-13       7.370019337425e-15       4.989735994632e-16       5.752306375422e-17      -1.316523030830e-17 
 1861       3.875558166612e-11       1.330424475189e-12      -6.569008631621e-13       7.360765942006e-15       4.978896817721e-16       5.816006135313e-17      -1.327320178525e-17 
 1862       3.860983774811e-11       1.335886639536e-12      -6.624172580087e-13       7.351513192909e-15       4.968086654331e-16       5.880408247357e-17      -1.337929769168e-17 
 1863       3.846505990269e-11       1.341319087285e-12      -6.684029826412e-13       7.342261744071e-15       4.957305422140e-16       5.945456469953e-17      -1.348357168656e-17 
 1864       3.832127110198e-11       1.346719152899e-12      -6.748511080090e-13       7.333012252021e-15       4.946553037958e-16       6.011094313590e-17      -1.358607768021e-17 
 1865       3.817849440414e-11       1.352084159779e-12      -6.817546705335e-13       7.323765375878e-15       4.935829417733e-16       6.077265040515e-17      -1.368686983466e-17 
 1866       3.803675295345e-11       1.357411420246e-12      -6.891066720588e-13       7.314521777359e-15       4.925134476540e-16       6.143911664393e-17      -1.378600256399e-17 
 1867       3.789606998044e-11       1.362698235527e-12      -6.969000798038e-13       7.305282120783e-15       4.914468128585e-16       6.210976949975e-17      -1.388353053468e-17 
 1868       3.775646880200e-11       1.367941895741e-12      -7.051278263137e-13       7.296047073070e-15       4.903830287205e-16       6.278403412764e-17      -1.397950866595e-17 
 1869       3.761797282148e-11       1.373139679886e-12      -7.137828094116e-13       7.286817303748e-15       4.893220864862e-16       6.346133318677e-17      -1.407399213012e-17 
 1870       3.748060552881e-11       1.378288855819e-12      -7.228578921499e-13       7.277593484954e-15       4.882639773142e-16       6.414108683710e-17      -1.416703635294e-17 
 1871       3.734439050058e-11       1.383386680249e-12      -7.323459027622e-13       7.268376291439e-15       4.872086922760e-16       6.482271273607e-17      -1.425869701394e-17 
 1872       3.720935140019e-11       1.388430398715e-12      -7.422396346148e-13       7.259166400572e-15       4.861562223549e-16       6.550562603517e-17      -1.434903004681e-17 
 1873       3.707551197795e-11       1.393417245577e-12      -7.525318461579e-13       7.249964492339e-15       4.851065584467e-16       6.618923937668e-17      -1.443809163969e-17 
 1874       3.694289607115e-11       1.398344443998e-12      -7.632152608778e-13       7.240771249352e-15       4.840596913589e-16       6.687296289025e-17      -1.452593823557e-17 
 1875       3.681152760421e-11       1.403209205929e-12      -7.742825672481e-13       7.231587356849e-15       4.830156118110e-16       6.755620418957e-17      -1.461262653258e-17 
 1876       3.668143058880e-11       1.408008732098e-12      -7.857264186815e-13       7.222413502698e-15       4.819743104342e-16       6.823836836904e-17      -1.469821348441e-17 
 1877       3.655262912389e-11       1.412740211991e-12      -7.975394334812e-13       7.213250377398e-15       4.809357777712e-16       6.891885800037e-17      -1.478275630059e-17 
 1878       3.642514739592e-11       1.417400823842e-12      -8.097141947926e-13       7.204098674089e-15       4.799000042763e-16       6.959707312928e-17      -1.486631244687e-17 
 1879       3.629900967888e-11       1.421987734613e-12      -8.222432505547e-13       7.194959088547e-15       4.788669803147e-16       7.027241127212e-17      -1.494893964556e-17 
 1880       3.617424033442e-11       1.426498099983e-12      -8.351191134523e-13       7.185832319193e-15       4.778366961631e-16       7.094426741251e-17      -1.503069587587e-17 
 1881       3.605086381196e-11       1.430929064333e-12      -8.483342608666e-13       7.176719067094e-15       4.768091420089e-16       7.161203399801e-17      -1.511163937429e-17 
 1882       3.592890464880e-11       1.435277760730e-12      -8.618811348278e-13       7.167620035968e-15       4.757843079505e-16       7.227510093678e-17      -1.519182863487e-17 
 1883       3.580838747025e-11       1.439541310914e-12      -8.757521419660e-13       7.158535932185e-15       4.747621839970e-16       7.293285559417e-17      -1.527132240964e-17 
 1884       3.568933698969e-11       1.443716825282e-12      -8.899396534631e-13       7.149467464772e-15       4.737427600680e-16       7.358468278945e-17      -1.535017970891e-17 
 1885       3.557177800875e-11       1.447801402872e-12      -9.044360050042e-13       7.140415345416e-15       4.727260259934e-16       7.422996479237e-17      -1.542845980163e-17 
 1886       3.545573541733e-11       1.451792131354e-12      -9.192334967294e-13       7.131380288466e-15       4.717119715135e-16       7.486808131988e-17      -1.550622221575e-17 
 1887       3.534123419378e-11       1.455686087009e-12      -9.343243931854e-13       7.122363010940e-15       4.707005862787e-16       7.549840953276e-17      -1.558352673853e-17 
 1888       3.522829940501e-11       1.459480334718e-12      -9.497009232769e-13       7.113364232523e-15       4.696918598493e-16       7.612032403225e-17      -1.566043341695e-17 
 1889       3.511695620654e-11       1.463171927943e-12      -9.653552802181e-13       7.104384675575e-15       4.686857816954e-16       7.673319685669e-17      -1.573700255797e-17 
 1890       3.500722984265e-11       1.466757908721e-12      -9.812796214847e-13       7.095425065130e-15       4.676823411970e-16       7.733639747821e-17      -1.581329472896e-17 
 1891       3.489914097536e-11       1.470235697257e-12      -9.974659076142e-13       7.086486055355e-15       4.666815283872e-16       7.792945131987e-17      -1.588934688927e-17 
 1892       3.479269163160e-11       1.473604264062e-12      -1.013905417341e-12       7.077568008269e-15       4.656833361898e-16       7.851251665510e-17      -1.596510058239e-17 
 1893       3.468787914745e-11       1.476862966864e-12      -1.030589228614e-12       7.068671213315e-15       4.646877581990e-16       7.908591139242e-17      -1.604047318875e-17 
 1894       3.458470082945e-11       1.480011161806e-12      -1.047508379349e-12       7.059795960756e-15       4.636947879373e-16       7.964995489195e-17      -1.611538174357e-17 
 1895       3.448315395443e-11       1.483048203452e-12      -1.064653867380e-12       7.050942541674e-15       4.627044188545e-16       8.020496796735e-17      -1.618974293636e-17 
 1896       3.438323576959e-11       1.485973444780e-12      -1.082016650401e-12       7.042111247972e-15       4.617166443288e-16       8.075127288784e-17      -1.626347311051e-17 
 1897       3.428494349233e-11       1.488786237183e-12      -1.099587645915e-12       7.033302372376e-15       4.607314576656e-16       8.128919338009e-17      -1.633648826283e-17 
 1898       3.418827431031e-11       1.491485930466e-12      -1.117357731179e-12       7.024516208434e-15       4.597488520982e-16       8.181905463025e-17      -1.640870404306e-17 
 1899       3.409322538133e-11       1.494071872846e-12      -1.135317743152e-12       7.015753050517e-15       4.587688207869e-16       8.234118328587e-17      -1.648003575346e-17 
 1900       3.399979383331e-11       1.496543410951e-12      -1.153458478436e-12       7.007013193822e-15       4.577913568197e-16       8.285590745789e-17      -1.655039834835e-17 
 1901       3.390797676424e-11       1.498899889813e-12      -1.171770693229e-12       6.998296934370e-15       4.568164532116e-16       8.336355672260e-17      -1.661970643361e-17 
 1902       3.381777124214e-11       1.501140652873e-12      -1.190245103267e-12       6.989604569007e-15       4.558441029047e-16       8.386446212361e-17      -1.668787426630e-17 
 1903       3.372917430498e-11       1.503265041978e-12      -1.208872383771e-12       6.980936395408e-15       4.548742987679e-16       8.435895617380e-17      -1.675481575414e-17 
 1904       3.364218296068e-11       1.505272397376e-12      -1.227643169393e-12       6.972292712076e-15       4.539070335972e-16       8.484737285730e-17      -1.682044445510e-17 
 1905       3.355679418703e-11       1.507162057718e-12      -1.246548054165e-12       6.963673818341e-15       4.529423001151e-16       8.533004763145e-17      -1.688467357692e-17 
 1906       3.347300493166e-11       1.508933360054e-12      -1.265577591438e-12       6.955080014363e-15       4.519800909707e-16       8.580731742877e-17      -1.694741597667e-17 
 1907       3.339081211197e-11       1.510585639834e-12      -1.284722293837e-12       6.946511601133e-15       4.510203987396e-16       8.627952065889e-17      -1.700858416030e-17 
 1908       3.331021261509e-11       1.512118230902e-12      -1.303972633203e-12       6.937968880473e-15       4.500632159237e-16       8.674699721059e-17      -1.706809028217e-17 
 1909       3.323120329787e-11       1.513530465502e-12      -1.323319040536e-12       6.929452155036e-15       4.491085349513e-16       8.721008845369e-17      -1.712584614460e-17 
 1910       3.315378098677e-11       1.514821674268e-12      -1.342751905948e-12       6.920961728310e-15       4.481563481766e-16       8.766913724106e-17      -1.718176319744e-17 
 1911       3.307794247784e-11       1.515991186227e-12      -1.362261578603e-12       6.912497904614e-15       4.472066478798e-16       8.812448791056e-17      -1.723575253757e-17 
 1912       3.300368453671e-11       1.517038328797e-12      -1.381838366669e-12       6.904060989106e-15       4.462594262672e-16       8.857648628703e-17      -1.728772490850e-17 
 1913       3.293100389848e-11       1.517962427786e-12      -1.401472537257e-12       6.895651287774e-15       4.453146754705e-16       8.902547968422e-17      -1.733759069987e-17 
 1914       3.285989726771e-11       1.518762807387e-12      -1.421154316375e-12       6.887269107446e-15       4.443723875472e-16       8.947181690680e-17      -1.738525994704e-17 
 1915       3.279036131835e-11       1.519438790181e-12      -1.440873888868e-12       6.878914755787e-15       4.434325544805e-16       8.991584825229e-17      -1.743064233058e-17 
 1916       3.272239269373e-11       1.519989697133e-12      -1.460621398367e-12       6.870588541298e-15       4.424951681786e-16       9.035792551304e-17      -1.747364717588e-17 
 1917       3.265598800646e-11       1.520414847589e-12      -1.480386947236e-12       6.862290773321e-15       4.415602204753e-16       9.079840197818e-17      -1.751418345264e-17 
 1918       3.259114383843e-11       1.520713559278e-12      -1.500160596515e-12       6.854021762037e-15       4.406277031294e-16       9.123763243562e-17      -1.755215977447e-17 
 1919       3.252785674073e-11       1.520885148307e-12      -1.519932365870e-12       6.845781818466e-15       4.396976078248e-16       9.167597317397e-17      -1.758748439836e-17 
 1920       3.246612323362e-11       1.520928929164e-12      -1.539692233537e-12       6.837571254473e-15       4.387699261701e-16       9.211378198454e-17      -1.762006522433e-17 
 1921       3.240593980649e-11       1.520844214708e-12      -1.559430136267e-12       6.829390382762e-15       4.378446496990e-16       9.255141816329e-17      -1.764980979488e-17 
 1922       3.234730291777e-11       1.520630316179e-12      -1.579135969275e-12       6.821239516882e-15       4.369217698696e-16       9.298924251280e-17      -1.767662529458e-17 
 1923       3.229020899494e-11       1.520286543185e-12      -1.598799586186e-12       6.813118971225e-15       4.360012780649e-16       9.342761734423e-17      -1.770041854964e-17 
 1924       3.223465443445e-11       1.519812203708e-12      -1.618410798977e-12       6.805029061029e-15       4.350831655920e-16       9.386690647929e-17      -1.772109602739e-17 
 1925       3.218063560165e-11       1.519206604101e-12      -1.637959377929e-12       6.796970102376e-15       4.341674236823e-16       9.430747525220e-17      -1.773856383590e-17 
 1926       3.212814883081e-11       1.518469049083e-12      -1.657435051569e-12       6.788942412195e-15       4.332540434918e-16       9.474969051166e-17      -1.775272772346e-17 
 1927       3.207719042499e-11       1.517598841741e-12      -1.676827506618e-12       6.780946308265e-15       4.323430161001e-16       9.519392062283e-17      -1.776349307818e-17 
 1928       3.202775665608e-11       1.516595283528e-12      -1.696126387938e-12       6.772982109209e-15       4.314343325110e-16       9.564053546924e-17      -1.777076492750e-17 
 1929       3.197984376467e-11       1.515457674260e-12      -1.715321298475e-12       6.765050134503e-15       4.305279836521e-16       9.608990645484e-17      -1.777444793776e-17 
 1930       3.193344796005e-11       1.514185312114e-12      -1.734401799208e-12       6.757150704471e-15       4.296239603748e-16       9.654240650590e-17      -1.777444641372e-17 
 1931       3.188856253465e-11       1.512777819235e-12      -1.753358200790e-12       6.749284063865e-15       4.287222540869e-16       9.699826005311e-17      -1.777069281585e-17 
 1932       3.184516918355e-11       1.511236121239e-12      -1.772183945137e-12       6.741450151970e-15       4.278228586567e-16       9.745709173097e-17      -1.776323354926e-17 
 1933       3.180324661907e-11       1.509561475129e-12      -1.790873241784e-12       6.733648830755e-15       4.269257685235e-16       9.791837426179e-17      -1.775214382409e-17 
 1934       3.176277345019e-11       1.507755144372e-12      -1.809420277796e-12       6.725879961142e-15       4.260309780652e-16       9.838157816219e-17      -1.773749919724e-17 
 1935       3.172372818237e-11       1.505818398907e-12      -1.827819217743e-12       6.718143403001e-15       4.251384815990e-16       9.884617174026e-17      -1.771937557287e-17 
 1936       3.168608921745e-11       1.503752515158e-12      -1.846064203669e-12       6.710439015150e-15       4.242482733806e-16       9.931162109266e-17      -1.769784920287e-17 
 1937       3.164983485348e-11       1.501558776036e-12      -1.864149355069e-12       6.702766655350e-15       4.233603476047e-16       9.977739010179e-17      -1.767299668727e-17 
 1938       3.161494328460e-11       1.499238470955e-12      -1.882068768852e-12       6.695126180309e-15       4.224746984043e-16       1.002429404329e-16      -1.764489497478e-17 
 1939       3.158139260088e-11       1.496792895836e-12      -1.899816519321e-12       6.687517445674e-15       4.215913198511e-16       1.007077315314e-16      -1.761362136318e-17 
 1940       3.154916078818e-11       1.494223353117e-12      -1.917386658139e-12       6.679940306036e-15       4.207102059551e-16       1.011712206196e-16      -1.757925349985e-17 
 1941       3.151822572805e-11       1.491531151765e-12      -1.934773214304e-12       6.672394614921e-15       4.198313506646e-16       1.016328626942e-16      -1.754186938217e-17 
 1942       3.148856519752e-11       1.488717607278e-12      -1.951970194120e-12       6.664880224797e-15       4.189547478664e-16       1.020921105234e-16      -1.750154735803e-17 
 1943       3.146015686904e-11       1.485784041704e-12      -1.968971581165e-12       6.657396987063e-15       4.180803913850e-16       1.025484146440e-16      -1.745836612628e-17 
 1944       3.143297831026e-11       1.482731783638e-12      -1.985771336269e-12       6.649944752058e-15       4.172082749831e-16       1.030012233584e-16      -1.741240473719e-17 
 1945       3.140700698396e-11       1.479562168241e-12      -2.002363397481e-12       6.642523369047e-15       4.163383923613e-16       1.034499827319e-16      -1.736374259290e-17 
 1946       3.138222024784e-11       1.476276537245e-12      -2.018741680042e-12       6.635132686232e-15       4.154707371581e-16       1.038941365897e-16      -1.731245944793e-17 
 1947       3.135859535445e-11       1.472876238958e-12      -2.034900076358e-12       6.627772550740e-15       4.146053029495e-16       1.043331265143e-16      -1.725863540958e-17 
 1948       3.133610945101e-11       1.469362628282e-12      -2.050832455967e-12       6.620442808628e-15       4.137420832494e-16       1.047663918422e-16      -1.720235093845e-17 
 1949       3.131473957926e-11       1.465737066712e-12      -2.066532665519e-12       6.613143304879e-15       4.128810715089e-16       1.051933696617e-16      -1.714368684885e-17 
 1950       3.129446267534e-11       1.462000922352e-12      -2.081994528737e-12       6.605873883399e-15       4.120222611167e-16       1.056134948094e-16      -1.708272430933e-17 
 1951       3.127525556966e-11       1.458155569920e-12      -2.097211846400e-12       6.598634387021e-15       4.111656453989e-16       1.060261998675e-16      -1.701954484307e-17 
 1952       3.125709498673e-11       1.454202390759e-12      -2.112178396303e-12       6.591424657494e-15       4.103112176186e-16       1.064309151612e-16      -1.695423032840e-17 
 1953       3.123995754504e-11       1.450142772846e-12      -2.126887933240e-12       6.584244535490e-15       4.094589709762e-16       1.068270687556e-16      -1.688686299925e-17 
 1954       3.122381975691e-11       1.445978110798e-12      -2.141334188966e-12       6.577093860600e-15       4.086088986090e-16       1.072140864530e-16      -1.681752544558e-17 
 1955       3.120865802837e-11       1.441709805883e-12      -2.155510872177e-12       6.569972471328e-15       4.077609935912e-16       1.075913917898e-16      -1.674630061390e-17 
 1956       3.119444865897e-11       1.437339266032e-12      -2.169411668473e-12       6.562880205097e-15       4.069152489341e-16       1.079584060339e-16      -1.667327180768e-17 
 1957       3.118116784169e-11       1.432867905840e-12      -2.183030240337e-12       6.555816898239e-15       4.060716575853e-16       1.083145481816e-16      -1.659852268785e-17 
 1958       3.116879166281e-11       1.428297146584e-12      -2.196360227105e-12       6.548782386002e-15       4.052302124294e-16       1.086592349549e-16      -1.652213727325e-17 
 1959       3.115729610169e-11       1.423628416224e-12      -2.209395244932e-12       6.541776502542e-15       4.043909062872e-16       1.089918807989e-16      -1.644419994109e-17 
 1960       3.114665703071e-11       1.418863149417e-12      -2.222128886773e-12       6.534799080923e-15       4.035537319162e-16       1.093118978781e-16      -1.636479542741e-17 
 1961       3.113685021511e-11       1.414002787525e-12      -2.234554722347e-12       6.527849953118e-15       4.027186820101e-16       1.096186960746e-16      -1.628400882758e-17 
 1962       3.112785131282e-11       1.409048778621e-12      -2.246666298112e-12       6.520928950002e-15       4.018857491988e-16       1.099116829844e-16      -1.620192559669e-17 
 1963       3.111963587436e-11       1.404002577501e-12      -2.258457137237e-12       6.514035901358e-15       4.010549260484e-16       1.101902639150e-16      -1.611863155011e-17 
 1964       3.111217934265e-11       1.398865645694e-12      -2.269920739571e-12       6.507170635866e-15       4.002262050610e-16       1.104538418824e-16      -1.603421286386e-17 
 1965       3.110545705293e-11       1.393639451465e-12      -2.281050581617e-12       6.500332981112e-15       3.993995786746e-16       1.107018176082e-16      -1.594875607513e-17 
 1966       3.109944423257e-11       1.388325469831e-12      -2.291840116505e-12       6.493522763576e-15       3.985750392632e-16       1.109335895167e-16      -1.586234808274e-17 
 1967       3.109411600097e-11       1.382925182565e-12      -2.302282773959e-12       6.486739808639e-15       3.977525791361e-16       1.111485537324e-16      -1.577507614758e-17 
 1968       3.108944736936e-11       1.377440078206e-12      -2.312371960273e-12       6.479983940576e-15       3.969321905388e-16       1.113461040765e-16      -1.568702789307e-17 
 1969       3.108541324075e-11       1.371871652070e-12      -2.322101058281e-12       6.473254982555e-15       3.961138656520e-16       1.115256320648e-16      -1.559829130568e-17 
 1970       3.108198840968e-11       1.366221406256e-12      -2.331463427326e-12       6.466552756638e-15       3.952975965918e-16       1.116865269041e-16      -1.550895473532e-17 
 1971       3.107914774128e-11       1.360490945050e-12      -2.340453520707e-12       6.459877048129e-15       3.944833759459e-16       1.118283682100e-16      -1.541908512424e-17 
 1972       3.107686670975e-11       1.354682261882e-12      -2.349070247124e-12       6.453227498334e-15       3.936711983858e-16       1.119515057293e-16      -1.532866251595e-17 
 1973       3.107512086359e-11       1.348797454520e-12      -2.357313634135e-12       6.446603710999e-15       3.928610590660e-16       1.120564839166e-16      -1.523764506089e-17 
 1974       3.107388564666e-11       1.342838629877e-12      -2.365183712956e-12       6.440005287891e-15       3.920529530896e-16       1.121438496078e-16      -1.514599074366e-17 
 1975       3.107313639811e-11       1.336807904024e-12      -2.372680518472e-12       6.433431828785e-15       3.912468755072e-16       1.122141520240e-16      -1.505365738287e-17 
 1976       3.107284835218e-11       1.330707402205e-12      -2.379804089239e-12       6.426882931472e-15       3.904428213177e-16       1.122679427736e-16      -1.496060263086e-17 
 1977       3.107299663813e-11       1.324539258845e-12      -2.386554467495e-12       6.420358191748e-15       3.896407854677e-16       1.123057758560e-16      -1.486678397353e-17 
 1978       3.107355628007e-11       1.318305617564e-12      -2.392931699159e-12       6.413857203416e-15       3.888407628517e-16       1.123282076646e-16      -1.477215873013e-17 
 1979       3.107450219682e-11       1.312008631188e-12      -2.398935833844e-12       6.407379558281e-15       3.880427483119e-16       1.123357969896e-16      -1.467668405306e-17 
 1980       3.107580920179e-11       1.305650461761e-12      -2.404566924858e-12       6.400924846148e-15       3.872467366379e-16       1.123291050216e-16      -1.458031692761e-17 
 1981       3.107745200284e-11       1.299233280558e-12      -2.409825029216e-12       6.394492654819e-15       3.864527225671e-16       1.123086953541e-16      -1.448301417183e-17 
 1982       3.107940520216e-11       1.292759268094e-12      -2.414710207638e-12       6.388082570094e-15       3.856607007843e-16       1.122751339872e-16      -1.438473243625e-17 
 1983       3.108164329610e-11       1.286230614139e-12      -2.419222524564e-12       6.381694175760e-15       3.848706659216e-16       1.122289893301e-16      -1.428542820372e-17 
 1984       3.108414067506e-11       1.279649517727e-12      -2.423362048153e-12       6.375327053597e-15       3.840826125585e-16       1.121708322047e-16      -1.418505778917e-17 
 1985       3.108687162336e-11       1.273018187172e-12      -2.427128850293e-12       6.368980783370e-15       3.832965352215e-16       1.121012358482e-16      -1.408357733943e-17 
 1986       3.108981031910e-11       1.266338840074e-12      -2.430523006608e-12       6.362654942827e-15       3.825124283845e-16       1.120207759166e-16      -1.398094283298e-17 
 1987       3.109293083400e-11       1.259613703335e-12      -2.433544596459e-12       6.356349107700e-15       3.817302864683e-16       1.119300304876e-16      -1.387711007979e-17 
 1988       3.109620713331e-11       1.252845013171e-12      -2.436193702957e-12       6.350062851696e-15       3.809501038406e-16       1.118295800639e-16      -1.377203472109e-17 
 1989       3.109961307565e-11       1.246035015122e-12      -2.438470412963e-12       6.343795746501e-15       3.801718748160e-16       1.117200075758e-16      -1.366567222915e-17 
 1990       3.110312241286e-11       1.239185964062e-12      -2.440374817098e-12       6.337547361770e-15       3.793955936561e-16       1.116018983848e-16      -1.355797790707e-17 
 1991       3.110670878988e-11       1.232300124217e-12      -2.441907009748e-12       6.331317265134e-15       3.786212545690e-16       1.114758402865e-16      -1.344890688860e-17 
 1992       3.111034574465e-11       1.225379769172e-12      -2.443067089069e-12       6.325105022185e-15       3.778488517095e-16       1.113424235137e-16      -1.333841413791e-17 
 1993       3.111400670791e-11       1.218427181882e-12      -2.443855156997e-12       6.318910196486e-15       3.770783791789e-16       1.112022407393e-16      -1.322645444938e-17 
 1994       3.111766500310e-11       1.211444654687e-12      -2.444271319249e-12       6.312732349558e-15       3.763098310250e-16       1.110558870797e-16      -1.311298244740e-17 
 1995       3.112129384625e-11       1.204434489325e-12      -2.444315685332e-12       6.306571040883e-15       3.755432012420e-16       1.109039600978e-16      -1.299795258616e-17 
 1996       3.112486634578e-11       1.197398996938e-12      -2.443988368549e-12       6.300425827900e-15       3.747784837705e-16       1.107470598059e-16      -1.288131914944e-17 
 1997       3.112835550244e-11       1.190340498089e-12      -2.443289486005e-12       6.294296266002e-15       3.740156724971e-16       1.105857886691e-16      -1.276303625039e-17 
 1998       3.113173420910e-11       1.183261322771e-12      -2.442219158613e-12       6.288181908533e-15       3.732547612546e-16       1.104207516081e-16      -1.264305783134e-17 
 1999       3.113497525067e-11       1.176163810422e-12      -2.440777511101e-12       6.282082306786e-15       3.724957438220e-16       1.102525560024e-16      -1.252133766358e-17 
 2000       3.113805130397e-11       1.169050309932e-12      -2.438964672016e-12       6.275997010000e-15       3.717386139242e-16       1.100818116935e-16      -1.239782934716e-17 
 2001       3.114093493754e-11       1.161923179661e-12      -2.436780773731e-12       6.269925565356e-15       3.709833652318e-16       1.099091309878e-16      -1.227248631067e-17 
 2002       3.114359861155e-11       1.154784787445e-12      -2.434225952454e-12       6.263867517978e-15       3.702299913615e-16       1.097351286599e-16      -1.214526181105e-17 
 2003       3.114601467766e-11       1.147637510611e-12      -2.431300348230e-12       6.257822410926e-15       3.694784858756e-16       1.095604219555e-16      -1.201610893334e-17 
 2004       3.114815537887e-11       1.140483735989e-12      -2.428004104950e-12       6.251789785195e-15       3.687288422819e-16       1.093856305944e-16      -1.188498059052e-17 
 2005       3.114999284940e-11       1.133325859921e-12      -2.424337370354e-12       6.245769179713e-15       3.679810540341e-16       1.092113767740e-16      -1.175182952330e-17 
 2006       3.115149911455e-11       1.126166288276e-12      -2.420300296043e-12       6.239760131339e-15       3.672351145309e-16       1.090382851721e-16      -1.161660829985e-17 
 2007       3.115264609055e-11       1.119007436461e-12      -2.415893037477e-12       6.233762174857e-15       3.664910171168e-16       1.088669829499e-16      -1.147926931566e-17 
 2008       3.115340558445e-11       1.111851729433e-12      -2.411115753990e-12       6.227774842976e-15       3.657487550815e-16       1.086980997553e-16      -1.133976479331e-17 
 2009       3.115374929399e-11       1.104701601709e-12      -2.405968608787e-12       6.221797666327e-15       3.650083216599e-16       1.085322677259e-16      -1.119804678223e-17 
 2010       3.115364880741e-11       1.097559497380e-12      -2.400451768960e-12       6.215830173460e-15       3.642697100319e-16       1.083701214921e-16      -1.105406715856e-17 
 2011       3.115307818717e-11       1.090427728341e-12      -2.394566167358e-12       6.209871906444e-15       3.635329138302e-16       1.082121328573e-16      -1.090780284384e-17 
 2012       3.115202174164e-11       1.083308047832e-12      -2.388315794285e-12       6.203922467805e-15       3.627979286659e-16       1.080581135162e-16      -1.075933166247e-17 
 2013       3.115046630968e-11       1.076202073820e-12      -2.381705422499e-12       6.197981473925e-15       3.620647506136e-16       1.079077087236e-16      -1.060875703601e-17 
 2014       3.114839868190e-11       1.069111430499e-12      -2.374739846878e-12       6.192048539469e-15       3.613333757049e-16       1.077605622863e-16      -1.045618281482e-17 
 2015       3.114580560067e-11       1.062037748304e-12      -2.367423884455e-12       6.186123277377e-15       3.606037999284e-16       1.076163165615e-16      -1.030171327864e-17 
 2016       3.114267376000e-11       1.054982663914e-12      -2.359762374442e-12       6.180205298871e-15       3.598760192292e-16       1.074746124551e-16      -1.014545313711e-17 
 2017       3.113898980551e-11       1.047947820261e-12      -2.351760178261e-12       6.174294213442e-15       3.591500295093e-16       1.073350894198e-16      -9.987507530306e-18 
 2018       3.113474033436e-11       1.040934866541e-12      -2.343422179572e-12       6.168389628856e-15       3.584258266276e-16       1.071973854532e-16      -9.827982029303e-18 
 2019       3.112991189519e-11       1.033945458215e-12      -2.334753284301e-12       6.162491151150e-15       3.577034063992e-16       1.070611370962e-16      -9.666982636685e-18 
 2020       3.112449098810e-11       1.026981257023e-12      -2.325758420670e-12       6.156598384627e-15       3.569827645960e-16       1.069259794311e-16      -9.504615787101e-18 
 2021       3.111846406452e-11       1.020043930988e-12      -2.316442539226e-12       6.150710931856e-15       3.562638969463e-16       1.067915460796e-16      -9.340988347801e-18 
 2022       3.111181752723e-11       1.013135154424e-12      -2.306810612867e-12       6.144828393668e-15       3.555467991350e-16       1.066574692011e-16      -9.176207619174e-18 
 2023       3.110453773024e-11       1.006256607944e-12      -2.296867636876e-12       6.138950369157e-15       3.548314668029e-16       1.065233794912e-16      -9.010381335289e-18 
 2024       3.109661097876e-11       9.994099784690e-13      -2.286618628944e-12       6.133076455675e-15       3.541178955476e-16       1.063889061793e-16      -8.843617664431e-18 
 2025       3.108802352915e-11       9.925969592343e-13      -2.276068629202e-12       6.127206248830e-15       3.534060809225e-16       1.062536770273e-16      -8.676025209646e-18 
 2026       3.107876158883e-11       9.858192497966e-13      -2.265222700248e-12       6.121339342485e-15       3.526960184373e-16       1.061173183276e-16      -8.507713009274e-18 
 2027       3.106881131627e-11       9.790785560428e-13      -2.254085927180e-12       6.115475328755e-15       3.519877035578e-16       1.059794549009e-16      -8.338790537494e-18 
 2028       3.105815882086e-11       9.723765901969e-13      -2.242663417617e-12       6.109613798003e-15       3.512811317058e-16       1.058397100954e-16      -8.169367704857e-18 
 2029       3.104679016295e-11       9.657150708279e-13      -2.230960301736e-12       6.103754338842e-15       3.505762982589e-16       1.056977057837e-16      -7.999554858833e-18 
 2030       3.103469135368e-11       9.590957228577e-13      -2.218981732294e-12       6.097896538128e-15       3.498731985508e-16       1.055530623620e-16      -7.829462784342e-18 
 2031       3.102184835503e-11       9.525202775680e-13      -2.206732884664e-12       6.092039980963e-15       3.491718278707e-16       1.054053987479e-16      -7.659202704301e-18 
 2032       3.100824707966e-11       9.459904726087e-13      -2.194218956854e-12       6.086184250687e-15       3.484721814639e-16       1.052543323785e-16      -7.488886280157e-18 
 2033       3.099387339095e-11       9.395080520051e-13      -2.181445169546e-12       6.080328928879e-15       3.477742545310e-16       1.050994792086e-16      -7.318625612431e-18 
 2034       3.097871310287e-11       9.330747661658e-13      -2.168416766118e-12       6.074473595356e-15       3.470780422284e-16       1.049404537092e-16      -7.148533241254e-18 
 2035       3.096275197993e-11       9.266923718898e-13      -2.155139012673e-12       6.068617828168e-15       3.463835396680e-16       1.047768688654e-16      -6.978722146907e-18 
 2036       3.094597573717e-11       9.203626323749e-13      -2.141617198074e-12       6.062761203596e-15       3.456907419173e-16       1.046083361745e-16      -6.809305750362e-18 
 2037       3.092837004004e-11       9.140873172246e-13      -2.127856633963e-12       6.056903296151e-15       3.449996439989e-16       1.044344656445e-16      -6.640397913821e-18 
 2038       3.090992050440e-11       9.078682024564e-13      -2.113862654800e-12       6.051043678573e-15       3.443102408909e-16       1.042548657920e-16      -6.472112941253e-18 
 2039       3.089061269640e-11       9.017070705088e-13      -2.099640617882e-12       6.045181921824e-15       3.436225275267e-16       1.040691436406e-16      -6.304565578935e-18 
 2040       3.087043213248e-11       8.956057102494e-13      -2.085195903380e-12       6.039317595093e-15       3.429364987948e-16       1.038769047190e-16      -6.137871015991e-18 
 2041       3.084936427927e-11       8.895659169824e-13      -2.070533914363e-12       6.033450265785e-15       3.422521495389e-16       1.036777530591e-16      -5.972144884931e-18 
 2042       3.082739455357e-11       8.835894924559e-13      -2.055660076828e-12       6.027579499527e-15       3.415694745577e-16       1.034712911944e-16      -5.807503262192e-18 
 2043       3.080450832223e-11       8.776782448701e-13      -2.040579839729e-12       6.021704860159e-15       3.408884686049e-16       1.032571201578e-16      -5.644062668675e-18 
 2044       3.078069090218e-11       8.718339888847e-13      -2.025298675004e-12       6.015825909739e-15       3.402091263892e-16       1.030348394803e-16      -5.481940070284e-18 
 2045       3.075592756027e-11       8.660585456261e-13      -2.009822077607e-12       6.009942208532e-15       3.395314425740e-16       1.028040471888e-16      -5.321252878469e-18 
 2046       3.073020351332e-11       8.603537426959e-13      -1.994155565534e-12       6.004053315015e-15       3.388554117777e-16       1.025643398045e-16      -5.162118950761e-18 
 2047       3.070350392796e-11       8.547214141778e-13      -1.978304679854e-12       5.998158785873e-15       3.381810285733e-16       1.023153123409e-16      -5.004656591313e-18 
 2048       3.067581392064e-11       8.491634006453e-13      -1.962274984736e-12       5.992258175993e-15       3.375082874883e-16       1.020565583021e-16      -4.848984551441e-18 
 2049       3.064711855756e-11       8.436815491700e-13      -1.946072067475e-12       5.986351038467e-15       3.368371830051e-16       1.017876696811e-16      -4.695222030159e-18 
 2050       3.061740285457e-11       8.382777133282e-13      -1.929701538529e-12       5.980436924587e-15       3.361677095605e-16       1.015082369577e-16      -4.543488674724e-18 
 2051       3.058665484115e-11       8.329534973140e-13      -1.913169084110e-12       5.974515432743e-15       3.354998618590e-16       1.012179571397e-16      -4.393876838182e-18 
 2052       3.055487477612e-11       8.277094862645e-13      -1.896480624337e-12       5.968586355508e-15       3.348336358158e-16       1.009169587325e-16      -4.246368134517e-18 
 2053       3.052206599754e-11       8.225460104565e-13      -1.879642156269e-12       5.962649533600e-15       3.341690276207e-16       1.006054790850e-16      -4.100916289060e-18 
 2054       3.048823186477e-11       8.174634007033e-13      -1.862659701475e-12       5.956704807072e-15       3.335060334249e-16       1.002837565584e-16      -3.957474827154e-18 
 2055       3.045337575847e-11       8.124619883557e-13      -1.845539306055e-12       5.950752015317e-15       3.328446493412e-16       9.995203052822e-17      -3.815997073906e-18 
 2056       3.041750108062e-11       8.075421053019e-13      -1.828287040678e-12       5.944790997063e-15       3.321848714439e-16       9.961054138471e-17      -3.676436153933e-18 
 2057       3.038061125458e-11       8.027040839676e-13      -1.810909000608e-12       5.938821590372e-15       3.315266957687e-16       9.925953053463e-17      -3.538744991112e-18 
 2058       3.034270972511e-11       7.979482573169e-13      -1.793411305735e-12       5.932843632644e-15       3.308701183127e-16       9.889924040236e-17      -3.402876308329e-18 
 2059       3.030379995838e-11       7.932749588522e-13      -1.775800100606e-12       5.926856960608e-15       3.302151350343e-16       9.852991443120e-17      -3.268782627223e-18 
 2060       3.026388544202e-11       7.886845226148e-13      -1.758081554455e-12       5.920861410329e-15       3.295617418530e-16       9.815179708459e-17      -3.136416267939e-18 
 2061       3.022296968515e-11       7.841772831850e-13      -1.740261861233e-12       5.914856817204e-15       3.289099346497e-16       9.776513384743e-17      -3.005729348872e-18 
 2062       3.018105621837e-11       7.797535756827e-13      -1.722347239637e-12       5.908843015958e-15       3.282597092663e-16       9.737017122731e-17      -2.876673786421e-18 
 2063       3.013814859385e-11       7.754137357675e-13      -1.704343933143e-12       5.902819840648e-15       3.276110615059e-16       9.696715675582e-17      -2.749201294732e-18 
 2064       3.009425038532e-11       7.711580996391e-13      -1.686258210035e-12       5.896787124663e-15       3.269639871323e-16       9.655633898976e-17      -2.623263385447e-18 
 2065       3.004936518811e-11       7.669870040378e-13      -1.668096363435e-12       5.890744700715e-15       3.263184818707e-16       9.613796751245e-17      -2.498811367455e-18 
 2066       3.000349661917e-11       7.629007862445e-13      -1.649864711331e-12       5.884692400848e-15       3.256745414068e-16       9.571229293499e-17      -2.375796346639e-18 
 2067       2.995664831712e-11       7.588997840813e-13      -1.631569596614e-12       5.878630056432e-15       3.250321613874e-16       9.527956689750e-17      -2.254169225622e-18 
 2068       2.990882394225e-11       7.549843359120e-13      -1.613217387098e-12       5.872557498161e-15       3.243913374200e-16       9.484004207044e-17      -2.133880703519e-18 
 2069       2.986002717658e-11       7.511547806420e-13      -1.594814475562e-12       5.866474556056e-15       3.237520650726e-16       9.439397215581e-17      -2.014881275683e-18 
 2070       2.981026172386e-11       7.474114577186e-13      -1.576367279770e-12       5.860381059461e-15       3.231143398743e-16       9.394161188848e-17      -1.897121233453e-18 
 2071       2.975953130961e-11       7.437547071321e-13      -1.557882242507e-12       5.854276837045e-15       3.224781573144e-16       9.348321703742e-17      -1.780550663903e-18 
 2072       2.970783968117e-11       7.401848694152e-13      -1.539365831608e-12       5.848161716798e-15       3.218435128429e-16       9.301904440698e-17      -1.665119449591e-18 
 2073       2.965519060771e-11       7.367022856440e-13      -1.520824539989e-12       5.842035526033e-15       3.212104018704e-16       9.254935183815e-17      -1.550777268306e-18 
 2074       2.960158788023e-11       7.333072974378e-13      -1.502264885673e-12       5.835898091382e-15       3.205788197676e-16       9.207439820983e-17      -1.437473592817e-18 
 2075       2.954703531166e-11       7.300002469600e-13      -1.483693411826e-12       5.829749238798e-15       3.199487618660e-16       9.159444344009e-17      -1.325157690621e-18 
 2076       2.949153673683e-11       7.267814769180e-13      -1.465116686786e-12       5.823588793554e-15       3.193202234571e-16       9.110974848748e-17      -1.213778623691e-18 
 2077       2.943509601250e-11       7.236513305637e-13      -1.446541304089e-12       5.817416580241e-15       3.186931997927e-16       9.062057535222e-17      -1.103285248224e-18 
 2078       2.937771701744e-11       7.206101516938e-13      -1.427973882503e-12       5.811232422766e-15       3.180676860848e-16       9.012718707754e-17      -9.936262143924e-19 
 2079       2.931940365240e-11       7.176582846502e-13      -1.409421066059e-12       5.805036144354e-15       3.174436775057e-16       8.962984775090e-17      -8.847499660864e-19 
 2080       2.926015984018e-11       7.147960743204e-13      -1.390889524079e-12       5.798827567545e-15       3.168211691875e-16       8.912882250528e-17      -7.766047406674e-19 
 2081       2.919998952564e-11       7.120238661374e-13      -1.372385951207e-12       5.792606514194e-15       3.162001562224e-16       8.862437752043e-17      -6.691385687139e-19 
 2082       2.913889667572e-11       7.093420060807e-13      -1.353917067438e-12       5.786372805471e-15       3.155806336628e-16       8.811678002418e-17      -5.622992737704e-19 
 2083       2.907688527951e-11       7.067508406762e-13      -1.335489618151e-12       5.780126261858e-15       3.149625965207e-16       8.760629829363e-17      -4.560344720955e-19 
 2084       2.901395934823e-11       7.042507169964e-13      -1.317110374137e-12       5.773866703151e-15       3.143460397680e-16       8.709320165651e-17      -3.502915724102e-19 
 2085       2.895012291529e-11       7.018419826613e-13      -1.298786131630e-12       5.767593948454e-15       3.137309583365e-16       8.657776049235e-17      -2.450177756461e-19 
 2086       2.888538003630e-11       6.995249858383e-13      -1.280523712339e-12       5.761307816186e-15       3.131173471176e-16       8.606024623385e-17      -1.401600746940e-19 
 2087       2.881973478911e-11       6.973000752425e-13      -1.262329963473e-12       5.755008124073e-15       3.125052009624e-16       8.554093136804e-17      -3.566525415161e-20 
 2088       2.875319127385e-11       6.951676001372e-13      -1.244211757777e-12       5.748694689151e-15       3.118945146817e-16       8.502008943765e-17       6.852010992785e-20 
 2089       2.868575361294e-11       6.931279103345e-13      -1.226175993561e-12       5.742367327764e-15       3.112852830458e-16       8.449799504229e-17       1.724496502873e-19 
 2090       2.861742595113e-11       6.911813561949e-13      -1.208229594726e-12       5.736025855562e-15       3.106775007843e-16       8.397492383978e-17       2.761772087179e-19 
 2091       2.854821419818e-11       6.893280809380e-13      -1.190378962180e-12       5.729670138530e-15       3.100711629459e-16       8.345111130273e-17       3.797435438275e-19 
 2092       2.847813127032e-11       6.875673959821e-13      -1.172628323808e-12       5.723300246452e-15       3.094662659790e-16       8.292662867033e-17       4.831363521323e-19 
 2093       2.840719188554e-11       6.858984012322e-13      -1.154981373010e-12       5.716916300517e-15       3.088628066582e-16       8.240150613068e-17       5.863299675970e-19 
 2094       2.833541082435e-11       6.843201923677e-13      -1.137441816285e-12       5.710518422393e-15       3.082607817258e-16       8.187577398678e-17       6.892986285948e-19 
 2095       2.826280292986e-11       6.828318608373e-13      -1.120013373247e-12       5.704106734224e-15       3.076601878914e-16       8.134946265664e-17       7.920164777945e-19 
 2096       2.818938310782e-11       6.814324938535e-13      -1.102699776643e-12       5.697681358633e-15       3.070610218321e-16       8.082260267341e-17       8.944575620476e-19 
 2097       2.811516632675e-11       6.801211743873e-13      -1.085504772364e-12       5.691242418721e-15       3.064632801923e-16       8.029522468552e-17       9.965958322755e-19 
 2098       2.804016761799e-11       6.788969811629e-13      -1.068432119461e-12       5.684790038069e-15       3.058669595838e-16       7.976735945685e-17       1.098405143356e-18 
 2099       2.796440207576e-11       6.777589886521e-13      -1.051485590165e-12       5.678324340739e-15       3.052720565858e-16       7.923903786680e-17       1.199859254013e-18 
 2100       2.788788485728e-11       6.767062670691e-13      -1.034668969894e-12       5.671845451271e-15       3.046785677444e-16       7.871029091049e-17       1.300931826698e-18 
 2101       2.781063118280e-11       6.757378823653e-13      -1.017986057276e-12       5.665353494687e-15       3.040864895732e-16       7.818114969884e-17       1.401596427482e-18 
 2102       2.773265633570e-11       6.748528962235e-13      -1.001440664160e-12       5.658848596493e-15       3.034958185527e-16       7.765164545875e-17       1.501826525944e-18 
 2103       2.765397566260e-11       6.740503660531e-13      -9.850366156301e-13       5.652330882673e-15       3.029065511306e-16       7.712180953322e-17       1.601595495052e-18 
 2104       2.757460457335e-11       6.733293449842e-13      -9.687777500251e-13       5.645800479697e-15       3.023186837217e-16       7.659167338148e-17       1.700876611054e-18 
 2105       2.749455854119e-11       6.726888818626e-13      -9.526679189500e-13       5.639257514515e-15       3.017322127075e-16       7.606126857913e-17       1.799643053366e-18 
 2106       2.741385310281e-11       6.721280212443e-13      -9.367109872927e-13       5.632702114564e-15       3.011471344368e-16       7.553062681827e-17       1.897867904456e-18 
 2107       2.733250385838e-11       6.716458033901e-13      -9.209108332389e-13       5.626134407764e-15       3.005634452251e-16       7.499977990766e-17       1.995524149733e-18 
 2108       2.725052647169e-11       6.712412642604e-13      -9.052713482870e-13       5.619554522519e-15       2.999811413547e-16       7.446875977280e-17       2.092584677435e-18 
 2109       2.716793667017e-11       6.709134355096e-13      -8.897964372641e-13       5.612962587720e-15       2.994002190747e-16       7.393759845615e-17       2.189022278514e-18 
 2110       2.708475024502e-11       6.706613444809e-13      -8.744900183404e-13       5.606358732742e-15       2.988206746011e-16       7.340632811718e-17       2.284809646524e-18 
 2111       2.700098305124e-11       6.704840142010e-13      -8.593560230446e-13       5.599743087449e-15       2.982425041163e-16       7.287498103257e-17       2.379919377508e-18 
 2112       2.691665100775e-11       6.703804633746e-13      -8.443983962795e-13       5.593115782189e-15       2.976657037697e-16       7.234358959630e-17       2.474323969885e-18 
 2113       2.683177009743e-11       6.703497063789e-13      -8.296210963365e-13       5.586476947801e-15       2.970902696770e-16       7.181218631982e-17       2.567995824337e-18 
 2114       2.674635636721e-11       6.703907532587e-13      -8.150280949116e-13       5.579826715610e-15       2.965161979206e-16       7.128080383216e-17       2.660907243698e-18 
 2115       2.666042592816e-11       6.705026097206e-13      -8.006233771197e-13       5.573165217429e-15       2.959434845494e-16       7.074947488008e-17       2.753030432838e-18 
 2116       2.657399495555e-11       6.706842771278e-13      -7.864109415108e-13       5.566492585563e-15       2.953721255785e-16       7.021823232822e-17       2.844337498551e-18 
 2117       2.648707968894e-11       6.709347524947e-13      -7.723948000841e-13       5.559808952804e-15       2.948021169898e-16       6.968710915919e-17       2.934800449443e-18 
 2118       2.639969643223e-11       6.712530284818e-13      -7.585789783043e-13       5.553114452436e-15       2.942334547313e-16       6.915613847374e-17       3.024391195821e-18 
 2119       2.631186155377e-11       6.716380933897e-13      -7.449675151158e-13       5.546409218234e-15       2.936661347173e-16       6.862535349092e-17       3.113081549574e-18 
 2120       2.622359148643e-11       6.720889311544e-13      -7.315644629587e-13       5.539693384464e-15       2.931001528285e-16       6.809478754814e-17       3.200843224067e-18 
 2121       2.613490272767e-11       6.726045213418e-13      -7.183738877834e-13       5.532967085883e-15       2.925355049116e-16       6.756447410138e-17       3.287647834022e-18 
 2122       2.604581183960e-11       6.731838391419e-13      -7.053998690663e-13       5.526230457742e-15       2.919721867796e-16       6.703444672529e-17       3.373466895411e-18 
 2123       2.595633544909e-11       6.738258553640e-13      -6.926464998244e-13       5.519483635786e-15       2.914101942116e-16       6.650473911333e-17       3.458271825338e-18 
 2124       2.586649024782e-11       6.745295364310e-13      -6.801178866311e-13       5.512726756250e-15       2.908495229528e-16       6.597538507791e-17       3.542033941930e-18 
 2125       2.577629299239e-11       6.752938443741e-13      -6.678181496312e-13       5.505959955868e-15       2.902901687142e-16       6.544641855052e-17       3.624724464220e-18 
 2126       2.568576050435e-11       6.761177368276e-13      -6.557514225556e-13       5.499183371864e-15       2.897321271730e-16       6.491787358188e-17       3.706314512039e-18 
 2127       2.559490967031e-11       6.770001670232e-13      -6.439218527375e-13       5.492397141962e-15       2.891753939722e-16       6.438978434205e-17       3.786775105898e-18 
 2128       2.550375744202e-11       6.779400837850e-13      -6.323336011266e-13       5.485601404377e-15       2.886199647206e-16       6.386218512060e-17       3.866077166880e-18 
 2129       2.541232083642e-11       6.789364315240e-13      -6.209908423048e-13       5.478796297825e-15       2.880658349931e-16       6.333511032670e-17       3.944191516523e-18 
 2130       2.532061693574e-11       6.799881502326e-13      -6.098977645015e-13       5.471981961516e-15       2.875130003299e-16       6.280859448931e-17       4.021088876710e-18 
 2131       2.522866264206e-11       6.810941218726e-13      -5.990578448564e-13       5.465158559586e-15       2.869614565062e-16       6.228269101878e-17       4.096747657454e-18 
 2132       2.513647393892e-11       6.822530091465e-13      -5.884716697375e-13       5.458326354563e-15       2.864112003394e-16       6.175752863244e-17       4.171177378966e-18 
 2133       2.504406662480e-11       6.834634156076e-13      -5.781390994809e-13       5.451485634407e-15       2.858622288871e-16       6.123325531690e-17       4.244395410257e-18 
 2134       2.495145655824e-11       6.847239391602e-13      -5.680599917791e-13       5.444636688127e-15       2.853145391786e-16       6.071001960236e-17       4.316419195938e-18 
 2135       2.485865965788e-11       6.860331720522e-13      -5.582342016771e-13       5.437779805785e-15       2.847681282146e-16       6.018797056326e-17       4.387266256311e-18 
 2136       2.476569190256e-11       6.873897008687e-13      -5.486615815688e-13       5.430915278494e-15       2.842229929674e-16       5.966725781889e-17       4.456954187465e-18 
 2137       2.467256933138e-11       6.887921065248e-13      -5.393419811924e-13       5.424043398422e-15       2.836791303808e-16       5.914803153402e-17       4.525500661367e-18 
 2138       2.457930804378e-11       6.902389642594e-13      -5.302752476271e-13       5.417164458790e-15       2.831365373703e-16       5.863044241955e-17       4.592923425954e-18 
 2139       2.448592419961e-11       6.917288436281e-13      -5.214612252888e-13       5.410278753880e-15       2.825952108224e-16       5.811464173314e-17       4.659240305226e-18 
 2140       2.439243401917e-11       6.932603084962e-13      -5.128997559263e-13       5.403386579026e-15       2.820551475954e-16       5.760078127981e-17       4.724469199342e-18 
 2141       2.429885378332e-11       6.948319170324e-13      -5.045906786173e-13       5.396488230624e-15       2.815163445187e-16       5.708901341260e-17       4.788628084708e-18 
 2142       2.420519983354e-11       6.964422217016e-13      -4.965338297643e-13       5.389584006129e-15       2.809787983930e-16       5.657949103322e-17       4.851735014073e-18 
 2143       2.411148857197e-11       6.980897692586e-13      -4.887290430910e-13       5.382674204057e-15       2.804425059905e-16       5.607236759262e-17       4.913808116621e-18 
 2144       2.401773646154e-11       6.997731007407e-13      -4.811761496380e-13       5.375759123986e-15       2.799074640542e-16       5.556779709167e-17       4.974865598062e-18 
 2145       2.392396002597e-11       7.014907514614e-13      -4.738749777591e-13       5.368839066559e-15       2.793736692988e-16       5.506593408179e-17       5.034925740729e-18 
 2146       2.383017584992e-11       7.032412510034e-13      -4.668253531173e-13       5.361914333481e-15       2.788411184097e-16       5.456693366557e-17       5.094006903666e-18 
 2147       2.373640057896e-11       7.050231232121e-13      -4.600270986805e-13       5.354985227524e-15       2.783098080436e-16       5.407095149737e-17       5.152127522724e-18 
 2148       2.364265091976e-11       7.068348861885e-13      -4.534800347184e-13       5.348052052529e-15       2.777797348283e-16       5.357814378402e-17       5.209306110653e-18 
 2149       2.354894364004e-11       7.086750522823e-13      -4.471839787976e-13       5.341115113401e-15       2.772508953623e-16       5.308866728539e-17       5.265561257194e-18 
 2150       2.345529556875e-11       7.105421280857e-13      -4.411387457782e-13       5.334174716120e-15       2.767232862155e-16       5.260267931506e-17       5.320911629173e-18 
 2151       2.336172359604e-11       7.124346144262e-13      -4.353441478097e-13       5.327231167731e-15       2.761969039284e-16       5.212033774093e-17       5.375375970591e-18 
 2152       2.326824467341e-11       7.143510063599e-13      -4.297999943272e-13       5.320284776355e-15       2.756717450126e-16       5.164180098584e-17       5.428973102723e-18 
 2153       2.317487581374e-11       7.162897931645e-13      -4.245060920473e-13       5.313335851184e-15       2.751478059504e-16       5.116722802824e-17       5.481721924202e-18 
 2154       2.308163409138e-11       7.182494583330e-13      -4.194622449640e-13       5.306384702484e-15       2.746250831950e-16       5.069677840280e-17       5.533641411119e-18 
 2155       2.298853664219e-11       7.202284795667e-13      -4.146682543452e-13       5.299431641597e-15       2.741035731702e-16       5.023061220103e-17       5.584750617114e-18 
 2156       2.289560066365e-11       7.222253287682e-13      -4.101239187283e-13       5.292476980943e-15       2.735832722708e-16       4.976889007192e-17       5.635068673467e-18 
 2157       2.280284341489e-11       7.242384720349e-13      -4.058290339166e-13       5.285521034017e-15       2.730641768620e-16       4.931177322258e-17       5.684614789192e-18 
 2158       2.271028221682e-11       7.262663696522e-13      -4.017833929751e-13       5.278564115395e-15       2.725462832799e-16       4.885942341887e-17       5.733408251129e-18 
 2159       2.261793445211e-11       7.283074760865e-13      -3.979867862267e-13       5.271606540732e-15       2.720295878309e-16       4.841200298602e-17       5.781468424039e-18 
 2160       2.252581756536e-11       7.303602399787e-13      -3.944390012481e-13       5.264648626766e-15       2.715140867921e-16       4.796967480925e-17       5.828814750693e-18 
 2161       2.243394906309e-11       7.324231041374e-13      -3.911398228661e-13       5.257690691316e-15       2.709997764112e-16       4.753260233446e-17       5.875466751969e-18 
 2162       2.234234651385e-11       7.344945055317e-13      -3.880890331535e-13       5.250733053286e-15       2.704866529063e-16       4.710094956876e-17       5.921444026942e-18 
 2163       2.225102754831e-11       7.365728752850e-13      -3.852864114252e-13       5.243776032663e-15       2.699747124659e-16       4.667488108122e-17       5.966766252978e-18 
 2164       2.216000985927e-11       7.386566386679e-13      -3.827317342340e-13       5.236819950523e-15       2.694639512489e-16       4.625456200341e-17       6.011453185825e-18 
 2165       2.206931120178e-11       7.407442150916e-13      -3.804247753671e-13       5.229865129026e-15       2.689543653845e-16       4.584015803006e-17       6.055524659709e-18 
 2166       2.197894939319e-11       7.428340181007e-13      -3.783653058419e-13       5.222911891425e-15       2.684459509724e-16       4.543183541971e-17       6.099000587425e-18 
 2167       2.188894231323e-11       7.449244553670e-13      -3.765530939019e-13       5.215960562058e-15       2.679387040822e-16       4.502976099531e-17       6.141900960427e-18 
 2168       2.179930790409e-11       7.470139286824e-13      -3.749879050133e-13       5.209011466357e-15       2.674326207541e-16       4.463410214489e-17       6.184245848927e-18 
 2169       2.171006417044e-11       7.491008339522e-13      -3.736695018603e-13       5.202064930846e-15       2.669276969983e-16       4.424502682213e-17       6.226055401981e-18 
 2170       2.162122917957e-11       7.511835611881e-13      -3.725976443418e-13       5.195121283140e-15       2.664239287952e-16       4.386270354708e-17       6.267349847589e-18 
 2171       2.153281941396e-11       7.532605942000e-13      -3.717716189993e-13       5.188180839661e-15       2.659213124102e-16       4.348722948527e-17       6.308145859840e-18 
 2172       2.144484481688e-11       7.553308104183e-13      -3.711888238419e-13       5.181243868675e-15       2.654198453416e-16       4.311841415412e-17       6.348445633416e-18 
 2173       2.135731371352e-11       7.573931830795e-13      -3.708461739712e-13       5.174310627006e-15       2.649195253790e-16       4.275599425937e-17       6.388247735607e-18 
 2174       2.127023445549e-11       7.594466817075e-13      -3.707405712664e-13       5.167381372303e-15       2.644203502890e-16       4.239970548289e-17       6.427550732560e-18 
 2175       2.118361542077e-11       7.614902721092e-13      -3.708689043690e-13       5.160456363044e-15       2.639223178151e-16       4.204928248145e-17       6.466353189283e-18 
 2176       2.109746501382e-11       7.635229163703e-13      -3.712280486659e-13       5.153535858531e-15       2.634254256778e-16       4.170445888560e-17       6.504653669643e-18 
 2177       2.101179166555e-11       7.655435728514e-13      -3.718148662745e-13       5.146620118898e-15       2.629296715742e-16       4.136496729836e-17       6.542450736366e-18 
 2178       2.092660383338e-11       7.675511961830e-13      -3.726262060262e-13       5.139709405108e-15       2.624350531785e-16       4.103053929412e-17       6.579742951039e-18 
 2179       2.084191000125e-11       7.695447372621e-13      -3.736589034505e-13       5.132803978953e-15       2.619415681414e-16       4.070090541739e-17       6.616528874110e-18 
 2180       2.075771867966e-11       7.715231432475e-13      -3.749097807593e-13       5.125904103057e-15       2.614492140906e-16       4.037579518161e-17       6.652807064887e-18 
 2181       2.067403840569e-11       7.734853575554e-13      -3.763756468308e-13       5.119010040876e-15       2.609579886304e-16       4.005493706795e-17       6.688576081540e-18 
 2182       2.059087774304e-11       7.754303198557e-13      -3.780532971936e-13       5.112122056700e-15       2.604678893417e-16       3.973805852411e-17       6.723834481098e-18 
 2183       2.050824528206e-11       7.773569660673e-13      -3.799395140109e-13       5.105240415651e-15       2.599789137822e-16       3.942488596314e-17       6.758580819457e-18 
 2184       2.042614963975e-11       7.792642283541e-13      -3.820310660645e-13       5.098365383687e-15       2.594910594862e-16       3.911514476221e-17       6.792813651370e-18 
 2185       2.034459945983e-11       7.811510351204e-13      -3.843247087388e-13       5.091497227602e-15       2.590043239644e-16       3.880855926143e-17       6.826531530456e-18 
 2186       2.026360341272e-11       7.830163110074e-13      -3.868171840049e-13       5.084636215026e-15       2.585187047043e-16       3.850485276265e-17       6.859733009194e-18 
 2187       2.018317019563e-11       7.848589768880e-13      -3.895052204050e-13       5.077782614426e-15       2.580341991697e-16       3.820374752826e-17       6.892416638930e-18 
 2188       2.010330853253e-11       7.866779498634e-13      -3.923855330358e-13       5.070936695108e-15       2.575508048010e-16       3.790496477998e-17       6.924580969870e-18 
 2189       2.002402717421e-11       7.884721432584e-13      -3.954548235333e-13       5.064098727218e-15       2.570685190151e-16       3.760822469769e-17       6.956224551085e-18 
 2190       1.994533489831e-11       7.902404666172e-13      -3.987097800565e-13       5.057268981739e-15       2.565873392050e-16       3.731324641817e-17       6.987345930512e-18 
 2191       1.986724050932e-11       7.919818256992e-13      -4.021470772715e-13       5.050447730499e-15       2.561072627405e-16       3.701974803400e-17       7.017943654949e-18 
 2192       1.978975283866e-11       7.936951224751e-13      -4.057633763355e-13       5.043635246165e-15       2.556282869675e-16       3.672744659225e-17       7.048016270063e-18 
 2193       1.971288074463e-11       7.953792551218e-13      -4.095553248812e-13       5.036831802249e-15       2.551504092081e-16       3.643605809336e-17       7.077562320384e-18 
 2194       1.963663311254e-11       7.970331180193e-13      -4.135195570006e-13       5.030037673103e-15       2.546736267611e-16       3.614529748992e-17       7.106580349307e-18 
 2195       1.956101885465e-11       7.986556017453e-13      -4.176526932292e-13       5.023253133928e-15       2.541979369011e-16       3.585487868544e-17       7.135068899093e-18 
 2196       1.948604691024e-11       8.002455930720e-13      -4.219513405298e-13       5.016478460766e-15       2.537233368792e-16       3.556451453320e-17       7.163026510872e-18 
 2197       1.941172624562e-11       8.018019749610e-13      -4.264120922771e-13       5.009713930510e-15       2.532498239225e-16       3.527391683501e-17       7.190451724637e-18 
 2198       1.933806585420e-11       8.033236265597e-13      -4.310315282413e-13       5.002959820895e-15       2.527773952343e-16       3.498279634006e-17       7.217343079250e-18 
 2199       1.926507475646e-11       8.048094231967e-13      -4.358062145725e-13       4.996216410509e-15       2.523060479941e-16       3.469086274365e-17       7.243699112439e-18 
 2200       1.919276200002e-11       8.062582363776e-13      -4.407327037846e-13       4.989483978785e-15       2.518357793573e-16       3.439782468604e-17       7.269518360802e-18 
 2201       1.912113665965e-11       8.076689337809e-13      -4.458075347393e-13       4.982762806007e-15       2.513665864555e-16       3.410338975127e-17       7.294799359801e-18 
 2202       1.905020783731e-11       8.090403792536e-13      -4.510272326304e-13       4.976053173312e-15       2.508984663963e-16       3.380726446590e-17       7.319540643769e-18 
 2203       1.897998466216e-11       8.103714328072e-13      -4.563883089679e-13       4.969355362684e-15       2.504314162631e-16       3.350915429785e-17       7.343740745908e-18 
 2204       1.891047629061e-11       8.116609506130e-13      -4.618872615618e-13       4.962669656965e-15       2.499654331155e-16       3.320876365521e-17       7.367398198287e-18 
 2205       1.884169190633e-11       8.129077849984e-13      -4.675205745062e-13       4.955996339845e-15       2.495005139888e-16       3.290579588500e-17       7.390511531846e-18 
 2206       1.877364072032e-11       8.141107844423e-13      -4.732847181639e-13       4.949335695871e-15       2.490366558942e-16       3.259995327201e-17       7.413079276393e-18 
 2207       1.870633197086e-11       8.152687935710e-13      -4.791761491497e-13       4.942688010445e-15       2.485738558189e-16       3.229093703759e-17       7.435099960607e-18 
 2208       1.863977492361e-11       8.163806531540e-13      -4.851913103151e-13       4.936053569825e-15       2.481121107258e-16       3.197844733845e-17       7.456572112036e-18 
 2209       1.857397887161e-11       8.174452000994e-13      -4.913266307321e-13       4.929432661125e-15       2.476514175535e-16       3.166218326545e-17       7.477494257101e-18 
 2210       1.850895313532e-11       8.184612674503e-13      -4.975785256772e-13       4.922825572317e-15       2.471917732165e-16       3.134184284240e-17       7.497864921092e-18 
 2211       1.844470518267e-11       8.194278504159e-13      -5.039433760036e-13       4.916232558288e-15       2.467331747436e-16       3.101721227197e-17       7.517682270771e-18 
 2212       1.838123497561e-11       8.203446056765e-13      -5.104174661389e-13       4.909653738757e-15       2.462756196952e-16       3.068843432151e-17       7.536943039586e-18 
 2213       1.831854058623e-11       8.212113553760e-13      -5.169970456449e-13       4.903089199683e-15       2.458191057488e-16       3.035574171188e-17       7.555643595339e-18 
 2214       1.825662007322e-11       8.220279213866e-13      -5.236783497762e-13       4.896539027148e-15       2.453636305608e-16       3.001936803267e-17       7.573780296937e-18 
 2215       1.819547148194e-11       8.227941253081e-13      -5.304575994637e-13       4.890003307359e-15       2.449091917657e-16       2.967954774321e-17       7.591349494375e-18 
 2216       1.813509284435e-11       8.235097884678e-13      -5.373310012982e-13       4.883482126644e-15       2.444557869769e-16       2.933651617357e-17       7.608347528735e-18 
 2217       1.807548217901e-11       8.241747319208e-13      -5.442947475139e-13       4.876975571455e-15       2.440034137862e-16       2.899050952556e-17       7.624770732174e-18 
 2218       1.801663749103e-11       8.247887764493e-13      -5.513450159721e-13       4.870483728367e-15       2.435520697641e-16       2.864176487366e-17       7.640615427915e-18 
 2219       1.795855677212e-11       8.253517425624e-13      -5.584779701448e-13       4.864006684081e-15       2.431017524594e-16       2.829052016609e-17       7.655877930243e-18 
 2220       1.790123800051e-11       8.258634504967e-13      -5.656897590979e-13       4.857544525417e-15       2.426524593993e-16       2.793701422576e-17       7.670554544489e-18 
 2221       1.784467914096e-11       8.263237202150e-13      -5.729765174753e-13       4.851097339323e-15       2.422041880894e-16       2.758148675125e-17       7.684641567029e-18 
 2222       1.778887814474e-11       8.267323714072e-13      -5.803343654821e-13       4.844665212868e-15       2.417569360140e-16       2.722417831783e-17       7.698135285272e-18 
 2223       1.773383294959e-11       8.270892234893e-13      -5.877594088684e-13       4.838248233245e-15       2.413107006353e-16       2.686533037843e-17       7.711031977652e-18 
 2224       1.767954147975e-11       8.273940956038e-13      -5.952477389127e-13       4.831846487771e-15       2.408654793941e-16       2.650518526465e-17       7.723327913619e-18 
 2225       1.762600164591e-11       8.276468066194e-13      -6.027954324055e-13       4.825460063886e-15       2.404212697095e-16       2.614398618771e-17       7.735019353631e-18 
 2226       1.757321134517e-11       8.278471751304e-13      -6.103985516329e-13       4.819089049155e-15       2.399780689787e-16       2.578197723949e-17       7.746102549147e-18 
 2227       1.752116846108e-11       8.279950194573e-13      -6.180531443604e-13       4.812733531267e-15       2.395358745772e-16       2.541940339351e-17       7.756573742617e-18 
 2228       1.746987086357e-11       8.280901576459e-13      -6.257552438159e-13       4.806393598032e-15       2.390946838588e-16       2.505651050589e-17       7.766429167472e-18 
 2229       1.741931640898e-11       8.281324074677e-13      -6.335008686740e-13       4.800069337388e-15       2.386544941554e-16       2.469354531637e-17       7.775665048121e-18 
 2230       1.736950293998e-11       8.281215864192e-13      -6.412860230390e-13       4.793760837395e-15       2.382153027770e-16       2.433075544929e-17       7.784277599936e-18 
 2231       1.732042828563e-11       8.280575117224e-13      -6.491066964286e-13       4.787468186235e-15       2.377771070117e-16       2.396838941459e-17       7.792263029248e-18 
 2232       1.727209026127e-11       8.279400003238e-13      -6.569588637577e-13       4.781191472218e-15       2.373399041257e-16       2.360669660878e-17       7.799617533336e-18 
 2233       1.722448666861e-11       8.277688688951e-13      -6.648384853218e-13       4.774930783776e-15       2.369036913634e-16       2.324592731595e-17       7.806337300422e-18 
 2234       1.717761529562e-11       8.275439338324e-13      -6.727415067805e-13       4.768686209464e-15       2.364684659469e-16       2.288633270876e-17       7.812418509658e-18 
 2235       1.713147391654e-11       8.272650112563e-13      -6.806638591413e-13       4.762457837965e-15       2.360342250767e-16       2.252816484942e-17       7.817857331120e-18 
 2236       1.708606029191e-11       8.269319170117e-13      -6.886014587429e-13       4.756245758082e-15       2.356009659309e-16       2.217167669068e-17       7.822649925801e-18 
 2237       1.704137216849e-11       8.265444666674e-13      -6.965502072391e-13       4.750050058745e-15       2.351686856656e-16       2.181712207686e-17       7.826792445600e-18 
 2238       1.699740727925e-11       8.261024755166e-13      -7.045059915818e-13       4.743870829007e-15       2.347373814151e-16       2.146475574475e-17       7.830281033315e-18 
 2239       1.695416334338e-11       8.256057585759e-13      -7.124646840054e-13       4.737708158048e-15       2.343070502911e-16       2.111483332472e-17       7.833111822633e-18 
 2240       1.691163806629e-11       8.250541305856e-13      -7.204221420097e-13       4.731562135168e-15       2.338776893835e-16       2.076761134160e-17       7.835280938124e-18 
 2241       1.686982913951e-11       8.244474060095e-13      -7.283742083437e-13       4.725432849795e-15       2.334492957599e-16       2.042334721575e-17       7.836784495230e-18 
 2242       1.682873424076e-11       8.237853990347e-13      -7.363167109891e-13       4.719320391481e-15       2.330218664655e-16       2.008229926400e-17       7.837618600259e-18 
 2243       1.678835103389e-11       8.230679235713e-13      -7.442454631443e-13       4.713224849903e-15       2.325953985236e-16       1.974472670069e-17       7.837779350375e-18 
 2244       1.674867716887e-11       8.222947932525e-13      -7.521562632070e-13       4.707146314860e-15       2.321698889350e-16       1.941088963860e-17       7.837262833590e-18 
 2245       1.670971028176e-11       8.214658214342e-13      -7.600448947591e-13       4.701084876279e-15       2.317453346781e-16       1.908104909000e-17       7.836065128755e-18 
 2246       1.667144799472e-11       8.205808211948e-13      -7.679071265489e-13       4.695040624210e-15       2.313217327091e-16       1.875546696759e-17       7.834182305553e-18 
 2247       1.663388791597e-11       8.196396053353e-13      -7.757387124758e-13       4.689013648829e-15       2.308990799619e-16       1.843440608552e-17       7.831610424488e-18 
 2248       1.659702763979e-11       8.186419863790e-13      -7.835353915732e-13       4.683004040435e-15       2.304773733479e-16       1.811813016039e-17       7.828345536881e-18 
 2249       1.656086474646e-11       8.175877765711e-13      -7.912928879923e-13       4.677011889454e-15       2.300566097559e-16       1.780690381222e-17       7.824383684855e-18 
 2250       1.652539680232e-11       8.164767878790e-13      -7.990069109857e-13       4.671037286436e-15       2.296367860525e-16       1.750099256543e-17       7.819720901334e-18 
 2251       1.649062027701e-11       8.153089606769e-13      -8.066734972915e-13       4.665080292451e-15       2.292178992677e-16       1.720062216226e-17       7.814348562282e-18 
 2252       1.645652728785e-11       8.140847507160e-13      -8.142900407527e-13       4.659140850068e-15       2.287999471535e-16       1.690585621176e-17       7.808239410415e-18 
 2253       1.642310883429e-11       8.128047446710e-13      -8.218542693615e-13       4.653218871795e-15       2.283829276291e-16       1.661671774700e-17       7.801361440579e-18 
 2254       1.639035587858e-11       8.114695316860e-13      -8.293639034584e-13       4.647314269637e-15       2.279668385951e-16       1.633322984048e-17       7.793682539119e-18 
 2255       1.635825934579e-11       8.100797033779e-13      -8.368166557239e-13       4.641426955086e-15       2.275516779334e-16       1.605541560413e-17       7.785170483763e-18 
 2256       1.632681012369e-11       8.086358538387e-13      -8.442102311701e-13       4.635556839131e-15       2.271374435072e-16       1.578329818936e-17       7.775792943505e-18 
 2257       1.629599906274e-11       8.071385796387e-13      -8.515423271324e-13       4.629703832248e-15       2.267241331611e-16       1.551690078707e-17       7.765517478485e-18 
 2258       1.626581697608e-11       8.055884798294e-13      -8.588106332613e-13       4.623867844404e-15       2.263117447208e-16       1.525624662769e-17       7.754311539870e-18 
 2259       1.623625463942e-11       8.039861559461e-13      -8.660128315139e-13       4.618048785059e-15       2.259002759935e-16       1.500135898120e-17       7.742142469739e-18 
 2260       1.620730279105e-11       8.023322120113e-13      -8.731465961456e-13       4.612246563157e-15       2.254897247675e-16       1.475226115715e-17       7.728977500959e-18 
 2261       1.617895213178e-11       8.006272545369e-13      -8.802095937020e-13       4.606461087134e-15       2.250800888123e-16       1.450897650472e-17       7.714783757070e-18 
 2262       1.615119332488e-11       7.988718925276e-13      -8.871994830102e-13       4.600692264911e-15       2.246713658785e-16       1.427152841269e-17       7.699528252167e-18 
 2263       1.612401699608e-11       7.970667374837e-13      -8.941139151708e-13       4.594940003900e-15       2.242635536982e-16       1.403994030955e-17       7.683177890780e-18 
 2264       1.609741373346e-11       7.952124034039e-13      -9.009505335496e-13       4.589204210995e-15       2.238566499841e-16       1.381423566344e-17       7.665699467757e-18 
 2265       1.607137408748e-11       7.933095067879e-13      -9.077069737688e-13       4.583484792578e-15       2.234506524305e-16       1.359443798222e-17       7.647059668143e-18 
 2266       1.604588857089e-11       7.913586666397e-13      -9.143808636994e-13       4.577781654516e-15       2.230455587125e-16       1.338057081353e-17       7.627225067064e-18 
 2267       1.602094765870e-11       7.893605044706e-13      -9.209698234522e-13       4.572094702161e-15       2.226413664862e-16       1.317265774474e-17       7.606162129609e-18 
 2268       1.599654178812e-11       7.873156443013e-13      -9.274714653700e-13       4.566423840347e-15       2.222380733890e-16       1.297072240305e-17       7.583837210708e-18 
 2269       1.597266135856e-11       7.852247126658e-13      -9.338833940189e-13       4.560768973393e-15       2.218356770391e-16       1.277478845547e-17       7.560216555018e-18 
 2270       1.594929673154e-11       7.830883386133e-13      -9.402032061801e-13       4.555130005099e-15       2.214341750357e-16       1.258487960888e-17       7.535266296801e-18 
 2271       1.592643823068e-11       7.809071537119e-13      -9.464284908418e-13       4.549506838749e-15       2.210335649589e-16       1.240101961002e-17       7.508952459806e-18 
 2272       1.590407614163e-11       7.786817920510e-13      -9.525568291906e-13       4.543899377106e-15       2.206338443699e-16       1.222323224557e-17       7.481240957155e-18 
 2273       1.588220071204e-11       7.764128902443e-13      -9.585857946032e-13       4.538307522413e-15       2.202350108106e-16       1.205154134213e-17       7.452097591217e-18 
 2274       1.586080215152e-11       7.741010874326e-13      -9.645129526382e-13       4.532731176397e-15       2.198370618038e-16       1.188597076626e-17       7.421488053496e-18 
 2275       1.583987063160e-11       7.717470252869e-13      -9.703358610277e-13       4.527170240259e-15       2.194399948534e-16       1.172654442454e-17       7.389377924509e-18 
 2276       1.581939628568e-11       7.693513480112e-13      -9.760520696690e-13       4.521624614683e-15       2.190438074437e-16       1.157328626353e-17       7.355732673670e-18 
 2277       1.579936920897e-11       7.669147023450e-13      -9.816591206163e-13       4.516094199828e-15       2.186484970401e-16       1.142622026988e-17       7.320517659168e-18 
 2278       1.577977945848e-11       7.644377375668e-13      -9.871545480723e-13       4.510578895332e-15       2.182540610887e-16       1.128537047029e-17       7.283698127853e-18 
 2279       1.576061705295e-11       7.619211054967e-13      -9.925358783800e-13       4.505078600308e-15       2.178604970163e-16       1.115076093157e-17       7.245239215113e-18 
 2280       1.574187197283e-11       7.593654604990e-13      -9.978006300143e-13       4.499593213347e-15       2.174678022304e-16       1.102241576065e-17       7.205105944760e-18 
 2281       1.572353416020e-11       7.567714594855e-13      -1.002946313574e-12       4.494122632515e-15       2.170759741193e-16       1.090035910465e-17       7.163263228908e-18 
 2282       1.570559351878e-11       7.541397619182e-13      -1.007970431772e-12       4.488666755350e-15       2.166850100518e-16       1.078461515085e-17       7.119675867856e-18 
 2283       1.568803991384e-11       7.514710298122e-13      -1.012870479429e-12       4.483225478868e-15       2.162949073775e-16       1.067520812674e-17       7.074308549970e-18 
 2284       1.567086317217e-11       7.487659277387e-13      -1.017643943465e-12       4.477798699556e-15       2.159056634265e-16       1.057216230007e-17       7.027125851564e-18 
 2285       1.565405308204e-11       7.460251228274e-13      -1.022288302890e-12       4.472386313374e-15       2.155172755095e-16       1.047550197884e-17       6.978092236781e-18 
 2286       1.563759939319e-11       7.432492847701e-13      -1.026801028794e-12       4.466988215754e-15       2.151297409180e-16       1.038525151136e-17       6.927172057476e-18 
 2287       1.562149181670e-11       7.404390858230e-13      -1.031179584343e-12       4.461604301601e-15       2.147430569235e-16       1.030143528627e-17       6.874329553094e-18 
 2288       1.560572002505e-11       7.375952008098e-13      -1.035421424768e-12       4.456234465288e-15       2.143572207786e-16       1.022407773253e-17       6.819528850558e-18 
 2289       1.559027365201e-11       7.347183071248e-13      -1.039523997356e-12       4.450878600661e-15       2.139722297161e-16       1.015320331951e-17       6.762733964144e-18 
 2290       1.557514229259e-11       7.318090847352e-13      -1.043484741444e-12       4.445536601034e-15       2.135880809491e-16       1.008883655698e-17       6.703908795367e-18 
 2291       1.556031565354e-11       7.288682483405e-13      -1.047301534669e-12       4.440208349166e-15       2.132047718549e-16       1.003096179345e-17       6.643038799463e-18 
 2292       1.554578400571e-11       7.258966440671e-13      -1.050974034866e-12       4.434893687117e-15       2.128223005256e-16       9.979402330370e-18       6.580196136403e-18 
 2293       1.553153773447e-11       7.228951533974e-13      -1.054502346728e-12       4.429592446197e-15       2.124406652206e-16       9.933940535500e-18       6.515474935987e-18 
 2294       1.551756718943e-11       7.198646610729e-13      -1.057886576330e-12       4.424304456975e-15       2.120598641838e-16       9.894357973529e-18       6.448969669421e-18 
 2295       1.550386268441e-11       7.168060550987e-13      -1.061126831126e-12       4.419029549273e-15       2.116798956430e-16       9.860435405201e-18       6.380775149693e-18 
 2296       1.549041449741e-11       7.137202267461e-13      -1.064223219956e-12       4.413767552170e-15       2.113007578101e-16       9.831952786422e-18       6.310986531948e-18 
 2297       1.547721287054e-11       7.106080705572e-13      -1.067175853044e-12       4.408518293997e-15       2.109224488814e-16       9.808689267365e-18       6.239699313870e-18 
 2298       1.546424801002e-11       7.074704843479e-13      -1.069984841999e-12       4.403281602339e-15       2.105449670371e-16       9.790423191582e-18       6.167009336052e-18 
 2299       1.545151008611e-11       7.043083692115e-13      -1.072650299823e-12       4.398057304033e-15       2.101683104417e-16       9.776932095114e-18       6.093012782380e-18 
 2300       1.543898923307e-11       7.011226295229e-13      -1.075172340905e-12       4.392845225167e-15       2.097924772436e-16       9.767992705596e-18       6.017806180400e-18 
 2301       1.542667554915e-11       6.979141729415e-13      -1.077551081028e-12       4.387645191081e-15       2.094174655752e-16       9.763380941366e-18       5.941486401707e-18 
 2302       1.541455909653e-11       6.946839104151e-13      -1.079786637371e-12       4.382457026361e-15       2.090432735533e-16       9.762871910580e-18       5.864150662309e-18 
 2303       1.540262990125e-11       6.914327561836e-13      -1.081879128508e-12       4.377280554846e-15       2.086698992781e-16       9.766239910314e-18       5.785896523014e-18 
 2304       1.539087795325e-11       6.881616277828e-13      -1.083828674412e-12       4.372115599619e-15       2.082973408345e-16       9.773258425673e-18       5.706821889800e-18 
 2305       1.537929320624e-11       6.848714460473e-13      -1.085635396454e-12       4.366961983012e-15       2.079255962907e-16       9.783700128906e-18       5.627025014196e-18 
 2306       1.536786557772e-11       6.815631351150e-13      -1.087299417410e-12       4.361819526602e-15       2.075546636993e-16       9.797336878509e-18       5.546604493656e-18 
 2307       1.535658494892e-11       6.782376224299e-13      -1.088820861459e-12       4.356688051212e-15       2.071845410966e-16       9.813939718336e-18       5.465659271935e-18 
 2308       1.534544116475e-11       6.748958387465e-13      -1.090199854185e-12       4.351567376909e-15       2.068152265030e-16       9.833278876706e-18       5.384288639470e-18 
 2309       1.533442403380e-11       6.715387181327e-13      -1.091436522581e-12       4.346457323002e-15       2.064467179225e-16       9.855123765517e-18       5.302592233752e-18 
 2310       1.532352332824e-11       6.681671979740e-13      -1.092530995048e-12       4.341357708044e-15       2.060790133432e-16       9.879242979348e-18       5.220670039705e-18 
 2311       1.531272878383e-11       6.647822189765e-13      -1.093483401399e-12       4.336268349830e-15       2.057121107368e-16       9.905404294571e-18       5.138622390063e-18 
 2312       1.530203009985e-11       6.613847251712e-13      -1.094293872862e-12       4.331189065393e-15       2.053460080592e-16       9.933374668463e-18       5.056549965745e-18 
 2313       1.529141693910e-11       6.579756639171e-13      -1.094962542077e-12       4.326119671010e-15       2.049807032496e-16       9.962920238309e-18       4.974553796232e-18 
 2314       1.528087892781e-11       6.545559859050e-13      -1.095489543104e-12       4.321059982192e-15       2.046161942314e-16       9.993806320514e-18       4.892735259947e-18 
 2315       1.527040565561e-11       6.511266451611e-13      -1.095875011420e-12       4.316009813693e-15       2.042524789115e-16       1.002579740971e-17       4.811196084626e-18 
 2316       1.525998667555e-11       6.476885990508e-13      -1.096119083925e-12       4.310968979501e-15       2.038895551807e-16       1.005865717787e-17       4.730038347700e-18 
 2317       1.524961150396e-11       6.442428082818e-13      -1.096221898939e-12       4.305937292841e-15       2.035274209132e-16       1.009214847342e-17       4.649364476667e-18 
 2318       1.523926962049e-11       6.407902369083e-13      -1.096183596208e-12       4.300914566173e-15       2.031660739673e-16       1.012603332031e-17       4.569277249475e-18 
 2319       1.522895046806e-11       6.373318523342e-13      -1.096004316904e-12       4.295900611194e-15       2.028055121847e-16       1.016007291720e-17       4.489879794890e-18 
 2320       1.521864345277e-11       6.338686253169e-13      -1.095684203629e-12       4.290895238831e-15       2.024457333908e-16       1.019402763648e-17       4.411275592880e-18 
 2321       1.520833794392e-11       6.304015299711e-13      -1.095223400413e-12       4.285898259246e-15       2.020867353945e-16       1.022765702344e-17       4.333568474991e-18 
 2322       1.519802327393e-11       6.269315437719e-13      -1.094622052719e-12       4.280909481833e-15       2.017285159886e-16       1.026071979538e-17       4.256862624718e-18 
 2323       1.518768873833e-11       6.234596475588e-13      -1.093880307444e-12       4.275928715217e-15       2.013710729492e-16       1.029297384066e-17       4.181262577887e-18 
 2324       1.517732359568e-11       6.199868255394e-13      -1.092998312920e-12       4.270955767251e-15       2.010144040361e-16       1.032417621787e-17       4.106873223032e-18 
 2325       1.516691706758e-11       6.165140652926e-13      -1.091976218919e-12       4.265990445021e-15       2.006585069926e-16       1.035408315491e-17       4.033799801767e-18 
 2326       1.515645833859e-11       6.130423577725e-13      -1.090814176649e-12       4.261032554838e-15       2.003033795454e-16       1.038245004812e-17       3.962147909169e-18 
 2327       1.514593655622e-11       6.095726973122e-13      -1.089512338763e-12       4.256081902243e-15       1.999490194049e-16       1.040903146136e-17       3.892023494147e-18 
 2328       1.513534083085e-11       6.061060816268e-13      -1.088070859355e-12       4.251138292001e-15       1.995954242649e-16       1.043358112513e-17       3.823532859827e-18 
 2329       1.512466023575e-11       6.026435118178e-13      -1.086489893966e-12       4.246201528106e-15       1.992425918025e-16       1.045585193570e-17       3.756782663923e-18 
 2330       1.511388380698e-11       5.991859923760e-13      -1.084769599582e-12       4.241271413773e-15       1.988905196784e-16       1.047559595418e-17       3.691879919115e-18 
 2331       1.510300159983e-11       5.957344710385e-13      -1.082910423954e-12       4.236347759992e-15       1.985392057045e-16       1.049262906342e-17       3.628904712771e-18 
 2332       1.509200786534e-11       5.922896579382e-13      -1.080913975527e-12       4.231430411224e-15       1.981886483489e-16       1.050702538422e-17       3.567828178110e-18 
 2333       1.508089789367e-11       5.888522053255e-13      -1.078782158977e-12       4.226519219857e-15       1.978388462344e-16       1.051892407844e-17       3.508594008570e-18 
 2334       1.506966695939e-11       5.854227676145e-13      -1.076516886402e-12       4.221614037682e-15       1.974897979702e-16       1.052846480267e-17       3.451145691455e-18 
 2335       1.505831032152e-11       5.820020013850e-13      -1.074120077327e-12       4.216714715884e-15       1.971415021525e-16       1.053578770876e-17       3.395426507710e-18 
 2336       1.504682322348e-11       5.785905653854e-13      -1.071593658719e-12       4.211821105045e-15       1.967939573642e-16       1.054103344438e-17       3.341379531696e-18 
 2337       1.503520089309e-11       5.751891205343e-13      -1.068939564985e-12       4.206933055141e-15       1.964471621751e-16       1.054434315351e-17       3.288947630963e-18 
 2338       1.502343854255e-11       5.717983299233e-13      -1.066159737992e-12       4.202050415546e-15       1.961011151415e-16       1.054585847702e-17       3.238073466023e-18 
 2339       1.501153136840e-11       5.684188588190e-13      -1.063256127065e-12       4.197173035026e-15       1.957558148067e-16       1.054572155320e-17       3.188699490130e-18 
 2340       1.499947455156e-11       5.650513746653e-13      -1.060230689002e-12       4.192300761739e-15       1.954112597003e-16       1.054407501826e-17       3.140767949049e-18 
 2341       1.498726325726e-11       5.616965470860e-13      -1.057085388080e-12       4.187433443240e-15       1.950674483390e-16       1.054106200691e-17       3.094220880833e-18 
 2342       1.497489263503e-11       5.583550478866e-13      -1.053822196061e-12       4.182570926473e-15       1.947243792259e-16       1.053682615286e-17       3.049000115595e-18 
 2343       1.496235781871e-11       5.550275510569e-13      -1.050443092206e-12       4.177713057774e-15       1.943820508508e-16       1.053151158940e-17       3.005047275286e-18 
 2344       1.494965392643e-11       5.517147327734e-13      -1.046950063276e-12       4.172859682870e-15       1.940404616902e-16       1.052526294990e-17       2.962303773468e-18 
 2345       1.493677606056e-11       5.484172714011e-13      -1.043345103547e-12       4.168010646877e-15       1.936996102070e-16       1.051822536834e-17       2.920710815088e-18 
 2346       1.492371930772e-11       5.451358474963e-13      -1.039630214814e-12       4.163165794302e-15       1.933594948510e-16       1.051054447988e-17       2.880209396252e-18 
 2347       1.491047873878e-11       5.418711438086e-13      -1.035807406400e-12       4.158324969040e-15       1.930201140582e-16       1.050236642138e-17       2.840740303999e-18 
 2348       1.489704940879e-11       5.386238452834e-13      -1.031878695165e-12       4.153488014374e-15       1.926814662515e-16       1.049383783192e-17       2.802244116080e-18 
 2349       1.488342635703e-11       5.353946390637e-13      -1.027846105514e-12       4.148654772973e-15       1.923435498402e-16       1.048510585337e-17       2.764661200725e-18 
 2350       1.486960460694e-11       5.321842144932e-13      -1.023711669408e-12       4.143825086895e-15       1.920063632201e-16       1.047631813090e-17       2.727931716425e-18 
 2351       1.485557916612e-11       5.289932631178e-13      -1.019477426365e-12       4.138998797581e-15       1.916699047734e-16       1.046762281352e-17       2.691995611701e-18 
 2352       1.484134502634e-11       5.258224786883e-13      -1.015145423476e-12       4.134175745860e-15       1.913341728689e-16       1.045916855462e-17       2.656792624880e-18 
 2353       1.482689716348e-11       5.226725571626e-13      -1.010717715408e-12       4.129355771943e-15       1.909991658620e-16       1.045110451251e-17       2.622262283871e-18 
 2354       1.481223053753e-11       5.195441967080e-13      -1.006196364418e-12       4.124538715427e-15       1.906648820943e-16       1.044358035096e-17       2.588343905938e-18 
 2355       1.479734009260e-11       5.164380977034e-13      -1.001583440353e-12       4.119724415290e-15       1.903313198939e-16       1.043674623970e-17       2.554976597474e-18 
 2356       1.478222075687e-11       5.133549627417e-13      -9.968810206653e-13       4.114912709895e-15       1.899984775754e-16       1.043075285501e-17       2.522099253777e-18 
 2357       1.476686744258e-11       5.102954966321e-13      -9.920911904188e-13       4.110103436984e-15       1.896663534396e-16       1.042575138023e-17       2.489650558824e-18 
 2358       1.475127504603e-11       5.072604064022e-13      -9.872160422959e-13       4.105296433681e-15       1.893349457740e-16       1.042189350630e-17       2.457568985043e-18 
 2359       1.473543844752e-11       5.042504013004e-13      -9.822576766067e-13       4.100491536492e-15       1.890042528520e-16       1.041933143226e-17       2.425792793093e-18 
 2360       1.471935251142e-11       5.012661927984e-13      -9.772182012975e-13       4.095688581300e-15       1.886742729339e-16       1.041821786586e-17       2.394260031632e-18 
 2361       1.470301208605e-11       4.983084945931e-13      -9.720997319588e-13       4.090887403369e-15       1.883450042658e-16       1.041870602404e-17       2.362908537096e-18 
 2362       1.468641200373e-11       4.953780226091e-13      -9.669043918333e-13       4.086087837340e-15       1.880164450804e-16       1.042094963348e-17       2.331675933470e-18 
 2363       1.466954708075e-11       4.924754950010e-13      -9.616343118247e-13       4.081289717233e-15       1.876885935965e-16       1.042510293113e-17       2.300499632068e-18 
 2364       1.465241211735e-11       4.896016321556e-13      -9.562916305055e-13       4.076492876443e-15       1.873614480194e-16       1.043132066478e-17       2.269316831301e-18 
 2365       1.463500189769e-11       4.867571566943e-13      -9.508784941257e-13       4.071697147742e-15       1.870350065405e-16       1.043975809354e-17       2.238064516454e-18 
 2366       1.461731118987e-11       4.839427934751e-13      -9.453970566205e-13       4.066902363279e-15       1.867092673375e-16       1.045057098842e-17       2.206679459463e-18 
 2367       1.459933474585e-11       4.811592695954e-13      -9.398494796192e-13       4.062108354575e-15       1.863842285741e-16       1.046391563286e-17       2.175098218685e-18 
 2368       1.458106730152e-11       4.784073143939e-13      -9.342379324527e-13       4.057314952527e-15       1.860598884005e-16       1.047994882324e-17       2.143257138676e-18 
 2369       1.456250357660e-11       4.756876594527e-13      -9.285645921628e-13       4.052521987406e-15       1.857362449529e-16       1.049882786946e-17       2.111092349964e-18 
 2370       1.454363827469e-11       4.730010386003e-13      -9.228316435092e-13       4.047729288854e-15       1.854132963537e-16       1.052071059543e-17       2.078539768823e-18 
 2371       1.452446721701e-11       4.703480848401e-13      -9.170412855316e-13       4.042936705060e-15       1.850910407609e-16       1.054571673298e-17       2.045547366230e-18 
 2372       1.450499075152e-11       4.677290204392e-13      -9.111957512585e-13       4.038144160410e-15       1.847694765171e-16       1.057381184188e-17       2.012112057982e-18 
 2373       1.448521036484e-11       4.651439649304e-13      -9.052972881363e-13       4.033351598191e-15       1.844486020012e-16       1.060492267408e-17       1.978243041931e-18 
 2374       1.446512755037e-11       4.625930380121e-13      -8.993481514958e-13       4.028558961449e-15       1.841284155795e-16       1.063897571496e-17       1.943949549526e-18 
 2375       1.444474380827e-11       4.600763595482e-13      -8.933506045605e-13       4.023766192987e-15       1.838089156050e-16       1.067589718307e-17       1.909240845846e-18 
 2376       1.442406064551e-11       4.575940495679e-13      -8.873069184553e-13       4.018973235368e-15       1.834901004181e-16       1.071561302982e-17       1.874126229642e-18 
 2377       1.440307957585e-11       4.551462282662e-13      -8.812193722149e-13       4.014180030911e-15       1.831719683460e-16       1.075804893922e-17       1.838615033366e-18 
 2378       1.438180211984e-11       4.527330160036e-13      -8.750902527917e-13       4.009386521695e-15       1.828545177030e-16       1.080313032754e-17       1.802716623212e-18 
 2379       1.436022980486e-11       4.503545333067e-13      -8.689218550650e-13       4.004592649555e-15       1.825377467905e-16       1.085078234311e-17       1.766440399151e-18 
 2380       1.433836416508e-11       4.480109008677e-13      -8.627164818488e-13       3.999798356081e-15       1.822216538968e-16       1.090092986593e-17       1.729795794969e-18 
 2381       1.431620674152e-11       4.457022395448e-13      -8.564764439003e-13       3.995003582624e-15       1.819062372972e-16       1.095349750745e-17       1.692792278299e-18 
 2382       1.429375908204e-11       4.434286703624e-13      -8.502040599284e-13       3.990208270289e-15       1.815914952540e-16       1.100840961029e-17       1.655439350661e-18 
 2383       1.427102274131e-11       4.411903145108e-13      -8.439016566024e-13       3.985412359935e-15       1.812774260163e-16       1.106559024789e-17       1.617746547497e-18 
 2384       1.424799928088e-11       4.389872933467e-13      -8.375715685596e-13       3.980615792182e-15       1.809640278202e-16       1.112496322428e-17       1.579723438208e-18 
 2385       1.422469026914e-11       4.368197283931e-13      -8.312161384146e-13       3.975818507402e-15       1.806512988888e-16       1.118645207377e-17       1.541379626187e-18 
 2386       1.420109728135e-11       4.346877413393e-13      -8.248377167670e-13       3.971020445723e-15       1.803392374319e-16       1.124998006066e-17       1.502724748861e-18 
 2387       1.417722189963e-11       4.325914540412e-13      -8.184386622104e-13       3.966221547028e-15       1.800278416465e-16       1.131547017895e-17       1.463768477722e-18 
 2388       1.415306571301e-11       4.305309885211e-13      -8.120213413403e-13       3.961421750956e-15       1.797171097160e-16       1.138284515209e-17       1.424520518365e-18 
 2389       1.412863031738e-11       4.285064669680e-13      -8.055881287627e-13       3.956620996899e-15       1.794070398111e-16       1.145202743263e-17       1.384990610527e-18 
 2390       1.410391731553e-11       4.265180117379e-13      -7.991414071026e-13       3.951819224004e-15       1.790976300889e-16       1.152293920197e-17       1.345188528118e-18 
 2391       1.407892831717e-11       4.245657453532e-13      -7.926835670123e-13       3.947016371171e-15       1.787888786937e-16       1.159550237008e-17       1.305124079260e-18 
 2392       1.405366493889e-11       4.226497905036e-13      -7.862170071797e-13       3.942212377055e-15       1.784807837563e-16       1.166963857519e-17       1.264807106326e-18 
 2393       1.402812880423e-11       4.207702700456e-13      -7.797441343369e-13       3.937407180065e-15       1.781733433944e-16       1.174526918352e-17       1.224247485971e-18 
 2394       1.400232154364e-11       4.189273070028e-13      -7.732673632686e-13       3.932600718359e-15       1.778665557124e-16       1.182231528896e-17       1.183455129171e-18 
 2395       1.397624479450e-11       4.171210245660e-13      -7.667891168203e-13       3.927792929853e-15       1.775604188014e-16       1.190069771284e-17       1.142439981260e-18 
 2396       1.394990020115e-11       4.153515460932e-13      -7.603118259069e-13       3.922983752212e-15       1.772549307395e-16       1.198033700359e-17       1.101212021964e-18 
 2397       1.392328941485e-11       4.136189951100e-13      -7.538379295209e-13       3.918173122855e-15       1.769500895911e-16       1.206115343647e-17       1.059781265439e-18 
 2398       1.389641409386e-11       4.119234953090e-13      -7.473698747411e-13       3.913360978952e-15       1.766458934077e-16       1.214306701330e-17       1.018157760308e-18 
 2399       1.386927590335e-11       4.102651705508e-13      -7.409101167407e-13       3.908547257425e-15       1.763423402270e-16       1.222599746213e-17       9.763515896927e-19 
 2400       1.384187651552e-11       4.086441448633e-13      -7.344611187960e-13       3.903731894947e-15       1.760394280738e-16       1.230986423700e-17       9.343728712560e-19 
 2401       1.381421760950e-11       4.070605424422e-13      -7.280253522944e-13       3.898914827943e-15       1.757371549592e-16       1.239458651762e-17       8.922317572339e-19 
 2402       1.378630087144e-11       4.055144876509e-13      -7.216052967432e-13       3.894095992588e-15       1.754355188812e-16       1.248008320911e-17       8.499384344732e-19 
 2403       1.375812799447e-11       4.040061050208e-13      -7.152034397778e-13       3.889275324808e-15       1.751345178243e-16       1.256627294167e-17       8.075031244678e-19 
 2404       1.372970067874e-11       4.025355192511e-13      -7.088222771702e-13       3.884452760280e-15       1.748341497594e-16       1.265307407035e-17       7.649360833947e-19 
 2405       1.370102063139e-11       4.011028552093e-13      -7.024643128372e-13       3.879628234428e-15       1.745344126443e-16       1.274040467469e-17       7.222476021500e-19 
 2406       1.367208956659e-11       3.997082379307e-13      -6.961320588492e-13       3.874801682430e-15       1.742353044231e-16       1.282818255852e-17       6.794480063858e-19 
 2407       1.364290920553e-11       3.983517926192e-13      -6.898280354382e-13       3.869973039210e-15       1.739368230266e-16       1.291632524959e-17       6.365476565460e-19 
 2408       1.361348127645e-11       3.970336446465e-13      -6.835547710062e-13       3.865142239443e-15       1.736389663720e-16       1.300474999934e-17       5.935569479024e-19 
 2409       1.358380751461e-11       3.957539195533e-13      -6.773148021340e-13       3.860309217552e-15       1.733417323630e-16       1.309337378257e-17       5.504863105914e-19 
 2410       1.355388966235e-11       3.945127430482e-13      -6.711106735894e-13       3.855473907709e-15       1.730451188899e-16       1.318211329719e-17       5.073462096500e-19 
 2411       1.352372999576e-11       3.933101575185e-13      -6.649447115825e-13       3.850636263715e-15       1.727491239638e-16       1.327091374495e-17       4.641454791639e-19 
 2412       1.349333290849e-11       3.921458710050e-13      -6.588183420120e-13       3.845796318778e-15       1.724537461201e-16       1.335983536525e-17       4.208863135854e-19 
 2413       1.346270333761e-11       3.910195067025e-13      -6.527327680953e-13       3.840954126099e-15       1.721589840178e-16       1.344896742628e-17       3.775692460707e-19 
 2414       1.343184623775e-11       3.899306863100e-13      -6.466891967499e-13       3.836109739021e-15       1.718648363048e-16       1.353839949199e-17       3.341948116075e-19 
 2415       1.340076658118e-11       3.888790300292e-13      -6.406888385964e-13       3.831263211031e-15       1.715713016181e-16       1.362822142241e-17       2.907635470173e-19 
 2416       1.336946935775e-11       3.878641565627e-13      -6.347329079625e-13       3.826414595763e-15       1.712783785837e-16       1.371852337396e-17       2.472759909571e-19 
 2417       1.333795957497e-11       3.868856831124e-13      -6.288226228868e-13       3.821563946993e-15       1.709860658169e-16       1.380939579972e-17       2.037326839210e-19 
 2418       1.330624225800e-11       3.859432253779e-13      -6.229592051226e-13       3.816711318640e-15       1.706943619216e-16       1.390092944980e-17       1.601341682425e-19 
 2419       1.327432244969e-11       3.850363975549e-13      -6.171438801412e-13       3.811856764770e-15       1.704032654912e-16       1.399321537158e-17       1.164809880958e-19 
 2420       1.324220521055e-11       3.841648123333e-13      -6.113778771361e-13       3.807000339593e-15       1.701127751079e-16       1.408634491007e-17       7.277368949844e-20 
 2421       1.320989561885e-11       3.833280808962e-13      -6.056624290265e-13       3.802142097462e-15       1.698228893429e-16       1.418040970818e-17       2.901282031245e-20 
 2422       1.317739877054e-11       3.825258129173e-13      -5.999987724609e-13       3.797282092878e-15       1.695336067563e-16       1.427550170703e-17      -1.480106975339e-20 
 2423       1.314471977936e-11       3.817576165603e-13      -5.943881478211e-13       3.792420380484e-15       1.692449258973e-16       1.437171314629e-17      -5.866742914180e-20 
 2424       1.311186377679e-11       3.810230984764e-13      -5.888317992258e-13       3.787557015070e-15       1.689568453041e-16       1.446913656444e-17      -1.025857044451e-19 
 2425       1.307883591212e-11       3.803218638033e-13      -5.833309745343e-13       3.782692051570e-15       1.686693635037e-16       1.456786479912e-17      -1.465553404034e-19 
 2426       1.304564135244e-11       3.796535161630e-13      -5.778869253502e-13       3.777825545064e-15       1.683824790122e-16       1.466799098740e-17      -1.905757799027e-19 
 2427       1.301228528264e-11       3.790176576609e-13      -5.725009070252e-13       3.772957550778e-15       1.680961903344e-16       1.476960856610e-17      -2.346464639729e-19 
 2428       1.297877290547e-11       3.784138888832e-13      -5.671741786627e-13       3.768088124082e-15       1.678104959641e-16       1.487281127210e-17      -2.787668317862e-19 
 2429       1.294510944156e-11       3.778418088963e-13      -5.619080031218e-13       3.763217320494e-15       1.675253943840e-16       1.497769314265e-17      -3.229363206550e-19 
 2430       1.291130012940e-11       3.773010152441e-13      -5.567036470207e-13       3.758345195677e-15       1.672408840658e-16       1.508434851566e-17      -3.671543660301e-19 
 2431       1.287735022536e-11       3.767911039475e-13      -5.515623807406e-13       3.753471805438e-15       1.669569634698e-16       1.519287203003e-17      -4.114204014988e-19 
 2432       1.284326500376e-11       3.763116695018e-13      -5.464854784294e-13       3.748597205734e-15       1.666736310453e-16       1.530335862593e-17      -4.557338587833e-19 
 2433       1.280904975684e-11       3.758623048754e-13      -5.414742180052e-13       3.743721452664e-15       1.663908852305e-16       1.541590354511e-17      -5.000941677383e-19 
 2434       1.277470979479e-11       3.754426015086e-13      -5.365298811606e-13       3.738844602477e-15       1.661087244522e-16       1.553060233125e-17      -5.445007563497e-19 
 2435       1.274025044579e-11       3.750521493111e-13      -5.316537533658e-13       3.733966711567e-15       1.658271471262e-16       1.564755083020e-17      -5.889530507323e-19 
 2436       1.270567705599e-11       3.746905366612e-13      -5.268471238725e-13       3.729087836474e-15       1.655461516570e-16       1.576684519033e-17      -6.334504751281e-19 
 2437       1.267099498956e-11       3.743573504036e-13      -5.221112857181e-13       3.724208033886e-15       1.652657364378e-16       1.588858186282e-17      -6.779924519047e-19 
 2438       1.263620962869e-11       3.740521758481e-13      -5.174475357286e-13       3.719327360637e-15       1.649858998508e-16       1.601285760198e-17      -7.225784015528e-19 
 2439       1.260132637364e-11       3.737745967676e-13      -5.128571745229e-13       3.714445873709e-15       1.647066402668e-16       1.613976946553e-17      -7.672077426849e-19 
 2440       1.256635064270e-11       3.735241953969e-13      -5.083415065164e-13       3.709563630231e-15       1.644279560451e-16       1.626941481495e-17      -8.118798920334e-19 
 2441       1.253128787228e-11       3.733005524309e-13      -5.039018399247e-13       3.704680687478e-15       1.641498455342e-16       1.640189131573e-17      -8.565942644482e-19 
 2442       1.249614351687e-11       3.731032470227e-13      -4.995394867672e-13       3.699797102873e-15       1.638723070709e-16       1.653729693772e-17      -9.013502728954e-19 
 2443       1.246092304908e-11       3.729318567824e-13      -4.952557628712e-13       3.694912933989e-15       1.635953389810e-16       1.667572995544e-17      -9.461473284554e-19 
 2444       1.242563195967e-11       3.727859577751e-13      -4.910519878752e-13       3.690028238542e-15       1.633189395786e-16       1.681728894833e-17      -9.909848403204e-19 
 2445       1.239027575756e-11       3.726651245195e-13      -4.869294852326e-13       3.685143074400e-15       1.630431071669e-16       1.696207280113e-17      -1.035862215794e-18 
 2446       1.235485996984e-11       3.725689299861e-13      -4.828895822159e-13       3.680257499577e-15       1.627678400374e-16       1.711018070412e-17      -1.080778860286e-18 
 2447       1.231939014179e-11       3.724969455957e-13      -4.789336099201e-13       3.675371572235e-15       1.624931364704e-16       1.726171215350e-17      -1.125734177316e-18 
 2448       1.228387183692e-11       3.724487412177e-13      -4.750629032664e-13       3.670485350686e-15       1.622189947347e-16       1.741676695161e-17      -1.170727568507e-18 
 2449       1.224831063696e-11       3.724238851684e-13      -4.712788010059e-13       3.665598893387e-15       1.619454130880e-16       1.757544520731e-17      -1.215758433583e-18 
 2450       1.221271214189e-11       3.724219442096e-13      -4.675826457236e-13       3.660712258946e-15       1.616723897761e-16       1.773784733624e-17      -1.260826170373e-18 
 2451       1.217708183976e-11       3.724424662122e-13      -4.639755461053e-13       3.655825515443e-15       1.613999232287e-16       1.790402430966e-17      -1.305924110168e-18 
 2452       1.214142471520e-11       3.724849280387e-13      -4.604576621805e-13       3.650938768460e-15       1.611280126443e-16       1.807382807553e-17      -1.351021284235e-18 
 2453       1.210574563860e-11       3.725487873463e-13      -4.570289158173e-13       3.646052133221e-15       1.608566574081e-16       1.824706024443e-17      -1.396080548374e-18 
 2454       1.207004949613e-11       3.726334998908e-13      -4.536892280699e-13       3.641165725279e-15       1.605858568980e-16       1.842352175929e-17      -1.441064637543e-18 
 2455       1.203434118973e-11       3.727385195252e-13      -4.504385191775e-13       3.636279660521e-15       1.603156104840e-16       1.860301289461e-17      -1.485936165730e-18 
 2456       1.199862563716e-11       3.728632981972e-13      -4.472767085635e-13       3.631394055167e-15       1.600459175285e-16       1.878533325585e-17      -1.530657625834e-18 
 2457       1.196290777199e-11       3.730072859473e-13      -4.442037148346e-13       3.626509025768e-15       1.597767773862e-16       1.897028177872e-17      -1.575191389541e-18 
 2458       1.192719254364e-11       3.731699309069e-13      -4.412194557793e-13       3.621624689209e-15       1.595081894042e-16       1.915765672846e-17      -1.619499707197e-18 
 2459       1.189148491735e-11       3.733506792966e-13      -4.383238483673e-13       3.616741162708e-15       1.592401529219e-16       1.934725569922e-17      -1.663544707691e-18 
 2460       1.185578987427e-11       3.735489754237e-13      -4.355168087481e-13       3.611858563817e-15       1.589726672709e-16       1.953887561329e-17      -1.707288398330e-18 
 2461       1.182011241140e-11       3.737642616803e-13      -4.327982522505e-13       3.606977010423e-15       1.587057317752e-16       1.973231272049e-17      -1.750692664713e-18 
 2462       1.178445754166e-11       3.739959785419e-13      -4.301680933812e-13       3.602096620745e-15       1.584393457508e-16       1.992736259744e-17      -1.793719270614e-18 
 2463       1.174883029387e-11       3.742435645647e-13      -4.276262458237e-13       3.597217513339e-15       1.581735085065e-16       2.012382014687e-17      -1.836329857851e-18 
 2464       1.171323571280e-11       3.745064563839e-13      -4.251726224375e-13       3.592339807094e-15       1.579082193428e-16       2.032147959696e-17      -1.878485946173e-18 
 2465       1.167767885914e-11       3.747840887119e-13      -4.228071352571e-13       3.587463621235e-15       1.576434775527e-16       2.052013450064e-17      -1.920148933126e-18 
 2466       1.164216480957e-11       3.750758943360e-13      -4.205296954909e-13       3.582589075324e-15       1.573792824215e-16       2.071957773488e-17      -1.961280093941e-18 
 2467       1.160669865675e-11       3.753813041165e-13      -4.183402135199e-13       3.577716289256e-15       1.571156332266e-16       2.091960150005e-17      -2.001840581401e-18 
 2468       1.157128550931e-11       3.756997469851e-13      -4.162385988972e-13       3.572845383266e-15       1.568525292376e-16       2.111999731919e-17      -2.041791425727e-18 
 2469       1.153593049191e-11       3.760306499422e-13      -4.142247603466e-13       3.567976477921e-15       1.565899697165e-16       2.132055603735e-17      -2.081093534448e-18 
 2470       1.150063874525e-11       3.763734380557e-13      -4.122986057617e-13       3.563109694130e-15       1.563279539171e-16       2.152106782089e-17      -2.119707692281e-18 
 2471       1.146541542603e-11       3.767275344583e-13      -4.104600422050e-13       3.558245153134e-15       1.560664810859e-16       2.172132215678e-17      -2.157594561009e-18 
 2472       1.143026570706e-11       3.770923603460e-13      -4.087089759066e-13       3.553382976515e-15       1.558055504612e-16       2.192110785196e-17      -2.194714679357e-18 
 2473       1.139519477720e-11       3.774673349760e-13      -4.070453122633e-13       3.548523286191e-15       1.555451612735e-16       2.212021303260e-17      -2.231028462868e-18 
 2474       1.136020784139e-11       3.778518756646e-13      -4.054689558376e-13       3.543666204420e-15       1.552853127456e-16       2.231842514344e-17      -2.266496203781e-18 
 2475       1.132531012071e-11       3.782453977855e-13      -4.039798103567e-13       3.538811853796e-15       1.550260040924e-16       2.251553094709e-17      -2.301078070908e-18 
 2476       1.129050685233e-11       3.786473147674e-13      -4.025777787117e-13       3.533960357253e-15       1.547672345208e-16       2.271131652337e-17      -2.334734109513e-18 
 2477       1.125580328958e-11       3.790570380923e-13      -4.012627629558e-13       3.529111838065e-15       1.545090032300e-16       2.290556726858e-17      -2.367424241185e-18 
 2478       1.122120470194e-11       3.794739772935e-13      -4.000346643043e-13       3.524266419843e-15       1.542513094112e-16       2.309806789485e-17      -2.399108263718e-18 
 2479       1.118671637506e-11       3.798975399536e-13      -3.988933831328e-13       3.519424226540e-15       1.539941522478e-16       2.328860242944e-17      -2.429745850986e-18 
 2480       1.115234361078e-11       3.803271317025e-13      -3.978388189766e-13       3.514585382447e-15       1.537375309152e-16       2.347695421405e-17      -2.459296552822e-18 
 2481       1.111809172714e-11       3.807621562154e-13      -3.968708705294e-13       3.509750012198e-15       1.534814445808e-16       2.366290590413e-17      -2.487719794896e-18 
 2482       1.108396605840e-11       3.812020152106e-13      -3.959894356425e-13       3.504918240764e-15       1.532258924044e-16       2.384623946820e-17      -2.514974878588e-18 
 2483       1.104997195506e-11       3.816461084482e-13      -3.951944113237e-13       3.500090193459e-15       1.529708735375e-16       2.402673618716e-17      -2.541020980868e-18 
 2484       1.101611478386e-11       3.820938337274e-13      -3.944856937361e-13       3.495265995940e-15       1.527163871238e-16       2.420417665362e-17      -2.565817154172e-18 
 2485       1.098239992781e-11       3.825445868846e-13      -3.938631781976e-13       3.490445774201e-15       1.524624322992e-16       2.437834077118e-17      -2.589322326281e-18 
 2486       1.094883278622e-11       3.829977617921e-13      -3.933267591791e-13       3.485629654583e-15       1.522090081913e-16       2.454900775376e-17      -2.611495300194e-18 
 2487       1.091541877468e-11       3.834527503552e-13      -3.928763303041e-13       3.480817763765e-15       1.519561139199e-16       2.471595612492e-17      -2.632294754010e-18 
 2488       1.088216332510e-11       3.839089425108e-13      -3.925117843476e-13       3.476010228771e-15       1.517037485969e-16       2.487896371716e-17      -2.651679240801e-18 
 2489       1.084907188573e-11       3.843657262252e-13      -3.922330132346e-13       3.471207176966e-15       1.514519113261e-16       2.503780767124e-17      -2.669607188491e-18 
 2490       1.081614992115e-11       3.848224874923e-13      -3.920399080397e-13       3.466408736060e-15       1.512006012033e-16       2.519226443550e-17      -2.686036899732e-18 
 2491       1.078340230791e-11       3.852786433132e-13      -3.919320931407e-13       3.461615027146e-15       1.509498170736e-16       2.534216464497e-17      -2.700941740023e-18 
 2492       1.075083151748e-11       3.857337408517e-13      -3.919081269746e-13       3.456826143774e-15       1.506995568023e-16       2.548755811267e-17      -2.714355799860e-18 
 2493       1.071843942262e-11       3.861873588577e-13      -3.919662965815e-13       3.452042172756e-15       1.504498179998e-16       2.562854980678e-17      -2.726328500750e-18 
 2494       1.068622790085e-11       3.866390747373e-13      -3.921048830170e-13       3.447263201113e-15       1.502005982636e-16       2.576524505933e-17      -2.736909431516e-18 
 2495       1.065419883443e-11       3.870884645511e-13      -3.923221613457e-13       3.442489316079e-15       1.499518951785e-16       2.589774956649e-17      -2.746148348467e-18 
 2496       1.062235411040e-11       3.875351030129e-13      -3.926164006355e-13       3.437720605095e-15       1.497037063167e-16       2.602616938900e-17      -2.754095175569e-18 
 2497       1.059069562054e-11       3.879785634886e-13      -3.929858639510e-13       3.432957155814e-15       1.494560292375e-16       2.615061095254e-17      -2.760800004616e-18 
 2498       1.055922526141e-11       3.884184179947e-13      -3.934288083475e-13       3.428199056101e-15       1.492088614874e-16       2.627118104809e-17      -2.766313095399e-18 
 2499       1.052794493433e-11       3.888542371969e-13      -3.939434848649e-13       3.423446394030e-15       1.489622006001e-16       2.638798683229e-17      -2.770684875878e-18 
 2500       1.049685654540e-11       3.892855904088e-13      -3.945281385215e-13       3.418699257888e-15       1.487160440965e-16       2.650113582785e-17      -2.773965942355e-18 
