# dimensionless total [l(l+1)/2pi] C_l's
# for l=2 to 4500, i.e. number of multipoles equal to 4499
#
# -> if you prefer output in CAMB/HealPix/LensPix units/order, set 'format' to 'camb' in input file
# -> if you don't want to see such a header, set 'headers' to 'no' in input file
# -> for CMB lensing (phi), these are C_l^phi-phi for the lensing potential.
#    Remember the conversion factors:
#    C_l^dd (deflection) = l(l+1) C_l^phi-phi
#    C_l^gg (shear/convergence) = 1/4 (l(l+1))^2 C_l^phi-phi
#
# 1:l     2:TT                     3:EE                     4:TE                     5:BB                     6:phiphi                 7:TPhi                   8:Ephi               
    2       1.383862224625e-10       4.186242390324e-15       3.523186282797e-13       0.000000000000e+00       8.322828426644e-09       4.574456247167e-10      -1.844150876300e-12 
    3       1.309627350569e-10       5.364775587616e-15       3.962660745068e-13       0.000000000000e+00       5.135058595007e-09       3.250614483994e-10      -1.396626555937e-12 
    4       1.239868436742e-10       4.639193082735e-15       3.708169925867e-13       0.000000000000e+00       3.575375884220e-09       2.465829993342e-10      -9.141702836475e-13 
    5       1.188027524705e-10       3.094478356060e-15       3.160324608114e-13       0.000000000000e+00       2.672443852354e-09       1.950760236330e-10      -5.080548409660e-13 
    6       1.152950613651e-10       1.730824034894e-15       2.547969958227e-13       0.000000000000e+00       2.090460463470e-09       1.589341050113e-10      -2.089630971843e-13 
    7       1.130598525529e-10       9.361402984940e-16       2.003588595015e-13       0.000000000000e+00       1.688831087385e-09       1.323770872820e-10      -1.836418302865e-14 
    8       1.118190579810e-10       6.045414410949e-16       1.585319085502e-13       0.000000000000e+00       1.397709405689e-09       1.122194665878e-10       7.872193206590e-14 
    9       1.113220468405e-10       4.853917157577e-16       1.306208971266e-13       0.000000000000e+00       1.178477396554e-09       9.656475490596e-11       1.056877108043e-13 
   10       1.113340634570e-10       4.141048869881e-16       1.153163545678e-13       0.000000000000e+00       1.008371462517e-09       8.414628803560e-11       8.844015807475e-14 
   11       1.117991332672e-10       3.492547662946e-16       1.099593272135e-13       0.000000000000e+00       8.500793612158e-10       7.438122243753e-11       5.114585087090e-14 
   12       1.125599619222e-10       3.062141899936e-16       1.114822462097e-13       0.000000000000e+00       7.434009308568e-10       6.580994431677e-11       1.138494458560e-14 
   13       1.135678027880e-10       2.956564096724e-16       1.171926935068e-13       0.000000000000e+00       6.557597891822e-10       5.884336207353e-11      -1.879861160842e-14 
   14       1.147769692897e-10       3.094997739568e-16       1.250580464810e-13       0.000000000000e+00       5.827897955838e-10       5.277953986855e-11      -3.517253688366e-14 
   15       1.161714385603e-10       3.361658205933e-16       1.337743694617e-13       0.000000000000e+00       5.213244057758e-10       4.767567377749e-11      -3.797051173021e-14 
   16       1.176711832676e-10       3.734141826468e-16       1.426731327812e-13       0.000000000000e+00       4.690290485636e-10       4.327018223029e-11      -3.119304980805e-14 
   17       1.193100373409e-10       4.269790643789e-16       1.515321608214e-13       0.000000000000e+00       4.241391423812e-10       3.942134932609e-11      -2.007283034125e-14 
   18       1.210209542278e-10       5.023518186883e-16       1.606033363084e-13       0.000000000000e+00       3.851526620160e-10       3.606562865640e-11      -9.526591812763e-15 
   19       1.228145864513e-10       5.998666479320e-16       1.701102801077e-13       0.000000000000e+00       3.514588747946e-10       3.315418319517e-11      -2.165199103353e-15 
   20       1.246853127565e-10       7.175157478554e-16       1.801973724157e-13       0.000000000000e+00       3.217656648500e-10       3.056641440196e-11       3.093828869783e-16 
   21       1.266337967841e-10       8.547252489514e-16       1.908124236396e-13       0.000000000000e+00       2.956113949101e-10       2.825562637358e-11      -1.507260586426e-15 
   22       1.286325020119e-10       1.011095497238e-15       2.017607263627e-13       0.000000000000e+00       2.723750047347e-10       2.616570922052e-11      -5.827192317916e-15 
   23       1.306870274957e-10       1.186885136873e-15       2.127122305185e-13       0.000000000000e+00       2.517403397327e-10       2.428983507267e-11      -1.088320680995e-14 
   24       1.327922055620e-10       1.382373236830e-15       2.232508857146e-13       0.000000000000e+00       2.332336731490e-10       2.261280622810e-11      -1.479975020652e-14 
   25       1.349490008249e-10       1.597704701967e-15       2.330854361255e-13       0.000000000000e+00       2.166395818415e-10       2.111213995494e-11      -1.673974991084e-14 
   26       1.371446675282e-10       1.833223894762e-15       2.419657708849e-13       0.000000000000e+00       2.016599148290e-10       1.974875457145e-11      -1.637057313352e-14 
   27       1.393747794705e-10       2.091053807450e-15       2.497744439885e-13       0.000000000000e+00       1.881166145887e-10       1.850664455237e-11      -1.432600371963e-14 
   28       1.416287672656e-10       2.373845706042e-15       2.564670895385e-13       0.000000000000e+00       1.757778404872e-10       1.736897073018e-11      -1.163632900085e-14 
   29       1.439158159496e-10       2.683088866511e-15       2.621152149563e-13       0.000000000000e+00       1.645816447001e-10       1.633334730674e-11      -8.979265721361e-15 
   30       1.462399452008e-10       3.019887579223e-15       2.668671237383e-13       0.000000000000e+00       1.544089048435e-10       1.539235269352e-11      -7.043053628204e-15 
   31       1.485946818588e-10       3.385311421859e-15       2.708728526409e-13       0.000000000000e+00       1.450534591711e-10       1.452972970275e-11      -6.460832034545e-15 
   32       1.509831175778e-10       3.780500836396e-15       2.740718819558e-13       0.000000000000e+00       1.364676947347e-10       1.373716990970e-11      -7.035823622648e-15 
   33       1.534026741731e-10       4.206592591828e-15       2.763245806373e-13       0.000000000000e+00       1.285915116783e-10       1.300204824772e-11      -8.211993739329e-15 
   34       1.558437856341e-10       4.664637867271e-15       2.774754143884e-13       0.000000000000e+00       1.213154352168e-10       1.230831860117e-11      -9.373208398892e-15 
   35       1.583083535578e-10       5.155427546374e-15       2.773898540583e-13       0.000000000000e+00       1.146026936153e-10       1.165789991558e-11      -1.023423656191e-14 
   36       1.607959949342e-10       5.679592330388e-15       2.759279460116e-13       0.000000000000e+00       1.083999091356e-10       1.105599553100e-11      -1.057795012960e-14 
   37       1.633021149228e-10       6.237734392335e-15       2.729628241591e-13       0.000000000000e+00       1.026269129536e-10       1.050477451810e-11      -1.023254152623e-14 
   38       1.658310411400e-10       6.830752667848e-15       2.684815938733e-13       0.000000000000e+00       9.726909418259e-11       1.000204926479e-11      -9.354423143210e-15 
   39       1.683860768112e-10       7.459618488796e-15       2.625185690937e-13       0.000000000000e+00       9.230972932778e-11       9.541615433167e-12      -8.242729795564e-15 
   40       1.709652615961e-10       8.125287140213e-15       2.551299663770e-13       0.000000000000e+00       8.770188256549e-11       9.113180833290e-12      -7.269649855729e-15 
   41       1.735639691176e-10       8.828649862743e-15       2.463709391854e-13       0.000000000000e+00       8.338482220462e-11       8.705506292744e-12      -6.782804638056e-15 
   42       1.761850755485e-10       9.570373671966e-15       2.362145037794e-13       0.000000000000e+00       7.934603773201e-11       8.317855644371e-12      -6.762835634845e-15 
   43       1.788311496945e-10       1.035100757175e-14       2.246084513742e-13       0.000000000000e+00       7.557497208937e-11       7.951714586576e-12      -7.062283895054e-15 
   44       1.815012342722e-10       1.117102073821e-14       2.114970225515e-13       0.000000000000e+00       7.204440678245e-11       7.607548309132e-12      -7.496024018509e-15 
   45       1.841925930432e-10       1.203084547566e-14       1.968237036248e-13       0.000000000000e+00       6.872022518971e-11       7.284979662592e-12      -7.882313315692e-15 
   46       1.869073960385e-10       1.293103156780e-14       1.805414325076e-13       0.000000000000e+00       6.559731118259e-11       6.983606425630e-12      -8.186056840303e-15 
   47       1.896474403459e-10       1.387213073085e-14       1.626048521888e-13       0.000000000000e+00       6.267212482315e-11       6.702270109915e-12      -8.414414849849e-15 
   48       1.924120063222e-10       1.485465179664e-14       1.429672688475e-13       0.000000000000e+00       5.993187259096e-11       6.438730558092e-12      -8.577311895048e-15 
   49       1.951976298960e-10       1.587905911970e-14       1.215804850248e-13       0.000000000000e+00       5.735381871120e-11       6.189588526442e-12      -8.687608015735e-15 
   50       1.980001989418e-10       1.694574455224e-14       9.839915051064e-14       0.000000000000e+00       5.491215299363e-11       5.951259612661e-12      -8.761459103716e-15 
   51       2.008224414929e-10       1.805493809693e-14       7.339559432851e-14       0.000000000000e+00       5.260238977679e-11       5.723387304301e-12      -8.819116132967e-15 
   52       2.036680765321e-10       1.920677024831e-14       4.654873035288e-14       0.000000000000e+00       5.042240138980e-11       5.506222543134e-12      -8.884638794056e-15 
   53       2.065395520508e-10       2.040129353557e-14       1.783993615200e-14       0.000000000000e+00       4.836511531088e-11       5.299626071614e-12      -8.985901113318e-15 
   54       2.094379267207e-10       2.163847968574e-14      -1.274690124170e-14       0.000000000000e+00       4.641818109594e-11       5.103040490604e-12      -9.154771550733e-15 
   55       2.123634694728e-10       2.291826513517e-14      -4.522492219261e-14       0.000000000000e+00       4.456775049423e-11       4.915746154635e-12      -9.417001562107e-15 
   56       2.153179037359e-10       2.424070730269e-14      -7.960287516916e-14       0.000000000000e+00       4.281168050143e-11       4.737767313137e-12      -9.758537188546e-15 
   57       2.183025134535e-10       2.560586216907e-14      -1.158861032834e-13       0.000000000000e+00       4.114902682766e-11       4.569142131056e-12      -1.015115399816e-14 
   58       2.213173856320e-10       2.701373839772e-14      -1.540768700875e-13       0.000000000000e+00       3.957604902125e-11       4.409642057450e-12      -1.056179932383e-14 
   59       2.243613199822e-10       2.846429638152e-14      -1.941742975419e-13       0.000000000000e+00       3.808603765145e-11       4.258754941823e-12      -1.095237139217e-14 
   60       2.274317385615e-10       2.995744728970e-14      -2.361743039843e-13       0.000000000000e+00       3.666914149097e-11       4.115668150454e-12      -1.127949845250e-14 
   61       2.305259422098e-10       3.149297422075e-14      -2.800703734715e-13       0.000000000000e+00       3.531510972024e-11       3.979496673478e-12      -1.150445266527e-14 
   62       2.336454138287e-10       3.307027713621e-14      -3.258562059350e-13       0.000000000000e+00       3.402262877055e-11       3.850065473348e-12      -1.162599180713e-14 
   63       2.367923250736e-10       3.468856872265e-14      -3.735235545123e-13       0.000000000000e+00       3.279178410579e-11       3.727273581695e-12      -1.165453084781e-14 
   64       2.399682281124e-10       3.634694387675e-14      -4.230614117186e-13       0.000000000000e+00       3.162125139939e-11       3.610855674574e-12      -1.160275638385e-14 
   65       2.431740080005e-10       3.804437628064e-14      -4.744559737938e-13       0.000000000000e+00       3.050821620834e-11       3.500372962172e-12      -1.148572733577e-14 
   66       2.464098350552e-10       3.977971497730e-14      -5.276906050500e-13       0.000000000000e+00       2.944829364728e-11       3.395204078504e-12      -1.132097564532e-14 
   67       2.496751172311e-10       4.155168094587e-14      -5.827458022191e-13       0.000000000000e+00       2.843544806258e-11       3.294535971119e-12      -1.112860697263e-14 
   68       2.529691263746e-10       4.335900032315e-14      -6.396006051672e-13       0.000000000000e+00       2.746360850703e-11       3.197572236454e-12      -1.092752029881e-14 
   69       2.562931308009e-10       4.520084306948e-14      -6.982372406653e-13       0.000000000000e+00       2.653207482797e-11       3.104227510165e-12      -1.072295214050e-14 
   70       2.596486112628e-10       4.707646744432e-14      -7.586373598442e-13       0.000000000000e+00       2.564106772699e-11       3.014558058896e-12      -1.051657776582e-14 
   71       2.630365954584e-10       4.898509129354e-14      -8.207806763972e-13       0.000000000000e+00       2.479009358864e-11       2.928553298461e-12      -1.031017038890e-14 
   72       2.664576276402e-10       5.092589211957e-14      -8.846449679191e-13       0.000000000000e+00       2.397790752536e-11       2.846132244809e-12      -1.010560260638e-14 
   73       2.699117382252e-10       5.289800715150e-14      -9.502060772448e-13       0.000000000000e+00       2.320247642242e-11       2.767139965002e-12      -9.904847833815e-15 
   74       2.733984134040e-10       5.490053341529e-14      -1.017437913789e-12       0.000000000000e+00       2.246094198280e-11       2.691344028184e-12      -9.709981742215e-15 
   75       2.769165647508e-10       5.693252780384e-14      -1.086312454883e-12       0.000000000000e+00       2.174958377219e-11       2.618430956553e-12      -9.523183694489e-15 
   76       2.804651226002e-10       5.899294373418e-14      -1.156799341130e-12       0.000000000000e+00       2.106474449372e-11       2.548088824646e-12      -9.346482619559e-15 
   77       2.840450082791e-10       6.108042762848e-14      -1.228864574308e-12       0.000000000000e+00       2.040588229724e-11       2.480280291734e-12      -9.180937959112e-15 
   78       2.876574679782e-10       6.319348527534e-14      -1.302471583352e-12       0.000000000000e+00       1.977301051946e-11       2.415013141654e-12      -9.027311278404e-15 
   79       2.913034635759e-10       6.533054074013e-14      -1.377581602403e-12       0.000000000000e+00       1.916576788740e-11       2.352256797801e-12      -8.886304835973e-15 
   80       2.949836550382e-10       6.748993513478e-14      -1.454153663821e-12       0.000000000000e+00       1.858340129468e-11       2.291940540644e-12      -8.758557779599e-15 
   81       2.986983828194e-10       6.966992538760e-14      -1.532144591200e-12       0.000000000000e+00       1.802474857769e-11       2.233951725237e-12      -8.644642342269e-15 
   82       3.024476502623e-10       7.186868301306e-14      -1.611508992379e-12       0.000000000000e+00       1.748822129185e-11       2.178133998734e-12      -8.545060038137e-15 
   83       3.062311059988e-10       7.408429288163e-14      -1.692199252461e-12       0.000000000000e+00       1.697178748784e-11       2.124285517899e-12      -8.460237858493e-15 
   84       3.100483323517e-10       7.631482312711e-14      -1.774166082435e-12       0.000000000000e+00       1.647346648442e-11       2.072209418806e-12      -8.390205325055e-15 
   85       3.138998040242e-10       7.855855087903e-14      -1.857360284866e-12       0.000000000000e+00       1.599294515756e-11       2.021878743704e-12      -8.333572468854e-15 
   86       3.177860568121e-10       8.081377187043e-14      -1.941731269474e-12       0.000000000000e+00       1.553019926471e-11       1.973295714552e-12      -8.288374659628e-15 
   87       3.217073834594e-10       8.307873259338e-14      -2.027226525861e-12       0.000000000000e+00       1.508499677998e-11       1.926441020826e-12      -8.252367651620e-15 
   88       3.256638212023e-10       8.535163026441e-14      -2.113791625864e-12       0.000000000000e+00       1.465688927529e-11       1.881272915223e-12      -8.223018415803e-15 
   89       3.296551393125e-10       8.763061278993e-14      -2.201370225908e-12       0.000000000000e+00       1.424520330164e-11       1.837726309358e-12      -8.197495972097e-15 
   90       3.336808266399e-10       8.991377873156e-14      -2.289904069354e-12       0.000000000000e+00       1.384903177034e-11       1.795711869465e-12      -8.172662221594e-15 
   91       3.377400791565e-10       9.219917727160e-14      -2.379332988857e-12       0.000000000000e+00       1.346722533417e-11       1.755115112101e-12      -8.145062778774e-15 
   92       3.418317874996e-10       9.448480817836e-14      -2.469594908711e-12       0.000000000000e+00       1.309838376861e-11       1.715795499843e-12      -8.110917803729e-15 
   93       3.459548992078e-10       9.676865175173e-14      -2.560626743493e-12       0.000000000000e+00       1.274118871072e-11       1.677620922761e-12      -8.066990455462e-15 
   94       3.501095948071e-10       9.904876388671e-14      -2.652367243472e-12       0.000000000000e+00       1.239547784128e-11       1.640579039289e-12      -8.013361575903e-15 
   95       3.542962664001e-10       1.013231953100e-13      -2.744754583489e-12       0.000000000000e+00       1.206131707617e-11       1.604681086991e-12      -7.951057310043e-15 
   96       3.585151515185e-10       1.035899632457e-13      -2.837725519257e-12       0.000000000000e+00       1.173866972348e-11       1.569927575904e-12      -7.881211508828e-15 
   97       3.627663258097e-10       1.058470517922e-13      -2.931215402020e-12       0.000000000000e+00       1.142739255049e-11       1.536307869977e-12      -7.805068608338e-15 
   98       3.670496957237e-10       1.080924122991e-13      -3.025158193202e-12       0.000000000000e+00       1.112723185062e-11       1.503799768507e-12      -7.723986508976e-15 
   99       3.713649911994e-10       1.103239637441e-13      -3.119486479071e-12       0.000000000000e+00       1.083781951044e-11       1.472369087572e-12      -7.639439454641e-15 
  100       3.757117583515e-10       1.125395931102e-13      -3.214131485386e-12       0.000000000000e+00       1.055866907663e-11       1.441969241467e-12      -7.553020911915e-15 
  101       3.800893521568e-10       1.147371557622e-13      -3.309023092055e-12       0.000000000000e+00       1.028917182296e-11       1.412540824142e-12      -7.466446449241e-15 
  102       3.844969291416e-10       1.169144758239e-13      -3.404089847792e-12       0.000000000000e+00       1.002859281724e-11       1.384011190635e-12      -7.381556616108e-15 
  103       3.889334400676e-10       1.190693465550e-13      -3.499258984768e-12       0.000000000000e+00       9.776066988337e-12       1.356294038507e-12      -7.300319822228e-15 
  104       3.933978660480e-10       1.211995845054e-13      -3.594457019765e-12       0.000000000000e+00       9.530795478125e-12       1.329309617431e-12      -7.224410100596e-15 
  105       3.978899789723e-10       1.233031994972e-13      -3.689611618555e-12       0.000000000000e+00       9.292673376563e-12       1.303049368630e-12      -7.153869235829e-15 
  106       4.024096706478e-10       1.253782484140e-13      -3.784650011861e-12       0.000000000000e+00       9.061739846961e-12       1.277519277612e-12      -7.088268435145e-15 
  107       4.069567139611e-10       1.274227844312e-13      -3.879498452200e-12       0.000000000000e+00       8.837983702106e-12       1.252719836191e-12      -7.027115535023e-15 
  108       4.115307582397e-10       1.294348579827e-13      -3.974082234983e-12       0.000000000000e+00       8.621341672171e-12       1.228645850603e-12      -6.969853208779e-15 
  109       4.161313246140e-10       1.314125177299e-13      -4.068325719615e-12       0.000000000000e+00       8.411696672627e-12       1.205286249631e-12      -6.915857174143e-15 
  110       4.207578013787e-10       1.333538115287e-13      -4.162152350592e-12       0.000000000000e+00       8.208876072149e-12       1.182623892719e-12      -6.864434400831e-15 
  111       4.254094393547e-10       1.352567873979e-13      -4.255484678605e-12       0.000000000000e+00       8.012649960527e-12       1.160635378091e-12      -6.814821318120e-15 
  112       4.300853472507e-10       1.371194944871e-13      -4.348244381639e-12       0.000000000000e+00       7.822729416576e-12       1.139290850870e-12      -6.766182022431e-15 
  113       4.347844870249e-10       1.389399840441e-13      -4.440352286071e-12       0.000000000000e+00       7.638764776043e-12       1.118553811196e-12      -6.717606484894e-15 
  114       4.395056692469e-10       1.407163103835e-13      -4.531728387773e-12       0.000000000000e+00       7.460343899519e-12       1.098380922346e-12      -6.668108758934e-15 
  115       4.442475484590e-10       1.424465318539e-13      -4.622291873208e-12       0.000000000000e+00       7.286990440347e-12       1.078721818849e-12      -6.616625187837e-15 
  116       4.490088210489e-10       1.441287635501e-13      -4.711962198140e-12       0.000000000000e+00       7.118268395085e-12       1.059530179795e-12      -6.562240742764e-15 
  117       4.537888560747e-10       1.457613406485e-13      -4.800662427411e-12       0.000000000000e+00       6.954113878752e-12       1.040798886330e-12      -6.504903087888e-15 
  118       4.585871327832e-10       1.473426768402e-13      -4.888316342731e-12       0.000000000000e+00       6.794540622350e-12       1.022528798220e-12      -6.444792370316e-15 
  119       4.634030421452e-10       1.488712157738e-13      -4.974847451522e-12       0.000000000000e+00       6.639536515867e-12       1.004717779860e-12      -6.382101080022e-15 
  120       4.682358840077e-10       1.503454324809e-13      -5.060179017372e-12       0.000000000000e+00       6.489062815915e-12       9.873606079970e-13      -6.317034274483e-15 
  121       4.730848642460e-10       1.517638348014e-13      -5.144234090486e-12       0.000000000000e+00       6.343053353354e-12       9.704488794530e-13      -6.249809803329e-15 
  122       4.779490919163e-10       1.531249648087e-13      -5.226935538135e-12       0.000000000000e+00       6.201413740931e-12       9.539709188462e-13      -6.180658532983e-15 
  123       4.828275764077e-10       1.544274002358e-13      -5.308206075110e-12       0.000000000000e+00       6.064020580902e-12       9.379116863131e-13      -6.109824571308e-15 
  124       4.877192245945e-10       1.556697558997e-13      -5.387968294171e-12       0.000000000000e+00       5.930720672671e-12       9.222526852316e-13      -6.037565492248e-15 
  125       4.926228379883e-10       1.568506851277e-13      -5.466144696500e-12       0.000000000000e+00       5.801330220420e-12       9.069718699423e-13      -5.964152560474e-15 
  126       4.975371098907e-10       1.579688811821e-13      -5.542657722148e-12       0.000000000000e+00       5.675634040736e-12       8.920435534715e-13      -5.889870956027e-15 
  127       5.024606225450e-10       1.590230786862e-13      -5.617429780493e-12       0.000000000000e+00       5.553384770247e-12       8.774383152528e-13      -5.815019998963e-15 
  128       5.073918442887e-10       1.600120550490e-13      -5.690383280685e-12       0.000000000000e+00       5.434302073251e-12       8.631229088497e-13      -5.739913373993e-15 
  129       5.123292869196e-10       1.609346771433e-13      -5.761441490837e-12       0.000000000000e+00       5.318132948539e-12       8.490680366649e-13      -5.664834477890e-15 
  130       5.172720033598e-10       1.617900440992e-13      -5.830531157493e-12       0.000000000000e+00       5.204841812796e-12       8.352728343748e-13      -5.589896446228e-15 
  131       5.222191394582e-10       1.625773629418e-13      -5.897580232398e-12       0.000000000000e+00       5.094439869238e-12       8.217429105848e-13      -5.515167124452e-15 
  132       5.271697769866e-10       1.632959064748e-13      -5.962517105550e-12       0.000000000000e+00       4.986925525944e-12       8.084826849809e-13      -5.440712473160e-15 
  133       5.321229319379e-10       1.639450150305e-13      -6.025270641576e-12       0.000000000000e+00       4.882284040694e-12       7.954953523445e-13      -5.366596471613e-15 
  134       5.370775528246e-10       1.645240982180e-13      -6.085770216115e-12       0.000000000000e+00       4.780487165798e-12       7.827828465688e-13      -5.292881021264e-15 
  135       5.420325189783e-10       1.650326366733e-13      -6.143945752198e-12       0.000000000000e+00       4.681492792935e-12       7.703458046737e-13      -5.219625849267e-15 
  136       5.469866388475e-10       1.654701838079e-13      -6.199727756631e-12       0.000000000000e+00       4.585244597989e-12       7.581835308215e-13      -5.146888412003e-15 
  137       5.519386482968e-10       1.658363675584e-13      -6.253047356377e-12       0.000000000000e+00       4.491671685878e-12       7.462939603322e-13      -5.074723798595e-15 
  138       5.568872089054e-10       1.661308921355e-13      -6.303836334932e-12       0.000000000000e+00       4.400688235394e-12       7.346736236995e-13      -5.003184634427e-15 
  139       5.618309062657e-10       1.663535397729e-13      -6.352027168713e-12       0.000000000000e+00       4.312193144038e-12       7.233176106059e-13      -4.932320984665e-15 
  140       5.667682482823e-10       1.665041724772e-13      -6.397553063434e-12       0.000000000000e+00       4.226069672850e-12       7.122195339382e-13      -4.862180257771e-15 
  141       5.716976634703e-10       1.665827337766e-13      -6.440347990493e-12       0.000000000000e+00       4.142185091250e-12       7.013714938032e-13      -4.792807109029e-15 
  142       5.766174992540e-10       1.665892504702e-13      -6.480346723345e-12       0.000000000000e+00       4.060390321867e-12       6.907640415432e-13      -4.724243344056e-15 
  143       5.815260202662e-10       1.665238343770e-13      -6.517484873892e-12       0.000000000000e+00       3.980519585379e-12       6.803861437514e-13      -4.656527822326e-15 
  144       5.864215499779e-10       1.663867027420e-13      -6.551699696329e-12       0.000000000000e+00       3.902425181421e-12       6.702275336474e-13      -4.589686063479e-15 
  145       5.913029149199e-10       1.661782380270e-13      -6.582932511219e-12       0.000000000000e+00       3.826086445663e-12       6.602861024350e-13      -4.523698115074e-15 
  146       5.961690412260e-10       1.658989373666e-13      -6.611126590672e-12       0.000000000000e+00       3.751510909297e-12       6.505611716204e-13      -4.458527318873e-15 
  147       6.010188143629e-10       1.655493962814e-13      -6.636226452766e-12       0.000000000000e+00       3.678699975631e-12       6.410511490186e-13      -4.394130169315e-15 
  148       6.058510782533e-10       1.651303105340e-13      -6.658177902336e-12       0.000000000000e+00       3.607648766853e-12       6.317535064883e-13      -4.330456157855e-15 
  149       6.106646343981e-10       1.646424779858e-13      -6.676928071771e-12       0.000000000000e+00       3.538345970803e-12       6.226647576688e-13      -4.267447617301e-15 
  150       6.154582409987e-10       1.640868004532e-13      -6.692425461799e-12       0.000000000000e+00       3.470773687732e-12       6.137804357156e-13      -4.205039566156e-15 
  151       6.202306120796e-10       1.634642855640e-13      -6.704619982288e-12       0.000000000000e+00       3.404907277073e-12       6.050950710361e-13      -4.143159552957e-15 
  152       6.249804166110e-10       1.627760486141e-13      -6.713462993028e-12       0.000000000000e+00       3.340715204208e-12       5.966021690261e-13      -4.081727500614e-15 
  153       6.297062776305e-10       1.620233144235e-13      -6.718907344532e-12       0.000000000000e+00       3.278158887230e-12       5.882941878054e-13      -4.020655550748e-15 
  154       6.344067713666e-10       1.612074191930e-13      -6.720907418822e-12       0.000000000000e+00       3.217192543713e-12       5.801625159537e-13      -3.959847908033e-15 
  155       6.390804263600e-10       1.603298123606e-13      -6.719419170224e-12       0.000000000000e+00       3.157763037478e-12       5.721974502471e-13      -3.899200684534e-15 
  156       6.437257225870e-10       1.593920584579e-13      -6.714400166158e-12       0.000000000000e+00       3.099809725356e-12       5.643881733933e-13      -3.838601744046e-15 
  157       6.483410905814e-10       1.583958389663e-13      -6.705809627932e-12       0.000000000000e+00       3.043264303960e-12       5.567227317685e-13      -3.777930546434e-15 
  158       6.529249105568e-10       1.573429541738e-13      -6.693608471534e-12       0.000000000000e+00       2.988050656446e-12       5.491880131522e-13      -3.717057991973e-15 
  159       6.574755115295e-10       1.562353250312e-13      -6.677759348421e-12       0.000000000000e+00       2.934084699281e-12       5.417697244645e-13      -3.655846265685e-15 
  160       6.619911704406e-10       1.550749950084e-13      -6.658226686315e-12       0.000000000000e+00       2.881274229010e-12       5.344523695008e-13      -3.594148681682e-15 
  161       6.664702288039e-10       1.538640892293e-13      -6.634976815953e-12       0.000000000000e+00       2.829537822975e-12       5.272226674987e-13      -3.531846847919e-15 
  162       6.709114560833e-10       1.526046839169e-13      -6.607978278300e-12       0.000000000000e+00       2.778863741493e-12       5.200801953094e-13      -3.468966180659e-15 
  163       6.753137169225e-10       1.512989288968e-13      -6.577201622594e-12       0.000000000000e+00       2.729255965951e-12       5.130276481729e-13      -3.405570355325e-15 
  164       6.796758561752e-10       1.499490909274e-13      -6.542619363680e-12       0.000000000000e+00       2.680715548290e-12       5.060674771494e-13      -3.341724920758e-15 
  165       6.839966985685e-10       1.485575553599e-13      -6.504206023210e-12       0.000000000000e+00       2.633240545437e-12       4.992018826866e-13      -3.277497315265e-15 
  166       6.882750483660e-10       1.471268277980e-13      -6.461938170817e-12       0.000000000000e+00       2.586825953738e-12       4.924328081862e-13      -3.212956882666e-15 
  167       6.925096890307e-10       1.456595357575e-13      -6.415794465316e-12       0.000000000000e+00       2.541463643383e-12       4.857619335705e-13      -3.148174888335e-15 
  168       6.966993828887e-10       1.441584303267e-13      -6.365755695880e-12       0.000000000000e+00       2.497142292847e-12       4.791906688496e-13      -3.083224535251e-15 
  169       7.008428707918e-10       1.426263878260e-13      -6.311804823233e-12       0.000000000000e+00       2.453847323310e-12       4.727201476881e-13      -3.018180980039e-15 
  170       7.049388717808e-10       1.410664114677e-13      -6.253927020839e-12       0.000000000000e+00       2.411560833098e-12       4.663512209716e-13      -2.953121349023e-15 
  171       7.089860827490e-10       1.394816330159e-13      -6.192109716086e-12       0.000000000000e+00       2.370261532106e-12       4.600844503739e-13      -2.888124754263e-15 
  172       7.129831781048e-10       1.378753144465e-13      -6.126342631475e-12       0.000000000000e+00       2.329924676236e-12       4.539201019234e-13      -2.823272309609e-15 
  173       7.169288094351e-10       1.362508496068e-13      -6.056617825807e-12       0.000000000000e+00       2.290522001824e-12       4.478581395702e-13      -2.758647146741e-15 
  174       7.208216051685e-10       1.346117658755e-13      -5.982929735371e-12       0.000000000000e+00       2.252021660072e-12       4.418982187529e-13      -2.694334431221e-15 
  175       7.246601702383e-10       1.329617258227e-13      -5.905275215131e-12       0.000000000000e+00       2.214388151478e-12       4.360396799652e-13      -2.630421378530e-15 
  176       7.284430857459e-10       1.313045288696e-13      -5.823653579917e-12       0.000000000000e+00       2.177582260271e-12       4.302815423226e-13      -2.566997270124e-15 
  177       7.321689086236e-10       1.296441129483e-13      -5.738066645604e-12       0.000000000000e+00       2.141560988839e-12       4.246224971297e-13      -2.504153469473e-15 
  178       7.358361712979e-10       1.279845561618e-13      -5.648518770310e-12       0.000000000000e+00       2.106277492158e-12       4.190609014465e-13      -2.441983438109e-15 
  179       7.394433813529e-10       1.263300784439e-13      -5.555016895574e-12       0.000000000000e+00       2.071681012229e-12       4.135947716553e-13      -2.380582751673e-15 
  180       7.429891177682e-10       1.246848985239e-13      -5.457569467255e-12       0.000000000000e+00       2.037727049345e-12       4.082222367875e-13      -2.320030779724e-15 
  181       7.464723288923e-10       1.230527886397e-13      -5.356183016230e-12       0.000000000000e+00       2.004408916983e-12       4.029429522368e-13      -2.260334063198e-15 
  182       7.498920575632e-10       1.214374875351e-13      -5.250865384365e-12       0.000000000000e+00       1.971728575084e-12       3.977567863271e-13      -2.201478456458e-15 
  183       7.532473466800e-10       1.198428430925e-13      -5.141626857172e-12       0.000000000000e+00       1.939686590944e-12       3.926633659455e-13      -2.143447007945e-15 
  184       7.565372392221e-10       1.182728134598e-13      -5.028480200880e-12       0.000000000000e+00       1.908282111351e-12       3.876620718019e-13      -2.086219908687e-15 
  185       7.597607782681e-10       1.167314681775e-13      -4.911440699493e-12       0.000000000000e+00       1.877512834723e-12       3.827520336897e-13      -2.029774440809e-15 
  186       7.629170070141e-10       1.152229893057e-13      -4.790526191850e-12       0.000000000000e+00       1.847374983244e-12       3.779321257457e-13      -1.974084926040e-15 
  187       7.660049687932e-10       1.137516725506e-13      -4.665757108686e-12       0.000000000000e+00       1.817863274997e-12       3.732009617105e-13      -1.919122674223e-15 
  188       7.690237070942e-10       1.123219283919e-13      -4.537156509697e-12       0.000000000000e+00       1.788970896100e-12       3.685568901886e-13      -1.864855931827e-15 
  189       7.719722655800e-10       1.109382832093e-13      -4.404750120596e-12       0.000000000000e+00       1.760689472847e-12       3.639979899087e-13      -1.811249830449e-15 
  190       7.748496881072e-10       1.096053804097e-13      -4.268566370177e-12       0.000000000000e+00       1.733009043836e-12       3.595220649837e-13      -1.758266335333e-15 
  191       7.776550187443e-10       1.083279815541e-13      -4.128636427377e-12       0.000000000000e+00       1.705918032114e-12       3.551266401712e-13      -1.705864193871e-15 
  192       7.803873017908e-10       1.071109674843e-13      -3.984994238336e-12       0.000000000000e+00       1.679403217303e-12       3.508089561332e-13      -1.653998884115e-15 
  193       7.830455817964e-10       1.059593394500e-13      -3.837676563457e-12       0.000000000000e+00       1.653449707745e-12       3.465659646969e-13      -1.602622563287e-15 
  194       7.856289035791e-10       1.048782202356e-13      -3.686723014468e-12       0.000000000000e+00       1.628040912630e-12       3.423943241147e-13      -1.551684016287e-15 
  195       7.881363122447e-10       1.038728552874e-13      -3.532176091485e-12       0.000000000000e+00       1.603158514140e-12       3.382903943242e-13      -1.501128604203e-15 
  196       7.905668532054e-10       1.029486138400e-13      -3.374081220072e-12       0.000000000000e+00       1.578782439576e-12       3.342502322084e-13      -1.450898212819e-15 
  197       7.929195721988e-10       1.021109900436e-13      -3.212486788301e-12       0.000000000000e+00       1.554890833501e-12       3.302695868562e-13      -1.400931201125e-15 
  198       7.951935153066e-10       1.013656040910e-13      -3.047444183813e-12       0.000000000000e+00       1.531460029873e-12       3.263438948225e-13      -1.351162349827e-15 
  199       7.973877289732e-10       1.007182033441e-13      -2.879007830882e-12       0.000000000000e+00       1.508464524181e-12       3.224682753882e-13      -1.301522809853e-15 
  200       7.995012600253e-10       1.001746634611e-13      -2.707235227474e-12       0.000000000000e+00       1.485876945582e-12       3.186375258206e-13      -1.251940050867e-15 
  201       8.015332215344e-10       9.974071886336e-14      -2.532184010062e-12       0.000000000000e+00       1.463673419191e-12       3.148471576121e-13      -1.202354399353e-15 
  202       8.034829956105e-10       9.942113033632e-14      -2.353902837345e-12       0.000000000000e+00       1.441850137760e-12       3.110965975399e-13      -1.152770076432e-15 
  203       8.053500451474e-10       9.922046007337e-14      -2.172439926057e-12       0.000000000000e+00       1.420407921379e-12       3.073862063869e-13      -1.103207710680e-15 
  204       8.071338494928e-10       9.914333731663e-14      -1.987845992782e-12       0.000000000000e+00       1.399346921850e-12       3.037162568627e-13      -1.053688073776e-15 
  205       8.088339046615e-10       9.919445868390e-14      -1.800174282226e-12       0.000000000000e+00       1.378666610760e-12       3.000869319398e-13      -1.004232078043e-15 
  206       8.104497235492e-10       9.937858849566e-14      -1.609480595501e-12       0.000000000000e+00       1.358365767541e-12       2.964983231907e-13      -9.548607739880e-16 
  207       8.119808361455e-10       9.970055910202e-14      -1.415823318392e-12       0.000000000000e+00       1.338442467543e-12       2.929504291248e-13      -9.055953478412e-16 
  208       8.134267897477e-10       1.001652712097e-13      -1.219263449644e-12       0.000000000000e+00       1.318894070098e-12       2.894431535249e-13      -8.564571190972e-16 
  209       8.147871491740e-10       1.007776942091e-13      -1.019864629229e-12       0.000000000000e+00       1.299717206585e-12       2.859763037848e-13      -8.074675380538e-16 
  210       8.160614969772e-10       1.015428665010e-13      -8.176931666318e-13       0.000000000000e+00       1.280907768498e-12       2.825495892451e-13      -7.586481833527e-16 
  211       8.172494336580e-10       1.024658958239e-13      -6.128180691188e-13       0.000000000000e+00       1.262460895513e-12       2.791626195308e-13      -7.100207595193e-16 
  212       8.183505778787e-10       1.035519595807e-13      -4.053110700191e-13       0.000000000000e+00       1.244370963555e-12       2.758149028878e-13      -6.616070945025e-16 
  213       8.193645666764e-10       1.048063051658e-13      -1.952466570001e-13       0.000000000000e+00       1.226631572862e-12       2.725058445200e-13      -6.134291372147e-16 
  214       8.202910556763e-10       1.062342502922e-13       1.729789965606e-14       0.000000000000e+00       1.209235536055e-12       2.692347449258e-13      -5.655089550722e-16 
  215       8.211297193056e-10       1.078411833180e-13       2.322425187759e-13       0.000000000000e+00       1.192174866202e-12       2.660007982351e-13      -5.178687315345e-16 
  216       8.218802510069e-10       1.096325635740e-13       4.495042800177e-13       0.000000000000e+00       1.175440764886e-12       2.628030905461e-13      -4.705307636448e-16 
  217       8.225423634513e-10       1.116139216903e-13       6.689973955949e-13       0.000000000000e+00       1.159023610270e-12       2.596405982622e-13      -4.235174595698e-16 
  218       8.231157887521e-10       1.137908599233e-13       8.906331819995e-13       0.000000000000e+00       1.142912945168e-12       2.565121864289e-13      -3.768513361398e-16 
  219       8.236002786783e-10       1.161690524828e-13       1.114320031726e-12       0.000000000000e+00       1.127097465105e-12       2.534166070702e-13      -3.305550163884e-16 
  220       8.239956048679e-10       1.187542458587e-13       1.339963384992e-12       0.000000000000e+00       1.111565006389e-12       2.503524975262e-13      -2.846512270925e-16 
  221       8.243015590415e-10       1.215522591484e-13       1.567465701468e-12       0.000000000000e+00       1.096302534174e-12       2.473183787891e-13      -2.391627963129e-16 
  222       8.245179532158e-10       1.245689843835e-13       1.796726431992e-12       0.000000000000e+00       1.081296130529e-12       2.443126538406e-13      -1.941126509332e-16 
  223       8.246446199169e-10       1.278103868566e-13       2.027641990300e-12       0.000000000000e+00       1.066530982504e-12       2.413336059886e-13      -1.495238142008e-16 
  224       8.246814392498e-10       1.312821182773e-13       2.260111111634e-12       0.000000000000e+00       1.051994247912e-12       2.383798421028e-13      -1.054158140586e-16 
  225       8.246284215984e-10       1.349883279293e-13       2.494051369914e-12       0.000000000000e+00       1.037683882093e-12       2.354516574263e-13      -6.179365668994e-17 
  226       8.244856306564e-10       1.389327757005e-13       2.729383667925e-12       0.000000000000e+00       1.023600355631e-12       2.325497553055e-13      -1.865813918537e-17 
  227       8.242531573253e-10       1.431192117922e-13       2.966026930527e-12       0.000000000000e+00       1.009743822605e-12       2.296748095785e-13       2.399063592134e-17 
  228       8.239311199917e-10       1.475513761239e-13       3.203898089213e-12       0.000000000000e+00       9.961141155040e-13       2.268274639717e-13       6.615327165884e-17 
  229       8.235196648046e-10       1.522329977387e-13       3.442912066649e-12       0.000000000000e+00       9.827107401457e-13       2.240083314955e-13       1.078310876240e-16 
  230       8.230189659529e-10       1.571677942082e-13       3.682981761228e-12       0.000000000000e+00       9.695328705968e-13       2.212179938407e-13       1.490261309875e-16 
  231       8.224292259429e-10       1.623594710381e-13       3.924018031621e-12       0.000000000000e+00       9.565793440897e-13       2.184570007745e-13       1.897411875000e-16 
  232       8.217506758756e-10       1.678117210725e-13       4.165929681320e-12       0.000000000000e+00       9.438486559414e-13       2.157258695366e-13       2.299797924975e-16 
  233       8.209835757240e-10       1.735282238999e-13       4.408623443193e-12       0.000000000000e+00       9.313389544714e-13       2.130250842353e-13       2.697462419071e-16 
  234       8.201282146107e-10       1.795126452579e-13       4.652003964033e-12       0.000000000000e+00       9.190480359203e-13       2.103550952438e-13       3.090456032530e-16 
  235       8.191849110851e-10       1.857686364383e-13       4.895973789103e-12       0.000000000000e+00       9.069733393680e-13       2.077163185961e-13       3.478837266622e-16 
  236       8.181540134010e-10       1.922998336925e-13       5.140433346690e-12       0.000000000000e+00       8.951119416522e-13       2.051091353833e-13       3.862672558700e-16 
  237       8.170358997939e-10       1.991098576364e-13       5.385280932649e-12       0.000000000000e+00       8.834605522863e-13       2.025338911494e-13       4.242036392262e-16 
  238       8.158309787584e-10       2.062023126557e-13       5.630412694960e-12       0.000000000000e+00       8.720155083781e-13       1.999908952878e-13       4.617011407004e-16 
  239       8.145396893255e-10       2.135807863107e-13       5.875722618270e-12       0.000000000000e+00       8.607727695479e-13       1.974804204373e-13       4.987688508880e-16 
  240       8.131625013404e-10       2.212488487421e-13       6.121102508445e-12       0.000000000000e+00       8.497279128468e-13       1.950027018781e-13       5.354166980160e-16 
  241       8.116999157394e-10       2.292100520753e-13       6.366441977121e-12       0.000000000000e+00       8.388761276752e-13       1.925579369278e-13       5.716554589486e-16 
  242       8.101524648275e-10       2.374679298264e-13       6.611628426250e-12       0.000000000000e+00       8.282122107007e-13       1.901462843380e-13       6.074967701930e-16 
  243       8.085207125560e-10       2.460259963065e-13       6.856547032651e-12       0.000000000000e+00       8.177305607768e-13       1.877678636900e-13       6.429531389053e-16 
  244       8.068052547995e-10       2.548877460274e-13       7.101080732560e-12       0.000000000000e+00       8.074251738612e-13       1.854227547909e-13       6.780379538960e-16 
  245       8.050067196337e-10       2.640566531067e-13       7.345110206179e-12       0.000000000000e+00       7.972896379338e-13       1.831109970701e-13       7.127654966360e-16 
  246       8.031257676126e-10       2.735361706727e-13       7.588513862223e-12       0.000000000000e+00       7.873171279152e-13       1.808325889749e-13       7.471509522622e-16 
  247       8.011630920460e-10       2.833297302695e-13       7.831167822472e-12       0.000000000000e+00       7.775004005849e-13       1.785874873671e-13       7.812104205834e-16 
  248       7.991194192765e-10       2.934407412626e-13       8.072945906320e-12       0.000000000000e+00       7.678317894998e-13       1.763756069188e-13       8.149609270857e-16 
  249       7.969955089577e-10       3.038725902434e-13       8.313719615322e-12       0.000000000000e+00       7.583031999124e-13       1.741968195086e-13       8.484204339389e-16 
  250       7.947921305988e-10       3.146282399591e-13       8.553365849588e-12       0.000000000000e+00       7.489076523490e-13       1.720509564323e-13       8.816033269677e-16 
  251       7.925099911275e-10       3.257090016593e-13       8.791790582691e-12       0.000000000000e+00       7.396440226231e-13       1.699378164225e-13       9.145065650181e-16 
  252       7.901498036847e-10       3.371156907313e-13       9.028906523315e-12       0.000000000000e+00       7.305125655553e-13       1.678571569190e-13       9.471227524795e-16 
  253       7.877123112115e-10       3.488490194454e-13       9.264625505718e-12       0.000000000000e+00       7.215133888242e-13       1.658086907007e-13       9.794445937212e-16 
  254       7.851982866812e-10       3.609095955945e-13       9.498858489065e-12       0.000000000000e+00       7.126464508459e-13       1.637920852865e-13       1.011464895446e-15 
  255       7.826085333311e-10       3.732979211333e-13       9.731515556767e-12       0.000000000000e+00       7.039115586542e-13       1.618069623375e-13       1.043176569046e-15 
  256       7.799438848944e-10       3.860143908175e-13       9.962505915814e-12       0.000000000000e+00       6.953083657802e-13       1.598528970581e-13       1.074572632953e-15 
  257       7.772052058327e-10       3.990592908432e-13       1.019173789611e-11       0.000000000000e+00       6.868363701321e-13       1.579294175977e-13       1.105646214999e-15 
  258       7.743933915677e-10       4.124327974861e-13       1.041911894981e-11       0.000000000000e+00       6.784949118757e-13       1.560360044518e-13       1.136390554763e-15 
  259       7.715093687131e-10       4.261349757409e-13       1.064455565066e-11       0.000000000000e+00       6.702831713135e-13       1.541720898643e-13       1.166799005932e-15 
  260       7.685540953070e-10       4.401657779605e-13       1.086795369330e-11       0.000000000000e+00       6.622001667650e-13       1.523370572279e-13       1.196865038651e-15 
  261       7.655285610436e-10       4.545250424953e-13       1.108921789267e-11       0.000000000000e+00       6.542447524467e-13       1.505302404867e-13       1.226582241879e-15 
  262       7.624337875052e-10       4.692124923324e-13       1.130825218327e-11       0.000000000000e+00       6.464156163516e-13       1.487509235369e-13       1.255944325740e-15 
  263       7.592708283946e-10       4.842277337351e-13       1.152495961853e-11       0.000000000000e+00       6.387112781295e-13       1.469983396286e-13       1.284945123884e-15 
  264       7.560407697666e-10       4.995702548820e-13       1.173924237015e-11       0.000000000000e+00       6.311300869666e-13       1.452716707675e-13       1.313578595835e-15 
  265       7.527447302605e-10       5.152394245063e-13       1.195100172742e-11       0.000000000000e+00       6.236702194654e-13       1.435700471160e-13       1.341838829346e-15 
  266       7.493838613316e-10       5.312344905352e-13       1.216013809656e-11       0.000000000000e+00       6.163296775246e-13       1.418925463949e-13       1.369720042756e-15 
  267       7.459593474838e-10       5.475545787292e-13       1.236655100007e-11       0.000000000000e+00       6.091062862193e-13       1.402381932850e-13       1.397216587344e-15 
  268       7.424724065012e-10       5.641986913211e-13       1.257013907604e-11       0.000000000000e+00       6.019976916805e-13       1.386059588283e-13       1.424322949679e-15 
  269       7.389242896802e-10       5.811657056555e-13       1.277080007750e-11       0.000000000000e+00       5.950013589749e-13       1.369947598299e-13       1.451033753979e-15 
  270       7.353162820617e-10       5.984543728284e-13       1.296843087176e-11       0.000000000000e+00       5.881145699853e-13       1.354034582592e-13       1.477343764463e-15 
  271       7.316497026628e-10       6.160633163258e-13       1.316292743974e-11       0.000000000000e+00       5.813344212900e-13       1.338308606513e-13       1.503247887707e-15 
  272       7.279259047092e-10       6.339910306635e-13       1.335418487529e-11       0.000000000000e+00       5.746578220429e-13       1.322757175090e-13       1.528741174993e-15 
  273       7.241462758668e-10       6.522358800263e-13       1.354209738455e-11       0.000000000000e+00       5.680814918534e-13       1.307367227038e-13       1.553818824671e-15 
  274       7.203122384741e-10       6.707960969070e-13       1.372655828528e-11       0.000000000000e+00       5.616019586661e-13       1.292125128775e-13       1.578476184507e-15 
  275       7.164252497741e-10       6.896697807461e-13       1.390746000617e-11       0.000000000000e+00       5.552155566410e-13       1.277016668439e-13       1.602708754040e-15 
  276       7.124868021460e-10       7.088548965708e-13       1.408469408621e-11       0.000000000000e+00       5.489184240331e-13       1.262027049902e-13       1.626512186937e-15 
  277       7.084984233377e-10       7.283492736345e-13       1.425815117400e-11       0.000000000000e+00       5.427065010722e-13       1.247140886784e-13       1.649882293344e-15 
  278       7.044616766977e-10       7.481506040558e-13       1.442772102712e-11       0.000000000000e+00       5.365755278434e-13       1.232342196470e-13       1.672815042242e-15 
  279       7.003780792182e-10       7.682562761064e-13       1.459330103118e-11       0.000000000000e+00       5.305218502998e-13       1.217617691374e-13       1.695307242579e-15 
  280       6.962488504887e-10       7.886628673123e-13       1.475482224716e-11       0.000000000000e+00       5.245448888878e-13       1.202966853806e-13       1.717358620870e-15 
  281       6.920751511881e-10       8.093666224399e-13       1.491222471225e-11       0.000000000000e+00       5.186447936883e-13       1.188392371414e-13       1.738969855820e-15 
  282       6.878581642072e-10       8.303636148748e-13       1.506544905406e-11       0.000000000000e+00       5.128216469282e-13       1.173896886028e-13       1.760141912626e-15 
  283       6.835990947545e-10       8.516497450073e-13       1.521443650300e-11       0.000000000000e+00       5.070754621015e-13       1.159482992742e-13       1.780876046369e-15 
  284       6.792991704618e-10       8.732207386175e-13       1.535912890469e-11       0.000000000000e+00       5.014061830911e-13       1.145153238996e-13       1.801173805417e-15 
  285       6.749596414901e-10       8.950721452607e-13       1.549946873243e-11       0.000000000000e+00       4.958136832895e-13       1.130910123651e-13       1.821037034817e-15 
  286       6.705817806355e-10       9.171993366526e-13       1.563539909959e-11       0.000000000000e+00       4.902977647204e-13       1.116756096072e-13       1.840467879694e-15 
  287       6.661668834345e-10       9.395975050548e-13       1.576686377205e-11       0.000000000000e+00       4.848581571597e-13       1.102693555208e-13       1.859468788648e-15 
  288       6.617162682704e-10       9.622616616597e-13       1.589380718058e-11       0.000000000000e+00       4.794945172571e-13       1.088724848671e-13       1.878042517150e-15 
  289       6.572312764785e-10       9.851866349764e-13       1.601617443332e-11       0.000000000000e+00       4.742064276571e-13       1.074852271814e-13       1.896192130941e-15 
  290       6.527132724523e-10       1.008367069215e-12       1.613391132818e-11       0.000000000000e+00       4.689933961203e-13       1.061078066817e-13       1.913921009425e-15 
  291       6.481636437489e-10       1.031797422674e-12       1.624696436525e-11       0.000000000000e+00       4.638548546445e-13       1.047404421760e-13       1.931232849069e-15 
  292       6.435838011950e-10       1.055471966122e-12       1.635528075922e-11       0.000000000000e+00       4.587901585865e-13       1.033833469705e-13       1.948131666800e-15 
  293       6.389751789927e-10       1.079384781186e-12       1.645880845184e-11       0.000000000000e+00       4.537985857827e-13       1.020367287781e-13       1.964621803400e-15 
  294       6.343392348253e-10       1.103529758736e-12       1.655749612430e-11       0.000000000000e+00       4.488793356707e-13       1.007007896254e-13       1.980707926904e-15 
  295       6.296774499625e-10       1.127900597271e-12       1.665129320968e-11       0.000000000000e+00       4.440315284106e-13       9.937572576163e-14       1.996395035996e-15 
  296       6.249913293672e-10       1.152490801301e-12       1.674014990534e-11       0.000000000000e+00       4.392542040061e-13       9.806172756614e-14       2.011688463409e-15 
  297       6.202824018002e-10       1.177293679737e-12       1.682401718539e-11       0.000000000000e+00       4.345463214257e-13       9.675897945648e-14       2.026593879316e-15 
  298       6.155522199268e-10       1.202302344272e-12       1.690284681307e-11       0.000000000000e+00       4.299067577244e-13       9.546765979645e-14       2.041117294732e-15 
  299       6.108023604221e-10       1.227509707770e-12       1.697659135321e-11       0.000000000000e+00       4.253343071643e-13       9.418794080403e-14       2.055265064911e-15 
  300       6.060344240768e-10       1.252908482648e-12       1.704520418459e-11       0.000000000000e+00       4.208276803364e-13       9.291998845940e-14       2.069043892738e-15 
  301       6.012500359033e-10       1.278491179264e-12       1.710863951246e-11       0.000000000000e+00       4.163855032815e-13       9.166396241292e-14       2.082460832130e-15 
  302       5.964508452410e-10       1.304250104300e-12       1.716685238086e-11       0.000000000000e+00       4.120063166117e-13       9.042001589312e-14       2.095523291434e-15 
  303       5.916385258624e-10       1.330177359149e-12       1.721979868512e-11       0.000000000000e+00       4.076885746316e-13       8.918829561468e-14       2.108239036818e-15 
  304       5.868147760789e-10       1.356264838301e-12       1.726743518422e-11       0.000000000000e+00       4.034306444594e-13       8.796894168645e-14       2.120616195675e-15 
  305       5.819813188462e-10       1.382504227723e-12       1.730971951328e-11       0.000000000000e+00       3.992308051484e-13       8.676208751941e-14       2.132663260014e-15 
  306       5.771399018704e-10       1.408887003253e-12       1.734661019593e-11       0.000000000000e+00       3.950872468080e-13       8.556785973465e-14       2.144389089862e-15 
  307       5.722922977138e-10       1.435404428978e-12       1.737806665673e-11       0.000000000000e+00       3.909980697253e-13       8.438637807140e-14       2.155802916655e-15 
  308       5.674403039004e-10       1.462047555621e-12       1.740404923366e-11       0.000000000000e+00       3.869612834860e-13       8.321775529499e-14       2.166914346642e-15 
  309       5.625857430218e-10       1.488807218930e-12       1.742451919044e-11       0.000000000000e+00       3.829748060958e-13       8.206209710485e-14       2.177733364274e-15 
  310       5.577304628431e-10       1.515674038058e-12       1.743943872905e-11       0.000000000000e+00       3.790364631016e-13       8.091950204246e-14       2.188270335609e-15 
  311       5.528763364085e-10       1.542638413951e-12       1.744877100207e-11       0.000000000000e+00       3.751439867132e-13       7.979006139943e-14       2.198536011700e-15 
  312       5.480251353536e-10       1.569690966989e-12       1.745248560279e-11       0.000000000000e+00       3.712954414461e-13       7.867384910867e-14       2.208539420973e-15 
  313       5.431781431290e-10       1.596823875661e-12       1.745057529134e-11       0.000000000000e+00       3.674905246846e-13       7.757089108857e-14       2.218281431265e-15 
  314       5.383365240369e-10       1.624029596847e-12       1.744304006886e-11       0.000000000000e+00       3.637293247477e-13       7.648119429669e-14       2.227760895702e-15 
  315       5.335014483572e-10       1.651300431095e-12       1.742988178898e-11       0.000000000000e+00       3.600118994550e-13       7.540475651434e-14       2.236976737589e-15 
  316       5.286740922969e-10       1.678628521547e-12       1.741110417694e-11       0.000000000000e+00       3.563382757714e-13       7.434156624229e-14       2.245927951217e-15 
  317       5.238556379405e-10       1.706005852859e-12       1.738671284873e-11       0.000000000000e+00       3.527084494527e-13       7.329160259642e-14       2.254613602664e-15 
  318       5.190472731998e-10       1.733424250133e-12       1.735671533028e-11       0.000000000000e+00       3.491223846912e-13       7.225483520345e-14       2.263032830599e-15 
  319       5.142501917638e-10       1.760875377835e-12       1.732112107659e-11       0.000000000000e+00       3.455800137605e-13       7.123122409655e-14       2.271184847083e-15 
  320       5.094655930487e-10       1.788350738726e-12       1.727994149091e-11       0.000000000000e+00       3.420812366615e-13       7.022071961107e-14       2.279068938375e-15 
  321       5.046946821482e-10       1.815841672783e-12       1.723318994383e-11       0.000000000000e+00       3.386259207673e-13       6.922326228021e-14       2.286684465732e-15 
  322       4.999386697829e-10       1.843339356125e-12       1.718088179252e-11       0.000000000000e+00       3.352139004689e-13       6.823878273072e-14       2.294030866212e-15 
  323       4.951987722505e-10       1.870834799942e-12       1.712303439981e-11       0.000000000000e+00       3.318449768202e-13       6.726720157852e-14       2.301107653479e-15 
  324       4.904762113760e-10       1.898318849413e-12       1.705966715338e-11       0.000000000000e+00       3.285189171837e-13       6.630842932446e-14       2.307914418604e-15 
  325       4.857722144614e-10       1.925782182635e-12       1.699080148491e-11       0.000000000000e+00       3.252354548760e-13       6.536236624993e-14       2.314450830867e-15 
  326       4.810880142355e-10       1.953215309550e-12       1.691646088924e-11       0.000000000000e+00       3.219942888124e-13       6.442890231260e-14       2.320716638564e-15 
  327       4.764248488045e-10       1.980608570866e-12       1.683667094349e-11       0.000000000000e+00       3.187950831534e-13       6.350791704206e-14       2.326711669804e-15 
  328       4.717839616011e-10       2.007952136984e-12       1.675145932626e-11       0.000000000000e+00       3.156374669489e-13       6.259927943551e-14       2.332435833316e-15 
  329       4.671666013353e-10       2.035236006924e-12       1.666085583673e-11       0.000000000000e+00       3.125210337846e-13       6.170284785345e-14       2.337889119253e-15 
  330       4.625740219438e-10       2.062450007247e-12       1.656489241388e-11       0.000000000000e+00       3.094453414266e-13       6.081846991536e-14       2.343071599988e-15 
  331       4.580074825402e-10       2.089583790983e-12       1.646360315558e-11       0.000000000000e+00       3.064099114672e-13       5.994598239537e-14       2.347983430925e-15 
  332       4.534682473648e-10       2.116626836556e-12       1.635702433778e-11       0.000000000000e+00       3.034142289702e-13       5.908521111795e-14       2.352624851296e-15 
  333       4.489575857349e-10       2.143568446706e-12       1.624519443365e-11       0.000000000000e+00       3.004577421160e-13       5.823597085358e-14       2.356996184968e-15 
  334       4.444767719943e-10       2.170397747419e-12       1.612815413274e-11       0.000000000000e+00       2.975398618475e-13       5.739806521446e-14       2.361097841242e-15 
  335       4.400270854636e-10       2.197103686845e-12       1.600594636013e-11       0.000000000000e+00       2.946599615148e-13       5.657128655013e-14       2.364930315660e-15 
  336       4.356098103902e-10       2.223675034231e-12       1.587861629558e-11       0.000000000000e+00       2.918173765213e-13       5.575541584324e-14       2.368494190803e-15 
  337       4.312262358979e-10       2.250100378840e-12       1.574621139269e-11       0.000000000000e+00       2.890114039683e-13       5.495022260513e-14       2.371790137099e-15 
  338       4.268776559373e-10       2.276368128880e-12       1.560878139805e-11       0.000000000000e+00       2.862413023011e-13       5.415546477161e-14       2.374818913620e-15 
  339       4.225653692354e-10       2.302466510427e-12       1.546637837040e-11       0.000000000000e+00       2.835062909539e-13       5.337088859855e-14       2.377581368891e-15 
  340       4.182906792458e-10       2.328383566348e-12       1.531905669976e-11       0.000000000000e+00       2.808055499953e-13       5.259622855763e-14       2.380078441690e-15 
  341       4.140548940986e-10       2.354107155231e-12       1.516687312662e-11       0.000000000000e+00       2.781382197735e-13       5.183120723198e-14       2.382311161848e-15 
  342       4.098593265504e-10       2.379624950307e-12       1.500988676107e-11       0.000000000000e+00       2.755034005622e-13       5.107553521188e-14       2.384280651058e-15 
  343       4.057052939341e-10       2.404924438376e-12       1.484815910195e-11       0.000000000000e+00       2.729001522053e-13       5.032891099043e-14       2.385988123672e-15 
  344       4.015941181090e-10       2.429992918729e-12       1.468175405601e-11       0.000000000000e+00       2.703274937628e-13       4.959102085925e-14       2.387434887507e-15 
  345       3.975271254109e-10       2.454817502080e-12       1.451073795707e-11       0.000000000000e+00       2.677844031558e-13       4.886153880412e-14       2.388622344648e-15 
  346       3.935056466018e-10       2.479385109482e-12       1.433517958517e-11       0.000000000000e+00       2.652698168121e-13       4.814012640072e-14       2.389551992250e-15 
  347       3.895310168198e-10       2.503682471261e-12       1.415515018571e-11       0.000000000000e+00       2.627826293114e-13       4.742643271024e-14       2.390225423339e-15 
  348       3.856045755297e-10       2.527696125933e-12       1.397072348863e-11       0.000000000000e+00       2.603216930309e-13       4.672009417514e-14       2.390644327618e-15 
  349       3.817275516856e-10       2.551413584149e-12       1.378197278439e-11       0.000000000000e+00       2.578860296590e-13       4.602080352521e-14       2.390810312667e-15 
  350       3.779007140598e-10       2.574826876069e-12       1.358896197872e-11       0.000000000000e+00       2.554754751599e-13       4.532851986844e-14       2.390724357708e-15 
  351       3.741247062919e-10       2.597929149230e-12       1.339175420384e-11       0.000000000000e+00       2.530900609048e-13       4.464326712251e-14       2.390387338721e-15 
  352       3.704001602025e-10       2.620713516896e-12       1.319041474428e-11       0.000000000000e+00       2.507298040747e-13       4.396506575539e-14       2.389800206626e-15 
  353       3.667276956304e-10       2.643173058127e-12       1.298501105310e-11       0.000000000000e+00       2.483947075138e-13       4.329393274877e-14       2.388963987907e-15 
  354       3.631079202696e-10       2.665300817852e-12       1.277561276822e-11       0.000000000000e+00       2.460847595831e-13       4.262988156160e-14       2.387879785239e-15 
  355       3.595414295069e-10       2.687089806933e-12       1.256229172862e-11       0.000000000000e+00       2.437999340137e-13       4.197292209349e-14       2.386548778115e-15 
  356       3.560288062587e-10       2.708533002240e-12       1.234512199066e-11       0.000000000000e+00       2.415401897609e-13       4.132306064829e-14       2.384972223472e-15 
  357       3.525706208085e-10       2.729623346717e-12       1.212417984428e-11       0.000000000000e+00       2.393054708569e-13       4.068029989745e-14       2.383151456317e-15 
  358       3.491674306439e-10       2.750353749454e-12       1.189954382931e-11       0.000000000000e+00       2.370957062650e-13       4.004463884359e-14       2.381087890356e-15 
  359       3.458197802938e-10       2.770717085753e-12       1.167129475171e-11       0.000000000000e+00       2.349108097325e-13       3.941607278391e-14       2.378783018614e-15 
  360       3.425282011658e-10       2.790706197203e-12       1.143951569984e-11       0.000000000000e+00       2.327506796450e-13       3.879459327374e-14       2.376238414070e-15 
  361       3.392932113832e-10       2.810313891743e-12       1.120429206072e-11       0.000000000000e+00       2.306151988789e-13       3.818018808993e-14       2.373455730276e-15 
  362       3.361153156222e-10       2.829532943737e-12       1.096571153630e-11       0.000000000000e+00       2.285042346558e-13       3.757284119439e-14       2.370436701988e-15 
  363       3.329950049492e-10       2.848356094042e-12       1.072386415969e-11       0.000000000000e+00       2.264176383956e-13       3.697253269753e-14       2.367183145789e-15 
  364       3.299327566581e-10       2.866776050076e-12       1.047884231147e-11       0.000000000000e+00       2.243552455700e-13       3.637923882178e-14       2.363696960719e-15 
  365       3.269290341072e-10       2.884785485888e-12       1.023074073592e-11       0.000000000000e+00       2.223168755560e-13       3.579293186501e-14       2.359980128900e-15 
  366       3.239842865564e-10       2.902377042230e-12       9.979656557277e-12       0.000000000000e+00       2.203023314898e-13       3.521358016406e-14       2.356034716161e-15 
  367       3.210989490050e-10       2.919543326623e-12       9.725689296028e-12       0.000000000000e+00       2.183114001196e-13       3.464114805817e-14       2.351862872664e-15 
  368       3.182734420280e-10       2.936276913430e-12       9.468940885147e-12       0.000000000000e+00       2.163438516598e-13       3.407559585249e-14       2.347466833535e-15 
  369       3.155081716140e-10       2.952570343922e-12       9.209515686361e-12       0.000000000000e+00       2.143994396440e-13       3.351687978154e-14       2.342848919484e-15 
  370       3.128035290021e-10       2.968416126351e-12       8.947520506418e-12       0.000000000000e+00       2.124779007788e-13       3.296495197270e-14       2.338011537438e-15 
  371       3.101598905190e-10       2.983806736017e-12       8.683064613347e-12       0.000000000000e+00       2.105789547973e-13       3.241976040967e-14       2.332957181161e-15 
  372       3.075776174166e-10       2.998734615339e-12       8.416259752717e-12       0.000000000000e+00       2.087023043124e-13       3.188124889596e-14       2.327688431886e-15 
  373       3.050570557088e-10       3.013192173924e-12       8.147220163902e-12       0.000000000000e+00       2.068476346707e-13       3.134935701834e-14       2.322207958936e-15 
  374       3.025985360088e-10       3.027171788636e-12       7.876062596341e-12       0.000000000000e+00       2.050146138053e-13       3.082402011037e-14       2.316518520355e-15 
  375       3.002023733664e-10       3.040665803668e-12       7.602906325803e-12       0.000000000000e+00       2.032028920903e-13       3.030516921582e-14       2.310622963533e-15 
  376       2.978688671051e-10       3.053666530607e-12       7.327873170647e-12       0.000000000000e+00       2.014121021933e-13       2.979273105219e-14       2.304524225831e-15 
  377       2.955983006594e-10       3.066166248509e-12       7.051087508083e-12       0.000000000000e+00       1.996418589298e-13       2.928662797414e-14       2.298225335209e-15 
  378       2.933909414119e-10       3.078157203964e-12       6.772676290437e-12       0.000000000000e+00       1.978917591159e-13       2.878677793701e-14       2.291729410852e-15 
  379       2.912470405304e-10       3.089631611168e-12       6.492769061410e-12       0.000000000000e+00       1.961613814225e-13       2.829309446029e-14       2.285039663796e-15 
  380       2.891668328055e-10       3.100581651992e-12       6.211497972343e-12       0.000000000000e+00       1.944502862285e-13       2.780548659107e-14       2.278159397554e-15 
  381       2.871505364872e-10       3.110999476052e-12       5.928997798476e-12       0.000000000000e+00       1.927580154740e-13       2.732385886754e-14       2.271092008744e-15 
  382       2.851983531227e-10       3.120877200778e-12       5.645405955213e-12       0.000000000000e+00       1.910840925145e-13       2.684811128244e-14       2.263840987715e-15 
  383       2.833104673933e-10       3.130206911482e-12       5.360862514381e-12       0.000000000000e+00       1.894280219738e-13       2.637813924659e-14       2.256409919170e-15 
  384       2.814870469514e-10       3.138980661431e-12       5.075510220496e-12       0.000000000000e+00       1.877892895980e-13       2.591383355231e-14       2.248802482799e-15 
  385       2.797282422581e-10       3.147190471914e-12       4.789494507020e-12       0.000000000000e+00       1.861673621084e-13       2.545508033692e-14       2.241022453900e-15 
  386       2.780341864203e-10       3.154828332313e-12       4.502963512627e-12       0.000000000000e+00       1.845616870556e-13       2.500176104623e-14       2.233073704006e-15 
  387       2.764049950275e-10       3.161886200171e-12       4.216068097465e-12       0.000000000000e+00       1.829716926728e-13       2.455375239798e-14       2.224960201514e-15 
  388       2.748407364218e-10       3.168357292460e-12       3.928949573530e-12       0.000000000000e+00       1.813968901672e-13       2.411095072146e-14       2.216685556183e-15 
  389       2.733413416120e-10       3.174240012487e-12       3.641702356638e-12       0.000000000000e+00       1.798371851115e-13       2.367334605455e-14       2.208251632575e-15 
  390       2.719066906699e-10       3.179534170014e-12       3.354409949342e-12       0.000000000000e+00       1.782925774130e-13       2.324095074660e-14       2.199659885980e-15 
  391       2.705366418082e-10       3.184239704415e-12       3.067157107132e-12       0.000000000000e+00       1.767630598624e-13       2.281377531560e-14       2.190911814119e-15 
  392       2.692310311943e-10       3.188356685774e-12       2.780029844940e-12       0.000000000000e+00       1.752486180686e-13       2.239182843097e-14       2.182008957409e-15 
  393       2.679896727639e-10       3.191885315980e-12       2.493115443624e-12       0.000000000000e+00       1.737492303937e-13       2.197511689642e-14       2.172952899228e-15 
  394       2.668123580346e-10       3.194825929822e-12       2.206502456469e-12       0.000000000000e+00       1.722648678883e-13       2.156364563285e-14       2.163745266179e-15 
  395       2.656988559198e-10       3.197178996089e-12       1.920280715678e-12       0.000000000000e+00       1.707954942259e-13       2.115741766116e-14       2.154387728348e-15 
  396       2.646489125422e-10       3.198945118663e-12       1.634541338867e-12       0.000000000000e+00       1.693410656383e-13       2.075643408515e-14       2.144881999576e-15 
  397       2.636622510475e-10       3.200125037615e-12       1.349376735558e-12       0.000000000000e+00       1.679015308504e-13       2.036069407433e-14       2.135229837719e-15 
  398       2.627385714185e-10       3.200719630302e-12       1.064880613674e-12       0.000000000000e+00       1.664768310151e-13       1.997019484682e-14       2.125433044910e-15 
  399       2.618775502879e-10       3.200729912464e-12       7.811479860314e-13       0.000000000000e+00       1.650668996482e-13       1.958493165217e-14       2.115493467824e-15 
  400       2.610788407529e-10       3.200157039319e-12       4.982751768379e-13       0.000000000000e+00       1.636716625636e-13       1.920489775426e-14       2.105412997945e-15 
  401       2.603420721885e-10       3.199002306659e-12       2.163598281823e-13       0.000000000000e+00       1.622910378080e-13       1.883008441410e-14       2.095193571824e-15 
  402       2.596668500612e-10       3.197267151946e-12      -6.449909346967e-14       0.000000000000e+00       1.609249355961e-13       1.846048087274e-14       2.084837171347e-15 
  403       2.590527557425e-10       3.194953155410e-12      -3.442012907812e-13       0.000000000000e+00       1.595732582452e-13       1.809607433411e-14       2.074345823999e-15 
  404       2.584993463231e-10       3.192062041143e-12      -6.226451290506e-13       0.000000000000e+00       1.582359001106e-13       1.773684994786e-14       2.063721603123e-15 
  405       2.580061544261e-10       3.188595678197e-12      -8.997276297175e-13       0.000000000000e+00       1.569127475200e-13       1.738279079224e-14       2.052966628190e-15 
  406       2.575726880208e-10       3.184556081676e-12      -1.175344463868e-12       0.000000000000e+00       1.556036787092e-13       1.703387785693e-14       2.042083065058e-15 
  407       2.571984302368e-10       3.179945413839e-12      -1.449389945743e-12       0.000000000000e+00       1.543085637562e-13       1.669009002595e-14       2.031073126238e-15 
  408       2.568828391769e-10       3.174765985190e-12      -1.721757026240e-12       0.000000000000e+00       1.530272645168e-13       1.635140406043e-14       2.019939071157e-15 
  409       2.566253477316e-10       3.169020255577e-12      -1.992337286423e-12       0.000000000000e+00       1.517596345594e-13       1.601779458157e-14       2.008683206422e-15 
  410       2.564253633924e-10       3.162710835288e-12      -2.261020931026e-12       0.000000000000e+00       1.505055190997e-13       1.568923405340e-14       1.997307886085e-15 
  411       2.562822680652e-10       3.155840486146e-12      -2.527696781961e-12       0.000000000000e+00       1.492647549360e-13       1.536569276572e-14       1.985815511904e-15 
  412       2.561954178848e-10       3.148412122606e-12      -2.792252271823e-12       0.000000000000e+00       1.480371703838e-13       1.504713881688e-14       1.974208533609e-15 
  413       2.561641430277e-10       3.140428812852e-12      -3.054573437393e-12       0.000000000000e+00       1.468225852110e-13       1.473353809672e-14       1.962489449164e-15 
  414       2.561877475264e-10       3.131893779891e-12      -3.314544913152e-12       0.000000000000e+00       1.456208105730e-13       1.442485426934e-14       1.950660805034e-15 
  415       2.562655090828e-10       3.122810402651e-12      -3.572049924776e-12       0.000000000000e+00       1.444316489473e-13       1.412104875604e-14       1.938725196445e-15 
  416       2.563966788820e-10       3.113182217075e-12      -3.826970282652e-12       0.000000000000e+00       1.432548940685e-13       1.382208071809e-14       1.926685267648e-15 
  417       2.565804814061e-10       3.103012917221e-12      -4.079186375378e-12       0.000000000000e+00       1.420903308636e-13       1.352790703968e-14       1.914543712187e-15 
  418       2.568161142475e-10       3.092306356353e-12      -4.328577163271e-12       0.000000000000e+00       1.409377353864e-13       1.323848231071e-14       1.902303273158e-15 
  419       2.571027479231e-10       3.081066548042e-12      -4.575020171872e-12       0.000000000000e+00       1.397968747531e-13       1.295375880966e-14       1.889966743474e-15 
  420       2.574395256875e-10       3.069297667258e-12      -4.818391485454e-12       0.000000000000e+00       1.386675070767e-13       1.267368648647e-14       1.877536966132e-15 
  421       2.578255633470e-10       3.057004051470e-12      -5.058565740526e-12       0.000000000000e+00       1.375493814023e-13       1.239821294536e-14       1.865016834470e-15 
  422       2.582599490734e-10       3.044190201739e-12      -5.295416119338e-12       0.000000000000e+00       1.364422376417e-13       1.212728342775e-14       1.852409292439e-15 
  423       2.587417432173e-10       3.030860783816e-12      -5.528814343391e-12       0.000000000000e+00       1.353458065088e-13       1.186084079502e-14       1.839717334860e-15 
  424       2.592699781219e-10       3.017020629237e-12      -5.758630666939e-12       0.000000000000e+00       1.342598094544e-13       1.159882551148e-14       1.826944007691e-15 
  425       2.598436579372e-10       3.002674736419e-12      -5.984733870497e-12       0.000000000000e+00       1.331839586008e-13       1.134117562712e-14       1.814092408290e-15 
  426       2.604617584328e-10       2.987828271758e-12      -6.206991254346e-12       0.000000000000e+00       1.321179566772e-13       1.108782676054e-14       1.801165685679e-15 
  427       2.611233041162e-10       2.972486956085e-12      -6.425283958901e-12       0.000000000000e+00       1.310615484564e-13       1.083872026277e-14       1.788166680908e-15 
  428       2.618276028535e-10       2.956658236285e-12      -6.639553513108e-12       0.000000000000e+00       1.300146771251e-13       1.059382804958e-14       1.775096834135e-15 
  429       2.625740188647e-10       2.940350155692e-12      -6.849756856935e-12       0.000000000000e+00       1.289773331055e-13       1.035312858030e-14       1.761957240881e-15 
  430       2.633618960052e-10       2.923570973679e-12      -7.055851161157e-12       0.000000000000e+00       1.279495030033e-13       1.011659874145e-14       1.748749008598e-15 
  431       2.641905576309e-10       2.906329167002e-12      -7.257793830924e-12       0.000000000000e+00       1.269311695762e-13       9.884213834933e-15       1.735473256697e-15 
  432       2.650593064623e-10       2.888633431151e-12      -7.455542509330e-12       0.000000000000e+00       1.259223117028e-13       9.655947566304e-15       1.722131116573e-15 
  433       2.659674244488e-10       2.870492681700e-12      -7.649055080984e-12       0.000000000000e+00       1.249229043515e-13       9.431772032972e-15       1.708723731638e-15 
  434       2.669141726338e-10       2.851916055656e-12      -7.838289675581e-12       0.000000000000e+00       1.239329185488e-13       9.211657712441e-15       1.695252257341e-15 
  435       2.678987910183e-10       2.832912912806e-12      -8.023204671469e-12       0.000000000000e+00       1.229523213487e-13       8.995573450533e-15       1.681717861200e-15 
  436       2.689204984260e-10       2.813492837069e-12      -8.203758699221e-12       0.000000000000e+00       1.219810758009e-13       8.783486449619e-15       1.668121722831e-15 
  437       2.699784923675e-10       2.793665637845e-12      -8.379910645203e-12       0.000000000000e+00       1.210191409200e-13       8.575362256848e-15       1.654465033968e-15 
  438       2.710719489048e-10       2.773441351361e-12      -8.551619655147e-12       0.000000000000e+00       1.200664716540e-13       8.371164752373e-15       1.640748998501e-15 
  439       2.722000225157e-10       2.752830242023e-12      -8.718845137715e-12       0.000000000000e+00       1.191230188532e-13       8.170856137585e-15       1.626974832495e-15 
  440       2.733618459580e-10       2.731842803766e-12      -8.881546768075e-12       0.000000000000e+00       1.181887292389e-13       7.974396923336e-15       1.613143764220e-15 
  441       2.745565301347e-10       2.710489761399e-12      -9.039684491469e-12       0.000000000000e+00       1.172635453723e-13       7.781745918172e-15       1.599257034180e-15 
  442       2.757831639575e-10       2.688782071960e-12      -9.193218526778e-12       0.000000000000e+00       1.163474056231e-13       7.592860216559e-15       1.585315895138e-15 
  443       2.770408142121e-10       2.666730926059e-12      -9.342109370100e-12       0.000000000000e+00       1.154402441382e-13       7.407695187112e-15       1.571321612146e-15 
  444       2.783285254219e-10       2.644347749233e-12      -9.486317798313e-12       0.000000000000e+00       1.145419908109e-13       7.226204460826e-15       1.557275462571e-15 
  445       2.796453197131e-10       2.621644203290e-12      -9.625804872648e-12       0.000000000000e+00       1.136525712493e-13       7.048339919302e-15       1.543178736121e-15 
  446       2.809901966788e-10       2.598632187661e-12      -9.760531942258e-12       0.000000000000e+00       1.127719067449e-13       6.874051682978e-15       1.529032734875e-15 
  447       2.823621332433e-10       2.575323840750e-12      -9.890460647788e-12       0.000000000000e+00       1.118999142421e-13       6.703288099355e-15       1.514838773310e-15 
  448       2.837600835270e-10       2.551731541280e-12      -1.001555292494e-11       0.000000000000e+00       1.110365063060e-13       6.535995731228e-15       1.500598178327e-15 
  449       2.851829787105e-10       2.527867909646e-12      -1.013577100806e-11       0.000000000000e+00       1.101815910920e-13       6.372119344914e-15       1.486312289279e-15 
  450       2.866297268992e-10       2.503745809261e-12      -1.025107743369e-11       0.000000000000e+00       1.093350723141e-13       6.211601898481e-15       1.471982458000e-15 
  451       2.880992129876e-10       2.479378347906e-12      -1.036143504412e-11       0.000000000000e+00       1.084968492138e-13       6.054384529976e-15       1.457610048830e-15 
  452       2.895902985239e-10       2.454778879080e-12      -1.046680699103e-11       0.000000000000e+00       1.076668165291e-13       5.900406545653e-15       1.443196438645e-15 
  453       2.911018215745e-10       2.429961003349e-12      -1.056715673895e-11       0.000000000000e+00       1.068448644626e-13       5.749605408206e-15       1.428743016880e-15 
  454       2.926325965883e-10       2.404938569695e-12      -1.066244806895e-11       0.000000000000e+00       1.060308786511e-13       5.601916724991e-15       1.414251185563e-15 
  455       2.941814142610e-10       2.379725676864e-12      -1.075264508210e-11       0.000000000000e+00       1.052247401339e-13       5.457274236260e-15       1.399722359338e-15 
  456       2.957470414000e-10       2.354336674717e-12      -1.083771220313e-11       0.000000000000e+00       1.044263253216e-13       5.315609803388e-15       1.385157965491e-15 
  457       2.973282207885e-10       2.328786165579e-12      -1.091761418393e-11       0.000000000000e+00       1.036355059649e-13       5.176853397101e-15       1.370559443984e-15 
  458       2.989236710500e-10       2.303089005585e-12      -1.099231610716e-11       0.000000000000e+00       1.028521491235e-13       5.040933085706e-15       1.355928247474e-15 
  459       3.005320865128e-10       2.277260306035e-12      -1.106178338982e-11       0.000000000000e+00       1.020761171347e-13       4.907775023320e-15       1.341265841347e-15 
  460       3.021521370746e-10       2.251315434737e-12      -1.112598178680e-11       0.000000000000e+00       1.013072675822e-13       4.777303438096e-15       1.326573703744e-15 
  461       3.037824680666e-10       2.225270017361e-12      -1.118487739445e-11       0.000000000000e+00       1.005454532651e-13       4.649440620454e-15       1.311853325585e-15 
  462       3.054217001182e-10       2.199139938786e-12      -1.123843665417e-11       0.000000000000e+00       9.979052216617e-14       4.524106911310e-15       1.297106210601e-15 
  463       3.070684290213e-10       2.172941344449e-12      -1.128662635596e-11       0.000000000000e+00       9.904231742123e-14       4.401220690304e-15       1.282333875358e-15 
  464       3.087212255950e-10       2.146690641693e-12      -1.132941364202e-11       0.000000000000e+00       9.830067728744e-14       4.280698364028e-15       1.267537849288e-15 
  465       3.103786355498e-10       2.120404501120e-12      -1.136676601026e-11       0.000000000000e+00       9.756543511230e-14       4.162454354255e-15       1.252719674712e-15 
  466       3.120393257385e-10       2.094098889350e-12      -1.139866118006e-11       0.000000000000e+00       9.683644722199e-14       4.046415430697e-15       1.237880867420e-15 
  467       3.137025282062e-10       2.067786131355e-12      -1.142511702066e-11       0.000000000000e+00       9.611367760753e-14       3.932564225328e-15       1.223022796990e-15 
  468       3.153676097275e-10       2.041477759126e-12      -1.144616256356e-11       0.000000000000e+00       9.539711581929e-14       3.820897052497e-15       1.208146802790e-15 
  469       3.170339266176e-10       2.015185472796e-12      -1.146182823367e-11       0.000000000000e+00       9.468674927039e-14       3.711409683269e-15       1.193254233093e-15 
  470       3.187008246778e-10       1.988921141445e-12      -1.147214585845e-11       0.000000000000e+00       9.398256322088e-14       3.604097341567e-15       1.178346445085e-15 
  471       3.203676391401e-10       1.962696803925e-12      -1.147714867682e-11       0.000000000000e+00       9.328454076191e-14       3.498954700307e-15       1.163424804871e-15 
  472       3.220336946130e-10       1.936524669666e-12      -1.147687134820e-11       0.000000000000e+00       9.259266279987e-14       3.395975877541e-15       1.148490687479e-15 
  473       3.236983050264e-10       1.910417119498e-12      -1.147134996155e-11       0.000000000000e+00       9.190690804060e-14       3.295154432589e-15       1.133545476869e-15 
  474       3.253607735767e-10       1.884386706463e-12      -1.146062204432e-11       0.000000000000e+00       9.122725297351e-14       3.196483362185e-15       1.118590565933e-15 
  475       3.270203926718e-10       1.858446156630e-12      -1.144472657149e-11       0.000000000000e+00       9.055367185578e-14       3.099955096611e-15       1.103627356509e-15 
  476       3.286764438768e-10       1.832608369911e-12      -1.142370397461e-11       0.000000000000e+00       8.988613669651e-14       3.005561495833e-15       1.088657259376e-15 
  477       3.303281978588e-10       1.806886420874e-12      -1.139759615072e-11       0.000000000000e+00       8.922461724088e-14       2.913293845649e-15       1.073681694271e-15 
  478       3.319749143321e-10       1.781293559562e-12      -1.136644647145e-11       0.000000000000e+00       8.856908095432e-14       2.823142853815e-15       1.058702089885e-15 
  479       3.336158420032e-10       1.755843212305e-12      -1.133029979198e-11       0.000000000000e+00       8.791949300670e-14       2.735098646195e-15       1.043719883876e-15 
  480       3.352502185166e-10       1.730548982536e-12      -1.128920246003e-11       0.000000000000e+00       8.727581625643e-14       2.649150762890e-15       1.028736522869e-15 
  481       3.368772703991e-10       1.705424651604e-12      -1.124320232494e-11       0.000000000000e+00       8.663801123472e-14       2.565288154384e-15       1.013753462467e-15 
  482       3.384962130057e-10       1.680484179594e-12      -1.119234874660e-11       0.000000000000e+00       8.600603612966e-14       2.483499177679e-15       9.987721672511e-16 
  483       3.401062504643e-10       1.655741706138e-12      -1.113669260449e-11       0.000000000000e+00       8.537984677043e-14       2.403771592431e-15       9.837941107909e-16 
  484       3.417065756211e-10       1.631211551230e-12      -1.107628630671e-11       0.000000000000e+00       8.475939661146e-14       2.326092557096e-15       9.688207756479e-16 
  485       3.432963699857e-10       1.606908216044e-12      -1.101118379894e-11       0.000000000000e+00       8.414463671658e-14       2.250448625059e-15       9.538536533813e-16 
  486       3.448748036764e-10       1.582846383745e-12      -1.094144057349e-11       0.000000000000e+00       8.353551574321e-14       2.176825740781e-15       9.388942445544e-16 
  487       3.464410353651e-10       1.559040920309e-12      -1.086711367829e-11       0.000000000000e+00       8.293197992649e-14       2.105209235932e-15       9.239440587396e-16 
  488       3.479942122226e-10       1.535506875334e-12      -1.078826172590e-11       0.000000000000e+00       8.233397306350e-14       2.035583825531e-15       9.090046145245e-16 
  489       3.495334698638e-10       1.512259482856e-12      -1.070494490251e-11       0.000000000000e+00       8.174143649736e-14       1.967933604087e-15       8.940774395176e-16 
  490       3.510579322929e-10       1.489314162167e-12      -1.061722497697e-11       0.000000000000e+00       8.115430910144e-14       1.902242041733e-15       8.791640703534e-16 
  491       3.525667118486e-10       1.466686518625e-12      -1.052516530976e-11       0.000000000000e+00       8.057252726353e-14       1.838491980368e-15       8.642660526990e-16 
  492       3.540589091490e-10       1.444392344473e-12      -1.042883086205e-11       0.000000000000e+00       7.999602486997e-14       1.776665629795e-15       8.493849412590e-16 
  493       3.555336130370e-10       1.422447619653e-12      -1.032828820465e-11       0.000000000000e+00       7.942473328983e-14       1.716744563857e-15       8.345222997817e-16 
  494       3.569899005256e-10       1.400868512620e-12      -1.022360552706e-11       0.000000000000e+00       7.885858135911e-14       1.658709716578e-15       8.196797010644e-16 
  495       3.584268367427e-10       1.379671381159e-12      -1.011485264649e-11       0.000000000000e+00       7.829749536484e-14       1.602541378302e-15       8.048587269595e-16 
  496       3.598434748765e-10       1.358872773198e-12      -1.000210101679e-11       0.000000000000e+00       7.774139902930e-14       1.548219191830e-15       7.900609683798e-16 
  497       3.612388561207e-10       1.338489427626e-12      -9.885423737555e-12       0.000000000000e+00       7.719021349417e-14       1.495722148556e-15       7.752880253044e-16 
  498       3.626120096195e-10       1.318538275104e-12      -9.764895563071e-12       0.000000000000e+00       7.664385730468e-14       1.445028584613e-15       7.605415067842e-16 
  499       3.639619524129e-10       1.299036438883e-12      -9.640592911343e-12       0.000000000000e+00       7.610224639380e-14       1.396116177004e-15       7.458230309479e-16 
  500       3.652876893819e-10       1.280001235619e-12      -9.512593873099e-12       0.000000000000e+00       7.556529406638e-14       1.348961939743e-15       7.311342250075e-16 
  501       3.665882131936e-10       1.261450176188e-12      -9.380978220800e-12       0.000000000000e+00       7.503291098334e-14       1.303542219996e-15       7.164767252638e-16 
  502       3.678625042462e-10       1.243400966498e-12      -9.245827417650e-12       0.000000000000e+00       7.450500514582e-14       1.259832694215e-15       7.018521771125e-16 
  503       3.691095306145e-10       1.225871508309e-12      -9.107224626596e-12       0.000000000000e+00       7.398148187935e-14       1.217808364280e-15       6.872622350495e-16 
  504       3.703282479949e-10       1.208879900044e-12      -8.965254719345e-12       0.000000000000e+00       7.346224381801e-14       1.177443553636e-15       6.727085626769e-16 
  505       3.715177437456e-10       1.192442455768e-12      -8.820002782394e-12       0.000000000000e+00       7.294720661718e-14       1.138714294515e-15       6.581927383927e-16 
  506       3.726776736825e-10       1.176567697692e-12      -8.671549569498e-12       0.000000000000e+00       7.243634662172e-14       1.101605573071e-15       6.437159694622e-16 
  507       3.738078377590e-10       1.161262192203e-12      -8.519975935951e-12       0.000000000000e+00       7.192965453987e-14       1.066104285360e-15       6.292793697203e-16 
  508       3.749080371215e-10       1.146532515938e-12      -8.365364337989e-12       0.000000000000e+00       7.142711983041e-14       1.032196862400e-15       6.148840531043e-16 
  509       3.759780741226e-10       1.132385255668e-12      -8.207798841092e-12       0.000000000000e+00       7.092873069421e-14       9.998692674328e-16       6.005311336150e-16 
  510       3.770177523338e-10       1.118827008179e-12      -8.047365128286e-12       0.000000000000e+00       7.043447406580e-14       9.691069931853e-16       5.862217252780e-16 
  511       3.780268765582e-10       1.105864380164e-12      -7.884150508449e-12       0.000000000000e+00       6.994433560493e-14       9.398950591310e-16       5.719569421054e-16 
  512       3.790052528433e-10       1.093503988099e-12      -7.718243924607e-12       0.000000000000e+00       6.945829968809e-14       9.122180087515e-16       5.577378980568e-16 
  513       3.799526884943e-10       1.081752458132e-12      -7.549735962240e-12       0.000000000000e+00       6.897634940010e-14       8.860599067977e-16       5.435657070011e-16 
  514       3.808689920862e-10       1.070616425966e-12      -7.378718857582e-12       0.000000000000e+00       6.849846652562e-14       8.614043365514e-16       5.294414826776e-16 
  515       3.817539734774e-10       1.060102536745e-12      -7.205286505926e-12       0.000000000000e+00       6.802463154073e-14       8.382343970866e-16       5.153663386576e-16 
  516       3.826074438220e-10       1.050217444937e-12      -7.029534469924e-12       0.000000000000e+00       6.755482360449e-14       8.165327005305e-16       5.013413883055e-16 
  517       3.834292155829e-10       1.040967814218e-12      -6.851559987887e-12       0.000000000000e+00       6.708902055045e-14       7.962813693257e-16       4.873677447405e-16 
  518       3.842191025444e-10       1.032360317356e-12      -6.671461982092e-12       0.000000000000e+00       6.662719887826e-14       7.774620334907e-16       4.734465207980e-16 
  519       3.849769198254e-10       1.024401636097e-12      -6.489341067081e-12       0.000000000000e+00       6.616933374517e-14       7.600558278818e-16       4.595788289906e-16 
  520       3.857024838919e-10       1.017098461051e-12      -6.305299557962e-12       0.000000000000e+00       6.571539895760e-14       7.440433894544e-16       4.457657814701e-16 
  521       3.863956125700e-10       1.010457491570e-12      -6.119441478714e-12       0.000000000000e+00       6.526536696271e-14       7.294048545244e-16       4.320084899882e-16 
  522       3.870561250587e-10       1.004485435640e-12      -5.931872570489e-12       0.000000000000e+00       6.481920883992e-14       7.161198560293e-16       4.183080658586e-16 
  523       3.876838419427e-10       9.991890097586e-13      -5.742700299910e-12       0.000000000000e+00       6.437689429250e-14       7.041675207900e-16       4.046656199178e-16 
  524       3.882785852054e-10       9.945749388258e-13      -5.552033867378e-12       0.000000000000e+00       6.393839163907e-14       6.935264667719e-16       3.910822624869e-16 
  525       3.888401782415e-10       9.906499560231e-13      -5.359984215370e-12       0.000000000000e+00       6.350366780521e-14       6.841748003463e-16       3.775591033327e-16 
  526       3.893684458699e-10       9.874208027006e-13      -5.166664036746e-12       0.000000000000e+00       6.307268831496e-14       6.760901135521e-16       3.640972516294e-16 
  527       3.898632143468e-10       9.848942282607e-13      -4.972187783045e-12       0.000000000000e+00       6.264541728242e-14       6.692494813566e-16       3.506978159197e-16 
  528       3.903243113781e-10       9.830769900425e-13      -4.776671672793e-12       0.000000000000e+00       6.222181740325e-14       6.636294589174e-16       3.373619040764e-16 
  529       3.907515661327e-10       9.819758532062e-13      -4.580233699801e-12       0.000000000000e+00       6.180184994626e-14       6.592060788435e-16       3.240906232636e-16 
  530       3.911448092548e-10       9.815975906175e-13      -4.382993641467e-12       0.000000000000e+00       6.138547474496e-14       6.559548484568e-16       3.108850798985e-16 
  531       3.915038728773e-10       9.819489827319e-13      -4.185073067082e-12       0.000000000000e+00       6.097265018910e-14       6.538507470535e-16       2.977463796122e-16 
  532       3.918285906343e-10       9.830368174792e-13      -3.986595346129e-12       0.000000000000e+00       6.056333321621e-14       6.528682231653e-16       2.846756272114e-16 
  533       3.921187976740e-10       9.848678901477e-13      -3.787685656584e-12       0.000000000000e+00       6.015747930319e-14       6.529811918211e-16       2.716739266401e-16 
  534       3.923743306714e-10       9.874490032690e-13      -3.588470993222e-12       0.000000000000e+00       5.975504245780e-14       6.541630318080e-16       2.587423809404e-16 
  535       3.925950278415e-10       9.907869665016e-13      -3.389080175915e-12       0.000000000000e+00       5.935597521030e-14       6.563865829329e-16       2.458820922143e-16 
  536       3.927807289519e-10       9.948885965161e-13      -3.189643857937e-12       0.000000000000e+00       5.896022860490e-14       6.596241432840e-16       2.330941615850e-16 
  537       3.929312753356e-10       9.997607168792e-13      -2.990294534264e-12       0.000000000000e+00       5.856775219141e-14       6.638474664919e-16       2.203796891582e-16 
  538       3.930465099038e-10       1.005410157938e-12      -2.791166549879e-12       0.000000000000e+00       5.817849401671e-14       6.690277589912e-16       2.077397739837e-16 
  539       3.931262771591e-10       1.011843756704e-12      -2.592396108069e-12       0.000000000000e+00       5.779240061635e-14       6.751356772817e-16       1.951755140164e-16 
  540       3.931704232078e-10       1.019068356740e-12      -2.394121278734e-12       0.000000000000e+00       5.740941700610e-14       6.821413251899e-16       1.826880060782e-16 
  541       3.931787957732e-10       1.027090808039e-12      -2.196482006682e-12       0.000000000000e+00       5.702948667348e-14       6.900142511304e-16       1.702783458191e-16 
  542       3.931512442081e-10       1.035917966915e-12      -1.999620119936e-12       0.000000000000e+00       5.665255156931e-14       6.987234453673e-16       1.579476276786e-16 
  543       3.930876195078e-10       1.045556695883e-12      -1.803679338034e-12       0.000000000000e+00       5.627855209930e-14       7.082373372755e-16       1.456969448472e-16 
  544       3.929878497183e-10       1.056012062394e-12      -1.608793161903e-12       0.000000000000e+00       5.590743640163e-14       7.185276616669e-16       1.335272466940e-16 
  545       3.928521683515e-10       1.067281882283e-12      -1.415048170438e-12       0.000000000000e+00       5.553918846980e-14       7.295811770437e-16       1.214389069350e-16 
  546       3.926808921075e-10       1.079362030081e-12      -1.222519758154e-12       0.000000000000e+00       5.517380076570e-14       7.413882555119e-16       1.094321438330e-16 
  547       3.924743460754e-10       1.092248226113e-12      -1.031284168149e-12       0.000000000000e+00       5.481126499690e-14       7.539390409140e-16       9.750716159036e-17 
  548       3.922328637768e-10       1.105936035651e-12      -8.414184955009e-13       0.000000000000e+00       5.445157211195e-14       7.672234476571e-16       8.566415025220e-17 
  549       3.919567872089e-10       1.120420868076e-12      -6.530006906664e-13       0.000000000000e+00       5.409471229574e-14       7.812311595397e-16       7.390328561035e-17 
  550       3.916464668881e-10       1.135697976026e-12      -4.661095628767e-13       0.000000000000e+00       5.374067496478e-14       7.959516285794e-16       6.222472910699e-17 
  551       3.913022618936e-10       1.151762454555e-12      -2.808247835357e-13       0.000000000000e+00       5.338944876249e-14       8.113740738400e-16       5.062862773837e-17 
  552       3.909245399098e-10       1.168609240288e-12      -9.722688961651e-14       0.000000000000e+00       5.304102155457e-14       8.274874802593e-16       3.911511395852e-17 
  553       3.905136772709e-10       1.186233110578e-12       8.460271294116e-14       0.000000000000e+00       5.269538042424e-14       8.442805974760e-16       2.768430558294e-17 
  554       3.900700590032e-10       1.204628682658e-12       2.645817458338e-13       0.000000000000e+00       5.235251166762e-14       8.617419386574e-16       1.633630569229e-17 
  555       3.895940788692e-10       1.223790412797e-12       4.426270549971e-13       0.000000000000e+00       5.201240078896e-14       8.798597793266e-16       5.071202536144e-18 
  556       3.890861394105e-10       1.243712595459e-12       6.186546072086e-13       0.000000000000e+00       5.167503249603e-14       8.986221561903e-16      -6.110930563361e-18 
  557       3.885466519912e-10       1.264389362454e-12       7.925794866907e-13       0.000000000000e+00       5.134039069539e-14       9.180168659653e-16      -1.721003530779e-17 
  558       3.879760368416e-10       1.285814682095e-12       9.643158917133e-13       0.000000000000e+00       5.100845848770e-14       9.380314642070e-16      -2.822606851871e-17 
  559       3.873747231012e-10       1.307982358355e-12       1.133777131197e-12       0.000000000000e+00       5.067921816303e-14       9.586532641359e-16      -3.915900223400e-17 
  560       3.867431488619e-10       1.330886030018e-12       1.300875621315e-12       0.000000000000e+00       5.035265119619e-14       9.798693354653e-16      -5.000882380412e-17 
  561       3.860817612122e-10       1.354519169841e-12       1.465522882098e-12       0.000000000000e+00       5.002873824202e-14       1.001666503229e-15      -6.077553598844e-17 
  562       3.853910162793e-10       1.378875083703e-12       1.627629534035e-12       0.000000000000e+00       4.970745913070e-14       1.024031346608e-15      -7.145915705152e-17 
  563       3.846713792736e-10       1.403946909762e-12       1.787105294675e-12       0.000000000000e+00       4.938879286310e-14       1.046950197758e-15      -8.205972085938e-17 
  564       3.839233245314e-10       1.429727617615e-12       1.943858975235e-12       0.000000000000e+00       4.907271760600e-14       1.070409140637e-15      -9.257727697585e-17 
  565       3.831473355584e-10       1.456210007446e-12       2.097798477198e-12       0.000000000000e+00       4.875921068752e-14       1.094394009834e-15      -1.030118907588e-16 
  566       3.823439050731e-10       1.483386709187e-12       2.248830788916e-12       0.000000000000e+00       4.844824859233e-14       1.118890389395e-15      -1.133636434566e-16 
  567       3.815135350502e-10       1.511250181670e-12       2.396861982216e-12       0.000000000000e+00       4.813980695701e-14       1.143883611647e-15      -1.236326323040e-16 
  568       3.806567367637e-10       1.539792711785e-12       2.541797209001e-12       0.000000000000e+00       4.783386056534e-14       1.169358756034e-15      -1.338189706191e-16 
  569       3.797740308307e-10       1.569006413634e-12       2.683540697851e-12       0.000000000000e+00       4.753038334365e-14       1.195300647936e-15      -1.439227878990e-16 
  570       3.788659472544e-10       1.598883227686e-12       2.821995750630e-12       0.000000000000e+00       4.722934835606e-14       1.221693857500e-15      -1.539442299164e-16 
  571       3.779330254673e-10       1.629414919932e-12       2.957064739086e-12       0.000000000000e+00       4.693072779985e-14       1.248522698467e-15      -1.638834588158e-16 
  572       3.769758143752e-10       1.660593081044e-12       3.088649101452e-12       0.000000000000e+00       4.663449300076e-14       1.275771227000e-15      -1.737406532101e-16 
  573       3.759948723999e-10       1.692409125524e-12       3.216649339055e-12       0.000000000000e+00       4.634061440827e-14       1.303423240511e-15      -1.835160082763e-16 
  574       3.749907675228e-10       1.724854290866e-12       3.340965012913e-12       0.000000000000e+00       4.604906159095e-14       1.331462276487e-15      -1.932097358524e-16 
  575       3.739640773284e-10       1.757919636706e-12       3.461494740340e-12       0.000000000000e+00       4.575980323174e-14       1.359871611319e-15      -2.028220645333e-16 
  576       3.729153890474e-10       1.791596043981e-12       3.578136191548e-12       0.000000000000e+00       4.547280712328e-14       1.388634259130e-15      -2.123532397673e-16 
  577       3.718452996002e-10       1.825874214082e-12       3.690786086252e-12       0.000000000000e+00       4.518804016321e-14       1.417732970600e-15      -2.218035239524e-16 
  578       3.707544156403e-10       1.860744668012e-12       3.799340190271e-12       0.000000000000e+00       4.490546834947e-14       1.447150231794e-15      -2.311731965323e-16 
  579       3.696433535973e-10       1.896197745539e-12       3.903693312132e-12       0.000000000000e+00       4.462505677564e-14       1.476868262992e-15      -2.404625540931e-16 
  580       3.685127397208e-10       1.932223604350e-12       4.003739299670e-12       0.000000000000e+00       4.434676962622e-14       1.506869017513e-15      -2.496719104594e-16 
  581       3.673632101234e-10       1.968812219212e-12       4.099371036635e-12       0.000000000000e+00       4.407057017198e-14       1.537134180545e-15      -2.588015967905e-16 
  582       3.661954108241e-10       2.005953381122e-12       4.190480439292e-12       0.000000000000e+00       4.379642076521e-14       1.567645167969e-15      -2.678519616770e-16 
  583       3.650099800882e-10       2.043636298914e-12       4.276973954016e-12       0.000000000000e+00       4.352428849163e-14       1.598385539506e-15      -2.768231601419e-16 
  584       3.638074948736e-10       2.081848394854e-12       4.358819482278e-12       0.000000000000e+00       4.325416229049e-14       1.629348306742e-15      -2.857145146600e-16 
  585       3.625885231323e-10       2.120576477287e-12       4.436000621211e-12       0.000000000000e+00       4.298603625290e-14       1.660528805350e-15      -2.945251383659e-16 
  586       3.613536414299e-10       2.159807134486e-12       4.508501270763e-12       0.000000000000e+00       4.271990400127e-14       1.691922296979e-15      -3.032541447265e-16 
  587       3.601034349825e-10       2.199526733665e-12       4.576305635761e-12       0.000000000000e+00       4.245575868659e-14       1.723523968925e-15      -3.119006475625e-16 
  588       3.588384976939e-10       2.239721419991e-12       4.639398227983e-12       0.000000000000e+00       4.219359298580e-14       1.755328933818e-15      -3.204637610708e-16 
  589       3.575594321930e-10       2.280377115606e-12       4.697763868219e-12       0.000000000000e+00       4.193339909904e-14       1.787332229293e-15      -3.289425998459e-16 
  590       3.562668498704e-10       2.321479518638e-12       4.751387688339e-12       0.000000000000e+00       4.167516874696e-14       1.819528817674e-15      -3.373362789020e-16 
  591       3.549613709159e-10       2.363014102215e-12       4.800255133359e-12       0.000000000000e+00       4.141889316806e-14       1.851913585648e-15      -3.456439136951e-16 
  592       3.536436243557e-10       2.404966113485e-12       4.844351963508e-12       0.000000000000e+00       4.116456311596e-14       1.884481343946e-15      -3.538646201444e-16 
  593       3.523142480890e-10       2.447320572626e-12       4.883664256294e-12       0.000000000000e+00       4.091216885669e-14       1.917226827020e-15      -3.619975146547e-16 
  594       3.509738889257e-10       2.490062271865e-12       4.918178408569e-12       0.000000000000e+00       4.066170016605e-14       1.950144692722e-15      -3.700417141379e-16 
  595       3.496232026229e-10       2.533175774493e-12       4.947881138596e-12       0.000000000000e+00       4.041314632686e-14       1.983229521980e-15      -3.779963360353e-16 
  596       3.482628539227e-10       2.576645413876e-12       4.972759488116e-12       0.000000000000e+00       4.016649612629e-14       2.016475818483e-15      -3.858604983392e-16 
  597       3.468935165889e-10       2.620455292477e-12       4.992800824411e-12       0.000000000000e+00       3.992173785317e-14       2.049878008349e-15      -3.936333196147e-16 
  598       3.455158734440e-10       2.664589280865e-12       5.007992842376e-12       0.000000000000e+00       3.967885929527e-14       2.083430439812e-15      -4.013139190219e-16 
  599       3.441306164067e-10       2.709031016735e-12       5.018323566580e-12       0.000000000000e+00       3.943784773661e-14       2.117127382899e-15      -4.089014163378e-16 
  600       3.427384465287e-10       2.753763903919e-12       5.023781353333e-12       0.000000000000e+00       3.919868995480e-14       2.150963029102e-15      -4.163949319777e-16 
  601       3.413400740320e-10       2.798771111406e-12       5.024354892754e-12       0.000000000000e+00       3.896137221828e-14       2.184931491064e-15      -4.237935870177e-16 
  602       3.399362183458e-10       2.844035572353e-12       5.020033210838e-12       0.000000000000e+00       3.872588028368e-14       2.219026802253e-15      -4.310965032163e-16 
  603       3.385276081441e-10       2.889539983101e-12       5.010805671517e-12       0.000000000000e+00       3.849219939310e-14       2.253242916643e-15      -4.383028030363e-16 
  604       3.371149813819e-10       2.935266802194e-12       4.996661978733e-12       0.000000000000e+00       3.826031427142e-14       2.287573708389e-15      -4.454116096668e-16 
  605       3.356990853334e-10       2.981198249389e-12       4.977592178500e-12       0.000000000000e+00       3.803020912358e-14       2.322012971508e-15      -4.524220470450e-16 
  606       3.342806766284e-10       3.027316304675e-12       4.953586660969e-12       0.000000000000e+00       3.780186763194e-14       2.356554419556e-15      -4.593332398780e-16 
  607       3.328605212896e-10       3.073602707286e-12       4.924636162500e-12       0.000000000000e+00       3.757527295352e-14       2.391191685308e-15      -4.661443136650e-16 
  608       3.314393947696e-10       3.120038954718e-12       4.890731767721e-12       0.000000000000e+00       3.735040771735e-14       2.425918320432e-15      -4.728543947190e-16 
  609       3.300180819883e-10       3.166606301743e-12       4.851864911600e-12       0.000000000000e+00       3.712725402174e-14       2.460727795174e-15      -4.794626101886e-16 
  610       3.285973773699e-10       3.213285759424e-12       4.808027381508e-12       0.000000000000e+00       3.690579343161e-14       2.495613498031e-15      -4.859680880800e-16 
  611       3.271780848797e-10       3.260058094133e-12       4.759211319286e-12       0.000000000000e+00       3.668600697580e-14       2.530568735431e-15      -4.923699572789e-16 
  612       3.257610180618e-10       3.306903826561e-12       4.705409223312e-12       0.000000000000e+00       3.646787514433e-14       2.565586731411e-15      -4.986673475727e-16 
  613       3.243470000757e-10       3.353803230740e-12       4.646613950565e-12       0.000000000000e+00       3.625137788575e-14       2.600660627295e-15      -5.048593896716e-16 
  614       3.229368637335e-10       3.400736333051e-12       4.582818718695e-12       0.000000000000e+00       3.603649460443e-14       2.635783481375e-15      -5.109452152313e-16 
  615       3.215314515374e-10       3.447682911246e-12       4.514017108084e-12       0.000000000000e+00       3.582320415786e-14       2.670948268587e-15      -5.169239568745e-16 
  616       3.201316157164e-10       3.494622493458e-12       4.440203063917e-12       0.000000000000e+00       3.561148485394e-14       2.706147880186e-15      -5.227947482129e-16 
  617       3.187382182633e-10       3.541534357219e-12       4.361370898246e-12       0.000000000000e+00       3.540131444831e-14       2.741375123433e-15      -5.285567238691e-16 
  618       3.173521309725e-10       3.588397528476e-12       4.277515292056e-12       0.000000000000e+00       3.519267014165e-14       2.776622721263e-15      -5.342090194983e-16 
  619       3.159742354763e-10       3.635190780603e-12       4.188631297332e-12       0.000000000000e+00       3.498552857697e-14       2.811883311974e-15      -5.397507718106e-16 
  620       3.146054232826e-10       3.681892633418e-12       4.094714339125e-12       0.000000000000e+00       3.477986583691e-14       2.847149448894e-15      -5.451811185924e-16 
  621       3.132465958117e-10       3.728481352201e-12       3.995760217617e-12       0.000000000000e+00       3.457565744107e-14       2.882413600070e-15      -5.504991987288e-16 
  622       3.118985799903e-10       3.774936366600e-12       3.891774765690e-12       0.000000000000e+00       3.437288189580e-14       2.917668131521e-15      -5.557044441218e-16 
  623       3.105618727868e-10       3.821242565868e-12       3.782803065867e-12       0.000000000000e+00       3.417153144039e-14       2.952905257244e-15      -5.607974629113e-16 
  624       3.092368907647e-10       3.867386102298e-12       3.668900921875e-12       0.000000000000e+00       3.397160154729e-14       2.988117087405e-15      -5.657791769872e-16 
  625       3.079240539956e-10       3.913352979895e-12       3.550125270142e-12       0.000000000000e+00       3.377308739079e-14       3.023295644321e-15      -5.706505320779e-16 
  626       3.066237860698e-10       3.959129053827e-12       3.426534184854e-12       0.000000000000e+00       3.357598384544e-14       3.058432862139e-15      -5.754124978624e-16 
  627       3.053365141072e-10       4.004700029883e-12       3.298186883012e-12       0.000000000000e+00       3.338028548446e-14       3.093520586502e-15      -5.800660680828e-16 
  628       3.040626687687e-10       4.050051463928e-12       3.165143729487e-12       0.000000000000e+00       3.318598657810e-14       3.128550574228e-15      -5.846122606561e-16 
  629       3.028026842666e-10       4.095168761354e-12       3.027466242077e-12       0.000000000000e+00       3.299308109212e-14       3.163514492980e-15      -5.890521177873e-16 
  630       3.015569983760e-10       4.140037176540e-12       2.885217096564e-12       0.000000000000e+00       3.280156268610e-14       3.198403920943e-15      -5.933867060808e-16 
  631       3.003260524455e-10       4.184641812304e-12       2.738460131768e-12       0.000000000000e+00       3.261142471193e-14       3.233210346491e-15      -5.976171166532e-16 
  632       2.991102914085e-10       4.228967619359e-12       2.587260354605e-12       0.000000000000e+00       3.242266021217e-14       3.267925167867e-15      -6.017444652457e-16 
  633       2.979101637935e-10       4.272999395765e-12       2.431683945143e-12       0.000000000000e+00       3.223526191846e-14       3.302539692850e-15      -6.057698923359e-16 
  634       2.967261217360e-10       4.316721786392e-12       2.271798261658e-12       0.000000000000e+00       3.204922224991e-14       3.337045138434e-15      -6.096945632506e-16 
  635       2.955586209887e-10       4.360119282363e-12       2.107671845691e-12       0.000000000000e+00       3.186453331155e-14       3.371432630498e-15      -6.135196682777e-16 
  636       2.944081209326e-10       4.403176220520e-12       1.939374427103e-12       0.000000000000e+00       3.168118689269e-14       3.405693203478e-15      -6.172464227785e-16 
  637       2.932750845883e-10       4.445876782874e-12       1.766976929131e-12       0.000000000000e+00       3.149917446533e-14       3.439817800044e-15      -6.208760673006e-16 
  638       2.921599786267e-10       4.488204996057e-12       1.590551473445e-12       0.000000000000e+00       3.131848718258e-14       3.473797270770e-15      -6.244098676892e-16 
  639       2.910632733801e-10       4.530144730784e-12       1.410171385206e-12       0.000000000000e+00       3.113911587707e-14       3.507622373810e-15      -6.278491152002e-16 
  640       2.899854428528e-10       4.571679701303e-12       1.225911198118e-12       0.000000000000e+00       3.096105105931e-14       3.541283774567e-15      -6.311951266120e-16 
  641       2.889269647326e-10       4.612793464850e-12       1.037846659490e-12       0.000000000000e+00       3.078428291616e-14       3.574772045371e-15      -6.344492443382e-16 
  642       2.878883204015e-10       4.653469421106e-12       8.460547352858e-13       0.000000000000e+00       3.060880130918e-14       3.608077665151e-15      -6.376128365396e-16 
  643       2.868699949465e-10       4.693690811653e-12       6.506136151846e-13       0.000000000000e+00       3.043459577305e-14       3.641191019104e-15      -6.406872972363e-16 
  644       2.858724771709e-10       4.733440719423e-12       4.516027176363e-13       0.000000000000e+00       3.026165551399e-14       3.674102398374e-15      -6.436740464206e-16 
  645       2.848962596050e-10       4.772702068161e-12       2.491026949172e-13       0.000000000000e+00       3.008996940814e-14       3.706801999722e-15      -6.465745301687e-16 
  646       2.839418385172e-10       4.811457621872e-12       4.319543818641e-14       0.000000000000e+00       2.991952599998e-14       3.739279925202e-15      -6.493902207534e-16 
  647       2.830097139250e-10       4.849689984285e-12      -1.660359174576e-13       0.000000000000e+00       2.975031350073e-14       3.771526181828e-15      -6.521226167559e-16 
  648       2.821003896058e-10       4.887381598297e-12      -3.785069879210e-13       0.000000000000e+00       2.958231978676e-14       3.803530681257e-15      -6.547732431787e-16 
  649       2.812143731079e-10       4.924514745438e-12      -5.941321350585e-13       0.000000000000e+00       2.941553239797e-14       3.835283239451e-15      -6.573436515573e-16 
  650       2.803521757616e-10       4.961071545320e-12      -8.128244616167e-13       0.000000000000e+00       2.924993853624e-14       3.866773576360e-15      -6.598354200732e-16 
  651       2.795143126901e-10       4.997033955094e-12      -1.034495806178e-12       0.000000000000e+00       2.908552506378e-14       3.897991315590e-15      -6.622501536652e-16 
  652       2.787013028204e-10       5.032383768906e-12      -1.259056738106e-12       0.000000000000e+00       2.892227850157e-14       3.928925984077e-15      -6.645894841427e-16 
  653       2.779136688943e-10       5.067102617347e-12      -1.486416552485e-12       0.000000000000e+00       2.876018502775e-14       3.959567011761e-15      -6.668550702972e-16 
  654       2.771519374795e-10       5.101171966915e-12      -1.716483265068e-12       0.000000000000e+00       2.859923047605e-14       3.989903731258e-15      -6.690485980152e-16 
  655       2.764166389803e-10       5.134573119465e-12      -1.949163607219e-12       0.000000000000e+00       2.843940033414e-14       4.019925377536e-15      -6.711717803899e-16 
  656       2.757083076486e-10       5.167287211666e-12      -2.184363020857e-12       0.000000000000e+00       2.828067974209e-14       4.049621087584e-15      -6.732263578341e-16 
  657       2.750274815953e-10       5.199295214455e-12      -2.421985653399e-12       0.000000000000e+00       2.812305349074e-14       4.078979900090e-15      -6.752140981920e-16 
  658       2.743747028006e-10       5.230577932492e-12      -2.661934352704e-12       0.000000000000e+00       2.796650602012e-14       4.107990755108e-15      -6.771367968517e-16 
  659       2.737505171254e-10       5.261116003616e-12      -2.904110662017e-12       0.000000000000e+00       2.781102141784e-14       4.136642493740e-15      -6.789962768574e-16 
  660       2.731554743223e-10       5.290889898299e-12      -3.148414814914e-12       0.000000000000e+00       2.765658341752e-14       4.164923857800e-15      -6.807943890218e-16 
  661       2.725900354502e-10       5.319882391830e-12      -3.394747601165e-12       0.000000000000e+00       2.750317768094e-14       4.192825727619e-15      -6.825324979829e-16 
  662       2.720542928560e-10       5.348086041812e-12      -3.643016019742e-12       0.000000000000e+00       2.735079870305e-14       4.220347890271e-15      -6.842099277063e-16 
  663       2.715482440400e-10       5.375495874480e-12      -3.893127740468e-12       0.000000000000e+00       2.719944305610e-14       4.247492419952e-15      -6.858254819255e-16 
  664       2.710718836783e-10       5.402106927033e-12      -4.144989239854e-12       0.000000000000e+00       2.704910711865e-14       4.274261453650e-15      -6.873779550651e-16 
  665       2.706252036081e-10       5.427914247769e-12      -4.398505796549e-12       0.000000000000e+00       2.689978707464e-14       4.300657191438e-15      -6.888661322116e-16 
  666       2.702081928138e-10       5.452912896217e-12      -4.653581486802e-12       0.000000000000e+00       2.675147891236e-14       4.326681896756e-15      -6.902887890853e-16 
  667       2.698208374122e-10       5.477097943270e-12      -4.910119179917e-12       0.000000000000e+00       2.660417842356e-14       4.352337896700e-15      -6.916446920114e-16 
  668       2.694631206382e-10       5.500464471320e-12      -5.168020533708e-12       0.000000000000e+00       2.645788120241e-14       4.377627582311e-15      -6.929325978912e-16 
  669       2.691350228303e-10       5.523007574388e-12      -5.427185989960e-12       0.000000000000e+00       2.631258264459e-14       4.402553408857e-15      -6.941512541737e-16 
  670       2.688365214164e-10       5.544722358258e-12      -5.687514769882e-12       0.000000000000e+00       2.616827794626e-14       4.427117896126e-15      -6.952993988263e-16 
  671       2.685675908988e-10       5.565603940612e-12      -5.948904869564e-12       0.000000000000e+00       2.602496210314e-14       4.451323628706e-15      -6.963757603071e-16 
  672       2.683282028407e-10       5.585647451161e-12      -6.211253055438e-12       0.000000000000e+00       2.588262990950e-14       4.475173256280e-15      -6.973790575353e-16 
  673       2.681183258506e-10       5.604848031779e-12      -6.474454859730e-12       0.000000000000e+00       2.574127595725e-14       4.498669493907e-15      -6.983079998630e-16 
  674       2.679379255691e-10       5.623200836634e-12      -6.738404575918e-12       0.000000000000e+00       2.560089463488e-14       4.521815122311e-15      -6.991612870464e-16 
  675       2.677869646535e-10       5.640701032326e-12      -7.002995254192e-12       0.000000000000e+00       2.546148012659e-14       4.544612988168e-15      -6.999376092170e-16 
  676       2.676654027639e-10       5.657343798014e-12      -7.268118696907e-12       0.000000000000e+00       2.532302641125e-14       4.567066004393e-15      -7.006356468532e-16 
  677       2.675731965484e-10       5.673124325553e-12      -7.533665454041e-12       0.000000000000e+00       2.518552726144e-14       4.589177150427e-15      -7.012540707512e-16 
  678       2.675102996293e-10       5.688037819626e-12      -7.799524818652e-12       0.000000000000e+00       2.504897624253e-14       4.610949472524e-15      -7.017915419969e-16 
  679       2.674766625877e-10       5.702079497877e-12      -8.065584822335e-12       0.000000000000e+00       2.491336671163e-14       4.632386084037e-15      -7.022467119367e-16 
  680       2.674722329502e-10       5.715244591044e-12      -8.331732230681e-12       0.000000000000e+00       2.477869181670e-14       4.653490165707e-15      -7.026182221488e-16 
  681       2.674969551735e-10       5.727528343093e-12      -8.597852538727e-12       0.000000000000e+00       2.464494449553e-14       4.674264965949e-15      -7.029047044150e-16 
  682       2.675507706305e-10       5.738926011347e-12      -8.863829966422e-12       0.000000000000e+00       2.451211747479e-14       4.694713801139e-15      -7.031047806917e-16 
  683       2.676336175957e-10       5.749432866627e-12      -9.129547454076e-12       0.000000000000e+00       2.438020326904e-14       4.714840055899e-15      -7.032170630809e-16 
  684       2.677454312308e-10       5.759044193377e-12      -9.394886657822e-12       0.000000000000e+00       2.424919417979e-14       4.734647183389e-15      -7.032401538024e-16 
  685       2.678861435704e-10       5.767755289801e-12      -9.659727945069e-12       0.000000000000e+00       2.411908229453e-14       4.754138705588e-15      -7.031726451640e-16 
  686       2.680556835073e-10       5.775561467996e-12      -9.923950389964e-12       0.000000000000e+00       2.398985948571e-14       4.773318213586e-15      -7.030131195339e-16 
  687       2.682539767784e-10       5.782458054084e-12      -1.018743176884e-11       0.000000000000e+00       2.386151740983e-14       4.792189367867e-15      -7.027601493111e-16 
  688       2.684809459498e-10       5.788440388346e-12      -1.045004855569e-11       0.000000000000e+00       2.373404750646e-14       4.810755898600e-15      -7.024122968974e-16 
  689       2.687365104030e-10       5.793503825354e-12      -1.071167591759e-11       0.000000000000e+00       2.360744099723e-14       4.829021605923e-15      -7.019681146682e-16 
  690       2.690205863199e-10       5.797643734106e-12      -1.097218771021e-11       0.000000000000e+00       2.348168888490e-14       4.846990360229e-15      -7.014261449443e-16 
  691       2.693330866687e-10       5.800855498155e-12      -1.123145647320e-11       0.000000000000e+00       2.335678195238e-14       4.864666102459e-15      -7.007849199627e-16 
  692       2.696739211893e-10       5.803134515747e-12      -1.148935342573e-11       0.000000000000e+00       2.323271076177e-14       4.882052844382e-15      -7.000429618484e-16 
  693       2.700429963791e-10       5.804476199951e-12      -1.174574846186e-11       0.000000000000e+00       2.310946565335e-14       4.899154668885e-15      -6.991987825854e-16 
  694       2.704402154783e-10       5.804875978794e-12      -1.200051014607e-11       0.000000000000e+00       2.298703674467e-14       4.915975730260e-15      -6.982508839882e-16 
  695       2.708654784555e-10       5.804329295392e-12      -1.225350570867e-11       0.000000000000e+00       2.286541392953e-14       4.932520254492e-15      -6.971977576729e-16 
  696       2.713186819935e-10       5.802831608084e-12      -1.250460104129e-11       0.000000000000e+00       2.274458687705e-14       4.948792539544e-15      -6.960378850286e-16 
  697       2.717997194748e-10       5.800378390564e-12      -1.275366069228e-11       0.000000000000e+00       2.262454503065e-14       4.964796955645e-15      -6.947697371891e-16 
  698       2.723084809669e-10       5.796965132017e-12      -1.300054786227e-11       0.000000000000e+00       2.250527760716e-14       4.980537945577e-15      -6.933917750035e-16 
  699       2.728448532082e-10       5.792587337250e-12      -1.324512439950e-11       0.000000000000e+00       2.238677359575e-14       4.996020024962e-15      -6.919024490081e-16 
  700       2.734086743750e-10       5.787242549874e-12      -1.348726280936e-11       0.000000000000e+00       2.226902325646e-14       5.011246746040e-15      -6.903008206027e-16 
  701       2.739995973785e-10       5.780936467826e-12      -1.372688256637e-11       0.000000000000e+00       2.215202265175e-14       5.026217564743e-15      -6.885884398364e-16 
  702       2.746172236916e-10       5.773676955502e-12      -1.396391454952e-11       0.000000000000e+00       2.203576920738e-14       5.040930908927e-15      -6.867675066802e-16 
  703       2.752611482844e-10       5.765472032866e-12      -1.419828909528e-11       0.000000000000e+00       2.192026022097e-14       5.055385209010e-15      -6.848402534870e-16 
  704       2.759309595981e-10       5.756329876083e-12      -1.442993599591e-11       0.000000000000e+00       2.180549286138e-14       5.069578897997e-15      -6.828089451145e-16 
  705       2.766262395198e-10       5.746258818142e-12      -1.465878449791e-11       0.000000000000e+00       2.169146416809e-14       5.083510411523e-15      -6.806758790491e-16 
  706       2.773465633573e-10       5.735267349486e-12      -1.488476330039e-11       0.000000000000e+00       2.157817105064e-14       5.097178187878e-15      -6.784433855284e-16 
  707       2.780914998129e-10       5.723364118639e-12      -1.510780055345e-11       0.000000000000e+00       2.146561028800e-14       5.110580668047e-15      -6.761138276651e-16 
  708       2.788606109589e-10       5.710557932836e-12      -1.532782385663e-11       0.000000000000e+00       2.135377852794e-14       5.123716295739e-15      -6.736896015698e-16 
  709       2.796534522111e-10       5.696857758649e-12      -1.554476025724e-11       0.000000000000e+00       2.124267228650e-14       5.136583517422e-15      -6.711731364743e-16 
  710       2.804695723039e-10       5.682272722612e-12      -1.575853624880e-11       0.000000000000e+00       2.113228794732e-14       5.149180782359e-15      -6.685668948550e-16 
  711       2.813085132648e-10       5.666812111857e-12      -1.596907776940e-11       0.000000000000e+00       2.102262176105e-14       5.161506542638e-15      -6.658733725558e-16 
  712       2.821698103888e-10       5.650485374731e-12      -1.617631020013e-11       0.000000000000e+00       2.091366984479e-14       5.173559253206e-15      -6.630950989119e-16 
  713       2.830529922126e-10       5.633302121433e-12      -1.638015836347e-11       0.000000000000e+00       2.080542818143e-14       5.185337371904e-15      -6.602346368724e-16 
  714       2.839575804899e-10       5.615272124638e-12      -1.658054652164e-11       0.000000000000e+00       2.069789261907e-14       5.196839359502e-15      -6.572945831238e-16 
  715       2.848830901651e-10       5.596405320122e-12      -1.677739837505e-11       0.000000000000e+00       2.059105887044e-14       5.208063679726e-15      -6.542775682134e-16 
  716       2.858290293482e-10       5.576711807396e-12      -1.697063706067e-11       0.000000000000e+00       2.048492251226e-14       5.219008799301e-15      -6.511862566722e-16 
  717       2.867948992894e-10       5.556201850328e-12      -1.716018515042e-11       0.000000000000e+00       2.037947898467e-14       5.229673187976e-15      -6.480233471385e-16 
  718       2.877801943534e-10       5.534885877776e-12      -1.734596464960e-11       0.000000000000e+00       2.027472359058e-14       5.240055318561e-15      -6.447915724808e-16 
  719       2.887844019939e-10       5.512774484210e-12      -1.752789699521e-11       0.000000000000e+00       2.017065149513e-14       5.250153666963e-15      -6.414936999212e-16 
  720       2.898070027282e-10       5.489878430344e-12      -1.770590305443e-11       0.000000000000e+00       2.006725772504e-14       5.259966712216e-15      -6.381325311584e-16 
  721       2.908474701120e-10       5.466208643765e-12      -1.787990312297e-11       0.000000000000e+00       1.996453716803e-14       5.269492936513e-15      -6.347109024915e-16 
  722       2.919052707132e-10       5.441776219555e-12      -1.804981692346e-11       0.000000000000e+00       1.986248457219e-14       5.278730825247e-15      -6.312316849426e-16 
  723       2.929798640872e-10       5.416592420924e-12      -1.821556360387e-11       0.000000000000e+00       1.976109454541e-14       5.287678867034e-15      -6.276977843803e-16 
  724       2.940707027508e-10       5.390668679835e-12      -1.837706173589e-11       0.000000000000e+00       1.966036155477e-14       5.296335553757e-15      -6.241121416429e-16 
  725       2.951772321571e-10       5.364016597635e-12      -1.853422931331e-11       0.000000000000e+00       1.956027992592e-14       5.304699380591e-15      -6.204777326619e-16 
  726       2.962988906699e-10       5.336647945678e-12      -1.868698375045e-11       0.000000000000e+00       1.946084384248e-14       5.312768846044e-15      -6.167975685845e-16 
  727       2.974351095382e-10       5.308574665957e-12      -1.883524188054e-11       0.000000000000e+00       1.936204734546e-14       5.320542451982e-15      -6.130746958978e-16 
  728       2.985853128704e-10       5.279808871730e-12      -1.897891995408e-11       0.000000000000e+00       1.926388433264e-14       5.328018703671e-15      -6.093121965513e-16 
  729       2.997489176096e-10       5.250362848147e-12      -1.911793363730e-11       0.000000000000e+00       1.916634855795e-14       5.335196109805e-15      -6.055131880803e-16 
  730       3.009253335072e-10       5.220249052881e-12      -1.925219801051e-11       0.000000000000e+00       1.906943363091e-14       5.342073182542e-15      -6.016808237294e-16 
  731       3.021139630981e-10       5.189480116750e-12      -1.938162756649e-11       0.000000000000e+00       1.897313301599e-14       5.348648437536e-15      -5.978182925754e-16 
  732       3.033142016749e-10       5.158068844352e-12      -1.950613620893e-11       0.000000000000e+00       1.887744003202e-14       5.354920393972e-15      -5.939288196506e-16 
  733       3.045254372624e-10       5.126028214687e-12      -1.962563725076e-11       0.000000000000e+00       1.878234785158e-14       5.360887574598e-15      -5.900156660663e-16 
  734       3.057470505923e-10       5.093371381787e-12      -1.974004341261e-11       0.000000000000e+00       1.868784950043e-14       5.366548505761e-15      -5.860821291357e-16 
  735       3.069784150774e-10       5.060111675346e-12      -1.984926682116e-11       0.000000000000e+00       1.859393785685e-14       5.371901717436e-15      -5.821315424972e-16 
  736       3.082188967865e-10       5.026262601342e-12      -1.995321900756e-11       0.000000000000e+00       1.850060565108e-14       5.376945743266e-15      -5.781672762378e-16 
  737       3.094678544186e-10       4.991837842671e-12      -2.005181090579e-11       0.000000000000e+00       1.840784546471e-14       5.381679120588e-15      -5.741927370161e-16 
  738       3.107246392775e-10       4.956851259772e-12      -2.014495285111e-11       0.000000000000e+00       1.831564973008e-14       5.386100390474e-15      -5.702113681859e-16 
  739       3.119886194053e-10       4.921317180072e-12      -2.023256934331e-11       0.000000000000e+00       1.822401173145e-14       5.390208162954e-15      -5.662259555385e-16 
  740       3.132592525559e-10       4.885251271327e-12      -2.031464365954e-11       0.000000000000e+00       1.813292863157e-14       5.394001314050e-15      -5.622365292514e-16 
  741       3.145360146111e-10       4.848669686765e-12      -2.039117411885e-11       0.000000000000e+00       1.804239850367e-14       5.397478792697e-15      -5.582424207747e-16 
  742       3.158183755322e-10       4.811588778515e-12      -2.046215939866e-11       0.000000000000e+00       1.795241933470e-14       5.400639555952e-15      -5.542429534309e-16 
  743       3.171057993399e-10       4.774025098299e-12      -2.052759853643e-11       0.000000000000e+00       1.786298902492e-14       5.403482569040e-15      -5.502374423863e-16 
  744       3.183977440938e-10       4.735995398126e-12      -2.058749093126e-11       0.000000000000e+00       1.777410538754e-14       5.406006805400e-15      -5.462251946215e-16 
  745       3.196936618726e-10       4.697516630980e-12      -2.064183634554e-11       0.000000000000e+00       1.768576614833e-14       5.408211246738e-15      -5.422055089024e-16 
  746       3.209929987538e-10       4.658605951512e-12      -2.069063490658e-11       0.000000000000e+00       1.759796894523e-14       5.410094883068e-15      -5.381776757513e-16 
  747       3.222951947931e-10       4.619280716731e-12      -2.073388710827e-11       0.000000000000e+00       1.751071132799e-14       5.411656712766e-15      -5.341409774172e-16 
  748       3.235996840050e-10       4.579558486697e-12      -2.077159381267e-11       0.000000000000e+00       1.742399075775e-14       5.412895742612e-15      -5.300946878470e-16 
  749       3.249058943418e-10       4.539457025210e-12      -2.080375625167e-11       0.000000000000e+00       1.733780460668e-14       5.413810987843e-15      -5.260380726566e-16 
  750       3.262132476741e-10       4.498994300502e-12      -2.083037602863e-11       0.000000000000e+00       1.725215015761e-14       5.414401472200e-15      -5.219703891012e-16 
  751       3.275211597700e-10       4.458188485927e-12      -2.085145512000e-11       0.000000000000e+00       1.716702460361e-14       5.414666227971e-15      -5.178908860467e-16 
  752       3.288290402754e-10       4.417057960654e-12      -2.086699587697e-11       0.000000000000e+00       1.708242504765e-14       5.414604296046e-15      -5.137988039401e-16 
  753       3.301362926937e-10       4.375621310359e-12      -2.087700102709e-11       0.000000000000e+00       1.699834850216e-14       5.414214725959e-15      -5.096933747808e-16 
  754       3.314423143654e-10       4.333897327912e-12      -2.088147367592e-11       0.000000000000e+00       1.691479188873e-14       5.413496575939e-15      -5.055738220909e-16 
  755       3.327464964481e-10       4.291905014072e-12      -2.088041730864e-11       0.000000000000e+00       1.683175203763e-14       5.412448912956e-15      -5.014393608867e-16 
  756       3.340482238963e-10       4.249663578178e-12      -2.087383579173e-11       0.000000000000e+00       1.674922568751e-14       5.411070812771e-15      -4.972891976491e-16 
  757       3.353468754412e-10       4.207192438836e-12      -2.086173337454e-11       0.000000000000e+00       1.666720948496e-14       5.409361359982e-15      -4.931225302948e-16 
  758       3.366418235704e-10       4.164511224617e-12      -2.084411469098e-11       0.000000000000e+00       1.658569998417e-14       5.407319648072e-15      -4.889385481467e-16 
  759       3.379324345079e-10       4.121639774741e-12      -2.082098476114e-11       0.000000000000e+00       1.650469364651e-14       5.404944779457e-15      -4.847364319053e-16 
  760       3.392180681939e-10       4.078598139774e-12      -2.079234899291e-11       0.000000000000e+00       1.642418684017e-14       5.402235865536e-15      -4.805153536190e-16 
  761       3.404980782644e-10       4.035406582316e-12      -2.075821318363e-11       0.000000000000e+00       1.634417583977e-14       5.399192026734e-15      -4.762744766555e-16 
  762       3.417718120312e-10       3.992085577693e-12      -2.071858352172e-11       0.000000000000e+00       1.626465682596e-14       5.395812392554e-15      -4.720129556722e-16 
  763       3.430386104617e-10       3.948655814648e-12      -2.067346658831e-11       0.000000000000e+00       1.618562588508e-14       5.392096101625e-15      -4.677299365876e-16 
  764       3.442978081588e-10       3.905138196031e-12      -2.062286935889e-11       0.000000000000e+00       1.610707900874e-14       5.388042301745e-15      -4.634245565516e-16 
  765       3.455487333403e-10       3.861553839494e-12      -2.056679920491e-11       0.000000000000e+00       1.602901209345e-14       5.383650149936e-15      -4.590959439165e-16 
  766       3.467907078193e-10       3.817924078177e-12      -2.050526389546e-11       0.000000000000e+00       1.595142094022e-14       5.378918812485e-15      -4.547432182081e-16 
  767       3.480230469836e-10       3.774270461404e-12      -2.043827159888e-11       0.000000000000e+00       1.587430125421e-14       5.373847464996e-15      -4.503654900964e-16 
  768       3.492450597757e-10       3.730614755371e-12      -2.036583088440e-11       0.000000000000e+00       1.579764864433e-14       5.368435292436e-15      -4.459618613664e-16 
  769       3.504560486725e-10       3.686978943837e-12      -2.028795072376e-11       0.000000000000e+00       1.572145862282e-14       5.362681489185e-15      -4.415314248892e-16 
  770       3.516553096651e-10       3.643385228819e-12      -2.020464049288e-11       0.000000000000e+00       1.564572660496e-14       5.356585259082e-15      -4.370732645925e-16 
  771       3.528421322388e-10       3.599856031277e-12      -2.011590997345e-11       0.000000000000e+00       1.557044790858e-14       5.350145815470e-15      -4.325864554318e-16 
  772       3.540157993529e-10       3.556413991811e-12      -2.002176935460e-11       0.000000000000e+00       1.549561775374e-14       5.343362381252e-15      -4.280700633608e-16 
  773       3.551755874201e-10       3.513081971349e-12      -1.992222923452e-11       0.000000000000e+00       1.542123126235e-14       5.336234188930e-15      -4.235231453031e-16 
  774       3.563207662870e-10       3.469883051840e-12      -1.981730062209e-11       0.000000000000e+00       1.534728345775e-14       5.328760480658e-15      -4.189447491221e-16 
  775       3.574505992131e-10       3.426840536942e-12      -1.970699493853e-11       0.000000000000e+00       1.527376926435e-14       5.320940508288e-15      -4.143339135923e-16 
  776       3.585643428515e-10       3.383977952716e-12      -1.959132401903e-11       0.000000000000e+00       1.520068350725e-14       5.312773533420e-15      -4.096896683705e-16 
  777       3.596612472281e-10       3.341319048319e-12      -1.947030011437e-11       0.000000000000e+00       1.512802091185e-14       5.304258827445e-15      -4.050110339659e-16 
  778       3.607406292429e-10       3.298886111679e-12      -1.934394460512e-11       0.000000000000e+00       1.505577678352e-14       5.295396573441e-15      -4.002973645614e-16 
  779       3.618020947270e-10       3.256694880510e-12      -1.921231432008e-11       0.000000000000e+00       1.498394906140e-14       5.286190590293e-15      -3.955493835847e-16 
  780       3.628453205101e-10       3.214759537235e-12      -1.907547571461e-11       0.000000000000e+00       1.491253630235e-14       5.276645659752e-15      -3.907681674990e-16 
  781       3.638699812701e-10       3.173094385711e-12      -1.893349620618e-11       0.000000000000e+00       1.484153700414e-14       5.266766629445e-15      -3.859548047517e-16 
  782       3.648757495284e-10       3.131713851581e-12      -1.878644417769e-11       0.000000000000e+00       1.477094960523e-14       5.256558413100e-15      -3.811103958128e-16 
  783       3.658622956436e-10       3.090632482637e-12      -1.863438898085e-11       0.000000000000e+00       1.470077248446e-14       5.246025990776e-15      -3.762360532137e-16 
  784       3.668292878059e-10       3.049864949175e-12      -1.847740093957e-11       0.000000000000e+00       1.463100396089e-14       5.235174409084e-15      -3.713329015861e-16 
  785       3.677763920319e-10       3.009426044352e-12      -1.831555135326e-11       0.000000000000e+00       1.456164229345e-14       5.224008781420e-15      -3.664020777007e-16 
  786       3.687032721584e-10       2.969330684544e-12      -1.814891250022e-11       0.000000000000e+00       1.449268568076e-14       5.212534288187e-15      -3.614447305058e-16 
  787       3.696095898372e-10       2.929593909704e-12      -1.797755764101e-11       0.000000000000e+00       1.442413226089e-14       5.200756177021e-15      -3.564620211661e-16 
  788       3.704950045295e-10       2.890230883721e-12      -1.780156102179e-11       0.000000000000e+00       1.435598011103e-14       5.188679763022e-15      -3.514551231016e-16 
  789       3.713591734999e-10       2.851256894772e-12      -1.762099787771e-11       0.000000000000e+00       1.428822724736e-14       5.176310428973e-15      -3.464252220262e-16 
  790       3.722017518110e-10       2.812687355687e-12      -1.743594443623e-11       0.000000000000e+00       1.422087162468e-14       5.163653625575e-15      -3.413735159864e-16 
  791       3.730223923178e-10       2.774537804303e-12      -1.724647792050e-11       0.000000000000e+00       1.415391113626e-14       5.150714871665e-15      -3.363012154001e-16 
  792       3.738207456619e-10       2.736823903818e-12      -1.705267655271e-11       0.000000000000e+00       1.408734361354e-14       5.137499754449e-15      -3.312095430956e-16 
  793       3.745964602663e-10       2.699561443155e-12      -1.685461955749e-11       0.000000000000e+00       1.402116682588e-14       5.124013929726e-15      -3.260997343496e-16 
  794       3.753491823292e-10       2.662766337316e-12      -1.665238716521e-11       0.000000000000e+00       1.395537848035e-14       5.110263122112e-15      -3.209730369271e-16 
  795       3.760785558186e-10       2.626454627739e-12      -1.644606061538e-11       0.000000000000e+00       1.388997622142e-14       5.096253125271e-15      -3.158307111189e-16 
  796       3.767842224669e-10       2.590642482659e-12      -1.623572215999e-11       0.000000000000e+00       1.382495763079e-14       5.081989802137e-15      -3.106740297812e-16 
  797       3.774658217649e-10       2.555346197461e-12      -1.602145506688e-11       0.000000000000e+00       1.376032022707e-14       5.067479085143e-15      -3.055042783741e-16 
  798       3.781229909565e-10       2.520582195039e-12      -1.580334362311e-11       0.000000000000e+00       1.369606146557e-14       5.052726976448e-15      -3.003227550003e-16 
  799       3.787553650328e-10       2.486367026156e-12      -1.558147313828e-11       0.000000000000e+00       1.363217873804e-14       5.037739548160e-15      -2.951307704439e-16 
  800       3.793625767268e-10       2.452717369801e-12      -1.535592994796e-11       0.000000000000e+00       1.356866937243e-14       5.022522942567e-15      -2.899296482088e-16 
  801       3.799442565071e-10       2.419650033541e-12      -1.512680141697e-11       0.000000000000e+00       1.350553063262e-14       5.007083372358e-15      -2.847207245583e-16 
  802       3.805000325733e-10       2.387181953887e-12      -1.489417594278e-11       0.000000000000e+00       1.344275971821e-14       4.991427120854e-15      -2.795053485527e-16 
  803       3.810295308495e-10       2.355330196646e-12      -1.465814295889e-11       0.000000000000e+00       1.338035376423e-14       4.975560542234e-15      -2.742848820892e-16 
  804       3.815323749789e-10       2.324111957278e-12      -1.441879293816e-11       0.000000000000e+00       1.331830984092e-14       4.959490061758e-15      -2.690606999396e-16 
  805       3.820081863185e-10       2.293544561259e-12      -1.417621739615e-11       0.000000000000e+00       1.325662495347e-14       4.943222175995e-15      -2.638341897898e-16 
  806       3.824565839330e-10       2.263645464432e-12      -1.393050889454e-11       0.000000000000e+00       1.319529604177e-14       4.926763453053e-15      -2.586067522783e-16 
  807       3.828771845895e-10       2.234432253369e-12      -1.368176104444e-11       0.000000000000e+00       1.313431998016e-14       4.910120532799e-15      -2.533798010348e-16 
  808       3.832696027518e-10       2.205922645727e-12      -1.343006850977e-11       0.000000000000e+00       1.307369357720e-14       4.893300127091e-15      -2.481547627190e-16 
  809       3.836334505745e-10       2.178134490605e-12      -1.317552701062e-11       0.000000000000e+00       1.301341357540e-14       4.876309020001e-15      -2.429330770596e-16 
  810       3.839683378979e-10       2.151085768902e-12      -1.291823332659e-11       0.000000000000e+00       1.295347665099e-14       4.859154068042e-15      -2.377161968927e-16 
  811       3.842738722420e-10       2.124794593676e-12      -1.265828530018e-11       0.000000000000e+00       1.289387941363e-14       4.841842200396e-15      -2.325055882006e-16 
  812       3.845496588007e-10       2.099279210498e-12      -1.239578184014e-11       0.000000000000e+00       1.283461840624e-14       4.824380419138e-15      -2.273027301510e-16 
  813       3.847953004368e-10       2.074557997815e-12      -1.213082292481e-11       0.000000000000e+00       1.277569010467e-14       4.806775799465e-15      -2.221091151350e-16 
  814       3.850103976758e-10       2.050649467301e-12      -1.186350960551e-11       0.000000000000e+00       1.271709091748e-14       4.789035489920e-15      -2.169262488064e-16 
  815       3.851945487003e-10       2.027572264219e-12      -1.159394400987e-11       0.000000000000e+00       1.265881718574e-14       4.771166712619e-15      -2.117556501202e-16 
  816       3.853473493447e-10       2.005345167779e-12      -1.132222934522e-11       0.000000000000e+00       1.260086518269e-14       4.753176763480e-15      -2.065988513715e-16 
  817       3.854684703947e-10       1.983984438548e-12      -1.104846771861e-11       0.000000000000e+00       1.254323158210e-14       4.735071873020e-15      -2.014571573124e-16 
  818       3.855578910106e-10       1.963495808029e-12      -1.077275354744e-11       0.000000000000e+00       1.248591487279e-14       4.716853765987e-15      -1.963309177080e-16 
  819       3.856156694623e-10       1.943882346712e-12      -1.049518003782e-11       0.000000000000e+00       1.242891396884e-14       4.698523040729e-15      -1.912202418636e-16 
  820       3.856418662099e-10       1.925147103928e-12      -1.021584136013e-11       0.000000000000e+00       1.237222774321e-14       4.680080303069e-15      -1.861252383643e-16 
  821       3.856365439122e-10       1.907293107736e-12      -9.934832652042e-12       0.000000000000e+00       1.231585502758e-14       4.661526166327e-15      -1.810460150708e-16 
  822       3.855997674350e-10       1.890323364799e-12      -9.652250021463e-12       0.000000000000e+00       1.225979461214e-14       4.642861251343e-15      -1.759826791143e-16 
  823       3.855316038589e-10       1.874240860270e-12      -9.368190549501e-12       0.000000000000e+00       1.220404524548e-14       4.624086186497e-15      -1.709353368928e-16 
  824       3.854321224880e-10       1.859048557669e-12      -9.082752293438e-12       0.000000000000e+00       1.214860563440e-14       4.605201607734e-15      -1.659040940658e-16 
  825       3.853013948580e-10       1.844749398767e-12      -8.796034289697e-12       0.000000000000e+00       1.209347444374e-14       4.586208158583e-15      -1.608890555504e-16 
  826       3.851394947445e-10       1.831346303466e-12      -8.508136556812e-12       0.000000000000e+00       1.203865029624e-14       4.567106490180e-15      -1.558903255163e-16 
  827       3.849464981712e-10       1.818842169682e-12      -8.219160098392e-12       0.000000000000e+00       1.198413177235e-14       4.547897261290e-15      -1.509080073817e-16 
  828       3.847224834180e-10       1.807239873221e-12      -7.929206906092e-12       0.000000000000e+00       1.192991741007e-14       4.528581138326e-15      -1.459422038083e-16 
  829       3.844675310297e-10       1.796542267667e-12      -7.638379962577e-12       0.000000000000e+00       1.187600570481e-14       4.509158795376e-15      -1.409930166975e-16 
  830       3.841817238236e-10       1.786752184259e-12      -7.346783244495e-12       0.000000000000e+00       1.182239510918e-14       4.489630914221e-15      -1.360605471849e-16 
  831       3.838651468984e-10       1.777872431772e-12      -7.054521725441e-12       0.000000000000e+00       1.176908403288e-14       4.469998184356e-15      -1.311448956369e-16 
  832       3.835178876422e-10       1.769905796401e-12      -6.761701378926e-12       0.000000000000e+00       1.171607084250e-14       4.450261303017e-15      -1.262461616452e-16 
  833       3.831400357404e-10       1.762855041640e-12      -6.468429181343e-12       0.000000000000e+00       1.166335386135e-14       4.430420975194e-15      -1.213644440229e-16 
  834       3.827316831847e-10       1.756722908162e-12      -6.174813114939e-12       0.000000000000e+00       1.161093136932e-14       4.410477913664e-15      -1.164998407998e-16 
  835       3.822929242805e-10       1.751512113705e-12      -5.880962170778e-12       0.000000000000e+00       1.155880160273e-14       4.390432839004e-15      -1.116524492177e-16 
  836       3.818238556560e-10       1.747225352947e-12      -5.586986351714e-12       0.000000000000e+00       1.150696275409e-14       4.370286479614e-15      -1.068223657264e-16 
  837       3.813245762696e-10       1.743865297391e-12      -5.292996675354e-12       0.000000000000e+00       1.145541297203e-14       4.350039571744e-15      -1.020096859784e-16 
  838       3.807951874189e-10       1.741434595247e-12      -4.999105177026e-12       0.000000000000e+00       1.140415036108e-14       4.329692859509e-15      -9.721450482520e-17 
  839       3.802357927484e-10       1.739935871309e-12      -4.705424912753e-12       0.000000000000e+00       1.135317298152e-14       4.309247094918e-15      -9.243691631224e-17 
  840       3.796464982583e-10       1.739371726842e-12      -4.412069962212e-12       0.000000000000e+00       1.130247884920e-14       4.288703037888e-15      -8.767701367460e-17 
  841       3.790274123122e-10       1.739744739456e-12      -4.119155431709e-12       0.000000000000e+00       1.125206593540e-14       4.268061456272e-15      -8.293488933241e-17 
  842       3.783786456455e-10       1.741057462994e-12      -3.826797457142e-12       0.000000000000e+00       1.120193216667e-14       4.247323125877e-15      -7.821063488639e-17 
  843       3.777003113739e-10       1.743312427409e-12      -3.535113206974e-12       0.000000000000e+00       1.115207542463e-14       4.226488830488e-15      -7.350434111331e-17 
  844       3.769925250016e-10       1.746512138647e-12      -3.244220885193e-12       0.000000000000e+00       1.110249354583e-14       4.205559361891e-15      -6.881609796147e-17 
  845       3.762554044293e-10       1.750659078527e-12      -2.954239734288e-12       0.000000000000e+00       1.105318432160e-14       4.184535519889e-15      -6.414599454618e-17 
  846       3.754890699624e-10       1.755755704623e-12      -2.665290038213e-12       0.000000000000e+00       1.100414549785e-14       4.163418112330e-15      -5.949411914527e-17 
  847       3.746936443199e-10       1.761804450146e-12      -2.377493125352e-12       0.000000000000e+00       1.095537477492e-14       4.142207955127e-15      -5.486055919455e-17 
  848       3.738692526419e-10       1.768807723823e-12      -2.090971371494e-12       0.000000000000e+00       1.090686980745e-14       4.120905872278e-15      -5.024540128329e-17 
  849       3.730160224981e-10       1.776767909780e-12      -1.805848202795e-12       0.000000000000e+00       1.085862820415e-14       4.099512695890e-15      -4.564873114972e-17 
  850       3.721340838963e-10       1.785687367421e-12      -1.522248098745e-12       0.000000000000e+00       1.081064752768e-14       4.078029266199e-15      -4.107063367654e-17 
  851       3.712235692903e-10       1.795568431313e-12      -1.240296595143e-12       0.000000000000e+00       1.076292529450e-14       4.056456431592e-15      -3.651119288634e-17 
  852       3.702846135885e-10       1.806413411063e-12      -9.601202870565e-13       0.000000000000e+00       1.071545897466e-14       4.034795048632e-15      -3.197049193713e-17 
  853       3.693173541618e-10       1.818224591201e-12      -6.818468317943e-13       0.000000000000e+00       1.066824599167e-14       4.013045982075e-15      -2.744861311781e-17 
  854       3.683219308521e-10       1.831004231064e-12      -4.056049518728e-13       0.000000000000e+00       1.062128372230e-14       3.991210104896e-15      -2.294563784368e-17 
  855       3.672984859803e-10       1.844754564672e-12      -1.315244379842e-13       0.000000000000e+00       1.057456949647e-14       3.969288298306e-15      -1.846164665186e-17 
  856       3.662472020771e-10       1.859475771377e-12       1.402752427162e-13       0.000000000000e+00       1.052810092447e-14       3.947281184152e-15      -1.399682131886e-17 
  857       3.651684157623e-10       1.875159850123e-12       4.097193406658e-13       0.000000000000e+00       1.048187688516e-14       3.925188317044e-15      -9.551753130796e-18 
  858       3.640625058237e-10       1.891796640489e-12       6.767440104497e-13       0.000000000000e+00       1.043589655435e-14       3.903008978496e-15      -5.127139860885e-18 
  859       3.629298556851e-10       1.909375842014e-12       9.412849681695e-13       0.000000000000e+00       1.039015907870e-14       3.880742443275e-15      -7.236841359973e-19 
  860       3.617708534208e-10       1.927887013741e-12       1.203277490340e-12       0.000000000000e+00       1.034466357569e-14       3.858387979388e-15       3.657906551153e-18 
  861       3.605858917700e-10       1.947319573769e-12       1.462656412784e-12       0.000000000000e+00       1.029940913345e-14       3.835944848052e-15       8.016919829822e-18 
  862       3.593753681512e-10       1.967662798803e-12       1.719356129530e-12       0.000000000000e+00       1.025439481071e-14       3.813412303678e-15       1.235263843904e-17 
  863       3.581396846769e-10       1.988905823698e-12       1.973310591708e-12       0.000000000000e+00       1.020961963661e-14       3.790789593846e-15       1.666434021543e-17 
  864       3.568792481673e-10       2.011037641014e-12       2.224453306445e-12       0.000000000000e+00       1.016508261067e-14       3.768075959283e-15       2.095129808100e-17 
  865       3.555944701658e-10       2.034047100564e-12       2.472717335760e-12       0.000000000000e+00       1.012078270263e-14       3.745270633843e-15       2.521278003100e-17 
  866       3.542857669524e-10       2.057922908960e-12       2.718035295464e-12       0.000000000000e+00       1.007671885235e-14       3.722372844482e-15       2.944804912167e-17 
  867       3.529535595587e-10       2.082653629166e-12       2.960339354051e-12       0.000000000000e+00       1.003288996971e-14       3.699381811239e-15       3.365636345809e-17 
  868       3.515982737822e-10       2.108227680046e-12       3.199561231598e-12       0.000000000000e+00       9.989294934468e-15       3.676296747213e-15       3.783697618198e-17 
  869       3.502203402006e-10       2.134633335912e-12       3.435632198661e-12       0.000000000000e+00       9.945932596203e-15       3.653116858539e-15       4.198913545953e-17 
  870       3.488201941865e-10       2.161858726075e-12       3.668483075168e-12       0.000000000000e+00       9.902801774156e-15       3.629841344370e-15       4.611208446916e-17 
  871       3.473982759214e-10       2.189891834394e-12       3.898044229317e-12       0.000000000000e+00       9.859901257139e-15       3.606469396851e-15       5.020506138940e-17 
  872       3.459550304106e-10       2.218720498823e-12       4.124245576473e-12       0.000000000000e+00       9.817229803422e-15       3.583000201100e-15       5.426729938663e-17 
  873       3.444909074973e-10       2.248332410964e-12       4.347016578064e-12       0.000000000000e+00       9.774786140623e-15       3.559432935185e-15       5.829802660296e-17 
  874       3.430063618770e-10       2.278715115614e-12       4.566286240474e-12       0.000000000000e+00       9.732568965595e-15       3.535766770101e-15       6.229646614397e-17 
  875       3.415018531121e-10       2.309856010312e-12       4.781983113944e-12       0.000000000000e+00       9.690576944318e-15       3.512000869749e-15       6.626183606659e-17 
  876       3.399778456464e-10       2.341742344894e-12       4.994035291465e-12       0.000000000000e+00       9.648808711785e-15       3.488134390914e-15       7.019334936686e-17 
  877       3.384348088192e-10       2.374361221038e-12       5.202370407673e-12       0.000000000000e+00       9.607262871896e-15       3.464166483244e-15       7.409021396774e-17 
  878       3.368732168800e-10       2.407699591812e-12       5.406915637749e-12       0.000000000000e+00       9.565937997341e-15       3.440096289226e-15       7.795163270698e-17 
  879       3.352935490027e-10       2.441744261228e-12       5.607597696311e-12       0.000000000000e+00       9.524832629495e-15       3.415922944164e-15       8.177680332485e-17 
  880       3.336962893004e-10       2.476481883789e-12       5.804342836314e-12       0.000000000000e+00       9.483945278303e-15       3.391645576160e-15       8.556491845202e-17 
  881       3.320819268392e-10       2.511898964035e-12       5.997076847943e-12       0.000000000000e+00       9.443274422174e-15       3.367263306089e-15       8.931516559731e-17 
  882       3.304509556533e-10       2.547981856098e-12       6.185725057510e-12       0.000000000000e+00       9.402818507864e-15       3.342775247577e-15       9.302672713555e-17 
  883       3.288038747590e-10       2.584716763247e-12       6.370212326352e-12       0.000000000000e+00       9.362575950370e-15       3.318180506983e-15       9.669878029538e-17 
  884       3.271411881692e-10       2.622089737439e-12       6.550463049723e-12       0.000000000000e+00       9.322545132819e-15       3.293478183371e-15       1.003304971470e-16 
  885       3.254634049079e-10       2.660086678868e-12       6.726401155696e-12       0.000000000000e+00       9.282724406354e-15       3.268667368492e-15       1.039210445902e-16 
  886       3.237710390247e-10       2.698693335513e-12       6.897950104051e-12       0.000000000000e+00       9.243112090027e-15       3.243747146762e-15       1.074695843417e-16 
  887       3.220646096088e-10       2.737895302691e-12       7.065032885181e-12       0.000000000000e+00       9.203706470687e-15       3.218716595240e-15       1.109752729235e-16 
  888       3.203446408041e-10       2.777678022601e-12       7.227572018979e-12       0.000000000000e+00       9.164505802867e-15       3.193574783601e-15       1.144372616504e-16 
  889       3.186116618229e-10       2.818026783876e-12       7.385489553740e-12       0.000000000000e+00       9.125508308676e-15       3.168320774123e-15       1.178546966180e-16 
  890       3.168662069609e-10       2.858926721134e-12       7.538707065056e-12       0.000000000000e+00       9.086712177688e-15       3.142953621657e-15       1.212267186900e-16 
  891       3.151088156114e-10       2.900362814524e-12       7.687145654708e-12       0.000000000000e+00       9.048115566831e-15       3.117472373610e-15       1.245524634868e-16 
  892       3.133400322795e-10       2.942319889276e-12       7.830725949568e-12       0.000000000000e+00       9.009716600275e-15       3.091876069921e-15       1.278310613726e-16 
  893       3.115604065970e-10       2.984782615252e-12       7.969368100493e-12       0.000000000000e+00       8.971513369321e-15       3.066163743037e-15       1.310616374437e-16 
  894       3.097704933364e-10       3.027735506493e-12       8.102991781219e-12       0.000000000000e+00       8.933503932294e-15       3.040334417897e-15       1.342433115161e-16 
  895       3.079708344086e-10       3.071162732644e-12       8.231529798100e-12       0.000000000000e+00       8.895686546539e-15       3.014388622767e-15       1.373754601466e-16 
  896       3.061619045041e-10       3.115047550765e-12       8.354969164848e-12       0.000000000000e+00       8.858060368789e-15       2.988332948820e-15       1.404585074060e-16 
  897       3.043441645937e-10       3.159372863356e-12       8.473310695636e-12       0.000000000000e+00       8.820624766007e-15       2.962175564892e-15       1.434931469813e-16 
  898       3.025180798767e-10       3.204121405165e-12       8.586555455923e-12       0.000000000000e+00       8.783379084226e-15       2.935924713568e-15       1.464800813387e-16 
  899       3.006841197925e-10       3.249275742710e-12       8.694704763381e-12       0.000000000000e+00       8.746322648484e-15       2.909588711383e-15       1.494200217502e-16 
  900       2.988427580327e-10       3.294818273798e-12       8.797760188834e-12       0.000000000000e+00       8.709454762739e-15       2.883175949023e-15       1.523136883213e-16 
  901       2.969944725523e-10       3.340731227050e-12       8.895723557186e-12       0.000000000000e+00       8.672774709797e-15       2.856694891538e-15       1.551618100172e-16 
  902       2.951397455820e-10       3.386996661416e-12       8.988596948357e-12       0.000000000000e+00       8.636281751236e-15       2.830154078538e-15       1.579651246904e-16 
  903       2.932790636394e-10       3.433596465702e-12       9.076382698213e-12       0.000000000000e+00       8.599975127329e-15       2.803562124399e-15       1.607243791077e-16 
  904       2.914129175410e-10       3.480512358088e-12       9.159083399504e-12       0.000000000000e+00       8.563854056969e-15       2.776927718471e-15       1.634403289769e-16 
  905       2.895418024141e-10       3.527725885651e-12       9.236701902789e-12       0.000000000000e+00       8.527917737591e-15       2.750259625276e-15       1.661137389740e-16 
  906       2.876662177080e-10       3.575218423883e-12       9.309241317375e-12       0.000000000000e+00       8.492165345098e-15       2.723566684718e-15       1.687453827703e-16 
  907       2.857866672063e-10       3.622971176214e-12       9.376705012250e-12       0.000000000000e+00       8.456596033785e-15       2.696857812282e-15       1.713360430594e-16 
  908       2.839036590382e-10       3.670965173536e-12       9.439096617010e-12       0.000000000000e+00       8.421208936263e-15       2.670141999242e-15       1.738865115840e-16 
  909       2.820177056906e-10       3.719181273717e-12       9.496420022799e-12       0.000000000000e+00       8.386003163379e-15       2.643428312864e-15       1.763975891632e-16 
  910       2.801293240193e-10       3.767600161129e-12       9.548679383237e-12       0.000000000000e+00       8.350977804148e-15       2.616725896608e-15       1.788700857193e-16 
  911       2.782390352613e-10       3.816202346165e-12       9.595879115355e-12       0.000000000000e+00       8.316131925668e-15       2.590043970336e-15       1.813048203051e-16 
  912       2.763473650463e-10       3.864968164762e-12       9.638023900528e-12       0.000000000000e+00       8.281464573050e-15       2.563391830510e-15       1.837026211306e-16 
  913       2.744548434082e-10       3.913877777923e-12       9.675118685405e-12       0.000000000000e+00       8.246974769342e-15       2.536778850405e-15       1.860643255903e-16 
  914       2.725620047972e-10       3.962911171232e-12       9.707168682845e-12       0.000000000000e+00       8.212661515449e-15       2.510214480305e-15       1.883907802900e-16 
  915       2.706693880912e-10       4.012048154386e-12       9.734179372851e-12       0.000000000000e+00       8.178523790059e-15       2.483708247712e-15       1.906828410738e-16 
  916       2.687775366080e-10       4.061268360703e-12       9.756156503497e-12       0.000000000000e+00       8.144560549569e-15       2.457269757545e-15       1.929413730516e-16 
  917       2.668869981162e-10       4.110551246656e-12       9.773106091867e-12       0.000000000000e+00       8.110770728007e-15       2.430908692351e-15       1.951672506254e-16 
  918       2.649983248479e-10       4.159876091384e-12       9.785034424985e-12       0.000000000000e+00       8.077153236955e-15       2.404634812505e-15       1.973613575169e-16 
  919       2.631120735097e-10       4.209221996218e-12       9.791948060748e-12       0.000000000000e+00       8.043706965474e-15       2.378457956413e-15       1.995245867941e-16 
  920       2.612288052949e-10       4.258567884201e-12       9.793853828859e-12       0.000000000000e+00       8.010430780031e-15       2.352388040718e-15       2.016578408987e-16 
  921       2.593490858946e-10       4.307892499611e-12       9.790758831761e-12       0.000000000000e+00       7.977323524417e-15       2.326435060507e-15       2.037620316730e-16 
  922       2.574734855104e-10       4.357174407477e-12       9.782670445566e-12       0.000000000000e+00       7.944384019676e-15       2.300609089507e-15       2.058380803865e-16 
  923       2.556025788651e-10       4.406391993107e-12       9.769596320993e-12       0.000000000000e+00       7.911611064026e-15       2.274920280299e-15       2.078869177638e-16 
  924       2.537369452152e-10       4.455523461602e-12       9.751544384299e-12       0.000000000000e+00       7.879003432786e-15       2.249378864513e-15       2.099094840107e-16 
  925       2.518771683621e-10       4.504546837383e-12       9.728522838210e-12       0.000000000000e+00       7.846559878295e-15       2.223995153038e-15       2.119067288419e-16 
  926       2.500238366642e-10       4.553439963708e-12       9.700540162855e-12       0.000000000000e+00       7.814279129843e-15       2.198779536226e-15       2.138796115075e-16 
  927       2.481775430484e-10       4.602180502196e-12       9.667605116701e-12       0.000000000000e+00       7.782159893589e-15       2.173742484092e-15       2.158291008205e-16 
  928       2.463388850218e-10       4.650745932347e-12       9.629726737480e-12       0.000000000000e+00       7.750200852486e-15       2.148894546522e-15       2.177561751835e-16 
  929       2.445084646838e-10       4.699113551061e-12       9.586914343131e-12       0.000000000000e+00       7.718400666209e-15       2.124246353476e-15       2.196618226158e-16 
  930       2.426868887374e-10       4.747260472164e-12       9.539177532724e-12       0.000000000000e+00       7.686757971073e-15       2.099808615190e-15       2.215470407804e-16 
  931       2.408747685009e-10       4.795163625922e-12       9.486526187396e-12       0.000000000000e+00       7.655271379963e-15       2.075592122384e-15       2.234128370113e-16 
  932       2.390727199201e-10       4.842799758570e-12       9.428970471288e-12       0.000000000000e+00       7.623939482252e-15       2.051607746463e-15       2.252602283400e-16 
  933       2.372813635796e-10       4.890145431827e-12       9.366520832470e-12       0.000000000000e+00       7.592760843732e-15       2.027866439722e-15       2.270902415229e-16 
  934       2.355012667198e-10       4.937178761056e-12       9.299196078918e-12       0.000000000000e+00       7.561734173504e-15       2.004376718540e-15       2.289036116408e-16 
  935       2.337327682715e-10       4.983884660470e-12       9.227047742891e-12       0.000000000000e+00       7.530858827687e-15       1.981137069426e-15       2.306998726797e-16 
  936       2.319761511087e-10       5.030249678980e-12       9.150136099322e-12       0.000000000000e+00       7.500134313438e-15       1.958143424651e-15       2.324782527856e-16 
  937       2.302316998002e-10       5.076260268754e-12       9.068522127358e-12       0.000000000000e+00       7.469560122637e-15       1.935391668356e-15       2.342379743883e-16 
  938       2.284997006122e-10       5.121902784977e-12       8.982267512393e-12       0.000000000000e+00       7.439135731836e-15       1.912877636407e-15       2.359782541871e-16 
  939       2.267804415131e-10       5.167163485611e-12       8.891434648118e-12       0.000000000000e+00       7.408860602204e-15       1.890597116254e-15       2.376983031367e-16 
  940       2.250742121765e-10       5.212028531153e-12       8.796086638561e-12       0.000000000000e+00       7.378734179475e-15       1.868545846791e-15       2.393973264325e-16 
  941       2.233813039854e-10       5.256483984400e-12       8.696287300127e-12       0.000000000000e+00       7.348755893897e-15       1.846719518216e-15       2.410745234962e-16 
  942       2.217020100359e-10       5.300515810203e-12       8.592101163644e-12       0.000000000000e+00       7.318925160175e-15       1.825113771882e-15       2.427290879616e-16 
  943       2.200366251406e-10       5.344109875230e-12       8.483593476403e-12       0.000000000000e+00       7.289241377420e-15       1.803724200163e-15       2.443602076601e-16 
  944       2.183854458328e-10       5.387251947727e-12       8.370830204202e-12       0.000000000000e+00       7.259703929096e-15       1.782546346309e-15       2.459670646063e-16 
  945       2.167487703700e-10       5.429927697275e-12       8.253878033389e-12       0.000000000000e+00       7.230312182967e-15       1.761575704303e-15       2.475488349835e-16 
  946       2.151268987379e-10       5.472122694554e-12       8.132804372901e-12       0.000000000000e+00       7.201065491043e-15       1.740807718721e-15       2.491046891296e-16 
  947       2.135201326539e-10       5.513822411098e-12       8.007677356310e-12       0.000000000000e+00       7.171963189528e-15       1.720237784590e-15       2.506337915222e-16 
  948       2.119287755708e-10       5.555012219061e-12       7.878565843865e-12       0.000000000000e+00       7.143004598767e-15       1.699861247248e-15       2.521353007647e-16 
  949       2.103531326810e-10       5.595677390971e-12       7.745539424532e-12       0.000000000000e+00       7.114189023190e-15       1.679673402197e-15       2.536083695719e-16 
  950       2.087935109198e-10       5.635803099494e-12       7.608668418039e-12       0.000000000000e+00       7.085515751265e-15       1.659669494966e-15       2.550521447549e-16 
  951       2.072502189692e-10       5.675374417191e-12       7.468023876918e-12       0.000000000000e+00       7.056984055438e-15       1.639844720969e-15       2.564657672077e-16 
  952       2.057235672622e-10       5.714376316283e-12       7.323677588546e-12       0.000000000000e+00       7.028593192085e-15       1.620194225360e-15       2.578483718921e-16 
  953       2.042138679856e-10       5.752793668404e-12       7.175702077190e-12       0.000000000000e+00       7.000342401457e-15       1.600713102895e-15       2.591990878235e-16 
  954       2.027214350848e-10       5.790611244368e-12       7.024170606047e-12       0.000000000000e+00       6.972230907626e-15       1.581396397788e-15       2.605170380565e-16 
  955       2.012465842667e-10       5.827813713923e-12       6.869157179287e-12       0.000000000000e+00       6.944257918435e-15       1.562239103568e-15       2.618013396707e-16 
  956       1.997896330040e-10       5.864385645515e-12       6.710736544097e-12       0.000000000000e+00       6.916422625441e-15       1.543236162943e-15       2.630511037559e-16 
  957       1.983509005387e-10       5.900311506047e-12       6.548984192721e-12       0.000000000000e+00       6.888724203865e-15       1.524382467650e-15       2.642654353980e-16 
  958       1.969307078859e-10       5.935575660639e-12       6.383976364505e-12       0.000000000000e+00       6.861161812537e-15       1.505672858321e-15       2.654434336646e-16 
  959       1.955293778377e-10       5.970162372385e-12       6.215790047937e-12       0.000000000000e+00       6.833734593844e-15       1.487102124334e-15       2.665841915905e-16 
  960       1.941472349667e-10       6.004055802119e-12       6.044502982693e-12       0.000000000000e+00       6.806441673677e-15       1.468665003679e-15       2.676867961632e-16 
  961       1.927846056301e-10       6.037240008170e-12       5.870193661673e-12       0.000000000000e+00       6.779282161378e-15       1.450356182809e-15       2.687503283089e-16 
  962       1.914418179729e-10       6.069698946124e-12       5.692941333051e-12       0.000000000000e+00       6.752255149686e-15       1.432170296504e-15       2.697738628775e-16 
  963       1.901192019325e-10       6.101416468583e-12       5.512826002314e-12       0.000000000000e+00       6.725359714683e-15       1.414101927724e-15       2.707564686287e-16 
  964       1.888170892415e-10       6.132376324927e-12       5.329928434302e-12       0.000000000000e+00       6.698594915746e-15       1.396145607472e-15       2.716972082175e-16 
  965       1.875358134323e-10       6.162562161072e-12       5.144330155256e-12       0.000000000000e+00       6.671959795486e-15       1.378295814651e-15       2.725951381797e-16 
  966       1.862757098402e-10       6.191957519230e-12       4.956113454855e-12       0.000000000000e+00       6.645453379704e-15       1.360546975918e-15       2.734493089175e-16 
  967       1.850371156077e-10       6.220545837670e-12       4.765361388262e-12       0.000000000000e+00       6.619074677328e-15       1.342893465548e-15       2.742587646851e-16 
  968       1.838203696878e-10       6.248310450479e-12       4.572157778164e-12       0.000000000000e+00       6.592822680369e-15       1.325329605291e-15       2.750225435744e-16 
  969       1.826258128480e-10       6.275234587319e-12       4.376587216819e-12       0.000000000000e+00       6.566696363864e-15       1.307849664226e-15       2.757396775007e-16 
  970       1.814537876742e-10       6.301301373190e-12       4.178735068090e-12       0.000000000000e+00       6.540694685820e-15       1.290447858626e-15       2.764091921878e-16 
  971       1.803046385740e-10       6.326493828186e-12       3.978687469498e-12       0.000000000000e+00       6.514816587167e-15       1.273118351809e-15       2.770301071544e-16 
  972       1.791787117809e-10       6.350794867261e-12       3.776531334256e-12       0.000000000000e+00       6.489060991701e-15       1.255855254002e-15       2.776014356987e-16 
  973       1.780762936193e-10       6.374189880213e-12       3.572352845234e-12       0.000000000000e+00       6.463426927887e-15       1.238653682016e-15       2.781224661945e-16 
  974       1.769974242778e-10       6.396674514556e-12       3.366232907962e-12       0.000000000000e+00       6.437913896384e-15       1.221512955987e-15       2.785936106299e-16 
  975       1.759420812482e-10       6.418247009000e-12       3.158251633427e-12       0.000000000000e+00       6.412521507932e-15       1.204433450338e-15       2.790155687762e-16 
  976       1.749102408062e-10       6.438905623895e-12       2.948489841820e-12       0.000000000000e+00       6.387249361959e-15       1.187415538304e-15       2.793890480550e-16 
  977       1.739018780077e-10       6.458648641321e-12       2.737029064380e-12       0.000000000000e+00       6.362097046542e-15       1.170459591920e-15       2.797147635585e-16 
  978       1.729169666848e-10       6.477474365170e-12       2.523951545255e-12       0.000000000000e+00       6.337064138371e-15       1.153565982020e-15       2.799934380718e-16 
  979       1.719554794413e-10       6.495381121239e-12       2.309340243346e-12       0.000000000000e+00       6.312150202711e-15       1.136735078223e-15       2.802258020929e-16 
  980       1.710173876488e-10       6.512367257311e-12       2.093278834159e-12       0.000000000000e+00       6.287354793365e-15       1.119967248931e-15       2.804125938550e-16 
  981       1.701026614432e-10       6.528431143248e-12       1.875851711663e-12       0.000000000000e+00       6.262677452633e-15       1.103262861317e-15       2.805545593472e-16 
  982       1.692112697197e-10       6.543571171071e-12       1.657143990133e-12       0.000000000000e+00       6.238117711278e-15       1.086622281321e-15       2.806524523357e-16 
  983       1.683431801294e-10       6.557785755049e-12       1.437241506007e-12       0.000000000000e+00       6.213675088488e-15       1.070045873637e-15       2.807070343852e-16 
  984       1.674983590752e-10       6.571073331790e-12       1.216230819737e-12       0.000000000000e+00       6.189349091837e-15       1.053534001714e-15       2.807190748800e-16 
  985       1.666767717073e-10       6.583432360320e-12       9.941992176383e-13       0.000000000000e+00       6.165139217248e-15       1.037087027740e-15       2.806893510454e-16 
  986       1.658783819197e-10       6.594861322177e-12       7.712347137420e-13       0.000000000000e+00       6.141044948954e-15       1.020705312641e-15       2.806186479686e-16 
  987       1.651031523456e-10       6.605358721493e-12       5.474260516470e-13       0.000000000000e+00       6.117065759463e-15       1.004389216066e-15       2.805077586202e-16 
  988       1.643510443539e-10       6.614923085083e-12       3.228627063713e-13       0.000000000000e+00       6.093201109520e-15       9.881390963895e-16       2.803574838755e-16 
  989       1.636220180448e-10       6.623552962531e-12       9.763488620324e-14       0.000000000000e+00       6.069450448065e-15       9.719553106938e-16       2.801686325352e-16 
  990       1.629160322455e-10       6.631246926276e-12      -1.281664654470e-13       0.000000000000e+00       6.045813212202e-15       9.558382147682e-16       2.799420213473e-16 
  991       1.622330445068e-10       6.638003571700e-12      -3.544496681955e-13       0.000000000000e+00       6.022288827156e-15       9.397881630986e-16       2.796784750279e-16 
  992       1.615730110986e-10       6.643821517213e-12      -5.811223028338e-13       0.000000000000e+00       5.998876706239e-15       9.238055088605e-16       2.793788262824e-16 
  993       1.609358870057e-10       6.648699404342e-12      -8.080912094767e-13       0.000000000000e+00       5.975576250810e-15       9.078906039118e-16       2.790439158271e-16 
  994       1.603216259241e-10       6.652635897818e-12      -1.035262485711e-12       0.000000000000e+00       5.952386850238e-15       8.920437987846e-16       2.786745924100e-16 
  995       1.597301802568e-10       6.655629685657e-12      -1.262541484745e-12       0.000000000000e+00       5.929307881865e-15       8.762654426780e-16       2.782717128322e-16 
  996       1.591615011099e-10       6.657679479255e-12      -1.489832813554e-12       0.000000000000e+00       5.906338710967e-15       8.605558834507e-16       2.778361419690e-16 
  997       1.586155382879e-10       6.658784013468e-12      -1.717040331033e-12       0.000000000000e+00       5.883478690719e-15       8.449154676129e-16       2.773687527916e-16 
  998       1.580922402907e-10       6.658942046703e-12      -1.944067146142e-12       0.000000000000e+00       5.860727162154e-15       8.293445403194e-16       2.768704263876e-16 
  999       1.575915543084e-10       6.658152361004e-12      -2.170815616056e-12       0.000000000000e+00       5.838083454127e-15       8.138434453616e-16       2.763420519826e-16 
 1000       1.571134262183e-10       6.656413762134e-12      -2.397187344312e-12       0.000000000000e+00       5.815546883279e-15       7.984125251598e-16       2.757845269617e-16 
 1001       1.566578005799e-10       6.653725079669e-12      -2.623083178961e-12       0.000000000000e+00       5.793116753995e-15       7.830521207563e-16       2.751987568901e-16 
 1002       1.562246206315e-10       6.650085167080e-12      -2.848403210711e-12       0.000000000000e+00       5.770792358372e-15       7.677625718070e-16       2.745856555348e-16 
 1003       1.558138282860e-10       6.645492901820e-12      -3.073046771082e-12       0.000000000000e+00       5.748572976177e-15       7.525442165745e-16       2.739461448856e-16 
 1004       1.554253641265e-10       6.639947185415e-12      -3.296912430547e-12       0.000000000000e+00       5.726457874810e-15       7.373973919204e-16       2.732811551764e-16 
 1005       1.550591674026e-10       6.633446943543e-12      -3.519897996689e-12       0.000000000000e+00       5.704446309269e-15       7.223224332972e-16       2.725916249065e-16 
 1006       1.547151760263e-10       6.625991126128e-12      -3.741900512341e-12       0.000000000000e+00       5.682537522109e-15       7.073196747416e-16       2.718785008617e-16 
 1007       1.543933265679e-10       6.617578707422e-12      -3.962816253742e-12       0.000000000000e+00       5.660730743407e-15       6.923894488663e-16       2.711427381353e-16 
 1008       1.540935542517e-10       6.608208686094e-12      -4.182540728681e-12       0.000000000000e+00       5.639025190722e-15       6.775320868526e-16       2.703853001500e-16 
 1009       1.538157929524e-10       6.597880085318e-12      -4.400968674644e-12       0.000000000000e+00       5.617420069060e-15       6.627479184431e-16       2.696071586785e-16 
 1010       1.535599751906e-10       6.586591952856e-12      -4.617994056970e-12       0.000000000000e+00       5.595914570833e-15       6.480372719336e-16       2.688092938647e-16 
 1011       1.533260321290e-10       6.574343361146e-12      -4.833510066990e-12       0.000000000000e+00       5.574507875826e-15       6.334004741662e-16       2.679926942455e-16 
 1012       1.531138612560e-10       6.561135292826e-12      -5.047418507868e-12       0.000000000000e+00       5.553199241383e-15       6.188381592524e-16       2.671582141701e-16 
 1013       1.529232289338e-10       6.546976326938e-12      -5.259658104224e-12       0.000000000000e+00       5.531988274475e-15       6.043521996421e-16       2.663061437622e-16 
 1014       1.527538664353e-10       6.531877034970e-12      -5.470176597457e-12       0.000000000000e+00       5.510874663491e-15       5.899447884787e-16       2.654366327931e-16 
 1015       1.526055021216e-10       6.515848103170e-12      -5.678921394364e-12       0.000000000000e+00       5.489858088330e-15       5.756181321158e-16       2.645498327243e-16 
 1016       1.524778614337e-10       6.498900332855e-12      -5.885839566383e-12       0.000000000000e+00       5.468938220379e-15       5.613744501448e-16       2.636458967124e-16 
 1017       1.523706668847e-10       6.481044640715e-12      -6.090877848840e-12       0.000000000000e+00       5.448114722485e-15       5.472159754244e-16       2.627249796135e-16 
 1018       1.522836380523e-10       6.462292059124e-12      -6.293982640201e-12       0.000000000000e+00       5.427387248929e-15       5.331449541083e-16       2.617872379877e-16 
 1019       1.522164915706e-10       6.442653736446e-12      -6.495100001313e-12       0.000000000000e+00       5.406755445396e-15       5.191636456744e-16       2.608328301038e-16 
 1020       1.521689411225e-10       6.422140937340e-12      -6.694175654658e-12       0.000000000000e+00       5.386218948951e-15       5.052743229532e-16       2.598619159435e-16 
 1021       1.521406974315e-10       6.400765043074e-12      -6.891154983593e-12       0.000000000000e+00       5.365777388010e-15       4.914792721563e-16       2.588746572063e-16 
 1022       1.521314682543e-10       6.378537551824e-12      -7.085983031605e-12       0.000000000000e+00       5.345430382315e-15       4.777807929048e-16       2.578712173138e-16 
 1023       1.521409583727e-10       6.355470078986e-12      -7.278604501553e-12       0.000000000000e+00       5.325177542903e-15       4.641811982584e-16       2.568517614143e-16 
 1024       1.521688695858e-10       6.331574357486e-12      -7.468963754919e-12       0.000000000000e+00       5.305018472084e-15       4.506828147436e-16       2.558164563874e-16 
 1025       1.522149007023e-10       6.306862238081e-12      -7.657004811051e-12       0.000000000000e+00       5.284952763410e-15       4.372879823823e-16       2.547654708482e-16 
 1026       1.522787475322e-10       6.281345689671e-12      -7.842671346414e-12       0.000000000000e+00       5.264980001649e-15       4.239990547203e-16       2.536989751525e-16 
 1027       1.523601028797e-10       6.255036799606e-12      -8.025906693838e-12       0.000000000000e+00       5.245099762759e-15       4.108183988561e-16       2.526171414004e-16 
 1028       1.524586565347e-10       6.227947773991e-12      -8.206653841761e-12       0.000000000000e+00       5.225311613860e-15       3.977483954695e-16       2.515201434419e-16 
 1029       1.525740952651e-10       6.200090937995e-12      -8.384855433481e-12       0.000000000000e+00       5.205615113206e-15       3.847914388499e-16       2.504081568803e-16 
 1030       1.527061028094e-10       6.171478736160e-12      -8.560453766401e-12       0.000000000000e+00       5.186009810162e-15       3.719499369251e-16       2.492813590778e-16 
 1031       1.528543598683e-10       6.142123732705e-12      -8.733390791277e-12       0.000000000000e+00       5.166495245170e-15       3.592263112896e-16       2.481399291592e-16 
 1032       1.530185440970e-10       6.112038611837e-12      -8.903608111465e-12       0.000000000000e+00       5.147070949729e-15       3.466229972337e-16       2.469840480170e-16 
 1033       1.531983300976e-10       6.081236178055e-12      -9.071046982167e-12       0.000000000000e+00       5.127736446362e-15       3.341424437715e-16       2.458138983153e-16 
 1034       1.533933894110e-10       6.049729356459e-12      -9.235648309684e-12       0.000000000000e+00       5.108491248594e-15       3.217871136698e-16       2.446296644953e-16 
 1035       1.536033905092e-10       6.017531193060e-12      -9.397352650657e-12       0.000000000000e+00       5.089334860921e-15       3.095594834767e-16       2.434315327787e-16 
 1036       1.538279987874e-10       5.984654855080e-12      -9.556100211315e-12       0.000000000000e+00       5.070266778787e-15       2.974620435500e-16       2.422196911732e-16 
 1037       1.540668765560e-10       5.951113631270e-12      -9.711830846727e-12       0.000000000000e+00       5.051286488551e-15       2.854972980858e-16       2.409943294762e-16 
 1038       1.543196830331e-10       5.916920932207e-12      -9.864484060046e-12       0.000000000000e+00       5.032393467466e-15       2.736677651472e-16       2.397556392801e-16 
 1039       1.545860743366e-10       5.882090290609e-12      -1.001399900176e-11       0.000000000000e+00       5.013587183648e-15       2.619759766928e-16       2.385038139764e-16 
 1040       1.548657034759e-10       5.846635361638e-12      -1.016031446892e-11       0.000000000000e+00       4.994867096051e-15       2.504244786052e-16       2.372390487600e-16 
 1041       1.551582203445e-10       5.810569923208e-12      -1.030336890443e-11       0.000000000000e+00       4.976232654438e-15       2.390158307200e-16       2.359615406345e-16 
 1042       1.554632717123e-10       5.773907876297e-12      -1.044310039626e-11       0.000000000000e+00       4.957683299357e-15       2.277526068535e-16       2.346714884158e-16 
 1043       1.557805012173e-10       5.736663245246e-12      -1.057944667667e-11       0.000000000000e+00       4.939218462110e-15       2.166373948322e-16       2.333690927374e-16 
 1044       1.561095493578e-10       5.698850178075e-12      -1.071234512154e-11       0.000000000000e+00       4.920837564729e-15       2.056727965209e-16       2.320545560545e-16 
 1045       1.564500534851e-10       5.660482946783e-12      -1.084173274954e-11       0.000000000000e+00       4.902540019948e-15       1.948614278514e-16       2.307280826487e-16 
 1046       1.568016477950e-10       5.621575947664e-12      -1.096754622139e-11       0.000000000000e+00       4.884325231176e-15       1.842059188508e-16       2.293898786323e-16 
 1047       1.571639633203e-10       5.582143701603e-12      -1.108972183914e-11       0.000000000000e+00       4.866192592468e-15       1.737089136707e-16       2.280401519533e-16 
 1048       1.575366279229e-10       5.542200854395e-12      -1.120819554540e-11       0.000000000000e+00       4.848141488501e-15       1.633730706151e-16       2.266791123994e-16 
 1049       1.579192662861e-10       5.501762177045e-12      -1.132290292257e-11       0.000000000000e+00       4.830171294545e-15       1.532010621693e-16       2.253069716028e-16 
 1050       1.583114999064e-10       5.460842566078e-12      -1.143377919213e-11       0.000000000000e+00       4.812281376438e-15       1.431955750286e-16       2.239239430448e-16 
 1051       1.587129571633e-10       5.419457181887e-12      -1.154077046991e-11       0.000000000000e+00       4.794471158292e-15       1.333589192277e-16       2.225301898550e-16 
 1052       1.591233036964e-10       5.377621865271e-12      -1.164386770496e-11       0.000000000000e+00       4.776740326708e-15       1.236918495215e-16       2.211256674057e-16 
 1053       1.595422124350e-10       5.335352727301e-12      -1.174307321101e-11       0.000000000000e+00       4.759088629350e-15       1.141947276775e-16       2.197102785385e-16 
 1054       1.599693535523e-10       5.292666012119e-12      -1.183838945358e-11       0.000000000000e+00       4.741515807442e-15       1.048679118754e-16       2.182839255699e-16 
 1055       1.604043944582e-10       5.249578097266e-12      -1.192981905052e-11       0.000000000000e+00       4.724021595751e-15       9.571175669308e-17       2.168465102903e-16 
 1056       1.608469997933e-10       5.206105494004e-12      -1.201736477242e-11       0.000000000000e+00       4.706605722566e-15       8.672661309279e-17       2.153979339627e-16 
 1057       1.612968314215e-10       5.162264847634e-12      -1.210102954312e-11       0.000000000000e+00       4.689267909680e-15       7.791282840733e-17       2.139380973216e-16 
 1058       1.617535484237e-10       5.118072937822e-12      -1.218081644017e-11       0.000000000000e+00       4.672007872368e-15       6.927074632619e-17       2.124669005719e-16 
 1059       1.622168070907e-10       5.073546678923e-12      -1.225672869526e-11       0.000000000000e+00       4.654825319370e-15       6.080070688171e-17       2.109842433878e-16 
 1060       1.626862609168e-10       5.028703120298e-12      -1.232876969474e-11       0.000000000000e+00       4.637719952868e-15       5.250304643521e-17       2.094900249115e-16 
 1061       1.631615605927e-10       4.983559446642e-12      -1.239694298009e-11       0.000000000000e+00       4.620691468468e-15       4.437809766316e-17       2.079841437523e-16 
 1062       1.636423539990e-10       4.938132978301e-12      -1.246125224835e-11       0.000000000000e+00       4.603739555181e-15       3.642618954332e-17       2.064664979853e-16 
 1063       1.641282861993e-10       4.892441171600e-12      -1.252170135259e-11       0.000000000000e+00       4.586863895404e-15       2.864764734088e-17       2.049369851502e-16 
 1064       1.646189994337e-10       4.846501619162e-12      -1.257829430242e-11       0.000000000000e+00       4.570064164895e-15       2.104279259466e-17       2.033955022504e-16 
 1065       1.651141331117e-10       4.800332050229e-12      -1.263103526445e-11       0.000000000000e+00       4.553340032761e-15       1.361194310317e-17       2.018419457517e-16 
 1066       1.656133238057e-10       4.753950330989e-12      -1.267992856271e-11       0.000000000000e+00       4.536691161432e-15       6.355412910862e-18       2.002762115812e-16 
 1067       1.661162052442e-10       4.707374464894e-12      -1.272497867919e-11       0.000000000000e+00       4.520117206644e-15      -7.264877057973e-19       1.986981951261e-16 
 1068       1.666224083048e-10       4.660622592986e-12      -1.276619025423e-11       0.000000000000e+00       4.503617817420e-15      -7.633452252135e-18       1.971077912327e-16 
 1069       1.671315610081e-10       4.613712994216e-12      -1.280356808708e-11       0.000000000000e+00       4.487192636047e-15      -1.436517802914e-17       1.955048942052e-16 
 1070       1.676432885102e-10       4.566664085768e-12      -1.283711713630e-11       0.000000000000e+00       4.470841298060e-15      -2.092136614728e-17       1.938893978043e-16 
 1071       1.681572130963e-10       4.519494423383e-12      -1.286684252024e-11       0.000000000000e+00       4.454563432222e-15      -2.730172154043e-17       1.922611952468e-16 
 1072       1.686729541740e-10       4.472222701679e-12      -1.289274951753e-11       0.000000000000e+00       4.438358660500e-15      -3.350595297961e-17       1.906201792034e-16 
 1073       1.691901282667e-10       4.424867754473e-12      -1.291484356755e-11       0.000000000000e+00       4.422226598051e-15      -3.953377308692e-17       1.889662417987e-16 
 1074       1.697083490062e-10       4.377448555105e-12      -1.293313027087e-11       0.000000000000e+00       4.406166853197e-15      -4.538489834937e-17       1.872992746090e-16 
 1075       1.702272271268e-10       4.329984216762e-12      -1.294761538974e-11       0.000000000000e+00       4.390179027410e-15      -5.105904913271e-17       1.856191686621e-16 
 1076       1.707463704578e-10       4.282493992796e-12      -1.295830484856e-11       0.000000000000e+00       4.374262715290e-15      -5.655594969529e-17       1.839258144355e-16 
 1077       1.712653839173e-10       4.234997277050e-12      -1.296520473436e-11       0.000000000000e+00       4.358417504543e-15      -6.187532820193e-17       1.822191018554e-16 
 1078       1.717838695052e-10       4.187513604178e-12      -1.296832129722e-11       0.000000000000e+00       4.342642975967e-15      -6.701691673771e-17       1.804989202960e-16 
 1079       1.723014262965e-10       4.140062649969e-12      -1.296766095079e-11       0.000000000000e+00       4.326938703426e-15      -7.198045132191e-17       1.787651585776e-16 
 1080       1.728176504344e-10       4.092664231670e-12      -1.296323027276e-11       0.000000000000e+00       4.311304253836e-15      -7.676567192178e-17       1.770177049663e-16 
 1081       1.733321351239e-10       4.045338308305e-12      -1.295503600528e-11       0.000000000000e+00       4.295739187140e-15      -8.137232246641e-17       1.752564471721e-16 
 1082       1.738444706248e-10       3.998104981003e-12      -1.294308505548e-11       0.000000000000e+00       4.280243056292e-15      -8.580015086063e-17       1.734812723484e-16 
 1083       1.743542442449e-10       3.950984493315e-12      -1.292738449591e-11       0.000000000000e+00       4.264815407235e-15      -9.004890899878e-17       1.716920670903e-16 
 1084       1.748610403334e-10       3.903997231537e-12      -1.290794156503e-11       0.000000000000e+00       4.249455778885e-15      -9.411835277861e-17       1.698887174341e-16 
 1085       1.753644402741e-10       3.857163725037e-12      -1.288476366765e-11       0.000000000000e+00       4.234163703105e-15      -9.800824211511e-17       1.680711088554e-16 
 1086       1.758640224786e-10       3.810504646573e-12      -1.285785837542e-11       0.000000000000e+00       4.218938704692e-15      -1.017183409544e-16       1.662391262687e-16 
 1087       1.763593623798e-10       3.764040812617e-12      -1.282723342731e-11       0.000000000000e+00       4.203780301352e-15      -1.052484172875e-16       1.643926540257e-16 
 1088       1.768500324247e-10       3.717793183675e-12      -1.279289673005e-11       0.000000000000e+00       4.188688003683e-15      -1.085982431643e-16       1.625315759145e-16 
 1089       1.773356020680e-10       3.671782864614e-12      -1.275485635862e-11       0.000000000000e+00       4.173661315155e-15      -1.117675947072e-16       1.606557751585e-16 
 1090       1.778156783757e-10       3.626029515320e-12      -1.271312731234e-11       0.000000000000e+00       4.158699783600e-15      -1.147570790306e-16       1.587652566678e-16 
 1091       1.782900284454e-10       3.580546558703e-12      -1.266775188136e-11       0.000000000000e+00       4.143803156476e-15      -1.175706271091e-16       1.568605155924e-16 
 1092       1.787584586135e-10       3.535345909097e-12      -1.261877955414e-11       0.000000000000e+00       4.128971227644e-15      -1.202130343541e-16       1.549421737074e-16 
 1093       1.792207739913e-10       3.490439556254e-12      -1.256626028770e-11       0.000000000000e+00       4.114203786035e-15      -1.226891368360e-16       1.530108576195e-16 
 1094       1.796767784619e-10       3.445839565509e-12      -1.251024450877e-11       0.000000000000e+00       4.099500615633e-15      -1.250038113814e-16       1.510671987780e-16 
 1095       1.801262746780e-10       3.401558077941e-12      -1.245078311496e-11       0.000000000000e+00       4.084861495461e-15      -1.271619756709e-16       1.491118334863e-16 
 1096       1.805690640588e-10       3.357607310535e-12      -1.238792747591e-11       0.000000000000e+00       4.070286199568e-15      -1.291685883358e-16       1.471454029126e-16 
 1097       1.810049467880e-10       3.313999556344e-12      -1.232172943442e-11       0.000000000000e+00       4.055774497012e-15      -1.310286490555e-16       1.451685531017e-16 
 1098       1.814337218102e-10       3.270747184651e-12      -1.225224130761e-11       0.000000000000e+00       4.041326151847e-15      -1.327471986551e-16       1.431819349859e-16 
 1099       1.818551868293e-10       3.227862641130e-12      -1.217951588809e-11       0.000000000000e+00       4.026940923109e-15      -1.343293192024e-16       1.411862043959e-16 
 1100       1.822691383049e-10       3.185358448011e-12      -1.210360644509e-11       0.000000000000e+00       4.012618564801e-15      -1.357801341053e-16       1.391820220726e-16 
 1101       1.826753714505e-10       3.143247204237e-12      -1.202456672559e-11       0.000000000000e+00       3.998358825875e-15      -1.371048082092e-16       1.371700536779e-16 
 1102       1.830736802301e-10       3.101541585632e-12      -1.194245095553e-11       0.000000000000e+00       3.984161450226e-15      -1.383085478940e-16       1.351509698061e-16 
 1103       1.834638573561e-10       3.060254345057e-12      -1.185731384091e-11       0.000000000000e+00       3.970026176667e-15      -1.393966011717e-16       1.331254459948e-16 
 1104       1.838456942862e-10       3.019398312577e-12      -1.176921056896e-11       0.000000000000e+00       3.955952738923e-15      -1.403742577833e-16       1.310941627366e-16 
 1105       1.842189812213e-10       2.978986395619e-12      -1.167819680929e-11       0.000000000000e+00       3.941940865612e-15      -1.412468492968e-16       1.290578054897e-16 
 1106       1.845835071023e-10       2.939031579138e-12      -1.158432871503e-11       0.000000000000e+00       3.927990280230e-15      -1.420197492037e-16       1.270170646896e-16 
 1107       1.849390596077e-10       2.899546925774e-12      -1.148766292401e-11       0.000000000000e+00       3.914100701141e-15      -1.426983730166e-16       1.249726357601e-16 
 1108       1.852854251511e-10       2.860545576019e-12      -1.138825655988e-11       0.000000000000e+00       3.900271841557e-15      -1.432881783668e-16       1.229252191245e-16 
 1109       1.856223888782e-10       2.822040748376e-12      -1.128616723325e-11       0.000000000000e+00       3.886503409527e-15      -1.437946651010e-16       1.208755202167e-16 
 1110       1.859497346644e-10       2.784045739521e-12      -1.118145304290e-11       0.000000000000e+00       3.872795107923e-15      -1.442233753792e-16       1.188242494925e-16 
 1111       1.862672451120e-10       2.746573924467e-12      -1.107417257687e-11       0.000000000000e+00       3.859146634420e-15      -1.445798937714e-16       1.167721224412e-16 
 1112       1.865747015478e-10       2.709638756724e-12      -1.096438491362e-11       0.000000000000e+00       3.845557681488e-15      -1.448698473555e-16       1.147198595958e-16 
 1113       1.868718840201e-10       2.673253768462e-12      -1.085214962324e-11       0.000000000000e+00       3.832027936376e-15      -1.450989058141e-16       1.126681865452e-16 
 1114       1.871585712964e-10       2.637432570672e-12      -1.073752676851e-11       0.000000000000e+00       3.818557081094e-15      -1.452727815320e-16       1.106178339450e-16 
 1115       1.874345408604e-10       2.602188853329e-12      -1.062057690611e-11       0.000000000000e+00       3.805144792402e-15      -1.453972296935e-16       1.085695375286e-16 
 1116       1.876995689097e-10       2.567536385554e-12      -1.050136108776e-11       0.000000000000e+00       3.791790741794e-15      -1.454780483795e-16       1.065240381185e-16 
 1117       1.879534303528e-10       2.533489015774e-12      -1.037994086138e-11       0.000000000000e+00       3.778494595483e-15      -1.455210786652e-16       1.044820816376e-16 
 1118       1.881958988067e-10       2.500060671888e-12      -1.025637827219e-11       0.000000000000e+00       3.765256014389e-15      -1.455322047170e-16       1.024444191202e-16 
 1119       1.884267465942e-10       2.467265361425e-12      -1.013073586395e-11       0.000000000000e+00       3.752074654121e-15      -1.455173538899e-16       1.004118067234e-16 
 1120       1.886457447413e-10       2.435117171708e-12      -1.000307668001e-11       0.000000000000e+00       3.738950164965e-15      -1.454824968250e-16       9.838500573815e-17 
 1121       1.888526629742e-10       2.403630270015e-12      -9.873464264535e-12       0.000000000000e+00       3.725882191869e-15      -1.454336475464e-16       9.636478260060e-17 
 1122       1.890472697172e-10       2.372818903743e-12      -9.741962663636e-12       0.000000000000e+00       3.712870374427e-15      -1.453768635588e-16       9.435190890311e-17 
 1123       1.892293320897e-10       2.342697400565e-12      -9.608636426504e-12       0.000000000000e+00       3.699914346867e-15      -1.453182459447e-16       9.234716140560e-17 
 1124       1.893986159035e-10       2.313280168600e-12      -9.473550606576e-12       0.000000000000e+00       3.687013738034e-15      -1.452639394618e-16       9.035132204668e-17 
 1125       1.895548856604e-10       2.284581696568e-12      -9.336770762682e-12       0.000000000000e+00       3.674168171377e-15      -1.452201326400e-16       8.836517795489e-17 
 1126       1.896979045493e-10       2.256616553954e-12      -9.198362960196e-12       0.000000000000e+00       3.661377264934e-15      -1.451930578789e-16       8.638952145986e-17 
 1127       1.898274344439e-10       2.229399391171e-12      -9.058393772188e-12       0.000000000000e+00       3.648640631317e-15      -1.451889915452e-16       8.442515010355e-17 
 1128       1.899432358995e-10       2.202944939722e-12      -8.916930280570e-12       0.000000000000e+00       3.635957877699e-15      -1.452142540698e-16       8.247286665142e-17 
 1129       1.900451127989e-10       2.177265722281e-12      -8.774039092065e-12       0.000000000000e+00       3.623328645419e-15      -1.452733623437e-16       8.053331339899e-17 
 1130       1.901330469263e-10       2.152365150166e-12      -8.629783369826e-12       0.000000000000e+00       3.610752729395e-15      -1.453634605260e-16       7.860647272076e-17 
 1131       1.902070651296e-10       2.128244336842e-12      -8.484225765681e-12       0.000000000000e+00       3.598229960230e-15      -1.454798173425e-16       7.669216007873e-17 
 1132       1.902671948323e-10       2.104904379848e-12      -8.337429402887e-12       0.000000000000e+00       3.585760164716e-15      -1.456176671735e-16       7.479018913640e-17 
 1133       1.903134640350e-10       2.082346360738e-12      -8.189457877195e-12       0.000000000000e+00       3.573343165827e-15      -1.457722099767e-16       7.290037175433e-17 
 1134       1.903459013164e-10       2.060571345035e-12      -8.040375257903e-12       0.000000000000e+00       3.560978782709e-15      -1.459386112110e-16       7.102251798580e-17 
 1135       1.903645358358e-10       2.039580382171e-12      -7.890246088918e-12       0.000000000000e+00       3.548666830665e-15      -1.461120017600e-16       6.915643607241e-17 
 1136       1.903693973338e-10       2.019374505437e-12      -7.739135389811e-12       0.000000000000e+00       3.536407121146e-15      -1.462874778555e-16       6.730193243966e-17 
 1137       1.903605161341e-10       1.999954731929e-12      -7.587108656875e-12       0.000000000000e+00       3.524199461743e-15      -1.464601010008e-16       6.545881169263e-17 
 1138       1.903379231453e-10       1.981322062495e-12      -7.434231864188e-12       0.000000000000e+00       3.512043656171e-15      -1.466248978943e-16       6.362687661154e-17 
 1139       1.903016498624e-10       1.963477481679e-12      -7.280571464663e-12       0.000000000000e+00       3.499939504264e-15      -1.467768603533e-16       6.180592814739e-17 
 1140       1.902517283677e-10       1.946421957670e-12      -7.126194391113e-12       0.000000000000e+00       3.487886801958e-15      -1.469109452370e-16       5.999576541755e-17 
 1141       1.901881913335e-10       1.930156442250e-12      -6.971168057307e-12       0.000000000000e+00       3.475885341286e-15      -1.470220743702e-16       5.819618570139e-17 
 1142       1.901110720226e-10       1.914681870737e-12      -6.815560359025e-12       0.000000000000e+00       3.463934910363e-15      -1.471051344669e-16       5.640698443592e-17 
 1143       1.900204042903e-10       1.899999161932e-12      -6.659439675122e-12       0.000000000000e+00       3.452035293378e-15      -1.471549770538e-16       5.462795521134e-17 
 1144       1.899162225861e-10       1.886109218070e-12      -6.502874868581e-12       0.000000000000e+00       3.440186270582e-15      -1.471664183935e-16       5.285888976672e-17 
 1145       1.897985619550e-10       1.873012924761e-12      -6.345935287572e-12       0.000000000000e+00       3.428387618275e-15      -1.471342394083e-16       5.109957798557e-17 
 1146       1.896674580388e-10       1.860711150939e-12      -6.188690766512e-12       0.000000000000e+00       3.416639108802e-15      -1.470531856038e-16       4.934980789147e-17 
 1147       1.895229470785e-10       1.849204748809e-12      -6.031211627122e-12       0.000000000000e+00       3.404940510532e-15      -1.469179669917e-16       4.760936564367e-17 
 1148       1.893650659148e-10       1.838494553793e-12      -5.873568679486e-12       0.000000000000e+00       3.393291587857e-15      -1.467232580144e-16       4.587803553274e-17 
 1149       1.891938519906e-10       1.828581384478e-12      -5.715833223106e-12       0.000000000000e+00       3.381692101176e-15      -1.464636974674e-16       4.415559997615e-17 
 1150       1.890093433517e-10       1.819466042559e-12      -5.558077047963e-12       0.000000000000e+00       3.370141806884e-15      -1.461338884234e-16       4.244183951388e-17 
 1151       1.888115786490e-10       1.811149312789e-12      -5.400372435575e-12       0.000000000000e+00       3.358640457364e-15      -1.457283981559e-16       4.073653280407e-17 
 1152       1.886005971397e-10       1.803631962924e-12      -5.242792160055e-12       0.000000000000e+00       3.347187800973e-15      -1.452417580622e-16       3.903945661858e-17 
 1153       1.883764386891e-10       1.796914743670e-12      -5.085409489167e-12       0.000000000000e+00       3.335783582035e-15      -1.446684635873e-16       3.735038583868e-17 
 1154       1.881391437718e-10       1.790998388631e-12      -4.928298185385e-12       0.000000000000e+00       3.324427540826e-15      -1.440029741472e-16       3.566909345057e-17 
 1155       1.878887534736e-10       1.785883614251e-12      -4.771532506953e-12       0.000000000000e+00       3.313119413566e-15      -1.432397130524e-16       3.399535054108e-17 
 1156       1.876253094928e-10       1.781571119766e-12      -4.615187208942e-12       0.000000000000e+00       3.301858932408e-15      -1.423730674317e-16       3.232892629322e-17 
 1157       1.873488541419e-10       1.778061587149e-12      -4.459337544307e-12       0.000000000000e+00       3.290645825425e-15      -1.413973881553e-16       3.066958798184e-17 
 1158       1.870594303491e-10       1.775355681052e-12      -4.304059264946e-12       0.000000000000e+00       3.279479816604e-15      -1.403069897582e-16       2.901710096922e-17 
 1159       1.867570816598e-10       1.773454048762e-12      -4.149428622756e-12       0.000000000000e+00       3.268360625827e-15      -1.390961503644e-16       2.737122870067e-17 
 1160       1.864418522382e-10       1.772357320137e-12      -3.995522370697e-12       0.000000000000e+00       3.257287968871e-15      -1.377591116096e-16       2.573173270018e-17 
 1161       1.861137868689e-10       1.772066107559e-12      -3.842417763844e-12       0.000000000000e+00       3.246261557387e-15      -1.362900785651e-16       2.409837256601e-17 
 1162       1.857729309584e-10       1.772581005882e-12      -3.690192560445e-12       0.000000000000e+00       3.235281098896e-15      -1.346832196613e-16       2.247090596632e-17 
 1163       1.854193305365e-10       1.773902592371e-12      -3.538925022985e-12       0.000000000000e+00       3.224346296775e-15      -1.329326666111e-16       2.084908863476e-17 
 1164       1.850530322581e-10       1.776031426657e-12      -3.388693919237e-12       0.000000000000e+00       3.213456850246e-15      -1.310325143333e-16       1.923267436609e-17 
 1165       1.846740834048e-10       1.778968050678e-12      -3.239578523327e-12       0.000000000000e+00       3.202612454369e-15      -1.289768208764e-16       1.762141501181e-17 
 1166       1.842825318858e-10       1.782712988628e-12      -3.091658616785e-12       0.000000000000e+00       3.191812800026e-15      -1.267596073417e-16       1.601506047578e-17 
 1167       1.838784262405e-10       1.787266746903e-12      -2.945014489609e-12       0.000000000000e+00       3.181057573914e-15      -1.243748578072e-16       1.441335870980e-17 
 1168       1.834618396575e-10       1.792628171133e-12      -2.799719706161e-12       0.000000000000e+00       3.170346489315e-15      -1.218184556299e-16       1.281612206499e-17 
 1169       1.830329423603e-10       1.798789494878e-12      -2.655819301649e-12       0.000000000000e+00       3.159679378864e-15      -1.190940190324e-16       1.122342726369e-17 
 1170       1.825919301310e-10       1.805741228870e-12      -2.513351314920e-12       0.000000000000e+00       3.149056102922e-15      -1.162071383858e-16       9.635417921082e-18 
 1171       1.821390003775e-10       1.813473798111e-12      -2.372353999291e-12       0.000000000000e+00       3.138476518886e-15      -1.131634465471e-16       8.052238417909e-18 
 1172       1.816743521370e-10       1.821977541671e-12      -2.232865822977e-12       0.000000000000e+00       3.127940481189e-15      -1.099686189532e-16       6.474033901872e-18 
 1173       1.811981860801e-10       1.831242712498e-12      -2.094925469508e-12       0.000000000000e+00       3.117447841284e-15      -1.066283737140e-16       4.900950289091e-18 
 1174       1.807107045140e-10       1.841259477213e-12      -1.958571838153e-12       0.000000000000e+00       3.106998447640e-15      -1.031484717064e-16       3.333134265553e-18 
 1175       1.802121113866e-10       1.852017915915e-12      -1.823844044342e-12       0.000000000000e+00       3.096592145733e-15      -9.953471666825e-17       1.770733288552e-18 
 1176       1.797026122898e-10       1.863508021983e-12      -1.690781420090e-12       0.000000000000e+00       3.086228778037e-15      -9.579295529153e-17       2.138955881379e-19 
 1177       1.791824144633e-10       1.875719701879e-12      -1.559423514415e-12       0.000000000000e+00       3.075908184018e-15      -9.192907731629e-17      -1.337229831437e-18 
 1178       1.786517267983e-10       1.888642774948e-12      -1.429810093766e-12       0.000000000000e+00       3.065630200125e-15      -8.794901562432e-17      -2.882493190277e-18 
 1179       1.781107598410e-10       1.902266973225e-12      -1.301981142439e-12       0.000000000000e+00       3.055394659779e-15      -8.385874633276e-17      -4.421743931391e-18 
 1180       1.775597257967e-10       1.916581941229e-12      -1.175976863004e-12       0.000000000000e+00       3.045201393371e-15      -7.966428888782e-17      -5.954830719252e-18 
 1181       1.769988385328e-10       1.931577235773e-12      -1.051837676725e-12       0.000000000000e+00       3.035050228247e-15      -7.537170615847e-17      -7.481601438350e-18 
 1182       1.764283135830e-10       1.947242325763e-12      -9.296042239817e-13       0.000000000000e+00       3.024940988706e-15      -7.098710453006e-17      -9.001903191746e-18 
 1183       1.758483681505e-10       1.963566592000e-12      -8.093173646947e-13       0.000000000000e+00       3.014873495988e-15      -6.651663399807e-17      -1.051558229962e-17 
 1184       1.752592211123e-10       1.980539326981e-12      -6.910181787440e-13       0.000000000000e+00       3.004847568267e-15      -6.196648826172e-17      -1.202248429785e-17 
 1185       1.746610930222e-10       1.998149734705e-12      -5.747479663932e-13       0.000000000000e+00       2.994863020644e-15      -5.734290481770e-17      -1.352245393653e-17 
 1186       1.740542061147e-10       2.016386930472e-12      -4.605482487114e-13       0.000000000000e+00       2.984919665136e-15      -5.265216505383e-17      -1.501533517854e-17 
 1187       1.734387843089e-10       2.035239940685e-12      -3.484607679953e-13       0.000000000000e+00       2.975017310671e-15      -4.790059434272e-17      -1.650097119812e-17 
 1188       1.728150532119e-10       2.054697702655e-12      -2.385274881914e-13       0.000000000000e+00       2.965155763080e-15      -4.309456213546e-17      -1.797920437940e-17 
 1189       1.721832401225e-10       2.074749064401e-12      -1.307905953182e-13       0.000000000000e+00       2.955334825085e-15      -3.824048205532e-17      -1.944987631495e-17 
 1190       1.715435740347e-10       2.095382784451e-12      -2.529249788863e-14       0.000000000000e+00       2.945554296296e-15      -3.334481199140e-17      -2.091282780437e-17 
 1191       1.708962856418e-10       2.116587531648e-12       7.792417266813e-14       0.000000000000e+00       2.935813973199e-15      -2.841405419230e-17      -2.236789885280e-17 
 1192       1.702416073397e-10       2.138351884949e-12       1.788165615842e-13       0.000000000000e+00       2.926113649149e-15      -2.345475535983e-17      -2.381492866950e-17 
 1193       1.695797732306e-10       2.160664333228e-12       2.773415903309e-13       0.000000000000e+00       2.916453114364e-15      -1.847350674266e-17      -2.525375566640e-17 
 1194       1.689110191268e-10       2.183513275078e-12       3.734559561965e-13       0.000000000000e+00       2.906832155914e-15      -1.347694423003e-17      -2.668421745666e-17 
 1195       1.682355825542e-10       2.206887018616e-12       4.671161318639e-13       0.000000000000e+00       2.897250557715e-15      -8.471748445387e-18      -2.810615085321e-17 
 1196       1.675537027560e-10       2.230773781279e-12       5.582783649887e-13       0.000000000000e+00       2.887708100517e-15      -3.464644840078e-18      -2.951939186731e-17 
 1197       1.668656206966e-10       2.255161689632e-12       6.468986777769e-13       0.000000000000e+00       2.878204561903e-15       1.537596212958e-18      -3.092377570712e-17 
 1198       1.661715790647e-10       2.280038779169e-12       7.329328665625e-13       0.000000000000e+00       2.868739716274e-15       6.528159325523e-18      -3.231913677623e-17 
 1199       1.654718222778e-10       2.305392994112e-12       8.163365013856e-13       0.000000000000e+00       2.859313334845e-15       1.150018400049e-17      -3.370530867222e-17 
 1200       1.647665964849e-10       2.331212187217e-12       8.970649255699e-13       0.000000000000e+00       2.849925185636e-15       1.644676453810e-17      -3.508212418523e-17 
 1201       1.640561495709e-10       2.357484119575e-12       9.750732553007e-13       0.000000000000e+00       2.840575033461e-15       2.136094994232e-17      -3.644941529652e-17 
 1202       1.633407311599e-10       2.384196460412e-12       1.050316379203e-12       0.000000000000e+00       2.831262639925e-15       2.623574382715e-17      -3.780701317696e-17 
 1203       1.626205926190e-10       2.411336786894e-12       1.122748957918e-12       0.000000000000e+00       2.821987763414e-15       3.106410432292e-17      -3.915474818569e-17 
 1204       1.618959870619e-10       2.438892583929e-12       1.192325423683e-12       0.000000000000e+00       2.812750159082e-15       3.583894398265e-17      -4.049244986857e-17 
 1205       1.611671693525e-10       2.466851243967e-12       1.258999979907e-12       0.000000000000e+00       2.803549578852e-15       4.055312968836e-17      -4.181994695682e-17 
 1206       1.604343961088e-10       2.495200066806e-12       1.322726600750e-12       0.000000000000e+00       2.794385771399e-15       4.519948255738e-17      -4.313706736550e-17 
 1207       1.596979196155e-10       2.523926137145e-12       1.383467690332e-12       0.000000000000e+00       2.785258506264e-15       4.977248849248e-17      -4.444363591591e-17 
 1208       1.589579694753e-10       2.553015956047e-12       1.441220175993e-12       0.000000000000e+00       2.776167646497e-15       5.427345269587e-17      -4.573946747518e-17 
 1209       1.582147707428e-10       2.582455804623e-12       1.495989730188e-12       0.000000000000e+00       2.767113076876e-15       5.870540739102e-17      -4.702437373071e-17 
 1210       1.574685499981e-10       2.612231865660e-12       1.547782139807e-12       0.000000000000e+00       2.758094679865e-15       6.307140688805e-17      -4.829816545722e-17 
 1211       1.567195353504e-10       2.642330223421e-12       1.596603306466e-12       0.000000000000e+00       2.749112335605e-15       6.737452763080e-17      -4.956065251507e-17 
 1212       1.559679564406e-10       2.672736863427e-12       1.642459246799e-12       0.000000000000e+00       2.740165921911e-15       7.161786824398e-17      -5.081164384870e-17 
 1213       1.552140444449e-10       2.703437672259e-12       1.685356092748e-12       0.000000000000e+00       2.731255314268e-15       7.580454958025e-17      -5.205094748495e-17 
 1214       1.544580320778e-10       2.734418437341e-12       1.725300091850e-12       0.000000000000e+00       2.722380385816e-15       7.993771476732e-17      -5.327837053142e-17 
 1215       1.537001535951e-10       2.765664846739e-12       1.762297607533e-12       0.000000000000e+00       2.713541007356e-15       8.402052925512e-17      -5.449371917489e-17 
 1216       1.529406447974e-10       2.797162488952e-12       1.796355119404e-12       0.000000000000e+00       2.704737047334e-15       8.805618086285e-17      -5.569679867963e-17 
 1217       1.521797430328e-10       2.828896852698e-12       1.827479223537e-12       0.000000000000e+00       2.695968371839e-15       9.204787982612e-17      -5.688741338578e-17 
 1218       1.514176872007e-10       2.860853326716e-12       1.855676632769e-12       0.000000000000e+00       2.687234844598e-15       9.599885884405e-17      -5.806536670774e-17 
 1219       1.506547177541e-10       2.893017199550e-12       1.880954176983e-12       0.000000000000e+00       2.678536326967e-15       9.991237312639e-17      -5.923046113254e-17 
 1220       1.498910767038e-10       2.925373659345e-12       1.903318803408e-12       0.000000000000e+00       2.669872677928e-15       1.037917004406e-16      -6.038249821815e-17 
 1221       1.491270076205e-10       2.957907793639e-12       1.922777576901e-12       0.000000000000e+00       2.661243754078e-15       1.076401411591e-16      -6.152127859193e-17 
 1222       1.483627556387e-10       2.990604589152e-12       1.939337680242e-12       0.000000000000e+00       2.652649409631e-15       1.114610183060e-16      -6.264660194893e-17 
 1223       1.475985674596e-10       3.023448931582e-12       1.953006414422e-12       0.000000000000e+00       2.644089496401e-15       1.152576776048e-16      -6.375826705027e-17 
 1224       1.468346913542e-10       3.056425605397e-12       1.963791198937e-12       0.000000000000e+00       2.635563863807e-15       1.190334875249e-16      -6.485607172155e-17 
 1225       1.460713771666e-10       3.089519293624e-12       1.971699572076e-12       0.000000000000e+00       2.627072358860e-15       1.227918393293e-16      -6.593981285117e-17 
 1226       1.453088763172e-10       3.122714577642e-12       1.976739191210e-12       0.000000000000e+00       2.618614826157e-15       1.265361471210e-16      -6.700928638871e-17 
 1227       1.445474418055e-10       3.155995936978e-12       1.978917833085e-12       0.000000000000e+00       2.610191107879e-15       1.302698478909e-16      -6.806428734330e-17 
 1228       1.437873282136e-10       3.189347749093e-12       1.978243394114e-12       0.000000000000e+00       2.601801043781e-15       1.339964015643e-16      -6.910460978199e-17 
 1229       1.430287917093e-10       3.222754289179e-12       1.974723890662e-12       0.000000000000e+00       2.593444471187e-15       1.377192910482e-16      -7.013004682812e-17 
 1230       1.422720900494e-10       3.256199729949e-12       1.968367459343e-12       0.000000000000e+00       2.585121224987e-15       1.414420222786e-16      -7.114039065966e-17 
 1231       1.415174825822e-10       3.289668141429e-12       1.959182357305e-12       0.000000000000e+00       2.576831137623e-15       1.451681242673e-16      -7.213543250763e-17 
 1232       1.407652302517e-10       3.323143490751e-12       1.947176962523e-12       0.000000000000e+00       2.568574039094e-15       1.489011491493e-16      -7.311496265440e-17 
 1233       1.400155955999e-10       3.356609641946e-12       1.932359774092e-12       0.000000000000e+00       2.560349756939e-15       1.526446722297e-16      -7.407877043211e-17 
 1234       1.392688427703e-10       3.390050355731e-12       1.914739412512e-12       0.000000000000e+00       2.552158116238e-15       1.564022920308e-16      -7.502664422103e-17 
 1235       1.385252375109e-10       3.423449289310e-12       1.894324619982e-12       0.000000000000e+00       2.543998939603e-15       1.601776303395e-16      -7.595837144790e-17 
 1236       1.377850471777e-10       3.456789996158e-12       1.871124260690e-12       0.000000000000e+00       2.535872047174e-15       1.639743322540e-16      -7.687373858431e-17 
 1237       1.370485407375e-10       3.490055925816e-12       1.845147321103e-12       0.000000000000e+00       2.527777256610e-15       1.677960662313e-16      -7.777253114507e-17 
 1238       1.363159887713e-10       3.523230423684e-12       1.816402910259e-12       0.000000000000e+00       2.519714383083e-15       1.716465241339e-16      -7.865453368660e-17 
 1239       1.355876634772e-10       3.556296730814e-12       1.784900260055e-12       0.000000000000e+00       2.511683239277e-15       1.755294212774e-16      -7.951952980526e-17 
 1240       1.348638386739e-10       3.589237983699e-12       1.750648725540e-12       0.000000000000e+00       2.503683635376e-15       1.794484964772e-16      -8.036730213571e-17 
 1241       1.341447898034e-10       3.622037214066e-12       1.713657785202e-12       0.000000000000e+00       2.495715379058e-15       1.834075120957e-16      -8.119763234933e-17 
 1242       1.334307939346e-10       3.654677348671e-12       1.673937041264e-12       0.000000000000e+00       2.487778275495e-15       1.874102540895e-16      -8.201030115253e-17 
 1243       1.327221297663e-10       3.687141209087e-12       1.631496219970e-12       0.000000000000e+00       2.479872127339e-15       1.914605320567e-16      -8.280508828518e-17 
 1244       1.320190776304e-10       3.719411511498e-12       1.586345171875e-12       0.000000000000e+00       2.471996734723e-15       1.955621792835e-16      -8.358177251889e-17 
 1245       1.313219194948e-10       3.751470866494e-12       1.538493872141e-12       0.000000000000e+00       2.464151895248e-15       1.997190527918e-16      -8.434013165546e-17 
 1246       1.306309112172e-10       3.783303104713e-12       1.487957536806e-12       0.000000000000e+00       2.456337422995e-15       2.039338473416e-16      -8.508001433100e-17 
 1247       1.299461989426e-10       3.814897271228e-12       1.434772036740e-12       0.000000000000e+00       2.448553205788e-15       2.082045221156e-16      -8.580155635377e-17 
 1248       1.292679017309e-10       3.846243677613e-12       1.378978665109e-12       0.000000000000e+00       2.440799148588e-15       2.125278322048e-16      -8.650496690125e-17 
 1249       1.285961392190e-10       3.877332580235e-12       1.320619038483e-12       0.000000000000e+00       2.433075154536e-15       2.169005108058e-16      -8.719045694850e-17 
 1250       1.279310316217e-10       3.908154180145e-12       1.259735097524e-12       0.000000000000e+00       2.425381124952e-15       2.213192691758e-16      -8.785823927210e-17 
 1251       1.272726997323e-10       3.938698622975e-12       1.196369107663e-12       0.000000000000e+00       2.417716959328e-15       2.257807965888e-16      -8.850852845401e-17 
 1252       1.266212649245e-10       3.968955998831e-12       1.130563659795e-12       0.000000000000e+00       2.410082555321e-15       2.302817602904e-16      -8.914154088553e-17 
 1253       1.259768491524e-10       3.998916342191e-12       1.062361670958e-12       0.000000000000e+00       2.402477808755e-15       2.348188054538e-16      -8.975749477117e-17 
 1254       1.253395749523e-10       4.028569631795e-12       9.918063850229e-13       0.000000000000e+00       2.394902613609e-15       2.393885551352e-16      -9.035661013262e-17 
 1255       1.247095654433e-10       4.057905790541e-12       9.189413733762e-13       0.000000000000e+00       2.387356862018e-15       2.439876102290e-16      -9.093910881261e-17 
 1256       1.240869443284e-10       4.086914685381e-12       8.438105356069e-13       0.000000000000e+00       2.379840444264e-15       2.486125494238e-16      -9.150521447883e-17 
 1257       1.234718358957e-10       4.115586127215e-12       7.664581001924e-13       0.000000000000e+00       2.372353248774e-15       2.532599291577e-16      -9.205515262789e-17 
 1258       1.228643650191e-10       4.143909870783e-12       6.869286251831e-13       0.000000000000e+00       2.364895162117e-15       2.579262835735e-16      -9.258915058917e-17 
 1259       1.222646571596e-10       4.171875614565e-12       6.052669988890e-13       0.000000000000e+00       2.357466068994e-15       2.626081244748e-16      -9.310743752876e-17 
 1260       1.216728383661e-10       4.199473000669e-12       5.215184405647e-13       0.000000000000e+00       2.350065852238e-15       2.673019412811e-16      -9.361024445339e-17 
 1261       1.210890352766e-10       4.226691614729e-12       4.357285010953e-13       0.000000000000e+00       2.342694392808e-15       2.720042009833e-16      -9.409780421431e-17 
 1262       1.205133751190e-10       4.253520985801e-12       3.479430636819e-13       0.000000000000e+00       2.335351569783e-15       2.767113480995e-16      -9.457035151122e-17 
 1263       1.199459857123e-10       4.279950586254e-12       2.582083445272e-13       0.000000000000e+00       2.328037260361e-15       2.814198046303e-16      -9.502812289620e-17 
 1264       1.193869954677e-10       4.305969831666e-12       1.665708935213e-13       0.000000000000e+00       2.320751339849e-15       2.861259700142e-16      -9.547135677759e-17 
 1265       1.188365333892e-10       4.331568080721e-12       7.307759492706e-14       0.000000000000e+00       2.313493681663e-15       2.908262210834e-16      -9.590029342390e-17 
 1266       1.182947290752e-10       4.356734635098e-12      -2.222433193416e-14       0.000000000000e+00       2.306264157321e-15       2.955169120192e-16      -9.631517496777e-17 
 1267       1.177617127188e-10       4.381458739372e-12      -1.192873319969e-13       0.000000000000e+00       2.299062636440e-15       3.001943743073e-16      -9.671624540984e-17 
 1268       1.172376151096e-10       4.405729580902e-12      -2.180635137658e-13       0.000000000000e+00       2.291888986729e-15       3.048549166936e-16      -9.710375062266e-17 
 1269       1.167225676342e-10       4.429536289731e-12      -3.185046486306e-13       0.000000000000e+00       2.284743073987e-15       3.094948251397e-16      -9.747793835465e-17 
 1270       1.162167022772e-10       4.452867938478e-12      -4.205621701795e-13       0.000000000000e+00       2.277624762095e-15       3.141103627781e-16      -9.783905823395e-17 
 1271       1.157201516227e-10       4.475713542232e-12      -5.241871735146e-13       0.000000000000e+00       2.270533913017e-15       3.186977698680e-16      -9.818736177238e-17 
 1272       1.152330488545e-10       4.498062058449e-12      -6.293304145656e-13       0.000000000000e+00       2.263470386788e-15       3.232532637508e-16      -9.852310236933e-17 
 1273       1.147555277580e-10       4.519902386842e-12      -7.359423094045e-13       0.000000000000e+00       2.256434041516e-15       3.277730388055e-16      -9.884653531567e-17 
 1274       1.142877227207e-10       4.541223369282e-12      -8.439729335597e-13       0.000000000000e+00       2.249424733372e-15       3.322532664041e-16      -9.915791779770e-17 
 1275       1.138297687332e-10       4.562013789686e-12      -9.533720213309e-13       0.000000000000e+00       2.242442316591e-15       3.366900948675e-16      -9.945750890100e-17 
 1276       1.133818013905e-10       4.582262373917e-12      -1.064088965103e-12       0.000000000000e+00       2.235486643460e-15       3.410796494206e-16      -9.974556961440e-17 
 1277       1.129439568928e-10       4.601957789672e-12      -1.176072814660e-12       0.000000000000e+00       2.228557564322e-15       3.454180321481e-16      -1.000223628339e-16 
 1278       1.125163720465e-10       4.621088646386e-12      -1.289272276501e-12       0.000000000000e+00       2.221654927565e-15       3.497013219497e-16      -1.002881533664e-16 
 1279       1.120991842654e-10       4.639643495116e-12      -1.403635713154e-12       0.000000000000e+00       2.214778579618e-15       3.539255744960e-16      -1.005432079340e-16 
 1280       1.116925315715e-10       4.657610828443e-12      -1.519111142488e-12       0.000000000000e+00       2.207928364949e-15       3.580868221837e-16      -1.007877951775e-16 
 1281       1.112965525962e-10       4.674979080364e-12      -1.635646237031e-12       0.000000000000e+00       2.201104126061e-15       3.621810740912e-16      -1.010221856605e-16 
 1282       1.109113865811e-10       4.691736626186e-12      -1.753188323282e-12       0.000000000000e+00       2.194305703481e-15       3.662043159343e-16      -1.012466518735e-16 
 1283       1.105371733794e-10       4.707871782421e-12      -1.871684381026e-12       0.000000000000e+00       2.187532935763e-15       3.701525100213e-16      -1.014614682373e-16 
 1284       1.101740534563e-10       4.723372806682e-12      -1.991081042648e-12       0.000000000000e+00       2.180785659480e-15       3.740215952089e-16      -1.016669111076e-16 
 1285       1.098221374502e-10       4.738229791004e-12      -2.111325461576e-12       0.000000000000e+00       2.174063724277e-15       3.778085691069e-16      -1.018632051068e-16 
 1286       1.094814144728e-10       4.752440365612e-12      -2.232367929789e-12       0.000000000000e+00       2.167367038235e-15       3.815147482582e-16      -1.020503614469e-16 
 1287       1.091518427674e-10       4.766004059835e-12      -2.354159288727e-12       0.000000000000e+00       2.160695523016e-15       3.851425449626e-16      -1.022283377751e-16 
 1288       1.088333800534e-10       4.778920414604e-12      -2.476650062240e-12       0.000000000000e+00       2.154049098847e-15       3.886943884267e-16      -1.023970916785e-16 
 1289       1.085259835255e-10       4.791188982477e-12      -2.599790455967e-12       0.000000000000e+00       2.147427684516e-15       3.921727247981e-16      -1.025565806841e-16 
 1290       1.082296098521e-10       4.802809327675e-12      -2.723530356716e-12       0.000000000000e+00       2.140831197366e-15       3.955800171991e-16      -1.027067622589e-16 
 1291       1.079442151744e-10       4.813781026112e-12      -2.847819331837e-12       0.000000000000e+00       2.134259553297e-15       3.989187457614e-16      -1.028475938098e-16 
 1292       1.076697551049e-10       4.824103665427e-12      -2.972606628603e-12       0.000000000000e+00       2.127712666759e-15       4.021914076596e-16      -1.029790326836e-16 
 1293       1.074061847266e-10       4.833776845018e-12      -3.097841173584e-12       0.000000000000e+00       2.121190450747e-15       4.054005171456e-16      -1.031010361670e-16 
 1294       1.071534585912e-10       4.842800176072e-12      -3.223471572030e-12       0.000000000000e+00       2.114692816801e-15       4.085486055828e-16      -1.032135614869e-16 
 1295       1.069115307188e-10       4.851173281598e-12      -3.349446107244e-12       0.000000000000e+00       2.108219675001e-15       4.116382214798e-16      -1.033165658099e-16 
 1296       1.066803545958e-10       4.858895796457e-12      -3.475712739958e-12       0.000000000000e+00       2.101770933962e-15       4.146719305249e-16      -1.034100062429e-16 
 1297       1.064598831742e-10       4.865967367399e-12      -3.602219107718e-12       0.000000000000e+00       2.095346500831e-15       4.176523156201e-16      -1.034938398325e-16 
 1298       1.062500688704e-10       4.872387653088e-12      -3.728912524252e-12       0.000000000000e+00       2.088946281287e-15       4.205819769151e-16      -1.035680235656e-16 
 1299       1.060508635638e-10       4.878156324140e-12      -3.855739978856e-12       0.000000000000e+00       2.082570179532e-15       4.234635318414e-16      -1.036325143691e-16 
 1300       1.058622185956e-10       4.883273063154e-12      -3.982648135766e-12       0.000000000000e+00       2.076218098291e-15       4.262996151465e-16      -1.036872691099e-16 
 1301       1.056840847681e-10       4.887737564739e-12      -4.109583333537e-12       0.000000000000e+00       2.069889938808e-15       4.290928789281e-16      -1.037322445950e-16 
 1302       1.055164123426e-10       4.891549535553e-12      -4.236491584421e-12       0.000000000000e+00       2.063585600841e-15       4.318459926676e-16      -1.037673975714e-16 
 1303       1.053591510392e-10       4.894708694331e-12      -4.363318573745e-12       0.000000000000e+00       2.057304982659e-15       4.345616432653e-16      -1.037926847265e-16 
 1304       1.052122500348e-10       4.897214771916e-12      -4.490009659286e-12       0.000000000000e+00       2.051047981040e-15       4.372425350732e-16      -1.038080626875e-16 
 1305       1.050756579625e-10       4.899067511296e-12      -4.616509870651e-12       0.000000000000e+00       2.044814491266e-15       4.398913899303e-16      -1.038134880219e-16 
 1306       1.049493229098e-10       4.900266667632e-12      -4.742763908655e-12       0.000000000000e+00       2.038604407120e-15       4.425109471957e-16      -1.038089172375e-16 
 1307       1.048331924181e-10       4.900812008288e-12      -4.868716144696e-12       0.000000000000e+00       2.032417620881e-15       4.451039637835e-16      -1.037943067819e-16 
 1308       1.047272134809e-10       4.900703312869e-12      -4.994310620132e-12       0.000000000000e+00       2.026254023323e-15       4.476732141964e-16      -1.037696130432e-16 
 1309       1.046313325429e-10       4.899940373249e-12      -5.119491045664e-12       0.000000000000e+00       2.020113503709e-15       4.502214905599e-16      -1.037347923496e-16 
 1310       1.045454954989e-10       4.898522993605e-12      -5.244200800707e-12       0.000000000000e+00       2.013995949789e-15       4.527516026565e-16      -1.036898009696e-16 
 1311       1.044696476924e-10       4.896450990446e-12      -5.368382932770e-12       0.000000000000e+00       2.007901247797e-15       4.552663779598e-16      -1.036345951118e-16 
 1312       1.044037339143e-10       4.893724192647e-12      -5.491980156835e-12       0.000000000000e+00       2.001829282445e-15       4.577686616685e-16      -1.035691309251e-16 
 1313       1.043476984021e-10       4.890342441483e-12      -5.614934854733e-12       0.000000000000e+00       1.995779936922e-15       4.602613167405e-16      -1.034933644988e-16 
 1314       1.043014848383e-10       4.886305590658e-12      -5.737189074521e-12       0.000000000000e+00       1.989753092888e-15       4.627472239272e-16      -1.034072518622e-16 
 1315       1.042650363495e-10       4.881613506337e-12      -5.858684529860e-12       0.000000000000e+00       1.983748630472e-15       4.652292818072e-16      -1.033107489851e-16 
 1316       1.042382955051e-10       4.876266067181e-12      -5.979362599395e-12       0.000000000000e+00       1.977766428271e-15       4.677104068209e-16      -1.032038117776e-16 
 1317       1.042212043160e-10       4.870263164374e-12      -6.099164326126e-12       0.000000000000e+00       1.971806363341e-15       4.701935333042e-16      -1.030863960902e-16 
 1318       1.042137042335e-10       4.863604701663e-12      -6.218030416794e-12       0.000000000000e+00       1.965868311196e-15       4.726816135228e-16      -1.029584577134e-16 
 1319       1.042157361482e-10       4.856290595379e-12      -6.335901241251e-12       0.000000000000e+00       1.959952145805e-15       4.751776177062e-16      -1.028199523785e-16 
 1320       1.042272403887e-10       4.848320774481e-12      -6.452716831842e-12       0.000000000000e+00       1.954057739591e-15       4.776845340819e-16      -1.026708357569e-16 
 1321       1.042481567202e-10       4.839695180577e-12      -6.568416882782e-12       0.000000000000e+00       1.948184963419e-15       4.802053689095e-16      -1.025110634605e-16 
 1322       1.042784243437e-10       4.830413767965e-12      -6.682940749531e-12       0.000000000000e+00       1.942333686603e-15       4.827431465146e-16      -1.023405910414e-16 
 1323       1.043179818948e-10       4.820476503659e-12      -6.796227448173e-12       0.000000000000e+00       1.936503776895e-15       4.853009093230e-16      -1.021593739925e-16 
 1324       1.043667517778e-10       4.809884712234e-12      -6.908221263092e-12       0.000000000000e+00       1.930695112458e-15       4.878806881003e-16      -1.019673877245e-16 
 1325       1.044245929835e-10       4.798645126539e-12      -7.018888639009e-12       0.000000000000e+00       1.924907617929e-15       4.904804001559e-16      -1.017646877415e-16 
 1326       1.044913477483e-10       4.786765881779e-12      -7.128201474247e-12       0.000000000000e+00       1.919141228745e-15       4.930969169526e-16      -1.015513501303e-16 
 1327       1.045668571690e-10       4.774255174890e-12      -7.236131529126e-12       0.000000000000e+00       1.913395879205e-15       4.957270907572e-16      -1.013274516441e-16 
 1328       1.046509612002e-10       4.761121264660e-12      -7.342650425717e-12       0.000000000000e+00       1.907671502469e-15       4.983677546043e-16      -1.010930697046e-16 
 1329       1.047434986523e-10       4.747372471856e-12      -7.447729647607e-12       0.000000000000e+00       1.901968030551e-15       5.010157222597e-16      -1.008482824026e-16 
 1330       1.048443071891e-10       4.733017179345e-12      -7.551340539662e-12       0.000000000000e+00       1.896285394317e-15       5.036677881844e-16      -1.005931684997e-16 
 1331       1.049532233257e-10       4.718063832220e-12      -7.653454307781e-12       0.000000000000e+00       1.890623523487e-15       5.063207274982e-16      -1.003278074300e-16 
 1332       1.050700824261e-10       4.702520937924e-12      -7.754042018667e-12       0.000000000000e+00       1.884982346627e-15       5.089712959431e-16      -1.000522793008e-16 
 1333       1.051947187009e-10       4.686397066373e-12      -7.853074599579e-12       0.000000000000e+00       1.879361791146e-15       5.116162298470e-16      -9.976666489459e-17 
 1334       1.053269652051e-10       4.669700850081e-12      -7.950522838099e-12       0.000000000000e+00       1.873761783300e-15       5.142522460878e-16      -9.947104567010e-17 
 1335       1.054666538359e-10       4.652440984282e-12      -8.046357381890e-12       0.000000000000e+00       1.868182248182e-15       5.168760420566e-16      -9.916550376380e-17 
 1336       1.056136153302e-10       4.634626227058e-12      -8.140548738458e-12       0.000000000000e+00       1.862623109721e-15       5.194842956214e-16      -9.885012199128e-17 
 1337       1.057676792627e-10       4.616265399458e-12      -8.233067274916e-12       0.000000000000e+00       1.857084290681e-15       5.220736650909e-16      -9.852498384858e-17 
 1338       1.059286740432e-10       4.597367385626e-12      -8.323883217740e-12       0.000000000000e+00       1.851565712659e-15       5.246407891783e-16      -9.819017351363e-17 
 1339       1.060964269147e-10       4.577941132923e-12      -8.412966652533e-12       0.000000000000e+00       1.846067296080e-15       5.271822869644e-16      -9.784577584760e-17 
 1340       1.062707639510e-10       4.557995652051e-12      -8.500287523786e-12       0.000000000000e+00       1.840588960193e-15       5.296947578620e-16      -9.749187639627e-17 
 1341       1.064515100544e-10       4.537540017180e-12      -8.585815634639e-12       0.000000000000e+00       1.835130623073e-15       5.321747815790e-16      -9.712856139144e-17 
 1342       1.066384889533e-10       4.516583366066e-12      -8.669520646642e-12       0.000000000000e+00       1.829692201614e-15       5.346189180823e-16      -9.675591775232e-17 
 1343       1.068315232004e-10       4.495134900181e-12      -8.751372079516e-12       0.000000000000e+00       1.824273611529e-15       5.370237075613e-16      -9.637403308685e-17 
 1344       1.070304341698e-10       4.473203884834e-12      -8.831339310915e-12       0.000000000000e+00       1.818874767344e-15       5.393856703918e-16      -9.598299569318e-17 
 1345       1.072350420554e-10       4.450799649296e-12      -8.909391576184e-12       0.000000000000e+00       1.813495582399e-15       5.417013070995e-16      -9.558289456094e-17 
 1346       1.074451658679e-10       4.427931586921e-12      -8.985497968127e-12       0.000000000000e+00       1.808135968845e-15       5.439670983235e-16      -9.517381937273e-17 
 1347       1.076606234333e-10       4.404609155277e-12      -9.059627436758e-12       0.000000000000e+00       1.802795837637e-15       5.461795047805e-16      -9.475586050541e-17 
 1348       1.078812313900e-10       4.380841876261e-12      -9.131748789072e-12       0.000000000000e+00       1.797475098535e-15       5.483349672277e-16      -9.432910903155e-17 
 1349       1.081068051868e-10       4.356639336231e-12      -9.201830688801e-12       0.000000000000e+00       1.792173660102e-15       5.504299064271e-16      -9.389365672076e-17 
 1350       1.083371590809e-10       4.332011186125e-12      -9.269841656174e-12       0.000000000000e+00       1.786891429699e-15       5.524607231088e-16      -9.344959604112e-17 
 1351       1.085721061349e-10       4.306967141587e-12      -9.335750067683e-12       0.000000000000e+00       1.781628313482e-15       5.544237979349e-16      -9.299702016052e-17 
 1352       1.088114582154e-10       4.281516983090e-12      -9.399524155839e-12       0.000000000000e+00       1.776384216400e-15       5.563154914628e-16      -9.253602294807e-17 
 1353       1.090550259902e-10       4.255670556063e-12      -9.461132008937e-12       0.000000000000e+00       1.771159042196e-15       5.581321441093e-16      -9.206669897547e-17 
 1354       1.093026189261e-10       4.229437771008e-12      -9.520541570814e-12       0.000000000000e+00       1.765952693396e-15       5.598700761141e-16      -9.158914351839e-17 
 1355       1.095540452866e-10       4.202828603633e-12      -9.577720640612e-12       0.000000000000e+00       1.760765071315e-15       5.615255875030e-16      -9.110345255786e-17 
 1356       1.098091121300e-10       4.175853094971e-12      -9.632636872540e-12       0.000000000000e+00       1.755596076047e-15       5.630949580525e-16      -9.060972278163e-17 
 1357       1.100676253066e-10       4.148521351501e-12      -9.685257775632e-12       0.000000000000e+00       1.750445606470e-15       5.645744472525e-16      -9.010805158560e-17 
 1358       1.103293894568e-10       4.120843545281e-12      -9.735550713512e-12       0.000000000000e+00       1.745313560234e-15       5.659602942706e-16      -8.959853707514e-17 
 1359       1.105942080088e-10       4.092829914062e-12      -9.783482904152e-12       0.000000000000e+00       1.740199833767e-15       5.672487179155e-16      -8.908127806653e-17 
 1360       1.108618831761e-10       4.064490761420e-12      -9.829021419633e-12       0.000000000000e+00       1.735104322267e-15       5.684359166005e-16      -8.855637408828e-17 
 1361       1.111322159554e-10       4.035836456874e-12      -9.872133185910e-12       0.000000000000e+00       1.730026919699e-15       5.695180683077e-16      -8.802392538259e-17 
 1362       1.114050061245e-10       4.006877436015e-12      -9.912784982568e-12       0.000000000000e+00       1.724967518797e-15       5.704913305510e-16      -8.748403290666e-17 
 1363       1.116800579068e-10       3.977624301998e-12      -9.950950084907e-12       0.000000000000e+00       1.719926020606e-15       5.713530675579e-16      -8.693679644972e-17 
 1364       1.119571970371e-10       3.948088130974e-12      -9.986628268625e-12       0.000000000000e+00       1.714902363240e-15       5.721055462909e-16      -8.638230895918e-17 
 1365       1.122362538742e-10       3.918280170180e-12      -1.001982601928e-11       0.000000000000e+00       1.709896493429e-15       5.727522800060e-16      -8.582066215637e-17 
 1366       1.125170577493e-10       3.888211737002e-12      -1.005054990961e-11       0.000000000000e+00       1.704908356993e-15       5.732968046747e-16      -8.525194841663e-17 
 1367       1.127994369634e-10       3.857894219098e-12      -1.007880659976e-11       0.000000000000e+00       1.699937898846e-15       5.737426790274e-16      -8.467626077059e-17 
 1368       1.130832187856e-10       3.827339074534e-12      -1.010460283744e-11       0.000000000000e+00       1.694985062985e-15       5.740934845960e-16      -8.409369290543e-17 
 1369       1.133682294514e-10       3.796557831910e-12      -1.012794545812e-11       0.000000000000e+00       1.690049792499e-15       5.743528257569e-16      -8.350433916611e-17 
 1370       1.136542941604e-10       3.765562090496e-12      -1.014884138524e-11       0.000000000000e+00       1.685132029555e-15       5.745243297739e-16      -8.290829455670e-17 
 1371       1.139412370750e-10       3.734363520358e-12      -1.016729763036e-11       0.000000000000e+00       1.680231715405e-15       5.746116468410e-16      -8.230565474156e-17 
 1372       1.142288813177e-10       3.702973862490e-12      -1.018332129341e-11       0.000000000000e+00       1.675348790380e-15       5.746184501254e-16      -8.169651604664e-17 
 1373       1.145170489701e-10       3.671404928944e-12      -1.019691956283e-11       0.000000000000e+00       1.670483193888e-15       5.745484358099e-16      -8.108097546075e-17 
 1374       1.148055610701e-10       3.639668602964e-12      -1.020809971575e-11       0.000000000000e+00       1.665634864411e-15       5.744053231366e-16      -8.045913063679e-17 
 1375       1.150942376108e-10       3.607776839110e-12      -1.021686911824e-11       0.000000000000e+00       1.660803739508e-15       5.741928544490e-16      -7.983107989304e-17 
 1376       1.153828975380e-10       3.575741663395e-12      -1.022323522546e-11       0.000000000000e+00       1.655989755806e-15       5.739147952352e-16      -7.919692221441e-17 
 1377       1.156713587487e-10       3.543575173412e-12      -1.022720558183e-11       0.000000000000e+00       1.651192849001e-15       5.735749341709e-16      -7.855675725367e-17 
 1378       1.159594380889e-10       3.511289538466e-12      -1.022878782126e-11       0.000000000000e+00       1.646412953858e-15       5.731770831619e-16      -7.791068533276e-17 
 1379       1.162469513519e-10       3.478896999702e-12      -1.022798966734e-11       0.000000000000e+00       1.641650004204e-15       5.727250773873e-16      -7.725880744403e-17 
 1380       1.165337132762e-10       3.446409870240e-12      -1.022481893348e-11       0.000000000000e+00       1.636903932930e-15       5.722227753422e-16      -7.660122525148e-17 
 1381       1.168195375440e-10       3.413840535302e-12      -1.021928352317e-11       0.000000000000e+00       1.632174671989e-15       5.716740588808e-16      -7.593804109206e-17 
 1382       1.171042367788e-10       3.381201452342e-12      -1.021139143010e-11       0.000000000000e+00       1.627462152391e-15       5.710828332588e-16      -7.526935797688e-17 
 1383       1.173876225439e-10       3.348505151181e-12      -1.020115073841e-11       0.000000000000e+00       1.622766304201e-15       5.704530271768e-16      -7.459527959251e-17 
 1384       1.176695053401e-10       3.315764234134e-12      -1.018856962283e-11       0.000000000000e+00       1.618087056541e-15       5.697885928229e-16      -7.391591030225e-17 
 1385       1.179496946043e-10       3.282991376139e-12      -1.017365634892e-11       0.000000000000e+00       1.613424337582e-15       5.690935059154e-16      -7.323135514735e-17 
 1386       1.182279987071e-10       3.250199324892e-12      -1.015641927322e-11       0.000000000000e+00       1.608778074549e-15       5.683717657463e-16      -7.254171984827e-17 
 1387       1.185042249513e-10       3.217400900975e-12      -1.013686684344e-11       0.000000000000e+00       1.604148193710e-15       5.676273952232e-16      -7.184711080598e-17 
 1388       1.187781795697e-10       3.184608997987e-12      -1.011500759869e-11       0.000000000000e+00       1.599534620384e-15       5.668644409132e-16      -7.114763510322e-17 
 1389       1.190496677234e-10       3.151836582673e-12      -1.009085016962e-11       0.000000000000e+00       1.594937278928e-15       5.660869730851e-16      -7.044340050569e-17 
 1390       1.193184934997e-10       3.119096695058e-12      -1.006440327864e-11       0.000000000000e+00       1.590356092746e-15       5.652990857523e-16      -6.973451546340e-17 
 1391       1.195844599105e-10       3.086402448574e-12      -1.003567574010e-11       0.000000000000e+00       1.585790984278e-15       5.645048967161e-16      -6.902108911187e-17 
 1392       1.198473688902e-10       3.053767030194e-12      -1.000467646050e-11       0.000000000000e+00       1.581241875001e-15       5.637085476082e-16      -6.830323127342e-17 
 1393       1.201070212937e-10       3.021203700558e-12      -9.971414438636e-12       0.000000000000e+00       1.576708685431e-15       5.629142039336e-16      -6.758105245842e-17 
 1394       1.203632168946e-10       2.988725794109e-12      -9.935898765834e-12       0.000000000000e+00       1.572191335112e-15       5.621260551136e-16      -6.685466386654e-17 
 1395       1.206157543835e-10       2.956346719217e-12      -9.898138626114e-12       0.000000000000e+00       1.567689742623e-15       5.613483145287e-16      -6.612417738803e-17 
 1396       1.208644313659e-10       2.924079958319e-12      -9.858143296390e-12       0.000000000000e+00       1.563203825570e-15       5.605852195611e-16      -6.538970560497e-17 
 1397       1.211090443600e-10       2.891939068037e-12      -9.815922146658e-12       0.000000000000e+00       1.558733500585e-15       5.598410316382e-16      -6.465136179253e-17 
 1398       1.213493887956e-10       2.859937679321e-12      -9.771484640186e-12       0.000000000000e+00       1.554278683328e-15       5.591200362749e-16      -6.390925992023e-17 
 1399       1.215852590113e-10       2.828089497572e-12      -9.724840333701e-12       0.000000000000e+00       1.549839288477e-15       5.584265431168e-16      -6.316351465321e-17 
 1400       1.218164482534e-10       2.796408302773e-12      -9.675998877584e-12       0.000000000000e+00       1.545415229734e-15       5.577648859828e-16      -6.241424135347e-17 
 1401       1.220427486731e-10       2.764907949623e-12      -9.624970016056e-12       0.000000000000e+00       1.541006419818e-15       5.571394229085e-16      -6.166155608114e-17 
 1402       1.222639721546e-10       2.733601309794e-12      -9.571767473084e-12       0.000000000000e+00       1.536612778101e-15       5.565533203616e-16      -6.090557465672e-17 
 1403       1.224800130364e-10       2.702497086377e-12      -9.516420654063e-12       0.000000000000e+00       1.532234253612e-15       5.560048919306e-16      -6.014640983446e-17 
 1404       1.226907860401e-10       2.671602966470e-12      -9.458963066568e-12       0.000000000000e+00       1.527870802270e-15       5.554912215314e-16      -5.938417410202e-17 
 1405       1.228962054999e-10       2.640926676097e-12      -9.399428446143e-12       0.000000000000e+00       1.523522379263e-15       5.550093757380e-16      -5.861898061796e-17 
 1406       1.230961853623e-10       2.610475980277e-12      -9.337850756724e-12       0.000000000000e+00       1.519188939052e-15       5.545564037511e-16      -5.785094321301e-17 
 1407       1.232906391848e-10       2.580258683089e-12      -9.274264191068e-12       0.000000000000e+00       1.514870435367e-15       5.541293373668e-16      -5.708017639125e-17 
 1408       1.234794801362e-10       2.550282627737e-12      -9.208703171180e-12       0.000000000000e+00       1.510566821203e-15       5.537251909450e-16      -5.630679533131e-17 
 1409       1.236626209952e-10       2.520555696616e-12      -9.141202348740e-12       0.000000000000e+00       1.506278048823e-15       5.533409613786e-16      -5.553091588757e-17 
 1410       1.238399741501e-10       2.491085811382e-12      -9.071796605529e-12       0.000000000000e+00       1.502004069751e-15       5.529736280618e-16      -5.475265459137e-17 
 1411       1.240114515981e-10       2.461880933011e-12      -9.000521053856e-12       0.000000000000e+00       1.497744834775e-15       5.526201528590e-16      -5.397212865221e-17 
 1412       1.241769649448e-10       2.432949061872e-12      -8.927411036986e-12       0.000000000000e+00       1.493500293944e-15       5.522774800735e-16      -5.318945595896e-17 
 1413       1.243364254034e-10       2.404298237788e-12      -8.852502129565e-12       0.000000000000e+00       1.489270396564e-15       5.519425364160e-16      -5.240475508104e-17 
 1414       1.244897437940e-10       2.375936540104e-12      -8.775830138051e-12       0.000000000000e+00       1.485055091199e-15       5.516122309735e-16      -5.161814526966e-17 
 1415       1.246368305434e-10       2.347872087753e-12      -8.697431101136e-12       0.000000000000e+00       1.480854325668e-15       5.512834551780e-16      -5.082974645898e-17 
 1416       1.247775956840e-10       2.320113039324e-12      -8.617341290174e-12       0.000000000000e+00       1.476668047046e-15       5.509530827749e-16      -5.003967926737e-17 
 1417       1.249119488532e-10       2.292667593123e-12      -8.535597209610e-12       0.000000000000e+00       1.472496201659e-15       5.506179697922e-16      -4.924806499854e-17 
 1418       1.250397992932e-10       2.265543987243e-12      -8.452235597408e-12       0.000000000000e+00       1.468338735082e-15       5.502749545087e-16      -4.845502564280e-17 
 1419       1.251610558498e-10       2.238750499629e-12      -8.367293425471e-12       0.000000000000e+00       1.464195592141e-15       5.499208574232e-16      -4.766068387825e-17 
 1420       1.252756269724e-10       2.212295448144e-12      -8.280807900077e-12       0.000000000000e+00       1.460066716909e-15       5.495524812225e-16      -4.686516307196e-17 
 1421       1.253834207126e-10       2.186187190635e-12      -8.192816462299e-12       0.000000000000e+00       1.455952052705e-15       5.491666107510e-16      -4.606858728120e-17 
 1422       1.254843447243e-10       2.160434125000e-12      -8.103356788435e-12       0.000000000000e+00       1.451851542090e-15       5.487600129785e-16      -4.527108125463e-17 
 1423       1.255783062627e-10       2.135044689250e-12      -8.012466790436e-12       0.000000000000e+00       1.447765126869e-15       5.483294369694e-16      -4.447277043352e-17 
 1424       1.256652121837e-10       2.110027361582e-12      -7.920184616329e-12       0.000000000000e+00       1.443692748089e-15       5.478716138516e-16      -4.367378095291e-17 
 1425       1.257449689432e-10       2.085390660437e-12      -7.826548650647e-12       0.000000000000e+00       1.439634346033e-15       5.473832567846e-16      -4.287423964286e-17 
 1426       1.258174825968e-10       2.061143144574e-12      -7.731597514856e-12       0.000000000000e+00       1.435589860224e-15       5.468610609284e-16      -4.207427402965e-17 
 1427       1.258826587987e-10       2.037293413128e-12      -7.635370067779e-12       0.000000000000e+00       1.431559229420e-15       5.463017034127e-16      -4.127401233693e-17 
 1428       1.259404028015e-10       2.013850105684e-12      -7.537905406028e-12       0.000000000000e+00       1.427542391613e-15       5.457018433050e-16      -4.047358348700e-17 
 1429       1.259906194552e-10       1.990821902336e-12      -7.439242864425e-12       0.000000000000e+00       1.423539284028e-15       5.450581215792e-16      -3.967311710193e-17 
 1430       1.260332132070e-10       1.968217523758e-12      -7.339422016434e-12       0.000000000000e+00       1.419549843119e-15       5.443671610851e-16      -3.887274350486e-17 
 1431       1.260680881002e-10       1.946045731267e-12      -7.238482674583e-12       0.000000000000e+00       1.415574004572e-15       5.436255665163e-16      -3.807259372110e-17 
 1432       1.260951477738e-10       1.924315326891e-12      -7.136464890897e-12       0.000000000000e+00       1.411611703299e-15       5.428299243791e-16      -3.727279947940e-17 
 1433       1.261142954620e-10       1.903035153432e-12      -7.033408957318e-12       0.000000000000e+00       1.407662873437e-15       5.419768029616e-16      -3.647349321316e-17 
 1434       1.261254339934e-10       1.882214094538e-12      -6.929355406139e-12       0.000000000000e+00       1.403727448350e-15       5.410627523017e-16      -3.567480806156e-17 
 1435       1.261284657902e-10       1.861861074762e-12      -6.824345010424e-12       0.000000000000e+00       1.399805360623e-15       5.400843041565e-16      -3.487687787085e-17 
 1436       1.261232928680e-10       1.841985059631e-12      -6.718418784441e-12       0.000000000000e+00       1.395896542061e-15       5.390379719705e-16      -3.407983719551e-17 
 1437       1.261098168349e-10       1.822595055715e-12      -6.611617984084e-12       0.000000000000e+00       1.392000923690e-15       5.379202508445e-16      -3.328382129943e-17 
 1438       1.260879388909e-10       1.803700110687e-12      -6.503984107304e-12       0.000000000000e+00       1.388118435753e-15       5.367276175043e-16      -3.248896615716e-17 
 1439       1.260575598271e-10       1.785309313394e-12      -6.395558894533e-12       0.000000000000e+00       1.384249007710e-15       5.354565302694e-16      -3.169540845511e-17 
 1440       1.260185800255e-10       1.767431793922e-12      -6.286384329111e-12       0.000000000000e+00       1.380392568233e-15       5.341034290214e-16      -3.090328559269e-17 
 1441       1.259709219234e-10       1.750075222211e-12      -6.176501987368e-12       0.000000000000e+00       1.376549051340e-15       5.326656942672e-16      -3.011272021774e-17 
 1442       1.259145976593e-10       1.733241287112e-12      -6.065951080780e-12       0.000000000000e+00       1.372718414850e-15       5.311445350379e-16      -2.932377365834e-17 
 1443       1.258496421121e-10       1.716930171579e-12      -5.954770394793e-12       0.000000000000e+00       1.368900622111e-15       5.295421302369e-16      -2.853649202073e-17 
 1444       1.257760904991e-10       1.701142049934e-12      -5.842998937749e-12       0.000000000000e+00       1.365095635882e-15       5.278606722303e-16      -2.775092161259e-17 
 1445       1.256939783768e-10       1.685877087845e-12      -5.730675941285e-12       0.000000000000e+00       1.361303418335e-15       5.261023668704e-16      -2.696710894333e-17 
 1446       1.256033416409e-10       1.671135442307e-12      -5.617840860714e-12       0.000000000000e+00       1.357523931051e-15       5.242694335198e-16      -2.618510072443e-17 
 1447       1.255042165277e-10       1.656917261619e-12      -5.504533375419e-12       0.000000000000e+00       1.353757135018e-15       5.223641050760e-16      -2.540494386973e-17 
 1448       1.253966396143e-10       1.643222685366e-12      -5.390793389243e-12       0.000000000000e+00       1.350002990635e-15       5.203886279948e-16      -2.462668549574e-17 
 1449       1.252806478195e-10       1.630051844394e-12      -5.276661030873e-12       0.000000000000e+00       1.346261457703e-15       5.183452623151e-16      -2.385037292197e-17 
 1450       1.251562784041e-10       1.617404860796e-12      -5.162176654235e-12       0.000000000000e+00       1.342532495431e-15       5.162362816824e-16      -2.307605367120e-17 
 1451       1.250235689723e-10       1.605281847885e-12      -5.047380838882e-12       0.000000000000e+00       1.338816062431e-15       5.140639733730e-16      -2.230377546985e-17 
 1452       1.248825574715e-10       1.593682910176e-12      -4.932314390381e-12       0.000000000000e+00       1.335112116715e-15       5.118306383183e-16      -2.153358624822e-17 
 1453       1.247332821937e-10       1.582608143366e-12      -4.817018340705e-12       0.000000000000e+00       1.331420615699e-15       5.095385911288e-16      -2.076553414085e-17 
 1454       1.245757817756e-10       1.572057634312e-12      -4.701533948621e-12       0.000000000000e+00       1.327741516195e-15       5.071901601182e-16      -1.999966748682e-17 
 1455       1.244100951996e-10       1.562031461011e-12      -4.585902700080e-12       0.000000000000e+00       1.324074774417e-15       5.047876873274e-16      -1.923603483003e-17 
 1456       1.242362617945e-10       1.552529692577e-12      -4.470166308605e-12       0.000000000000e+00       1.320420345974e-15       5.023335285484e-16      -1.847468491957e-17 
 1457       1.240543212358e-10       1.543552389225e-12      -4.354366715682e-12       0.000000000000e+00       1.316778185871e-15       4.998300533489e-16      -1.771566670995e-17 
 1458       1.238643135468e-10       1.535099602247e-12      -4.238546091150e-12       0.000000000000e+00       1.313148248508e-15       4.972796450960e-16      -1.695902936148e-17 
 1459       1.236662790991e-10       1.527171373990e-12      -4.122746833588e-12       0.000000000000e+00       1.309530487677e-15       4.946847009803e-16      -1.620482224056e-17 
 1460       1.234602586132e-10       1.519767737840e-12      -4.007011570705e-12       0.000000000000e+00       1.305924856562e-15       4.920476320403e-16      -1.545309491996e-17 
 1461       1.232462931591e-10       1.512888718197e-12      -3.891383159730e-12       0.000000000000e+00       1.302331307740e-15       4.893708631859e-16      -1.470389717916e-17 
 1462       1.230244241573e-10       1.506534330455e-12      -3.775904687803e-12       0.000000000000e+00       1.298749793174e-15       4.866568332231e-16      -1.395727900466e-17 
 1463       1.227946933791e-10       1.500704580983e-12      -3.660619472359e-12       0.000000000000e+00       1.295180264217e-15       4.839079948777e-16      -1.321329059028e-17 
 1464       1.225571429475e-10       1.495399467105e-12      -3.545571061526e-12       0.000000000000e+00       1.291622671608e-15       4.811268148196e-16      -1.247198233745e-17 
 1465       1.223118153378e-10       1.490618977075e-12      -3.430803234504e-12       0.000000000000e+00       1.288076965471e-15       4.783157736867e-16      -1.173340485558e-17 
 1466       1.220587533780e-10       1.486363090060e-12      -3.316360001962e-12       0.000000000000e+00       1.284543095315e-15       4.754773661091e-16      -1.099760896231e-17 
 1467       1.217980002501e-10       1.482631776120e-12      -3.202285606426e-12       0.000000000000e+00       1.281021010031e-15       4.726141007332e-16      -1.026464568382e-17 
 1468       1.215295994902e-10       1.479424996184e-12      -3.088624522666e-12       0.000000000000e+00       1.277510657892e-15       4.697285002456e-16      -9.534566255208e-18 
 1469       1.212535949893e-10       1.476742702030e-12      -2.975421458087e-12       0.000000000000e+00       1.274011986552e-15       4.668231013976e-16      -8.807422120710e-18 
 1470       1.209700309942e-10       1.474584836267e-12      -2.862721353118e-12       0.000000000000e+00       1.270524943043e-15       4.639004550287e-16      -8.083264934075e-18 
 1471       1.206789521078e-10       1.472951332313e-12      -2.750569381601e-12       0.000000000000e+00       1.267049473774e-15       4.609631260911e-16      -7.362146558844e-18 
 1472       1.203804032900e-10       1.471842114372e-12      -2.639010951182e-12       0.000000000000e+00       1.263585524531e-15       4.580136936739e-16      -6.644119068673e-18 
 1473       1.200744298585e-10       1.471257097416e-12      -2.528091703697e-12       0.000000000000e+00       1.260133040476e-15       4.550547510268e-16      -5.929234747632e-18 
 1474       1.197610774891e-10       1.471196187164e-12      -2.417857515566e-12       0.000000000000e+00       1.256691966143e-15       4.520889055842e-16      -5.217546090525e-18 
 1475       1.194403922165e-10       1.471659280060e-12      -2.308354498178e-12       0.000000000000e+00       1.253262245440e-15       4.491187789897e-16      -4.509105803193e-18 
 1476       1.191124204353e-10       1.472646263253e-12      -2.199628998283e-12       0.000000000000e+00       1.249843821646e-15       4.461470071198e-16      -3.803966802825e-18 
 1477       1.187772089001e-10       1.474157014578e-12      -2.091727598381e-12       0.000000000000e+00       1.246436637408e-15       4.431762401082e-16      -3.102182218272e-18 
 1478       1.184348047267e-10       1.476191402531e-12      -1.984697117109e-12       0.000000000000e+00       1.243040634745e-15       4.402091423695e-16      -2.403805390351e-18 
 1479       1.180852553924e-10       1.478749286253e-12      -1.878584609635e-12       0.000000000000e+00       1.239655755040e-15       4.372483926240e-16      -1.708889872158e-18 
 1480       1.177286204334e-10       1.481829450017e-12      -1.773433142736e-12       0.000000000000e+00       1.236281943986e-15       4.342962787731e-16      -1.017488722159e-18 
 1481       1.173650066624e-10       1.485426395215e-12      -1.669269073595e-12       0.000000000000e+00       1.232919166458e-15       4.313534780992e-16      -3.296523751959e-19 
 1482       1.169945333000e-10       1.489533516628e-12      -1.566114646063e-12       0.000000000000e+00       1.229567391785e-15       4.284202650596e-16       3.545692489422e-19 
 1483       1.166173203117e-10       1.494144164956e-12      -1.463992204717e-12       0.000000000000e+00       1.226226588819e-15       4.254969153419e-16       1.035126039940e-18 
 1484       1.162334884086e-10       1.499251646747e-12      -1.362924195016e-12       0.000000000000e+00       1.222896725931e-15       4.225837058665e-16       1.711967696685e-18 
 1485       1.158431590493e-10       1.504849224309e-12      -1.262933163461e-12       0.000000000000e+00       1.219577771016e-15       4.196809147879e-16       2.385043726995e-18 
 1486       1.154464544405e-10       1.510930115637e-12      -1.164041757750e-12       0.000000000000e+00       1.216269691487e-15       4.167888214974e-16       3.054303447351e-18 
 1487       1.150434975388e-10       1.517487494330e-12      -1.066272726940e-12       0.000000000000e+00       1.212972454275e-15       4.139077066241e-16       3.719695982619e-18 
 1488       1.146344120520e-10       1.524514489517e-12      -9.696489216021e-13       0.000000000000e+00       1.209686025831e-15       4.110378520375e-16       4.381170265788e-18 
 1489       1.142193224401e-10       1.532004185772e-12      -8.741932939809e-13       0.000000000000e+00       1.206410372121e-15       4.081795408492e-16       5.038675037690e-18 
 1490       1.137983539170e-10       1.539949623039e-12      -7.799288981516e-13       0.000000000000e+00       1.203145458627e-15       4.053330574145e-16       5.692158846736e-18 
 1491       1.133716324515e-10       1.548343796554e-12      -6.868788901791e-13       0.000000000000e+00       1.199891250345e-15       4.024986873347e-16       6.341570048640e-18 
 1492       1.129392847687e-10       1.557179656759e-12      -5.950665282751e-13       0.000000000000e+00       1.196647711785e-15       3.996767174591e-16       6.986856806153e-18 
 1493       1.125014383513e-10       1.566450109232e-12      -5.045151729565e-13       0.000000000000e+00       1.193414806971e-15       3.968674358862e-16       7.627967088785e-18 
 1494       1.120582214410e-10       1.576148014602e-12      -4.152482872037e-13       0.000000000000e+00       1.190192499437e-15       3.940711319664e-16       8.264848672541e-18 
 1495       1.116097630397e-10       1.586266188472e-12      -3.272894366181e-13       0.000000000000e+00       1.186980752227e-15       3.912880963036e-16       8.897449139645e-18 
 1496       1.111561929109e-10       1.596797401340e-12      -2.406622895806e-13       0.000000000000e+00       1.183779527896e-15       3.885186207568e-16       9.525715878272e-18 
 1497       1.106976415808e-10       1.607734378519e-12      -1.553906174094e-13       0.000000000000e+00       1.180588788507e-15       3.857629984426e-16       1.014959608227e-17 
 1498       1.102342403399e-10       1.619069800061e-12      -7.149829451780e-14       0.000000000000e+00       1.177408495630e-15       3.830215237367e-16       1.076903675091e-17 
 1499       1.097661212442e-10       1.630796300671e-12       1.099070142713e-14       0.000000000000e+00       1.174238610341e-15       3.802944922757e-16       1.138398468859e-17 
 1500       1.092934171163e-10       1.642906469637e-12       9.205228934710e-14       0.000000000000e+00       1.171079093224e-15       3.775822009594e-16       1.199438650456e-17 
 1501       1.088162615470e-10       1.655392850745e-12       1.716622845943e-13       0.000000000000e+00       1.167929904363e-15       3.748849479525e-16       1.260018861268e-17 
 1502       1.083347888965e-10       1.668247942200e-12       2.497963987935e-13       0.000000000000e+00       1.164791003350e-15       3.722030326865e-16       1.320133723114e-17 
 1503       1.078491342957e-10       1.681464196552e-12       3.264302396838e-13       0.000000000000e+00       1.161662349277e-15       3.695367558614e-16       1.379777838217e-17 
 1504       1.073594336474e-10       1.695034020610e-12       4.015393109610e-13       0.000000000000e+00       1.158543900737e-15       3.668864194482e-16       1.438945789178e-17 
 1505       1.068658236278e-10       1.708949775368e-12       4.750990121190e-13       0.000000000000e+00       1.155435615824e-15       3.642523266900e-16       1.497632138949e-17 
 1506       1.063684416877e-10       1.723203775926e-12       5.470846382922e-13       0.000000000000e+00       1.152337452132e-15       3.616347821047e-16       1.555831430808e-17 
 1507       1.058674260539e-10       1.737788291405e-12       6.174713800976e-13       0.000000000000e+00       1.149249366752e-15       3.590340914862e-16       1.613538188327e-17 
 1508       1.053629157302e-10       1.752695544877e-12       6.862343234761e-13       0.000000000000e+00       1.146171316272e-15       3.564505619069e-16       1.670746915348e-17 
 1509       1.048550504993e-10       1.767917713279e-12       7.533484495352e-13       0.000000000000e+00       1.143103256778e-15       3.538845017192e-16       1.727452095959e-17 
 1510       1.043439709235e-10       1.783446927337e-12       8.187886343905e-13       0.000000000000e+00       1.140045143850e-15       3.513362205576e-16       1.783648194458e-17 
 1511       1.038298183463e-10       1.799275271485e-12       8.825296490079e-13       0.000000000000e+00       1.136996932562e-15       3.488060293404e-16       1.839329655337e-17 
 1512       1.033127348936e-10       1.815394783789e-12       9.445461590453e-13       0.000000000000e+00       1.133958577482e-15       3.462942402719e-16       1.894490903244e-17 
 1513       1.027928634753e-10       1.831797455865e-12       1.004812724695e-12       0.000000000000e+00       1.130930032669e-15       3.438011668442e-16       1.949126342966e-17 
 1514       1.022703477861e-10       1.848475232803e-12       1.063303800526e-12       0.000000000000e+00       1.127911251675e-15       3.413271238388e-16       2.003230359394e-17 
 1515       1.017453323074e-10       1.865420013083e-12       1.119993735323e-12       0.000000000000e+00       1.124902187540e-15       3.388724273290e-16       2.056797317500e-17 
 1516       1.012179623079e-10       1.882623648502e-12       1.174856771935e-12       0.000000000000e+00       1.121902792794e-15       3.364373946816e-16       2.109821562308e-17 
 1517       1.006883838456e-10       1.900077944091e-12       1.227867047108e-12       0.000000000000e+00       1.118913019455e-15       3.340223445585e-16       2.162297418869e-17 
 1518       1.001567437688e-10       1.917774658037e-12       1.278998591336e-12       0.000000000000e+00       1.115932819028e-15       3.316275969190e-16       2.214219192232e-17 
 1519       9.962318611986e-11       1.935705412029e-12       1.328230376217e-12       0.000000000000e+00       1.112962146508e-15       3.292532365640e-16       2.265581966195e-17 
 1520       9.908784130612e-11       1.953861421509e-12       1.375561510021e-12       0.000000000000e+00       1.110000972430e-15       3.268984012732e-16       2.316384008023e-17 
 1521       9.855083682752e-11       1.972233762666e-12       1.420996188137e-12       0.000000000000e+00       1.107049270934e-15       3.245619868169e-16       2.366624386833e-17 
 1522       9.801230086556e-11       1.990813461692e-12       1.464538658930e-12       0.000000000000e+00       1.104107015768e-15       3.222428827808e-16       2.416302176932e-17 
 1523       9.747236228443e-11       2.009591494698e-12       1.506193223851e-12       0.000000000000e+00       1.101174180290e-15       3.199399725562e-16       2.465416457831e-17 
 1524       9.693115063219e-11       2.028558787631e-12       1.545964237537e-12       0.000000000000e+00       1.098250737467e-15       3.176521333291e-16       2.513966314256e-17 
 1525       9.638879614185e-11       2.047706216188e-12       1.583856107921e-12       0.000000000000e+00       1.095336659872e-15       3.153782360701e-16       2.561950836171e-17 
 1526       9.584542973251e-11       2.067024605738e-12       1.619873296329e-12       0.000000000000e+00       1.092431919683e-15       3.131171455239e-16       2.609369118783e-17 
 1527       9.530118301046e-11       2.086504731230e-12       1.654020317589e-12       0.000000000000e+00       1.089536488688e-15       3.108677201990e-16       2.656220262561e-17 
 1528       9.475618827032e-11       2.106137317117e-12       1.686301740135e-12       0.000000000000e+00       1.086650338275e-15       3.086288123573e-16       2.702503373253e-17 
 1529       9.421057849615e-11       2.125913037267e-12       1.716722186109e-12       0.000000000000e+00       1.083773439441e-15       3.063992680035e-16       2.748217561894e-17 
 1530       9.366448736258e-11       2.145822514883e-12       1.745286331470e-12       0.000000000000e+00       1.080905762781e-15       3.041779268751e-16       2.793361944825e-17 
 1531       9.311804923594e-11       2.165856322417e-12       1.771998906093e-12       0.000000000000e+00       1.078047278496e-15       3.019636224317e-16       2.837935643706e-17 
 1532       9.257139917532e-11       2.186004981486e-12       1.796864693873e-12       0.000000000000e+00       1.075197956388e-15       2.997551818449e-16       2.881937785532e-17 
 1533       9.202467293379e-11       2.206258962793e-12       1.819888532837e-12       0.000000000000e+00       1.072357765859e-15       2.975514259874e-16       2.925367502643e-17 
 1534       9.147800695943e-11       2.226608686035e-12       1.841075315240e-12       0.000000000000e+00       1.069526675912e-15       2.953511694233e-16       2.968223932744e-17 
 1535       9.093153839651e-11       2.247044519826e-12       1.860429987672e-12       0.000000000000e+00       1.066704655148e-15       2.931532203971e-16       3.010506218916e-17 
 1536       9.038540508656e-11       2.267556781613e-12       1.877957551164e-12       0.000000000000e+00       1.063891671768e-15       2.909563808239e-16       3.052213509631e-17 
 1537       8.983974556955e-11       2.288135737588e-12       1.893663061291e-12       0.000000000000e+00       1.061087693568e-15       2.887594462783e-16       3.093344958766e-17 
 1538       8.929469908497e-11       2.308771602608e-12       1.907551628275e-12       0.000000000000e+00       1.058292687943e-15       2.865612059848e-16       3.133899725620e-17 
 1539       8.875040557294e-11       2.329454540111e-12       1.919628417091e-12       0.000000000000e+00       1.055506621884e-15       2.843604428068e-16       3.173876974925e-17 
 1540       8.820700567538e-11       2.350174662029e-12       1.929898647573e-12       0.000000000000e+00       1.052729461975e-15       2.821559332365e-16       3.213275876861e-17 
 1541       8.766464073709e-11       2.370922028711e-12       1.938367594514e-12       0.000000000000e+00       1.049961174396e-15       2.799464473845e-16       3.252095607074e-17 
 1542       8.712345280687e-11       2.391686648831e-12       1.945040587772e-12       0.000000000000e+00       1.047201724920e-15       2.777307489692e-16       3.290335346684e-17 
 1543       8.658358463867e-11       2.412458479311e-12       1.949923012377e-12       0.000000000000e+00       1.044451078912e-15       2.755075953068e-16       3.327994282307e-17 
 1544       8.604517969268e-11       2.433227425234e-12       1.953020308632e-12       0.000000000000e+00       1.041709201332e-15       2.732757373006e-16       3.365071606063e-17 
 1545       8.550838213648e-11       2.453983339762e-12       1.954337972218e-12       0.000000000000e+00       1.038976056726e-15       2.710339194309e-16       3.401566515592e-17 
 1546       8.497333684612e-11       2.474716024051e-12       1.953881554299e-12       0.000000000000e+00       1.036251609234e-15       2.687808797440e-16       3.437478214073e-17 
 1547       8.444018940729e-11       2.495415227166e-12       1.951656661627e-12       0.000000000000e+00       1.033535822583e-15       2.665153498427e-16       3.472805910231e-17 
 1548       8.390908611640e-11       2.516070646002e-12       1.947668956644e-12       0.000000000000e+00       1.030828660092e-15       2.642360548752e-16       3.507548818357e-17 
 1549       8.338017398172e-11       2.536671925196e-12       1.941924157588e-12       0.000000000000e+00       1.028130084664e-15       2.619417135251e-16       3.541706158320e-17 
 1550       8.285360072449e-11       2.557208657044e-12       1.934428038598e-12       0.000000000000e+00       1.025440058792e-15       2.596310380008e-16       3.575277155583e-17 
 1551       8.232951478007e-11       2.577670381419e-12       1.925186429815e-12       0.000000000000e+00       1.022758544552e-15       2.573027340252e-16       3.608261041214e-17 
 1552       8.180806529901e-11       2.598046585687e-12       1.914205217491e-12       0.000000000000e+00       1.020085503608e-15       2.549555008255e-16       3.640657051904e-17 
 1553       8.128940214822e-11       2.618326704621e-12       1.901490344090e-12       0.000000000000e+00       1.017420897207e-15       2.525880311224e-16       3.672464429982e-17 
 1554       8.077367591205e-11       2.638500120320e-12       1.887047808392e-12       0.000000000000e+00       1.014764686182e-15       2.501990111201e-16       3.703682423425e-17 
 1555       8.026103789346e-11       2.658556162124e-12       1.870883665601e-12       0.000000000000e+00       1.012116830946e-15       2.477871204956e-16       3.734310285875e-17 
 1556       7.975164011507e-11       2.678484106531e-12       1.853004027443e-12       0.000000000000e+00       1.009477291495e-15       2.453510323888e-16       3.764347276656e-17 
 1557       7.924563532034e-11       2.698273177113e-12       1.833415062279e-12       0.000000000000e+00       1.006846027407e-15       2.428894133914e-16       3.793792660782e-17 
 1558       7.874316239575e-11       2.717913350054e-12       1.812126000969e-12       0.000000000000e+00       1.004223001104e-15       2.404013969362e-16       3.822645987027e-17 
 1559       7.824430248526e-11       2.737397779207e-12       1.789158185163e-12       0.000000000000e+00       1.001608187673e-15       2.378880083449e-16       3.850907924933e-17 
 1560       7.774912246607e-11       2.756720393640e-12       1.764536104176e-12       0.000000000000e+00       9.990015651386e-16       2.353507531395e-16       3.878579435686e-17 
 1561       7.725768949047e-11       2.775875094038e-12       1.738284397183e-12       0.000000000000e+00       9.964031112013e-16       2.327911448698e-16       3.905661494809e-17 
 1562       7.677007098632e-11       2.794855752656e-12       1.710427853470e-12       0.000000000000e+00       9.938128032410e-16       2.302107051272e-16       3.932155092190e-17 
 1563       7.628633465738e-11       2.813656213275e-12       1.680991412689e-12       0.000000000000e+00       9.912306183150e-16       2.276109635572e-16       3.958061232110e-17 
 1564       7.580654848379e-11       2.832270291161e-12       1.650000165108e-12       0.000000000000e+00       9.886565331574e-16       2.249934578723e-16       3.983380933273e-17 
 1565       7.533078072239e-11       2.850691773020e-12       1.617479351866e-12       0.000000000000e+00       9.860905241783e-16       2.223597338656e-16       4.008115228831e-17 
 1566       7.485909990719e-11       2.868914416951e-12       1.583454365225e-12       0.000000000000e+00       9.835325674636e-16       2.197113454232e-16       4.032265166414e-17 
 1567       7.439157484972e-11       2.886931952409e-12       1.547950748825e-12       0.000000000000e+00       9.809826387739e-16       2.170498545375e-16       4.055831808158e-17 
 1568       7.392827463944e-11       2.904738080154e-12       1.510994197931e-12       0.000000000000e+00       9.784407135440e-16       2.143768313200e-16       4.078816230733e-17 
 1569       7.346926864417e-11       2.922326472210e-12       1.472610559693e-12       0.000000000000e+00       9.759067668825e-16       2.116938540147e-16       4.101219525371e-17 
 1570       7.301462651046e-11       2.939690771823e-12       1.432825833393e-12       0.000000000000e+00       9.733807735706e-16       2.090025090107e-16       4.123042797894e-17 
 1571       7.256441816400e-11       2.956824593413e-12       1.391666170701e-12       0.000000000000e+00       9.708627080620e-16       2.063043908552e-16       4.144287168743e-17 
 1572       7.211871381002e-11       2.973721522534e-12       1.349157875928e-12       0.000000000000e+00       9.683525444821e-16       2.036011022670e-16       4.164953773006e-17 
 1573       7.167758393368e-11       2.990375115828e-12       1.305327406277e-12       0.000000000000e+00       9.658502566269e-16       2.008942541487e-16       4.185043760444e-17 
 1574       7.124109930050e-11       3.006778900983e-12       1.260201372095e-12       0.000000000000e+00       9.633558179630e-16       1.981854656006e-16       4.204558295523e-17 
 1575       7.080933095674e-11       3.022926376684e-12       1.213806537131e-12       0.000000000000e+00       9.608692016266e-16       1.954763639330e-16       4.223498557438e-17 
 1576       7.038235022978e-11       3.038811012578e-12       1.166169818781e-12       0.000000000000e+00       9.583903804228e-16       1.927685846795e-16       4.241865740146e-17 
 1577       6.996022872856e-11       3.054426249221e-12       1.117318288347e-12       0.000000000000e+00       9.559193268254e-16       1.900637716099e-16       4.259661052387e-17 
 1578       6.954303834396e-11       3.069765498039e-12       1.067279171290e-12       0.000000000000e+00       9.534560129754e-16       1.873635767435e-16       4.276885717720e-17 
 1579       6.913085124919e-11       3.084822141284e-12       1.016079847476e-12       0.000000000000e+00       9.510004106812e-16       1.846696603615e-16       4.293540974547e-17 
 1580       6.872373990023e-11       3.099589531989e-12       9.637478514378e-13       0.000000000000e+00       9.485524914174e-16       1.819836910206e-16       4.309628076140e-17 
 1581       6.832177703617e-11       3.114060993925e-12       9.103108726202e-13       0.000000000000e+00       9.461122263247e-16       1.793073455659e-16       4.325148290673e-17 
 1582       6.792503567967e-11       3.128229821555e-12       8.557967556376e-13       0.000000000000e+00       9.436795862084e-16       1.766423091435e-16       4.340102901247e-17 
 1583       6.753358913732e-11       3.142089279994e-12       8.002335005248e-13       0.000000000000e+00       9.412545415385e-16       1.739902752139e-16       4.354493205920e-17 
 1584       6.714751100005e-11       3.155632604960e-12       7.436492629904e-13       0.000000000000e+00       9.388370624489e-16       1.713529455649e-16       4.368320517732e-17 
 1585       6.676687514355e-11       3.168853002736e-12       6.860723546691e-13       0.000000000000e+00       9.364271187365e-16       1.687320303246e-16       4.381586164738e-17 
 1586       6.639175572865e-11       3.181743650120e-12       6.275312433751e-13       0.000000000000e+00       9.340246798606e-16       1.661292479742e-16       4.394291490033e-17 
 1587       6.602222720172e-11       3.194297694386e-12       5.680545533546e-13       0.000000000000e+00       9.316297149424e-16       1.635463253614e-16       4.406437851780e-17 
 1588       6.565836429508e-11       3.206508253238e-12       5.076710655385e-13       0.000000000000e+00       9.292421927644e-16       1.609849977132e-16       4.418026623240e-17 
 1589       6.530024202739e-11       3.218368414767e-12       4.464097177953e-13       0.000000000000e+00       9.268620817695e-16       1.584470086487e-16       4.429059192798e-17 
 1590       6.494793570405e-11       3.229871237404e-12       3.842996051842e-13       0.000000000000e+00       9.244893500606e-16       1.559341101925e-16       4.439536963992e-17 
 1591       6.460152091764e-11       3.241009749882e-12       3.213699802073e-13       0.000000000000e+00       9.221239653996e-16       1.534480627874e-16       4.449461355543e-17 
 1592       6.426107354825e-11       3.251776951187e-12       2.576502530630e-13       0.000000000000e+00       9.197658952072e-16       1.509906353075e-16       4.458833801380e-17 
 1593       6.392666976393e-11       3.262165810515e-12       1.931699918984e-13       0.000000000000e+00       9.174151065618e-16       1.485636050712e-16       4.467655750670e-17 
 1594       6.359838602108e-11       3.272169267231e-12       1.279589230623e-13       0.000000000000e+00       9.150715661994e-16       1.461687578543e-16       4.475928667846e-17 
 1595       6.327629906485e-11       3.281780230821e-12       6.204693135796e-14       0.000000000000e+00       9.127352405123e-16       1.438078879027e-16       4.483654032635e-17 
 1596       6.296048592954e-11       3.290991580852e-12      -4.535939704158e-15       0.000000000000e+00       9.104060955488e-16       1.414827979459e-16       4.490833340086e-17 
 1597       6.265100798810e-11       3.299797325650e-12      -7.175980441175e-14       0.000000000000e+00       9.080840996907e-16       1.391948820660e-16       4.497468328386e-17 
 1598       6.234786294007e-11       3.308196090040e-12      -1.395958880462e-13       0.000000000000e+00       9.057692317134e-16       1.369438701014e-16       4.503561664538e-17 
 1599       6.205103238467e-11       3.316187659469e-12      -2.080155819155e-13       0.000000000000e+00       9.034614727981e-16       1.347290717675e-16       4.509116265020e-17 
 1600       6.176049773135e-11       3.323771824191e-12      -2.769901271504e-13       0.000000000000e+00       9.011608038600e-16       1.325497927497e-16       4.514135068606e-17 
 1601       6.147624019952e-11       3.330948379278e-12      -3.464906144670e-13       0.000000000000e+00       8.988672055479e-16       1.304053346969e-16       4.518621036405e-17 
 1602       6.119824081815e-11       3.337717124628e-12      -4.164879839283e-13       0.000000000000e+00       8.965806582436e-16       1.282949952147e-16       4.522577151901e-17 
 1603       6.092648042544e-11       3.344077864981e-12      -4.869530247069e-13       0.000000000000e+00       8.943011420612e-16       1.262180678592e-16       4.526006420990e-17 
 1604       6.066093966845e-11       3.350030409924e-12      -5.578563748463e-13       0.000000000000e+00       8.920286368467e-16       1.241738421297e-16       4.528911872019e-17 
 1605       6.040159900279e-11       3.355574573905e-12      -6.291685210240e-13       0.000000000000e+00       8.897631221778e-16       1.221616034628e-16       4.531296555825e-17 
 1606       6.014843869223e-11       3.360710176242e-12      -7.008597983124e-13       0.000000000000e+00       8.875045773627e-16       1.201806332255e-16       4.533163545776e-17 
 1607       5.990143880836e-11       3.365437041135e-12      -7.729003899422e-13       0.000000000000e+00       8.852529814400e-16       1.182302087083e-16       4.534515937808e-17 
 1608       5.966057923028e-11       3.369754997676e-12      -8.452603270632e-13       0.000000000000e+00       8.830083131784e-16       1.163096031190e-16       4.535356850462e-17 
 1609       5.942583964418e-11       3.373663879857e-12      -9.179094885074e-13       0.000000000000e+00       8.807705510756e-16       1.144180855761e-16       4.535689424927e-17 
 1610       5.919719954304e-11       3.377163526587e-12      -9.908176005505e-13       0.000000000000e+00       8.785396733580e-16       1.125549211017e-16       4.535516825076e-17 
 1611       5.897463822627e-11       3.380253781696e-12      -1.063954236674e-12       0.000000000000e+00       8.763156579806e-16       1.107193706156e-16       4.534842237504e-17 
 1612       5.875813479936e-11       3.382934493948e-12      -1.137288817329e-12       0.000000000000e+00       8.740984826257e-16       1.089106909279e-16       4.533668871571e-17 
 1613       5.854766817352e-11       3.385205517053e-12      -1.210790609694e-12       0.000000000000e+00       8.718881247030e-16       1.071281347330e-16       4.531999959438e-17 
 1614       5.834321706535e-11       3.387066709676e-12      -1.284428727442e-12       0.000000000000e+00       8.696845613489e-16       1.053709506030e-16       4.529838756103e-17 
 1615       5.814475999647e-11       3.388517935448e-12      -1.358172130500e-12       0.000000000000e+00       8.674877694257e-16       1.036383829804e-16       4.527188539447e-17 
 1616       5.795227529318e-11       3.389559062976e-12      -1.431989624810e-12       0.000000000000e+00       8.652977255216e-16       1.019296721724e-16       4.524052610267e-17 
 1617       5.776574108611e-11       3.390189965855e-12      -1.505849862095e-12       0.000000000000e+00       8.631144059496e-16       1.002440543435e-16       4.520434292316e-17 
 1618       5.758513530987e-11       3.390410522679e-12      -1.579721339616e-12       0.000000000000e+00       8.609377867474e-16       9.858076150949e-17       4.516336932343e-17 
 1619       5.741043570270e-11       3.390220617048e-12      -1.653572399939e-12       0.000000000000e+00       8.587678436766e-16       9.693902153042e-17       4.511763900134e-17 
 1620       5.724161980612e-11       3.389620137582e-12      -1.727371230694e-12       0.000000000000e+00       8.566045522226e-16       9.531805810423e-17       4.506718588544e-17 
 1621       5.707866496458e-11       3.388608977932e-12      -1.801085864337e-12       0.000000000000e+00       8.544478875934e-16       9.371709076002e-17       4.501204413543e-17 
 1622       5.692154832512e-11       3.387187036787e-12      -1.874684177913e-12       0.000000000000e+00       8.522978247196e-16       9.213533485150e-17       4.495224814251e-17 
 1623       5.677024683700e-11       3.385354217888e-12      -1.948133892820e-12       0.000000000000e+00       8.501543382538e-16       9.057200155033e-17       4.488783252978e-17 
 1624       5.662473725136e-11       3.383110430038e-12      -2.021402574568e-12       0.000000000000e+00       8.480174025698e-16       8.902629783955e-17       4.481883215263e-17 
 1625       5.648499612088e-11       3.380455587111e-12      -2.094457632542e-12       0.000000000000e+00       8.458869917624e-16       8.749742650695e-17       4.474528209912e-17 
 1626       5.635099979942e-11       3.377389608064e-12      -2.167266319765e-12       0.000000000000e+00       8.437630796468e-16       8.598458613843e-17       4.466721769038e-17 
 1627       5.622272444167e-11       3.373912416947e-12      -2.239795732658e-12       0.000000000000e+00       8.416456397579e-16       8.448697111144e-17       4.458467448099e-17 
 1628       5.610014600281e-11       3.370023942915e-12      -2.312012810806e-12       0.000000000000e+00       8.395346453498e-16       8.300377158833e-17       4.449768825937e-17 
 1629       5.598324023814e-11       3.365724120236e-12      -2.383884336715e-12       0.000000000000e+00       8.374300693955e-16       8.153417350977e-17       4.440629504817e-17 
 1630       5.587198270275e-11       3.361012888304e-12      -2.455376935578e-12       0.000000000000e+00       8.353318845863e-16       8.007735858810e-17       4.431053110467e-17 
 1631       5.576634875117e-11       3.355890191649e-12      -2.526457075038e-12       0.000000000000e+00       8.332400633311e-16       7.863250430073e-17       4.421043292113e-17 
 1632       5.566631353701e-11       3.350355979946e-12      -2.597091064943e-12       0.000000000000e+00       8.311545777559e-16       7.719878388356e-17       4.410603722524e-17 
 1633       5.557185201261e-11       3.344410208027e-12      -2.667245057117e-12       0.000000000000e+00       8.290753997034e-16       7.577536632431e-17       4.399738098044e-17 
 1634       5.548293892869e-11       3.338052835893e-12      -2.736885045116e-12       0.000000000000e+00       8.270025007326e-16       7.436141635597e-17       4.388450138637e-17 
 1635       5.539954883402e-11       3.331283828721e-12      -2.805976863995e-12       0.000000000000e+00       8.249358521180e-16       7.295609445015e-17       4.376743587921e-17 
 1636       5.532164733381e-11       3.324103989616e-12      -2.874489166896e-12       0.000000000000e+00       8.228754270624e-16       7.155869894938e-17       4.364622179902e-17 
 1637       5.524916478011e-11       3.316517465973e-12      -2.942402384429e-12       0.000000000000e+00       8.208212073584e-16       7.016909386745e-17       4.352089538754e-17 
 1638       5.518202234547e-11       3.308529265546e-12      -3.009699844940e-12       0.000000000000e+00       8.187731767855e-16       6.878728490153e-17       4.339149278217e-17 
 1639       5.512014074205e-11       3.300144425797e-12      -3.076364804846e-12       0.000000000000e+00       8.167313189019e-16       6.741327764023e-17       4.325805034866e-17 
 1640       5.506344022088e-11       3.291368013939e-12      -3.142380448530e-12       0.000000000000e+00       8.146956170438e-16       6.604707756333e-17       4.312060468142e-17 
 1641       5.501184057115e-11       3.282205126986e-12      -3.207729888239e-12       0.000000000000e+00       8.126660543251e-16       6.468869004156e-17       4.297919260396e-17 
 1642       5.496526111942e-11       3.272660891802e-12      -3.272396163975e-12       0.000000000000e+00       8.106426136371e-16       6.333812033637e-17       4.283385116922e-17 
 1643       5.492362072892e-11       3.262740465145e-12      -3.336362243396e-12       0.000000000000e+00       8.086252776480e-16       6.199537359965e-17       4.268461765995e-17 
 1644       5.488683779880e-11       3.252449033722e-12      -3.399611021705e-12       0.000000000000e+00       8.066140288024e-16       6.066045487351e-17       4.253152958911e-17 
 1645       5.485483026337e-11       3.241791814229e-12      -3.462125321552e-12       0.000000000000e+00       8.046088493207e-16       5.933336909004e-17       4.237462470019e-17 
 1646       5.482751559138e-11       3.230774053404e-12      -3.523887892925e-12       0.000000000000e+00       8.026097211992e-16       5.801412107104e-17       4.221394096764e-17 
 1647       5.480481078527e-11       3.219401028074e-12      -3.584881413048e-12       0.000000000000e+00       8.006166262092e-16       5.670271552781e-17       4.204951659723e-17 
 1648       5.478663238042e-11       3.207678045200e-12      -3.645088486273e-12       0.000000000000e+00       7.986295458968e-16       5.539915706090e-17       4.188139002640e-17 
 1649       5.477289644443e-11       3.195610441929e-12      -3.704491643980e-12       0.000000000000e+00       7.966484615823e-16       5.410345015984e-17       4.170959992464e-17 
 1650       5.476351857636e-11       3.183203585642e-12      -3.763073344470e-12       0.000000000000e+00       7.946733543599e-16       5.281559920292e-17       4.153418519389e-17 
 1651       5.475841390599e-11       3.170462873995e-12      -3.820815972862e-12       0.000000000000e+00       7.927042050974e-16       5.153560845696e-17       4.135518496888e-17 
 1652       5.475749709308e-11       3.157393734977e-12      -3.877701840984e-12       0.000000000000e+00       7.907409944355e-16       5.026348207702e-17       4.117263861754e-17 
 1653       5.476068232665e-11       3.144001626951e-12      -3.933713187275e-12       0.000000000000e+00       7.887837027874e-16       4.899922410622e-17       4.098658574133e-17 
 1654       5.476788332421e-11       3.130292038703e-12      -3.988832176676e-12       0.000000000000e+00       7.868323103387e-16       4.774283847544e-17       4.079706617564e-17 
 1655       5.477901333102e-11       3.116270489492e-12      -4.043040900526e-12       0.000000000000e+00       7.848867970466e-16       4.649432900310e-17       4.060411999018e-17 
 1656       5.479398511938e-11       3.101942529096e-12      -4.096321376460e-12       0.000000000000e+00       7.829471426395e-16       4.525369939493e-17       4.040778748931e-17 
 1657       5.481271098783e-11       3.087313737861e-12      -4.148655548300e-12       0.000000000000e+00       7.810133266170e-16       4.402095324370e-17       4.020810921244e-17 
 1658       5.483510276049e-11       3.072389726748e-12      -4.200025285957e-12       0.000000000000e+00       7.790853282488e-16       4.279609402900e-17       4.000512593442e-17 
 1659       5.486107178624e-11       3.057176137382e-12      -4.250412385320e-12       0.000000000000e+00       7.771631265750e-16       4.157912511699e-17       3.979887866587e-17 
 1660       5.489052893803e-11       3.041678642098e-12      -4.299798568153e-12       0.000000000000e+00       7.752467004050e-16       4.037004976013e-17       3.958940865360e-17 
 1661       5.492338461212e-11       3.025902943993e-12      -4.348165481994e-12       0.000000000000e+00       7.733360283175e-16       3.916887109698e-17       3.937675738095e-17 
 1662       5.495954872731e-11       3.009854776968e-12      -4.395494700049e-12       0.000000000000e+00       7.714310886600e-16       3.797559215195e-17       3.916096656817e-17 
 1663       5.499893072428e-11       2.993539905781e-12      -4.441767721082e-12       0.000000000000e+00       7.695318595482e-16       3.679021583501e-17       3.894207817282e-17 
 1664       5.504143956476e-11       2.976964126092e-12      -4.486965969319e-12       0.000000000000e+00       7.676383188658e-16       3.561274494151e-17       3.872013439009e-17 
 1665       5.508698373083e-11       2.960133264512e-12      -4.531070794339e-12       0.000000000000e+00       7.657504442639e-16       3.444318215190e-17       3.849517765324e-17 
 1666       5.513547122418e-11       2.943053178653e-12      -4.574063470968e-12       0.000000000000e+00       7.638682131608e-16       3.328153003148e-17       3.826725063392e-17 
 1667       5.518680956536e-11       2.925729757170e-12      -4.615925199179e-12       0.000000000000e+00       7.619916027412e-16       3.212779103018e-17       3.803639624257e-17 
 1668       5.524090579305e-11       2.908168919815e-12      -4.656637103982e-12       0.000000000000e+00       7.601205899561e-16       3.098196748233e-17       3.780265762879e-17 
 1669       5.529766646330e-11       2.890376617483e-12      -4.696180235325e-12       0.000000000000e+00       7.582551515222e-16       2.984406160636e-17       3.756607818170e-17 
 1670       5.535699764881e-11       2.872358832257e-12      -4.734535567986e-12       0.000000000000e+00       7.563952639217e-16       2.871407550461e-17       3.732670153034e-17 
 1671       5.541880493815e-11       2.854121577461e-12      -4.771684001469e-12       0.000000000000e+00       7.545409034016e-16       2.759201116306e-17       3.708457154401e-17 
 1672       5.548299343509e-11       2.835670897703e-12      -4.807606359900e-12       0.000000000000e+00       7.526920459732e-16       2.647787045110e-17       3.683973233269e-17 
 1673       5.554946775776e-11       2.817012868928e-12      -4.842283391922e-12       0.000000000000e+00       7.508486674121e-16       2.537165512130e-17       3.659222824734e-17 
 1674       5.561813203802e-11       2.798153598462e-12      -4.875695770591e-12       0.000000000000e+00       7.490107432576e-16       2.427336680910e-17       3.634210388037e-17 
 1675       5.568889182431e-11       2.779099328782e-12      -4.907827712312e-12       0.000000000000e+00       7.471782506544e-16       2.318307396761e-17       3.608940288754e-17 
 1676       5.576165981019e-11       2.759856749737e-12      -4.938677868427e-12       0.000000000000e+00       7.453511738981e-16       2.210111331148e-17       3.583416444194e-17 
 1677       5.583635015441e-11       2.740432689147e-12      -4.968248528553e-12       0.000000000000e+00       7.435294989375e-16       2.102789013207e-17       3.557642674979e-17 
 1678       5.591287658109e-11       2.720834009388e-12      -4.996542010229e-12       0.000000000000e+00       7.417132115363e-16       1.996381152483e-17       3.531622822638e-17 
 1679       5.599115237906e-11       2.701067607438e-12      -5.023560658965e-12       0.000000000000e+00       7.399022972726e-16       1.890928639192e-17       3.505360749639e-17 
 1680       5.607109040122e-11       2.681140414936e-12      -5.049306848293e-12       0.000000000000e+00       7.380967415387e-16       1.786472544482e-17       3.478860339418e-17 
 1681       5.615260306384e-11       2.661059398226e-12      -5.073782979816e-12       0.000000000000e+00       7.362965295408e-16       1.683054120694e-17       3.452125496414e-17 
 1682       5.623560234596e-11       2.640831558417e-12      -5.096991483259e-12       0.000000000000e+00       7.345016462982e-16       1.580714801626e-17       3.425160146100e-17 
 1683       5.631999978865e-11       2.620463931431e-12      -5.118934816518e-12       0.000000000000e+00       7.327120766437e-16       1.479496202795e-17       3.397968235018e-17 
 1684       5.640570649444e-11       2.599963588056e-12      -5.139615465714e-12       0.000000000000e+00       7.309278052224e-16       1.379440121694e-17       3.370553730808e-17 
 1685       5.649263312659e-11       2.579337633999e-12      -5.159035945236e-12       0.000000000000e+00       7.291488164922e-16       1.280588538060e-17       3.342920622242e-17 
 1686       5.658068990846e-11       2.558593209940e-12      -5.177198797800e-12       0.000000000000e+00       7.273750947228e-16       1.182983614133e-17       3.315072919256e-17 
 1687       5.666978662284e-11       2.537737491579e-12      -5.194106594490e-12       0.000000000000e+00       7.256066239956e-16       1.086667694916e-17       3.287014652982e-17 
 1688       5.675983261131e-11       2.516777689696e-12      -5.209761934816e-12       0.000000000000e+00       7.238433882035e-16       9.916833084402e-18       3.258749875782e-17 
 1689       5.685073677354e-11       2.495721050195e-12      -5.224167446761e-12       0.000000000000e+00       7.220853710503e-16       8.980731660253e-18       3.230282661278e-17 
 1690       5.694240756669e-11       2.474574854165e-12      -5.237325786830e-12       0.000000000000e+00       7.203325560504e-16       8.058801625405e-18       3.201617104386e-17 
 1691       5.703475300469e-11       2.453346417924e-12      -5.249239640101e-12       0.000000000000e+00       7.185849265286e-16       7.151473766675e-18       3.172757321346e-17 
 1692       5.712768065760e-11       2.432043093078e-12      -5.259911720276e-12       0.000000000000e+00       7.168424656195e-16       6.259180711617e-18       3.143707449757e-17 
 1693       5.722109765097e-11       2.410672266569e-12      -5.269344769732e-12       0.000000000000e+00       7.151051562675e-16       5.382356931140e-18       3.114471648611e-17 
 1694       5.731491066518e-11       2.389241360730e-12      -5.277541559568e-12       0.000000000000e+00       7.133729812262e-16       4.521438742131e-18       3.085054098318e-17 
 1695       5.740902593472e-11       2.367757833336e-12      -5.284504889657e-12       0.000000000000e+00       7.116459230579e-16       3.676864310065e-18       3.055459000746e-17 
 1696       5.750334924762e-11       2.346229177656e-12      -5.290237588698e-12       0.000000000000e+00       7.099239641338e-16       2.849073651631e-18       3.025690579249e-17 
 1697       5.759778594472e-11       2.324662922506e-12      -5.294742514262e-12       0.000000000000e+00       7.082070866331e-16       2.038508637345e-18       2.995753078702e-17 
 1698       5.769224091904e-11       2.303066632304e-12      -5.298022552847e-12       0.000000000000e+00       7.064952725429e-16       1.245612994167e-18       2.965650765531e-17 
 1699       5.778661861513e-11       2.281447907116e-12      -5.300080619924e-12       0.000000000000e+00       7.047885036577e-16       4.708323081250e-19       2.935387927747e-17 
 1700       5.788082302837e-11       2.259814382714e-12      -5.300919659989e-12       0.000000000000e+00       7.030867615795e-16      -2.853859730741e-19       2.904968874976e-17 
 1701       5.797475770435e-11       2.238173730627e-12      -5.300542646614e-12       0.000000000000e+00       7.013900277167e-16      -1.022592537422e-18       2.874397938494e-17 
 1702       5.806832573820e-11       2.216533658191e-12      -5.298952582495e-12       0.000000000000e+00       6.996982832844e-16      -1.740336205992e-18       2.843679471260e-17 
 1703       5.816142977391e-11       2.194901908605e-12      -5.296152499506e-12       0.000000000000e+00       6.980115093039e-16      -2.438163930322e-18       2.812817847944e-17 
 1704       5.825397200370e-11       2.173286260980e-12      -5.292145458742e-12       0.000000000000e+00       6.963296866021e-16      -3.115620789796e-18       2.781817464962e-17 
 1705       5.834585416734e-11       2.151694530393e-12      -5.286934550579e-12       0.000000000000e+00       6.946527958113e-16      -3.772249989026e-18       2.750682740511e-17 
 1706       5.843697755148e-11       2.130134567940e-12      -5.280522894714e-12       0.000000000000e+00       6.929808173691e-16      -4.407592855234e-18       2.719418114595e-17 
 1707       5.852724298904e-11       2.108614260788e-12      -5.272913640225e-12       0.000000000000e+00       6.913137315176e-16      -5.021188835635e-18       2.688028049064e-17 
 1708       5.861655085849e-11       2.087141532223e-12      -5.264109965612e-12       0.000000000000e+00       6.896515183034e-16      -5.612575494816e-18       2.656517027642e-17 
 1709       5.870480108321e-11       2.065724341712e-12      -5.254115078854e-12       0.000000000000e+00       6.879941575771e-16      -6.181288512123e-18       2.624889555959e-17 
 1710       5.879189313086e-11       2.044370684946e-12      -5.242932217456e-12       0.000000000000e+00       6.863416289929e-16      -6.726861679039e-18       2.593150161588e-17 
 1711       5.887772601267e-11       2.023088593896e-12      -5.230564648499e-12       0.000000000000e+00       6.846939120084e-16      -7.248826896567e-18       2.561303394072e-17 
 1712       5.896219828282e-11       2.001886136866e-12      -5.217015668692e-12       0.000000000000e+00       6.830509858843e-16      -7.746714172612e-18       2.529353824959e-17 
 1713       5.904520803776e-11       1.980771418544e-12      -5.202288604421e-12       0.000000000000e+00       6.814128296838e-16      -8.220051619365e-18       2.497306047835e-17 
 1714       5.912666245612e-11       1.959752010803e-12      -5.186389061292e-12       0.000000000000e+00       6.797794238157e-16      -8.668485751904e-18       2.465164549866e-17 
 1715       5.920650650880e-11       1.938833239682e-12      -5.169331693664e-12       0.000000000000e+00       6.781507546779e-16      -9.092143512241e-18       2.432933325177e-17 
 1716       5.928469449262e-11       1.918019883884e-12      -5.151133493003e-12       0.000000000000e+00       6.765268100528e-16      -9.491273330495e-18       2.400616258238e-17 
 1717       5.936118051179e-11       1.897316742732e-12      -5.131811543779e-12       0.000000000000e+00       6.749075775676e-16      -9.866125106469e-18       2.368217252080e-17 
 1718       5.943591847759e-11       1.876728636197e-12      -5.111383023606e-12       0.000000000000e+00       6.732930446936e-16      -1.021695021194e-17       2.335740228321e-17 
 1719       5.950886210814e-11       1.856260404931e-12      -5.089865203386e-12       0.000000000000e+00       6.716831987458e-16      -1.054400149297e-17       2.303189127194e-17 
 1720       5.957996492808e-11       1.835916910290e-12      -5.067275447447e-12       0.000000000000e+00       6.700780268834e-16      -1.084753327216e-17       2.270567907574e-17 
 1721       5.964918026837e-11       1.815703034367e-12      -5.043631213691e-12       0.000000000000e+00       6.684775161087e-16      -1.112780135098e-17       2.237880547006e-17 
 1722       5.971646126593e-11       1.795623680020e-12      -5.018950053731e-12       0.000000000000e+00       6.668816532672e-16      -1.138506301206e-17       2.205131041730e-17 
 1723       5.978176086346e-11       1.775683770904e-12      -4.993249613036e-12       0.000000000000e+00       6.652904250471e-16      -1.161957702145e-17       2.172323406708e-17 
 1724       5.984503180911e-11       1.755888251494e-12      -4.966547631069e-12       0.000000000000e+00       6.637038179794e-16      -1.183160363095e-17       2.139461675655e-17 
 1725       5.990622665622e-11       1.736242087118e-12      -4.938861941435e-12       0.000000000000e+00       6.621218184373e-16      -1.202140458039e-17       2.106549901062e-17 
 1726       5.996529776307e-11       1.716750263989e-12      -4.910210472019e-12       0.000000000000e+00       6.605444126357e-16      -1.218924309991e-17       2.073592154222e-17 
 1727       6.002219729258e-11       1.697417789228e-12      -4.880611245127e-12       0.000000000000e+00       6.589715866315e-16      -1.233538391227e-17       2.040592525263e-17 
 1728       6.007687721207e-11       1.678249690896e-12      -4.850082377631e-12       0.000000000000e+00       6.574033263230e-16      -1.246009323516e-17       2.007555123169e-17 
 1729       6.012928929297e-11       1.659251018023e-12      -4.818642081110e-12       0.000000000000e+00       6.558396174496e-16      -1.256363878343e-17       1.974484075812e-17 
 1730       6.017938511055e-11       1.640426840640e-12      -4.786308661993e-12       0.000000000000e+00       6.542804455913e-16      -1.264628977145e-17       1.941383529975e-17 
 1731       6.022711604366e-11       1.621782249801e-12      -4.753100521697e-12       0.000000000000e+00       6.527257961689e-16      -1.270831691538e-17       1.908257651381e-17 
 1732       6.027243327444e-11       1.603322357619e-12      -4.719036156773e-12       0.000000000000e+00       6.511756544435e-16      -1.274999243546e-17       1.875110624719e-17 
 1733       6.031528778809e-11       1.585052297293e-12      -4.684134159048e-12       0.000000000000e+00       6.496300055161e-16      -1.277159005827e-17       1.841946653674e-17 
 1734       6.035563037255e-11       1.566977223134e-12      -4.648413215764e-12       0.000000000000e+00       6.480888343272e-16      -1.277338501911e-17       1.808769960951e-17 
 1735       6.039341161825e-11       1.549102310600e-12      -4.611892109724e-12       0.000000000000e+00       6.465521256572e-16      -1.275565406421e-17       1.775584788302e-17 
 1736       6.042858191785e-11       1.531432756318e-12      -4.574589719429e-12       0.000000000000e+00       6.450198641251e-16      -1.271867545304e-17       1.742395396555e-17 
 1737       6.046109146596e-11       1.513973778122e-12      -4.536525019226e-12       0.000000000000e+00       6.434920341890e-16      -1.266272896065e-17       1.709206065643e-17 
 1738       6.049089025887e-11       1.496730615071e-12      -4.497717079444e-12       0.000000000000e+00       6.419686201456e-16      -1.258809587990e-17       1.676021094623e-17 
 1739       6.051792809427e-11       1.479708527490e-12      -4.458185066540e-12       0.000000000000e+00       6.404496061299e-16      -1.249505902380e-17       1.642844801712e-17 
 1740       6.054215457101e-11       1.462912796989e-12      -4.417948243240e-12       0.000000000000e+00       6.389349761145e-16      -1.238390272778e-17       1.609681524310e-17 
 1741       6.056351908879e-11       1.446348726498e-12      -4.377025968682e-12       0.000000000000e+00       6.374247139103e-16      -1.225491285199e-17       1.576535619027e-17 
 1742       6.058197084791e-11       1.430021640296e-12      -4.335437698554e-12       0.000000000000e+00       6.359188031651e-16      -1.210837678358e-17       1.543411461712e-17 
 1743       6.059745884901e-11       1.413936884035e-12      -4.293202985242e-12       0.000000000000e+00       6.344172273641e-16      -1.194458343901e-17       1.510313447476e-17 
 1744       6.060993189277e-11       1.398099824775e-12      -4.250341477966e-12       0.000000000000e+00       6.329199698293e-16      -1.176382326636e-17       1.477245990725e-17 
 1745       6.061933857966e-11       1.382515851012e-12      -4.206872922926e-12       0.000000000000e+00       6.314270137192e-16      -1.156638824758e-17       1.444213525182e-17 
 1746       6.062562730969e-11       1.367190372704e-12      -4.162817163445e-12       0.000000000000e+00       6.299383420286e-16      -1.135257190079e-17       1.411220503916e-17 
 1747       6.062874628208e-11       1.352128821302e-12      -4.118194140106e-12       0.000000000000e+00       6.284539375883e-16      -1.112266928262e-17       1.378271399370e-17 
 1748       6.062864349505e-11       1.337336649781e-12      -4.073023890898e-12       0.000000000000e+00       6.269737830649e-16      -1.087697699044e-17       1.345370703387e-17 
 1749       6.062526674552e-11       1.322819332664e-12      -4.027326551357e-12       0.000000000000e+00       6.254978609602e-16      -1.061579316471e-17       1.312522927237e-17 
 1750       6.061856362882e-11       1.308582366058e-12      -3.981122354707e-12       0.000000000000e+00       6.240261536112e-16      -1.033941749123e-17       1.279732601643e-17 
 1751       6.060848153848e-11       1.294631267677e-12      -3.934431632004e-12       0.000000000000e+00       6.225586431900e-16      -1.004815120346e-17       1.247004276812e-17 
 1752       6.059496766591e-11       1.280971576875e-12      -3.887274812277e-12       0.000000000000e+00       6.210953117029e-16      -9.742297084779e-18       1.214342522458e-17 
 1753       6.057797978387e-11       1.267607991221e-12      -3.839672299014e-12       0.000000000000e+00       6.196361422912e-16      -9.422137634723e-18       1.181751639891e-17 
 1754       6.055751869596e-11       1.254541768295e-12      -3.791644098211e-12       0.000000000000e+00       6.181811231441e-16      -9.087869363592e-18       1.149234795595e-17 
 1755       6.053359605745e-11       1.241773302263e-12      -3.743210187501e-12       0.000000000000e+00       6.167302436176e-16      -8.739667953933e-18       1.116794880471e-17 
 1756       6.050622361627e-11       1.229302985356e-12      -3.694390639666e-12       0.000000000000e+00       6.152834929369e-16      -8.377710048307e-18       1.084434797139e-17 
 1757       6.047541321322e-11       1.217131207866e-12      -3.645205622774e-12       0.000000000000e+00       6.138408601960e-16      -8.002173250733e-18       1.052157459949e-17 
 1758       6.044117678205e-11       1.205258358141e-12      -3.595675400315e-12       0.000000000000e+00       6.124023343576e-16      -7.613236128121e-18       1.019965795002e-17 
 1759       6.040352634964e-11       1.193684822579e-12      -3.545820331339e-12       0.000000000000e+00       6.109679042528e-16      -7.211078211721e-18       9.878627401623e-18 
 1760       6.036247403614e-11       1.182410985628e-12      -3.495660870592e-12       0.000000000000e+00       6.095375585807e-16      -6.795879998557e-18       9.558512450733e-18 
 1761       6.031803205515e-11       1.171437229775e-12      -3.445217568656e-12       0.000000000000e+00       6.081112859085e-16      -6.367822952875e-18       9.239342711758e-18 
 1762       6.027021271384e-11       1.160763935545e-12      -3.394511072083e-12       0.000000000000e+00       6.066890746710e-16      -5.927089507577e-18       8.921147917220e-18 
 1763       6.021902841310e-11       1.150391481498e-12      -3.343562123534e-12       0.000000000000e+00       6.052709131706e-16      -5.473863065667e-18       8.603957917921e-18 
 1764       6.016449164771e-11       1.140320244222e-12      -3.292391561916e-12       0.000000000000e+00       6.038567895768e-16      -5.008328001689e-18       8.287802683096e-18 
 1765       6.010661500648e-11       1.130550598326e-12      -3.241020322519e-12       0.000000000000e+00       6.024466919261e-16      -4.530669663170e-18       7.972712300575e-18 
 1766       6.004541117240e-11       1.121082916442e-12      -3.189469437152e-12       0.000000000000e+00       6.010406081217e-16      -4.041074372057e-18       7.658716976940e-18 
 1767       5.998089292278e-11       1.111917569214e-12      -3.137760034282e-12       0.000000000000e+00       5.996385259335e-16      -3.539729426164e-18       7.345847037686e-18 
 1768       5.991307312942e-11       1.103054925298e-12      -3.085913339172e-12       0.000000000000e+00       5.982404329975e-16      -3.026823100608e-18       7.034132927374e-18 
 1769       5.984196475875e-11       1.094495351355e-12      -3.033950674013e-12       0.000000000000e+00       5.968463168159e-16      -2.502544649252e-18       6.723605209797e-18 
 1770       5.976758087198e-11       1.086239212045e-12      -2.981893458069e-12       0.000000000000e+00       5.954561647566e-16      -1.967084306145e-18       6.414294568132e-18 
 1771       5.968993462526e-11       1.078286870027e-12      -2.929763207807e-12       0.000000000000e+00       5.940699640531e-16      -1.420633286963e-18       6.106231805101e-18 
 1772       5.960903926982e-11       1.070638685951e-12      -2.877581537037e-12       0.000000000000e+00       5.926877018043e-16      -8.633837904503e-19       5.799447843129e-18 
 1773       5.952490815210e-11       1.063295018452e-12      -2.825370157052e-12       0.000000000000e+00       5.913093649742e-16      -2.955289998616e-19       5.493973724504e-18 
 1774       5.943755471397e-11       1.056256224152e-12      -2.773150876760e-12       0.000000000000e+00       5.899349403917e-16       2.827369155998e-19       5.189840611533e-18 
 1775       5.934699249278e-11       1.049522657646e-12      -2.720945602826e-12       0.000000000000e+00       5.885644147503e-16       8.712187993391e-19       4.887079786703e-18 
 1776       5.925323512161e-11       1.043094671505e-12      -2.668776339803e-12       0.000000000000e+00       5.871977746079e-16       1.469720505930e-18       4.585722652835e-18 
 1777       5.915629632934e-11       1.036972616270e-12      -2.616665190279e-12       0.000000000000e+00       5.858350063865e-16       2.078044899673e-18       4.285800733249e-18 
 1778       5.905618994085e-11       1.031156840443e-12      -2.564634355002e-12       0.000000000000e+00       5.844760963723e-16       2.695993853155e-18       3.987345671917e-18 
 1779       5.895292987715e-11       1.025647690488e-12      -2.512706133027e-12       0.000000000000e+00       5.831210307149e-16       3.323368245809e-18       3.690389233624e-18 
 1780       5.884653015555e-11       1.020445510824e-12      -2.460902921850e-12       0.000000000000e+00       5.817697954276e-16       3.959967962471e-18       3.394963304125e-18 
 1781       5.873700488977e-11       1.015550643818e-12      -2.409247217543e-12       0.000000000000e+00       5.804223763868e-16       4.605591891944e-18       3.101099890306e-18 
 1782       5.862436829014e-11       1.010963429787e-12      -2.357761614893e-12       0.000000000000e+00       5.790787593320e-16       5.260037925549e-18       2.808831120338e-18 
 1783       5.850863466371e-11       1.006684206985e-12      -2.306468807540e-12       0.000000000000e+00       5.777389298654e-16       5.923102955692e-18       2.518189243840e-18 
 1784       5.838981841442e-11       1.002713311605e-12      -2.255391588113e-12       0.000000000000e+00       5.764028734517e-16       6.594582874421e-18       2.229206632036e-18 
 1785       5.826793404325e-11       9.990510777728e-13      -2.204552848369e-12       0.000000000000e+00       5.750705754180e-16       7.274272571979e-18       1.941915777912e-18 
 1786       5.814299614838e-11       9.956978375392e-13      -2.153975579325e-12       0.000000000000e+00       5.737420209534e-16       7.961965935374e-18       1.656349296375e-18 
 1787       5.801501942529e-11       9.926539208799e-13      -2.103682871403e-12       0.000000000000e+00       5.724171951088e-16       8.657455846929e-18       1.372539924414e-18 
 1788       5.788401866699e-11       9.899196556882e-13      -2.053697914560e-12       0.000000000000e+00       5.710960827967e-16       9.360534182843e-18       1.090520521254e-18 
 1789       5.775000876410e-11       9.874953677713e-13      -2.004043998430e-12       0.000000000000e+00       5.697786687911e-16       1.007099181176e-17       8.103240685177e-19 
 1790       5.761300470505e-11       9.853813808455e-13      -1.954744512459e-12       0.000000000000e+00       5.684649377269e-16       1.078861859330e-17       5.319836703835e-19 
 1791       5.747302157618e-11       9.835780165317e-13      -1.905822946041e-12       0.000000000000e+00       5.671548741001e-16       1.151320337666e-17       2.555325537431e-19 
 1792       5.733008056398e-11       9.820849570274e-13      -1.857300865031e-12       0.000000000000e+00       5.658484633690e-16       1.224452623106e-17      -1.899936826466e-20 
 1793       5.718422701482e-11       9.808993274423e-13      -1.809191822931e-12       0.000000000000e+00       5.645456952693e-16       1.298233507071e-17      -2.915958366534e-19 
 1794       5.703551252297e-11       9.800175977941e-13      -1.761507400251e-12       0.000000000000e+00       5.632465605259e-16       1.372636883613e-17      -5.622439903117e-19 
 1795       5.688398894233e-11       9.794362188823e-13      -1.714259223695e-12       0.000000000000e+00       5.619510497530e-16       1.447636524312e-17      -8.309309370130e-19 
 1796       5.672970838679e-11       9.791516222599e-13      -1.667458966211e-12       0.000000000000e+00       5.606591534543e-16       1.523206078108e-17      -1.097643753385e-18 
 1797       5.657272323060e-11       9.791602202046e-13      -1.621118347062e-12       0.000000000000e+00       5.593708620224e-16       1.599319071126e-17      -1.362369484881e-18 
 1798       5.641308610877e-11       9.794584056908e-13      -1.575249131883e-12       0.000000000000e+00       5.580861657392e-16       1.675948906501e-17      -1.625095145747e-18 
 1799       5.625084991743e-11       9.800425523610e-13      -1.529863132744e-12       0.000000000000e+00       5.568050547751e-16       1.753068864209e-17      -1.885807718994e-18 
 1800       5.608606781420e-11       9.809090144976e-13      -1.484972208211e-12       0.000000000000e+00       5.555275191891e-16       1.830652100891e-17      -2.144494156368e-18 
 1801       5.591879321858e-11       9.820541269943e-13      -1.440588263406e-12       0.000000000000e+00       5.542535489286e-16       1.908671649679e-17      -2.401141378318e-18 
 1802       5.574907981230e-11       9.834742053277e-13      -1.396723250073e-12       0.000000000000e+00       5.529831338290e-16       1.987100420027e-17      -2.655736273969e-18 
 1803       5.557698153971e-11       9.851655455291e-13      -1.353389166636e-12       0.000000000000e+00       5.517162636140e-16       2.065911197532e-17      -2.908265701086e-18 
 1804       5.540255260817e-11       9.871244241561e-13      -1.310598058262e-12       0.000000000000e+00       5.504529278948e-16       2.145076643767e-17      -3.158716486052e-18 
 1805       5.522584748839e-11       9.893470982639e-13      -1.268362016920e-12       0.000000000000e+00       5.491931161702e-16       2.224569296105e-17      -3.407075423832e-18 
 1806       5.504692091482e-11       9.918298053774e-13      -1.226693181448e-12       0.000000000000e+00       5.479368178266e-16       2.304361567543e-17      -3.653329277944e-18 
 1807       5.486582788605e-11       9.945687634623e-13      -1.185603737610e-12       0.000000000000e+00       5.466840221373e-16       2.384425746536e-17      -3.897464780430e-18 
 1808       5.468262366515e-11       9.975601708970e-13      -1.145105918158e-12       0.000000000000e+00       5.454347182630e-16       2.464733996817e-17      -4.139468631827e-18 
 1809       5.449736378003e-11       1.000800206444e-12      -1.105212002896e-12       0.000000000000e+00       5.441888952509e-16       2.545258357227e-17      -4.379327501134e-18 
 1810       5.431010402388e-11       1.004285029223e-12      -1.065934318739e-12       0.000000000000e+00       5.429465420348e-16       2.625970741543e-17      -4.617028025783e-18 
 1811       5.412090045548e-11       1.008010778678e-12      -1.027285239777e-12       0.000000000000e+00       5.417076474352e-16       2.706842938303e-17      -4.852556811609e-18 
 1812       5.392980939961e-11       1.011973574556e-12      -9.892771873355e-13       0.000000000000e+00       5.404722001585e-16       2.787846610631e-17      -5.085900432822e-18 
 1813       5.373688744740e-11       1.016169516872e-12      -9.519226300354e-13       0.000000000000e+00       5.392401887975e-16       2.868953296070e-17      -5.317045431972e-18 
 1814       5.354219145675e-11       1.020594685885e-12      -9.152340838575e-13       0.000000000000e+00       5.380116018304e-16       2.950134406402e-17      -5.545978319926e-18 
 1815       5.334577855263e-11       1.025245142065e-12      -8.792241122025e-13       0.000000000000e+00       5.367864276216e-16       3.031361227481e-17      -5.772685575829e-18 
 1816       5.314770612753e-11       1.030116926072e-12      -8.439053259529e-13       0.000000000000e+00       5.355646544204e-16       3.112604919054e-17      -5.997153647083e-18 
 1817       5.294803184179e-11       1.035206058719e-12      -8.092903835346e-13       0.000000000000e+00       5.343462703618e-16       3.193836514594e-17      -6.219368949309e-18 
 1818       5.274681362398e-11       1.040508540951e-12      -7.753919909786e-13       0.000000000000e+00       5.331312634657e-16       3.275026921120e-17      -6.439317866325e-18 
 1819       5.254410967129e-11       1.046020353810e-12      -7.422229019823e-13       0.000000000000e+00       5.319196216367e-16       3.356146919031e-17      -6.656986750106e-18 
 1820       5.233997844990e-11       1.051737458413e-12      -7.097959179715e-13       0.000000000000e+00       5.307113326645e-16       3.437167161929e-17      -6.872361920764e-18 
 1821       5.213447869534e-11       1.057655795919e-12      -6.781238881617e-13       0.000000000000e+00       5.295063842228e-16       3.518058176444e-17      -7.085429666510e-18 
 1822       5.192766941288e-11       1.063771287503e-12      -6.472197096199e-13       0.000000000000e+00       5.283047638701e-16       3.598790362066e-17      -7.296176243630e-18 
 1823       5.171960987788e-11       1.070079834325e-12      -6.170963273262e-13       0.000000000000e+00       5.271064590486e-16       3.679333990969e-17      -7.504587876449e-18 
 1824       5.151035963622e-11       1.076577317506e-12      -5.877667342351e-13       0.000000000000e+00       5.259114570846e-16       3.759659207836e-17      -7.710650757307e-18 
 1825       5.129997850460e-11       1.083259598095e-12      -5.592439713374e-13       0.000000000000e+00       5.247197451882e-16       3.839736029691e-17      -7.914351046524e-18 
 1826       5.108852657099e-11       1.090122517044e-12      -5.315411277218e-13       0.000000000000e+00       5.235313104527e-16       3.919534345721e-17      -8.115674872372e-18 
 1827       5.087606419492e-11       1.097161895177e-12      -5.046713406364e-13       0.000000000000e+00       5.223461398551e-16       3.999023917105e-17      -8.314608331046e-18 
 1828       5.066265200795e-11       1.104373533164e-12      -4.786477955503e-13       0.000000000000e+00       5.211642202553e-16       4.078174376842e-17      -8.511137486630e-18 
 1829       5.044835091397e-11       1.111753211491e-12      -4.534837262152e-13       0.000000000000e+00       5.199855383963e-16       4.156955229575e-17      -8.705248371072e-18 
 1830       5.023322208960e-11       1.119296690430e-12      -4.291924147271e-13       0.000000000000e+00       5.188100809037e-16       4.235335851420e-17      -8.896926984150e-18 
 1831       5.001732589125e-11       1.126999598294e-12      -4.057846632703e-13       0.000000000000e+00       5.176378352220e-16       4.313291023691e-17      -9.086162245805e-18 
 1832       4.980071856593e-11       1.134857095257e-12      -3.832611871334e-13       0.000000000000e+00       5.164687924314e-16       4.390817582771e-17      -9.272954878983e-18 
 1833       4.958345551492e-11       1.142864206788e-12      -3.616201610190e-13       0.000000000000e+00       5.153029444529e-16       4.467917902967e-17      -9.457308597727e-18 
 1834       4.936559238497e-11       1.151015935094e-12      -3.408597418132e-13       0.000000000000e+00       5.141402831142e-16       4.544594374716e-17      -9.639227161338e-18 
 1835       4.914718506872e-11       1.159307259094e-12      -3.209780685572e-13       0.000000000000e+00       5.129808001493e-16       4.620849404608e-17      -9.818714374444e-18 
 1836       4.892828970496e-11       1.167733134377e-12      -3.019732624181e-13       0.000000000000e+00       5.118244871986e-16       4.696685415412e-17      -9.995774087081e-18 
 1837       4.870896267902e-11       1.176288493178e-12      -2.838434266601e-13       0.000000000000e+00       5.106713358084e-16       4.772104846101e-17      -1.017041019477e-17 
 1838       4.848926062307e-11       1.184968244344e-12      -2.665866466158e-13       0.000000000000e+00       5.095213374311e-16       4.847110151879e-17      -1.034262663858e-17 
 1839       4.826924041646e-11       1.193767273295e-12      -2.502009896572e-13       0.000000000000e+00       5.083744834247e-16       4.921703804200e-17      -1.051242740523e-17 
 1840       4.804895918610e-11       1.202680442002e-12      -2.346845051672e-13       0.000000000000e+00       5.072307650530e-16       4.995888290801e-17      -1.067981652714e-17 
 1841       4.782847430673e-11       1.211702588946e-12      -2.200352245100e-13       0.000000000000e+00       5.060901734850e-16       5.069666115718e-17      -1.084479808250e-17 
 1842       4.760784340129e-11       1.220828529091e-12      -2.062511610031e-13       0.000000000000e+00       5.049526997953e-16       5.143039799319e-17      -1.100737619537e-17 
 1843       4.738712434125e-11       1.230053053849e-12      -1.933303098881e-13       0.000000000000e+00       5.038183349634e-16       5.216011878323e-17      -1.116755503577e-17 
 1844       4.716637524696e-11       1.239370931047e-12      -1.812706483015e-13       0.000000000000e+00       5.026870698738e-16       5.288584905827e-17      -1.132533881968e-17 
 1845       4.694565448794e-11       1.248776904896e-12      -1.700701352466e-13       0.000000000000e+00       5.015588953159e-16       5.360761451334e-17      -1.148073180922e-17 
 1846       4.672502068329e-11       1.258265695961e-12      -1.597267115640e-13       0.000000000000e+00       5.004338019836e-16       5.432544100771e-17      -1.163373831262e-17 
 1847       4.650453270195e-11       1.267832001123e-12      -1.502382999030e-13       0.000000000000e+00       4.993117804754e-16       5.503935456519e-17      -1.178436268440e-17 
 1848       4.628424966307e-11       1.277470493552e-12      -1.416028046929e-13       0.000000000000e+00       4.981928212942e-16       5.574938137438e-17      -1.193260932535e-17 
 1849       4.606423093635e-11       1.287175822670e-12      -1.338181121139e-13       0.000000000000e+00       4.970769148468e-16       5.645554778888e-17      -1.207848268267e-17 
 1850       4.584453614238e-11       1.296942614122e-12      -1.268820900684e-13       0.000000000000e+00       4.959640514444e-16       5.715788032758e-17      -1.222198725001e-17 
 1851       4.562522515294e-11       1.306765469742e-12      -1.207925881520e-13       0.000000000000e+00       4.948542213016e-16       5.785640567489e-17      -1.236312756759e-17 
 1852       4.540635809138e-11       1.316638967523e-12      -1.155474376250e-13       0.000000000000e+00       4.937474145371e-16       5.855115068098e-17      -1.250190822220e-17 
 1853       4.518799533292e-11       1.326557661580e-12      -1.111444513832e-13       0.000000000000e+00       4.926436211728e-16       5.924214236205e-17      -1.263833384736e-17 
 1854       4.497019750500e-11       1.336516082122e-12      -1.075814239291e-13       0.000000000000e+00       4.915428311343e-16       5.992940790056e-17      -1.277240912332e-17 
 1855       4.475302548762e-11       1.346508735417e-12      -1.048561313431e-13       0.000000000000e+00       4.904450342500e-16       6.061297464549e-17      -1.290413877722e-17 
 1856       4.453654041369e-11       1.356530103762e-12      -1.029663312550e-13       0.000000000000e+00       4.893502202518e-16       6.129287011259e-17      -1.303352758307e-17 
 1857       4.432080366930e-11       1.366574645447e-12      -1.019097628145e-13       0.000000000000e+00       4.882583787741e-16       6.196912198460e-17      -1.316058036189e-17 
 1858       4.410587689414e-11       1.376636794727e-12      -1.016841466628e-13       0.000000000000e+00       4.871694993542e-16       6.264175811155e-17      -1.328530198178e-17 
 1859       4.389182198180e-11       1.386710961786e-12      -1.022871849037e-13       0.000000000000e+00       4.860835714321e-16       6.331080651098e-17      -1.340769735796e-17 
 1860       4.367870108006e-11       1.396791532706e-12      -1.037165610746e-13       0.000000000000e+00       4.850005843499e-16       6.397629536816e-17      -1.352777145289e-17 
 1861       4.346657659132e-11       1.406872869435e-12      -1.059699401178e-13       0.000000000000e+00       4.839205273522e-16       6.463825303640e-17      -1.364552927632e-17 
 1862       4.325551117284e-11       1.416949309754e-12      -1.090449683517e-13       0.000000000000e+00       4.828433895855e-16       6.529670803725e-17      -1.376097588536e-17 
 1863       4.304556773714e-11       1.427015167245e-12      -1.129392734416e-13       0.000000000000e+00       4.817691600986e-16       6.595168906078e-17      -1.387411638458e-17 
 1864       4.283680945232e-11       1.437064731259e-12      -1.176504643714e-13       0.000000000000e+00       4.806978278415e-16       6.660322496580e-17      -1.398495592606e-17 
 1865       4.262929974237e-11       1.447092266882e-12      -1.231761314143e-13       0.000000000000e+00       4.796293816663e-16       6.725134478012e-17      -1.409349970948e-17 
 1866       4.242310228754e-11       1.457092014904e-12      -1.295138461042e-13       0.000000000000e+00       4.785638103263e-16       6.789607770081e-17      -1.419975298219e-17 
 1867       4.221828102466e-11       1.467058191787e-12      -1.366611612066e-13       0.000000000000e+00       4.775011024761e-16       6.853745309445e-17      -1.430372103930e-17 
 1868       4.201490014745e-11       1.476984989631e-12      -1.446156106902e-13       0.000000000000e+00       4.764412466716e-16       6.917550049735e-17      -1.440540922373e-17 
 1869       4.181302410692e-11       1.486866576143e-12      -1.533747096976e-13       0.000000000000e+00       4.753842313695e-16       6.981024961582e-17      -1.450482292630e-17 
 1870       4.161271135532e-11       1.496697489452e-12      -1.629343711193e-13       0.000000000000e+00       4.743300457245e-16       7.044171286995e-17      -1.460196943239e-17 
 1871       4.141399552398e-11       1.506473826008e-12      -1.732841418251e-13       0.000000000000e+00       4.732786819875e-16       7.106983287499e-17      -1.469686347753e-17 
 1872       4.121690409888e-11       1.516192061913e-12      -1.844119290941e-13       0.000000000000e+00       4.722301331259e-16       7.169453454946e-17      -1.478952173542e-17 
 1873       4.102146466369e-11       1.525848658901e-12      -1.963055805449e-13       0.000000000000e+00       4.711843920277e-16       7.231574253392e-17      -1.487996097546e-17 
 1874       4.082770489991e-11       1.535440064319e-12      -2.089528840521e-13       0.000000000000e+00       4.701414515018e-16       7.293338119070e-17      -1.496819806287e-17 
 1875       4.063565258697e-11       1.544962711106e-12      -2.223415676632e-13       0.000000000000e+00       4.691013042776e-16       7.354737460346e-17      -1.505424995884e-17 
 1876       4.044533560238e-11       1.554413017778e-12      -2.364592995158e-13       0.000000000000e+00       4.680639430050e-16       7.415764657691e-17      -1.513813372068e-17 
 1877       4.025678192182e-11       1.563787388404e-12      -2.512936877539e-13       0.000000000000e+00       4.670293602541e-16       7.476412063641e-17      -1.521986650190e-17 
 1878       4.007001961930e-11       1.573082212591e-12      -2.668322804454e-13       0.000000000000e+00       4.659975485153e-16       7.536672002767e-17      -1.529946555245e-17 
 1879       3.988507686723e-11       1.582293865464e-12      -2.830625654984e-13       0.000000000000e+00       4.649685001987e-16       7.596536771636e-17      -1.537694821875e-17 
 1880       3.970198193657e-11       1.591418707648e-12      -2.999719705781e-13       0.000000000000e+00       4.639422076348e-16       7.655998638776e-17      -1.545233194391e-17 
 1881       3.952076319698e-11       1.600453085246e-12      -3.175478630240e-13       0.000000000000e+00       4.629186630734e-16       7.715049844644e-17      -1.552563426784e-17 
 1882       3.934144911686e-11       1.609393329826e-12      -3.357775497664e-13       0.000000000000e+00       4.618978586843e-16       7.773682601589e-17      -1.559687282737e-17 
 1883       3.916406826356e-11       1.618235758395e-12      -3.546482772435e-13       0.000000000000e+00       4.608797865566e-16       7.831889093816e-17      -1.566606535642e-17 
 1884       3.898864930345e-11       1.626976673387e-12      -3.741472313181e-13       0.000000000000e+00       4.598644386988e-16       7.889661477354e-17      -1.573322968613e-17 
 1885       3.881522100203e-11       1.635612362637e-12      -3.942615371942e-13       0.000000000000e+00       4.588518070387e-16       7.946991880019e-17      -1.579838374498e-17 
 1886       3.864381222412e-11       1.644139099371e-12      -4.149782593346e-13       0.000000000000e+00       4.578418834232e-16       8.003872401378e-17      -1.586154555895e-17 
 1887       3.847445193387e-11       1.652553142178e-12      -4.362844013768e-13       0.000000000000e+00       4.568346596180e-16       8.060295112716e-17      -1.592273325167e-17 
 1888       3.830716919501e-11       1.660850734999e-12      -4.581669060506e-13       0.000000000000e+00       4.558301273079e-16       8.116252057000e-17      -1.598196504450e-17 
 1889       3.814199317085e-11       1.669028107100e-12      -4.806126550945e-13       0.000000000000e+00       4.548282780962e-16       8.171735248845e-17      -1.603925925676e-17 
 1890       3.797895312449e-11       1.677081473063e-12      -5.036084691728e-13       0.000000000000e+00       4.538291035049e-16       8.226736674477e-17      -1.609463430577e-17 
 1891       3.781807841889e-11       1.685007032758e-12      -5.271411077923e-13       0.000000000000e+00       4.528325949745e-16       8.281248291700e-17      -1.614810870709e-17 
 1892       3.765939851702e-11       1.692800971330e-12      -5.511972692192e-13       0.000000000000e+00       4.518387438635e-16       8.335262029861e-17      -1.619970107455e-17 
 1893       3.750294298195e-11       1.700459459177e-12      -5.757635903960e-13       0.000000000000e+00       4.508475414490e-16       8.388769789813e-17      -1.624943012050e-17 
 1894       3.734874147701e-11       1.707978651934e-12      -6.008266468582e-13       0.000000000000e+00       4.498589789259e-16       8.441763443881e-17      -1.629731465585e-17 
 1895       3.719682376587e-11       1.715354690450e-12      -6.263729526513e-13       0.000000000000e+00       4.488730474070e-16       8.494234835827e-17      -1.634337359029e-17 
 1896       3.704721971270e-11       1.722583700773e-12      -6.523889602474e-13       0.000000000000e+00       4.478897379229e-16       8.546175780818e-17      -1.638762593235e-17 
 1897       3.689995928226e-11       1.729661794131e-12      -6.788610604626e-13       0.000000000000e+00       4.469090414219e-16       8.597578065385e-17      -1.643009078963e-17 
 1898       3.675507254003e-11       1.736585066911e-12      -7.057755823732e-13       0.000000000000e+00       4.459309487698e-16       8.648433447392e-17      -1.647078736885e-17 
 1899       3.661258965233e-11       1.743349600640e-12      -7.331187932327e-13       0.000000000000e+00       4.449554507497e-16       8.698733656001e-17      -1.650973497605e-17 
 1900       3.647254088647e-11       1.749951461968e-12      -7.608768983892e-13       0.000000000000e+00       4.439825380622e-16       8.748470391635e-17      -1.654695301671e-17 
 1901       3.633495661081e-11       1.756386702649e-12      -7.890360412014e-13       0.000000000000e+00       4.430122013247e-16       8.797635325946e-17      -1.658246099585e-17 
 1902       3.619986729494e-11       1.762651359522e-12      -8.175823029561e-13       0.000000000000e+00       4.420444310717e-16       8.846220101777e-17      -1.661627851827e-17 
 1903       3.606730350976e-11       1.768741454491e-12      -8.465017027846e-13       0.000000000000e+00       4.410792177547e-16       8.894216333127e-17      -1.664842528856e-17 
 1904       3.593729592764e-11       1.774652994505e-12      -8.757801975800e-13       0.000000000000e+00       4.401165517417e-16       8.941615605119e-17      -1.667892111134e-17 
 1905       3.580987532248e-11       1.780381971545e-12      -9.054036819137e-13       0.000000000000e+00       4.391564233173e-16       8.988409473963e-17      -1.670778589135e-17 
 1906       3.568507256991e-11       1.785924362598e-12      -9.353579879523e-13       0.000000000000e+00       4.381988226828e-16       9.034589466920e-17      -1.673503963360e-17 
 1907       3.556291864734e-11       1.791276129643e-12      -9.656288853745e-13       0.000000000000e+00       4.372437399555e-16       9.080147082269e-17      -1.676070244353e-17 
 1908       3.544344463413e-11       1.796433219629e-12      -9.962020812879e-13       0.000000000000e+00       4.362911651691e-16       9.125073789271e-17      -1.678479452709e-17 
 1909       3.532667464270e-11       1.801392176163e-12      -1.027063280856e-12       0.000000000000e+00       4.353410889530e-16       9.169363171787e-17      -1.680733467909e-17 
 1910       3.521260455244e-11       1.806151979717e-12      -1.058198369850e-12       0.000000000000e+00       4.343935045764e-16       9.213017377166e-17      -1.682833573505e-17 
 1911       3.510122311304e-11       1.810712221492e-12      -1.089593233333e-12       0.000000000000e+00       4.334484059199e-16       9.256040716726e-17      -1.684780908472e-17 
 1912       3.499251899852e-11       1.815072492991e-12      -1.121233694991e-12       0.000000000000e+00       4.325057867967e-16       9.298437526627e-17      -1.686576618089e-17 
 1913       3.488648080714e-11       1.819232386026e-12      -1.153105517056e-12       0.000000000000e+00       4.315656409527e-16       9.340212167905e-17      -1.688221853943e-17 
 1914       3.478309706127e-11       1.823191492715e-12      -1.185194400224e-12       0.000000000000e+00       4.306279620663e-16       9.381369026510e-17      -1.689717773944e-17 
 1915       3.468235620731e-11       1.826949405485e-12      -1.217485983570e-12       0.000000000000e+00       4.296927437485e-16       9.421912513336e-17      -1.691065542328e-17 
 1916       3.458424661552e-11       1.830505717074e-12      -1.249965844475e-12       0.000000000000e+00       4.287599795426e-16       9.461847064263e-17      -1.692266329671e-17 
 1917       3.448875658000e-11       1.833860020529e-12      -1.282619498534e-12       0.000000000000e+00       4.278296629239e-16       9.501177140189e-17      -1.693321312893e-17 
 1918       3.439587431847e-11       1.837011909212e-12      -1.315432399485e-12       0.000000000000e+00       4.269017873002e-16       9.539907227066e-17      -1.694231675272e-17 
 1919       3.430558797225e-11       1.839960976800e-12      -1.348389939122e-12       0.000000000000e+00       4.259763460109e-16       9.578041835937e-17      -1.694998606448e-17 
 1920       3.421788560610e-11       1.842706817282e-12      -1.381477447216e-12       0.000000000000e+00       4.250533323275e-16       9.615585502968e-17      -1.695623302436e-17 
 1921       3.413275520811e-11       1.845249024966e-12      -1.414680191432e-12       0.000000000000e+00       4.241327394534e-16       9.652542789489e-17      -1.696106965633e-17 
 1922       3.405018468960e-11       1.847587194476e-12      -1.447983377250e-12       0.000000000000e+00       4.232145605235e-16       9.688918282023e-17      -1.696450804827e-17 
 1923       3.397016188501e-11       1.849720920759e-12      -1.481372147882e-12       0.000000000000e+00       4.222987886043e-16       9.724716592328e-17      -1.696656035204e-17 
 1924       3.389267455179e-11       1.851649799077e-12      -1.514831584193e-12       0.000000000000e+00       4.213854166937e-16       9.759942357428e-17      -1.696723878363e-17 
 1925       3.381771037026e-11       1.853373425017e-12      -1.548346704618e-12       0.000000000000e+00       4.204744377211e-16       9.794600239651e-17      -1.696655562316e-17 
 1926       3.374525694354e-11       1.854891394490e-12      -1.581902465081e-12       0.000000000000e+00       4.195658445470e-16       9.828694926662e-17      -1.696452321507e-17 
 1927       3.367530179740e-11       1.856203303728e-12      -1.615483758916e-12       0.000000000000e+00       4.186596299631e-16       9.862231131502e-17      -1.696115396810e-17 
 1928       3.360783238018e-11       1.857308749291e-12      -1.649075416781e-12       0.000000000000e+00       4.177557866920e-16       9.895213592621e-17      -1.695646035549e-17 
 1929       3.354283606267e-11       1.858207328065e-12      -1.682662206582e-12       0.000000000000e+00       4.168543073874e-16       9.927647073914e-17      -1.695045491497e-17 
 1930       3.348030013797e-11       1.858898637265e-12      -1.716228833391e-12       0.000000000000e+00       4.159551846336e-16       9.959536364757e-17      -1.694315024892e-17 
 1931       3.342021182140e-11       1.859382274434e-12      -1.749759939361e-12       0.000000000000e+00       4.150584109457e-16       9.990886280043e-17      -1.693455902443e-17 
 1932       3.336255825042e-11       1.859657837448e-12      -1.783240103649e-12       0.000000000000e+00       4.141639787692e-16       1.002170166022e-16      -1.692469397338e-17 
 1933       3.330732648447e-11       1.859724924511e-12      -1.816653842333e-12       0.000000000000e+00       4.132718804804e-16       1.005198737131e-16      -1.691356789255e-17 
 1934       3.325450350485e-11       1.859583134165e-12      -1.849985608332e-12       0.000000000000e+00       4.123821083856e-16       1.008174830497e-16      -1.690119364370e-17 
 1935       3.320407621466e-11       1.859232065284e-12      -1.883219791323e-12       0.000000000000e+00       4.114946547215e-16       1.011098937853e-16      -1.688758415366e-17 
 1936       3.315603143867e-11       1.858671317078e-12      -1.916340717660e-12       0.000000000000e+00       4.106095116550e-16       1.013971553497e-16      -1.687275241442e-17 
 1937       3.311035592317e-11       1.857900489094e-12      -1.949332650296e-12       0.000000000000e+00       4.097266712828e-16       1.016793174305e-16      -1.685671148320e-17 
 1938       3.306703633591e-11       1.856919181219e-12      -1.982179788698e-12       0.000000000000e+00       4.088461256317e-16       1.019564299727e-16      -1.683947448258e-17 
 1939       3.302605926596e-11       1.855726993678e-12      -2.014866268768e-12       0.000000000000e+00       4.079678666583e-16       1.022285431792e-16      -1.682105460056e-17 
 1940       3.298741122360e-11       1.854323527038e-12      -2.047376162762e-12       0.000000000000e+00       4.070918862488e-16       1.024957075114e-16      -1.680146509064e-17 
 1941       3.295107864021e-11       1.852708382208e-12      -2.079693479206e-12       0.000000000000e+00       4.062181762190e-16       1.027579736896e-16      -1.678071927195e-17 
 1942       3.291704786816e-11       1.850881160441e-12      -2.111802162819e-12       0.000000000000e+00       4.053467283142e-16       1.030153926928e-16      -1.675883052928e-17 
 1943       3.288530518071e-11       1.848841463333e-12      -2.143686094428e-12       0.000000000000e+00       4.044775342090e-16       1.032680157596e-16      -1.673581231323e-17 
 1944       3.285583677188e-11       1.846588892829e-12      -2.175329090890e-12       0.000000000000e+00       4.036105855074e-16       1.035158943886e-16      -1.671167814026e-17 
 1945       3.282862875634e-11       1.844123051220e-12      -2.206714905010e-12       0.000000000000e+00       4.027458737423e-16       1.037590803381e-16      -1.668644159280e-17 
 1946       3.280366716931e-11       1.841443541145e-12      -2.237827225458e-12       0.000000000000e+00       4.018833903759e-16       1.039976256273e-16      -1.666011631930e-17 
 1947       3.278093796644e-11       1.838549965595e-12      -2.268649676688e-12       0.000000000000e+00       4.010231267990e-16       1.042315825360e-16      -1.663271603438e-17 
 1948       3.276042314743e-11       1.835442397046e-12      -2.299167212962e-12       0.000000000000e+00       4.001650749114e-16       1.044609857999e-16      -1.660425207874e-17 
 1949       3.274208909537e-11       1.832122788722e-12      -2.329370312011e-12       0.000000000000e+00       3.993092288652e-16       1.046857990482e-16      -1.657472607877e-17 
 1950       3.272589814955e-11       1.828593573939e-12      -2.359250812718e-12       0.000000000000e+00       3.984555833342e-16       1.049059679641e-16      -1.654413723197e-17 
 1951       3.271181247359e-11       1.824857197948e-12      -2.388800523840e-12       0.000000000000e+00       3.976041329348e-16       1.051214380537e-16      -1.651248474211e-17 
 1952       3.269979405515e-11       1.820916117952e-12      -2.418011223970e-12       0.000000000000e+00       3.967548722263e-16       1.053321546454e-16      -1.647976781923e-17 
 1953       3.268980470573e-11       1.816772803125e-12      -2.446874661501e-12       0.000000000000e+00       3.959077957105e-16       1.055380628902e-16      -1.644598567965e-17 
 1954       3.268180606042e-11       1.812429734621e-12      -2.475382554588e-12       0.000000000000e+00       3.950628978318e-16       1.057391077611e-16      -1.641113754599e-17 
 1955       3.267575957768e-11       1.807889405596e-12      -2.503526591113e-12       0.000000000000e+00       3.942201729769e-16       1.059352340529e-16      -1.637522264717e-17 
 1956       3.267162653910e-11       1.803154321223e-12      -2.531298428645e-12       0.000000000000e+00       3.933796154748e-16       1.061263863824e-16      -1.633824021844e-17 
 1957       3.266936804915e-11       1.798226998705e-12      -2.558689694403e-12       0.000000000000e+00       3.925412195969e-16       1.063125091875e-16      -1.630018950138e-17 
 1958       3.266894503497e-11       1.793109967296e-12      -2.585691985223e-12       0.000000000000e+00       3.917049795567e-16       1.064935467279e-16      -1.626106974391e-17 
 1959       3.267031824610e-11       1.787805768315e-12      -2.612296867515e-12       0.000000000000e+00       3.908708895098e-16       1.066694430839e-16      -1.622088020032e-17 
 1960       3.267344825431e-11       1.782316955158e-12      -2.638495877232e-12       0.000000000000e+00       3.900389435534e-16       1.068401421570e-16      -1.617962013123e-17 
 1961       3.267829545330e-11       1.776646093323e-12      -2.664280519828e-12       0.000000000000e+00       3.892091357272e-16       1.070055876692e-16      -1.613728880370e-17 
 1962       3.268482005848e-11       1.770795760417e-12      -2.689642270222e-12       0.000000000000e+00       3.883814600121e-16       1.071657231631e-16      -1.609388549112e-17 
 1963       3.269298210678e-11       1.764768546178e-12      -2.714572572763e-12       0.000000000000e+00       3.875559103309e-16       1.073204920014e-16      -1.604940947332e-17 
 1964       3.270274145634e-11       1.758567052489e-12      -2.739062841193e-12       0.000000000000e+00       3.867324805482e-16       1.074698373671e-16      -1.600386003655e-17 
 1965       3.271405778636e-11       1.752193893393e-12      -2.763104458605e-12       0.000000000000e+00       3.859111644698e-16       1.076137022628e-16      -1.595723647346e-17 
 1966       3.272689059680e-11       1.745651695113e-12      -2.786688777411e-12       0.000000000000e+00       3.850919558431e-16       1.077520295108e-16      -1.590953808316e-17 
 1967       3.274119920817e-11       1.738943096065e-12      -2.809807119305e-12       0.000000000000e+00       3.842748483566e-16       1.078847617530e-16      -1.586076417121e-17 
 1968       3.275694276131e-11       1.732070746871e-12      -2.832450775221e-12       0.000000000000e+00       3.834598356403e-16       1.080118414502e-16      -1.581091404964e-17 
 1969       3.277408021711e-11       1.725037310384e-12      -2.854611005302e-12       0.000000000000e+00       3.826469112651e-16       1.081332108825e-16      -1.575998703693e-17 
 1970       3.279257035634e-11       1.717845461696e-12      -2.876279038859e-12       0.000000000000e+00       3.818360687432e-16       1.082488121487e-16      -1.570798245807e-17 
 1971       3.281237177936e-11       1.710497888158e-12      -2.897446074333e-12       0.000000000000e+00       3.810273015275e-16       1.083585871662e-16      -1.565489964455e-17 
 1972       3.283344290593e-11       1.702997289394e-12      -2.918103279263e-12       0.000000000000e+00       3.802206030119e-16       1.084624776707e-16      -1.560073793436e-17 
 1973       3.285574197492e-11       1.695346377319e-12      -2.938241790244e-12       0.000000000000e+00       3.794159665310e-16       1.085604252164e-16      -1.554549667202e-17 
 1974       3.287922704413e-11       1.687547876155e-12      -2.957852712892e-12       0.000000000000e+00       3.786133853600e-16       1.086523711751e-16      -1.548917520859e-17 
 1975       3.290385599003e-11       1.679604522447e-12      -2.976927121807e-12       0.000000000000e+00       3.778128527150e-16       1.087382567365e-16      -1.543177290167e-17 
 1976       3.292958650755e-11       1.671519065075e-12      -2.995456060534e-12       0.000000000000e+00       3.770143617522e-16       1.088180229080e-16      -1.537328911542e-17 
 1977       3.295637610978e-11       1.663294265279e-12      -3.013430541528e-12       0.000000000000e+00       3.762179055685e-16       1.088916105143e-16      -1.531372322058e-17 
 1978       3.298418212783e-11       1.654932896665e-12      -3.030841546118e-12       0.000000000000e+00       3.754234772009e-16       1.089589601971e-16      -1.525307459446e-17 
 1979       3.301296171051e-11       1.646437745228e-12      -3.047680024466e-12       0.000000000000e+00       3.746310696268e-16       1.090200124152e-16      -1.519134262097e-17 
 1980       3.304267182416e-11       1.637811609368e-12      -3.063936895533e-12       0.000000000000e+00       3.738406757634e-16       1.090747074440e-16      -1.512852669065e-17 
 1981       3.307326925238e-11       1.629057299901e-12      -3.079603047040e-12       0.000000000000e+00       3.730522884684e-16       1.091229853756e-16      -1.506462620062e-17 
 1982       3.310471059579e-11       1.620177640080e-12      -3.094669335435e-12       0.000000000000e+00       3.722659005390e-16       1.091647861183e-16      -1.499964055465e-17 
 1983       3.313695227182e-11       1.611175465609e-12      -3.109126585849e-12       0.000000000000e+00       3.714815047126e-16       1.092000493966e-16      -1.493356916317e-17 
 1984       3.316995051447e-11       1.602053624659e-12      -3.122965592064e-12       0.000000000000e+00       3.706990936661e-16       1.092287147508e-16      -1.486641144325e-17 
 1985       3.320366137407e-11       1.592814977886e-12      -3.136177116477e-12       0.000000000000e+00       3.699186600162e-16       1.092507215369e-16      -1.479816681861e-17 
 1986       3.323804071703e-11       1.583462398444e-12      -3.148751890056e-12       0.000000000000e+00       3.691401963191e-16       1.092660089264e-16      -1.472883471968e-17 
 1987       3.327304512013e-11       1.573998873502e-12      -3.160682378646e-12       0.000000000000e+00       3.683636955655e-16       1.092745399576e-16      -1.465841052740e-17 
 1988       3.330863456082e-11       1.564427809562e-12      -3.171968096153e-12       0.000000000000e+00       3.675891526689e-16       1.092763738820e-16      -1.458687337211e-17 
 1989       3.334476974627e-11       1.554752729422e-12      -3.182610330419e-12       0.000000000000e+00       3.668165629882e-16       1.092715943506e-16      -1.451419824483e-17 
 1990       3.338141122043e-11       1.544977170900e-12      -3.192610380459e-12       0.000000000000e+00       3.660459218333e-16       1.092602854108e-16      -1.444036004515e-17 
 1991       3.341851936385e-11       1.535104686854e-12      -3.201969556474e-12       0.000000000000e+00       3.652772244654e-16       1.092425315073e-16      -1.436533358110e-17 
 1992       3.345605439350e-11       1.525138845199e-12      -3.210689179873e-12       0.000000000000e+00       3.645104660965e-16       1.092184174827e-16      -1.428909356907e-17 
 1993       3.349397636249e-11       1.515083228929e-12      -3.218770583284e-12       0.000000000000e+00       3.637456418898e-16       1.091880285776e-16      -1.421161463371e-17 
 1994       3.353224515994e-11       1.504941436137e-12      -3.226215110574e-12       0.000000000000e+00       3.629827469590e-16       1.091514504316e-16      -1.413287130775e-17 
 1995       3.357082051072e-11       1.494717080030e-12      -3.233024116863e-12       0.000000000000e+00       3.622217763691e-16       1.091087690833e-16      -1.405283803198e-17 
 1996       3.360966197527e-11       1.484413788950e-12      -3.239198968545e-12       0.000000000000e+00       3.614627251354e-16       1.090600709715e-16      -1.397148915505e-17 
 1997       3.364872894939e-11       1.474035206397e-12      -3.244741043297e-12       0.000000000000e+00       3.607055882240e-16       1.090054429352e-16      -1.388879893342e-17 
 1998       3.368798066402e-11       1.463584991041e-12      -3.249651730106e-12       0.000000000000e+00       3.599503605516e-16       1.089449722142e-16      -1.380474153125e-17 
 1999       3.372737618505e-11       1.453066816749e-12      -3.253932429275e-12       0.000000000000e+00       3.591970369854e-16       1.088787464499e-16      -1.371929102023e-17 
 2000       3.376687441307e-11       1.442484372598e-12      -3.257584552447e-12       0.000000000000e+00       3.584456123428e-16       1.088068536853e-16      -1.363242137954e-17 
 2001       3.380643408325e-11       1.431841362897e-12      -3.260609522617e-12       0.000000000000e+00       3.576960813919e-16       1.087293823661e-16      -1.354410649568e-17 
 2002       3.384601376503e-11       1.421141507206e-12      -3.263008774152e-12       0.000000000000e+00       3.569484388507e-16       1.086464213410e-16      -1.345432016241e-17 
 2003       3.388557186200e-11       1.410388540355e-12      -3.264783752806e-12       0.000000000000e+00       3.562026793875e-16       1.085580598621e-16      -1.336303608059e-17 
 2004       3.392506661163e-11       1.399586212463e-12      -3.265935915736e-12       0.000000000000e+00       3.554587976209e-16       1.084643875854e-16      -1.327022785811e-17 
 2005       3.396445608508e-11       1.388738288957e-12      -3.266466731519e-12       0.000000000000e+00       3.547167881193e-16       1.083654945717e-16      -1.317586900976e-17 
 2006       3.400369818704e-11       1.377848550593e-12      -3.266377680168e-12       0.000000000000e+00       3.539766454010e-16       1.082614712866e-16      -1.307993295711e-17 
 2007       3.404275065544e-11       1.366920793471e-12      -3.265670253153e-12       0.000000000000e+00       3.532383639345e-16       1.081524086015e-16      -1.298239302842e-17 
 2008       3.408157106131e-11       1.355958829060e-12      -3.264345953408e-12       0.000000000000e+00       3.525019381377e-16       1.080383977939e-16      -1.288322245850e-17 
 2009       3.412011680855e-11       1.344966484213e-12      -3.262406295359e-12       0.000000000000e+00       3.517673623785e-16       1.079195305477e-16      -1.278239438864e-17 
 2010       3.415834513370e-11       1.333947601186e-12      -3.259852804932e-12       0.000000000000e+00       3.510346309744e-16       1.077958989541e-16      -1.267988186646e-17 
 2011       3.419621310578e-11       1.322906037661e-12      -3.256687019573e-12       0.000000000000e+00       3.503037381923e-16       1.076675955122e-16      -1.257565784582e-17 
 2012       3.423367762604e-11       1.311845666760e-12      -3.252910488263e-12       0.000000000000e+00       3.495746782488e-16       1.075347131289e-16      -1.246969518669e-17 
 2013       3.427069542778e-11       1.300770377070e-12      -3.248524771540e-12       0.000000000000e+00       3.488474453097e-16       1.073973451202e-16      -1.236196665506e-17 
 2014       3.430722307613e-11       1.289684072656e-12      -3.243531441505e-12       0.000000000000e+00       3.481220334904e-16       1.072555852110e-16      -1.225244492283e-17 
 2015       3.434321696784e-11       1.278590673087e-12      -3.237932081851e-12       0.000000000000e+00       3.473984368553e-16       1.071095275363e-16      -1.214110256768e-17 
 2016       3.437863333109e-11       1.267494113447e-12      -3.231728287869e-12       0.000000000000e+00       3.466766494181e-16       1.069592666412e-16      -1.202791207296e-17 
 2017       3.441342822525e-11       1.256398344362e-12      -3.224921666470e-12       0.000000000000e+00       3.459566651416e-16       1.068048974817e-16      -1.191284582760e-17 
 2018       3.444755754073e-11       1.245307332016e-12      -3.217513836202e-12       0.000000000000e+00       3.452384779377e-16       1.066465154250e-16      -1.179587612597e-17 
 2019       3.448097699870e-11       1.234225058169e-12      -3.209506427263e-12       0.000000000000e+00       3.445220816672e-16       1.064842162504e-16      -1.167697516780e-17 
 2020       3.451364215094e-11       1.223155520177e-12      -3.200901081523e-12       0.000000000000e+00       3.438074701396e-16       1.063180961494e-16      -1.155611505804e-17 
 2021       3.454550837961e-11       1.212102731011e-12      -3.191699452532e-12       0.000000000000e+00       3.430946371134e-16       1.061482517265e-16      -1.143326780677e-17 
 2022       3.457653089705e-11       1.201070719280e-12      -3.181903205547e-12       0.000000000000e+00       3.423835762958e-16       1.059747799996e-16      -1.130840532908e-17 
 2023       3.460666474555e-11       1.190063529244e-12      -3.171514017540e-12       0.000000000000e+00       3.416742813426e-16       1.057977784007e-16      -1.118149944494e-17 
 2024       3.463586479718e-11       1.179085220836e-12      -3.160533577219e-12       0.000000000000e+00       3.409667458582e-16       1.056173447761e-16      -1.105252187914e-17 
 2025       3.466408575356e-11       1.168139869683e-12      -3.148963585045e-12       0.000000000000e+00       3.402609633954e-16       1.054335773871e-16      -1.092144426113e-17 
 2026       3.469128652195e-11       1.157231306266e-12      -3.136806888691e-12       0.000000000000e+00       3.395569278784e-16       1.052465480970e-16      -1.078825965860e-17 
 2027       3.471744337851e-11       1.146362331304e-12      -3.124070898375e-12       0.000000000000e+00       3.388546348739e-16       1.050562217185e-16      -1.065304734853e-17 
 2028       3.474253689974e-11       1.135535494745e-12      -3.110764196236e-12       0.000000000000e+00       3.381540803292e-16       1.048625360847e-16      -1.051590851389e-17 
 2029       3.476654759472e-11       1.124753356111e-12      -3.096895403178e-12       0.000000000000e+00       3.374552601497e-16       1.046654288091e-16      -1.037694475290e-17 
 2030       3.478945590504e-11       1.114018484515e-12      -3.082473178921e-12       0.000000000000e+00       3.367581701987e-16       1.044648372860e-16      -1.023625807963e-17 
 2031       3.481124220472e-11       1.103333458672e-12      -3.067506222049e-12       0.000000000000e+00       3.360628062980e-16       1.042606986897e-16      -1.009395092445e-17 
 2032       3.483188680012e-11       1.092700866910e-12      -3.052003270061e-12       0.000000000000e+00       3.353691642271e-16       1.040529499746e-16      -9.950126134566e-18 
 2033       3.485136992989e-11       1.082123307181e-12      -3.035973099420e-12       0.000000000000e+00       3.346772397237e-16       1.038415278746e-16      -9.804886974566e-18 
 2034       3.486967176486e-11       1.071603387073e-12      -3.019424525603e-12       0.000000000000e+00       3.339870284831e-16       1.036263689034e-16      -9.658337126902e-18 
 2035       3.488677240797e-11       1.061143723822e-12      -3.002366403150e-12       0.000000000000e+00       3.332985261587e-16       1.034074093534e-16      -9.510580692428e-18 
 2036       3.490265189419e-11       1.050746944322e-12      -2.984807625716e-12       0.000000000000e+00       3.326117283616e-16       1.031845852963e-16      -9.361722190910e-18 
 2037       3.491729019045e-11       1.040415685141e-12      -2.966757126117e-12       0.000000000000e+00       3.319266306605e-16       1.029578325822e-16      -9.211866561547e-18 
 2038       3.493066719556e-11       1.030152592525e-12      -2.948223876384e-12       0.000000000000e+00       3.312432285819e-16       1.027270868397e-16      -9.061119163489e-18 
 2039       3.494276274011e-11       1.019960322417e-12      -2.929216887810e-12       0.000000000000e+00       3.305615176096e-16       1.024922834755e-16      -8.909585776354e-18 
 2040       3.495355658642e-11       1.009841540465e-12      -2.909745211000e-12       0.000000000000e+00       3.298814931852e-16       1.022533576743e-16      -8.757372600746e-18 
 2041       3.496302842842e-11       9.997989220336e-13      -2.889817935921e-12       0.000000000000e+00       3.292031507075e-16       1.020102443982e-16      -8.604586258774e-18 
 2042       3.497115789164e-11       9.898351522167e-13      -2.869444191953e-12       0.000000000000e+00       3.285264855330e-16       1.017628783868e-16      -8.451333794569e-18 
 2043       3.497792453304e-11       9.799529258478e-13      -2.848633147937e-12       0.000000000000e+00       3.278514929751e-16       1.015111941567e-16      -8.297722674802e-18 
 2044       3.498330784102e-11       9.701549475128e-13      -2.827394012225e-12       0.000000000000e+00       3.271781683047e-16       1.012551260014e-16      -8.143860789203e-18 
 2045       3.498728723526e-11       9.604439315606e-13      -2.805736032730e-12       0.000000000000e+00       3.265065067499e-16       1.009946079909e-16      -7.989856451078e-18 
 2046       3.498984206672e-11       9.508226021152e-13      -2.783668496979e-12       0.000000000000e+00       3.258365034958e-16       1.007295739716e-16      -7.835818397827e-18 
 2047       3.499095161749e-11       9.412936930875e-13      -2.761200732154e-12       0.000000000000e+00       3.251681536847e-16       1.004599575659e-16      -7.681855791462e-18 
 2048       3.499059510074e-11       9.318599481860e-13      -2.738342105152e-12       0.000000000000e+00       3.245014524157e-16       1.001856921720e-16      -7.528078219127e-18 
 2049       3.498875166067e-11       9.225241209294e-13      -2.715102022629e-12       0.000000000000e+00       3.238363947449e-16       9.990671096359e-17      -7.374595693611e-18 
 2050       3.498540037238e-11       9.132889746573e-13      -2.691489931050e-12       0.000000000000e+00       3.231729756854e-16       9.962294688970e-17      -7.221518653872e-18 
 2051       3.498052024182e-11       9.041572825425e-13      -2.667515316740e-12       0.000000000000e+00       3.225111902070e-16       9.933433267430e-17      -7.068957965552e-18 
 2052       3.497409020569e-11       8.951318276022e-13      -2.643187705934e-12       0.000000000000e+00       3.218510332360e-16       9.904080081616e-17      -6.917024921493e-18 
 2053       3.496608913140e-11       8.862154027093e-13      -2.618516664824e-12       0.000000000000e+00       3.211924996558e-16       9.874228358852e-17      -6.765831242259e-18 
 2054       3.495649581695e-11       8.774108106046e-13      -2.593511799614e-12       0.000000000000e+00       3.205355843061e-16       9.843871303883e-17      -6.615489076652e-18 
 2055       3.494528899085e-11       8.687208639081e-13      -2.568182756565e-12       0.000000000000e+00       3.198802819831e-16       9.813002098855e-17      -6.466111002228e-18 
 2056       3.493244731210e-11       8.601483851304e-13      -2.542539222046e-12       0.000000000000e+00       3.192265874398e-16       9.781613903280e-17      -6.317810025820e-18 
 2057       3.491794937003e-11       8.516962066844e-13      -2.516590922584e-12       0.000000000000e+00       3.185744953854e-16       9.749699854020e-17      -6.170699584052e-18 
 2058       3.490177368427e-11       8.433671708970e-13      -2.490347624914e-12       0.000000000000e+00       3.179240004852e-16       9.717253065250e-17      -6.024893543857e-18 
 2059       3.488389870465e-11       8.351641300207e-13      -2.463819136030e-12       0.000000000000e+00       3.172750973613e-16       9.684266628444e-17      -5.880506202998e-18 
 2060       3.486430281115e-11       8.270899462447e-13      -2.437015303232e-12       0.000000000000e+00       3.166277805916e-16       9.650733612337e-17      -5.737652290581e-18 
 2061       3.484296431379e-11       8.191474917071e-13      -2.409946014176e-12       0.000000000000e+00       3.159820447103e-16       9.616647062908e-17      -5.596446967579e-18 
 2062       3.481986145255e-11       8.113396485061e-13      -2.382621196928e-12       0.000000000000e+00       3.153378842077e-16       9.582000003351e-17      -5.457005827346e-18 
 2063       3.479497239731e-11       8.036693087117e-13      -2.355050820007e-12       0.000000000000e+00       3.146952935301e-16       9.546785434047e-17      -5.319444896134e-18 
 2064       3.476827524777e-11       7.961393743774e-13      -2.327244892440e-12       0.000000000000e+00       3.140542670798e-16       9.510996332541e-17      -5.183880633616e-18 
 2065       3.473975296495e-11       7.887523332967e-13      -2.299213463880e-12       0.000000000000e+00       3.134147995765e-16       9.474631130176e-17      -5.050396482347e-18 
 2066       3.470940820412e-11       7.815089829644e-13      -2.270966624861e-12       0.000000000000e+00       3.127768871451e-16       9.437710184492e-17      -4.918942255943e-18 
 2067       3.467724858686e-11       7.744096975935e-13      -2.242514506645e-12       0.000000000000e+00       3.121405262355e-16       9.400259423540e-17      -4.789434038756e-18 
 2068       3.464328177906e-11       7.674548515482e-13      -2.213867281200e-12       0.000000000000e+00       3.115057132618e-16       9.362304879947e-17      -4.661787571758e-18 
 2069       3.460751549103e-11       7.606448193439e-13      -2.185035161251e-12       0.000000000000e+00       3.108724446022e-16       9.323872691047e-17      -4.535918252114e-18 
 2070       3.456995747747e-11       7.539799756466e-13      -2.156028400329e-12       0.000000000000e+00       3.102407165988e-16       9.284989099003e-17      -4.411741132764e-18 
 2071       3.453061553762e-11       7.474606952724e-13      -2.126857292821e-12       0.000000000000e+00       3.096105255577e-16       9.245680450943e-17      -4.289170921993e-18 
 2072       3.448949751527e-11       7.410873531875e-13      -2.097532174021e-12       0.000000000000e+00       3.089818677489e-16       9.205973199081e-17      -4.168121983016e-18 
 2073       3.444661129881e-11       7.348603245076e-13      -2.068063420177e-12       0.000000000000e+00       3.083547394063e-16       9.165893900849e-17      -4.048508333549e-18 
 2074       3.440196482133e-11       7.287799844974e-13      -2.038461448544e-12       0.000000000000e+00       3.077291367274e-16       9.125469219025e-17      -3.930243645389e-18 
 2075       3.435556606065e-11       7.228467085708e-13      -2.008736717430e-12       0.000000000000e+00       3.071050558738e-16       9.084725921858e-17      -3.813241243992e-18 
 2076       3.430742303939e-11       7.170608722900e-13      -1.978899726251e-12       0.000000000000e+00       3.064824929704e-16       9.043690883200e-17      -3.697414108045e-18 
 2077       3.425754382503e-11       7.114228513651e-13      -1.948961015574e-12       0.000000000000e+00       3.058614441059e-16       9.002391082631e-17      -3.582674869051e-18 
 2078       3.420593652996e-11       7.059330216544e-13      -1.918931167172e-12       0.000000000000e+00       3.052419053327e-16       8.960853605588e-17      -3.468935810897e-18 
 2079       3.415260931153e-11       7.005917591633e-13      -1.888820804074e-12       0.000000000000e+00       3.046238726665e-16       8.919105643494e-17      -3.356108869441e-18 
 2080       3.409757037217e-11       6.953994400444e-13      -1.858640590610e-12       0.000000000000e+00       3.040073420865e-16       8.877174493884e-17      -3.244105632080e-18 
 2081       3.404082795935e-11       6.903564405969e-13      -1.828401232465e-12       0.000000000000e+00       3.033923095355e-16       8.835087560534e-17      -3.132837337333e-18 
 2082       3.398239036574e-11       6.854631372663e-13      -1.798113476726e-12       0.000000000000e+00       3.027787709195e-16       8.792872353591e-17      -3.022214874414e-18 
 2083       3.392226592920e-11       6.807199066442e-13      -1.767788111935e-12       0.000000000000e+00       3.021667221077e-16       8.750556489698e-17      -2.912148782814e-18 
 2084       3.386046303286e-11       6.761271254678e-13      -1.737435968136e-12       0.000000000000e+00       3.015561589328e-16       8.708167692123e-17      -2.802549251873e-18 
 2085       3.379699010519e-11       6.716851706195e-13      -1.707067916924e-12       0.000000000000e+00       3.009470771905e-16       8.665733790888e-17      -2.693326120361e-18 
 2086       3.373185562006e-11       6.673944191267e-13      -1.676694871500e-12       0.000000000000e+00       3.003394726399e-16       8.623282722896e-17      -2.584388876052e-18 
 2087       3.366506809677e-11       6.632552481612e-13      -1.646327786713e-12       0.000000000000e+00       2.997333410027e-16       8.580842532059e-17      -2.475646655303e-18 
 2088       3.359663610014e-11       6.592680350391e-13      -1.615977659117e-12       0.000000000000e+00       2.991286779642e-16       8.538441369426e-17      -2.367008242631e-18 
 2089       3.352656824057e-11       6.554331572203e-13      -1.585655527016e-12       0.000000000000e+00       2.985254791722e-16       8.496107493313e-17      -2.258382070290e-18 
 2090       3.345487317408e-11       6.517509923082e-13      -1.555372470515e-12       0.000000000000e+00       2.979237402378e-16       8.453869269428e-17      -2.149676217847e-18 
 2091       3.338155960238e-11       6.482219180493e-13      -1.525139611571e-12       0.000000000000e+00       2.973234567347e-16       8.411755171001e-17      -2.040798411760e-18 
 2092       3.330663627292e-11       6.448463123328e-13      -1.494968114042e-12       0.000000000000e+00       2.967246241996e-16       8.369793778911e-17      -1.931656024954e-18 
 2093       3.323011197897e-11       6.416245531905e-13      -1.464869183735e-12       0.000000000000e+00       2.961272381317e-16       8.328013781815e-17      -1.822156076402e-18 
 2094       3.315199555967e-11       6.385570187960e-13      -1.434854068459e-12       0.000000000000e+00       2.955312939932e-16       8.286443976275e-17      -1.712205230697e-18 
 2095       3.307229590006e-11       6.356440874647e-13      -1.404934058071e-12       0.000000000000e+00       2.949367872089e-16       8.245113266887e-17      -1.601709797630e-18 
 2096       3.299102193120e-11       6.328861376534e-13      -1.375120484531e-12       0.000000000000e+00       2.943437131660e-16       8.204050666408e-17      -1.490575731772e-18 
 2097       3.290818263017e-11       6.302835479597e-13      -1.345424721946e-12       0.000000000000e+00       2.937520672144e-16       8.163285295886e-17      -1.378708632043e-18 
 2098       3.282378702017e-11       6.278366971219e-13      -1.315858186622e-12       0.000000000000e+00       2.931618446664e-16       8.122846384784e-17      -1.266013741297e-18 
 2099       3.273784417055e-11       6.255459640187e-13      -1.286432337117e-12       0.000000000000e+00       2.925730407969e-16       8.082763271113e-17      -1.152395945895e-18 
 2100       3.265036319690e-11       6.234117276684e-13      -1.257158674284e-12       0.000000000000e+00       2.919856508430e-16       8.043065401557e-17      -1.037759775280e-18 
 2101       3.256135326107e-11       6.214343672291e-13      -1.228048741326e-12       0.000000000000e+00       2.913996700042e-16       8.003782331602e-17      -9.220094015603e-19 
 2102       3.247082357129e-11       6.196142619980e-13      -1.199114123847e-12       0.000000000000e+00       2.908150934423e-16       7.964943725662e-17      -8.050486390807e-19 
 2103       3.237878338214e-11       6.179517914111e-13      -1.170366449894e-12       0.000000000000e+00       2.902319162812e-16       7.926579357210e-17      -6.867809440028e-19 
 2104       3.228524478640e-11       6.164469977963e-13      -1.141816452448e-12       0.000000000000e+00       2.896501339168e-16       7.888709482828e-17      -5.671376323552e-19 
 2105       3.219023111134e-11       6.150985720694e-13      -1.113471149641e-12       0.000000000000e+00       2.890697429489e-16       7.851315890895e-17      -4.461627496220e-19 
 2106       3.209376858090e-11       6.139048609803e-13      -1.085336645015e-12       0.000000000000e+00       2.884907402551e-16       7.814370651734e-17      -3.239287907726e-19 
 2107       3.199588352948e-11       6.128642037098e-13      -1.057419063335e-12       0.000000000000e+00       2.879131226825e-16       7.777845725263e-17      -2.005085357387e-19 
 2108       3.189660240204e-11       6.119749318600e-13      -1.029724550612e-12       0.000000000000e+00       2.873368870471e-16       7.741712960869e-17      -7.597504975576e-20 
 2109       3.179595175425e-11       6.112353694449e-13      -1.002259274129e-12       0.000000000000e+00       2.867620301339e-16       7.705944097269e-17       4.959831629526e-20 
 2110       3.169395825260e-11       6.106438328804e-13      -9.750294224623e-13       0.000000000000e+00       2.861885486968e-16       7.670510762380e-17       1.761379255463e-19 
 2111       3.159064867457e-11       6.101986309757e-13      -9.480412055090e-13       0.000000000000e+00       2.856164394587e-16       7.635384473189e-17       3.035698548007e-19 
 2112       3.148604990875e-11       6.098980649229e-13      -9.213008545095e-13       0.000000000000e+00       2.850456991111e-16       7.600536635615e-17       4.318198941911e-19 
 2113       3.138018895496e-11       6.097404282880e-13      -8.948146220724e-13       0.000000000000e+00       2.844763243146e-16       7.565938544379e-17       5.608135468383e-19 
 2114       3.127309292443e-11       6.097240070013e-13      -8.685887821989e-13       0.000000000000e+00       2.839083116983e-16       7.531561382870e-17       6.904760285093e-19 
 2115       3.116478903987e-11       6.098470793481e-13      -8.426296303068e-13       0.000000000000e+00       2.833416578603e-16       7.497376223016e-17       8.207322672755e-19 
 2116       3.105530463565e-11       6.101079159587e-13      -8.169434832554e-13       0.000000000000e+00       2.827763593671e-16       7.463354025146e-17       9.515069031716e-19 
 2117       3.094466715794e-11       6.105047797993e-13      -7.915366793692e-13       0.000000000000e+00       2.822124127540e-16       7.429465637859e-17       1.082724287853e-18 
 2118       3.083290416481e-11       6.110359261627e-13      -7.664155784627e-13       0.000000000000e+00       2.816498145246e-16       7.395681797893e-17       1.214308484256e-18 
 2119       3.072004332639e-11       6.116996026581e-13      -7.415865618647e-13       0.000000000000e+00       2.810885611514e-16       7.361973129990e-17       1.346183266253e-18 
 2120       3.060611242501e-11       6.124940492023e-13      -7.170560324424e-13       0.000000000000e+00       2.805286490752e-16       7.328310146764e-17       1.478272118315e-18 
 2121       3.049113935531e-11       6.134174980099e-13      -6.928304146259e-13       0.000000000000e+00       2.799700747051e-16       7.294663248571e-17       1.610498235165e-18 
 2122       3.037515212441e-11       6.144681735838e-13      -6.689161544327e-13       0.000000000000e+00       2.794128344187e-16       7.261002723369e-17       1.742784521441e-18 
 2123       3.025817885199e-11       6.156442927057e-13      -6.453197194916e-13       0.000000000000e+00       2.788569245621e-16       7.227298746592e-17       1.875053591353e-18 
 2124       3.014024777051e-11       6.169440644268e-13      -6.220475990677e-13       0.000000000000e+00       2.783023414495e-16       7.193521381017e-17       2.007227768337e-18 
 2125       3.002138722524e-11       6.183656900580e-13      -5.991063040859e-13       0.000000000000e+00       2.777490813633e-16       7.159640576625e-17       2.139229084722e-18 
 2126       2.990162567449e-11       6.199073631606e-13      -5.765023671562e-13       0.000000000000e+00       2.771971405544e-16       7.125626170476e-17       2.270979281379e-18 
 2127       2.978099168969e-11       6.215672695368e-13      -5.542423425972e-13       0.000000000000e+00       2.766465152415e-16       7.091447886570e-17       2.402399807386e-18 
 2128       2.965951395555e-11       6.233435872202e-13      -5.323328064610e-13       0.000000000000e+00       2.760972016117e-16       7.057075335718e-17       2.533411819685e-18 
 2129       2.953722127017e-11       6.252344864662e-13      -5.107803565571e-13       0.000000000000e+00       2.755491958199e-16       7.022478015408e-17       2.663936182737e-18 
 2130       2.941414254519e-11       6.272381297426e-13      -4.895916124773e-13       0.000000000000e+00       2.750024939893e-16       6.987625309672e-17       2.793893468184e-18 
 2131       2.929030680595e-11       6.293526717201e-13      -4.687732156195e-13       0.000000000000e+00       2.744570922109e-16       6.952486488954e-17       2.923203954506e-18 
 2132       2.916574319157e-11       6.315762592627e-13      -4.483318292124e-13       0.000000000000e+00       2.739129865437e-16       6.917030709975e-17       3.051787626679e-18 
 2133       2.904048095513e-11       6.339070314185e-13      -4.282741383396e-13       0.000000000000e+00       2.733701730144e-16       6.881227015603e-17       3.179564175834e-18 
 2134       2.891454946380e-11       6.363431194098e-13      -4.086068499642e-13       0.000000000000e+00       2.728286476179e-16       6.845044334720e-17       3.306452998917e-18 
 2135       2.878797819895e-11       6.388826466239e-13      -3.893366929529e-13       0.000000000000e+00       2.722884063165e-16       6.808451482087e-17       3.432373198342e-18 
 2136       2.866079675630e-11       6.415237286034e-13      -3.704704181004e-13       0.000000000000e+00       2.717494450404e-16       6.771417158211e-17       3.557243581655e-18 
 2137       2.853303484608e-11       6.442644730370e-13      -3.520147981540e-13       0.000000000000e+00       2.712117596877e-16       6.733909949217e-17       3.680982661191e-18 
 2138       2.840472229310e-11       6.471029797497e-13      -3.339766278375e-13       0.000000000000e+00       2.706753461239e-16       6.695898326710e-17       3.803508653728e-18 
 2139       2.827588903696e-11       6.500373406933e-13      -3.163627238758e-13       0.000000000000e+00       2.701402001821e-16       6.657350647644e-17       3.924739480153e-18 
 2140       2.814656513213e-11       6.530656399373e-13      -2.991799250195e-13       0.000000000000e+00       2.696063176631e-16       6.618235154189e-17       4.044592765113e-18 
 2141       2.801678074813e-11       6.561859536590e-13      -2.824350920687e-13       0.000000000000e+00       2.690736943352e-16       6.578519973600e-17       4.162985836679e-18 
 2142       2.788656616962e-11       6.593963501341e-13      -2.661351078975e-13       0.000000000000e+00       2.685423259340e-16       6.538173118082e-17       4.279835725999e-18 
 2143       2.775595133091e-11       6.626948034197e-13      -2.502856489220e-13       0.000000000000e+00       2.680122084288e-16       6.497171876837e-17       4.395069760715e-18 
 2144       2.762496441564e-11       6.660789337784e-13      -2.348874902807e-13       0.000000000000e+00       2.674833388228e-16       6.455531062598e-17       4.508657424964e-18 
 2145       2.749363324781e-11       6.695462654618e-13      -2.199401754633e-13       0.000000000000e+00       2.669557143580e-16       6.413274957779e-17       4.620578716328e-18 
 2146       2.736198575667e-11       6.730943128459e-13      -2.054432425685e-13       0.000000000000e+00       2.664293322496e-16       6.370427939929e-17       4.730813571772e-18 
 2147       2.723004997685e-11       6.767205804190e-13      -1.913962242957e-13       0.000000000000e+00       2.659041896863e-16       6.327014481842e-17       4.839341867581e-18 
 2148       2.709785404847e-11       6.804225627702e-13      -1.777986479376e-13       0.000000000000e+00       2.653802838297e-16       6.283059151672e-17       4.946143419296e-18 
 2149       2.696542621728e-11       6.841977445773e-13      -1.646500353724e-13       0.000000000000e+00       2.648576118146e-16       6.238586613044e-17       5.051197981648e-18 
 2150       2.683279483478e-11       6.880436005952e-13      -1.519499030561e-13       0.000000000000e+00       2.643361707489e-16       6.193621625167e-17       5.154485248491e-18 
 2151       2.669998835833e-11       6.919575956445e-13      -1.396977620147e-13       0.000000000000e+00       2.638159577137e-16       6.148189042945e-17       5.255984852740e-18 
 2152       2.656703535128e-11       6.959371845991e-13      -1.278931178363e-13       0.000000000000e+00       2.632969697630e-16       6.102313817093e-17       5.355676366306e-18 
 2153       2.643396448311e-11       6.999798123750e-13      -1.165354706637e-13       0.000000000000e+00       2.627792039236e-16       6.056020994247e-17       5.453539300028e-18 
 2154       2.630080452952e-11       7.040829139184e-13      -1.056243151865e-13       0.000000000000e+00       2.622626571957e-16       6.009335717076e-17       5.549553103613e-18 
 2155       2.616758437259e-11       7.082439141936e-13      -9.515914063312e-14       0.000000000000e+00       2.617473265520e-16       5.962283224394e-17       5.643697165565e-18 
 2156       2.603433300086e-11       7.124602281720e-13      -8.513943076347e-14       0.000000000000e+00       2.612332089381e-16       5.914888851278e-17       5.735950813124e-18 
 2157       2.590107950948e-11       7.167292608194e-13      -7.556466386090e-14       0.000000000000e+00       2.607203012727e-16       5.867178029173e-17       5.826293312202e-18 
 2158       2.576785310036e-11       7.210484070851e-13      -6.643431272460e-14       0.000000000000e+00       2.602086004471e-16       5.819176286010e-17       5.914703867313e-18 
 2159       2.563468308221e-11       7.254150518897e-13      -5.774784466181e-14       0.000000000000e+00       2.596981033253e-16       5.770909246314e-17       6.001161621514e-18 
 2160       2.550159887076e-11       7.298265701135e-13      -4.950472148007e-14       0.000000000000e+00       2.591888067441e-16       5.722402631322e-17       6.085645656335e-18 
 2161       2.536862998882e-11       7.342803265846e-13      -4.170439947951e-14       0.000000000000e+00       2.586807075129e-16       5.673682259090e-17       6.168134991719e-18 
 2162       2.523580606642e-11       7.387736760673e-13      -3.434632944508e-14       0.000000000000e+00       2.581738024138e-16       5.624774044609e-17       6.248608585951e-18 
 2163       2.510315684093e-11       7.433039632504e-13      -2.742995663880e-14       0.000000000000e+00       2.576680882015e-16       5.575703999917e-17       6.327045335599e-18 
 2164       2.497071215720e-11       7.478685227351e-13      -2.095472079206e-14       0.000000000000e+00       2.571635616032e-16       5.526498234211e-17       6.403424075444e-18 
 2165       2.483850196765e-11       7.524646790238e-13      -1.492005609780e-14       0.000000000000e+00       2.566602193186e-16       5.477182953958e-17       6.477723578419e-18 
 2166       2.470655633243e-11       7.570897465079e-13      -9.325391202862e-15       0.000000000000e+00       2.561580580199e-16       5.427784463011e-17       6.549922555542e-18 
 2167       2.457490541951e-11       7.617410294562e-13      -4.170149200168e-15       0.000000000000e+00       2.556570743517e-16       5.378329162719e-17       6.619999655851e-18 
 2168       2.444357950483e-11       7.664158220032e-13       5.462523789851e-16       0.000000000000e+00       2.551572649311e-16       5.328843552038e-17       6.687933466340e-18 
 2169       2.431260897241e-11       7.711114081374e-13       4.824401572677e-15       0.000000000000e+00       2.546586263476e-16       5.279354227650e-17       6.753702511893e-18 
 2170       2.418202431447e-11       7.758250616892e-13       8.664891996111e-15       0.000000000000e+00       2.541611551627e-16       5.229887884066e-17       6.817285255220e-18 
 2171       2.405185613155e-11       7.805540463197e-13       1.206832284935e-14       0.000000000000e+00       2.536648479105e-16       5.180471313747e-17       6.878660096791e-18 
 2172       2.392213513266e-11       7.852956155084e-13       1.503529892507e-14       0.000000000000e+00       2.531697010972e-16       5.131131407213e-17       6.937805374771e-18 
 2173       2.379289213535e-11       7.900470125420e-13       1.756643061630e-14       0.000000000000e+00       2.526757112013e-16       5.081895153154e-17       6.994699364958e-18 
 2174       2.366415806589e-11       7.948054705021e-13       1.966233392415e-14       0.000000000000e+00       2.521828746733e-16       5.032789638546e-17       7.049320280712e-18 
 2175       2.353596395938e-11       7.995682122538e-13       2.132363046559e-14       0.000000000000e+00       2.516911879360e-16       4.983842048759e-17       7.101646272896e-18 
 2176       2.340834095982e-11       8.043324504339e-13       2.255094748114e-14       0.000000000000e+00       2.512006473842e-16       4.935079667675e-17       7.151655429809e-18 
 2177       2.328132032031e-11       8.090953874392e-13       2.334491784268e-14       0.000000000000e+00       2.507112493847e-16       4.886529877797e-17       7.199325777118e-18 
 2178       2.315493340313e-11       8.138542154143e-13       2.370618006113e-14       0.000000000000e+00       2.502229902763e-16       4.838220160360e-17       7.244635277799e-18 
 2179       2.302921167985e-11       8.186061162407e-13       2.363537829424e-14       0.000000000000e+00       2.497358663700e-16       4.790178095450e-17       7.287561832067e-18 
 2180       2.290418673150e-11       8.233482615243e-13       2.313316235431e-14       0.000000000000e+00       2.492498739484e-16       4.742431362107e-17       7.328083277313e-18 
 2181       2.277989024864e-11       8.280778125839e-13       2.220018771593e-14       0.000000000000e+00       2.487650092662e-16       4.695007738447e-17       7.366177388039e-18 
 2182       2.265635115521e-11       8.327920878622e-13       2.083793815761e-14       0.000000000000e+00       2.482812687793e-16       4.647929713193e-17       7.401835410159e-18 
 2183       2.253358695853e-11       8.374890664099e-13       1.905119970324e-14       0.000000000000e+00       2.477986498352e-16       4.601198280549e-17       7.435102763283e-18 
 2184       2.241161234148e-11       8.421668877559e-13       1.684560329383e-14       0.000000000000e+00       2.473171499872e-16       4.554809036830e-17       7.466038611378e-18 
 2185       2.229044203364e-11       8.468236847841e-13       1.422680368911e-14       0.000000000000e+00       2.468367667653e-16       4.508757559147e-17       7.494702353471e-18 
 2186       2.217009081128e-11       8.514575837254e-13       1.120047949602e-14       0.000000000000e+00       2.463574976764e-16       4.463039405376e-17       7.521153623924e-18 
 2187       2.205057349747e-11       8.560667041507e-13       7.772333197137e-15       0.000000000000e+00       2.458793402040e-16       4.417650114144e-17       7.545452292709e-18 
 2188       2.193190496208e-11       8.606491589631e-13       3.948091179174e-15       0.000000000000e+00       2.454022918084e-16       4.372585204799e-17       7.567658465688e-18 
 2189       2.181410012187e-11       8.652030543903e-13      -2.664962385614e-16       0.000000000000e+00       2.449263499265e-16       4.327840177389e-17       7.587832484886e-18 
 2190       2.169717394051e-11       8.697264899771e-13      -4.865654775703e-15       0.000000000000e+00       2.444515119719e-16       4.283410512639e-17       7.606034928765e-18 
 2191       2.158114142866e-11       8.742175585782e-13      -9.843586162353e-15       0.000000000000e+00       2.439777753346e-16       4.239291671928e-17       7.622326612506e-18 
 2192       2.146601764400e-11       8.786743463501e-13      -1.519446811062e-14       0.000000000000e+00       2.435051373813e-16       4.195479097265e-17       7.636768588278e-18 
 2193       2.135181769128e-11       8.830949327440e-13      -2.091245428613e-14       0.000000000000e+00       2.430335954552e-16       4.151968211265e-17       7.649422145521e-18 
 2194       2.123855672237e-11       8.874773904982e-13      -2.699167427961e-14       0.000000000000e+00       2.425631468761e-16       4.108754417129e-17       7.660348811217e-18 
 2195       2.112624993634e-11       8.918197856303e-13      -3.342623357835e-14       0.000000000000e+00       2.420937889400e-16       4.065833098616e-17       7.669610350165e-18 
 2196       2.101491257945e-11       8.961201774301e-13      -4.021021353780e-14       0.000000000000e+00       2.416255189195e-16       4.023199620025e-17       7.677268765263e-18 
 2197       2.090455994528e-11       9.003766184517e-13      -4.733767135306e-14       0.000000000000e+00       2.411583340637e-16       3.980849326166e-17       7.683386297780e-18 
 2198       2.079520737470e-11       9.045871545061e-13      -5.480264003043e-14       0.000000000000e+00       2.406922315978e-16       3.938777542343e-17       7.688025427629e-18 
 2199       2.068687025599e-11       9.087498246537e-13      -6.259912835893e-14       0.000000000000e+00       2.402272087234e-16       3.896979574325e-17       7.691248873651e-18 
 2200       2.057956402483e-11       9.128626611969e-13      -7.072112088185e-14       0.000000000000e+00       2.397632626185e-16       3.855450708326e-17       7.693119593884e-18 
 2201       2.047330416439e-11       9.169236896721e-13      -7.916257786828e-14       0.000000000000e+00       2.393003904373e-16       3.814186210983e-17       7.693700785841e-18 
 2202       2.036810620537e-11       9.209309288427e-13      -8.791743528461e-14       0.000000000000e+00       2.388385893102e-16       3.773181329328e-17       7.693055886787e-18 
 2203       2.026398572605e-11       9.248823906914e-13      -9.697960476613e-14       0.000000000000e+00       2.383778563438e-16       3.732431290770e-17       7.691248574016e-18 
 2204       2.016095835235e-11       9.287760804124e-13      -1.063429735885e-13       0.000000000000e+00       2.379181886209e-16       3.691931303069e-17       7.688342765122e-18 
 2205       2.005903975785e-11       9.326099964042e-13      -1.160014046392e-13       0.000000000000e+00       2.374595832004e-16       3.651676554310e-17       7.684402618281e-18 
 2206       1.995824566387e-11       9.363821302621e-13      -1.259487363894e-13       0.000000000000e+00       2.370020371172e-16       3.611662212888e-17       7.679492532523e-18 
 2207       1.985859183952e-11       9.400904667703e-13      -1.361787828651e-13       0.000000000000e+00       2.365455473824e-16       3.571883427477e-17       7.673677148012e-18 
 2208       1.976009410173e-11       9.437329838946e-13      -1.466853336187e-13       0.000000000000e+00       2.360901109830e-16       3.532335327008e-17       7.667021346315e-18 
 2209       1.966276831532e-11       9.473076527752e-13      -1.574621537010e-13       0.000000000000e+00       2.356357248821e-16       3.493013020650e-17       7.659590250686e-18 
 2210       1.956663039304e-11       9.508124377183e-13      -1.685029836320e-13       0.000000000000e+00       2.351823860187e-16       3.453911597782e-17       7.651449226337e-18 
 2211       1.947169629561e-11       9.542452961895e-13      -1.798015393730e-13       0.000000000000e+00       2.347300913078e-16       3.415026127973e-17       7.642663880715e-18 
 2212       1.937798203181e-11       9.576041788057e-13      -1.913515122980e-13       0.000000000000e+00       2.342788376402e-16       3.376351660958e-17       7.633300063779e-18 
 2213       1.928550365848e-11       9.608870293277e-13      -2.031465691651e-13       0.000000000000e+00       2.338286218825e-16       3.337883226611e-17       7.623423868274e-18 
 2214       1.919427728062e-11       9.640917846530e-13      -2.151803520882e-13       0.000000000000e+00       2.333794408774e-16       3.299615834928e-17       7.613101630011e-18 
 2215       1.910431905138e-11       9.672163748075e-13      -2.274464785083e-13       0.000000000000e+00       2.329312914430e-16       3.261544476001e-17       7.602399928138e-18 
 2216       1.901564517217e-11       9.702587229389e-13      -2.399385411652e-13       0.000000000000e+00       2.324841703735e-16       3.223664119993e-17       7.591385585418e-18 
 2217       1.892827189269e-11       9.732167453083e-13      -2.526501080691e-13       0.000000000000e+00       2.320380744386e-16       3.185969717115e-17       7.580125668507e-18 
 2218       1.884221551097e-11       9.760883512834e-13      -2.655747224721e-13       0.000000000000e+00       2.315930003838e-16       3.148456197608e-17       7.568687488228e-18 
 2219       1.875749237340e-11       9.788714433305e-13      -2.787059028395e-13       0.000000000000e+00       2.311489449303e-16       3.111118471713e-17       7.557138599846e-18 
 2220       1.867411887485e-11       9.815639170071e-13      -2.920371428216e-13       0.000000000000e+00       2.307059047749e-16       3.073951429650e-17       7.545546803347e-18 
 2221       1.859210810510e-11       9.841639518499e-13      -3.055618533183e-13       0.000000000000e+00       2.302638767885e-16       3.036951605361e-17       7.533970928825e-18 
 2222       1.851145976411e-11       9.866708861491e-13      -3.192731883134e-13       0.000000000000e+00       2.298228586139e-16       3.000122179755e-17       7.522433125727e-18 
 2223       1.843217018042e-11       9.890843479251e-13      -3.331642178355e-13       0.000000000000e+00       2.293828480717e-16       2.963468010396e-17       7.510946391504e-18 
 2224       1.835423565859e-11       9.914039645562e-13      -3.472279857307e-13       0.000000000000e+00       2.289438429625e-16       2.926993970745e-17       7.499523769967e-18 
 2225       1.827765247924e-11       9.936293627777e-13      -3.614575096331e-13       0.000000000000e+00       2.285058410667e-16       2.890704950184e-17       7.488178351335e-18 
 2226       1.820241689893e-11       9.957601686821e-13      -3.758457809343e-13       0.000000000000e+00       2.280688401442e-16       2.854605854026e-17       7.476923272293e-18 
 2227       1.812852515019e-11       9.977960077183e-13      -3.903857647541e-13       0.000000000000e+00       2.276328379350e-16       2.818701603538e-17       7.465771716038e-18 
 2228       1.805597344150e-11       9.997365046908e-13      -4.050703999103e-13       0.000000000000e+00       2.271978321584e-16       2.782997135958e-17       7.454736912333e-18 
 2229       1.798475795719e-11       1.001581283760e-12      -4.198925988890e-13       0.000000000000e+00       2.267638205135e-16       2.747497404505e-17       7.443832137560e-18 
 2230       1.791487485748e-11       1.003329968441e-12      -4.348452478145e-13       0.000000000000e+00       2.263308006790e-16       2.712207378408e-17       7.433070714770e-18 
 2231       1.784632027841e-11       1.004982181605e-12      -4.499212064195e-13       0.000000000000e+00       2.258987703133e-16       2.677132042912e-17       7.422466013739e-18 
 2232       1.777909033183e-11       1.006537545474e-12      -4.651133080156e-13       0.000000000000e+00       2.254677270542e-16       2.642276399302e-17       7.412031451013e-18 
 2233       1.771318110533e-11       1.007995681627e-12      -4.804143594628e-13       0.000000000000e+00       2.250376685192e-16       2.607645464918e-17       7.401780489966e-18 
 2234       1.764858866228e-11       1.009356210994e-12      -4.958171411401e-13       0.000000000000e+00       2.246085923051e-16       2.573244273172e-17       7.391726640850e-18 
 2235       1.758530904172e-11       1.010618753859e-12      -5.113144069153e-13       0.000000000000e+00       2.241804959884e-16       2.539077873567e-17       7.381883460845e-18 
 2236       1.752333825837e-11       1.011782929859e-12      -5.268988841155e-13       0.000000000000e+00       2.237533771250e-16       2.505151331711e-17       7.372264554114e-18 
 2237       1.746267230262e-11       1.012848357980e-12      -5.425632734968e-13       0.000000000000e+00       2.233272332501e-16       2.471469729338e-17       7.362883571853e-18 
 2238       1.740330714043e-11       1.013814656563e-12      -5.583002492148e-13       0.000000000000e+00       2.229020618783e-16       2.438038164321e-17       7.353754212345e-18 
 2239       1.734523871338e-11       1.014681443296e-12      -5.741024587944e-13       0.000000000000e+00       2.224778605039e-16       2.404861750695e-17       7.344890221007e-18 
 2240       1.728846293858e-11       1.015448335221e-12      -5.899625231001e-13       0.000000000000e+00       2.220546266000e-16       2.371945618667e-17       7.336305390448e-18 
 2241       1.723297570867e-11       1.016114948728e-12      -6.058730363062e-13       0.000000000000e+00       2.216323576195e-16       2.339294914639e-17       7.328013560519e-18 
 2242       1.717877289176e-11       1.016680899558e-12      -6.218265658668e-13       0.000000000000e+00       2.212110509943e-16       2.306914801222e-17       7.320028618362e-18 
 2243       1.712585033143e-11       1.017145802798e-12      -6.378156524859e-13       0.000000000000e+00       2.207907041356e-16       2.274810457257e-17       7.312364498464e-18 
 2244       1.707420384670e-11       1.017509272888e-12      -6.538328100876e-13       0.000000000000e+00       2.203713144338e-16       2.242987077827e-17       7.305035182710e-18 
 2245       1.702382923195e-11       1.017770923613e-12      -6.698705257862e-13       0.000000000000e+00       2.199528792587e-16       2.211449874277e-17       7.298054700436e-18 
 2246       1.697472225696e-11       1.017930368107e-12      -6.859212598563e-13       0.000000000000e+00       2.195353959591e-16       2.180204074233e-17       7.291437128474e-18 
 2247       1.692687866682e-11       1.017987218850e-12      -7.019774457029e-13       0.000000000000e+00       2.191188618628e-16       2.149254921614e-17       7.285196591213e-18 
 2248       1.688029418192e-11       1.017941087671e-12      -7.180314898318e-13       0.000000000000e+00       2.187032742770e-16       2.118607676657e-17       7.279347260645e-18 
 2249       1.683496449793e-11       1.017791585743e-12      -7.340757718193e-13       0.000000000000e+00       2.182886304878e-16       2.088267615924e-17       7.273903356420e-18 
 2250       1.679088528576e-11       1.017538323587e-12      -7.501026442824e-13       0.000000000000e+00       2.178749277605e-16       2.058240032331e-17       7.268879145893e-18 
 2251       1.674805219152e-11       1.017180911068e-12      -7.661044328494e-13       0.000000000000e+00       2.174621633392e-16       2.028530235154e-17       7.264288944184e-18 
 2252       1.670646083651e-11       1.016718957395e-12      -7.820734361293e-13       0.000000000000e+00       2.170503344471e-16       1.999143550055e-17       7.260147114223e-18 
 2253       1.666610681716e-11       1.016152071125e-12      -7.980019256825e-13       0.000000000000e+00       2.166394382866e-16       1.970085319093e-17       7.256468066805e-18 
 2254       1.662698570502e-11       1.015479860155e-12      -8.138821459908e-13       0.000000000000e+00       2.162294720387e-16       1.941360900745e-17       7.253266260640e-18 
 2255       1.658909304674e-11       1.014701931729e-12      -8.297063144271e-13       0.000000000000e+00       2.158204328634e-16       1.912975669922e-17       7.250556202408e-18 
 2256       1.655242436399e-11       1.013817892432e-12      -8.454666212263e-13       0.000000000000e+00       2.154123178997e-16       1.884935017986e-17       7.248352446809e-18 
 2257       1.651697515349e-11       1.012827348191e-12      -8.611552294547e-13       0.000000000000e+00       2.150051242654e-16       1.857244352768e-17       7.246669596613e-18 
 2258       1.648274088693e-11       1.011729904279e-12      -8.767642749804e-13       0.000000000000e+00       2.145988490572e-16       1.829909098583e-17       7.245522302716e-18 
 2259       1.644971701098e-11       1.010525165306e-12      -8.922858664436e-13       0.000000000000e+00       2.141934893503e-16       1.802934696251e-17       7.244925264191e-18 
 2260       1.641789696749e-11       1.009212976667e-12      -9.077126797662e-13       0.000000000000e+00       2.137890423718e-16       1.776325253704e-17       7.244879672925e-18 
 2261       1.638726624026e-11       1.007794150569e-12      -9.230397459499e-13       0.000000000000e+00       2.133855060194e-16       1.750079488242e-17       7.245332451481e-18 
 2262       1.635780826965e-11       1.006269744705e-12      -9.382626748002e-13       0.000000000000e+00       2.129828783456e-16       1.724194758023e-17       7.246216751290e-18 
 2263       1.632950642875e-11       1.004640821241e-12      -9.533770614216e-13       0.000000000000e+00       2.125811573853e-16       1.698668409078e-17       7.247465483816e-18 
 2264       1.630234402329e-11       1.002908446826e-12      -9.683784862022e-13       0.000000000000e+00       2.121803411559e-16       1.673497775286e-17       7.249011320295e-18 
 2265       1.627630429157e-11       1.001073692594e-12      -9.832625147976e-13       0.000000000000e+00       2.117804276568e-16       1.648680178368e-17       7.250786691464e-18 
 2266       1.625137040438e-11       9.991376341714e-13      -9.980246981151e-13       0.000000000000e+00       2.113814148700e-16       1.624212927867e-17       7.252723787296e-18 
 2267       1.622752546492e-11       9.971013516812e-13      -1.012660572298e-12       0.000000000000e+00       2.109833007594e-16       1.600093321136e-17       7.254754556735e-18 
 2268       1.620475250873e-11       9.949659297478e-13      -1.027165658708e-12       0.000000000000e+00       2.105860832716e-16       1.576318643324e-17       7.256810707426e-18 
 2269       1.618303450359e-11       9.927324575029e-13      -1.041535463913e-12       0.000000000000e+00       2.101897603349e-16       1.552886167359e-17       7.258823705454e-18 
 2270       1.616235434947e-11       9.904020285904e-13      -1.055765479668e-12       0.000000000000e+00       2.097943298603e-16       1.529793153937e-17       7.260724775074e-18 
 2271       1.614269487845e-11       9.879757411719e-13      -1.069851182898e-12       0.000000000000e+00       2.093997897405e-16       1.507036851504e-17       7.262444898442e-18 
 2272       1.612403885462e-11       9.854546979314e-13      -1.083788035687e-12       0.000000000000e+00       2.090061378506e-16       1.484614496243e-17       7.263914815355e-18 
 2273       1.610636897403e-11       9.828400060811e-13      -1.097571485258e-12       0.000000000000e+00       2.086133720479e-16       1.462523312062e-17       7.265065022981e-18 
 2274       1.608966786458e-11       9.801327773662e-13      -1.111196963958e-12       0.000000000000e+00       2.082214901715e-16       1.440760510574e-17       7.265825775592e-18 
 2275       1.607391808597e-11       9.773341280703e-13      -1.124659889244e-12       0.000000000000e+00       2.078304900428e-16       1.419323291088e-17       7.266127084299e-18 
 2276       1.605910212962e-11       9.744451790205e-13      -1.137955663663e-12       0.000000000000e+00       2.074403694651e-16       1.398208840592e-17       7.265898716784e-18 
 2277       1.604520241857e-11       9.714670555928e-13      -1.151079674841e-12       0.000000000000e+00       2.070511262238e-16       1.377414333738e-17       7.265070197036e-18 
 2278       1.603220130744e-11       9.684008877171e-13      -1.164027295463e-12       0.000000000000e+00       2.066627580864e-16       1.356936932829e-17       7.263570805084e-18 
 2279       1.602008108232e-11       9.652478098824e-13      -1.176793883259e-12       0.000000000000e+00       2.062752628021e-16       1.336773787803e-17       7.261329576727e-18 
 2280       1.600882396069e-11       9.620089611423e-13      -1.189374780989e-12       0.000000000000e+00       2.058886381023e-16       1.316922036221e-17       7.258275303274e-18 
 2281       1.599841209138e-11       9.586854851199e-13      -1.201765316425e-12       0.000000000000e+00       2.055028817002e-16       1.297378803248e-17       7.254336531271e-18 
 2282       1.598882755444e-11       9.552785300131e-13      -1.213960802336e-12       0.000000000000e+00       2.051179912908e-16       1.278141201646e-17       7.249441562240e-18 
 2283       1.598005236112e-11       9.517892486000e-13      -1.225956536472e-12       0.000000000000e+00       2.047339645512e-16       1.259206331749e-17       7.243518452408e-18 
 2284       1.597206845374e-11       9.482187982437e-13      -1.237747801548e-12       0.000000000000e+00       2.043507991401e-16       1.240571281460e-17       7.236495012445e-18 
 2285       1.596485770564e-11       9.445683408981e-13      -1.249329865230e-12       0.000000000000e+00       2.039684926983e-16       1.222233126229e-17       7.228298807194e-18 
 2286       1.595840192111e-11       9.408390431126e-13      -1.260697980115e-12       0.000000000000e+00       2.035870428482e-16       1.204188929038e-17       7.218857155407e-18 
 2287       1.595268283527e-11       9.370320760373e-13      -1.271847383719e-12       0.000000000000e+00       2.032064471940e-16       1.186435740393e-17       7.208097129476e-18 
 2288       1.594768211406e-11       9.331486154288e-13      -1.282773298459e-12       0.000000000000e+00       2.028267033216e-16       1.168970598303e-17       7.195945555170e-18 
 2289       1.594338135411e-11       9.291898416546e-13      -1.293470931638e-12       0.000000000000e+00       2.024478087989e-16       1.151790528270e-17       7.182329011366e-18 
 2290       1.593976208265e-11       9.251569396992e-13      -1.303935475428e-12       0.000000000000e+00       2.020697611752e-16       1.134892543271e-17       7.167173829783e-18 
 2291       1.593680575750e-11       9.210510991684e-13      -1.314162106854e-12       0.000000000000e+00       2.016925579815e-16       1.118273643745e-17       7.150406094716e-18 
 2292       1.593449376693e-11       9.168735142951e-13      -1.324145987782e-12       0.000000000000e+00       2.013161967306e-16       1.101930817581e-17       7.131951642771e-18 
 2293       1.593280742961e-11       9.126253839445e-13      -1.333882264897e-12       0.000000000000e+00       2.009406749169e-16       1.085861040099e-17       7.111736062595e-18 
 2294       1.593172799453e-11       9.083079116190e-13      -1.343366069691e-12       0.000000000000e+00       2.005659900164e-16       1.070061274038e-17       7.089684694613e-18 
 2295       1.593123664090e-11       9.039223054636e-13      -1.352592518447e-12       0.000000000000e+00       2.001921394865e-16       1.054528469542e-17       7.065722630761e-18 
 2296       1.593131447811e-11       8.994697782713e-13      -1.361556712221e-12       0.000000000000e+00       1.998191207664e-16       1.039259564144e-17       7.039774714217e-18 
 2297       1.593194254563e-11       8.949515474878e-13      -1.370253736827e-12       0.000000000000e+00       1.994469312767e-16       1.024251482754e-17       7.011765539137e-18 
 2298       1.593310181295e-11       8.903688352172e-13      -1.378678662823e-12       0.000000000000e+00       1.990755684195e-16       1.009501137641e-17       6.981619450390e-18 
 2299       1.593477333530e-11       8.857229435273e-13      -1.386827369414e-12       0.000000000000e+00       1.987050297294e-16       9.950062935672e-18       6.949281291160e-18 
 2300       1.593693872233e-11       8.810154808796e-13      -1.394699021939e-12       0.000000000000e+00       1.983353133266e-16       9.807681692341e-18       6.914778790695e-18 
 2301       1.593957967226e-11       8.762481371515e-13      -1.402293610128e-12       0.000000000000e+00       1.979664174669e-16       9.667888523731e-18       6.878160573327e-18 
 2302       1.594267781630e-11       8.714226084741e-13      -1.409611125621e-12       0.000000000000e+00       1.975983403903e-16       9.530704361095e-18       6.839475446881e-18 
 2303       1.594621471851e-11       8.665405972392e-13      -1.416651561967e-12       0.000000000000e+00       1.972310803214e-16       9.396150189670e-18       6.798772402879e-18 
 2304       1.595017187577e-11       8.616038121059e-13      -1.423414914628e-12       0.000000000000e+00       1.968646354696e-16       9.264247048733e-18       6.756100616743e-18 
 2305       1.595453071770e-11       8.566139680077e-13      -1.429901180982e-12       0.000000000000e+00       1.964990040284e-16       9.135016031651e-18       6.711509447999e-18 
 2306       1.595927260656e-11       8.515727861595e-13      -1.436110360324e-12       0.000000000000e+00       1.961341841761e-16       9.008478285932e-18       6.665048440486e-18 
 2307       1.596437883722e-11       8.464819940643e-13      -1.442042453871e-12       0.000000000000e+00       1.957701740753e-16       8.884655013278e-18       6.616767322556e-18 
 2308       1.596983063704e-11       8.413433255204e-13      -1.447697464766e-12       0.000000000000e+00       1.954069718731e-16       8.763567469637e-18       6.566716007277e-18 
 2309       1.597560916582e-11       8.361585206280e-13      -1.453075398076e-12       0.000000000000e+00       1.950445757010e-16       8.645236965249e-18       6.514944592646e-18 
 2310       1.598169551572e-11       8.309293257965e-13      -1.458176260798e-12       0.000000000000e+00       1.946829836748e-16       8.529684864708e-18       6.461503361782e-18 
 2311       1.598807071120e-11       8.256574937511e-13      -1.463000061862e-12       0.000000000000e+00       1.943221938948e-16       8.416932587004e-18       6.406442783139e-18 
 2312       1.599471570892e-11       8.203447835398e-13      -1.467546812134e-12       0.000000000000e+00       1.939622044457e-16       8.307001605579e-18       6.349813510706e-18 
 2313       1.600161139769e-11       8.149929605404e-13      -1.471816524417e-12       0.000000000000e+00       1.936030133964e-16       8.199913448378e-18       6.291666384216e-18 
 2314       1.600873859839e-11       8.096037964674e-13      -1.475809213454e-12       0.000000000000e+00       1.932446188001e-16       8.095689697901e-18       6.232052429343e-18 
 2315       1.601607806387e-11       8.041790693789e-13      -1.479524895933e-12       0.000000000000e+00       1.928870186944e-16       7.994351991253e-18       6.171022857915e-18 
 2316       1.602361047892e-11       7.987205636835e-13      -1.482963590486e-12       0.000000000000e+00       1.925302111012e-16       7.895922020197e-18       6.108629068111e-18 
 2317       1.603131646016e-11       7.932300701472e-13      -1.486125317697e-12       0.000000000000e+00       1.921741940265e-16       7.800421531207e-18       6.044922644672e-18 
 2318       1.603917655600e-11       7.877093859004e-13      -1.489010100100e-12       0.000000000000e+00       1.918189654606e-16       7.707872325516e-18       5.979955359098e-18 
 2319       1.604717124652e-11       7.821603144448e-13      -1.491617962184e-12       0.000000000000e+00       1.914645233780e-16       7.618296259170e-18       5.913779169861e-18 
 2320       1.605528094343e-11       7.765846656603e-13      -1.493948930395e-12       0.000000000000e+00       1.911108657374e-16       7.531715243080e-18       5.846446222603e-18 
 2321       1.606348598999e-11       7.709842558118e-13      -1.496003033140e-12       0.000000000000e+00       1.907579904818e-16       7.448151243070e-18       5.778008850342e-18 
 2322       1.607176666095e-11       7.653609075565e-13      -1.497780300789e-12       0.000000000000e+00       1.904058955380e-16       7.367626279935e-18       5.708519573678e-18 
 2323       1.608010316242e-11       7.597164499503e-13      -1.499280765676e-12       0.000000000000e+00       1.900545788172e-16       7.290162429487e-18       5.638031100996e-18 
 2324       1.608847563188e-11       7.540527184550e-13      -1.500504462107e-12       0.000000000000e+00       1.897040382147e-16       7.215781822608e-18       5.566596328672e-18 
 2325       1.609686413802e-11       7.483715549455e-13      -1.501451426356e-12       0.000000000000e+00       1.893542716098e-16       7.144506645303e-18       5.494268341274e-18 
 2326       1.610524868074e-11       7.426748077162e-13      -1.502121696672e-12       0.000000000000e+00       1.890052768659e-16       7.076359138751e-18       5.421100411771e-18 
 2327       1.611360919102e-11       7.369643314880e-13      -1.502515313282e-12       0.000000000000e+00       1.886570518303e-16       7.011361599356e-18       5.347146001734e-18 
 2328       1.612192553089e-11       7.312419874157e-13      -1.502632318393e-12       0.000000000000e+00       1.883095943345e-16       6.949536378799e-18       5.272458761543e-18 
 2329       1.613017749332e-11       7.255096430943e-13      -1.502472756191e-12       0.000000000000e+00       1.879629021940e-16       6.890905884089e-18       5.197092530588e-18 
 2330       1.613834480215e-11       7.197691725664e-13      -1.502036672852e-12       0.000000000000e+00       1.876169732082e-16       6.835492577616e-18       5.121101337477e-18 
 2331       1.614640711207e-11       7.140224563289e-13      -1.501324116537e-12       0.000000000000e+00       1.872718051604e-16       6.783318977200e-18       5.044539400239e-18 
 2332       1.615434400845e-11       7.082713813399e-13      -1.500335137398e-12       0.000000000000e+00       1.869273958179e-16       6.734407656148e-18       4.967461126528e-18 
 2333       1.616213500735e-11       7.025178410256e-13      -1.499069787582e-12       0.000000000000e+00       1.865837429320e-16       6.688781243298e-18       4.889921113828e-18 
 2334       1.616975955542e-11       6.967637352875e-13      -1.497528121232e-12       0.000000000000e+00       1.862408442378e-16       6.646462423077e-18       4.811974149658e-18 
 2335       1.617719702979e-11       6.910109705089e-13      -1.495710194489e-12       0.000000000000e+00       1.858986974543e-16       6.607473935549e-18       4.733675211774e-18 
 2336       1.618442673805e-11       6.852614595621e-13      -1.493616065496e-12       0.000000000000e+00       1.855573002842e-16       6.571838576468e-18       4.655079468378e-18 
 2337       1.619142791815e-11       6.795171218154e-13      -1.491245794404e-12       0.000000000000e+00       1.852166504143e-16       6.539579197330e-18       4.576242278317e-18 
 2338       1.619818153610e-11       6.737797826567e-13      -1.488600016881e-12       0.000000000000e+00       1.848767456473e-16       6.510707977973e-18       4.497218369193e-18 
 2339       1.620467569146e-11       6.680508713637e-13      -1.485681668591e-12       0.000000000000e+00       1.845375842994e-16       6.485194170867e-18       4.418059365647e-18 
 2340       1.621090024557e-11       6.623317213558e-13      -1.482494271520e-12       0.000000000000e+00       1.841991648052e-16       6.462996154937e-18       4.338816246000e-18 
 2341       1.621684502679e-11       6.566236705099e-13      -1.479041361466e-12       0.000000000000e+00       1.838614855861e-16       6.444072144485e-18       4.259540163137e-18 
 2342       1.622249983049e-11       6.509280611651e-13      -1.475326488048e-12       0.000000000000e+00       1.835245450495e-16       6.428380189012e-18       4.180282444693e-18 
 2343       1.622785441899e-11       6.452462401274e-13      -1.471353214724e-12       0.000000000000e+00       1.831883415895e-16       6.415878173030e-18       4.101094593235e-18 
 2344       1.623289852153e-11       6.395795586743e-13      -1.467125118806e-12       0.000000000000e+00       1.828528735865e-16       6.406523815880e-18       4.022028286454e-18 
 2345       1.623762183424e-11       6.339293725600e-13      -1.462645791477e-12       0.000000000000e+00       1.825181394075e-16       6.400274671546e-18       3.943135377348e-18 
 2346       1.624201402014e-11       6.282970420195e-13      -1.457918837803e-12       0.000000000000e+00       1.821841374055e-16       6.397088128475e-18       3.864467894409e-18 
 2347       1.624606470903e-11       6.226839317736e-13      -1.452947876751e-12       0.000000000000e+00       1.818508659203e-16       6.396921409389e-18       3.786078041809e-18 
 2348       1.624976349751e-11       6.170914110338e-13      -1.447736541202e-12       0.000000000000e+00       1.815183232777e-16       6.399731571103e-18       3.708018199589e-18 
 2349       1.625309994896e-11       6.115208535066e-13      -1.442288477971e-12       0.000000000000e+00       1.811865077900e-16       6.405475504344e-18       3.630340923842e-18 
 2350       1.625606359344e-11       6.059736373986e-13      -1.436607347817e-12       0.000000000000e+00       1.808554177557e-16       6.414109933562e-18       3.553098946901e-18 
 2351       1.625864392772e-11       6.004511454209e-13      -1.430696825461e-12       0.000000000000e+00       1.805250514596e-16       6.425591416750e-18       3.476345177527e-18 
 2352       1.626083041521e-11       5.949547647942e-13      -1.424560599601e-12       0.000000000000e+00       1.801954071728e-16       6.439876345259e-18       3.400132701090e-18 
 2353       1.626261248594e-11       5.894858872531e-13      -1.418202372928e-12       0.000000000000e+00       1.798664831527e-16       6.456920943612e-18       3.324514779764e-18 
 2354       1.626397953651e-11       5.840459090510e-13      -1.411625862141e-12       0.000000000000e+00       1.795382776428e-16       6.476681269326e-18       3.249544852704e-18 
 2355       1.626492093007e-11       5.786362309650e-13      -1.404834797960e-12       0.000000000000e+00       1.792107888730e-16       6.499113212723e-18       3.175276536240e-18 
 2356       1.626542599629e-11       5.732582583001e-13      -1.397832925147e-12       0.000000000000e+00       1.788840150592e-16       6.524172496747e-18       3.101763624058e-18 
 2357       1.626548403131e-11       5.679134008946e-13      -1.390624002515e-12       0.000000000000e+00       1.785579544035e-16       6.551814676782e-18       3.029060087391e-18 
 2358       1.626508429770e-11       5.626030731242e-13      -1.383211802947e-12       0.000000000000e+00       1.782326050944e-16       6.581995140466e-18       2.957220075202e-18 
 2359       1.626421602445e-11       5.573286939073e-13      -1.375600113412e-12       0.000000000000e+00       1.779079653062e-16       6.614669107510e-18       2.886297914372e-18 
 2360       1.626286840693e-11       5.520916867089e-13      -1.367792734976e-12       0.000000000000e+00       1.775840331995e-16       6.649791629513e-18       2.816348109884e-18 
 2361       1.626103060684e-11       5.468934795464e-13      -1.359793482824e-12       0.000000000000e+00       1.772608069211e-16       6.687317589776e-18       2.747425345014e-18 
 2362       1.625869175216e-11       5.417355049932e-13      -1.351606186269e-12       0.000000000000e+00       1.769382846037e-16       6.727201703120e-18       2.679584481514e-18 
 2363       1.625584093718e-11       5.366192001843e-13      -1.343234688771e-12       0.000000000000e+00       1.766164643661e-16       6.769398515704e-18       2.612880559798e-18 
 2364       1.625246722240e-11       5.315460068205e-13      -1.334682847952e-12       0.000000000000e+00       1.762953443132e-16       6.813862404839e-18       2.547368799131e-18 
 2365       1.624855963452e-11       5.265173711734e-13      -1.325954535609e-12       0.000000000000e+00       1.759749225360e-16       6.860547578804e-18       2.483104597813e-18 
 2366       1.624410716641e-11       5.215347440897e-13      -1.317053637734e-12       0.000000000000e+00       1.756551971114e-16       6.909408076663e-18       2.420143533368e-18 
 2367       1.623909877707e-11       5.165995809966e-13      -1.307984054525e-12       0.000000000000e+00       1.753361661024e-16       6.960397768081e-18       2.358541362727e-18 
 2368       1.623352339160e-11       5.117133419058e-13      -1.298749700403e-12       0.000000000000e+00       1.750178275578e-16       7.013470353141e-18       2.298354022416e-18 
 2369       1.622736990114e-11       5.068774914188e-13      -1.289354504026e-12       0.000000000000e+00       1.747001795126e-16       7.068579362158e-18       2.239637628745e-18 
 2370       1.622062716287e-11       5.020934987311e-13      -1.279802408309e-12       0.000000000000e+00       1.743832199875e-16       7.125678155499e-18       2.182448477989e-18 
 2371       1.621328399998e-11       4.973628376373e-13      -1.270097370433e-12       0.000000000000e+00       1.740669469893e-16       7.184719923394e-18       2.126843046580e-18 
 2372       1.620532920160e-11       4.926869865358e-13      -1.260243361865e-12       0.000000000000e+00       1.737513585107e-16       7.245657685758e-18       2.072877991289e-18 
 2373       1.619675152276e-11       4.880674284331e-13      -1.250244368371e-12       0.000000000000e+00       1.734364525302e-16       7.308444292002e-18       2.020610149416e-18 
 2374       1.618753968442e-11       4.835056509492e-13      -1.240104390032e-12       0.000000000000e+00       1.731222270122e-16       7.373032420853e-18       1.970096538972e-18 
 2375       1.617768237337e-11       4.790031463216e-13      -1.229827441262e-12       0.000000000000e+00       1.728086799070e-16       7.439374580169e-18       1.921394358871e-18 
 2376       1.616716824221e-11       4.745614114105e-13      -1.219417550817e-12       0.000000000000e+00       1.724958091506e-16       7.507423106752e-18       1.874560989112e-18 
 2377       1.615598808346e-11       4.701817550229e-13      -1.208878838302e-12       0.000000000000e+00       1.721836127813e-16       7.577139280979e-18       1.829630285245e-18 
 2378       1.614414136639e-11       4.658647185788e-13      -1.198215744157e-12       0.000000000000e+00       1.718720892888e-16       7.648520732388e-18       1.786541301821e-18 
 2379       1.613162974037e-11       4.616106518860e-13      -1.187432801114e-12       0.000000000000e+00       1.715612372670e-16       7.721574202530e-18       1.745209130278e-18 
 2380       1.611845486441e-11       4.574199054971e-13      -1.176534557860e-12       0.000000000000e+00       1.712510552981e-16       7.796306445499e-18       1.705548564482e-18 
 2381       1.610461840720e-11       4.532928307100e-13      -1.165525579053e-12       0.000000000000e+00       1.709415419521e-16       7.872724227941e-18       1.667474100404e-18 
 2382       1.609012204706e-11       4.492297795687e-13      -1.154410445340e-12       0.000000000000e+00       1.706326957874e-16       7.950834329064e-18       1.630899935809e-18 
 2383       1.607496747204e-11       4.452311048640e-13      -1.143193753372e-12       0.000000000000e+00       1.703245153502e-16       8.030643540649e-18       1.595739969938e-18 
 2384       1.605915637984e-11       4.412971601337e-13      -1.131880115823e-12       0.000000000000e+00       1.700169991748e-16       8.112158667058e-18       1.561907803186e-18 
 2385       1.604269047790e-11       4.374282996638e-13      -1.120474161406e-12       0.000000000000e+00       1.697101457838e-16       8.195386525243e-18       1.529316736794e-18 
 2386       1.602557148336e-11       4.336248784886e-13      -1.108980534890e-12       0.000000000000e+00       1.694039536875e-16       8.280333944758e-18       1.497879772523e-18 
 2387       1.600780112308e-11       4.298872523918e-13      -1.097403897116e-12       0.000000000000e+00       1.690984213842e-16       8.367007767767e-18       1.467509612346e-18 
 2388       1.598938113369e-11       4.262157779067e-13      -1.085748925017e-12       0.000000000000e+00       1.687935473606e-16       8.455414849057e-18       1.438118658123e-18 
 2389       1.597031326153e-11       4.226108123171e-13      -1.074020311633e-12       0.000000000000e+00       1.684893300908e-16       8.545562056041e-18       1.409619011289e-18 
 2390       1.595059926273e-11       4.190727136578e-13      -1.062222766125e-12       0.000000000000e+00       1.681857680373e-16       8.637456268775e-18       1.381922472537e-18 
 2391       1.593024090320e-11       4.156018407154e-13      -1.050361013800e-12       0.000000000000e+00       1.678828596503e-16       8.731104379963e-18       1.354940541499e-18 
 2392       1.590923995861e-11       4.121985530286e-13      -1.038439796119e-12       0.000000000000e+00       1.675806033681e-16       8.826513294969e-18       1.328584416431e-18 
 2393       1.588759821446e-11       4.088632108891e-13      -1.026463870721e-12       0.000000000000e+00       1.672789976168e-16       8.923689931824e-18       1.302764993894e-18 
 2394       1.586531746603e-11       4.055961753421e-13      -1.014438011434e-12       0.000000000000e+00       1.669780408103e-16       9.022641221241e-18       1.277392868439e-18 
 2395       1.584239951843e-11       4.023978081872e-13      -1.002367008298e-12       0.000000000000e+00       1.666777313507e-16       9.123374106618e-18       1.252378332292e-18 
 2396       1.581884618661e-11       3.992684719784e-13      -9.902556675775e-13       0.000000000000e+00       1.663780676275e-16       9.225895544053e-18       1.227631375032e-18 
 2397       1.579465929535e-11       3.962085300253e-13      -9.781088117803e-13       0.000000000000e+00       1.660790480186e-16       9.330212502352e-18       1.203061683277e-18 
 2398       1.576984067931e-11       3.932183463937e-13      -9.659312796746e-13       0.000000000000e+00       1.657806708892e-16       9.436331963036e-18       1.178578640370e-18 
 2399       1.574439218298e-11       3.902982859059e-13      -9.537279263052e-13       0.000000000000e+00       1.654829345926e-16       9.544260920357e-18       1.154091326056e-18 
 2400       1.571831566077e-11       3.874487141416e-13      -9.415036230111e-13       0.000000000000e+00       1.651858374700e-16       9.654006381300e-18       1.129508516170e-18 
 2401       1.569161297694e-11       3.846699974381e-13      -9.292632574425e-13       0.000000000000e+00       1.648893778501e-16       9.765575365599e-18       1.104738682318e-18 
 2402       1.566428600567e-11       3.819625028917e-13      -9.170117335773e-13       0.000000000000e+00       1.645935540496e-16       9.878974905743e-18       1.079689991562e-18 
 2403       1.563633663107e-11       3.793265983576e-13      -9.047539717388e-13       0.000000000000e+00       1.642983643729e-16       9.994212046989e-18       1.054270306101e-18 
 2404       1.560776674714e-11       3.767626524508e-13      -8.924949086119e-13       0.000000000000e+00       1.640038071120e-16       1.011129384737e-17       1.028387182954e-18 
 2405       1.557857825783e-11       3.742710345468e-13      -8.802394972609e-13       0.000000000000e+00       1.637098805469e-16       1.023022737770e-17       1.001947873645e-18 
 2406       1.554877307706e-11       3.718521147821e-13      -8.679927071457e-13       0.000000000000e+00       1.634165829450e-16       1.035101972158e-17       9.748593238855e-19 
 2407       1.551835312868e-11       3.695062640550e-13      -8.557595241395e-13       0.000000000000e+00       1.631239125615e-16       1.047367797545e-17       9.470281732576e-19 
 2408       1.548732034651e-11       3.672338540258e-13      -8.435449505453e-13       0.000000000000e+00       1.628318676395e-16       1.059820924853e-17       9.183607548964e-19 
 2409       1.545567667438e-11       3.650352571180e-13      -8.313540051131e-13       0.000000000000e+00       1.625404464095e-16       1.072462066287e-17       8.887630951739e-19 
 2410       1.542342406609e-11       3.629108465186e-13      -8.191917230571e-13       0.000000000000e+00       1.622496470897e-16       1.085291935336e-17       8.581409133822e-19 
 2411       1.539056448544e-11       3.608609961786e-13      -8.070631560721e-13       0.000000000000e+00       1.619594678860e-16       1.098311246774e-17       8.263996214160e-19 
 2412       1.535709990627e-11       3.588860808140e-13      -7.949733723510e-13       0.000000000000e+00       1.616699069918e-16       1.111520716660e-17       7.934443234566e-19 
 2413       1.532303231243e-11       3.569864759061e-13      -7.829274566018e-13       0.000000000000e+00       1.613809625882e-16       1.124921062338e-17       7.591798156542e-19 
 2414       1.528836369783e-11       3.551625577023e-13      -7.709305100642e-13       0.000000000000e+00       1.610926328439e-16       1.138513002441e-17       7.235105858117e-19 
 2415       1.525309606640e-11       3.534147032166e-13      -7.589876505271e-13       0.000000000000e+00       1.608049159151e-16       1.152297256888e-17       6.863408130676e-19 
 2416       1.521723276404e-11       3.517431217315e-13      -7.471036437417e-13       0.000000000000e+00       1.605178100481e-16       1.166273436516e-17       6.475993979755e-19 
 2417       1.518078248304e-11       3.501473481859e-13      -7.352817951878e-13       0.000000000000e+00       1.602313138877e-16       1.180436704594e-17       6.073152191406e-19 
 2418       1.514375528193e-11       3.486267467179e-13      -7.235250516255e-13       0.000000000000e+00       1.599454261706e-16       1.194781095077e-17       5.655423320328e-19 
 2419       1.510616125584e-11       3.471806788826e-13      -7.118363690978e-13       0.000000000000e+00       1.596601456231e-16       1.209300621121e-17       5.223349802029e-19 
 2420       1.506801053653e-11       3.458085036486e-13      -7.002187129403e-13       0.000000000000e+00       1.593754709610e-16       1.223989275058e-17       4.777475954801e-19 
 2421       1.502931329244e-11       3.445095773957e-13      -6.886750577904e-13       0.000000000000e+00       1.590914008895e-16       1.238841028375e-17       4.318347981695e-19 
 2422       1.499007972872e-11       3.432832539118e-13      -6.772083875968e-13       0.000000000000e+00       1.588079341036e-16       1.253849831696e-17       3.846513972499e-19 
 2423       1.495032008727e-11       3.421288843900e-13      -6.658216956292e-13       0.000000000000e+00       1.585250692875e-16       1.269009614756e-17       3.362523905709e-19 
 2424       1.491004464679e-11       3.410458174260e-13      -6.545179844869e-13       0.000000000000e+00       1.582428051150e-16       1.284314286381e-17       2.866929650506e-19 
 2425       1.486926372279e-11       3.400333990152e-13      -6.433002661094e-13       0.000000000000e+00       1.579611402494e-16       1.299757734464e-17       2.360284968732e-19 
 2426       1.482798766769e-11       3.390909725497e-13      -6.321715617848e-13       0.000000000000e+00       1.576800733434e-16       1.315333825948e-17       1.843145516866e-19 
 2427       1.478622687077e-11       3.382178788156e-13      -6.211349021597e-13       0.000000000000e+00       1.573996030392e-16       1.331036406797e-17       1.316068847995e-19 
 2428       1.474399175830e-11       3.374134559900e-13      -6.101933272484e-13       0.000000000000e+00       1.571197279683e-16       1.346859301982e-17       7.796144137928e-20 
 2429       1.470129279350e-11       3.366770396386e-13      -5.993498864428e-13       0.000000000000e+00       1.568404467517e-16       1.362796315452e-17       2.343435664939e-20 
 2430       1.465814047664e-11       3.360079627122e-13      -5.886076385211e-13       0.000000000000e+00       1.565617579998e-16       1.378841230118e-17      -3.191804391310e-20 
 2431       1.461454534504e-11       3.354055555445e-13      -5.779696516577e-13       0.000000000000e+00       1.562836603124e-16       1.394987807828e-17      -8.803924438001e-20 
 2432       1.457051797313e-11       3.348691458488e-13      -5.674390034325e-13       0.000000000000e+00       1.560061522786e-16       1.411229789344e-17      -1.448725381745e-19 
 2433       1.452606897249e-11       3.343980587154e-13      -5.570187808405e-13       0.000000000000e+00       1.557292324770e-16       1.427560894324e-17      -2.023610278737e-19 
 2434       1.448120899185e-11       3.339916166087e-13      -5.467120803007e-13       0.000000000000e+00       1.554528994753e-16       1.443974821296e-17      -2.604476250109e-19 
 2435       1.443594871720e-11       3.336491393645e-13      -5.365220076661e-13       0.000000000000e+00       1.551771518308e-16       1.460465247642e-17      -3.190750498783e-19 
 2436       1.439029887176e-11       3.333699441868e-13      -5.264516782328e-13       0.000000000000e+00       1.549019880900e-16       1.477025829567e-17      -3.781858313295e-19 
 2437       1.434427021606e-11       3.331533456453e-13      -5.165042167494e-13       0.000000000000e+00       1.546274067886e-16       1.493650202087e-17      -4.377223065817e-19 
 2438       1.429787354796e-11       3.329986556725e-13      -5.066827574267e-13       0.000000000000e+00       1.543534064519e-16       1.510331979000e-17      -4.976266210186e-19 
 2439       1.425111970269e-11       3.329051835607e-13      -4.969904439469e-13       0.000000000000e+00       1.540799855940e-16       1.527064752869e-17      -5.578407279924e-19 
 2440       1.420401955292e-11       3.328722359595e-13      -4.874304294729e-13       0.000000000000e+00       1.538071427187e-16       1.543842094996e-17      -6.183063886268e-19 
 2441       1.415658400873e-11       3.328991168725e-13      -4.780058766579e-13       0.000000000000e+00       1.535348763189e-16       1.560657555402e-17      -6.789651716191e-19 
 2442       1.410882401774e-11       3.329851276548e-13      -4.687199576549e-13       0.000000000000e+00       1.532631848767e-16       1.577504662808e-17      -7.397584530428e-19 
 2443       1.406075056506e-11       3.331295670101e-13      -4.595758541259e-13       0.000000000000e+00       1.529920668634e-16       1.594376924607e-17      -8.006274161501e-19 
 2444       1.401237467340e-11       3.333317309879e-13      -4.505767572516e-13       0.000000000000e+00       1.527215207396e-16       1.611267826847e-17      -8.615130511746e-19 
 2445       1.396370740305e-11       3.335909129803e-13      -4.417258677403e-13       0.000000000000e+00       1.524515449551e-16       1.628170834210e-17      -9.223561551333e-19 
 2446       1.391475985198e-11       3.339064037198e-13      -4.330263958380e-13       0.000000000000e+00       1.521821379488e-16       1.645079389983e-17      -9.830973316295e-19 
 2447       1.386554315583e-11       3.342774912760e-13      -4.244815613374e-13       0.000000000000e+00       1.519132981487e-16       1.661986916045e-17      -1.043676990655e-18 
 2448       1.381606848795e-11       3.347034610529e-13      -4.160945935872e-13       0.000000000000e+00       1.516450239723e-16       1.678886812841e-17      -1.104035348393e-18 
 2449       1.376634705948e-11       3.351835957858e-13      -4.078687315019e-13       0.000000000000e+00       1.513773138258e-16       1.695772459358e-17      -1.164112427020e-18 
 2450       1.371639011935e-11       3.357171755391e-13      -3.998072235710e-13       0.000000000000e+00       1.511101661048e-16       1.712637213106e-17      -1.223848054509e-18 
 2451       1.366620895434e-11       3.363034777028e-13      -3.919133278685e-13       0.000000000000e+00       1.508435791941e-16       1.729474410099e-17      -1.283181864431e-18 
 2452       1.361581488910e-11       3.369417769901e-13      -3.841903120621e-13       0.000000000000e+00       1.505775514672e-16       1.746277364825e-17      -1.342053295758e-18 
 2453       1.356521928621e-11       3.376313454342e-13      -3.766414534230e-13       0.000000000000e+00       1.503120812871e-16       1.763039370232e-17      -1.400401592667e-18 
 2454       1.351443354619e-11       3.383714523858e-13      -3.692700388351e-13       0.000000000000e+00       1.500471670057e-16       1.779753697703e-17      -1.458165804340e-18 
 2455       1.346346906864e-11       3.391613026996e-13      -3.620788283318e-13       0.000000000000e+00       1.497828070547e-16       1.796414806492e-17      -1.515290036880e-18 
 2456       1.341233713510e-11       3.399998508967e-13      -3.550684421926e-13       0.000000000000e+00       1.495190002178e-16       1.813021979970e-17      -1.571739243690e-18 
 2457       1.336104902553e-11       3.408859858881e-13      -3.482389642455e-13       0.000000000000e+00       1.492557453602e-16       1.829575711021e-17      -1.627483528875e-18 
 2458       1.330961605725e-11       3.418185926805e-13      -3.415904774652e-13       0.000000000000e+00       1.489930413377e-16       1.846076494562e-17      -1.682492903596e-18 
 2459       1.325804958499e-11       3.427965523725e-13      -3.351230639712e-13       0.000000000000e+00       1.487308869972e-16       1.862524827537e-17      -1.736737285967e-18 
 2460       1.320636100087e-11       3.438187421503e-13      -3.288368050271e-13       0.000000000000e+00       1.484692811761e-16       1.878921208926e-17      -1.790186500973e-18 
 2461       1.315456173451e-11       3.448840352835e-13      -3.227317810389e-13       0.000000000000e+00       1.482082227025e-16       1.895266139743e-17      -1.842810280366e-18 
 2462       1.310266325301e-11       3.459913011213e-13      -3.168080715540e-13       0.000000000000e+00       1.479477103956e-16       1.911560123040e-17      -1.894578262581e-18 
 2463       1.305067706102e-11       3.471394050883e-13      -3.110657552598e-13       0.000000000000e+00       1.476877430650e-16       1.927803663908e-17      -1.945459992638e-18 
 2464       1.299861470078e-11       3.483272086807e-13      -3.055049099827e-13       0.000000000000e+00       1.474283195112e-16       1.943997269481e-17      -1.995424922051e-18 
 2465       1.294648775214e-11       3.495535694615e-13      -3.001256126865e-13       0.000000000000e+00       1.471694385254e-16       1.960141448938e-17      -2.044442408734e-18 
 2466       1.289430783260e-11       3.508173410575e-13      -2.949279394713e-13       0.000000000000e+00       1.469110988894e-16       1.976236713503e-17      -2.092481716908e-18 
 2467       1.284208659738e-11       3.521173731542e-13      -2.899119655722e-13       0.000000000000e+00       1.466532993758e-16       1.992283576448e-17      -2.139512017008e-18 
 2468       1.278983573940e-11       3.534525114925e-13      -2.850777653583e-13       0.000000000000e+00       1.463960387479e-16       2.008282553099e-17      -2.185502385593e-18 
 2469       1.273756698937e-11       3.548215978642e-13      -2.804254123310e-13       0.000000000000e+00       1.461393157596e-16       2.024234160832e-17      -2.230421805248e-18 
 2470       1.268529211581e-11       3.562234701080e-13      -2.759549791229e-13       0.000000000000e+00       1.458831291553e-16       2.040138919080e-17      -2.274239164495e-18 
 2471       1.263302292508e-11       3.576569621056e-13      -2.716665374969e-13       0.000000000000e+00       1.456274776705e-16       2.055997349333e-17      -2.316923257696e-18 
 2472       1.258077126144e-11       3.591209037774e-13      -2.675601583445e-13       0.000000000000e+00       1.453723600308e-16       2.071809975142e-17      -2.358442784965e-18 
 2473       1.252854900706e-11       3.606141210789e-13      -2.636359116845e-13       0.000000000000e+00       1.451177749528e-16       2.087577322118e-17      -2.398766352072e-18 
 2474       1.247636808207e-11       3.621354359958e-13      -2.598938666622e-13       0.000000000000e+00       1.448637211436e-16       2.103299917939e-17      -2.437862470351e-18 
 2475       1.242424044460e-11       3.636836665407e-13      -2.563340915478e-13       0.000000000000e+00       1.446101973009e-16       2.118978292347e-17      -2.475699556604e-18 
 2476       1.237217809084e-11       3.652576267488e-13      -2.529566537350e-13       0.000000000000e+00       1.443572021128e-16       2.134612977153e-17      -2.512245933014e-18 
 2477       1.232019305504e-11       3.668561266736e-13      -2.497616197404e-13       0.000000000000e+00       1.441047342583e-16       2.150204506241e-17      -2.547469827046e-18 
 2478       1.226829740954e-11       3.684779723832e-13      -2.467490552012e-13       0.000000000000e+00       1.438527924067e-16       2.165753415567e-17      -2.581339371358e-18 
 2479       1.221650326488e-11       3.701219659560e-13      -2.439190248751e-13       0.000000000000e+00       1.436013752181e-16       2.181260243160e-17      -2.613822603706e-18 
 2480       1.216482276977e-11       3.717869054765e-13      -2.412715926382e-13       0.000000000000e+00       1.433504813429e-16       2.196725529131e-17      -2.644887466851e-18 
 2481       1.211326811113e-11       3.734715850317e-13      -2.388068214840e-13       0.000000000000e+00       1.431001094221e-16       2.212149815668e-17      -2.674501808468e-18 
 2482       1.206185151417e-11       3.751747947066e-13      -2.365247735223e-13       0.000000000000e+00       1.428502580874e-16       2.227533647041e-17      -2.702633381051e-18 
 2483       1.201058524240e-11       3.768953205803e-13      -2.344255099776e-13       0.000000000000e+00       1.426009259606e-16       2.242877569607e-17      -2.729249841820e-18 
 2484       1.195948159767e-11       3.786319447219e-13      -2.325090911882e-13       0.000000000000e+00       1.423521116545e-16       2.258182131805e-17      -2.754318752631e-18 
 2485       1.190855292022e-11       3.803834451866e-13      -2.307755766048e-13       0.000000000000e+00       1.421038137720e-16       2.273447884167e-17      -2.777807579877e-18 
 2486       1.185781158870e-11       3.821485960111e-13      -2.292250247892e-13       0.000000000000e+00       1.418560309066e-16       2.288675379314e-17      -2.799683694401e-18 
 2487       1.180727002021e-11       3.839261672104e-13      -2.278574934130e-13       0.000000000000e+00       1.416087616422e-16       2.303865171960e-17      -2.819914371401e-18 
 2488       1.175694067037e-11       3.857149247729e-13      -2.266730392565e-13       0.000000000000e+00       1.413620045534e-16       2.319017818915e-17      -2.838466790336e-18 
 2489       1.170683603331e-11       3.875136306567e-13      -2.256717182072e-13       0.000000000000e+00       1.411157582048e-16       2.334133879087e-17      -2.855308034834e-18 
 2490       1.165696864174e-11       3.893210427858e-13      -2.248535852590e-13       0.000000000000e+00       1.408700211518e-16       2.349213913483e-17      -2.870405092598e-18 
 2491       1.160735106700e-11       3.911359150453e-13      -2.242186945103e-13       0.000000000000e+00       1.406247919400e-16       2.364258485212e-17      -2.883724855314e-18 
 2492       1.155799591904e-11       3.929569972782e-13      -2.237670991632e-13       0.000000000000e+00       1.403800691056e-16       2.379268159488e-17      -2.895234118559e-18 
 2493       1.150891584653e-11       3.947830352806e-13      -2.234988515223e-13       0.000000000000e+00       1.401358511749e-16       2.394243503632e-17      -2.904899581706e-18 
 2494       1.146012242020e-11       3.966128277293e-13      -2.234136131053e-13       0.000000000000e+00       1.398921367451e-16       2.409183383541e-17      -2.912707682715e-18 
 2495       1.141162277577e-11       3.984453973362e-13      -2.235094824785e-13       0.000000000000e+00       1.396489247247e-16       2.424079842169e-17      -2.918724229946e-18 
 2496       1.136342295141e-11       4.002798206905e-13      -2.237841605367e-13       0.000000000000e+00       1.394062140945e-16       2.438923190985e-17      -2.923035120266e-18 
 2497       1.131552900261e-11       4.021151714158e-13      -2.242353397579e-13       0.000000000000e+00       1.391640038270e-16       2.453703710738e-17      -2.925726536250e-18 
 2498       1.126794700219e-11       4.039505201671e-13      -2.248607041944e-13       0.000000000000e+00       1.389222928865e-16       2.468411651430e-17      -2.926884946465e-18 
 2499       1.122068304032e-11       4.057849346277e-13      -2.256579294636e-13       0.000000000000e+00       1.386810802294e-16       2.483037232287e-17      -2.926597105769e-18 
 2500       1.117374322454e-11       4.076174795068e-13      -2.266246827394e-13       0.000000000000e+00       1.384403648038e-16       2.497570641723e-17      -2.924950055590e-18 
 2501       1.112713367977e-11       4.094472165356e-13      -2.277586227437e-13       0.000000000000e+00       1.382001455496e-16       2.512002037314e-17      -2.922031124222e-18 
 2502       1.108086054833e-11       4.112732044650e-13      -2.290573997374e-13       0.000000000000e+00       1.379604213988e-16       2.526321545766e-17      -2.917927927115e-18 
 2503       1.103492998996e-11       4.130944990628e-13      -2.305186555116e-13       0.000000000000e+00       1.377211912748e-16       2.540519262883e-17      -2.912728367159e-18 
 2504       1.098934818183e-11       4.149101531098e-13      -2.321400233788e-13       0.000000000000e+00       1.374824540933e-16       2.554585253540e-17      -2.906520634980e-18 
 2505       1.094412131858e-11       4.167192163980e-13      -2.339191281644e-13       0.000000000000e+00       1.372442087614e-16       2.568509551646e-17      -2.899393209225e-18 
 2506       1.089925561229e-11       4.185207357266e-13      -2.358535861974e-13       0.000000000000e+00       1.370064541783e-16       2.582282160120e-17      -2.891434856853e-18 
 2507       1.085475729253e-11       4.203137548997e-13      -2.379410053021e-13       0.000000000000e+00       1.367691892347e-16       2.595893050859e-17      -2.882734633425e-18 
 2508       1.081063260637e-11       4.220973147232e-13      -2.401789847893e-13       0.000000000000e+00       1.365324128134e-16       2.609332164702e-17      -2.873381883393e-18 
 2509       1.076688781842e-11       4.238704530016e-13      -2.425651154472e-13       0.000000000000e+00       1.362961237886e-16       2.622589411406e-17      -2.863466240390e-18 
 2510       1.072352921080e-11       4.256322045352e-13      -2.450969795328e-13       0.000000000000e+00       1.360603210267e-16       2.635654669613e-17      -2.853077627519e-18 
 2511       1.068056308317e-11       4.273816011171e-13      -2.477721507632e-13       0.000000000000e+00       1.358250033854e-16       2.648517786818e-17      -2.842306257641e-18 
 2512       1.063799575278e-11       4.291176715303e-13      -2.505881943067e-13       0.000000000000e+00       1.355901697143e-16       2.661168579341e-17      -2.831242633669e-18 
 2513       1.059583355446e-11       4.308394415447e-13      -2.535426667741e-13       0.000000000000e+00       1.353558188550e-16       2.673596832292e-17      -2.819977548854e-18 
 2514       1.055408284062e-11       4.325459339139e-13      -2.566331162100e-13       0.000000000000e+00       1.351219496404e-16       2.685792299547e-17      -2.808602087073e-18 
 2515       1.051274998132e-11       4.342361683727e-13      -2.598570820835e-13       0.000000000000e+00       1.348885608953e-16       2.697744703711e-17      -2.797207623123e-18 
 2516       1.047184136421e-11       4.359091616336e-13      -2.632120952805e-13       0.000000000000e+00       1.346556514362e-16       2.709443736091e-17      -2.785885823009e-18 
 2517       1.043136339463e-11       4.375639273843e-13      -2.666956780936e-13       0.000000000000e+00       1.344232200712e-16       2.720879056663e-17      -2.774728644230e-18 
 2518       1.039132249556e-11       4.391994762844e-13      -2.703053442145e-13       0.000000000000e+00       1.341912656003e-16       2.732040294046e-17      -2.763828336073e-18 
 2519       1.035172510768e-11       4.408148159625e-13      -2.740385987244e-13       0.000000000000e+00       1.339597868149e-16       2.742917045465e-17      -2.753277439902e-18 
 2520       1.031257768935e-11       4.424089510135e-13      -2.778929380857e-13       0.000000000000e+00       1.337287824981e-16       2.753498876724e-17      -2.743168789444e-18 
 2521       1.027388671666e-11       4.439808829953e-13      -2.818658501329e-13       0.000000000000e+00       1.334982514248e-16       2.763775322176e-17      -2.733595511083e-18 
 2522       1.023565868344e-11       4.455296104257e-13      -2.859548140640e-13       0.000000000000e+00       1.332681923614e-16       2.773735884691e-17      -2.724651024146e-18 
 2523       1.019790010124e-11       4.470541287802e-13      -2.901573004319e-13       0.000000000000e+00       1.330386040661e-16       2.783370035624e-17      -2.716429041195e-18 
 2524       1.016061749941e-11       4.485534304879e-13      -2.944707711352e-13       0.000000000000e+00       1.328094852883e-16       2.792667214789e-17      -2.709023568314e-18 
 2525       1.012381742506e-11       4.500265049296e-13      -2.988926794098e-13       0.000000000000e+00       1.325808347696e-16       2.801616830421e-17      -2.702528905402e-18 
 2526       1.008750644311e-11       4.514723384341e-13      -3.034204698197e-13       0.000000000000e+00       1.323526512426e-16       2.810208259155e-17      -2.697039646460e-18 
 2527       1.005169113628e-11       4.528899142757e-13      -3.080515782488e-13       0.000000000000e+00       1.321249334320e-16       2.818430845986e-17      -2.692650679879e-18 
 2528       1.001637810514e-11       4.542782126708e-13      -3.127834318918e-13       0.000000000000e+00       1.318976800537e-16       2.826273904244e-17      -2.689457188736e-18 
 2529       9.981573968109e-12       4.556362107753e-13      -3.176134492451e-13       0.000000000000e+00       1.316708898153e-16       2.833726715561e-17      -2.687554651073e-18 
 2530       9.947285361454e-12       4.569628826815e-13      -3.225390400986e-13       0.000000000000e+00       1.314445614160e-16       2.840778529843e-17      -2.687038840199e-18 
 2531       9.913518939338e-12       4.582571994150e-13      -3.275576055268e-13       0.000000000000e+00       1.312186935466e-16       2.847418565236e-17      -2.688005824969e-18 
 2532       9.880281373817e-12       4.595181289319e-13      -3.326665378797e-13       0.000000000000e+00       1.309932848891e-16       2.853636008097e-17      -2.690551970078e-18 
 2533       9.847577971713e-12       4.607447602714e-13      -3.378631557844e-13       0.000000000000e+00       1.307683341885e-16       2.859424752404e-17      -2.694745518134e-18 
 2534       9.815408516428e-12       4.619366768037e-13      -3.431445087561e-13       0.000000000000e+00       1.305438404654e-16       2.864797647984e-17      -2.700541155780e-18 
 2535       9.783771402125e-12       4.630935851337e-13      -3.485075714399e-13       0.000000000000e+00       1.303198028043e-16       2.869772334589e-17      -2.707864954265e-18 
 2536       9.752665014682e-12       4.642151911412e-13      -3.539493084884e-13       0.000000000000e+00       1.300962202826e-16       2.874366509997e-17      -2.716642742571e-18 
 2537       9.722087731688e-12       4.653011999796e-13      -3.594666745515e-13       0.000000000000e+00       1.298730919703e-16       2.878597930066e-17      -2.726800107172e-18 
 2538       9.692037922432e-12       4.663513160755e-13      -3.650566142664e-13       0.000000000000e+00       1.296504169304e-16       2.882484408796e-17      -2.738262391789e-18 
 2539       9.662513947891e-12       4.673652431283e-13      -3.707160622478e-13       0.000000000000e+00       1.294281942187e-16       2.886043818385e-17      -2.750954697151e-18 
 2540       9.633514160726e-12       4.683426841094e-13      -3.764419430775e-13       0.000000000000e+00       1.292064228839e-16       2.889294089287e-17      -2.764801880755e-18 
 2541       9.605036905268e-12       4.692833412612e-13      -3.822311712951e-13       0.000000000000e+00       1.289851019672e-16       2.892253210268e-17      -2.779728556617e-18 
 2542       9.577080517511e-12       4.701869160971e-13      -3.880806513872e-13       0.000000000000e+00       1.287642305029e-16       2.894939228470e-17      -2.795659095040e-18 
 2543       9.549643325102e-12       4.710531094003e-13      -3.939872777780e-13       0.000000000000e+00       1.285438075179e-16       2.897370249462e-17      -2.812517622365e-18 
 2544       9.522723647334e-12       4.718816212233e-13      -3.999479348190e-13       0.000000000000e+00       1.283238320320e-16       2.899564437303e-17      -2.830228020730e-18 
 2545       9.496319795131e-12       4.726721508876e-13      -4.059594967793e-13       0.000000000000e+00       1.281043030576e-16       2.901540014596e-17      -2.848713927833e-18 
 2546       9.470430071047e-12       4.734243969826e-13      -4.120188278351e-13       0.000000000000e+00       1.278852195999e-16       2.903315262549e-17      -2.867898736684e-18 
 2547       9.445052769249e-12       4.741380573649e-13      -4.181227820604e-13       0.000000000000e+00       1.276665806571e-16       2.904908521033e-17      -2.887705595369e-18 
 2548       9.420186175513e-12       4.748128291583e-13      -4.242682034164e-13       0.000000000000e+00       1.274483852196e-16       2.906338188638e-17      -2.908057406802e-18 
 2549       9.395828567212e-12       4.754484087523e-13      -4.304519257418e-13       0.000000000000e+00       1.272306322711e-16       2.907622722731e-17      -2.928876828490e-18 
 2550       9.371978213307e-12       4.760444918022e-13      -4.366707727427e-13       0.000000000000e+00       1.270133207877e-16       2.908780639516e-17      -2.950086272286e-18 
 2551       9.348633374339e-12       4.766007732280e-13      -4.429215579827e-13       0.000000000000e+00       1.267964497383e-16       2.909830514092e-17      -2.971607904150e-18 
 2552       9.325792302419e-12       4.771169472137e-13      -4.492010848730e-13       0.000000000000e+00       1.265800180843e-16       2.910790980508e-17      -2.993363643904e-18 
 2553       9.303453241218e-12       4.775927072071e-13      -4.555061466619e-13       0.000000000000e+00       1.263640247802e-16       2.911680731824e-17      -3.015275164996e-18 
 2554       9.281614425960e-12       4.780277459187e-13      -4.618335264257e-13       0.000000000000e+00       1.261484687728e-16       2.912518520166e-17      -3.037263894253e-18 
 2555       9.260274083411e-12       4.784217553213e-13      -4.681799970578e-13       0.000000000000e+00       1.259333490018e-16       2.913323156789e-17      -3.059251011640e-18 
 2556       9.239430431867e-12       4.787744266493e-13      -4.745423212592e-13       0.000000000000e+00       1.257186643995e-16       2.914113512129e-17      -3.081157450022e-18 
 2557       9.219081681152e-12       4.790854503979e-13      -4.809172515284e-13       0.000000000000e+00       1.255044138907e-16       2.914908515864e-17      -3.102903894917e-18 
 2558       9.199226032601e-12       4.793545163228e-13      -4.873015301515e-13       0.000000000000e+00       1.252905963932e-16       2.915727156973e-17      -3.124410784258e-18 
 2559       9.179861679056e-12       4.795813134391e-13      -4.936918891920e-13       0.000000000000e+00       1.250772108171e-16       2.916588483793e-17      -3.145598308149e-18 
 2560       9.160986804856e-12       4.797655300210e-13      -5.000850504810e-13       0.000000000000e+00       1.248642560652e-16       2.917511604076e-17      -3.166386408625e-18 
 2561       9.142599585823e-12       4.799068536011e-13      -5.064777256071e-13       0.000000000000e+00       1.246517310332e-16       2.918515685046e-17      -3.186694779409e-18 
 2562       9.124698189260e-12       4.800049709696e-13      -5.128666159065e-13       0.000000000000e+00       1.244396346090e-16       2.919619953461e-17      -3.206442865671e-18 
 2563       9.107280773936e-12       4.800595681737e-13      -5.192484124529e-13       0.000000000000e+00       1.242279656735e-16       2.920843695669e-17      -3.225549863785e-18 
 2564       9.090345490081e-12       4.800703305172e-13      -5.256197960476e-13       0.000000000000e+00       1.240167230997e-16       2.922206257663e-17      -3.243934721088e-18 
 2565       9.073890479372e-12       4.800369425593e-13      -5.319774372093e-13       0.000000000000e+00       1.238059057538e-16       2.923727045143e-17      -3.261516135641e-18 
 2566       9.057913874928e-12       4.799590881145e-13      -5.383179961645e-13       0.000000000000e+00       1.235955124940e-16       2.925425523574e-17      -3.278212555981e-18 
 2567       9.042413801299e-12       4.798364502519e-13      -5.446381228372e-13       0.000000000000e+00       1.233855421715e-16       2.927321218240e-17      -3.293942180884e-18 
 2568       9.027388374456e-12       4.796687112941e-13      -5.509344568390e-13       0.000000000000e+00       1.231759936299e-16       2.929433714307e-17      -3.308622959123e-18 
 2569       9.012835701784e-12       4.794555528170e-13      -5.572036274590e-13       0.000000000000e+00       1.229668657052e-16       2.931782656876e-17      -3.322172589224e-18 
 2570       8.998753882071e-12       4.791966556490e-13      -5.634422536540e-13       0.000000000000e+00       1.227581572261e-16       2.934387751045e-17      -3.334508519226e-18 
 2571       8.985141005497e-12       4.788916998704e-13      -5.696469440384e-13       0.000000000000e+00       1.225498670139e-16       2.937268761965e-17      -3.345547946438e-18 
 2572       8.971994299700e-12       4.785404794834e-13      -5.758145293553e-13       0.000000000000e+00       1.223419939453e-16       2.940439338661e-17      -3.355224550859e-18 
 2573       8.959307562662e-12       4.781432471384e-13      -5.819427613553e-13       0.000000000000e+00       1.221345371410e-16       2.943888446949e-17      -3.363538800010e-18 
 2574       8.947073715185e-12       4.777003713689e-13      -5.880296178769e-13       0.000000000000e+00       1.219274957786e-16       2.947598830925e-17      -3.370507930024e-18 
 2575       8.935285653472e-12       4.772122221008e-13      -5.940730707208e-13       0.000000000000e+00       1.217208690291e-16       2.951553179552e-17      -3.376149238052e-18 
 2576       8.923936249099e-12       4.766791706538e-13      -6.000710856440e-13       0.000000000000e+00       1.215146560573e-16       2.955734126600e-17      -3.380480082328e-18 
 2577       8.913018348991e-12       4.761015897423e-13      -6.060216223544e-13       0.000000000000e+00       1.213088560216e-16       2.960124250596e-17      -3.383517882232e-18 
 2578       8.902524775398e-12       4.754798534776e-13      -6.119226345045e-13       0.000000000000e+00       1.211034680740e-16       2.964706074771e-17      -3.385280118347e-18 
 2579       8.892448325871e-12       4.748143373687e-13      -6.177720696861e-13       0.000000000000e+00       1.208984913602e-16       2.969462067004e-17      -3.385784332524e-18 
 2580       8.882781773234e-12       4.741054183241e-13      -6.235678694244e-13       0.000000000000e+00       1.206939250196e-16       2.974374639767e-17      -3.385048127945e-18 
 2581       8.873517865563e-12       4.733534746529e-13      -6.293079691720e-13       0.000000000000e+00       1.204897681851e-16       2.979426150073e-17      -3.383089169179e-18 
 2582       8.864649326160e-12       4.725588860668e-13      -6.349902983035e-13       0.000000000000e+00       1.202860199833e-16       2.984598899421e-17      -3.379925182250e-18 
 2583       8.856168853526e-12       4.717220336808e-13      -6.406127801092e-13       0.000000000000e+00       1.200826795344e-16       2.989875133743e-17      -3.375573954695e-18 
 2584       8.848069121340e-12       4.708433000152e-13      -6.461733317900e-13       0.000000000000e+00       1.198797459522e-16       2.995237043350e-17      -3.370053335627e-18 
 2585       8.840342778432e-12       4.699230689968e-13      -6.516698644510e-13       0.000000000000e+00       1.196772183441e-16       3.000666762874e-17      -3.363381235796e-18 
 2586       8.832982448759e-12       4.689617259603e-13      -6.571002830961e-13       0.000000000000e+00       1.194750958111e-16       3.006146371221e-17      -3.355575627651e-18 
 2587       8.825980731378e-12       4.679596576499e-13      -6.624624866220e-13       0.000000000000e+00       1.192733774476e-16       3.011657891512e-17      -3.346654545401e-18 
 2588       8.819330200425e-12       4.669172522204e-13      -6.677543678127e-13       0.000000000000e+00       1.190720623420e-16       3.017183291028e-17      -3.336636085079e-18 
 2589       8.813023405090e-12       4.658348992391e-13      -6.729738133333e-13       0.000000000000e+00       1.188711495759e-16       3.022704481161e-17      -3.325538404599e-18 
 2590       8.807052869586e-12       4.647129896868e-13      -6.781187037248e-13       0.000000000000e+00       1.186706382245e-16       3.028203317357e-17      -3.313379723823e-18 
 2591       8.801411093134e-12       4.635519159596e-13      -6.831869133976e-13       0.000000000000e+00       1.184705273566e-16       3.033661599060e-17      -3.300178324619e-18 
 2592       8.796090549930e-12       4.623520718699e-13      -6.881763106266e-13       0.000000000000e+00       1.182708160347e-16       3.039061069662e-17      -3.285952550925e-18 
 2593       8.791083689125e-12       4.611138526483e-13      -6.930847575445e-13       0.000000000000e+00       1.180715033146e-16       3.044383416447e-17      -3.270720808809e-18 
 2594       8.786382934798e-12       4.598376549447e-13      -6.979101101367e-13       0.000000000000e+00       1.178725882457e-16       3.049610270537e-17      -3.254501566530e-18 
 2595       8.781980685932e-12       4.585238768299e-13      -7.026502182352e-13       0.000000000000e+00       1.176740698710e-16       3.054723206836e-17      -3.237313354604e-18 
 2596       8.777869316390e-12       4.571729177968e-13      -7.073029255131e-13       0.000000000000e+00       1.174759472269e-16       3.059703743982e-17      -3.219174765858e-18 
 2597       8.774041174890e-12       4.557851787622e-13      -7.118660694784e-13       0.000000000000e+00       1.172782193435e-16       3.064533344286e-17      -3.200104455501e-18 
 2598       8.770488584976e-12       4.543610620679e-13      -7.163374814686e-13       0.000000000000e+00       1.170808852441e-16       3.069193413682e-17      -3.180121141177e-18 
 2599       8.767203845003e-12       4.529009714823e-13      -7.207149866447e-13       0.000000000000e+00       1.168839439457e-16       3.073665301672e-17      -3.159243603032e-18 
 2600       8.764179228101e-12       4.514053122019e-13      -7.249964039856e-13       0.000000000000e+00       1.166873944588e-16       3.077930301272e-17      -3.137490683775e-18 
 2601       8.761406982158e-12       4.498744908523e-13      -7.291795462821e-13       0.000000000000e+00       1.164912357872e-16       3.081969648959e-17      -3.114881288738e-18 
 2602       8.758879329793e-12       4.483089154904e-13      -7.332622201314e-13       0.000000000000e+00       1.162954669283e-16       3.085764524614e-17      -3.091434385939e-18 
 2603       8.756588468330e-12       4.467089956050e-13      -7.372422259312e-13       0.000000000000e+00       1.161000868730e-16       3.089296051471e-17      -3.067169006141e-18 
 2604       8.754526569775e-12       4.450751421189e-13      -7.411173578736e-13       0.000000000000e+00       1.159050946056e-16       3.092545296063e-17      -3.042104242920e-18 
 2605       8.752685780790e-12       4.434077673898e-13      -7.448854039400e-13       0.000000000000e+00       1.157104891037e-16       3.095493268165e-17      -3.016259252718e-18 
 2606       8.751058222670e-12       4.417072852121e-13      -7.485441458948e-13       0.000000000000e+00       1.155162693386e-16       3.098120920743e-17      -2.989653254912e-18 
 2607       8.749635991315e-12       4.399741108182e-13      -7.520913592797e-13       0.000000000000e+00       1.153224342748e-16       3.100409149898e-17      -2.962305531872e-18 
 2608       8.748411157209e-12       4.382086608800e-13      -7.555248134080e-13       0.000000000000e+00       1.151289828703e-16       3.102338794816e-17      -2.934235429023e-18 
 2609       8.747375765394e-12       4.364113535101e-13      -7.588422713590e-13       0.000000000000e+00       1.149359140766e-16       3.103890637706e-17      -2.905462354909e-18 
 2610       8.746521835443e-12       4.345826082635e-13      -7.620414899718e-13       0.000000000000e+00       1.147432268386e-16       3.105045403755e-17      -2.876005781249e-18 
 2611       8.745841402098e-12       4.327228938304e-13      -7.651205739457e-13       0.000000000000e+00       1.145509201500e-16       3.105788283099e-17      -2.845887609617e-18 
 2612       8.745326637482e-12       4.308328714033e-13      -7.680790403219e-13       0.000000000000e+00       1.143589932211e-16       3.106122524580e-17      -2.815139285826e-18 
 2613       8.744969729517e-12       4.289132521168e-13      -7.709167599600e-13       0.000000000000e+00       1.141674453117e-16       3.106055918122e-17      -2.783794725567e-18 
 2614       8.744762841312e-12       4.269647494315e-13      -7.736336039754e-13       0.000000000000e+00       1.139762756765e-16       3.105596279653e-17      -2.751887951519e-18 
 2615       8.744698111134e-12       4.249880791361e-13      -7.762294437390e-13       0.000000000000e+00       1.137854835641e-16       3.104751451124e-17      -2.719453093457e-18 
 2616       8.744767652381e-12       4.229839593499e-13      -7.787041508784e-13       0.000000000000e+00       1.135950682180e-16       3.103529300542e-17      -2.686524388352e-18 
 2617       8.744963553564e-12       4.209531105249e-13      -7.810575972779e-13       0.000000000000e+00       1.134050288756e-16       3.101937721988e-17      -2.653136180477e-18 
 2618       8.745277878281e-12       4.188962554481e-13      -7.832896550790e-13       0.000000000000e+00       1.132153647690e-16       3.099984635650e-17      -2.619322921509e-18 
 2619       8.745702665190e-12       4.168141192438e-13      -7.854001966810e-13       0.000000000000e+00       1.130260751245e-16       3.097677987843e-17      -2.585119170631e-18 
 2620       8.746229927988e-12       4.147074293759e-13      -7.873890947413e-13       0.000000000000e+00       1.128371591628e-16       3.095025751035e-17      -2.550559594639e-18 
 2621       8.746851655386e-12       4.125769156501e-13      -7.892562221761e-13       0.000000000000e+00       1.126486160989e-16       3.092035923878e-17      -2.515678968042e-18 
 2622       8.747559811087e-12       4.104233102163e-13      -7.910014521605e-13       0.000000000000e+00       1.124604451424e-16       3.088716531226e-17      -2.480512173166e-18 
 2623       8.748346333757e-12       4.082473475705e-13      -7.926246581293e-13       0.000000000000e+00       1.122726454969e-16       3.085075624165e-17      -2.445094200258e-18 
 2624       8.749203137006e-12       4.060497645577e-13      -7.941257137771e-13       0.000000000000e+00       1.120852163605e-16       3.081121280038e-17      -2.409460147588e-18 
 2625       8.750122109361e-12       4.038313003736e-13      -7.955044930590e-13       0.000000000000e+00       1.118981569256e-16       3.076861602472e-17      -2.373645221555e-18 
 2626       8.751095114246e-12       4.015926965671e-13      -7.967608701913e-13       0.000000000000e+00       1.117114663789e-16       3.072304721398e-17      -2.337684736788e-18 
 2627       8.752113989950e-12       3.993346970426e-13      -7.978947196512e-13       0.000000000000e+00       1.115251439016e-16       3.067458793083e-17      -2.301614116249e-18 
 2628       8.753170549612e-12       3.970580480622e-13      -7.989059161779e-13       0.000000000000e+00       1.113391886688e-16       3.062332000152e-17      -2.265468891337e-18 
 2629       8.754256581192e-12       3.947634982480e-13      -7.997943347731e-13       0.000000000000e+00       1.111535998504e-16       3.056932551615e-17      -2.229284701993e-18 
 2630       8.755363847446e-12       3.924517985844e-13      -8.005598507007e-13       0.000000000000e+00       1.109683766101e-16       3.051268682891e-17      -2.193097296801e-18 
 2631       8.756484085906e-12       3.901237024203e-13      -8.012023394883e-13       0.000000000000e+00       1.107835181063e-16       3.045348655836e-17      -2.156942533091e-18 
 2632       8.757609008855e-12       3.877799654714e-13      -8.017216769269e-13       0.000000000000e+00       1.105990234914e-16       3.039180758765e-17      -2.120856377045e-18 
 2633       8.758730303297e-12       3.854213458225e-13      -8.021177390713e-13       0.000000000000e+00       1.104148919122e-16       3.032773306481e-17      -2.084874903798e-18 
 2634       8.759839630943e-12       3.830486039296e-13      -8.023904022414e-13       0.000000000000e+00       1.102311225098e-16       3.026134640300e-17      -2.049034297542e-18 
 2635       8.760928628179e-12       3.806625026226e-13      -8.025395430217e-13       0.000000000000e+00       1.100477144194e-16       3.019273128074e-17      -2.013370851629e-18 
 2636       8.761988906046e-12       3.782638071070e-13      -8.025650382621e-13       0.000000000000e+00       1.098646667706e-16       3.012197164219e-17      -1.977920968675e-18 
 2637       8.763012050212e-12       3.758532849666e-13      -8.024667650787e-13       0.000000000000e+00       1.096819786873e-16       3.004915169740e-17      -1.942721160662e-18 
 2638       8.763989620955e-12       3.734317061656e-13      -8.022446008537e-13       0.000000000000e+00       1.094996492874e-16       2.997435592255e-17      -1.907808049044e-18 
 2639       8.764913153132e-12       3.709998430510e-13      -8.018984232361e-13       0.000000000000e+00       1.093176776832e-16       2.989766906025e-17      -1.873218364847e-18 
 2640       8.765774156157e-12       3.685584703546e-13      -8.014281101424e-13       0.000000000000e+00       1.091360629812e-16       2.981917611974e-17      -1.838988948773e-18 
 2641       8.766564113979e-12       3.661083651954e-13      -8.008335397565e-13       0.000000000000e+00       1.089548042822e-16       2.973896237717e-17      -1.805156751307e-18 
 2642       8.767274485056e-12       3.636503070820e-13      -8.001145905306e-13       0.000000000000e+00       1.087739006811e-16       2.965711337587e-17      -1.771758832814e-18 
 2643       8.767896702333e-12       3.611850779149e-13      -7.992711411856e-13       0.000000000000e+00       1.085933512670e-16       2.957371492657e-17      -1.738832363648e-18 
 2644       8.768422173213e-12       3.587134619885e-13      -7.983030707113e-13       0.000000000000e+00       1.084131551232e-16       2.948885310772e-17      -1.706414624253e-18 
 2645       8.768842279541e-12       3.562362459935e-13      -7.972102583673e-13       0.000000000000e+00       1.082333113273e-16       2.940261426564e-17      -1.674543005264e-18 
 2646       8.769148377572e-12       3.537542190191e-13      -7.959925836827e-13       0.000000000000e+00       1.080538189511e-16       2.931508501489e-17      -1.643255007616e-18 
 2647       8.769331797951e-12       3.512681725556e-13      -7.946499264576e-13       0.000000000000e+00       1.078746770603e-16       2.922635223846e-17      -1.612588242641e-18 
 2648       8.769383845690e-12       3.487789004963e-13      -7.931821667626e-13       0.000000000000e+00       1.076958847151e-16       2.913650308802e-17      -1.582580432176e-18 
 2649       8.769295800141e-12       3.462871991398e-13      -7.915891849398e-13       0.000000000000e+00       1.075174409698e-16       2.904562498421e-17      -1.553269408663e-18 
 2650       8.769059664010e-12       3.437938365333e-13      -7.898711295130e-13       0.000000000000e+00       1.073393449219e-16       2.895379264625e-17      -1.524683757352e-18 
 2651       8.768670414960e-12       3.412994603116e-13      -7.880292225356e-13       0.000000000000e+00       1.071615958605e-16       2.886102910195e-17      -1.496814686192e-18 
 2652       8.768123766403e-12       3.388046893534e-13      -7.860649586941e-13       0.000000000000e+00       1.069841931190e-16       2.876734446274e-17      -1.469644000696e-18 
 2653       8.767415419582e-12       3.363101443957e-13      -7.839798378073e-13       0.000000000000e+00       1.068071360258e-16       2.867274887478e-17      -1.443153447672e-18 
 2654       8.766541063559e-12       3.338164480355e-13      -7.817753648312e-13       0.000000000000e+00       1.066304239041e-16       2.857725251899e-17      -1.417324715167e-18 
 2655       8.765496375204e-12       3.313242247319e-13      -7.794530498641e-13       0.000000000000e+00       1.064540560724e-16       2.848086561109e-17      -1.392139432406e-18 
 2656       8.764277019182e-12       3.288341008076e-13      -7.770144081520e-13       0.000000000000e+00       1.062780318441e-16       2.838359840163e-17      -1.367579169742e-18 
 2657       8.762878647948e-12       3.263467044506e-13      -7.744609600928e-13       0.000000000000e+00       1.061023505276e-16       2.828546117601e-17      -1.343625438594e-18 
 2658       8.761296901728e-12       3.238626657161e-13      -7.717942312421e-13       0.000000000000e+00       1.059270114263e-16       2.818646425454e-17      -1.320259691394e-18 
 2659       8.759527408511e-12       3.213826165283e-13      -7.690157523180e-13       0.000000000000e+00       1.057520138387e-16       2.808661799244e-17      -1.297463321527e-18 
 2660       8.757565784041e-12       3.189071906818e-13      -7.661270592060e-13       0.000000000000e+00       1.055773570581e-16       2.798593277991e-17      -1.275217663278e-18 
 2661       8.755407631799e-12       3.164370238436e-13      -7.631296929641e-13       0.000000000000e+00       1.054030403730e-16       2.788441904216e-17      -1.253503991775e-18 
 2662       8.753048542999e-12       3.139727535551e-13      -7.600251998278e-13       0.000000000000e+00       1.052290630668e-16       2.778208723941e-17      -1.232303522929e-18 
 2663       8.750484096571e-12       3.115150192333e-13      -7.568151312153e-13       0.000000000000e+00       1.050554244178e-16       2.767894786695e-17      -1.211597413381e-18 
 2664       8.747709859152e-12       3.090644621729e-13      -7.535010437323e-13       0.000000000000e+00       1.048821236993e-16       2.757501145518e-17      -1.191366760444e-18 
 2665       8.744721385076e-12       3.066217255479e-13      -7.500844991772e-13       0.000000000000e+00       1.047091601796e-16       2.747028856963e-17      -1.171592602047e-18 
 2666       8.741514216361e-12       3.041874544134e-13      -7.465670645461e-13       0.000000000000e+00       1.045365331219e-16       2.736478981099e-17      -1.152255916679e-18 
 2667       8.738083882698e-12       3.017622957075e-13      -7.429503120377e-13       0.000000000000e+00       1.043642417845e-16       2.725852581516e-17      -1.133337623331e-18 
 2668       8.734425901441e-12       2.993468982528e-13      -7.392358190585e-13       0.000000000000e+00       1.041922854206e-16       2.715150725328e-17      -1.114818581439e-18 
 2669       8.730535777593e-12       2.969419127583e-13      -7.354251682276e-13       0.000000000000e+00       1.040206632780e-16       2.704374483175e-17      -1.096679590830e-18 
 2670       8.726409003799e-12       2.945479918209e-13      -7.315199473821e-13       0.000000000000e+00       1.038493746000e-16       2.693524929228e-17      -1.078901391664e-18 
 2671       8.722041060332e-12       2.921657899276e-13      -7.275217495818e-13       0.000000000000e+00       1.036784186244e-16       2.682603141191e-17      -1.061464664376e-18 
 2672       8.717427415080e-12       2.897959634568e-13      -7.234321731144e-13       0.000000000000e+00       1.035077945842e-16       2.671610200307e-17      -1.044350029623e-18 
 2673       8.712563523539e-12       2.874391706804e-13      -7.192528215005e-13       0.000000000000e+00       1.033375017070e-16       2.660547191358e-17      -1.027538048225e-18 
 2674       8.707444828798e-12       2.850960717651e-13      -7.149853034984e-13       0.000000000000e+00       1.031675392155e-16       2.649415202669e-17      -1.011009221108e-18 
 2675       8.702066761533e-12       2.827673287747e-13      -7.106312331096e-13       0.000000000000e+00       1.029979063275e-16       2.638215326115e-17      -9.947439892481e-19 
 2676       8.696424739987e-12       2.804536056715e-13      -7.061922295835e-13       0.000000000000e+00       1.028286022553e-16       2.626948657120e-17      -9.787227336161e-19 
 2677       8.690514169968e-12       2.781555683181e-13      -7.016699174224e-13       0.000000000000e+00       1.026596262064e-16       2.615616294664e-17      -9.629257751198e-19 
 2678       8.684330444833e-12       2.758738844790e-13      -6.970659263867e-13       0.000000000000e+00       1.024909773831e-16       2.604219341281e-17      -9.473333745474e-19 
 2679       8.677868945476e-12       2.736092238228e-13      -6.923818914998e-13       0.000000000000e+00       1.023226549825e-16       2.592758903069e-17      -9.319257325116e-19 
 2680       8.671125040320e-12       2.713622579234e-13      -6.876194530534e-13       0.000000000000e+00       1.021546581966e-16       2.581236089689e-17      -9.166829893923e-19 
 2681       8.664094085304e-12       2.691336602622e-13      -6.827802566120e-13       0.000000000000e+00       1.019869862123e-16       2.569652014372e-17      -9.015852252809e-19 
 2682       8.656771423869e-12       2.669241062296e-13      -6.778659530184e-13       0.000000000000e+00       1.018196382115e-16       2.558007793916e-17      -8.866124599230e-19 
 2683       8.649152386953e-12       2.647342731266e-13      -6.728781983987e-13       0.000000000000e+00       1.016526133707e-16       2.546304548697e-17      -8.717446526622e-19 
 2684       8.641232292976e-12       2.625648401670e-13      -6.678186541670e-13       0.000000000000e+00       1.014859108615e-16       2.534543402669e-17      -8.569617023836e-19 
 2685       8.633006447827e-12       2.604164884787e-13      -6.626889870308e-13       0.000000000000e+00       1.013195298501e-16       2.522725483364e-17      -8.422434474571e-19 
 2686       8.624470144856e-12       2.582899011058e-13      -6.574908689958e-13       0.000000000000e+00       1.011534694977e-16       2.510851921901e-17      -8.275696656811e-19 
 2687       8.615618664862e-12       2.561857630101e-13      -6.522259773709e-13       0.000000000000e+00       1.009877289604e-16       2.498923852989e-17      -8.129200742256e-19 
 2688       8.606447276082e-12       2.541047610728e-13      -6.468959947736e-13       0.000000000000e+00       1.008223073889e-16       2.486942414924e-17      -7.982743295758e-19 
 2689       8.596952174019e-12       2.520475056360e-13      -6.415026668923e-13       0.000000000000e+00       1.006572039726e-16       2.474909547775e-17      -7.836126484211e-19 
 2690       8.587133306546e-12       2.500142946554e-13      -6.360479761086e-13       0.000000000000e+00       1.004924180706e-16       2.462830392649e-17      -7.689176741280e-19 
 2691       8.576991564170e-12       2.480053482664e-13      -6.305339688308e-13       0.000000000000e+00       1.003279490810e-16       2.450710905497e-17      -7.541726203191e-19 
 2692       8.566527841584e-12       2.460208871286e-13      -6.249626978282e-13       0.000000000000e+00       1.001637963976e-16       2.438557060141e-17      -7.393606508047e-19 
 2693       8.555743037680e-12       2.440611324260e-13      -6.193362222365e-13       0.000000000000e+00       9.999995940989e-17       2.426374848290e-17      -7.244648795364e-19 
 2694       8.544638055549e-12       2.421263058679e-13      -6.136566075644e-13       0.000000000000e+00       9.983643750278e-17       2.414170279558e-17      -7.094683705612e-19 
 2695       8.533213802485e-12       2.402166296889e-13      -6.079259256996e-13       0.000000000000e+00       9.967323005681e-17       2.401949381481e-17      -6.943541379747e-19 
 2696       8.521471189991e-12       2.383323266495e-13      -6.021462549140e-13       0.000000000000e+00       9.951033644808e-17       2.389718199533e-17      -6.791051458756e-19 
 2697       8.509411133782e-12       2.364736200365e-13      -5.963196798708e-13       0.000000000000e+00       9.934775604827e-17       2.377482797143e-17      -6.637043083188e-19 
 2698       8.497034553792e-12       2.346407336636e-13      -5.904482916295e-13       0.000000000000e+00       9.918548822459e-17       2.365249255710e-17      -6.481344892695e-19 
 2699       8.484342374173e-12       2.328338918717e-13      -5.845341876526e-13       0.000000000000e+00       9.902353233982e-17       2.353023674621e-17      -6.323785025568e-19 
 2700       8.471335523307e-12       2.310533195294e-13      -5.785794718112e-13       0.000000000000e+00       9.886188775226e-17       2.340812171268e-17      -6.164191118276e-19 
 2701       8.458014933804e-12       2.292992420335e-13      -5.725862543910e-13       0.000000000000e+00       9.870055381578e-17       2.328620881065e-17      -6.002390305002e-19 
 2702       8.444381542507e-12       2.275718853092e-13      -5.665566520985e-13       0.000000000000e+00       9.853952987977e-17       2.316455957463e-17      -5.838209217184e-19 
 2703       8.430436290501e-12       2.258714758108e-13      -5.604927880670e-13       0.000000000000e+00       9.837881528915e-17       2.304323571966e-17      -5.671473983046e-19 
 2704       8.416180123112e-12       2.241982405221e-13      -5.543967918621e-13       0.000000000000e+00       9.821840938437e-17       2.292229914153e-17      -5.502010227143e-19 
 2705       8.401613989915e-12       2.225524069569e-13      -5.482707994884e-13       0.000000000000e+00       9.805831150140e-17       2.280181191685e-17      -5.329643069894e-19 
 2706       8.386738844736e-12       2.209342031590e-13      -5.421169533949e-13       0.000000000000e+00       9.789852097173e-17       2.268183630334e-17      -5.154197127119e-19 
 2707       8.371555645657e-12       2.193438577035e-13      -5.359374024813e-13       0.000000000000e+00       9.773903712233e-17       2.256243473987e-17      -4.975496509582e-19 
 2708       8.356065355022e-12       2.177815996963e-13      -5.297343021041e-13       0.000000000000e+00       9.757985927573e-17       2.244366984672e-17      -4.793364822520e-19 
 2709       8.340268939438e-12       2.162476587752e-13      -5.235098140821e-13       0.000000000000e+00       9.742098674990e-17       2.232560442571e-17      -4.607625165191e-19 
 2710       8.324167369785e-12       2.147422651102e-13      -5.172661067028e-13       0.000000000000e+00       9.726241885835e-17       2.220830146037e-17      -4.418100130401e-19 
 2711       8.307761621212e-12       2.132656494036e-13      -5.110053547284e-13       0.000000000000e+00       9.710415491006e-17       2.209182411607e-17      -4.224611804049e-19 
 2712       8.291052673150e-12       2.118180428911e-13      -5.047297394015e-13       0.000000000000e+00       9.694619420950e-17       2.197623574028e-17      -4.026981764662e-19 
 2713       8.274041509310e-12       2.103996773415e-13      -4.984414484513e-13       0.000000000000e+00       9.678853605660e-17       2.186159986264e-17      -3.825031082933e-19 
 2714       8.256729117692e-12       2.090107850577e-13      -4.921426760996e-13       0.000000000000e+00       9.663117974680e-17       2.174798019517e-17      -3.618580321258e-19 
 2715       8.239116490585e-12       2.076515988770e-13      -4.858356230667e-13       0.000000000000e+00       9.647412457098e-17       2.163544063244e-17      -3.407449533272e-19 
 2716       8.221204624574e-12       2.063223521714e-13      -4.795224965775e-13       0.000000000000e+00       9.631736981550e-17       2.152404525172e-17      -3.191458263392e-19 
 2717       8.202994520545e-12       2.050232788482e-13      -4.732055103672e-13       0.000000000000e+00       9.616091476217e-17       2.141385831315e-17      -2.970425546348e-19 
 2718       8.184487183688e-12       2.037546133503e-13      -4.668868846877e-13       0.000000000000e+00       9.600475868826e-17       2.130494425992e-17      -2.744169906724e-19 
 2719       8.165683623500e-12       2.025165906569e-13      -4.605688463132e-13       0.000000000000e+00       9.584890086648e-17       2.119736771843e-17      -2.512509358497e-19 
 2720       8.146584853793e-12       2.013094462835e-13      -4.542536285467e-13       0.000000000000e+00       9.569334056499e-17       2.109119349843e-17      -2.275261404571e-19 
 2721       8.127191892695e-12       2.001334162830e-13      -4.479434712253e-13       0.000000000000e+00       9.553807704740e-17       2.098648659323e-17      -2.032243036317e-19 
 2722       8.107505762657e-12       1.989887372454e-13      -4.416406207267e-13       0.000000000000e+00       9.538310957273e-17       2.088331217984e-17      -1.783270733108e-19 
 2723       8.087527490454e-12       1.978756462989e-13      -4.353473299750e-13       0.000000000000e+00       9.522843739545e-17       2.078173561914e-17      -1.528160461862e-19 
 2724       8.067258107193e-12       1.967943811099e-13      -4.290658584470e-13       0.000000000000e+00       9.507405976544e-17       2.068182245606e-17      -1.266727676574e-19 
 2725       8.046698648316e-12       1.957451798837e-13      -4.227984721774e-13       0.000000000000e+00       9.491997592800e-17       2.058363841970e-17      -9.987873178533e-20 
 2726       8.025850153602e-12       1.947282813647e-13      -4.165474437657e-13       0.000000000000e+00       9.476618512385e-17       2.048724942358e-17      -7.241538124673e-20 
 2727       8.004713667176e-12       1.937439248371e-13      -4.103150523818e-13       0.000000000000e+00       9.461268658910e-17       2.039272156572e-17      -4.426410728731e-20 
 2728       7.983290837781e-12       1.927922738407e-13      -4.041034412555e-13       0.000000000000e+00       9.445947959403e-17       2.030009995854e-17      -1.541885328671e-20 
 2729       7.961585723124e-12       1.918731868705e-13      -3.979141892986e-13       0.000000000000e+00       9.430656355939e-17       2.020934509392e-17       1.407600053321e-20 
 2730       7.939602995226e-12       1.909864454470e-13      -3.917487371955e-13       0.000000000000e+00       9.415393794071e-17       2.012039613683e-17       4.416331853368e-20 
 2731       7.917347341044e-12       1.901318302881e-13      -3.856085297139e-13       0.000000000000e+00       9.400160218958e-17       2.003319206449e-17       7.478579464291e-20 
 2732       7.894823462485e-12       1.893091213086e-13      -3.794950157088e-13       0.000000000000e+00       9.384955575365e-17       1.994767166615e-17       1.058859521992e-19 
 2733       7.872036076423e-12       1.885180976192e-13      -3.734096481260e-13       0.000000000000e+00       9.369779807665e-17       1.986377354296e-17       1.374061437938e-19 
 2734       7.848989914709e-12       1.877585375255e-13      -3.673538840061e-13       0.000000000000e+00       9.354632859833e-17       1.978143610775e-17       1.692885511146e-19 
 2735       7.825689724185e-12       1.870302185278e-13      -3.613291844878e-13       0.000000000000e+00       9.339514675454e-17       1.970059758489e-17       2.014751847883e-19 
 2736       7.802140266702e-12       1.863329173198e-13      -3.553370148118e-13       0.000000000000e+00       9.324425197713e-17       1.962119601011e-17       2.339078842244e-19 
 2737       7.778346319130e-12       1.856664097880e-13      -3.493788443246e-13       0.000000000000e+00       9.309364369403e-17       1.954316923030e-17       2.665283174577e-19 
 2738       7.754312673374e-12       1.850304710109e-13      -3.434561464818e-13       0.000000000000e+00       9.294332132919e-17       1.946645490336e-17       2.992779809916e-19 
 2739       7.730044136390e-12       1.844248752582e-13      -3.375703988523e-13       0.000000000000e+00       9.279328430260e-17       1.939099049802e-17       3.320981996413e-19 
 2740       7.705545530193e-12       1.838493959902e-13      -3.317230831215e-13       0.000000000000e+00       9.264353203027e-17       1.931671329367e-17       3.649301263765e-19 
 2741       7.680821691876e-12       1.833038058567e-13      -3.259156850955e-13       0.000000000000e+00       9.249406392426e-17       1.924356038016e-17       3.977147421651e-19 
 2742       7.655877473625e-12       1.827878766963e-13      -3.201496947042e-13       0.000000000000e+00       9.234487939262e-17       1.917146865767e-17       4.303928558156e-19 
 2743       7.630717742727e-12       1.823013795359e-13      -3.144266060056e-13       0.000000000000e+00       9.219597783943e-17       1.910037483647e-17       4.629051038206e-19 
 2744       7.605347381591e-12       1.818440845894e-13      -3.087479171891e-13       0.000000000000e+00       9.204735866479e-17       1.903021543682e-17       4.951919501999e-19 
 2745       7.579771287759e-12       1.814157612575e-13      -3.031151305792e-13       0.000000000000e+00       9.189902126480e-17       1.896092678875e-17       5.271936863436e-19 
 2746       7.553994373916e-12       1.810161781265e-13      -2.975297526393e-13       0.000000000000e+00       9.175096503156e-17       1.889244503188e-17       5.588504308547e-19 
 2747       7.528021567912e-12       1.806451029676e-13      -2.919932939755e-13       0.000000000000e+00       9.160318935318e-17       1.882470611526e-17       5.901021293929e-19 
 2748       7.501857812771e-12       1.803023027362e-13      -2.865072693401e-13       0.000000000000e+00       9.145569361373e-17       1.875764579722e-17       6.208885545173e-19 
 2749       7.475508066705e-12       1.799875435711e-13      -2.810731976354e-13       0.000000000000e+00       9.130847719333e-17       1.869119964514e-17       6.511493055294e-19 
 2750       7.448977303130e-12       1.797005907937e-13      -2.756926019171e-13       0.000000000000e+00       9.116153946802e-17       1.862530303533e-17       6.808238083164e-19 
 2751       7.422270510679e-12       1.794412089071e-13      -2.703670093987e-13       0.000000000000e+00       9.101487980986e-17       1.855989115280e-17       7.098513151944e-19 
 2752       7.395392693215e-12       1.792091615955e-13      -2.650979514543e-13       0.000000000000e+00       9.086849758689e-17       1.849489899113e-17       7.381709047510e-19 
 2753       7.368348869848e-12       1.790042117233e-13      -2.598869636229e-13       0.000000000000e+00       9.072239216309e-17       1.843026135229e-17       7.657214816890e-19 
 2754       7.341144074945e-12       1.788261213343e-13      -2.547355856120e-13       0.000000000000e+00       9.057656289843e-17       1.836591284644e-17       7.924417766689e-19 
 2755       7.313783358149e-12       1.786746516511e-13      -2.496453613010e-13       0.000000000000e+00       9.043100914884e-17       1.830178789178e-17       8.182703461525e-19 
 2756       7.286271784387e-12       1.785495630740e-13      -2.446178387453e-13       0.000000000000e+00       9.028573026621e-17       1.823782071435e-17       8.431455722455e-19 
 2757       7.258614433891e-12       1.784506151806e-13      -2.396545701796e-13       0.000000000000e+00       9.014072559838e-17       1.817394534790e-17       8.670056625412e-19 
 2758       7.230816402204e-12       1.783775667247e-13      -2.347571120219e-13       0.000000000000e+00       8.999599448913e-17       1.811009563365e-17       8.897886499628e-19 
 2759       7.202882800203e-12       1.783301756354e-13      -2.299270248770e-13       0.000000000000e+00       8.985153627821e-17       1.804620522016e-17       9.114323926074e-19 
 2760       7.174818754103e-12       1.783081990170e-13      -2.251658735404e-13       0.000000000000e+00       8.970735030128e-17       1.798220756318e-17       9.318745735882e-19 
 2761       7.146629405483e-12       1.783113931474e-13      -2.204752270017e-13       0.000000000000e+00       8.956343588995e-17       1.791803592539e-17       9.510527008782e-19 
 2762       7.118319911287e-12       1.783395134777e-13      -2.158566584485e-13       0.000000000000e+00       8.941979237177e-17       1.785362337631e-17       9.689041071530e-19 
 2763       7.089895443848e-12       1.783923146315e-13      -2.113117452700e-13       0.000000000000e+00       8.927641907021e-17       1.778890279208e-17       9.853659496340e-19 
 2764       7.061361190899e-12       1.784695504040e-13      -2.068420690607e-13       0.000000000000e+00       8.913331530465e-17       1.772380685530e-17       1.000375209931e-18 
 2765       7.032722355585e-12       1.785709737611e-13      -2.024492156243e-13       0.000000000000e+00       8.899048039041e-17       1.765826805485e-17       1.013868693888e-18 
 2766       7.003984156479e-12       1.786963368388e-13      -1.981347749770e-13       0.000000000000e+00       8.884791363870e-17       1.759221868570e-17       1.025783031420e-18 
 2767       6.975151843581e-12       1.788453557462e-13      -1.939001099456e-13       0.000000000000e+00       8.870561439108e-17       1.752560108277e-17       1.036078564236e-18 
 2768       6.946230746390e-12       1.790176047725e-13      -1.897456606153e-13       0.000000000000e+00       8.856358212281e-17       1.745839838182e-17       1.044811147425e-18 
 2769       6.917226226114e-12       1.792126216185e-13      -1.856716362081e-13       0.000000000000e+00       8.842181634001e-17       1.739060392100e-17       1.052060727580e-18 
 2770       6.888143659721e-12       1.794299425405e-13      -1.816782461538e-13       0.000000000000e+00       8.828031654531e-17       1.732221102161e-17       1.057907489655e-18 
 2771       6.858988439957e-12       1.796691023492e-13      -1.777657000906e-13       0.000000000000e+00       8.813908223783e-17       1.725321298811e-17       1.062431857183e-18 
 2772       6.829765975356e-12       1.799296344079e-13      -1.739342078649e-13       0.000000000000e+00       8.799811291315e-17       1.718360310810e-17       1.065714492494e-18 
 2773       6.800481690259e-12       1.802110706318e-13      -1.701839795313e-13       0.000000000000e+00       8.785740806336e-17       1.711337465228e-17       1.067836296931e-18 
 2774       6.771141024823e-12       1.805129414860e-13      -1.665152253530e-13       0.000000000000e+00       8.771696717700e-17       1.704252087448e-17       1.068878411067e-18 
 2775       6.741749435038e-12       1.808347759847e-13      -1.629281558016e-13       0.000000000000e+00       8.757678973911e-17       1.697103501161e-17       1.068922214927e-18 
 2776       6.712312392743e-12       1.811761016895e-13      -1.594229815570e-13       0.000000000000e+00       8.743687523119e-17       1.689891028364e-17       1.068049328197e-18 
 2777       6.682835385636e-12       1.815364447081e-13      -1.559999135081e-13       0.000000000000e+00       8.729722313120e-17       1.682613989362e-17       1.066341610450e-18 
 2778       6.653323917292e-12       1.819153296934e-13      -1.526591627521e-13       0.000000000000e+00       8.715783291356e-17       1.675271702766e-17       1.063881161358e-18 
 2779       6.623783507176e-12       1.823122798415e-13      -1.494009405951e-13       0.000000000000e+00       8.701870404917e-17       1.667863485488e-17       1.060750320910e-18 
 2780       6.594219690657e-12       1.827268168909e-13      -1.462254585519e-13       0.000000000000e+00       8.687983600535e-17       1.660388652742e-17       1.057031669631e-18 
 2781       6.564638019022e-12       1.831584611208e-13      -1.431329283461e-13       0.000000000000e+00       8.674122824590e-17       1.652846518044e-17       1.052808028800e-18 
 2782       6.535044059492e-12       1.836067313501e-13      -1.401235619104e-13       0.000000000000e+00       8.660288023104e-17       1.645236393207e-17       1.048162460663e-18 
 2783       6.505443395234e-12       1.840711449358e-13      -1.371975713863e-13       0.000000000000e+00       8.646479141747e-17       1.637557588343e-17       1.043178268656e-18 
 2784       6.475841625377e-12       1.845512177716e-13      -1.343551691245e-13       0.000000000000e+00       8.632696125828e-17       1.629809411860e-17       1.037938997617e-18 
 2785       6.446244365025e-12       1.850464642870e-13      -1.315965676847e-13       0.000000000000e+00       8.618938920303e-17       1.621991170459e-17       1.032528434009e-18 
 2786       6.416657245273e-12       1.855563974454e-13      -1.289219798358e-13       0.000000000000e+00       8.605207469769e-17       1.614102169135e-17       1.027030606131e-18 
 2787       6.387085913218e-12       1.860805287432e-13      -1.263316185560e-13       0.000000000000e+00       8.591501718468e-17       1.606141711176e-17       1.021529784342e-18 
 2788       6.357536031980e-12       1.866183682083e-13      -1.238256970326e-13       0.000000000000e+00       8.577821610282e-17       1.598109098158e-17       1.016110481272e-18 
 2789       6.328013280706e-12       1.871694243987e-13      -1.214044286626e-13       0.000000000000e+00       8.564167088736e-17       1.590003629948e-17       1.010857452044e-18 
 2790       6.298523354594e-12       1.877332044012e-13      -1.190680270522e-13       0.000000000000e+00       8.550538096995e-17       1.581824604698e-17       1.005855694490e-18 
 2791       6.269071964903e-12       1.883092138302e-13      -1.168167060173e-13       0.000000000000e+00       8.536934577868e-17       1.573571318847e-17       1.001190449369e-18 
 2792       6.239664838966e-12       1.888969568262e-13      -1.146506795831e-13       0.000000000000e+00       8.523356473801e-17       1.565243067119e-17       9.969472005794e-19 
 2793       6.210307720208e-12       1.894959360546e-13      -1.125701619847e-13       0.000000000000e+00       8.509803726884e-17       1.556839142521e-17       9.932116753849e-19 
 2794       6.181006368155e-12       1.901056527040e-13      -1.105753676668e-13       0.000000000000e+00       8.496276278843e-17       1.548358836340e-17       9.900698446254e-19 
 2795       6.151766558456e-12       1.907256064856e-13      -1.086665112838e-13       0.000000000000e+00       8.482774071047e-17       1.539801438144e-17       9.876079229365e-19 
 2796       6.122594082889e-12       1.913552956310e-13      -1.068438077000e-13       0.000000000000e+00       8.469297044502e-17       1.531166235779e-17       9.859123689667e-19 
 2797       6.093494749381e-12       1.919942168915e-13      -1.051074719896e-13       0.000000000000e+00       8.455845139854e-17       1.522452515370e-17       9.850698855949e-19 
 2798       6.064474382019e-12       1.926418655365e-13      -1.034577194368e-13       0.000000000000e+00       8.442418297386e-17       1.513659561316e-17       9.851674201475e-19 
 2799       6.035538821067e-12       1.932977353521e-13      -1.018947655358e-13       0.000000000000e+00       8.429016457020e-17       1.504786656291e-17       9.862921646159e-19 
 2800       6.006693922979e-12       1.939613186401e-13      -1.004188259909e-13       0.000000000000e+00       8.415639558315e-17       1.495833081240e-17       9.885315558739e-19 
 2801       5.977945560411e-12       1.946321062161e-13      -9.903011671652e-14       0.000000000000e+00       8.402287540468e-17       1.486798115382e-17       9.919732758947e-19 
 2802       5.949299622240e-12       1.953095874088e-13      -9.772885383735e-14       0.000000000000e+00       8.388960342310e-17       1.477681036204e-17       9.967052519689e-19 
 2803       5.920762013574e-12       1.959932500582e-13      -9.651525368836e-14       0.000000000000e+00       8.375657902313e-17       1.468481119463e-17       1.002815656921e-18 
 2804       5.892338655770e-12       1.966825805143e-13      -9.538953281490e-14       0.000000000000e+00       8.362380158580e-17       1.459197639182e-17       1.010392909328e-18 
 2805       5.864035486444e-12       1.973770636363e-13      -9.435190797272e-14       0.000000000000e+00       8.349127048854e-17       1.449829867648e-17       1.019525673735e-18 
 2806       5.835857991662e-12       1.980761988986e-13      -9.340241168731e-14       0.000000000000e+00       8.335898513575e-17       1.440377587247e-17       1.030272894437e-18 
 2807       5.807809799804e-12       1.987795488070e-13      -9.254033787999e-14       0.000000000000e+00       8.322694505101e-17       1.430842628871e-17       1.042573725511e-18 
 2808       5.779894080386e-12       1.994866907329e-13      -9.176479334851e-14       0.000000000000e+00       8.309514978538e-17       1.421227341532e-17       1.056337131118e-18 
 2809       5.752114011231e-12       2.001972008271e-13      -9.107488194229e-14       0.000000000000e+00       8.296359888676e-17       1.411534081270e-17       1.071471809007e-18 
 2810       5.724472778476e-12       2.009106540185e-13      -9.046970455968e-14       0.000000000000e+00       8.283229189994e-17       1.401765211159e-17       1.087886190274e-18 
 2811       5.696973576575e-12       2.016266240133e-13      -8.994835914523e-14       0.000000000000e+00       8.270122836657e-17       1.391923101308e-17       1.105488439125e-18 
 2812       5.669619608313e-12       2.023446832937e-13      -8.950994068691e-14       0.000000000000e+00       8.257040782512e-17       1.382010128875e-17       1.124186452636e-18 
 2813       5.642414084806e-12       2.030644031170e-13      -8.915354121339e-14       0.000000000000e+00       8.243982981095e-17       1.372028678067e-17       1.143887860513e-18 
 2814       5.615360225513e-12       2.037853535140e-13      -8.887824979129e-14       0.000000000000e+00       8.230949385624e-17       1.361981140150e-17       1.164500024855e-18 
 2815       5.588461258242e-12       2.045071032888e-13      -8.868315252244e-14       0.000000000000e+00       8.217939949003e-17       1.351869913454e-17       1.185930039910e-18 
 2816       5.561720419157e-12       2.052292200168e-13      -8.856733254113e-14       0.000000000000e+00       8.204954623820e-17       1.341697403378e-17       1.208084731844e-18 
 2817       5.535140952783e-12       2.059512700441e-13      -8.852987001137e-14       0.000000000000e+00       8.191993362346e-17       1.331466022401e-17       1.230870658493e-18 
 2818       5.508726112019e-12       2.066728184865e-13      -8.856984212413e-14       0.000000000000e+00       8.179056116536e-17       1.321178190083e-17       1.254194109128e-18 
 2819       5.482479158137e-12       2.073934292280e-13      -8.868632309464e-14       0.000000000000e+00       8.166142838028e-17       1.310836333075e-17       1.277961104218e-18 
 2820       5.456403360796e-12       2.081126649201e-13      -8.887838415957e-14       0.000000000000e+00       8.153253478142e-17       1.300442885121e-17       1.302077395186e-18 
 2821       5.430501998046e-12       2.088300869803e-13      -8.914509357437e-14       0.000000000000e+00       8.140387987881e-17       1.290000287071e-17       1.326448464173e-18 
 2822       5.404778356335e-12       2.095452555916e-13      -8.948551661046e-14       0.000000000000e+00       8.127546317930e-17       1.279510986882e-17       1.350979523798e-18 
 2823       5.379235730519e-12       2.102577297007e-13      -8.989871555252e-14       0.000000000000e+00       8.114728418655e-17       1.268977439625e-17       1.375575516920e-18 
 2824       5.353877423866e-12       2.109670670175e-13      -9.038374969575e-14       0.000000000000e+00       8.101934240104e-17       1.258402107495e-17       1.400141116394e-18 
 2825       5.328706748063e-12       2.116728240138e-13      -9.093967534308e-14       0.000000000000e+00       8.089163732007e-17       1.247787459810e-17       1.424580724839e-18 
 2826       5.303727023226e-12       2.123745559219e-13      -9.156554580250e-14       0.000000000000e+00       8.076416843771e-17       1.237135973028e-17       1.448798474394e-18 
 2827       5.278941577905e-12       2.130718167342e-13      -9.226041138422e-14       0.000000000000e+00       8.063693524488e-17       1.226450130743e-17       1.472698226479e-18 
 2828       5.254353749091e-12       2.137641592015e-13      -9.302331939804e-14       0.000000000000e+00       8.050993722926e-17       1.215732423696e-17       1.496183571559e-18 
 2829       5.229966882226e-12       2.144511348320e-13      -9.385331415050e-14       0.000000000000e+00       8.038317387535e-17       1.204985349784e-17       1.519157828900e-18 
 2830       5.205784331206e-12       2.151322938904e-13      -9.474943694219e-14       0.000000000000e+00       8.025664466443e-17       1.194211414060e-17       1.541524046335e-18 
 2831       5.181809458391e-12       2.158071853969e-13      -9.571072606502e-14       0.000000000000e+00       8.013034907457e-17       1.183413128745e-17       1.563185000020e-18 
 2832       5.158045634611e-12       2.164753571258e-13      -9.673621679942e-14       0.000000000000e+00       8.000428658064e-17       1.172593013230e-17       1.584043194198e-18 
 2833       5.134496239174e-12       2.171363556046e-13      -9.782494141163e-14       0.000000000000e+00       7.987845665426e-17       1.161753594087e-17       1.604000860959e-18 
 2834       5.111164659871e-12       2.177897261127e-13      -9.897592915099e-14       0.000000000000e+00       7.975285876387e-17       1.150897405071e-17       1.622959960001e-18 
 2835       5.088054292988e-12       2.184350126806e-13      -1.001882062471e-13       0.000000000000e+00       7.962749237464e-17       1.140026987128e-17       1.640822178389e-18 
 2836       5.065168543308e-12       2.190717580888e-13      -1.014607959072e-13       0.000000000000e+00       7.950235694856e-17       1.129144888403e-17       1.657488930319e-18 
 2837       5.042510824118e-12       2.196995038663e-13      -1.027927183133e-13       0.000000000000e+00       7.937745194435e-17       1.118253664243e-17       1.672861356877e-18 
 2838       5.020084557224e-12       2.203177902901e-13      -1.041829906195e-13       0.000000000000e+00       7.925277681750e-17       1.107355877206e-17       1.686840325798e-18 
 2839       4.997893172946e-12       2.209261563835e-13      -1.056306269494e-13       0.000000000000e+00       7.912833102028e-17       1.096454097067e-17       1.699326431231e-18 
 2840       4.975940110135e-12       2.215241399156e-13      -1.071346383928e-13       0.000000000000e+00       7.900411400170e-17       1.085550900823e-17       1.710219993495e-18 
 2841       4.954228816178e-12       2.221112773998e-13      -1.086940330039e-13       0.000000000000e+00       7.888012520754e-17       1.074648872701e-17       1.719421058846e-18 
 2842       4.932762747001e-12       2.226871040927e-13      -1.103078157975e-13       0.000000000000e+00       7.875636408031e-17       1.063750604162e-17       1.726829399230e-18 
 2843       4.911545367081e-12       2.232511539933e-13      -1.119749887470e-13       0.000000000000e+00       7.863283005928e-17       1.052858693910e-17       1.732344512050e-18 
 2844       4.890580149449e-12       2.238029598418e-13      -1.136945507816e-13       0.000000000000e+00       7.850952258047e-17       1.041975747898e-17       1.735865619926e-18 
 2845       4.869869959250e-12       2.243421024091e-13      -1.154654458243e-13       0.000000000000e+00       7.838644110398e-17       1.031105145409e-17       1.737324048974e-18 
 2846       4.849415200922e-12       2.248683586454e-13      -1.172864066222e-13       0.000000000000e+00       7.826358519623e-17       1.020253341605e-17       1.736780546232e-18 
 2847       4.829215661492e-12       2.253815542925e-13      -1.191561101067e-13       0.000000000000e+00       7.814095444815e-17       1.009427576845e-17       1.734328462732e-18 
 2848       4.809271126157e-12       2.258815146612e-13      -1.210732292767e-13       0.000000000000e+00       7.801854844786e-17       9.986351117026e-18       1.730061420717e-18 
 2849       4.789581378283e-12       2.263680646316e-13      -1.230364331941e-13       0.000000000000e+00       7.789636678068e-17       9.878832269834e-18       1.724073313882e-18 
 2850       4.770146199407e-12       2.268410286526e-13      -1.250443869808e-13       0.000000000000e+00       7.777440902909e-17       9.771792237430e-18       1.716458307617e-18 
 2851       4.750965369227e-12       2.273002307413e-13      -1.270957518152e-13       0.000000000000e+00       7.765267477278e-17       9.665304233049e-18       1.707310839242e-18 
 2852       4.732038665607e-12       2.277454944828e-13      -1.291891849285e-13       0.000000000000e+00       7.753116358861e-17       9.559441672776e-18       1.696725618256e-18 
 2853       4.713365864573e-12       2.281766430299e-13      -1.313233396013e-13       0.000000000000e+00       7.740987505061e-17       9.454278175729e-18       1.684797626569e-18 
 2854       4.694946740309e-12       2.285934991025e-13      -1.334968651600e-13       0.000000000000e+00       7.728880873000e-17       9.349887564231e-18       1.671622118749e-18 
 2855       4.676781065158e-12       2.289958849876e-13      -1.357084069733e-13       0.000000000000e+00       7.716796419514e-17       9.246343863991e-18       1.657294622259e-18 
 2856       4.658868609617e-12       2.293836225387e-13      -1.379566064489e-13       0.000000000000e+00       7.704734101160e-17       9.143721304278e-18       1.641910937701e-18 
 2857       4.641209142339e-12       2.297565331753e-13      -1.402401010295e-13       0.000000000000e+00       7.692693874209e-17       9.042094318099e-18       1.625567139053e-18 
 2858       4.623802430126e-12       2.301144378831e-13      -1.425575241899e-13       0.000000000000e+00       7.680675694647e-17       8.941537542377e-18       1.608359573911e-18 
 2859       4.606648237931e-12       2.304571572128e-13      -1.449075054330e-13       0.000000000000e+00       7.668679518178e-17       8.842125818128e-18       1.590384863733e-18 
 2860       4.589746328855e-12       2.307845112806e-13      -1.472886702864e-13       0.000000000000e+00       7.656705300221e-17       8.743934190635e-18       1.571739904073e-18 
 2861       4.573096464145e-12       2.310963197672e-13      -1.496996402992e-13       0.000000000000e+00       7.644752995910e-17       8.647037909629e-18       1.552521864829e-18 
 2862       4.556698403190e-12       2.313924019179e-13      -1.521390330379e-13       0.000000000000e+00       7.632822560093e-17       8.551512429463e-18       1.532828190477e-18 
 2863       4.540551903522e-12       2.316725765417e-13      -1.546054620835e-13       0.000000000000e+00       7.620913947334e-17       8.457433409292e-18       1.512756600316e-18 
 2864       4.524656720814e-12       2.319366620115e-13      -1.570975370276e-13       0.000000000000e+00       7.609027111912e-17       8.364876713246e-18       1.492405088709e-18 
 2865       4.509012608873e-12       2.321844762635e-13      -1.596138634689e-13       0.000000000000e+00       7.597162007817e-17       8.273918410610e-18       1.471871925320e-18 
 2866       4.493619319646e-12       2.324158367968e-13      -1.621530430100e-13       0.000000000000e+00       7.585318588755e-17       8.184634776001e-18       1.451255655358e-18 
 2867       4.478476603212e-12       2.326305606729e-13      -1.647136732533e-13       0.000000000000e+00       7.573496808146e-17       8.097102289542e-18       1.430655099815e-18 
 2868       4.463584207782e-12       2.328284645159e-13      -1.672943477982e-13       0.000000000000e+00       7.561696619120e-17       8.011397637044e-18       1.410169355711e-18 
 2869       4.448941879695e-12       2.330093645115e-13      -1.698936562371e-13       0.000000000000e+00       7.549917974524e-17       7.927597710177e-18       1.389897796329e-18 
 2870       4.434549363422e-12       2.331730764069e-13      -1.725101841519e-13       0.000000000000e+00       7.538160826914e-17       7.845779606653e-18       1.369940071460e-18 
 2871       4.420406401557e-12       2.333194155104e-13      -1.751425131108e-13       0.000000000000e+00       7.526425128560e-17       7.766020630398e-18       1.350396107642e-18 
 2872       4.406512734818e-12       2.334481966913e-13      -1.777892206644e-13       0.000000000000e+00       7.514710831442e-17       7.688398291732e-18       1.331366108400e-18 
 2873       4.392868102046e-12       2.335592343792e-13      -1.804488803425e-13       0.000000000000e+00       7.503017887255e-17       7.612990307545e-18       1.312950554490e-18 
 2874       4.379472240202e-12       2.336523425636e-13      -1.831200616504e-13       0.000000000000e+00       7.491346247401e-17       7.539874601475e-18       1.295250204134e-18 
 2875       4.366324884363e-12       2.337273347938e-13      -1.858013300655e-13       0.000000000000e+00       7.479695862996e-17       7.469129304082e-18       1.278366093265e-18 
 2876       4.353425767725e-12       2.337840241787e-13      -1.884912470337e-13       0.000000000000e+00       7.468066684866e-17       7.400832753029e-18       1.262399535769e-18 
 2877       4.340774621596e-12       2.338222233857e-13      -1.911883699659e-13       0.000000000000e+00       7.456458663546e-17       7.335063493256e-18       1.247452123720e-18 
 2878       4.328371175397e-12       2.338417446412e-13      -1.938912522344e-13       0.000000000000e+00       7.444871749283e-17       7.271900277157e-18       1.233625727625e-18 
 2879       4.316215156658e-12       2.338423997297e-13      -1.965984431698e-13       0.000000000000e+00       7.433305892033e-17       7.211422064762e-18       1.221022496664e-18 
 2880       4.304306291019e-12       2.338239999936e-13      -1.993084880567e-13       0.000000000000e+00       7.421761041459e-17       7.153708023905e-18       1.209744858931e-18 
 2881       4.292644302224e-12       2.337863563328e-13      -2.020199281312e-13       0.000000000000e+00       7.410237146938e-17       7.098837530410e-18       1.199895521672e-18 
 2882       4.281228912122e-12       2.337292792044e-13      -2.047313005763e-13       0.000000000000e+00       7.398734157552e-17       7.046890168261e-18       1.191577471528e-18 
 2883       4.270059840665e-12       2.336525786224e-13      -2.074411385194e-13       0.000000000000e+00       7.387252022092e-17       6.997945729784e-18       1.184893974778e-18 
 2884       4.259136385975e-12       2.335561149449e-13      -2.101480518449e-13       0.000000000000e+00       7.375790691505e-17       6.952051943104e-18       1.179917041857e-18 
 2885       4.248456162231e-12       2.334399515193e-13      -2.128509700902e-13       0.000000000000e+00       7.364350126251e-17       6.909127475119e-18       1.176592645495e-18 
 2886       4.238016355366e-12       2.333042028114e-13      -2.155489007765e-13       0.000000000000e+00       7.352930288979e-17       6.869058436301e-18       1.174835021731e-18 
 2887       4.227814142413e-12       2.331489836890e-13      -2.182408487016e-13       0.000000000000e+00       7.341531142089e-17       6.831730608385e-18       1.174558161698e-18 
 2888       4.217846691493e-12       2.329744094219e-13      -2.209258159375e-13       0.000000000000e+00       7.330152647727e-17       6.797029444082e-18       1.175675811412e-18 
 2889       4.208111161806e-12       2.327805956821e-13      -2.236028018281e-13       0.000000000000e+00       7.318794767787e-17       6.764840066787e-18       1.178101471552e-18 
 2890       4.198604703628e-12       2.325676585447e-13      -2.262708029868e-13       0.000000000000e+00       7.307457463910e-17       6.735047270296e-18       1.181748397253e-18 
 2891       4.189324458295e-12       2.323357144877e-13      -2.289288132942e-13       0.000000000000e+00       7.296140697484e-17       6.707535518514e-18       1.186529597886e-18 
 2892       4.180267558202e-12       2.320848803930e-13      -2.315758238958e-13       0.000000000000e+00       7.284844429646e-17       6.682188945169e-18       1.192357836848e-18 
 2893       4.171431126794e-12       2.318152735459e-13      -2.342108231996e-13       0.000000000000e+00       7.273568621275e-17       6.658891353519e-18       1.199145631345e-18 
 2894       4.162812278553e-12       2.315270116366e-13      -2.368327968735e-13       0.000000000000e+00       7.262313233000e-17       6.637526216068e-18       1.206805252179e-18 
 2895       4.154408118996e-12       2.312202127594e-13      -2.394407278436e-13       0.000000000000e+00       7.251078225194e-17       6.617976674277e-18       1.215248723535e-18 
 2896       4.146215744663e-12       2.308949954141e-13      -2.420335962911e-13       0.000000000000e+00       7.239863557976e-17       6.600125538273e-18       1.224387822762e-18 
 2897       4.138232243110e-12       2.305514785056e-13      -2.446103796504e-13       0.000000000000e+00       7.228669191211e-17       6.583855286562e-18       1.234134080168e-18 
 2898       4.130454692903e-12       2.301897813447e-13      -2.471700526066e-13       0.000000000000e+00       7.217495084508e-17       6.569048065743e-18       1.244398778795e-18 
 2899       4.122880163606e-12       2.298100236482e-13      -2.497115870934e-13       0.000000000000e+00       7.206341197221e-17       6.555585690214e-18       1.255092954214e-18 
 2900       4.115505715777e-12       2.294123255398e-13      -2.522339522904e-13       0.000000000000e+00       7.195207488449e-17       6.543349641888e-18       1.266127394305e-18 
 2901       4.108328400957e-12       2.289968075496e-13      -2.547361146207e-13       0.000000000000e+00       7.184093917036e-17       6.532221069905e-18       1.277412639045e-18 
 2902       4.101345261665e-12       2.285635906154e-13      -2.572170377492e-13       0.000000000000e+00       7.173000441569e-17       6.522080790340e-18       1.288858980296e-18 
 2903       4.094553331385e-12       2.281127960823e-13      -2.596756825793e-13       0.000000000000e+00       7.161927020378e-17       6.512809285915e-18       1.300376461585e-18 
 2904       4.087949634563e-12       2.276445457037e-13      -2.621110072515e-13       0.000000000000e+00       7.150873611537e-17       6.504286705716e-18       1.311874877896e-18 
 2905       4.081531186598e-12       2.271589616411e-13      -2.645219671403e-13       0.000000000000e+00       7.139840172865e-17       6.496392864896e-18       1.323263775453e-18 
 2906       4.075294993830e-12       2.266561664651e-13      -2.669075148522e-13       0.000000000000e+00       7.128826661922e-17       6.489007244394e-18       1.334452451505e-18 
 2907       4.069238053539e-12       2.261362831550e-13      -2.692666002235e-13       0.000000000000e+00       7.117833036011e-17       6.482008990641e-18       1.345349954114e-18 
 2908       4.063357353928e-12       2.255994350999e-13      -2.715981703175e-13       0.000000000000e+00       7.106859252176e-17       6.475276915277e-18       1.355865081939e-18 
 2909       4.057649874124e-12       2.250457460988e-13      -2.739011694226e-13       0.000000000000e+00       7.095905267207e-17       6.468689494857e-18       1.365906384024e-18 
 2910       4.052112584163e-12       2.244753403607e-13      -2.761745390497e-13       0.000000000000e+00       7.084971037632e-17       6.462124870566e-18       1.375382159582e-18 
 2911       4.046742444988e-12       2.238883425054e-13      -2.784172179298e-13       0.000000000000e+00       7.074056519721e-17       6.455460847931e-18       1.384200457781e-18 
 2912       4.041536408434e-12       2.232848775638e-13      -2.806281420119e-13       0.000000000000e+00       7.063161669488e-17       6.448574896528e-18       1.392269077530e-18 
 2913       4.036491417227e-12       2.226650709777e-13      -2.828062444604e-13       0.000000000000e+00       7.052286442686e-17       6.441344149700e-18       1.399495567266e-18 
 2914       4.031604404970e-12       2.220290486012e-13      -2.849504556531e-13       0.000000000000e+00       7.041430794808e-17       6.433645404264e-18       1.405787224739e-18 
 2915       4.026872296139e-12       2.213769367001e-13      -2.870597031782e-13       0.000000000000e+00       7.030594681090e-17       6.425355120223e-18       1.411051096797e-18 
 2916       4.022292006075e-12       2.207088619529e-13      -2.891329118328e-13       0.000000000000e+00       7.019778056505e-17       6.416349420480e-18       1.415193979172e-18 
 2917       4.017860440971e-12       2.200249514507e-13      -2.911690036198e-13       0.000000000000e+00       7.008980875769e-17       6.406504090546e-18       1.418122416270e-18 
 2918       4.013574497870e-12       2.193253326982e-13      -2.931668977460e-13       0.000000000000e+00       6.998203093335e-17       6.395694578255e-18       1.419742700949e-18 
 2919       4.009431064656e-12       2.186101336133e-13      -2.951255106197e-13       0.000000000000e+00       6.987444663398e-17       6.383795993473e-18       1.419960874312e-18 
 2920       4.005427020041e-12       2.178794825281e-13      -2.970437558482e-13       0.000000000000e+00       6.976705539891e-17       6.370683107811e-18       1.418682725489e-18 
 2921       4.001559233561e-12       2.171335081889e-13      -2.989205442353e-13       0.000000000000e+00       6.965985676484e-17       6.356230354335e-18       1.415813791425e-18 
 2922       3.997824565571e-12       2.163723397569e-13      -3.007547837795e-13       0.000000000000e+00       6.955285026589e-17       6.340311827281e-18       1.411259356662e-18 
 2923       3.994219820084e-12       2.155961329872e-13      -3.025455255933e-13       0.000000000000e+00       6.944603545552e-17       6.322840186615e-18       1.404953107060e-18 
 2924       3.990741603075e-12       2.148051489090e-13      -3.042924024660e-13       0.000000000000e+00       6.933941197265e-17       6.303883585262e-18       1.396943248202e-18 
 2925       3.987386463456e-12       2.139996755407e-13      -3.059951924936e-13       0.000000000000e+00       6.923297947588e-17       6.283549327185e-18       1.387306818067e-18 
 2926       3.984150940146e-12       2.131800017474e-13      -3.076536733564e-13       0.000000000000e+00       6.912673762157e-17       6.261945016001e-18       1.376121072483e-18 
 2927       3.981031562065e-12       2.123464172413e-13      -3.092676223186e-13       0.000000000000e+00       6.902068606378e-17       6.239178555238e-18       1.363463485309e-18 
 2928       3.978024848120e-12       2.114992125828e-13      -3.108368162276e-13       0.000000000000e+00       6.891482445433e-17       6.215358148592e-18       1.349411748629e-18 
 2929       3.975127307205e-12       2.106386791812e-13      -3.123610315143e-13       0.000000000000e+00       6.880915244275e-17       6.190592300190e-18       1.334043772936e-18 
 2930       3.972335438184e-12       2.097651092951e-13      -3.138400441923e-13       0.000000000000e+00       6.870366967632e-17       6.164989814840e-18       1.317437687324e-18 
 2931       3.969645729886e-12       2.088787960338e-13      -3.152736298579e-13       0.000000000000e+00       6.859837580002e-17       6.138659798296e-18       1.299671839674e-18 
 2932       3.967054661098e-12       2.079800333573e-13      -3.166615636897e-13       0.000000000000e+00       6.849327045657e-17       6.111711657510e-18       1.280824796841e-18 
 2933       3.964558700552e-12       2.070691160777e-13      -3.180036204482e-13       0.000000000000e+00       6.838835328640e-17       6.084255100894e-18       1.260975344845e-18 
 2934       3.962154306919e-12       2.061463398592e-13      -3.192995744757e-13       0.000000000000e+00       6.828362392766e-17       6.056400138575e-18       1.240202489058e-18 
 2935       3.959837928801e-12       2.052120012196e-13      -3.205491996958e-13       0.000000000000e+00       6.817908201621e-17       6.028257082656e-18       1.218585454390e-18 
 2936       3.957606004720e-12       2.042663975307e-13      -3.217522696135e-13       0.000000000000e+00       6.807472718563e-17       5.999936547468e-18       1.196203685480e-18 
 2937       3.955454963110e-12       2.033098270188e-13      -3.229085573142e-13       0.000000000000e+00       6.797055906721e-17       5.971549449834e-18       1.173136846885e-18 
 2938       3.953381222310e-12       2.023425887660e-13      -3.240178354640e-13       0.000000000000e+00       6.786657728995e-17       5.943207009324e-18       1.149464823264e-18 
 2939       3.951381190555e-12       2.013649827103e-13      -3.250798763093e-13       0.000000000000e+00       6.776278148053e-17       5.915020748513e-18       1.125267719570e-18 
 2940       3.949451265963e-12       2.003773096470e-13      -3.260944516761e-13       0.000000000000e+00       6.765917126338e-17       5.887102493237e-18       1.100625861235e-18 
 2941       3.947587836532e-12       1.993798712287e-13      -3.270613329704e-13       0.000000000000e+00       6.755574626059e-17       5.859564372855e-18       1.075619794361e-18 
 2942       3.945787280129e-12       1.983729699669e-13      -3.279802911771e-13       0.000000000000e+00       6.745250609196e-17       5.832518820502e-18       1.050330285909e-18 
 2943       3.944045964481e-12       1.973569092318e-13      -3.288510968604e-13       0.000000000000e+00       6.734945037499e-17       5.806078573352e-18       1.024838323881e-18 
 2944       3.942360247166e-12       1.963319932539e-13      -3.296735201630e-13       0.000000000000e+00       6.724657872488e-17       5.780356672869e-18       9.992251175150e-19 
 2945       3.940726475606e-12       1.952985271242e-13      -3.304473308061e-13       0.000000000000e+00       6.714389075450e-17       5.755466465071e-18       9.735720974708e-19 
 2946       3.939140987055e-12       1.942568167951e-13      -3.311722980891e-13       0.000000000000e+00       6.704138607443e-17       5.731521600786e-18       9.479609160167e-19 
 2947       3.937600108595e-12       1.932071690812e-13      -3.318481908890e-13       0.000000000000e+00       6.693906429293e-17       5.708636035907e-18       9.224734472194e-19 
 2948       3.936100157124e-12       1.921498916599e-13      -3.324747776604e-13       0.000000000000e+00       6.683692501592e-17       5.686924031653e-18       8.971917871314e-19 
 2949       3.934637439347e-12       1.910852930723e-13      -3.330518264351e-13       0.000000000000e+00       6.673496784705e-17       5.666500154826e-18       8.721982539794e-19 
 2950       3.933208251769e-12       1.900136827237e-13      -3.335791048218e-13       0.000000000000e+00       6.663319238760e-17       5.647479278068e-18       8.475753883524e-19 
 2951       3.931808880687e-12       1.889353708847e-13      -3.340563800058e-13       0.000000000000e+00       6.653159823656e-17       5.629976580119e-18       8.234059533899e-19 
 2952       3.930435602177e-12       1.878506686916e-13      -3.344834187487e-13       0.000000000000e+00       6.643018499057e-17       5.614107546077e-18       7.997729349702e-19 
 2953       3.929084682092e-12       1.867598881474e-13      -3.348599873880e-13       0.000000000000e+00       6.632895224397e-17       5.599987967650e-18       7.767595418980e-19 
 2954       3.927752376046e-12       1.856633421223e-13      -3.351858518371e-13       0.000000000000e+00       6.622789958874e-17       5.587733943421e-18       7.544492060933e-19 
 2955       3.926434929412e-12       1.845613443545e-13      -3.354607775846e-13       0.000000000000e+00       6.612702661454e-17       5.577461879101e-18       7.329255827792e-19 
 2956       3.925128577307e-12       1.834542094513e-13      -3.356845296944e-13       0.000000000000e+00       6.602633290871e-17       5.569288487788e-18       7.122725506698e-19 
 2957       3.923829544590e-12       1.823422528891e-13      -3.358568728050e-13       0.000000000000e+00       6.592581805621e-17       5.563330790224e-18       6.925742121589e-19 
 2958       3.922534045847e-12       1.812257910149e-13      -3.359775711295e-13       0.000000000000e+00       6.582548163972e-17       5.559706115056e-18       6.739148935079e-19 
 2959       3.921238285387e-12       1.801051410466e-13      -3.360463884553e-13       0.000000000000e+00       6.572532323951e-17       5.558532099090e-18       6.563791450339e-19 
 2960       3.919938457229e-12       1.789806210739e-13      -3.360630881434e-13       0.000000000000e+00       6.562534243357e-17       5.559926687549e-18       6.400517412977e-19 
 2961       3.918630745099e-12       1.778525500589e-13      -3.360274331288e-13       0.000000000000e+00       6.552553879749e-17       5.564008134335e-18       6.250176812926e-19 
 2962       3.917311593536e-12       1.767212409096e-13      -3.359393085624e-13       0.000000000000e+00       6.542591192432e-17       5.570857395773e-18       6.113396323024e-19 
 2963       3.915978522712e-12       1.755869796607e-13      -3.357990904027e-13       0.000000000000e+00       6.532646148399e-17       5.580405108214e-18       5.989901392585e-19 
 2964       3.914629317627e-12       1.744500461913e-13      -3.356072786463e-13       0.000000000000e+00       6.522718716413e-17       5.592544052079e-18       5.879190805498e-19 
 2965       3.913261757349e-12       1.733107211436e-13      -3.353643748521e-13       0.000000000000e+00       6.512808865036e-17       5.607166707355e-18       5.780761937874e-19 
 2966       3.911873615007e-12       1.721692859234e-13      -3.350708821427e-13       0.000000000000e+00       6.502916562625e-17       5.624165253333e-18       5.694110756833e-19 
 2967       3.910462657791e-12       1.710260227008e-13      -3.347273052054e-13       0.000000000000e+00       6.493041777332e-17       5.643431568358e-18       5.618731819308e-19 
 2968       3.909026646940e-12       1.698812144111e-13      -3.343341502939e-13       0.000000000000e+00       6.483184477107e-17       5.664857229568e-18       5.554118270841e-19 
 2969       3.907563337742e-12       1.687351447551e-13      -3.338919252299e-13       0.000000000000e+00       6.473344629693e-17       5.688333512640e-18       5.499761844378e-19 
 2970       3.906070479529e-12       1.675880981998e-13      -3.334011394038e-13       0.000000000000e+00       6.463522202630e-17       5.713751391531e-18       5.455152859072e-19 
 2971       3.904545815669e-12       1.664403599793e-13      -3.328623037767e-13       0.000000000000e+00       6.453717163254e-17       5.741001538224e-18       5.419780219073e-19 
 2972       3.902987083564e-12       1.652922160952e-13      -3.322759308815e-13       0.000000000000e+00       6.443929478693e-17       5.769974322472e-18       5.393131412332e-19 
 2973       3.901392014643e-12       1.641439533173e-13      -3.316425348243e-13       0.000000000000e+00       6.434159115871e-17       5.800559811538e-18       5.374692509395e-19 
 2974       3.899758334358e-12       1.629958591843e-13      -3.309626312859e-13       0.000000000000e+00       6.424406041509e-17       5.832647769943e-18       5.363948162202e-19 
 2975       3.898083762178e-12       1.618482220044e-13      -3.302367375229e-13       0.000000000000e+00       6.414670222118e-17       5.866127659206e-18       5.360381602883e-19 
 2976       3.896366011586e-12       1.607013308558e-13      -3.294653723694e-13       0.000000000000e+00       6.404951624006e-17       5.900888637589e-18       5.363474642557e-19 
 2977       3.894602790073e-12       1.595554755878e-13      -3.286490562382e-13       0.000000000000e+00       6.395250213274e-17       5.936819559843e-18       5.372707670128e-19 
 2978       3.892791799132e-12       1.584109468210e-13      -3.277883111222e-13       0.000000000000e+00       6.385565955817e-17       5.973808976947e-18       5.387559651085e-19 
 2979       3.890930734252e-12       1.572680359479e-13      -3.268836605956e-13       0.000000000000e+00       6.375898817322e-17       6.011745135854e-18       5.407508126296e-19 
 2980       3.889017284919e-12       1.561270351340e-13      -3.259356298159e-13       0.000000000000e+00       6.366248763270e-17       6.050515979234e-18       5.432029210808e-19 
 2981       3.887049134603e-12       1.549882373180e-13      -3.249447455244e-13       0.000000000000e+00       6.356615758937e-17       6.090009145220e-18       5.460597592643e-19 
 2982       3.885023960759e-12       1.538519362127e-13      -3.239115360482e-13       0.000000000000e+00       6.346999769389e-17       6.130111967148e-18       5.492686531597e-19 
 2983       3.882939434820e-12       1.527184263057e-13      -3.228365313014e-13       0.000000000000e+00       6.337400759485e-17       6.170711473302e-18       5.527767858038e-19 
 2984       3.880793222189e-12       1.515880028596e-13      -3.217202627865e-13       0.000000000000e+00       6.327818693878e-17       6.211694386658e-18       5.565311971699e-19 
 2985       3.878582982240e-12       1.504609619131e-13      -3.205632635956e-13       0.000000000000e+00       6.318253537011e-17       6.252947124628e-18       5.604787840480e-19 
 2986       3.876306368309e-12       1.493376002817e-13      -3.193660684120e-13       0.000000000000e+00       6.308705253121e-17       6.294355798801e-18       5.645662999245e-19 
 2987       3.873961027689e-12       1.482182155579e-13      -3.181292135117e-13       0.000000000000e+00       6.299173806236e-17       6.335806214691e-18       5.687403548618e-19 
 2988       3.871544601626e-12       1.471031061121e-13      -3.168532367642e-13       0.000000000000e+00       6.289659160173e-17       6.377183871476e-18       5.729474153780e-19 
 2989       3.869054725316e-12       1.459925710933e-13      -3.155386776345e-13       0.000000000000e+00       6.280161278545e-17       6.418373961744e-18       5.771338043270e-19 
 2990       3.866489027895e-12       1.448869104297e-13      -3.141860771842e-13       0.000000000000e+00       6.270680124753e-17       6.459261371236e-18       5.812457007777e-19 
 2991       3.863845132439e-12       1.437864248294e-13      -3.127959780728e-13       0.000000000000e+00       6.261215661988e-17       6.499730678592e-18       5.852291398942e-19 
 2992       3.861120655956e-12       1.426914157807e-13      -3.113689245594e-13       0.000000000000e+00       6.251767853235e-17       6.539666155089e-18       5.890300128154e-19 
 2993       3.858313209381e-12       1.416021855533e-13      -3.099054625036e-13       0.000000000000e+00       6.242336661267e-17       6.578951764389e-18       5.925940665347e-19 
 2994       3.855420397573e-12       1.405190371985e-13      -3.084061393672e-13       0.000000000000e+00       6.232922048648e-17       6.617471162284e-18       5.958669037798e-19 
 2995       3.852439819311e-12       1.394422745500e-13      -3.068715042158e-13       0.000000000000e+00       6.223523977730e-17       6.655107696432e-18       5.987939828925e-19 
 2996       3.849369067283e-12       1.383722022248e-13      -3.053021077194e-13       0.000000000000e+00       6.214142410659e-17       6.691744406111e-18       6.013206177083e-19 
 2997       3.846205728086e-12       1.373091256232e-13      -3.036985021547e-13       0.000000000000e+00       6.204777309367e-17       6.727264021954e-18       6.033919774363e-19 
 2998       3.842947382223e-12       1.362533509301e-13      -3.020612414059e-13       0.000000000000e+00       6.195428635577e-17       6.761548965696e-18       6.049530865387e-19 
 2999       3.839591604092e-12       1.352051851153e-13      -3.003908809660e-13       0.000000000000e+00       6.186096350801e-17       6.794481349918e-18       6.059488246109e-19 
 3000       3.836135961984e-12       1.341649359342e-13      -2.986879779388e-13       0.000000000000e+00       6.176780416338e-17       6.825942977791e-18       6.063239262611e-19 
 3001       3.832578404681e-12       1.331328822343e-13      -2.969531330354e-13       0.000000000000e+00       6.167480795063e-17       6.855840479464e-18       6.060339160105e-19 
 3002       3.828918423307e-12       1.321091847140e-13      -2.951871167877e-13       0.000000000000e+00       6.158197456777e-17       6.884180855764e-18       6.050779715356e-19 
 3003       3.825155895141e-12       1.310939747295e-13      -2.933907439541e-13       0.000000000000e+00       6.148930372880e-17       6.910996302687e-18       6.034662205780e-19 
 3004       3.821290697521e-12       1.300873839495e-13      -2.915648315810e-13       0.000000000000e+00       6.139679514589e-17       6.936319108311e-18       6.012088205169e-19 
 3005       3.817322707852e-12       1.290895443559e-13      -2.897101990057e-13       0.000000000000e+00       6.130444852938e-17       6.960181652876e-18       5.983159583946e-19 
 3006       3.813251803601e-12       1.281005882436e-13      -2.878276678572e-13       0.000000000000e+00       6.121226358775e-17       6.982616408864e-18       5.947978509420e-19 
 3007       3.809077862300e-12       1.271206482212e-13      -2.859180620592e-13       0.000000000000e+00       6.112024002767e-17       7.003655941078e-18       5.906647446040e-19 
 3008       3.804800761545e-12       1.261498572107e-13      -2.839822078312e-13       0.000000000000e+00       6.102837755395e-17       7.023332906716e-18       5.859269155645e-19 
 3009       3.800420378999e-12       1.251883484483e-13      -2.820209336908e-13       0.000000000000e+00       6.093667586956e-17       7.041680055455e-18       5.805946697723e-19 
 3010       3.795936592386e-12       1.242362554842e-13      -2.800350704559e-13       0.000000000000e+00       6.084513467562e-17       7.058730229525e-18       5.746783429665e-19 
 3011       3.791349279498e-12       1.232937121832e-13      -2.780254512462e-13       0.000000000000e+00       6.075375367142e-17       7.074516363790e-18       5.681883007015e-19 
 3012       3.786658318190e-12       1.223608527247e-13      -2.759929114850e-13       0.000000000000e+00       6.066253255439e-17       7.089071485825e-18       5.611349383726e-19 
 3013       3.781863586384e-12       1.214378116032e-13      -2.739382889019e-13       0.000000000000e+00       6.057147102012e-17       7.102428715996e-18       5.535286812416e-19 
 3014       3.776964962065e-12       1.205247236281e-13      -2.718624235340e-13       0.000000000000e+00       6.048056876232e-17       7.114621267537e-18       5.453799844618e-19 
 3015       3.771962323285e-12       1.196217239246e-13      -2.697661577280e-13       0.000000000000e+00       6.038982547287e-17       7.125682446627e-18       5.366993331039e-19 
 3016       3.766855548162e-12       1.187289479334e-13      -2.676503361426e-13       0.000000000000e+00       6.029924084180e-17       7.135645652472e-18       5.274972421809e-19 
 3017       3.761644514879e-12       1.178465314111e-13      -2.655158057496e-13       0.000000000000e+00       6.020881455725e-17       7.144544377380e-18       5.177842566738e-19 
 3018       3.756329101687e-12       1.169746104307e-13      -2.633634158367e-13       0.000000000000e+00       6.011854630555e-17       7.152412206844e-18       5.075709515571e-19 
 3019       3.750909186899e-12       1.161133213813e-13      -2.611940180089e-13       0.000000000000e+00       6.002843577111e-17       7.159282819614e-18       4.968679318237e-19 
 3020       3.745384648899e-12       1.152628009691e-13      -2.590084661904e-13       0.000000000000e+00       5.993848263652e-17       7.165189987780e-18       4.856858325111e-19 
 3021       3.739755366134e-12       1.144231862170e-13      -2.568076166270e-13       0.000000000000e+00       5.984868658249e-17       7.170167576850e-18       4.740353187259e-19 
 3022       3.734021217120e-12       1.135946144651e-13      -2.545923278877e-13       0.000000000000e+00       5.975904728786e-17       7.174249545825e-18       4.619270856698e-19 
 3023       3.728182080438e-12       1.127772233710e-13      -2.523634608664e-13       0.000000000000e+00       5.966956442960e-17       7.177469947282e-18       4.493718586650e-19 
 3024       3.722237834737e-12       1.119711509100e-13      -2.501218787845e-13       0.000000000000e+00       5.958023768281e-17       7.179862927451e-18       4.363803931793e-19 
 3025       3.716188358732e-12       1.111765353753e-13      -2.478684471923e-13       0.000000000000e+00       5.949106672073e-17       7.181462726290e-18       4.229634748516e-19 
 3026       3.710033531208e-12       1.103935153782e-13      -2.456040339709e-13       0.000000000000e+00       5.940205121470e-17       7.182303677569e-18       4.091319195176e-19 
 3027       3.703773231014e-12       1.096222298487e-13      -2.433295093348e-13       0.000000000000e+00       5.931319083420e-17       7.182420208944e-18       3.948965732345e-19 
 3028       3.697407337069e-12       1.088628180353e-13      -2.410457458329e-13       0.000000000000e+00       5.922448524683e-17       7.181846842037e-18       3.802683123074e-19 
 3029       3.690935728358e-12       1.081154195054e-13      -2.387536183511e-13       0.000000000000e+00       5.913593411830e-17       7.180618192514e-18       3.652580433137e-19 
 3030       3.684358283935e-12       1.073801741457e-13      -2.364540041141e-13       0.000000000000e+00       5.904753711246e-17       7.178768970164e-18       3.498767031294e-19 
 3031       3.677674882922e-12       1.066572221622e-13      -2.341477826871e-13       0.000000000000e+00       5.895929389124e-17       7.176333978978e-18       3.341352589536e-19 
 3032       3.670885404509e-12       1.059467040808e-13      -2.318358359782e-13       0.000000000000e+00       5.887120411472e-17       7.173348117226e-18       3.180447083346e-19 
 3033       3.663989727954e-12       1.052487607471e-13      -2.295190482397e-13       0.000000000000e+00       5.878326744107e-17       7.169846377534e-18       3.016160791952e-19 
 3034       3.656987732585e-12       1.045635333271e-13      -2.271983060706e-13       0.000000000000e+00       5.869548352658e-17       7.165863846968e-18       2.848604298577e-19 
 3035       3.649879297797e-12       1.038911633071e-13      -2.248744984184e-13       0.000000000000e+00       5.860785202563e-17       7.161435707107e-18       2.677888490697e-19 
 3036       3.642664303054e-12       1.032317924940e-13      -2.225485165806e-13       0.000000000000e+00       5.852037259073e-17       7.156597234120e-18       2.504124560295e-19 
 3037       3.635342627890e-12       1.025855630159e-13      -2.202212542074e-13       0.000000000000e+00       5.843304487248e-17       7.151383798853e-18       2.327424004110e-19 
 3038       3.627914151908e-12       1.019526173218e-13      -2.178936073029e-13       0.000000000000e+00       5.834586851958e-17       7.145830866899e-18       2.147898623900e-19 
 3039       3.620378754780e-12       1.013330981823e-13      -2.155664742277e-13       0.000000000000e+00       5.825884317885e-17       7.139973998678e-18       1.965660526686e-19 
 3040       3.612736592483e-12       1.007271157929e-13      -2.132407111087e-13       0.000000000000e+00       5.817196851130e-17       7.133852322191e-18       1.780852054210e-19 
 3041       3.604988927465e-12       1.001346489106e-13      -2.109169978323e-13       0.000000000000e+00       5.808524424060e-17       7.127518969387e-18       1.593735728301e-19 
 3042       3.597137302478e-12       9.955564324148e-14      -2.085959714095e-13       0.000000000000e+00       5.799867010486e-17       7.121030690232e-18       1.404604739375e-19 
 3043       3.589183264714e-12       9.899004429415e-14      -2.062782705106e-13       0.000000000000e+00       5.791224584053e-17       7.114444384729e-18       1.213753057242e-19 
 3044       3.581128365802e-12       9.843779737933e-14      -2.039645354661e-13       0.000000000000e+00       5.782597118242e-17       7.107817103042e-18       1.021475431749e-19 
 3045       3.572974161815e-12       9.789884760983e-14      -2.016554082683e-13       0.000000000000e+00       5.773984586368e-17       7.101206045618e-18       8.280673934208e-20 
 3046       3.564722213278e-12       9.737313990033e-14      -1.993515325725e-13       0.000000000000e+00       5.765386961579e-17       7.094668563311e-18       6.338252541050e-20 
 3047       3.556374085162e-12       9.686061896722e-14      -1.970535536985e-13       0.000000000000e+00       5.756804216858e-17       7.088262157505e-18       4.390461076130e-20 
 3048       3.547931346897e-12       9.636122932839e-14      -1.947621186321e-13       0.000000000000e+00       5.748236325023e-17       7.082044480240e-18       2.440278303626e-20 
 3049       3.539395572372e-12       9.587491530308e-14      -1.924778760260e-13       0.000000000000e+00       5.739683258724e-17       7.076073334331e-18       4.906908202103e-21 
 3050       3.530768339936e-12       9.540162101170e-14      -1.902014762015e-13       0.000000000000e+00       5.731144990445e-17       7.070406673495e-18      -1.455306938530e-20 
 3051       3.522051232408e-12       9.494129037564e-14      -1.879335711499e-13       0.000000000000e+00       5.722621492505e-17       7.065102602475e-18      -3.394712691665e-20 
 3052       3.513245837076e-12       9.449386711710e-14      -1.856748145336e-13       0.000000000000e+00       5.714112737054e-17       7.060219377160e-18      -5.324516306500e-20 
 3053       3.504353745700e-12       9.405929475891e-14      -1.834258616876e-13       0.000000000000e+00       5.705618696077e-17       7.055815404711e-18      -7.241699792146e-20 
 3054       3.495376554522e-12       9.363751662436e-14      -1.811873696210e-13       0.000000000000e+00       5.697139341389e-17       7.051949243684e-18      -9.143237293099e-20 
 3055       3.486315864262e-12       9.322847583700e-14      -1.789599970181e-13       0.000000000000e+00       5.688674644642e-17       7.048679604154e-18      -1.102609508281e-19 
 3056       3.477173280126e-12       9.283211532049e-14      -1.767444042399e-13       0.000000000000e+00       5.680224577317e-17       7.046065347835e-18      -1.288723155726e-19 
 3057       3.467950411810e-12       9.244837779842e-14      -1.745412533253e-13       0.000000000000e+00       5.671789110729e-17       7.044165488211e-18      -1.472359722856e-19 
 3058       3.458648873502e-12       9.207720579410e-14      -1.723512079929e-13       0.000000000000e+00       5.663368216026e-17       7.043039190652e-18      -1.653213471846e-19 
 3059       3.449270283887e-12       9.171854163041e-14      -1.701749336417e-13       0.000000000000e+00       5.654961864185e-17       7.042745772539e-18      -1.830977875200e-19 
 3060       3.439816266151e-12       9.137232742965e-14      -1.680130973529e-13       0.000000000000e+00       5.646570026018e-17       7.043344703391e-18      -2.005345615105e-19 
 3061       3.430288447981e-12       9.103850511328e-14      -1.658663678914e-13       0.000000000000e+00       5.638192672168e-17       7.044895604986e-18      -2.176008582788e-19 
 3062       3.420688461575e-12       9.071701640182e-14      -1.637354157065e-13       0.000000000000e+00       5.629829773109e-17       7.047458251484e-18      -2.342657877873e-19 
 3063       3.411017943642e-12       9.040780281464e-14      -1.616209129340e-13       0.000000000000e+00       5.621481299147e-17       7.051092569552e-18      -2.504983807743e-19 
 3064       3.401278535404e-12       9.011080566980e-14      -1.595235333971e-13       0.000000000000e+00       5.613147220418e-17       7.055858638486e-18      -2.662675886889e-19 
 3065       3.391471882604e-12       8.982596608383e-14      -1.574439526078e-13       0.000000000000e+00       5.604827506890e-17       7.061816690335e-18      -2.815422836278e-19 
 3066       3.381599635508e-12       8.955322497161e-14      -1.553828477686e-13       0.000000000000e+00       5.596522128363e-17       7.069027110024e-18      -2.962912582701e-19 
 3067       3.371663448906e-12       8.929252304614e-14      -1.533408977734e-13       0.000000000000e+00       5.588231054466e-17       7.077550435480e-18      -3.104832258138e-19 
 3068       3.361664982122e-12       8.904380081840e-14      -1.513187832091e-13       0.000000000000e+00       5.579954254659e-17       7.087447357752e-18      -3.240868199108e-19 
 3069       3.351605899010e-12       8.880699859717e-14      -1.493171863568e-13       0.000000000000e+00       5.571691698232e-17       7.098778721137e-18      -3.370705946035e-19 
 3070       3.341487867965e-12       8.858205648881e-14      -1.473367911935e-13       0.000000000000e+00       5.563443354307e-17       7.111605523302e-18      -3.494030242597e-19 
 3071       3.331312561922e-12       8.836891439714e-14      -1.453782833932e-13       0.000000000000e+00       5.555209191833e-17       7.125988915408e-18      -3.610525035091e-19 
 3072       3.321081658360e-12       8.816751202322e-14      -1.434423503280e-13       0.000000000000e+00       5.546989179593e-17       7.141990202234e-18      -3.719873471784e-19 
 3073       3.310796839308e-12       8.797778886520e-14      -1.415296810701e-13       0.000000000000e+00       5.538783286196e-17       7.159670842298e-18      -3.821757902275e-19 
 3074       3.300459791349e-12       8.779968421811e-14      -1.396409663927e-13       0.000000000000e+00       5.530591480082e-17       7.179092447985e-18      -3.915859876852e-19 
 3075       3.290072205621e-12       8.763313717374e-14      -1.377768987713e-13       0.000000000000e+00       5.522413729521e-17       7.200316785666e-18      -4.001860145845e-19 
 3076       3.279635777823e-12       8.747808662038e-14      -1.359381723854e-13       0.000000000000e+00       5.514250002611e-17       7.223405775825e-18      -4.079438658992e-19 
 3077       3.269152208215e-12       8.733447124272e-14      -1.341254831196e-13       0.000000000000e+00       5.506100267280e-17       7.248421493179e-18      -4.148274564786e-19 
 3078       3.258623201629e-12       8.720222952162e-14      -1.323395285651e-13       0.000000000000e+00       5.497964491284e-17       7.275426166806e-18      -4.208046209842e-19 
 3079       3.248050514716e-12       8.708128111329e-14      -1.305809186230e-13       0.000000000000e+00       5.489842643666e-17       7.304457876422e-18      -4.258556278444e-19 
 3080       3.237436097949e-12       8.697147089028e-14      -1.288499068483e-13       0.000000000000e+00       5.481734699130e-17       7.335457514701e-18      -4.300107862788e-19 
 3081       3.226781954303e-12       8.687262463394e-14      -1.271466578305e-13       0.000000000000e+00       5.473640633688e-17       7.368341477752e-18      -4.333130180465e-19 
 3082       3.216090092078e-12       8.678456763044e-14      -1.254713364760e-13       0.000000000000e+00       5.465560423200e-17       7.403025937226e-18      -4.358053597702e-19 
 3083       3.205362524893e-12       8.670712467045e-14      -1.238241080080e-13       0.000000000000e+00       5.457494043379e-17       7.439426840124e-18      -4.375309630302e-19 
 3084       3.194601271699e-12       8.664012004864e-14      -1.222051379671e-13       0.000000000000e+00       5.449441469789e-17       7.477459908618e-18      -4.385330944583e-19 
 3085       3.183808356780e-12       8.658337756331e-14      -1.206145922109e-13       0.000000000000e+00       5.441402677844e-17       7.517040639866e-18      -4.388551358324e-19 
 3086       3.172985809756e-12       8.653672051597e-14      -1.190526369151e-13       0.000000000000e+00       5.433377642806e-17       7.558084305827e-18      -4.385405841702e-19 
 3087       3.162135665589e-12       8.649997171095e-14      -1.175194385728e-13       0.000000000000e+00       5.425366339792e-17       7.600505953075e-18      -4.376330518231e-19 
 3088       3.151259964590e-12       8.647295345492e-14      -1.160151639954e-13       0.000000000000e+00       5.417368743764e-17       7.644220402621e-18      -4.361762665709e-19 
 3089       3.140360752415e-12       8.645548755655e-14      -1.145399803126e-13       0.000000000000e+00       5.409384829537e-17       7.689142249721e-18      -4.342140717156e-19 
 3090       3.129440080080e-12       8.644739532606e-14      -1.130940549726e-13       0.000000000000e+00       5.401414571776e-17       7.735185863699e-18      -4.317904261753e-19 
 3091       3.118500003958e-12       8.644849757481e-14      -1.116775557423e-13       0.000000000000e+00       5.393457944993e-17       7.782265387760e-18      -4.289494045785e-19 
 3092       3.107542585785e-12       8.645861461489e-14      -1.102906507076e-13       0.000000000000e+00       5.385514923551e-17       7.830294738803e-18      -4.257351973584e-19 
 3093       3.096569892666e-12       8.647756625870e-14      -1.089335082736e-13       0.000000000000e+00       5.377585481664e-17       7.879187607243e-18      -4.221921108464e-19 
 3094       3.085583997077e-12       8.650517181856e-14      -1.076062971649e-13       0.000000000000e+00       5.369669593391e-17       7.928857456823e-18      -4.183645673668e-19 
 3095       3.074586976871e-12       8.654125010626e-14      -1.063091864256e-13       0.000000000000e+00       5.361767232645e-17       7.979217524429e-18      -4.142971053309e-19 
 3096       3.063580915283e-12       8.658561943268e-14      -1.050423454199e-13       0.000000000000e+00       5.353878373183e-17       8.030180819910e-18      -4.100343793303e-19 
 3097       3.052567900931e-12       8.663809760736e-14      -1.038059438318e-13       0.000000000000e+00       5.346002988614e-17       8.081660125891e-18      -4.056211602322e-19 
 3098       3.041550027824e-12       8.669850193809e-14      -1.026001516660e-13       0.000000000000e+00       5.338141052395e-17       8.133567997588e-18      -4.011023352723e-19 
 3099       3.030529395365e-12       8.676664923049e-14      -1.014251392474e-13       0.000000000000e+00       5.330292537831e-17       8.185816762628e-18      -3.965229081499e-19 
 3100       3.019508108355e-12       8.684235578762e-14      -1.002810772220e-13       0.000000000000e+00       5.322457418074e-17       8.238318520860e-18      -3.919279991214e-19 
 3101       3.008488276997e-12       8.692543740954e-14      -9.916813655648e-14       0.000000000000e+00       5.314635666126e-17       8.290985144176e-18      -3.873628450944e-19 
 3102       2.997472016901e-12       8.701570939289e-14      -9.808648853910e-14       0.000000000000e+00       5.306827254836e-17       8.343728276322e-18      -3.828727997223e-19 
 3103       2.986461449090e-12       8.711298653053e-14      -9.703630477937e-14       0.000000000000e+00       5.299032156902e-17       8.396459332718e-18      -3.785033334978e-19 
 3104       2.975458699999e-12       8.721708311105e-14      -9.601775720853e-14       0.000000000000e+00       5.291250344868e-17       8.449089500270e-18      -3.743000338473e-19 
 3105       2.964465901487e-12       8.732781291844e-14      -9.503101807976e-14       0.000000000000e+00       5.283481791126e-17       8.501529737190e-18      -3.703086052251e-19 
 3106       2.953485190835e-12       8.744498923160e-14      -9.407625996837e-14       0.000000000000e+00       5.275726467916e-17       8.553690772809e-18      -3.665748692071e-19 
 3107       2.942518710752e-12       8.756842482396e-14      -9.315365577202e-14       0.000000000000e+00       5.267984347324e-17       8.605483107397e-18      -3.631447645853e-19 
 3108       2.931568609382e-12       8.769793196310e-14      -9.226337871100e-14       0.000000000000e+00       5.260255401285e-17       8.656817011971e-18      -3.600643474619e-19 
 3109       2.920637040306e-12       8.783332241027e-14      -9.140560232838e-14       0.000000000000e+00       5.252539601580e-17       8.707602528119e-18      -3.573797913430e-19 
 3110       2.909726162544e-12       8.797440742003e-14      -9.058050049031e-14       0.000000000000e+00       5.244836919835e-17       8.757749467813e-18      -3.551373872330e-19 
 3111       2.898838140565e-12       8.812099773980e-14      -8.978824738620e-14       0.000000000000e+00       5.237147327525e-17       8.807167413224e-18      -3.533835437287e-19 
 3112       2.887975144287e-12       8.827290360949e-14      -8.902901752896e-14       0.000000000000e+00       5.229470795970e-17       8.855765716538e-18      -3.521647871134e-19 
 3113       2.877139349084e-12       8.842993476103e-14      -8.830298575521e-14       0.000000000000e+00       5.221807296338e-17       8.903453499775e-18      -3.515277614508e-19 
 3114       2.866332935787e-12       8.859190041802e-14      -8.761032722553e-14       0.000000000000e+00       5.214156799641e-17       8.950139654600e-18      -3.515192286793e-19 
 3115       2.855558090691e-12       8.875860929525e-14      -8.695121742470e-14       0.000000000000e+00       5.206519276738e-17       8.995732842142e-18      -3.521860687060e-19 
 3116       2.844817005560e-12       8.892986959835e-14      -8.632583216187e-14       0.000000000000e+00       5.198894698335e-17       9.040141492812e-18      -3.535752795011e-19 
 3117       2.834111877628e-12       8.910548902334e-14      -8.573434757083e-14       0.000000000000e+00       5.191283034982e-17       9.083273806112e-18      -3.557339771913e-19 
 3118       2.823444753446e-12       8.928527681948e-14      -8.517686072251e-14       0.000000000000e+00       5.183684258392e-17       9.125053501564e-18      -3.586948527227e-19 
 3119       2.812817059603e-12       8.946904998932e-14      -8.465315105461e-14       0.000000000000e+00       5.176098345399e-17       9.165467152657e-18      -3.624324670298e-19 
 3120       2.802230069806e-12       8.965662711697e-14      -8.416291782169e-14       0.000000000000e+00       5.168525274016e-17       9.204517074887e-18      -3.669067507420e-19 
 3121       2.791685060846e-12       8.984782630707e-14      -8.370585938034e-14       0.000000000000e+00       5.160965022125e-17       9.242205594864e-18      -3.720775288827e-19 
 3122       2.781183312598e-12       9.004246518443e-14      -8.328167318842e-14       0.000000000000e+00       5.153417567468e-17       9.278535050317e-18      -3.779045207830e-19 
 3123       2.770726108026e-12       9.024036089361e-14      -8.289005580431e-14       0.000000000000e+00       5.145882887658e-17       9.313507790110e-18      -3.843473399970e-19 
 3124       2.760314733182e-12       9.044133009856e-14      -8.253070288618e-14       0.000000000000e+00       5.138360960168e-17       9.347126174246e-18      -3.913654942161e-19 
 3125       2.749950477212e-12       9.064518898224e-14      -8.220330919120e-14       0.000000000000e+00       5.130851762339e-17       9.379392573883e-18      -3.989183851836e-19 
 3126       2.739634632356e-12       9.085175324618e-14      -8.190756857479e-14       0.000000000000e+00       5.123355271375e-17       9.410309371341e-18      -4.069653086098e-19 
 3127       2.729368493952e-12       9.106083811014e-14      -8.164317398990e-14       0.000000000000e+00       5.115871464347e-17       9.439878960114e-18      -4.154654540861e-19 
 3128       2.719153360437e-12       9.127225831172e-14      -8.140981748623e-14       0.000000000000e+00       5.108400318187e-17       9.468103744878e-18      -4.243779049998e-19 
 3129       2.708990533350e-12       9.148582810596e-14      -8.120719020948e-14       0.000000000000e+00       5.100941809695e-17       9.494986141503e-18      -4.336616384490e-19 
 3130       2.698881317334e-12       9.170136126492e-14      -8.103498240060e-14       0.000000000000e+00       5.093495915531e-17       9.520528577064e-18      -4.432755251570e-19 
 3131       2.688827020140e-12       9.191867107737e-14      -8.089288339503e-14       0.000000000000e+00       5.086062612224e-17       9.544733489851e-18      -4.531783293870e-19 
 3132       2.678828952628e-12       9.213757034833e-14      -8.078058162196e-14       0.000000000000e+00       5.078641876163e-17       9.567603329376e-18      -4.633287088565e-19 
 3133       2.668888428768e-12       9.235787139872e-14      -8.069776460357e-14       0.000000000000e+00       5.071233683602e-17       9.589140556389e-18      -4.736852146526e-19 
 3134       2.659006765646e-12       9.257938606496e-14      -8.064411895426e-14       0.000000000000e+00       5.063838010659e-17       9.609347642883e-18      -4.842062911458e-19 
 3135       2.649185283465e-12       9.280192569857e-14      -8.061933037994e-14       0.000000000000e+00       5.056454833317e-17       9.628227072108e-18      -4.948502759054e-19 
 3136       2.639425305545e-12       9.302530116582e-14      -8.062308367721e-14       0.000000000000e+00       5.049084127419e-17       9.645781338578e-18      -5.055753996137e-19 
 3137       2.629728158327e-12       9.324932284730e-14      -8.065506273267e-14       0.000000000000e+00       5.041725868674e-17       9.662012948085e-18      -5.163397859805e-19 
 3138       2.620095171379e-12       9.347380063755e-14      -8.071495052214e-14       0.000000000000e+00       5.034380032653e-17       9.676924417708e-18      -5.271014516585e-19 
 3139       2.610527677393e-12       9.369854394470e-14      -8.080242910991e-14       0.000000000000e+00       5.027046594790e-17       9.690518275820e-18      -5.378183061570e-19 
 3140       2.601027012188e-12       9.392336169002e-14      -8.091717964797e-14       0.000000000000e+00       5.019725530383e-17       9.702797062104e-18      -5.484481517571e-19 
 3141       2.591594514718e-12       9.414806230758e-14      -8.105888237529e-14       0.000000000000e+00       5.012416814591e-17       9.713763327558e-18      -5.589486834263e-19 
 3142       2.582231527066e-12       9.437245374384e-14      -8.122721661703e-14       0.000000000000e+00       5.005120422437e-17       9.723419634509e-18      -5.692774887331e-19 
 3143       2.572939394454e-12       9.459634345731e-14      -8.142186078381e-14       0.000000000000e+00       4.997836328807e-17       9.731768556621e-18      -5.793920477613e-19 
 3144       2.563719465242e-12       9.481953841806e-14      -8.164249237096e-14       0.000000000000e+00       4.990564508446e-17       9.738812678907e-18      -5.892497330254e-19 
 3145       2.554573090929e-12       9.504184510746e-14      -8.188878795774e-14       0.000000000000e+00       4.983304935965e-17       9.744554597739e-18      -5.988078093845e-19 
 3146       2.545501626158e-12       9.526306951767e-14      -8.216042320663e-14       0.000000000000e+00       4.976057585836e-17       9.748996920856e-18      -6.080234339572e-19 
 3147       2.536506428717e-12       9.548301715136e-14      -8.245707286253e-14       0.000000000000e+00       4.968822432392e-17       9.752142267379e-18      -6.168536560365e-19 
 3148       2.527588859544e-12       9.570149302124e-14      -8.277841075203e-14       0.000000000000e+00       4.961599449828e-17       9.753993267814e-18      -6.252554170040e-19 
 3149       2.518750282725e-12       9.591830164971e-14      -8.312410978265e-14       0.000000000000e+00       4.954388612201e-17       9.754552564072e-18      -6.331855502449e-19 
 3150       2.509992065499e-12       9.613324706847e-14      -8.349384194211e-14       0.000000000000e+00       4.947189893431e-17       9.753822809470e-18      -6.406007810625e-19 
 3151       2.501315578261e-12       9.634613281815e-14      -8.388727829754e-14       0.000000000000e+00       4.940003267297e-17       9.751806668747e-18      -6.474577265929e-19 
 3152       2.492722194562e-12       9.655676194785e-14      -8.430408899474e-14       0.000000000000e+00       4.932828707440e-17       9.748506818073e-18      -6.537128957193e-19 
 3153       2.484213291117e-12       9.676493701485e-14      -8.474394325744e-14       0.000000000000e+00       4.925666187363e-17       9.743925945056e-18      -6.593226889873e-19 
 3154       2.475790247798e-12       9.697046008416e-14      -8.520650938655e-14       0.000000000000e+00       4.918515680429e-17       9.738066748760e-18      -6.642433985190e-19 
 3155       2.467454447645e-12       9.717313272814e-14      -8.569145475935e-14       0.000000000000e+00       4.911377159862e-17       9.730931939707e-18      -6.684312079278e-19 
 3156       2.459207276866e-12       9.737275602613e-14      -8.619844582883e-14       0.000000000000e+00       4.904250598749e-17       9.722524239892e-18      -6.718421922332e-19 
 3157       2.451049888986e-12       9.756914800933e-14      -8.672711813234e-14       0.000000000000e+00       4.897135971226e-17       9.712858525776e-18      -6.744449069839e-19 
 3158       2.442982496108e-12       9.776219608473e-14      -8.727698616736e-14       0.000000000000e+00       4.890033256073e-17       9.701998318796e-18      -6.762582196025e-19 
 3159       2.435005074373e-12       9.795180485367e-14      -8.784753309612e-14       0.000000000000e+00       4.882942433136e-17       9.690019464184e-18      -6.773136533980e-19 
 3160       2.427117599508e-12       9.813787868841e-14      -8.843824069699e-14       0.000000000000e+00       4.875863482143e-17       9.676998003514e-18      -6.776428143660e-19 
 3161       2.419320046824e-12       9.832032173201e-14      -8.904858936338e-14       0.000000000000e+00       4.868796382696e-17       9.663010174859e-18      -6.772773912554e-19 
 3162       2.411612391223e-12       9.849903789813e-14      -8.967805810265e-14       0.000000000000e+00       4.861741114280e-17       9.648132412950e-18      -6.762491556341e-19 
 3163       2.403994607188e-12       9.867393087084e-14      -9.032612453495e-14       0.000000000000e+00       4.854697656254e-17       9.632441349329e-18      -6.745899619555e-19 
 3164       2.396466668790e-12       9.884490410448e-14      -9.099226489213e-14       0.000000000000e+00       4.847665987856e-17       9.616013812509e-18      -6.723317476246e-19 
 3165       2.389028549684e-12       9.901186082342e-14      -9.167595401664e-14       0.000000000000e+00       4.840646088203e-17       9.598926828126e-18      -6.695065330641e-19 
 3166       2.381680223111e-12       9.917470402196e-14      -9.237666536037e-14       0.000000000000e+00       4.833637936289e-17       9.581257619099e-18      -6.661464217806e-19 
 3167       2.374421661893e-12       9.933333646407e-14      -9.309387098361e-14       0.000000000000e+00       4.826641510984e-17       9.563083605788e-18      -6.622836004308e-19 
 3168       2.367252838438e-12       9.948766068328e-14      -9.382704155385e-14       0.000000000000e+00       4.819656791039e-17       9.544482406145e-18      -6.579503388875e-19 
 3169       2.360173724736e-12       9.963757898248e-14      -9.457564634472e-14       0.000000000000e+00       4.812683755079e-17       9.525531835873e-18      -6.531789903061e-19 
 3170       2.353184292361e-12       9.978299343370e-14      -9.533915323486e-14       0.000000000000e+00       4.805722381606e-17       9.506309908585e-18      -6.480019911906e-19 
 3171       2.346284512468e-12       9.992380587802e-14      -9.611702870682e-14       0.000000000000e+00       4.798772649003e-17       9.486894835958e-18      -6.424518614596e-19 
 3172       2.339474355794e-12       1.000599179253e-13      -9.690873784592e-14       0.000000000000e+00       4.791834535525e-17       9.467365027888e-18      -6.365612045128e-19 
 3173       2.332753792659e-12       1.001912309541e-13      -9.771374433915e-14       0.000000000000e+00       4.784908019307e-17       9.447799092650e-18      -6.303627072969e-19 
 3174       2.326122792962e-12       1.003176461113e-13      -9.853151047405e-14       0.000000000000e+00       4.777993078360e-17       9.428275837051e-18      -6.238891403718e-19 
 3175       2.319581326183e-12       1.004390643123e-13      -9.936149713762e-14       0.000000000000e+00       4.771089690570e-17       9.408874266590e-18      -6.171733579770e-19 
 3176       2.313129361385e-12       1.005553862404e-13      -1.002031638152e-13       0.000000000000e+00       4.764197833703e-17       9.389673585611e-18      -6.102482980975e-19 
 3177       2.306766867207e-12       1.006665123470e-13      -1.010559685892e-13       0.000000000000e+00       4.757317485398e-17       9.370753197463e-18      -6.031469825302e-19 
 3178       2.300493811868e-12       1.007723428511e-13      -1.019193681384e-13       0.000000000000e+00       4.750448623172e-17       9.352192704651e-18      -5.959025169499e-19 
 3179       2.294310163169e-12       1.008727777394e-13      -1.027928177363e-13       0.000000000000e+00       4.743591224417e-17       9.334071908999e-18      -5.885480909754e-19 
 3180       2.288215888486e-12       1.009677167659e-13      -1.036757712503e-13       0.000000000000e+00       4.736745266402e-17       9.316470811802e-18      -5.811169782360e-19 
 3181       2.282210954775e-12       1.010570594519e-13      -1.045676811408e-13       0.000000000000e+00       4.729910726270e-17       9.299469613986e-18      -5.736425364373e-19 
 3182       2.276295328568e-12       1.011407050857e-13      -1.054679984596e-13       0.000000000000e+00       4.723087581044e-17       9.283148716258e-18      -5.661582074277e-19 
 3183       2.270468975977e-12       1.012185527225e-13      -1.063761728490e-13       0.000000000000e+00       4.716275807617e-17       9.267588719271e-18      -5.586975172642e-19 
 3184       2.264731862688e-12       1.012905011841e-13      -1.072916525409e-13       0.000000000000e+00       4.709475382762e-17       9.252870423773e-18      -5.512940762790e-19 
 3185       2.259083953965e-12       1.013564490590e-13      -1.082138843553e-13       0.000000000000e+00       4.702686283125e-17       9.239074830770e-18      -5.439815791454e-19 
 3186       2.253525214648e-12       1.014162947018e-13      -1.091423136996e-13       0.000000000000e+00       4.695908485228e-17       9.226283141675e-18      -5.367938049438e-19 
 3187       2.248055609151e-12       1.014699362333e-13      -1.100763845670e-13       0.000000000000e+00       4.689141965469e-17       9.214576758473e-18      -5.297646172284e-19 
 3188       2.242675101465e-12       1.015172715406e-13      -1.110155395360e-13       0.000000000000e+00       4.682386700119e-17       9.204037283870e-18      -5.229279640929e-19 
 3189       2.237383655154e-12       1.015581982761e-13      -1.119592197685e-13       0.000000000000e+00       4.675642665326e-17       9.194746521452e-18      -5.163178782369e-19 
 3190       2.232181233358e-12       1.015926138581e-13      -1.129068650095e-13       0.000000000000e+00       4.668909837112e-17       9.186786475845e-18      -5.099684770319e-19 
 3191       2.227067798790e-12       1.016204154703e-13      -1.138579135854e-13       0.000000000000e+00       4.662188191372e-17       9.180239352865e-18      -5.039139625876e-19 
 3192       2.222043313737e-12       1.016415000618e-13      -1.148118024031e-13       0.000000000000e+00       4.655477703880e-17       9.175187559681e-18      -4.981886218182e-19 
 3193       2.217107740057e-12       1.016557643464e-13      -1.157679669492e-13       0.000000000000e+00       4.648778350279e-17       9.171713704966e-18      -4.928268265082e-19 
 3194       2.212261039182e-12       1.016631048033e-13      -1.167258412880e-13       0.000000000000e+00       4.642090106090e-17       9.169900599055e-18      -4.878630333790e-19 
 3195       2.207503172118e-12       1.016634176761e-13      -1.176848580615e-13       0.000000000000e+00       4.635412946707e-17       9.169831254106e-18      -4.833317841546e-19 
 3196       2.202833927599e-12       1.016566197200e-13      -1.186444733498e-13       0.000000000000e+00       4.628746848480e-17       9.171560737483e-18      -4.792588512508e-19 
 3197       2.198252405708e-12       1.016427105459e-13      -1.196042413824e-13       0.000000000000e+00       4.622091791958e-17       9.175031590706e-18      -4.756346303806e-19 
 3198       2.193757531891e-12       1.016217105617e-13      -1.205637401673e-13       0.000000000000e+00       4.615447758662e-17       9.180158023168e-18      -4.724406261341e-19 
 3199       2.189348228583e-12       1.015936402513e-13      -1.215225466592e-13       0.000000000000e+00       4.608814730001e-17       9.186854023513e-18      -4.696582952413e-19 
 3200       2.185023415200e-12       1.015585201744e-13      -1.224802367583e-13       0.000000000000e+00       4.602192687276e-17       9.195033359463e-18      -4.672690465347e-19 
 3201       2.180782008143e-12       1.015163709670e-13      -1.234363853098e-13       0.000000000000e+00       4.595581611676e-17       9.204609577645e-18      -4.652542409110e-19 
 3202       2.176622920790e-12       1.014672133411e-13      -1.243905661028e-13       0.000000000000e+00       4.588981484280e-17       9.215496003415e-18      -4.635951912936e-19 
 3203       2.172545063497e-12       1.014110680851e-13      -1.253423518698e-13       0.000000000000e+00       4.582392286058e-17       9.227605740686e-18      -4.622731625948e-19 
 3204       2.168547343596e-12       1.013479560634e-13      -1.262913142855e-13       0.000000000000e+00       4.575813997867e-17       9.240851671752e-18      -4.612693716776e-19 
 3205       2.164628665389e-12       1.012778982171e-13      -1.272370239664e-13       0.000000000000e+00       4.569246600455e-17       9.255146457115e-18      -4.605649873184e-19 
 3206       2.160787930148e-12       1.012009155635e-13      -1.281790504694e-13       0.000000000000e+00       4.562690074460e-17       9.270402535309e-18      -4.601411301689e-19 
 3207       2.157024036114e-12       1.011170291962e-13      -1.291169622917e-13       0.000000000000e+00       4.556144400406e-17       9.286532122730e-18      -4.599788727181e-19 
 3208       2.153335878491e-12       1.010262602858e-13      -1.300503268695e-13       0.000000000000e+00       4.549609558709e-17       9.303447213456e-18      -4.600592392550e-19 
 3209       2.149722349446e-12       1.009286300793e-13      -1.309787105770e-13       0.000000000000e+00       4.543085529674e-17       9.321059579081e-18      -4.603632058302e-19 
 3210       2.146182338106e-12       1.008241599001e-13      -1.319016787263e-13       0.000000000000e+00       4.536572293492e-17       9.339280768531e-18      -4.608717002187e-19 
 3211       2.142714730555e-12       1.007128711488e-13      -1.328187955659e-13       0.000000000000e+00       4.530069830245e-17       9.358022107898e-18      -4.615656018813e-19 
 3212       2.139318409834e-12       1.005947853025e-13      -1.337296242801e-13       0.000000000000e+00       4.523578119903e-17       9.377194700261e-18      -4.624257419276e-19 
 3213       2.135992255933e-12       1.004699239153e-13      -1.346337269882e-13       0.000000000000e+00       4.517097142325e-17       9.396709425516e-18      -4.634329030776e-19 
 3214       2.132735145796e-12       1.003383086183e-13      -1.355306647437e-13       0.000000000000e+00       4.510626877258e-17       9.416476940197e-18      -4.645678196242e-19 
 3215       2.129545953313e-12       1.001999611195e-13      -1.364199975336e-13       0.000000000000e+00       4.504167304337e-17       9.436407677307e-18      -4.658111773952e-19 
 3216       2.126423549318e-12       1.000549032039e-13      -1.373012842771e-13       0.000000000000e+00       4.497718403085e-17       9.456411846139e-18      -4.671436137154e-19 
 3217       2.123366801590e-12       9.990315673381e-14      -1.381740828254e-13       0.000000000000e+00       4.491280152913e-17       9.476399432107e-18      -4.685457173693e-19 
 3218       2.120374574848e-12       9.974474364869e-14      -1.390379499604e-13       0.000000000000e+00       4.484852533122e-17       9.496280196566e-18      -4.699980285625e-19 
 3219       2.117445730747e-12       9.957968596525e-14      -1.398924413942e-13       0.000000000000e+00       4.478435522898e-17       9.515963676643e-18      -4.714810388846e-19 
 3220       2.114579127881e-12       9.940800577754e-14      -1.407371117680e-13       0.000000000000e+00       4.472029101316e-17       9.535359185061e-18      -4.729751912710e-19 
 3221       2.111773621774e-12       9.922972525700e-14      -1.415715146515e-13       0.000000000000e+00       4.465633247339e-17       9.554375809964e-18      -4.744608799649e-19 
 3222       2.109028064882e-12       9.904486665257e-14      -1.423952025419e-13       0.000000000000e+00       4.459247939817e-17       9.572922414745e-18      -4.759184504800e-19 
 3223       2.106341306588e-12       9.885345229069e-14      -1.432077268634e-13       0.000000000000e+00       4.452873157488e-17       9.590907637868e-18      -4.773281995625e-19 
 3224       2.103712193203e-12       9.865550457542e-14      -1.440086379658e-13       0.000000000000e+00       4.446508878977e-17       9.608239892700e-18      -4.786703751529e-19 
 3225       2.101139567960e-12       9.845104598849e-14      -1.447974851243e-13       0.000000000000e+00       4.440155082796e-17       9.624827367330e-18      -4.799251763486e-19 
 3226       2.098622271013e-12       9.824009908935e-14      -1.455738165383e-13       0.000000000000e+00       4.433811747343e-17       9.640578024401e-18      -4.810727533661e-19 
 3227       2.096159139433e-12       9.802268651524e-14      -1.463371793306e-13       0.000000000000e+00       4.427478850906e-17       9.655399600931e-18      -4.820932075029e-19 
 3228       2.093749007209e-12       9.779883098129e-14      -1.470871195469e-13       0.000000000000e+00       4.421156371658e-17       9.669199608142e-18      -4.829665910997e-19 
 3229       2.091390705243e-12       9.756855528052e-14      -1.478231821545e-13       0.000000000000e+00       4.414844287657e-17       9.681885331285e-18      -4.836729075030e-19 
 3230       2.089083061349e-12       9.733188228399e-14      -1.485449110417e-13       0.000000000000e+00       4.408542576852e-17       9.693363829467e-18      -4.841921110267e-19 
 3231       2.086824900246e-12       9.708883494077e-14      -1.492518490172e-13       0.000000000000e+00       4.402251217076e-17       9.703541935472e-18      -4.845041069148e-19 
 3232       2.084615043565e-12       9.683943627810e-14      -1.499435378089e-13       0.000000000000e+00       4.395970186047e-17       9.712326255594e-18      -4.845887513032e-19 
 3233       2.082452309835e-12       9.658370940139e-14      -1.506195180634e-13       0.000000000000e+00       4.389699461372e-17       9.719623169458e-18      -4.844258511821e-19 
 3234       2.080335514490e-12       9.632167749432e-14      -1.512793293447e-13       0.000000000000e+00       4.383439020544e-17       9.725338829849e-18      -4.839951643579e-19 
 3235       2.078263440476e-12       9.605337669071e-14      -1.519225660952e-13       0.000000000000e+00       4.377188841918e-17       9.729403508528e-18      -4.832807580511e-19 
 3236       2.076234749947e-12       9.577889475379e-14      -1.525490457944e-13       0.000000000000e+00       4.370948907655e-17       9.731844754460e-18      -4.822841063206e-19 
 3237       2.074248072164e-12       9.549833257221e-14      -1.531586415597e-13       0.000000000000e+00       4.364719200790e-17       9.732714566502e-18      -4.810110518689e-19 
 3238       2.072302032847e-12       9.521179130435e-14      -1.537512262540e-13       0.000000000000e+00       4.358499704261e-17       9.732065077603e-18      -4.794674528056e-19 
 3239       2.070395254163e-12       9.491937237851e-14      -1.543266724859e-13       0.000000000000e+00       4.352290400904e-17       9.729948554905e-18      -4.776591826597e-19 
 3240       2.068526354732e-12       9.462117749313e-14      -1.548848526092e-13       0.000000000000e+00       4.346091273458e-17       9.726417399857e-18      -4.755921303920e-19 
 3241       2.066693949621e-12       9.431730861702e-14      -1.554256387228e-13       0.000000000000e+00       4.339902304559e-17       9.721524148309e-18      -4.732722004066e-19 
 3242       2.064896650338e-12       9.400786798954e-14      -1.559489026706e-13       0.000000000000e+00       4.333723476745e-17       9.715321470625e-18      -4.707053125637e-19 
 3243       2.063133064835e-12       9.369295812085e-14      -1.564545160412e-13       0.000000000000e+00       4.327554772453e-17       9.707862171785e-18      -4.678974021915e-19 
 3244       2.061401797501e-12       9.337268179209e-14      -1.569423501678e-13       0.000000000000e+00       4.321396174021e-17       9.699199191491e-18      -4.648544200982e-19 
 3245       2.059701449162e-12       9.304714205564e-14      -1.574122761280e-13       0.000000000000e+00       4.315247663685e-17       9.689385604270e-18      -4.615823325842e-19 
 3246       2.058030617075e-12       9.271644223526e-14      -1.578641647438e-13       0.000000000000e+00       4.309109223581e-17       9.678474619580e-18      -4.580871214545e-19 
 3247       2.056387894928e-12       9.238068592639e-14      -1.582978865808e-13       0.000000000000e+00       4.302980835745e-17       9.666519581917e-18      -4.543747840305e-19 
 3248       2.054771872836e-12       9.203997699629e-14      -1.587133119490e-13       0.000000000000e+00       4.296862482114e-17       9.653573970915e-18      -4.504513331625e-19 
 3249       2.053181137340e-12       9.169441958429e-14      -1.591103109016e-13       0.000000000000e+00       4.290754144520e-17       9.639691401457e-18      -4.463227972414e-19 
 3250       2.051614271401e-12       9.134411810200e-14      -1.594887532356e-13       0.000000000000e+00       4.284655804699e-17       9.624925623777e-18      -4.419952202112e-19 
 3251       2.050069854399e-12       9.098917723352e-14      -1.598485084911e-13       0.000000000000e+00       4.278567444283e-17       9.609330523562e-18      -4.374746615810e-19 
 3252       2.048546462131e-12       9.062970193567e-14      -1.601894459516e-13       0.000000000000e+00       4.272489044804e-17       9.592960122063e-18      -4.327671964373e-19 
 3253       2.047042666807e-12       9.026579743814e-14      -1.605114346433e-13       0.000000000000e+00       4.266420587693e-17       9.575868576197e-18      -4.278789154559e-19 
 3254       2.045557037047e-12       8.989756924381e-14      -1.608143433353e-13       0.000000000000e+00       4.260362054280e-17       9.558110178649e-18      -4.228159249141e-19 
 3255       2.044088137881e-12       8.952512312885e-14      -1.610980405393e-13       0.000000000000e+00       4.254313425794e-17       9.539739357983e-18      -4.175843467032e-19 
 3256       2.042634530741e-12       8.914856514302e-14      -1.613623945093e-13       0.000000000000e+00       4.248274683361e-17       9.520810678741e-18      -4.121903183399e-19 
 3257       2.041194773464e-12       8.876800160985e-14      -1.616072732415e-13       0.000000000000e+00       4.242245808007e-17       9.501378841555e-18      -4.066399929793e-19 
 3258       2.039767420284e-12       8.838353912682e-14      -1.618325444745e-13       0.000000000000e+00       4.236226780657e-17       9.481498683243e-18      -4.009395394265e-19 
 3259       2.038351021835e-12       8.799528456566e-14      -1.620380756883e-13       0.000000000000e+00       4.230217582132e-17       9.461225176922e-18      -3.950951421488e-19 
 3260       2.036944125142e-12       8.760334507246e-14      -1.622237341049e-13       0.000000000000e+00       4.224218193155e-17       9.440613432108e-18      -3.891130012880e-19 
 3261       2.035545273622e-12       8.720782806797e-14      -1.623893866877e-13       0.000000000000e+00       4.218228594343e-17       9.419718694823e-18      -3.829993326726e-19 
 3262       2.034153007080e-12       8.680884124775e-14      -1.625349001413e-13       0.000000000000e+00       4.212248766214e-17       9.398596347701e-18      -3.767603678297e-19 
 3263       2.032765861709e-12       8.640649258244e-14      -1.626601409118e-13       0.000000000000e+00       4.206278689184e-17       9.377301910089e-18      -3.704023539971e-19 
 3264       2.031382370082e-12       8.600089031790e-14      -1.627649751858e-13       0.000000000000e+00       4.200318343564e-17       9.355891038158e-18      -3.639315541360e-19 
 3265       2.030001061152e-12       8.559214297552e-14      -1.628492688910e-13       0.000000000000e+00       4.194367709566e-17       9.334419525001e-18      -3.573542469423e-19 
 3266       2.028620460253e-12       8.518035935234e-14      -1.629128876957e-13       0.000000000000e+00       4.188426767298e-17       9.312943300743e-18      -3.506767268595e-19 
 3267       2.027239089088e-12       8.476564852133e-14      -1.629556970084e-13       0.000000000000e+00       4.182495496767e-17       9.291518432646e-18      -3.439053040906e-19 
 3268       2.025855465737e-12       8.434811983155e-14      -1.629775619780e-13       0.000000000000e+00       4.176573877875e-17       9.270201125209e-18      -3.370463046099e-19 
 3269       2.024468104645e-12       8.392788290842e-14      -1.629783474935e-13       0.000000000000e+00       4.170661890424e-17       9.249047720280e-18      -3.301060701755e-19 
 3270       2.023075516625e-12       8.350504765389e-14      -1.629579181837e-13       0.000000000000e+00       4.164759514112e-17       9.228114697155e-18      -3.230909583417e-19 
 3271       2.021676208853e-12       8.307972424666e-14      -1.629161384170e-13       0.000000000000e+00       4.158866728535e-17       9.207458672686e-18      -3.160073424704e-19 
 3272       2.020268684866e-12       8.265202314241e-14      -1.628528723015e-13       0.000000000000e+00       4.152983513185e-17       9.187136401385e-18      -3.088616117438e-19 
 3273       2.018851444559e-12       8.222205507401e-14      -1.627679836845e-13       0.000000000000e+00       4.147109847452e-17       9.167204775530e-18      -3.016601711765e-19 
 3274       2.017423086452e-12       8.178993117662e-14      -1.626613882495e-13       0.000000000000e+00       4.141245711509e-17       9.147704289328e-18      -2.944098311416e-19 
 3275       2.015982615007e-12       8.135576336326e-14      -1.625332100616e-13       0.000000000000e+00       4.135391088977e-17       9.128609350383e-18      -2.871189778286e-19 
 3276       2.014529134681e-12       8.091966395135e-14      -1.623836257218e-13       0.000000000000e+00       4.129545964271e-17       9.109877746129e-18      -2.797964080466e-19 
 3277       2.013061747780e-12       8.048174553821e-14      -1.622128123345e-13       0.000000000000e+00       4.123710321717e-17       9.091467159489e-18      -2.724509402023e-19 
 3278       2.011579554454e-12       8.004212100120e-14      -1.620209475079e-13       0.000000000000e+00       4.117884145548e-17       9.073335168801e-18      -2.650914143167e-19 
 3279       2.010081652700e-12       7.960090349803e-14      -1.618082093538e-13       0.000000000000e+00       4.112067419911e-17       9.055439247735e-18      -2.577266920413e-19 
 3280       2.008567138355e-12       7.915820646687e-14      -1.615747764888e-13       0.000000000000e+00       4.106260128857e-17       9.037736765216e-18      -2.503656566747e-19 
 3281       2.007035105099e-12       7.871414362668e-14      -1.613208280342e-13       0.000000000000e+00       4.100462256351e-17       9.020184985340e-18      -2.430172131793e-19 
 3282       2.005484644452e-12       7.826882897731e-14      -1.610465436164e-13       0.000000000000e+00       4.094673786265e-17       9.002741067295e-18      -2.356902881976e-19 
 3283       2.003914845771e-12       7.782237679981e-14      -1.607521033676e-13       0.000000000000e+00       4.088894702379e-17       8.985362065283e-18      -2.283938300686e-19 
 3284       2.002324796249e-12       7.737490165657e-14      -1.604376879259e-13       0.000000000000e+00       4.083124988386e-17       8.968004928439e-18      -2.211368088448e-19 
 3285       2.000713580914e-12       7.692651839161e-14      -1.601034784361e-13       0.000000000000e+00       4.077364627883e-17       8.950626500747e-18      -2.139282163081e-19 
 3286       1.999080282628e-12       7.647734213072e-14      -1.597496565495e-13       0.000000000000e+00       4.071613604380e-17       8.933183520968e-18      -2.067770659867e-19 
 3287       1.997423982082e-12       7.602748828171e-14      -1.593764044249e-13       0.000000000000e+00       4.065871901294e-17       8.915632622552e-18      -1.996923931713e-19 
 3288       1.995743757798e-12       7.557707253465e-14      -1.589839047285e-13       0.000000000000e+00       4.060139501951e-17       8.897930333562e-18      -1.926832549320e-19 
 3289       1.994038686128e-12       7.512621086202e-14      -1.585723406348e-13       0.000000000000e+00       4.054416389585e-17       8.880033076592e-18      -1.857587301345e-19 
 3290       1.992307841248e-12       7.467501951901e-14      -1.581418958265e-13       0.000000000000e+00       4.048702547339e-17       8.861897168690e-18      -1.789279194566e-19 
 3291       1.990550295159e-12       7.422361504363e-14      -1.576927544954e-13       0.000000000000e+00       4.042997958266e-17       8.843478821274e-18      -1.721999454048e-19 
 3292       1.988765117687e-12       7.377211425704e-14      -1.572251013424e-13       0.000000000000e+00       4.037302605325e-17       8.824734140054e-18      -1.655839523310e-19 
 3293       1.986951376477e-12       7.332063426366e-14      -1.567391215780e-13       0.000000000000e+00       4.031616471384e-17       8.805619124952e-18      -1.590891064486e-19 
 3294       1.985108136995e-12       7.286929245147e-14      -1.562350009229e-13       0.000000000000e+00       4.025939539220e-17       8.786089670021e-18      -1.527245958491e-19 
 3295       1.983234462528e-12       7.241820649215e-14      -1.557129256081e-13       0.000000000000e+00       4.020271791519e-17       8.766101563367e-18      -1.464996305190e-19 
 3296       1.981329414175e-12       7.196749434136e-14      -1.551730823756e-13       0.000000000000e+00       4.014613210871e-17       8.745610487065e-18      -1.404234423558e-19 
 3297       1.979392050854e-12       7.151727423892e-14      -1.546156584787e-13       0.000000000000e+00       4.008963779779e-17       8.724572017081e-18      -1.345052851848e-19 
 3298       1.977421429293e-12       7.106766470902e-14      -1.540408416821e-13       0.000000000000e+00       4.003323480651e-17       8.702941623196e-18      -1.287544347754e-19 
 3299       1.975416604035e-12       7.061878456046e-14      -1.534488202628e-13       0.000000000000e+00       3.997692295802e-17       8.680674668917e-18      -1.231801888578e-19 
 3300       1.973376627431e-12       7.017075288683e-14      -1.528397830103e-13       0.000000000000e+00       3.992070207458e-17       8.657726411405e-18      -1.177918671394e-19 
 3301       1.971300549640e-12       6.972368906678e-14      -1.522139192267e-13       0.000000000000e+00       3.986457197750e-17       8.634052001391e-18      -1.125988113214e-19 
 3302       1.969187418631e-12       6.927771276415e-14      -1.515714187277e-13       0.000000000000e+00       3.980853248717e-17       8.609606483096e-18      -1.076103851151e-19 
 3303       1.967036280176e-12       6.883294392828e-14      -1.509124718424e-13       0.000000000000e+00       3.975258342305e-17       8.584344794154e-18      -1.028359742587e-19 
 3304       1.964846177849e-12       6.838950279417e-14      -1.502372694142e-13       0.000000000000e+00       3.969672460370e-17       8.558221765526e-18      -9.828498653331e-20 
 3305       1.962616153029e-12       6.794750988268e-14      -1.495460028008e-13       0.000000000000e+00       3.964095584672e-17       8.531192121426e-18      -9.396685178016e-20 
 3306       1.960345244895e-12       6.750708600080e-14      -1.488388638749e-13       0.000000000000e+00       3.958527696879e-17       8.503210479237e-18      -8.989102191652e-20 
 3307       1.958032490422e-12       6.706835224180e-14      -1.481160450244e-13       0.000000000000e+00       3.952968778568e-17       8.474231349433e-18      -8.606697095243e-20 
 3308       1.955676924385e-12       6.663142998552e-14      -1.473777391529e-13       0.000000000000e+00       3.947418811221e-17       8.444209135498e-18      -8.250419500719e-20 
 3309       1.953277579353e-12       6.619644089851e-14      -1.466241396802e-13       0.000000000000e+00       3.941877776228e-17       8.413098133846e-18      -7.921221232586e-20 
 3310       1.950833485689e-12       6.576350693430e-14      -1.458554405423e-13       0.000000000000e+00       3.936345654884e-17       8.380852533741e-18      -7.620056329573e-20 
 3311       1.948343671548e-12       6.533275033357e-14      -1.450718361925e-13       0.000000000000e+00       3.930822428394e-17       8.347426417215e-18      -7.347881046288e-20 
 3312       1.945807162877e-12       6.490429362440e-14      -1.442735216011e-13       0.000000000000e+00       3.925308077868e-17       8.312773758993e-18      -7.105653854864e-20 
 3313       1.943223139265e-12       6.447824967679e-14      -1.434607145801e-13       0.000000000000e+00       3.919802585125e-17       8.276869073213e-18      -6.893862804125e-20 
 3314       1.940591402266e-12       6.405469181774e-14      -1.426337228631e-13       0.000000000000e+00       3.914305935110e-17       8.239769453480e-18      -6.711105311181e-20 
 3315       1.937911909147e-12       6.363368358447e-14      -1.417928773228e-13       0.000000000000e+00       3.908818113489e-17       8.201552806969e-18      -6.555502093637e-20 
 3316       1.935184617217e-12       6.321528865817e-14      -1.409385096744e-13       0.000000000000e+00       3.903339105845e-17       8.162297232676e-18      -6.425169238171e-20 
 3317       1.932409483833e-12       6.279957086415e-14      -1.400709524767e-13       0.000000000000e+00       3.897868897680e-17       8.122081021568e-18      -6.318218197017e-20 
 3318       1.929586466392e-12       6.238659417194e-14      -1.391905391323e-13       0.000000000000e+00       3.892407474412e-17       8.080982656727e-18      -6.232755784452e-20 
 3319       1.926715522340e-12       6.197642269537e-14      -1.382976038884e-13       0.000000000000e+00       3.886954821380e-17       8.039080813496e-18      -6.166884173275e-20 
 3320       1.923796609166e-12       6.156912069270e-14      -1.373924818374e-13       0.000000000000e+00       3.881510923837e-17       7.996454359622e-18      -6.118700891298e-20 
 3321       1.920829684404e-12       6.116475256671e-14      -1.364755089179e-13       0.000000000000e+00       3.876075766956e-17       7.953182355408e-18      -6.086298817827e-20 
 3322       1.917814705631e-12       6.076338286482e-14      -1.355470219148e-13       0.000000000000e+00       3.870649335827e-17       7.909344053850e-18      -6.067766180147e-20 
 3323       1.914751630472e-12       6.036507627920e-14      -1.346073584603e-13       0.000000000000e+00       3.865231615458e-17       7.865018900791e-18      -6.061186550007e-20 
 3324       1.911640416596e-12       5.996989764683e-14      -1.336568570345e-13       0.000000000000e+00       3.859822590772e-17       7.820286535059e-18      -6.064638840104e-20 
 3325       1.908481021717e-12       5.957791194969e-14      -1.326958569657e-13       0.000000000000e+00       3.854422246612e-17       7.775226788619e-18      -6.076197300569e-20 
 3326       1.905273403592e-12       5.918918431478e-14      -1.317246984318e-13       0.000000000000e+00       3.849030567738e-17       7.729919686713e-18      -6.093931515447e-20 
 3327       1.902017520027e-12       5.880378001429e-14      -1.307437224602e-13       0.000000000000e+00       3.843647538825e-17       7.684445448010e-18      -6.115906399189e-20 
 3328       1.898713328871e-12       5.842176446566e-14      -1.297532709287e-13       0.000000000000e+00       3.838273144468e-17       7.638884484750e-18      -6.140182193129e-20 
 3329       1.895360788019e-12       5.804320323173e-14      -1.287536865663e-13       0.000000000000e+00       3.832907369177e-17       7.593317402887e-18      -6.164814461974e-20 
 3330       1.891959855411e-12       5.766816202079e-14      -1.277453129538e-13       0.000000000000e+00       3.827550197379e-17       7.547825002241e-18      -6.187854090286e-20 
 3331       1.888510489033e-12       5.729670668675e-14      -1.267284945241e-13       0.000000000000e+00       3.822201613419e-17       7.502488276635e-18      -6.207347278966e-20 
 3332       1.885012646916e-12       5.692890322920e-14      -1.257035765635e-13       0.000000000000e+00       3.816861601557e-17       7.457388414047e-18      -6.221335541741e-20 
 3333       1.881466287138e-12       5.656481779352e-14      -1.246709052116e-13       0.000000000000e+00       3.811530145972e-17       7.412606796755e-18      -6.227855701645e-20 
 3334       1.877871367822e-12       5.620451667102e-14      -1.236308274625e-13       0.000000000000e+00       3.806207230759e-17       7.368225001480e-18      -6.224939887507e-20 
 3335       1.874227847135e-12       5.584806629901e-14      -1.225836911652e-13       0.000000000000e+00       3.800892839927e-17       7.324324799531e-18      -6.210615530433e-20 
 3336       1.870535683292e-12       5.549553326092e-14      -1.215298450243e-13       0.000000000000e+00       3.795586957405e-17       7.280988156955e-18      -6.182905360294e-20 
 3337       1.866794834554e-12       5.514698428641e-14      -1.204696386008e-13       0.000000000000e+00       3.790289567037e-17       7.238297234679e-18      -6.139827402205e-20 
 3338       1.863005259227e-12       5.480248625145e-14      -1.194034223123e-13       0.000000000000e+00       3.785000652582e-17       7.196334388656e-18      -6.079394973014e-20 
 3339       1.859166915664e-12       5.446210617848e-14      -1.183315474343e-13       0.000000000000e+00       3.779720197717e-17       7.155182170010e-18      -5.999616677786e-20 
 3340       1.855279762262e-12       5.412591123646e-14      -1.172543661001e-13       0.000000000000e+00       3.774448186035e-17       7.114923325185e-18      -5.898496406284e-20 
 3341       1.851343757467e-12       5.379396874100e-14      -1.161722313022e-13       0.000000000000e+00       3.769184601044e-17       7.075640796087e-18      -5.774033329459e-20 
 3342       1.847358859770e-12       5.346634615447e-14      -1.150854968923e-13       0.000000000000e+00       3.763929426169e-17       7.037417720230e-18      -5.624221895931e-20 
 3343       1.843325027708e-12       5.314311108611e-14      -1.139945175824e-13       0.000000000000e+00       3.758682644751e-17       7.000337430883e-18      -5.447051828474e-20 
 3344       1.839242219865e-12       5.282433129212e-14      -1.128996489451e-13       0.000000000000e+00       3.753444240047e-17       6.964483457214e-18      -5.240508120500e-20 
 3345       1.835110394872e-12       5.251007467576e-14      -1.118012474147e-13       0.000000000000e+00       3.748214195228e-17       6.929939524438e-18      -5.002571032544e-20 
 3346       1.830929511404e-12       5.220040928749e-14      -1.106996702872e-13       0.000000000000e+00       3.742992493382e-17       6.896789553959e-18      -4.731216088752e-20 
 3347       1.826699528186e-12       5.189540332505e-14      -1.095952757217e-13       0.000000000000e+00       3.737779117514e-17       6.865117663520e-18      -4.424414073359e-20 
 3348       1.822420403988e-12       5.159512513356e-14      -1.084884227403e-13       0.000000000000e+00       3.732574050542e-17       6.835008167343e-18      -4.080131027178e-20 
 3349       1.818092097626e-12       5.129964320564e-14      -1.073794712294e-13       0.000000000000e+00       3.727377275301e-17       6.806545576279e-18      -3.696328244084e-20 
 3350       1.813714567965e-12       5.100902618154e-14      -1.062687819398e-13       0.000000000000e+00       3.722188774541e-17       6.779814597954e-18      -3.270962267496e-20 
 3351       1.809287773915e-12       5.072334284919e-14      -1.051567164877e-13       0.000000000000e+00       3.717008530928e-17       6.754900136910e-18      -2.801984886867e-20 
 3352       1.804811793471e-12       5.044264928370e-14      -1.040436243271e-13       0.000000000000e+00       3.711836527771e-17       6.731858550925e-18      -2.288048389543e-20 
 3353       1.800287181393e-12       5.016695020415e-14      -1.029298036035e-13       0.000000000000e+00       3.706672751208e-17       6.710631282464e-18      -1.730624689778e-20 
 3354       1.795714613089e-12       4.989623744813e-14      -1.018155401304e-13       0.000000000000e+00       3.701517188032e-17       6.691130850073e-18      -1.131895453608e-20 
 3355       1.791094765720e-12       4.963050281698e-14      -1.007011204023e-13       0.000000000000e+00       3.696369824960e-17       6.673269557765e-18      -4.940476887016e-21 
 3356       1.786428318203e-12       4.936973807584e-14      -9.958683159541e-14       0.000000000000e+00       3.691230648636e-17       6.656959494855e-18       1.807262516242e-21 
 3357       1.781715951210e-12       4.911393495353e-14      -9.847296156815e-14       0.000000000000e+00       3.686099645628e-17       6.642112535803e-18       8.902286643912e-21 
 3358       1.776958347171e-12       4.886308514256e-14      -9.735979886149e-14       0.000000000000e+00       3.680976802429e-17       6.628640340047e-18       1.632256492945e-20 
 3359       1.772156190276e-12       4.861718029911e-14      -9.624763269958e-14       0.000000000000e+00       3.675862105457e-17       6.616454351847e-18       2.404601322941e-20 
 3360       1.767310166472e-12       4.837621204296e-14      -9.513675299023e-14       0.000000000000e+00       3.670755541058e-17       6.605465800122e-18       3.205049378328e-20 
 3361       1.762420963472e-12       4.814017195752e-14      -9.402745032539e-14       0.000000000000e+00       3.665657095499e-17       6.595585698287e-18       4.031381517337e-20 
 3362       1.757489270749e-12       4.790905158971e-14      -9.292001598173e-14       0.000000000000e+00       3.660566754975e-17       6.586724844093e-18       4.881373228465e-20 
 3363       1.752515779540e-12       4.768284245003e-14      -9.181474192105e-14       0.000000000000e+00       3.655484505604e-17       6.578793819465e-18       5.752794626459e-20 
 3364       1.747501182850e-12       4.746153601245e-14      -9.071192079088e-14       0.000000000000e+00       3.650410333430e-17       6.571702990344e-18       6.643410448305e-20 
 3365       1.742446175449e-12       4.724512371440e-14      -8.961184592490e-14       0.000000000000e+00       3.645344224421e-17       6.565362506521e-18       7.550980049211e-20 
 3366       1.737351453876e-12       4.703359695678e-14      -8.851481134354e-14       0.000000000000e+00       3.640286164471e-17       6.559682301476e-18       8.473257398592e-20 
 3367       1.732217716440e-12       4.682694710386e-14      -8.742111175439e-14       0.000000000000e+00       3.635236139397e-17       6.554572092221e-18       9.407991076060e-20 
 3368       1.727045663219e-12       4.662516548330e-14      -8.633104255279e-14       0.000000000000e+00       3.630194134942e-17       6.549941379135e-18       1.035292426740e-19 
 3369       1.721835996066e-12       4.642824338611e-14      -8.524489982228e-14       0.000000000000e+00       3.625160136772e-17       6.545699445803e-18       1.130579476058e-19 
 3370       1.716589418607e-12       4.623617206659e-14      -8.416298033514e-14       0.000000000000e+00       3.620134130478e-17       6.541755358856e-18       1.226433494168e-19 
 3371       1.711306636240e-12       4.604894274233e-14      -8.308558155288e-14       0.000000000000e+00       3.615116101576e-17       6.538017967809e-18       1.322627179097e-19 
 3372       1.705988356145e-12       4.586654659418e-14      -8.201300162675e-14       0.000000000000e+00       3.610106035507e-17       6.534395904899e-18       1.418932687879e-19 
 3373       1.700635287274e-12       4.568897476618e-14      -8.094553939827e-14       0.000000000000e+00       3.605103917633e-17       6.530797584925e-18       1.515121636162e-19 
 3374       1.695248140361e-12       4.551621836559e-14      -7.988349439968e-14       0.000000000000e+00       3.600109733244e-17       6.527131205085e-18       1.610965097802e-19 
 3375       1.689827627921e-12       4.534826846281e-14      -7.882716685451e-14       0.000000000000e+00       3.595123467552e-17       6.523304744816e-18       1.706233604464e-19 
 3376       1.684374464248e-12       4.518511609134e-14      -7.777685767806e-14       0.000000000000e+00       3.590145105693e-17       6.519225965634e-18       1.800697145217e-19 
 3377       1.678889365422e-12       4.502675224782e-14      -7.673286847790e-14       0.000000000000e+00       3.585174632727e-17       6.514802410968e-18       1.894125166137e-19 
 3378       1.673373049305e-12       4.487316789190e-14      -7.569550155440e-14       0.000000000000e+00       3.580212033639e-17       6.509941406004e-18       1.986286569903e-19 
 3379       1.667826235545e-12       4.472435394630e-14      -7.466505990119e-14       0.000000000000e+00       3.575257293337e-17       6.504550057520e-18       2.076949715397e-19 
 3380       1.662249645579e-12       4.458030129672e-14      -7.364184720573e-14       0.000000000000e+00       3.570310396653e-17       6.498535253727e-18       2.165882417299e-19 
 3381       1.656644002631e-12       4.444100079183e-14      -7.262616784977e-14       0.000000000000e+00       3.565371328341e-17       6.491803664105e-18       2.252851945690e-19 
 3382       1.651010031714e-12       4.430644324323e-14      -7.161832690988e-14       0.000000000000e+00       3.560440073081e-17       6.484261739246e-18       2.337625025649e-19 
 3383       1.645348459634e-12       4.417661942544e-14      -7.061863015795e-14       0.000000000000e+00       3.555516615476e-17       6.475815710687e-18       2.419967836851e-19 
 3384       1.639660014988e-12       4.405152007585e-14      -6.962738406168e-14       0.000000000000e+00       3.550600940051e-17       6.466371590753e-18       2.499646013165e-19 
 3385       1.633945428166e-12       4.393113589467e-14      -6.864489578514e-14       0.000000000000e+00       3.545693031257e-17       6.455835172396e-18       2.576424642255e-19 
 3386       1.628205431356e-12       4.381545754495e-14      -6.767147318920e-14       0.000000000000e+00       3.540792873465e-17       6.444112029030e-18       2.650068265174e-19 
 3387       1.622440758539e-12       4.370447565251e-14      -6.670742483210e-14       0.000000000000e+00       3.535900450973e-17       6.431107514371e-18       2.720340875970e-19 
 3388       1.616652145497e-12       4.359818080592e-14      -6.575305996994e-14       0.000000000000e+00       3.531015747999e-17       6.416726762278e-18       2.787005921275e-19 
 3389       1.610840329808e-12       4.349656355645e-14      -6.480868855717e-14       0.000000000000e+00       3.526138748685e-17       6.400874686590e-18       2.849826299912e-19 
 3390       1.605006050854e-12       4.339961441808e-14      -6.387462124711e-14       0.000000000000e+00       3.521269437098e-17       6.383455980964e-18       2.908564362491e-19 
 3391       1.599150078713e-12       4.330731531534e-14      -6.295113518922e-14       0.000000000000e+00       3.516407797887e-17       6.364401165759e-18       2.963044546472e-19 
 3392       1.593273300997e-12       4.321961388669e-14      -6.203837125848e-14       0.000000000000e+00       3.511553818273e-17       6.343744851909e-18       3.013341577721e-19 
 3393       1.587376636397e-12       4.313644907009e-14      -6.113643638305e-14       0.000000000000e+00       3.506707486071e-17       6.321547814825e-18       3.059593081174e-19 
 3394       1.581461005816e-12       4.305775964487e-14      -6.024543770734e-14       0.000000000000e+00       3.501868789029e-17       6.297870978170e-18       3.101937019477e-19 
 3395       1.575527332378e-12       4.298348423161e-14      -5.936548259215e-14       0.000000000000e+00       3.497037714824e-17       6.272775413969e-18       3.140511693235e-19 
 3396       1.569576541421e-12       4.291356129206e-14      -5.849667861484e-14       0.000000000000e+00       3.492214251067e-17       6.246322342722e-18       3.175455741263e-19 
 3397       1.563609560507e-12       4.284792912897e-14      -5.763913356946e-14       0.000000000000e+00       3.487398385302e-17       6.218573133513e-18       3.206908140843e-19 
 3398       1.557627319419e-12       4.278652588597e-14      -5.679295546690e-14       0.000000000000e+00       3.482590105003e-17       6.189589304119e-18       3.235008207969e-19 
 3399       1.551630750162e-12       4.272928954751e-14      -5.595825253506e-14       0.000000000000e+00       3.477789397576e-17       6.159432521125e-18       3.259895597605e-19 
 3400       1.545620786967e-12       4.267615793866e-14      -5.513513321898e-14       0.000000000000e+00       3.472996250360e-17       6.128164600027e-18       3.281710303934e-19 
 3401       1.539598366292e-12       4.262706872506e-14      -5.432370618100e-14       0.000000000000e+00       3.468210650626e-17       6.095847505350e-18       3.300592660611e-19 
 3402       1.533564426824e-12       4.258195941273e-14      -5.352408030091e-14       0.000000000000e+00       3.463432585573e-17       6.062543350754e-18       3.316683341014e-19 
 3403       1.527519909479e-12       4.254076734802e-14      -5.273636467610e-14       0.000000000000e+00       3.458662042337e-17       6.028314399144e-18       3.330123358498e-19 
 3404       1.521465757406e-12       4.250342971743e-14      -5.196066862171e-14       0.000000000000e+00       3.453899007982e-17       5.993223062784e-18       3.341054066644e-19 
 3405       1.515402915985e-12       4.246988354753e-14      -5.119710167076e-14       0.000000000000e+00       3.449143469504e-17       5.957331903405e-18       3.349617159515e-19 
 3406       1.509332332833e-12       4.244006570483e-14      -5.044577357434e-14       0.000000000000e+00       3.444395413830e-17       5.920703632315e-18       3.355954671903e-19 
 3407       1.503254957804e-12       4.241391289563e-14      -4.970679430174e-14       0.000000000000e+00       3.439654827821e-17       5.883401110509e-18       3.360208979587e-19 
 3408       1.497171742989e-12       4.239136166595e-14      -4.898027404058e-14       0.000000000000e+00       3.434921698267e-17       5.845487348784e-18       3.362522799579e-19 
 3409       1.491083642719e-12       4.237234840137e-14      -4.826632319700e-14       0.000000000000e+00       3.430196011889e-17       5.807025507843e-18       3.363039190381e-19 
 3410       1.484991613567e-12       4.235680932693e-14      -4.756505239577e-14       0.000000000000e+00       3.425477755339e-17       5.768078898409e-18       3.361901552232e-19 
 3411       1.478896614350e-12       4.234468050698e-14      -4.687657248049e-14       0.000000000000e+00       3.420766915203e-17       5.728710981334e-18       3.359253627367e-19 
 3412       1.472799606129e-12       4.233589784512e-14      -4.620099451368e-14       0.000000000000e+00       3.416063477994e-17       5.688985367713e-18       3.355239500260e-19 
 3413       1.466701552210e-12       4.233039708401e-14      -4.553842977696e-14       0.000000000000e+00       3.411367430160e-17       5.648965818989e-18       3.350003597886e-19 
 3414       1.460603418149e-12       4.232811380529e-14      -4.488898977123e-14       0.000000000000e+00       3.406678758076e-17       5.608716247067e-18       3.343690689964e-19 
 3415       1.454506171753e-12       4.232898342946e-14      -4.425278621677e-14       0.000000000000e+00       3.401997448051e-17       5.568300714423e-18       3.336445889214e-19 
 3416       1.448410783078e-12       4.233294121574e-14      -4.362993105340e-14       0.000000000000e+00       3.397323486323e-17       5.527783434214e-18       3.328414651608e-19 
 3417       1.442318224433e-12       4.233992226197e-14      -4.302053644067e-14       0.000000000000e+00       3.392656859061e-17       5.487228770392e-18       3.319742776623e-19 
 3418       1.436229470384e-12       4.234986150445e-14      -4.242471475796e-14       0.000000000000e+00       3.387997552365e-17       5.446701237810e-18       3.310576407490e-19 
 3419       1.430145497752e-12       4.236269371789e-14      -4.184257860465e-14       0.000000000000e+00       3.383345552267e-17       5.406265502332e-18       3.301062031450e-19 
 3420       1.424067285614e-12       4.237835351521e-14      -4.127424080029e-14       0.000000000000e+00       3.378700844726e-17       5.365986380950e-18       3.291346480003e-19 
 3421       1.417995815311e-12       4.239677534749e-14      -4.071981438471e-14       0.000000000000e+00       3.374063415635e-17       5.325928841885e-18       3.281576929160e-19 
 3422       1.411932070441e-12       4.241789350381e-14      -4.017941261821e-14       0.000000000000e+00       3.369433250816e-17       5.286158004707e-18       3.271900899697e-19 
 3423       1.405877036868e-12       4.244164211111e-14      -3.965314898168e-14       0.000000000000e+00       3.364810336021e-17       5.246739140437e-18       3.262466257407e-19 
 3424       1.399831702718e-12       4.246795513412e-14      -3.914113717677e-14       0.000000000000e+00       3.360194656933e-17       5.207737671663e-18       3.253421213349e-19 
 3425       1.393797058386e-12       4.249676637522e-14      -3.864349112602e-14       0.000000000000e+00       3.355586199165e-17       5.169219172648e-18       3.244914324105e-19 
 3426       1.387774096533e-12       4.252800947430e-14      -3.816032497305e-14       0.000000000000e+00       3.350984948260e-17       5.131249369441e-18       3.237094492024e-19 
 3427       1.381763812089e-12       4.256161790867e-14      -3.769175308265e-14       0.000000000000e+00       3.346390889691e-17       5.093894139988e-18       3.230110965485e-19 
 3428       1.375767202257e-12       4.259752499291e-14      -3.723789004098e-14       0.000000000000e+00       3.341804008862e-17       5.057219514240e-18       3.224113339140e-19 
 3429       1.369785266511e-12       4.263566387877e-14      -3.679885065570e-14       0.000000000000e+00       3.337224291107e-17       5.021291674268e-18       3.219251554168e-19 
 3430       1.363818946939e-12       4.267596667863e-14      -3.637471556162e-14       0.000000000000e+00       3.332651722289e-17       4.986165237963e-18       3.215637831107e-19 
 3431       1.357868948985e-12       4.271836183200e-14      -3.596542787685e-14       0.000000000000e+00       3.328086290615e-17       4.951848055277e-18       3.213232290254e-19 
 3432       1.351935919943e-12       4.276277672756e-14      -3.557089610558e-14       0.000000000000e+00       3.323527984831e-17       4.918336261855e-18       3.211956843265e-19 
 3433       1.346020508552e-12       4.280913857838e-14      -3.519102849228e-14       0.000000000000e+00       3.318976793618e-17       4.885625981772e-18       3.211733216065e-19 
 3434       1.340123364992e-12       4.285737442179e-14      -3.482573302152e-14       0.000000000000e+00       3.314432705600e-17       4.853713327522e-18       3.212482948715e-19 
 3435       1.334245140894e-12       4.290741111928e-14      -3.447491741776e-14       0.000000000000e+00       3.309895709334e-17       4.822594400014e-18       3.214127395273e-19 
 3436       1.328386489331e-12       4.295917535637e-14      -3.413848914514e-14       0.000000000000e+00       3.305365793319e-17       4.792265288558e-18       3.216587723662e-19 
 3437       1.322548064827e-12       4.301259364243e-14      -3.381635540728e-14       0.000000000000e+00       3.300842945991e-17       4.762722070859e-18       3.219784915528e-19 
 3438       1.316730523352e-12       4.306759231063e-14      -3.350842314712e-14       0.000000000000e+00       3.296327155722e-17       4.733960813007e-18       3.223639766108e-19 
 3439       1.310934522328e-12       4.312409751774e-14      -3.321459904666e-14       0.000000000000e+00       3.291818410824e-17       4.705977569467e-18       3.228072884095e-19 
 3440       1.305160720627e-12       4.318203524404e-14      -3.293478952680e-14       0.000000000000e+00       3.287316699545e-17       4.678768383072e-18       3.233004691496e-19 
 3441       1.299409778572e-12       4.324133129317e-14      -3.266890074711e-14       0.000000000000e+00       3.282822010073e-17       4.652329285011e-18       3.238355423502e-19 
 3442       1.293682357940e-12       4.330191129203e-14      -3.241683860566e-14       0.000000000000e+00       3.278334330532e-17       4.626656294823e-18       3.244045128349e-19 
 3443       1.287979121962e-12       4.336370069060e-14      -3.217850873880e-14       0.000000000000e+00       3.273853648985e-17       4.601745420387e-18       3.249993667181e-19 
 3444       1.282300735324e-12       4.342662476188e-14      -3.195381652098e-14       0.000000000000e+00       3.269379953430e-17       4.577592657913e-18       3.256120713918e-19 
 3445       1.276647864166e-12       4.349060860169e-14      -3.174266706450e-14       0.000000000000e+00       3.264913231804e-17       4.554193991929e-18       3.262345755113e-19 
 3446       1.271021176088e-12       4.355557712858e-14      -3.154496521938e-14       0.000000000000e+00       3.260453471984e-17       4.531545395280e-18       3.268588089823e-19 
 3447       1.265421340145e-12       4.362145508370e-14      -3.136061557310e-14       0.000000000000e+00       3.256000661780e-17       4.509642829112e-18       3.274766829468e-19 
 3448       1.259849026854e-12       4.368816703066e-14      -3.118952245043e-14       0.000000000000e+00       3.251554788942e-17       4.488482242865e-18       3.280800897696e-19 
 3449       1.254304908190e-12       4.375563735541e-14      -3.103158991323e-14       0.000000000000e+00       3.247115841156e-17       4.468059574266e-18       3.286609030249e-19 
 3450       1.248789657590e-12       4.382379026609e-14      -3.088672176021e-14       0.000000000000e+00       3.242683806047e-17       4.448370749317e-18       3.292109774825e-19 
 3451       1.243303949953e-12       4.389254979292e-14      -3.075482152681e-14       0.000000000000e+00       3.238258671176e-17       4.429411682288e-18       3.297221490939e-19 
 3452       1.237848461642e-12       4.396183978809e-14      -3.063579248490e-14       0.000000000000e+00       3.233840424041e-17       4.411178275705e-18       3.301862349794e-19 
 3453       1.232423870482e-12       4.403158392558e-14      -3.052953764268e-14       0.000000000000e+00       3.229429052077e-17       4.393666420346e-18       3.305950334138e-19 
 3454       1.227030855767e-12       4.410170570105e-14      -3.043595974438e-14       0.000000000000e+00       3.225024542657e-17       4.376871995228e-18       3.309403238132e-19 
 3455       1.221670098253e-12       4.417212843175e-14      -3.035496127014e-14       0.000000000000e+00       3.220626883089e-17       4.360790867597e-18       3.312138667210e-19 
 3456       1.216342280167e-12       4.424277525633e-14      -3.028644443578e-14       0.000000000000e+00       3.216236060621e-17       4.345418892924e-18       3.314074037949e-19 
 3457       1.211048085202e-12       4.431356913476e-14      -3.023031119258e-14       0.000000000000e+00       3.211852062434e-17       4.330751914890e-18       3.315126577925e-19 
 3458       1.205788198521e-12       4.438443284816e-14      -3.018646322711e-14       0.000000000000e+00       3.207474875650e-17       4.316785765383e-18       3.315213325585e-19 
 3459       1.200563306759e-12       4.445528899870e-14      -3.015480196101e-14       0.000000000000e+00       3.203104487324e-17       4.303516264481e-18       3.314251130103e-19 
 3460       1.195374098020e-12       4.452606000946e-14      -3.013522855079e-14       0.000000000000e+00       3.198740884450e-17       4.290939220453e-18       3.312156651249e-19 
 3461       1.190221261882e-12       4.459666812431e-14      -3.012764388766e-14       0.000000000000e+00       3.194384053958e-17       4.279050429740e-18       3.308846359253e-19 
 3462       1.185105489396e-12       4.466703540775e-14      -3.013194859727e-14       0.000000000000e+00       3.190033982714e-17       4.267845676954e-18       3.304236534666e-19 
 3463       1.180027473089e-12       4.473708374483e-14      -3.014804303959e-14       0.000000000000e+00       3.185690657521e-17       4.257320734864e-18       3.298243268224e-19 
 3464       1.174987906961e-12       4.480673484097e-14      -3.017582730861e-14       0.000000000000e+00       3.181354065119e-17       4.247471364387e-18       3.290782460715e-19 
 3465       1.169987486491e-12       4.487591022187e-14      -3.021520123225e-14       0.000000000000e+00       3.177024192184e-17       4.238293314584e-18       3.281769822839e-19 
 3466       1.165026908635e-12       4.494453123334e-14      -3.026606437205e-14       0.000000000000e+00       3.172701025327e-17       4.229782322643e-18       3.271120875076e-19 
 3467       1.160106871826e-12       4.501251904123e-14      -3.032831602305e-14       0.000000000000e+00       3.168384551097e-17       4.221934113877e-18       3.258750947546e-19 
 3468       1.155228075979e-12       4.507979463125e-14      -3.040185521358e-14       0.000000000000e+00       3.164074755980e-17       4.214744401712e-18       3.244575179873e-19 
 3469       1.150391123525e-12       4.514628453689e-14      -3.048656411802e-14       0.000000000000e+00       3.159771626943e-17       4.208202112085e-18       3.228543784157e-19 
 3470       1.145596222057e-12       4.521193804987e-14      -3.058225821920e-14       0.000000000000e+00       3.155475153085e-17       4.202269025403e-18       3.210747996782e-19 
 3471       1.140843480432e-12       4.527671008216e-14      -3.068873593519e-14       0.000000000000e+00       3.151185323995e-17       4.196900048596e-18       3.191314573763e-19 
 3472       1.136133007619e-12       4.534055544437e-14      -3.080579518677e-14       0.000000000000e+00       3.146902129206e-17       4.192049982826e-18       3.170370568494e-19 
 3473       1.131464912702e-12       4.540342884577e-14      -3.093323339708e-14       0.000000000000e+00       3.142625558192e-17       4.187673523406e-18       3.148043331970e-19 
 3474       1.126839304875e-12       4.546528489417e-14      -3.107084749128e-14       0.000000000000e+00       3.138355600374e-17       4.183725259724e-18       3.124460512999e-19 
 3475       1.122256293450e-12       4.552607809587e-14      -3.121843389614e-14       0.000000000000e+00       3.134092245115e-17       4.180159675170e-18       3.099750058417e-19 
 3476       1.117715987847e-12       4.558576285556e-14      -3.137578853968e-14       0.000000000000e+00       3.129835481722e-17       4.176931147057e-18       3.074040213306e-19 
 3477       1.113218497603e-12       4.564429347628e-14      -3.154270685084e-14       0.000000000000e+00       3.125585299443e-17       4.173993946543e-18       3.047459521206e-19 
 3478       1.108763932368e-12       4.570162415931e-14      -3.171898375909e-14       0.000000000000e+00       3.121341687473e-17       4.171302238558e-18       3.020136824334e-19 
 3479       1.104352401904e-12       4.575770900415e-14      -3.190441369405e-14       0.000000000000e+00       3.117104634947e-17       4.168810081724e-18       2.992201263796e-19 
 3480       1.099984016087e-12       4.581250200839e-14      -3.209879058516e-14       0.000000000000e+00       3.112874130945e-17       4.166471428280e-18       2.963782279803e-19 
 3481       1.095658884908e-12       4.586595706768e-14      -3.230190786128e-14       0.000000000000e+00       3.108650164490e-17       4.164240124005e-18       2.935009611891e-19 
 3482       1.091377118470e-12       4.591802797565e-14      -3.251355845035e-14       0.000000000000e+00       3.104432724547e-17       4.162069908142e-18       2.906013299129e-19 
 3483       1.087138826990e-12       4.596866842380e-14      -3.273353477899e-14       0.000000000000e+00       3.100221800026e-17       4.159914413322e-18       2.876923680340e-19 
 3484       1.082944120798e-12       4.601783200149e-14      -3.296162877217e-14       0.000000000000e+00       3.096017379778e-17       4.157727165483e-18       2.847871394313e-19 
 3485       1.078793110340e-12       4.606547219583e-14      -3.319763185285e-14       0.000000000000e+00       3.091819452597e-17       4.155461583800e-18       2.818987380020e-19 
 3486       1.074685906174e-12       4.611154239160e-14      -3.344133494156e-14       0.000000000000e+00       3.087628007223e-17       4.153070980604e-18       2.790402876834e-19 
 3487       1.070622618973e-12       4.615599587120e-14      -3.369252845609e-14       0.000000000000e+00       3.083443032335e-17       4.150508561306e-18       2.762249424737e-19 
 3488       1.066603359521e-12       4.619878581457e-14      -3.395100231110e-14       0.000000000000e+00       3.079264516556e-17       4.147727424322e-18       2.734658864543e-19 
 3489       1.062628238719e-12       4.623986529911e-14      -3.421654591775e-14       0.000000000000e+00       3.075092448453e-17       4.144680560995e-18       2.707763338110e-19 
 3490       1.058697367582e-12       4.627918729963e-14      -3.448894818335e-14       0.000000000000e+00       3.070926816535e-17       4.141320855518e-18       2.681695288554e-19 
 3491       1.054810857237e-12       4.631670468824e-14      -3.476799751098e-14       0.000000000000e+00       3.066767609252e-17       4.137601084858e-18       2.656587460469e-19 
 3492       1.050968818927e-12       4.635237023432e-14      -3.505348179912e-14       0.000000000000e+00       3.062614815000e-17       4.133473918681e-18       2.632572900136e-19 
 3493       1.047171364007e-12       4.638613660442e-14      -3.534518844132e-14       0.000000000000e+00       3.058468422115e-17       4.128891919273e-18       2.609784955745e-19 
 3494       1.043418603948e-12       4.641795636219e-14      -3.564290432577e-14       0.000000000000e+00       3.054328418875e-17       4.123807541465e-18       2.588357277605e-19 
 3495       1.039710650335e-12       4.644778196831e-14      -3.594641583502e-14       0.000000000000e+00       3.050194793503e-17       4.118173132553e-18       2.568423818363e-19 
 3496       1.036047614866e-12       4.647556578044e-14      -3.625550884551e-14       0.000000000000e+00       3.046067534162e-17       4.111940932228e-18       2.550118833217e-19 
 3497       1.032429609356e-12       4.650126005310e-14      -3.656996872731e-14       0.000000000000e+00       3.041946628960e-17       4.105063072493e-18       2.533576880133e-19 
 3498       1.028856745730e-12       4.652481693766e-14      -3.688958034367e-14       0.000000000000e+00       3.037832065943e-17       4.097491577589e-18       2.518932820059e-19 
 3499       1.025329136031e-12       4.654618848221e-14      -3.721412805071e-14       0.000000000000e+00       3.033723833104e-17       4.089178363920e-18       2.506321817142e-19 
 3500       1.021846892416e-12       4.656532663152e-14      -3.754339569702e-14       0.000000000000e+00       3.029621918376e-17       4.080075239973e-18       2.495879338942e-19 
 3501       1.018410127156e-12       4.658218322694e-14      -3.787716662330e-14       0.000000000000e+00       3.025526309633e-17       4.070133906244e-18       2.487741156648e-19 
 3502       1.015018952635e-12       4.659671000638e-14      -3.821522366202e-14       0.000000000000e+00       3.021436994694e-17       4.059305955159e-18       2.482043345294e-19 
 3503       1.011673481355e-12       4.660885860418e-14      -3.855734913702e-14       0.000000000000e+00       3.017353961317e-17       4.047542871001e-18       2.478922283972e-19 
 3504       1.008373825928e-12       4.661858055107e-14      -3.890332486316e-14       0.000000000000e+00       3.013277197204e-17       4.034796029830e-18       2.478514656050e-19 
 3505       1.005120099086e-12       4.662582727408e-14      -3.925293214597e-14       0.000000000000e+00       3.009206689998e-17       4.021016699407e-18       2.480957449386e-19 
 3506       1.001912413671e-12       4.663055009651e-14      -3.960595178124e-14       0.000000000000e+00       3.005142427285e-17       4.006156039120e-18       2.486387956546e-19 
 3507       9.987508826435e-13       4.663270023778e-14      -3.996216405469e-14       0.000000000000e+00       3.001084396591e-17       3.990165099904e-18       2.494943775013e-19 
 3508       9.956355375937e-13       4.663223682664e-14      -4.032135424334e-14       0.000000000000e+00       2.997032585886e-17       3.973014417773e-18       2.506705604765e-19 
 3509       9.925660839274e-13       4.662915097718e-14      -4.068332914539e-14       0.000000000000e+00       2.992986985083e-17       3.954752883923e-18       2.521525379642e-19 
 3510       9.895421446603e-13       4.662344181320e-14      -4.104790061864e-14       0.000000000000e+00       2.988947584541e-17       3.935449120319e-18       2.539197418680e-19 
 3511       9.865633418069e-13       4.661510846412e-14      -4.141488008468e-14       0.000000000000e+00       2.984914374571e-17       3.915171908536e-18       2.559515563209e-19 
 3512       9.836292963801e-13       4.660415006499e-14      -4.178407852862e-14       0.000000000000e+00       2.980887345429e-17       3.893990189871e-18       2.582273176516e-19 
 3513       9.807396283900e-13       4.659056575653e-14      -4.215530649876e-14       0.000000000000e+00       2.976866487321e-17       3.871973065460e-18       2.607263143500e-19 
 3514       9.778939568436e-13       4.657435468507e-14      -4.252837410626e-14       0.000000000000e+00       2.972851790403e-17       3.849189796390e-18       2.634277870332e-19 
 3515       9.750918997437e-13       4.655551600262e-14      -4.290309102485e-14       0.000000000000e+00       2.968843244776e-17       3.825709803816e-18       2.663109284112e-19 
 3516       9.723330740882e-13       4.653404886683e-14      -4.327926649052e-14       0.000000000000e+00       2.964840840492e-17       3.801602669072e-18       2.693548832524e-19 
 3517       9.696170958698e-13       4.650995244104e-14      -4.365670930120e-14       0.000000000000e+00       2.960844567549e-17       3.776938133790e-18       2.725387483498e-19 
 3518       9.669435800745e-13       4.648322589424e-14      -4.403522781643e-14       0.000000000000e+00       2.956854415896e-17       3.751786100009e-18       2.758415724866e-19 
 3519       9.643121406815e-13       4.645386840109e-14      -4.441462995707e-14       0.000000000000e+00       2.952870375427e-17       3.726216630294e-18       2.792423564017e-19 
 3520       9.617223906621e-13       4.642187914197e-14      -4.479472320501e-14       0.000000000000e+00       2.948892435987e-17       3.700299947848e-18       2.827200527561e-19 
 3521       9.591739419791e-13       4.638725730290e-14      -4.517531460279e-14       0.000000000000e+00       2.944920587366e-17       3.674106436628e-18       2.862535660979e-19 
 3522       9.566664055859e-13       4.635000207563e-14      -4.555621075335e-14       0.000000000000e+00       2.940954819305e-17       3.647706641457e-18       2.898217528288e-19 
 3523       9.541993914259e-13       4.631011265759e-14      -4.593721781970e-14       0.000000000000e+00       2.936995121491e-17       3.621171268140e-18       2.934034211695e-19 
 3524       9.517725084319e-13       4.626758825193e-14      -4.631814152459e-14       0.000000000000e+00       2.933041483559e-17       3.594571183579e-18       2.969773311252e-19 
 3525       9.493853645250e-13       4.622242806749e-14      -4.669878715023e-14       0.000000000000e+00       2.929093895094e-17       3.567977415887e-18       3.005221944522e-19 
 3526       9.470375666139e-13       4.617463131886e-14      -4.707895953792e-14       0.000000000000e+00       2.925152345626e-17       3.541461154500e-18       3.040166746228e-19 
 3527       9.447287205945e-13       4.612419722632e-14      -4.745846308783e-14       0.000000000000e+00       2.921216824633e-17       3.515093750296e-18       3.074393867915e-19 
 3528       9.424584313487e-13       4.607112501590e-14      -4.783710175860e-14       0.000000000000e+00       2.917287321544e-17       3.488946715705e-18       3.107688977609e-19 
 3529       9.402263027442e-13       4.601541391936e-14      -4.821467906707e-14       0.000000000000e+00       2.913363825732e-17       3.463091724826e-18       3.139837259470e-19 
 3530       9.380319376330e-13       4.595706317418e-14      -4.859099808796e-14       0.000000000000e+00       2.909446326519e-17       3.437600613540e-18       3.170623413456e-19 
 3531       9.358749378515e-13       4.589607202363e-14      -4.896586145357e-14       0.000000000000e+00       2.905534813175e-17       3.412545379627e-18       3.199831654975e-19 
 3532       9.337549042189e-13       4.583243971670e-14      -4.933907135343e-14       0.000000000000e+00       2.901629274918e-17       3.387998182876e-18       3.227245714547e-19 
 3533       9.316714365374e-13       4.576616550813e-14      -4.971042953403e-14       0.000000000000e+00       2.897729700911e-17       3.364031345203e-18       3.252648837457e-19 
 3534       9.296241335904e-13       4.569724865845e-14      -5.007973729849e-14       0.000000000000e+00       2.893836080266e-17       3.340717350764e-18       3.275823783418e-19 
 3535       9.276125931427e-13       4.562568843395e-14      -5.044679550626e-14       0.000000000000e+00       2.889948402045e-17       3.318128846071e-18       3.296552826226e-19 
 3536       9.256364119390e-13       4.555148410669e-14      -5.081140457278e-14       0.000000000000e+00       2.886066655253e-17       3.296338640104e-18       3.314617753418e-19 
 3537       9.236951857039e-13       4.547463495452e-14      -5.117336446918e-14       0.000000000000e+00       2.882190828844e-17       3.275419704425e-18       3.329799865929e-19 
 3538       9.217885091405e-13       4.539514026106e-14      -5.153247472199e-14       0.000000000000e+00       2.878320911721e-17       3.255445173297e-18       3.341879977752e-19 
 3539       9.199159759297e-13       4.531299931574e-14      -5.188853441280e-14       0.000000000000e+00       2.874456892731e-17       3.236488343792e-18       3.350638415594e-19 
 3540       9.180771787302e-13       4.522821141379e-14      -5.224134217795e-14       0.000000000000e+00       2.870598760672e-17       3.218622675912e-18       3.355855018533e-19 
 3541       9.162717091766e-13       4.514077585623e-14      -5.259069620826e-14       0.000000000000e+00       2.866746504286e-17       3.201921792699e-18       3.357309137677e-19 
 3542       9.144991578797e-13       4.505069194990e-14      -5.293639424863e-14       0.000000000000e+00       2.862900112262e-17       3.186459480348e-18       3.354779635823e-19 
 3543       9.127591144250e-13       4.495795900745e-14      -5.327823359782e-14       0.000000000000e+00       2.859059573240e-17       3.172309688327e-18       3.348044887112e-19 
 3544       9.110511673726e-13       4.486257634736e-14      -5.361601110810e-14       0.000000000000e+00       2.855224875802e-17       3.159546529488e-18       3.336882776688e-19 
 3545       9.093749042559e-13       4.476454329393e-14      -5.394952318490e-14       0.000000000000e+00       2.851396008480e-17       3.148244280180e-18       3.321070700357e-19 
 3546       9.077299115810e-13       4.466385917730e-14      -5.427856578658e-14       0.000000000000e+00       2.847572959752e-17       3.138477380367e-18       3.300385564241e-19 
 3547       9.061157484926e-13       4.456052914684e-14      -5.460295468351e-14       0.000000000000e+00       2.843755718500e-17       3.130299089766e-18       3.274681003106e-19 
 3548       9.045318676539e-13       4.445458163752e-14      -5.492258632762e-14       0.000000000000e+00       2.839944275384e-17       3.123677359760e-18       3.244119384325e-19 
 3549       9.029776940383e-13       4.434605097572e-14      -5.523737723364e-14       0.000000000000e+00       2.836138621473e-17       3.118558696857e-18       3.208940761446e-19 
 3550       9.014526512322e-13       4.423497157240e-14      -5.554724374240e-14       0.000000000000e+00       2.832338747789e-17       3.114889482509e-18       3.169385742964e-19 
 3551       8.999561614342e-13       4.412137792320e-14      -5.585210202064e-14       0.000000000000e+00       2.828544645307e-17       3.112615973028e-18       3.125695492715e-19 
 3552       8.984876454538e-13       4.400530460848e-14      -5.615186806096e-14       0.000000000000e+00       2.824756304955e-17       3.111684299496e-18       3.078111730268e-19 
 3553       8.970465227108e-13       4.388678629338e-14      -5.644645768166e-14       0.000000000000e+00       2.820973717612e-17       3.112040467671e-18       3.026876731321e-19 
 3554       8.956322112338e-13       4.376585772791e-14      -5.673578652663e-14       0.000000000000e+00       2.817196874114e-17       3.113630357906e-18       2.972233328098e-19 
 3555       8.942441276597e-13       4.364255374697e-14      -5.701977006525e-14       0.000000000000e+00       2.813425765245e-17       3.116399725052e-18       2.914424909736e-19 
 3556       8.928816872323e-13       4.351690927044e-14      -5.729832359222e-14       0.000000000000e+00       2.809660381744e-17       3.120294198375e-18       2.853695422686e-19 
 3557       8.915443038017e-13       4.338895930325e-14      -5.757136222752e-14       0.000000000000e+00       2.805900714303e-17       3.125259281463e-18       2.790289371101e-19 
 3558       8.902313898228e-13       4.325873893539e-14      -5.783880091620e-14       0.000000000000e+00       2.802146753567e-17       3.131240352139e-18       2.724451817237e-19 
 3559       8.889423563548e-13       4.312628334204e-14      -5.810055442833e-14       0.000000000000e+00       2.798398490130e-17       3.138182662371e-18       2.656428381839e-19 
 3560       8.876766130598e-13       4.299162778357e-14      -5.835653735887e-14       0.000000000000e+00       2.794655914543e-17       3.146031338182e-18       2.586465244542e-19 
 3561       8.864335682022e-13       4.285480760564e-14      -5.860666412751e-14       0.000000000000e+00       2.790919017308e-17       3.154731379563e-18       2.514809144261e-19 
 3562       8.852126286473e-13       4.271585823925e-14      -5.885084897859e-14       0.000000000000e+00       2.787187788877e-17       3.164227660382e-18       2.441707379587e-19 
 3563       8.840131998606e-13       4.257481520080e-14      -5.908900598099e-14       0.000000000000e+00       2.783462219658e-17       3.174464928297e-18       2.367407809179e-19 
 3564       8.828346859065e-13       4.243171409215e-14      -5.932104902796e-14       0.000000000000e+00       2.779742300009e-17       3.185387804663e-18       2.292158852162e-19 
 3565       8.816764894478e-13       4.228659060068e-14      -5.954689183705e-14       0.000000000000e+00       2.776028020241e-17       3.196940784449e-18       2.216209488515e-19 
 3566       8.805380117442e-13       4.213948049937e-14      -5.976644794998e-14       0.000000000000e+00       2.772319370618e-17       3.209068236141e-18       2.139809259471e-19 
 3567       8.794186526513e-13       4.199041964682e-14      -5.997963073250e-14       0.000000000000e+00       2.768616341356e-17       3.221714401661e-18       2.063208267908e-19 
 3568       8.783178106203e-13       4.183944398736e-14      -6.018635337428e-14       0.000000000000e+00       2.764918922621e-17       3.234823396271e-18       1.986657178742e-19 
 3569       8.772348826959e-13       4.168658955107e-14      -6.038652888881e-14       0.000000000000e+00       2.761227104535e-17       3.248339208490e-18       1.910407219324e-19 
 3570       8.761692645164e-13       4.153189245387e-14      -6.058007011327e-14       0.000000000000e+00       2.757540877168e-17       3.262205699999e-18       1.834710179833e-19 
 3571       8.751203503119e-13       4.137538889758e-14      -6.076688970839e-14       0.000000000000e+00       2.753860230546e-17       3.276366605557e-18       1.759818413670e-19 
 3572       8.740875329037e-13       4.121711516994e-14      -6.094690015837e-14       0.000000000000e+00       2.750185154644e-17       3.290765532908e-18       1.685984837848e-19 
 3573       8.730702037031e-13       4.105710764474e-14      -6.112001377073e-14       0.000000000000e+00       2.746515639391e-17       3.305345962693e-18       1.613462933396e-19 
 3574       8.720677527107e-13       4.089540278182e-14      -6.128614267618e-14       0.000000000000e+00       2.742851674666e-17       3.320051248364e-18       1.542506745741e-19 
 3575       8.710795685151e-13       4.073203712717e-14      -6.144519882856e-14       0.000000000000e+00       2.739193250302e-17       3.334824616089e-18       1.473370885111e-19 
 3576       8.701050382918e-13       4.056704731296e-14      -6.159709400466e-14       0.000000000000e+00       2.735540356082e-17       3.349609164669e-18       1.406310526925e-19 
 3577       8.691435478028e-13       4.040047005763e-14      -6.174173980413e-14       0.000000000000e+00       2.731892981743e-17       3.364347865444e-18       1.341581412189e-19 
 3578       8.681944813949e-13       4.023234216593e-14      -6.187904764934e-14       0.000000000000e+00       2.728251116971e-17       3.378983562207e-18       1.279439847888e-19 
 3579       8.672572219991e-13       4.006270052902e-14      -6.200892878530e-14       0.000000000000e+00       2.724614751406e-17       3.393458971113e-18       1.220142707380e-19 
 3580       8.663311511296e-13       3.989158212446e-14      -6.213129427949e-14       0.000000000000e+00       2.720983874639e-17       3.407716680590e-18       1.163947430794e-19 
 3581       8.654156488825e-13       3.971902401633e-14      -6.224605502180e-14       0.000000000000e+00       2.717358476212e-17       3.421699151254e-18       1.111112025419e-19 
 3582       8.645100939353e-13       3.954506335529e-14      -6.235312172433e-14       0.000000000000e+00       2.713738545620e-17       3.435348715811e-18       1.061895066101e-19 
 3583       8.636138635453e-13       3.936973737860e-14      -6.245240492138e-14       0.000000000000e+00       2.710124072308e-17       3.448607578978e-18       1.016555695636e-19 
 3584       8.627263335493e-13       3.919308341023e-14      -6.254381496921e-14       0.000000000000e+00       2.706515045674e-17       3.461417817387e-18       9.753536251632e-20 
 3585       8.618468783617e-13       3.901513886087e-14      -6.262726204603e-14       0.000000000000e+00       2.702911455066e-17       3.473721379499e-18       9.385491345623e-20 
 3586       8.609749010847e-13       3.883594240749e-14      -6.270267773354e-14       0.000000000000e+00       2.699313290204e-17       3.485470335200e-18       9.063290160486e-20 
 3587       8.601099239714e-13       3.865553753693e-14      -6.277007985837e-14       0.000000000000e+00       2.695720542427e-17       3.496657670513e-18       8.785840737559e-20 
 3588       8.592514983298e-13       3.847396901687e-14      -6.282950791532e-14       0.000000000000e+00       2.692133203454e-17       3.507286618513e-18       8.551307159599e-20 
 3589       8.583991744455e-13       3.829128171781e-14      -6.288100150980e-14       0.000000000000e+00       2.688551264957e-17       3.517360421078e-18       8.357849290048e-20 
 3590       8.575525015809e-13       3.810752061309e-14      -6.292460035788e-14       0.000000000000e+00       2.684974718566e-17       3.526882328894e-18       8.203622770061e-20 
 3591       8.567110279747e-13       3.792273077902e-14      -6.296034428635e-14       0.000000000000e+00       2.681403555869e-17       3.535855601461e-18       8.086779015542e-20 
 3592       8.558743008406e-13       3.773695739488e-14      -6.298827323288e-14       0.000000000000e+00       2.677837768408e-17       3.544283507100e-18       8.005465214172e-20 
 3593       8.550418663674e-13       3.755024574309e-14      -6.300842724604e-14       0.000000000000e+00       2.674277347686e-17       3.552169322960e-18       7.957824322444e-20 
 3594       8.542132697176e-13       3.736264120917e-14      -6.302084648537e-14       0.000000000000e+00       2.670722285158e-17       3.559516335025e-18       7.941995062692e-20 
 3595       8.533880550271e-13       3.717418928192e-14      -6.302557122152e-14       0.000000000000e+00       2.667172572239e-17       3.566327838116e-18       7.956111920123e-20 
 3596       8.525657654042e-13       3.698493555340e-14      -6.302264183631e-14       0.000000000000e+00       2.663628200301e-17       3.572607135905e-18       7.998305139852e-20 
 3597       8.517459429291e-13       3.679492571907e-14      -6.301209882278e-14       0.000000000000e+00       2.660089160669e-17       3.578357540915e-18       8.066700723926e-20 
 3598       8.509281286531e-13       3.660420557782e-14      -6.299398278530e-14       0.000000000000e+00       2.656555444629e-17       3.583582374531e-18       8.159420428366e-20 
 3599       8.501118625977e-13       3.641282103207e-14      -6.296833443966e-14       0.000000000000e+00       2.653027043421e-17       3.588284967002e-18       8.274581760190e-20 
 3600       8.492966837544e-13       3.622081808783e-14      -6.293519461314e-14       0.000000000000e+00       2.649503948241e-17       3.592468657452e-18       8.410297974449e-20 
 3601       8.484821300833e-13       3.602824285476e-14      -6.289460424460e-14       0.000000000000e+00       2.645986150243e-17       3.596136793885e-18       8.564678071255e-20 
 3602       8.476677385130e-13       3.583514154626e-14      -6.284660438453e-14       0.000000000000e+00       2.642473640538e-17       3.599292733189e-18       8.735826792818e-20 
 3603       8.468530449393e-13       3.564156047955e-14      -6.279123619518e-14       0.000000000000e+00       2.638966410192e-17       3.601939841147e-18       8.921844620475e-20 
 3604       8.460375842251e-13       3.544754607571e-14      -6.272854095063e-14       0.000000000000e+00       2.635464450227e-17       3.604081492438e-18       9.120827771718e-20 
 3605       8.452208901991e-13       3.525314485979e-14      -6.265856003683e-14       0.000000000000e+00       2.631967751623e-17       3.605721070649e-18       9.330868197232e-20 
 3606       8.444024956556e-13       3.505840346085e-14      -6.258133495175e-14       0.000000000000e+00       2.628476305314e-17       3.606861968278e-18       9.550053577922e-20 
 3607       8.435819323534e-13       3.486336861205e-14      -6.249690730540e-14       0.000000000000e+00       2.624990102194e-17       3.607507586742e-18       9.776467321948e-20 
 3608       8.427587310152e-13       3.466808715071e-14      -6.240531881996e-14       0.000000000000e+00       2.621509133109e-17       3.607661336384e-18       1.000818856175e-19 
 3609       8.419324213269e-13       3.447260601842e-14      -6.230661132982e-14       0.000000000000e+00       2.618033388865e-17       3.607326636476e-18       1.024329215110e-19 
 3610       8.411025319369e-13       3.427697226104e-14      -6.220082678171e-14       0.000000000000e+00       2.614562860220e-17       3.606506915231e-18       1.047984866209e-19 
 3611       8.402685904555e-13       3.408123302885e-14      -6.208800723475e-14       0.000000000000e+00       2.611097537892e-17       3.605205609804e-18       1.071592438222e-19 
 3612       8.394301234538e-13       3.388543557657e-14      -6.196819486051e-14       0.000000000000e+00       2.607637412553e-17       3.603426166303e-18       1.094958131138e-19 
 3613       8.385866564635e-13       3.368962726346e-14      -6.184143194317e-14       0.000000000000e+00       2.604182474832e-17       3.601172039792e-18       1.117887715893e-19 
 3614       8.377377139756e-13       3.349385555337e-14      -6.170776087950e-14       0.000000000000e+00       2.600732715312e-17       3.598446694301e-18       1.140186534067e-19 
 3615       8.368828194403e-13       3.329816801483e-14      -6.156722417905e-14       0.000000000000e+00       2.597288124536e-17       3.595253602829e-18       1.161659497593e-19 
 3616       8.360214952657e-13       3.310261232111e-14      -6.141986446413e-14       0.000000000000e+00       2.593848692998e-17       3.591596247352e-18       1.182111088457e-19 
 3617       8.351532628175e-13       3.290723625032e-14      -6.126572446997e-14       0.000000000000e+00       2.590414411153e-17       3.587478118832e-18       1.201345358403e-19 
 3618       8.342776424183e-13       3.271208768543e-14      -6.110484704476e-14       0.000000000000e+00       2.586985269406e-17       3.582902717217e-18       1.219165928634e-19 
 3619       8.333941533464e-13       3.251721461440e-14      -6.093727514974e-14       0.000000000000e+00       2.583561258124e-17       3.577873551456e-18       1.235375989515e-19 
 3620       8.325023138357e-13       3.232266513020e-14      -6.076305185931e-14       0.000000000000e+00       2.580142367625e-17       3.572394139497e-18       1.249778300281e-19 
 3621       8.316016410744e-13       3.212848743094e-14      -6.058222036107e-14       0.000000000000e+00       2.576728588185e-17       3.566468008301e-18       1.262175188734e-19 
 3622       8.306916512048e-13       3.193472981988e-14      -6.039482395592e-14       0.000000000000e+00       2.573319910036e-17       3.560098693844e-18       1.272368550950e-19 
 3623       8.297718593222e-13       3.174144070554e-14      -6.020090605815e-14       0.000000000000e+00       2.569916323364e-17       3.553289741123e-18       1.280159850979e-19 
 3624       8.288417794745e-13       3.154866860177e-14      -6.000051019551e-14       0.000000000000e+00       2.566517818313e-17       3.546044704167e-18       1.285350120552e-19 
 3625       8.279009833613e-13       3.135645906539e-14      -5.979369176676e-14       0.000000000000e+00       2.563124385362e-17       3.538372711856e-18       1.287785451059e-19 
 3626       8.269492766922e-13       3.116484549547e-14      -5.958055336594e-14       0.000000000000e+00       2.559736016483e-17       3.530305189948e-18       1.287493670877e-19 
 3627       8.259865235400e-13       3.097385829702e-14      -5.936120960102e-14       0.000000000000e+00       2.556352703989e-17       3.521879206651e-18       1.284548219817e-19 
 3628       8.250125877053e-13       3.078352794006e-14      -5.913577534958e-14       0.000000000000e+00       2.552974440153e-17       3.513131912995e-18       1.279022707143e-19 
 3629       8.240273327157e-13       3.059388495968e-14      -5.890436575904e-14       0.000000000000e+00       2.549601217210e-17       3.504100542893e-18       1.270990911693e-19 
 3630       8.230306218262e-13       3.040495995610e-14      -5.866709624682e-14       0.000000000000e+00       2.546233027356e-17       3.494822413201e-18       1.260526781994e-19 
 3631       8.220223180190e-13       3.021678359468e-14      -5.842408250055e-14       0.000000000000e+00       2.542869862744e-17       3.485334923769e-18       1.247704436384e-19 
 3632       8.210022840028e-13       3.002938660597e-14      -5.817544047824e-14       0.000000000000e+00       2.539511715493e-17       3.475675557503e-18       1.232598163126e-19 
 3633       8.199703822134e-13       2.984279978580e-14      -5.792128640846e-14       0.000000000000e+00       2.536158577676e-17       3.465881880421e-18       1.215282420532e-19 
 3634       8.189264748126e-13       2.965705399525e-14      -5.766173679059e-14       0.000000000000e+00       2.532810441332e-17       3.455991541710e-18       1.195831837077e-19 
 3635       8.178704236891e-13       2.947218016075e-14      -5.739690839493e-14       0.000000000000e+00       2.529467298457e-17       3.446042273783e-18       1.174321211519e-19 
 3636       8.168020904572e-13       2.928820927413e-14      -5.712691826294e-14       0.000000000000e+00       2.526129141008e-17       3.436071892338e-18       1.150825513018e-19 
 3637       8.157213364574e-13       2.910517239259e-14      -5.685188370743e-14       0.000000000000e+00       2.522795960903e-17       3.426118296414e-18       1.125419881254e-19 
 3638       8.146280227559e-13       2.892310063886e-14      -5.657192231271e-14       0.000000000000e+00       2.519467750019e-17       3.416219468448e-18       1.098179626546e-19 
 3639       8.135220101446e-13       2.874202520112e-14      -5.628715193482e-14       0.000000000000e+00       2.516144500195e-17       3.406413474334e-18       1.069180229970e-19 
 3640       8.124031591407e-13       2.856197733314e-14      -5.599769070171e-14       0.000000000000e+00       2.512826203228e-17       3.396738463476e-18       1.038497343476e-19 
 3641       8.112713299865e-13       2.838298835429e-14      -5.570365701343e-14       0.000000000000e+00       2.509512850878e-17       3.387232668854e-18       1.006206790010e-19 
 3642       8.101263826497e-13       2.820508964957e-14      -5.540516954228e-14       0.000000000000e+00       2.506204434861e-17       3.377934407070e-18       9.723845636285e-20 
 3643       8.089681768224e-13       2.802831266966e-14      -5.510234723308e-14       0.000000000000e+00       2.502900946857e-17       3.368882078414e-18       9.371068296212e-20 
 3644       8.077965719218e-13       2.785268893101e-14      -5.479530930329e-14       0.000000000000e+00       2.499602378505e-17       3.360114166919e-18       9.004499246258e-20 
 3645       8.066114270893e-13       2.767825001580e-14      -5.448417524322e-14       0.000000000000e+00       2.496308721401e-17       3.351669240417e-18       8.624903567481e-20 
 3646       8.054126011908e-13       2.750502757206e-14      -5.416906481623e-14       0.000000000000e+00       2.493019967106e-17       3.343585950596e-18       8.233048056807e-20 
 3647       8.041999528161e-13       2.733305331367e-14      -5.385009805892e-14       0.000000000000e+00       2.489736107136e-17       3.335903033059e-18       7.829701228208e-20 
 3648       8.029733402792e-13       2.716235902044e-14      -5.352739528129e-14       0.000000000000e+00       2.486457132971e-17       3.328659307382e-18       7.415633313890e-20 
 3649       8.017326216178e-13       2.699297653810e-14      -5.320107706699e-14       0.000000000000e+00       2.483183036049e-17       3.321893677169e-18       6.991616265478e-20 
 3650       8.004776545930e-13       2.682493777841e-14      -5.287126427343e-14       0.000000000000e+00       2.479913807767e-17       3.315645130110e-18       6.558423755203e-20 
 3651       7.992082966896e-13       2.665827471916e-14      -5.253807803204e-14       0.000000000000e+00       2.476649439483e-17       3.309952738038e-18       6.116831177082e-20 
 3652       7.979244051154e-13       2.649301940421e-14      -5.220163974841e-14       0.000000000000e+00       2.473389922515e-17       3.304855656989e-18       5.667615648104e-20 
 3653       7.966258368013e-13       2.632920394358e-14      -5.186207110252e-14       0.000000000000e+00       2.470135248140e-17       3.300393127256e-18       5.211556009419e-20 
 3654       7.953124484011e-13       2.616686051345e-14      -5.151949404890e-14       0.000000000000e+00       2.466885407595e-17       3.296604473448e-18       4.749432827519e-20 
 3655       7.939840962912e-13       2.600602135621e-14      -5.117403081682e-14       0.000000000000e+00       2.463640392076e-17       3.293529104546e-18       4.282028395422e-20 
 3656       7.926406365707e-13       2.584671878053e-14      -5.082580391052e-14       0.000000000000e+00       2.460400192740e-17       3.291206513962e-18       3.810126733862e-20 
 3657       7.912819250606e-13       2.568898516139e-14      -5.047493610933e-14       0.000000000000e+00       2.457164800702e-17       3.289676279596e-18       3.334513592466e-20 
 3658       7.899078173045e-13       2.553285294010e-14      -5.012155046793e-14       0.000000000000e+00       2.453934207038e-17       3.288978063891e-18       2.855976450948e-20 
 3659       7.885181685677e-13       2.537835462438e-14      -4.976577031649e-14       0.000000000000e+00       2.450708402783e-17       3.289151613895e-18       2.375304520285e-20 
 3660       7.871128338372e-13       2.522552278839e-14      -4.940771926089e-14       0.000000000000e+00       2.447487378931e-17       3.290236761313e-18       1.893288743909e-20 
 3661       7.856916678218e-13       2.507439007278e-14      -4.904752118288e-14       0.000000000000e+00       2.444271126437e-17       3.292273422567e-18       1.410721798887e-20 
 3662       7.842545249515e-13       2.492498918473e-14      -4.868530024030e-14       0.000000000000e+00       2.441059636212e-17       3.295301598856e-18       9.283980971080e-21 
 3663       7.828012593778e-13       2.477735289797e-14      -4.832118086725e-14       0.000000000000e+00       2.437852899131e-17       3.299361376206e-18       4.471137864684e-21 
 3664       7.813317768579e-13       2.463150922263e-14      -4.795528593267e-14       0.000000000000e+00       2.434650906376e-17       3.304478518517e-18      -3.237133015138e-22 
 3665       7.798461906373e-13       2.448746689332e-14      -4.758773120756e-14       0.000000000000e+00       2.431453650500e-17       3.310621183652e-18      -5.094482066171e-21 
 3666       7.783446661904e-13       2.434522982312e-14      -4.721863087601e-14       0.000000000000e+00       2.428261124368e-17       3.317743034389e-18      -9.835445969118e-21 
 3667       7.768273693924e-13       2.420480192849e-14      -4.684809937496e-14       0.000000000000e+00       2.425073320812e-17       3.325797629649e-18      -1.454087013643e-20 
 3668       7.752944665198e-13       2.406618712931e-14      -4.647625139445e-14       0.000000000000e+00       2.421890232625e-17       3.334738424426e-18      -1.920500727197e-20 
 3669       7.737461242504e-13       2.392938934888e-14      -4.610320187768e-14       0.000000000000e+00       2.418711852566e-17       3.344518769711e-18      -2.382209764897e-20 
 3670       7.721825096637e-13       2.379441251391e-14      -4.572906602130e-14       0.000000000000e+00       2.415538173356e-17       3.355091912424e-18      -2.838636910155e-20 
 3671       7.706037902412e-13       2.366126055454e-14      -4.535395927550e-14       0.000000000000e+00       2.412369187681e-17       3.366410995342e-18      -3.289203701629e-20 
 3672       7.690101338669e-13       2.352993740429e-14      -4.497799734421e-14       0.000000000000e+00       2.409204888191e-17       3.378429057024e-18      -3.733330432379e-20 
 3673       7.674017088269e-13       2.340044700015e-14      -4.460129618529e-14       0.000000000000e+00       2.406045267499e-17       3.391099031747e-18      -4.170436149022e-20 
 3674       7.657786838106e-13       2.327279328248e-14      -4.422397201068e-14       0.000000000000e+00       2.402890318180e-17       3.404373749428e-18      -4.599938650888e-20 
 3675       7.641412279103e-13       2.314698019510e-14      -4.384614128657e-14       0.000000000000e+00       2.399740032777e-17       3.418205935555e-18      -5.021254489174e-20 
 3676       7.624895106215e-13       2.302301168524e-14      -4.346792073360e-14       0.000000000000e+00       2.396594403792e-17       3.432548211115e-18      -5.433798966101e-20 
 3677       7.608237018439e-13       2.290089170353e-14      -4.308942732702e-14       0.000000000000e+00       2.393453423693e-17       3.447353092524e-18      -5.836986134067e-20 
 3678       7.591439718806e-13       2.278062420406e-14      -4.271077829684e-14       0.000000000000e+00       2.390317084911e-17       3.462572991554e-18      -6.230228794807e-20 
 3679       7.574504914393e-13       2.266221314432e-14      -4.233209112804e-14       0.000000000000e+00       2.387185379841e-17       3.478160215261e-18      -6.612938498544e-20 
 3680       7.557434316322e-13       2.254566248524e-14      -4.195348356072e-14       0.000000000000e+00       2.384058300842e-17       3.494066965917e-18      -6.984525543147e-20 
 3681       7.540229639761e-13       2.243097619116e-14      -4.157507359030e-14       0.000000000000e+00       2.380935840233e-17       3.510245340933e-18      -7.344398973286e-20 
 3682       7.522892603931e-13       2.231815822987e-14      -4.119697946763e-14       0.000000000000e+00       2.377817990301e-17       3.526647332796e-18      -7.691966579585e-20 
 3683       7.505424932107e-13       2.220721257259e-14      -4.081931969925e-14       0.000000000000e+00       2.374704743293e-17       3.543224828986e-18      -8.026634897782e-20 
 3684       7.487828351618e-13       2.209814319394e-14      -4.044221304749e-14       0.000000000000e+00       2.371596091422e-17       3.559929611916e-18      -8.347809207882e-20 
 3685       7.470104593854e-13       2.199095407201e-14      -4.006577853070e-14       0.000000000000e+00       2.368492026862e-17       3.576713358852e-18      -8.654893533311e-20 
 3686       7.452255394268e-13       2.188564918830e-14      -3.969013542336e-14       0.000000000000e+00       2.365392541752e-17       3.593527641849e-18      -8.947290640074e-20 
 3687       7.434282492377e-13       2.178223252776e-14      -3.931540325632e-14       0.000000000000e+00       2.362297628192e-17       3.610323927672e-18      -9.224402035911e-20 
 3688       7.416187631766e-13       2.168070807875e-14      -3.894170181693e-14       0.000000000000e+00       2.359207278250e-17       3.627053577730e-18      -9.485627969447e-20 
 3689       7.397972560090e-13       2.158107983309e-14      -3.856915114922e-14       0.000000000000e+00       2.356121483951e-17       3.643667848002e-18      -9.730367429356e-20 
 3690       7.379639029078e-13       2.148335178603e-14      -3.819787155409e-14       0.000000000000e+00       2.353040237287e-17       3.660117888968e-18      -9.958018143510e-20 
 3691       7.361188794536e-13       2.138752793626e-14      -3.782798358946e-14       0.000000000000e+00       2.349963530213e-17       3.676354745534e-18      -1.016797657813e-19 
 3692       7.342623616348e-13       2.129361228591e-14      -3.745960807046e-14       0.000000000000e+00       2.346891354646e-17       3.692329356964e-18      -1.035963793697e-19 
 3693       7.323945258481e-13       2.120160884054e-14      -3.709286606961e-14       0.000000000000e+00       2.343823702467e-17       3.707992556806e-18      -1.053239616042e-19 
 3694       7.305155488985e-13       2.111152160918e-14      -3.672787891695e-14       0.000000000000e+00       2.340760565519e-17       3.723295072822e-18      -1.068564392471e-19 
 3695       7.286256080000e-13       2.102335460427e-14      -3.636476820027e-14       0.000000000000e+00       2.337701935610e-17       3.738187526917e-18      -1.081877264104e-19 
 3696       7.267248807753e-13       2.093711184171e-14      -3.600365576526e-14       0.000000000000e+00       2.334647804507e-17       3.752620435067e-18      -1.093117245475e-19 
 3697       7.248135452568e-13       2.085279734086e-14      -3.564466371566e-14       0.000000000000e+00       2.331598163945e-17       3.766544207246e-18      -1.102223224447e-19 
 3698       7.228917798863e-13       2.077041512449e-14      -3.528791441347e-14       0.000000000000e+00       2.328553005619e-17       3.779909147356e-18      -1.109133962126e-19 
 3699       7.209597635154e-13       2.068996921885e-14      -3.493353047909e-14       0.000000000000e+00       2.325512321187e-17       3.792665453157e-18      -1.113788092779e-19 
 3700       7.190176754061e-13       2.061146365364e-14      -3.458163479153e-14       0.000000000000e+00       2.322476102270e-17       3.804763216193e-18      -1.116124123749e-19 
 3701       7.170656952307e-13       2.053490246197e-14      -3.423235048855e-14       0.000000000000e+00       2.319444340453e-17       3.816152421723e-18      -1.116080435367e-19 
 3702       7.151040030722e-13       2.046028968046e-14      -3.388580096685e-14       0.000000000000e+00       2.316417027283e-17       3.826782948646e-18      -1.113595280875e-19 
 3703       7.131327995279e-13       2.038762554648e-14      -3.354209836546e-14       0.000000000000e+00       2.313394154592e-17       3.836617893062e-18      -1.108639877057e-19 
 3704       7.111523661071e-13       2.031689507389e-14      -3.320130896582e-14       0.000000000000e+00       2.310375715465e-17       3.845673596649e-18      -1.101317819301e-19 
 3705       7.091630050724e-13       2.024807943211e-14      -3.286348765514e-14       0.000000000000e+00       2.307361703279e-17       3.853979776508e-18      -1.091766059695e-19 
 3706       7.071650193596e-13       2.018115974471e-14      -3.252868943086e-14       0.000000000000e+00       2.304352111375e-17       3.861566215969e-18      -1.080121852239e-19 
 3707       7.051587125773e-13       2.011611708934e-14      -3.219696940067e-14       0.000000000000e+00       2.301346933062e-17       3.868462764632e-18      -1.066522753047e-19 
 3708       7.031443890079e-13       2.005293249769e-14      -3.186838278261e-14       0.000000000000e+00       2.298346161616e-17       3.874699338413e-18      -1.051106620556e-19 
 3709       7.011223536078e-13       1.999158695549e-14      -3.154298490515e-14       0.000000000000e+00       2.295349790279e-17       3.880305919593e-18      -1.034011615730e-19 
 3710       6.990929120079e-13       1.993206140245e-14      -3.122083120725e-14       0.000000000000e+00       2.292357812260e-17       3.885312556859e-18      -1.015376202262e-19 
 3711       6.970563705142e-13       1.987433673223e-14      -3.090197723842e-14       0.000000000000e+00       2.289370220736e-17       3.889749365349e-18      -9.953391467856e-20 
 3712       6.950130361079e-13       1.981839379243e-14      -3.058647865882e-14       0.000000000000e+00       2.286387008850e-17       3.893646526701e-18      -9.740395190724e-20 
 3713       6.929632164464e-13       1.976421338452e-14      -3.027439123931e-14       0.000000000000e+00       2.283408169710e-17       3.897034289095e-18      -9.516166922423e-20 
 3714       6.909072198632e-13       1.971177626384e-14      -2.996577086155e-14       0.000000000000e+00       2.280433696392e-17       3.899942967298e-18      -9.282103429669e-20 
 3715       6.888453553687e-13       1.966106313958e-14      -2.966067351802e-14       0.000000000000e+00       2.277463581940e-17       3.902402942712e-18      -9.039604516743e-20 
 3716       6.867779326507e-13       1.961205467470e-14      -2.935915531215e-14       0.000000000000e+00       2.274497819363e-17       3.904444663415e-18      -8.790073027549e-20 
 3717       6.847052620745e-13       1.956473148592e-14      -2.906127245836e-14       0.000000000000e+00       2.271536401636e-17       3.906098644209e-18      -8.534914847656e-20 
 3718       6.826276546837e-13       1.951907414371e-14      -2.876708128216e-14       0.000000000000e+00       2.268579321702e-17       3.907395466665e-18      -8.275538906356e-20 
 3719       6.805454222007e-13       1.947506317224e-14      -2.847663822017e-14       0.000000000000e+00       2.265626572470e-17       3.908365779167e-18      -8.013357178709e-20 
 3720       6.784588770266e-13       1.943267904933e-14      -2.818999982024e-14       0.000000000000e+00       2.262678146815e-17       3.909040296959e-18      -7.749784687600e-20 
 3721       6.763683322424e-13       1.939190220644e-14      -2.790722274152e-14       0.000000000000e+00       2.259734037579e-17       3.909449802187e-18      -7.486239505781e-20 
 3722       6.742741016091e-13       1.935271302865e-14      -2.762836375451e-14       0.000000000000e+00       2.256794237571e-17       3.909625143948e-18      -7.224142757928e-20 
 3723       6.721764995679e-13       1.931509185460e-14      -2.735347974113e-14       0.000000000000e+00       2.253858739564e-17       3.909597238331e-18      -6.964918622692e-20 
 3724       6.700758412413e-13       1.927901897645e-14      -2.708262769483e-14       0.000000000000e+00       2.250927536301e-17       3.909397068466e-18      -6.709994334744e-20 
 3725       6.679724424329e-13       1.924447463990e-14      -2.681586472062e-14       0.000000000000e+00       2.248000620489e-17       3.909055684567e-18      -6.460800186830e-20 
 3726       6.658666196284e-13       1.921143904411e-14      -2.655324803516e-14       0.000000000000e+00       2.245077984802e-17       3.908604203977e-18      -6.218769531821e-20 
 3727       6.637586899955e-13       1.917989234167e-14      -2.629483496685e-14       0.000000000000e+00       2.242159621879e-17       3.908073811215e-18      -5.985338784762e-20 
 3728       6.616489713849e-13       1.914981463859e-14      -2.604068295585e-14       0.000000000000e+00       2.239245524327e-17       3.907495758019e-18      -5.761947424925e-20 
 3729       6.595377823304e-13       1.912118599428e-14      -2.579084955423e-14       0.000000000000e+00       2.236335684718e-17       3.906901363391e-18      -5.550037997858e-20 
 3730       6.574254420496e-13       1.909398642145e-14      -2.554539242596e-14       0.000000000000e+00       2.233430095592e-17       3.906322013645e-18      -5.351056117433e-20 
 3731       6.553122704442e-13       1.906819588617e-14      -2.530436934705e-14       0.000000000000e+00       2.230528749454e-17       3.905789162449e-18      -5.166450467902e-20 
 3732       6.531985881003e-13       1.904379430775e-14      -2.506783820558e-14       0.000000000000e+00       2.227631638774e-17       3.905334330873e-18      -4.997672805945e-20 
 3733       6.510847162894e-13       1.902076155879e-14      -2.483585700179e-14       0.000000000000e+00       2.224738755990e-17       3.904989107431e-18      -4.846177962718e-20 
 3734       6.489709769681e-13       1.899907746508e-14      -2.460848384815e-14       0.000000000000e+00       2.221850093505e-17       3.904785148128e-18      -4.713423845909e-20 
 3735       6.468576927794e-13       1.897872180560e-14      -2.438577696943e-14       0.000000000000e+00       2.218965643689e-17       3.904754176505e-18      -4.600871441783e-20 
 3736       6.447451870524e-13       1.895967431249e-14      -2.416779470277e-14       0.000000000000e+00       2.216085398878e-17       3.904927983684e-18      -4.509984817236e-20 
 3737       6.426337838032e-13       1.894191467100e-14      -2.395459549777e-14       0.000000000000e+00       2.213209351372e-17       3.905338428414e-18      -4.442231121844e-20 
 3738       6.405238077353e-13       1.892542251948e-14      -2.374623791653e-14       0.000000000000e+00       2.210337493440e-17       3.906017437114e-18      -4.399080589917e-20 
 3739       6.384155842399e-13       1.891017744934e-14      -2.354278063374e-14       0.000000000000e+00       2.207469817315e-17       3.906997003919e-18      -4.382006542543e-20 
 3740       6.363094393965e-13       1.889615900500e-14      -2.334428243679e-14       0.000000000000e+00       2.204606315197e-17       3.908309190728e-18      -4.392485389643e-20 
 3741       6.342056999733e-13       1.888334668387e-14      -2.315080222575e-14       0.000000000000e+00       2.201746979251e-17       3.909986127244e-18      -4.431996632025e-20 
 3742       6.321046788682e-13       1.887171883734e-14      -2.296238589054e-14       0.000000000000e+00       2.198891801904e-17       3.912052716796e-18      -4.501517648476e-20 
 3743       6.300066313681e-13       1.886124936900e-14      -2.277902688584e-14       0.000000000000e+00       2.196040776737e-17       3.914504722514e-18      -4.600005892788e-20 
 3744       6.279117987194e-13       1.885191102338e-14      -2.260070550192e-14       0.000000000000e+00       2.193193897597e-17       3.917330595446e-18      -4.725910758359e-20 
 3745       6.258204226721e-13       1.884367648381e-14      -2.242740197359e-14       0.000000000000e+00       2.190351158299e-17       3.920518760975e-18      -4.877678251039e-20 
 3746       6.237327454799e-13       1.883651837229e-14      -2.225909648015e-14       0.000000000000e+00       2.187512552628e-17       3.924057618798e-18      -5.053750986848e-20 
 3747       6.216490099011e-13       1.883040924951e-14      -2.209576914537e-14       0.000000000000e+00       2.184678074340e-17       3.927935542915e-18      -5.252568189696e-20 
 3748       6.195694591985e-13       1.882532161479e-14      -2.193740003742e-14       0.000000000000e+00       2.181847717159e-17       3.932140881605e-18      -5.472565689113e-20 
 3749       6.174943371397e-13       1.882122790604e-14      -2.178396916883e-14       0.000000000000e+00       2.179021474779e-17       3.936661957414e-18      -5.712175917961e-20 
 3750       6.154238879977e-13       1.881810049969e-14      -2.163545649650e-14       0.000000000000e+00       2.176199340863e-17       3.941487067134e-18      -5.969827910167e-20 
 3751       6.133583565512e-13       1.881591171071e-14      -2.149184192159e-14       0.000000000000e+00       2.173381309044e-17       3.946604481785e-18      -6.243947298433e-20 
 3752       6.112979880845e-13       1.881463379250e-14      -2.135310528954e-14       0.000000000000e+00       2.170567372925e-17       3.952002446604e-18      -6.532956311970e-20 
 3753       6.092430283887e-13       1.881423893691e-14      -2.121922638999e-14       0.000000000000e+00       2.167757526078e-17       3.957669181020e-18      -6.835273774211e-20 
 3754       6.071937237610e-13       1.881469927414e-14      -2.109018495676e-14       0.000000000000e+00       2.164951762043e-17       3.963592878641e-18      -7.149315100538e-20 
 3755       6.051503210058e-13       1.881598687275e-14      -2.096596066779e-14       0.000000000000e+00       2.162150074332e-17       3.969761707234e-18      -7.473492296003e-20 
 3756       6.031130674348e-13       1.881807373959e-14      -2.084653314513e-14       0.000000000000e+00       2.159352456424e-17       3.976163808712e-18      -7.806213953049e-20 
 3757       6.010822108671e-13       1.882093181976e-14      -2.073188195488e-14       0.000000000000e+00       2.156558901768e-17       3.982787299112e-18      -8.145885249233e-20 
 3758       5.990579996301e-13       1.882453299658e-14      -2.062198660715e-14       0.000000000000e+00       2.153769403783e-17       3.989620268578e-18      -8.490907944949e-20 
 3759       5.970406825590e-13       1.882884909153e-14      -2.051682655603e-14       0.000000000000e+00       2.150983955856e-17       3.996650781349e-18      -8.839680381149e-20 
 3760       5.950305089981e-13       1.883385186423e-14      -2.041638119954e-14       0.000000000000e+00       2.148202551345e-17       4.003866875734e-18      -9.190597477064e-20 
 3761       5.930277288002e-13       1.883951301239e-14      -2.032062987959e-14       0.000000000000e+00       2.145425183575e-17       4.011256564100e-18      -9.542050727928e-20 
 3762       5.910325923277e-13       1.884580417175e-14      -2.022955188195e-14       0.000000000000e+00       2.142651845843e-17       4.018807832854e-18      -9.892428202700e-20 
 3763       5.890453504524e-13       1.885269691608e-14      -2.014312643620e-14       0.000000000000e+00       2.139882531411e-17       4.026508642422e-18      -1.024011454178e-19 
 3764       5.870662545561e-13       1.886016275710e-14      -2.006133271569e-14       0.000000000000e+00       2.137117233516e-17       4.034346927237e-18      -1.058349095476e-19 
 3765       5.850955565310e-13       1.886817314446e-14      -1.998414983752e-14       0.000000000000e+00       2.134355945358e-17       4.042310595718e-18      -1.092093521808e-19 
 3766       5.831335087796e-13       1.887669946566e-14      -1.991155686247e-14       0.000000000000e+00       2.131598660110e-17       4.050387530253e-18      -1.125082167283e-19 
 3767       5.811803642157e-13       1.888571304608e-14      -1.984353279496e-14       0.000000000000e+00       2.128845370912e-17       4.058565587183e-18      -1.157152122243e-19 
 3768       5.792363762641e-13       1.889518514888e-14      -1.978005658306e-14       0.000000000000e+00       2.126096070876e-17       4.066832596784e-18      -1.188140133033e-19 
 3769       5.773017988614e-13       1.890508697498e-14      -1.972110711837e-14       0.000000000000e+00       2.123350753079e-17       4.075176363249e-18      -1.217882601779e-19 
 3770       5.753768864559e-13       1.891538966300e-14      -1.966666323607e-14       0.000000000000e+00       2.120609410570e-17       4.083584664672e-18      -1.246215586157e-19 
 3771       5.734618940084e-13       1.892606428924e-14      -1.961670371479e-14       0.000000000000e+00       2.117872036365e-17       4.092045253029e-18      -1.272974799162e-19 
 3772       5.715570769922e-13       1.893708186764e-14      -1.957120727664e-14       0.000000000000e+00       2.115138623451e-17       4.100545854162e-18      -1.297995608887e-19 
 3773       5.696626913935e-13       1.894841334973e-14      -1.953015258714e-14       0.000000000000e+00       2.112409164782e-17       4.109074167760e-18      -1.321113038292e-19 
 3774       5.677789937119e-13       1.896002962458e-14      -1.949351825517e-14       0.000000000000e+00       2.109683653282e-17       4.117617867346e-18      -1.342161764972e-19 
 3775       5.659062409604e-13       1.897190151876e-14      -1.946128283295e-14       0.000000000000e+00       2.106962081843e-17       4.126164600253e-18      -1.360976120937e-19 
 3776       5.640446906661e-13       1.898399979631e-14      -1.943342481601e-14       0.000000000000e+00       2.104244443327e-17       4.134701987611e-18      -1.377390092380e-19 
 3777       5.621946008704e-13       1.899629515872e-14      -1.940992264310e-14       0.000000000000e+00       2.101530730564e-17       4.143217624330e-18      -1.391237319447e-19 
 3778       5.603562301291e-13       1.900875824481e-14      -1.939075469622e-14       0.000000000000e+00       2.098820936353e-17       4.151699079079e-18      -1.402351096015e-19 
 3779       5.585298375132e-13       1.902135963079e-14      -1.937589930051e-14       0.000000000000e+00       2.096115053461e-17       4.160133894275e-18      -1.410564369459e-19 
 3780       5.567156826087e-13       1.903406983013e-14      -1.936533472426e-14       0.000000000000e+00       2.093413074626e-17       4.168509586057e-18      -1.415709740427e-19 
 3781       5.549139919300e-13       1.904686084286e-14      -1.935903126635e-14       0.000000000000e+00       2.090714992824e-17       4.176814582763e-18      -1.417672611572e-19 
 3782       5.531248580167e-13       1.905971080986e-14      -1.935692748517e-14       0.000000000000e+00       2.088020802095e-17       4.185041044345e-18      -1.416550859122e-19 
 3783       5.513483399459e-13       1.907259937649e-14      -1.935895387751e-14       0.000000000000e+00       2.085330496719e-17       4.193182053837e-18      -1.412495779555e-19 
 3784       5.495844968848e-13       1.908550614494e-14      -1.936504078259e-14       0.000000000000e+00       2.082644070953e-17       4.201230679859e-18      -1.405658997067e-19 
 3785       5.478333880905e-13       1.909841067419e-14      -1.937511838195e-14       0.000000000000e+00       2.079961519022e-17       4.209179976604e-18      -1.396192463784e-19 
 3786       5.460950729099e-13       1.911129247996e-14      -1.938911669937e-14       0.000000000000e+00       2.077282835126e-17       4.217022983826e-18      -1.384248459983e-19 
 3787       5.443696107799e-13       1.912413103473e-14      -1.940696560070e-14       0.000000000000e+00       2.074608013435e-17       4.224752726836e-18      -1.369979594310e-19 
 3788       5.426570612275e-13       1.913690576767e-14      -1.942859479384e-14       0.000000000000e+00       2.071937048092e-17       4.232362216486e-18      -1.353538804001e-19 
 3789       5.409574838696e-13       1.914959606463e-14      -1.945393382855e-14       0.000000000000e+00       2.069269933212e-17       4.239844449167e-18      -1.335079355094e-19 
 3790       5.392709384134e-13       1.916218126810e-14      -1.948291209640e-14       0.000000000000e+00       2.066606662881e-17       4.247192406793e-18      -1.314754842653e-19 
 3791       5.375974846561e-13       1.917464067721e-14      -1.951545883064e-14       0.000000000000e+00       2.063947231158e-17       4.254399056795e-18      -1.292719190983e-19 
 3792       5.359371824853e-13       1.918695354765e-14      -1.955150310611e-14       0.000000000000e+00       2.061291632075e-17       4.261457352110e-18      -1.269126653849e-19 
 3793       5.342900918787e-13       1.919909909170e-14      -1.959097383910e-14       0.000000000000e+00       2.058639859632e-17       4.268360231172e-18      -1.244131814697e-19 
 3794       5.326562729045e-13       1.921105647816e-14      -1.963379978729e-14       0.000000000000e+00       2.055991907805e-17       4.275100617904e-18      -1.217889586865e-19 
 3795       5.310357857211e-13       1.922280483233e-14      -1.967990954959e-14       0.000000000000e+00       2.053347770541e-17       4.281671421706e-18      -1.190555213810e-19 
 3796       5.294286905774e-13       1.923432323599e-14      -1.972923156610e-14       0.000000000000e+00       2.050707441756e-17       4.288065537446e-18      -1.162284269320e-19 
 3797       5.278350478129e-13       1.924559072737e-14      -1.978169411794e-14       0.000000000000e+00       2.048070915341e-17       4.294275845454e-18      -1.133232657736e-19 
 3798       5.262549178574e-13       1.925658630113e-14      -1.983722532717e-14       0.000000000000e+00       2.045438185157e-17       4.300295211507e-18      -1.103556614167e-19 
 3799       5.246883612315e-13       1.926728890829e-14      -1.989575315671e-14       0.000000000000e+00       2.042809245038e-17       4.306116486824e-18      -1.073412704710e-19 
 3800       5.231354385462e-13       1.927767745626e-14      -1.995720541016e-14       0.000000000000e+00       2.040184088790e-17       4.311732508053e-18      -1.042957826668e-19 
 3801       5.215962105035e-13       1.928773080877e-14      -2.002150973179e-14       0.000000000000e+00       2.037562710188e-17       4.317136097265e-18      -1.012349208770e-19 
 3802       5.200707378958e-13       1.929742778586e-14      -2.008859360636e-14       0.000000000000e+00       2.034945102982e-17       4.322320061941e-18      -9.817444113846e-20 
 3803       5.185590816065e-13       1.930674716385e-14      -2.015838435903e-14       0.000000000000e+00       2.032331260891e-17       4.327277194967e-18      -9.513013267431e-20 
 3804       5.170613026097e-13       1.931566767529e-14      -2.023080915529e-14       0.000000000000e+00       2.029721177608e-17       4.332000274620e-18      -9.211781791550e-20 
 3805       5.155774619706e-13       1.932416800897e-14      -2.030579500078e-14       0.000000000000e+00       2.027114846796e-17       4.336482064561e-18      -8.915335252271e-20 
 3806       5.141076208451e-13       1.933222680986e-14      -2.038326874128e-14       0.000000000000e+00       2.024512262090e-17       4.340715313824e-18      -8.625262540814e-20 
 3807       5.126518404802e-13       1.933982267909e-14      -2.046315706252e-14       0.000000000000e+00       2.021913417098e-17       4.344692756809e-18      -8.343155875736e-20 
 3808       5.112101822140e-13       1.934693417392e-14      -2.054538649011e-14       0.000000000000e+00       2.019318305396e-17       4.348407113269e-18      -8.070610805110e-20 
 3809       5.097827074755e-13       1.935353980774e-14      -2.062988338943e-14       0.000000000000e+00       2.016726920535e-17       4.351851088305e-18      -7.809226208712e-20 
 3810       5.083694777850e-13       1.935961804998e-14      -2.071657396553e-14       0.000000000000e+00       2.014139256037e-17       4.355017372351e-18      -7.560604300197e-20 
 3811       5.069705547541e-13       1.936514732615e-14      -2.080538426302e-14       0.000000000000e+00       2.011555305393e-17       4.357898641171e-18      -7.326350629289e-20 
 3812       5.055860000854e-13       1.937010601775e-14      -2.089624016593e-14       0.000000000000e+00       2.008975062069e-17       4.360487555843e-18      -7.108074083954e-20 
 3813       5.042158755729e-13       1.937447246229e-14      -2.098906739767e-14       0.000000000000e+00       2.006398519500e-17       4.362776762754e-18      -6.907386892591e-20 
 3814       5.028602431019e-13       1.937822495325e-14      -2.108379152087e-14       0.000000000000e+00       2.003825671093e-17       4.364758893589e-18      -6.725904626209e-20 
 3815       5.015191646493e-13       1.938134174001e-14      -2.118033793729e-14       0.000000000000e+00       2.001256510227e-17       4.366426565321e-18      -6.565246200609e-20 
 3816       5.001927022833e-13       1.938380102789e-14      -2.127863188772e-14       0.000000000000e+00       1.998691030251e-17       4.367772380204e-18      -6.427033878571e-20 
 3817       4.988809181635e-13       1.938558097806e-14      -2.137859845186e-14       0.000000000000e+00       1.996129224487e-17       4.368788925759e-18      -6.312893272030e-20 
 3818       4.975838745412e-13       1.938665970756e-14      -2.148016254823e-14       0.000000000000e+00       1.993571086227e-17       4.369468774768e-18      -6.224453344263e-20 
 3819       4.963016337592e-13       1.938701528923e-14      -2.158324893404e-14       0.000000000000e+00       1.991016608736e-17       4.369804485266e-18      -6.163346412069e-20 
 3820       4.950342274836e-13       1.938662860808e-14      -2.168778277787e-14       0.000000000000e+00       1.988465785498e-17       4.369793165477e-18      -6.130715464381e-20 
 3821       4.937815642685e-13       1.938549194228e-14      -2.179369138023e-14       0.000000000000e+00       1.985918610971e-17       4.369450187776e-18      -6.125734050140e-20 
 3822       4.925435216367e-13       1.938360041501e-14      -2.190090245934e-14       0.000000000000e+00       1.983375079839e-17       4.368795527309e-18      -6.147080718072e-20 
 3823       4.913199768159e-13       1.938094914108e-14      -2.200934357893e-14       0.000000000000e+00       1.980835186756e-17       4.367849201850e-18      -6.193431182696e-20 
 3824       4.901108067384e-13       1.937753322693e-14      -2.211894214810e-14       0.000000000000e+00       1.978298926355e-17       4.366631271822e-18      -6.263458322455e-20 
 3825       4.889158880410e-13       1.937334777060e-14      -2.222962542123e-14       0.000000000000e+00       1.975766293240e-17       4.365161840335e-18      -6.355832177848e-20 
 3826       4.877350970647e-13       1.936838786178e-14      -2.234132049788e-14       0.000000000000e+00       1.973237281991e-17       4.363461053206e-18      -6.469219949563e-20 
 3827       4.865683098543e-13       1.936264858172e-14      -2.245395432268e-14       0.000000000000e+00       1.970711887162e-17       4.361549098991e-18      -6.602285996604e-20 
 3828       4.854154021587e-13       1.935612500333e-14      -2.256745368525e-14       0.000000000000e+00       1.968190103281e-17       4.359446209014e-18      -6.753691834430e-20 
 3829       4.842762494305e-13       1.934881219106e-14      -2.268174522006e-14       0.000000000000e+00       1.965671924849e-17       4.357172657390e-18      -6.922096133080e-20 
 3830       4.831507268253e-13       1.934070520101e-14      -2.279675540636e-14       0.000000000000e+00       1.963157346345e-17       4.354748761059e-18      -7.106154715309e-20 
 3831       4.820387092023e-13       1.933179908082e-14      -2.291241056808e-14       0.000000000000e+00       1.960646362217e-17       4.352194879810e-18      -7.304520554716e-20 
 3832       4.809400711237e-13       1.932208886975e-14      -2.302863687369e-14       0.000000000000e+00       1.958138966892e-17       4.349531416312e-18      -7.515843773882e-20 
 3833       4.798546868543e-13       1.931156959862e-14      -2.314536033616e-14       0.000000000000e+00       1.955635154768e-17       4.346778816138e-18      -7.738771642494e-20 
 3834       4.787824303616e-13       1.930023628982e-14      -2.326250681279e-14       0.000000000000e+00       1.953134920219e-17       4.343957567797e-18      -7.971948575482e-20 
 3835       4.777231753156e-13       1.928808395733e-14      -2.338000200517e-14       0.000000000000e+00       1.950638257592e-17       4.341088202762e-18      -8.214016131149e-20 
 3836       4.766767950884e-13       1.927510760667e-14      -2.349777145903e-14       0.000000000000e+00       1.948145161207e-17       4.338191295493e-18      -8.463613009303e-20 
 3837       4.756431627542e-13       1.926130223493e-14      -2.361574056416e-14       0.000000000000e+00       1.945655625362e-17       4.335287463472e-18      -8.719375049388e-20 
 3838       4.746221510890e-13       1.924666283075e-14      -2.373383455433e-14       0.000000000000e+00       1.943169644325e-17       4.332397367227e-18      -8.979935228619e-20 
 3839       4.736136325704e-13       1.923118437433e-14      -2.385197850713e-14       0.000000000000e+00       1.940687212339e-17       4.329541710360e-18      -9.243923660107e-20 
 3840       4.726174793773e-13       1.921486183738e-14      -2.397009734394e-14       0.000000000000e+00       1.938208323623e-17       4.326741239575e-18      -9.509967590997e-20 
 3841       4.716335633898e-13       1.919769018319e-14      -2.408811582975e-14       0.000000000000e+00       1.935732972368e-17       4.324016744710e-18      -9.776691400599e-20 
 3842       4.706617561893e-13       1.917966436656e-14      -2.420595857314e-14       0.000000000000e+00       1.933261152740e-17       4.321389058759e-18      -1.004271659852e-19 
 3843       4.697019290576e-13       1.916077933381e-14      -2.432355002611e-14       0.000000000000e+00       1.930792858877e-17       4.318879057904e-18      -1.030666182278e-19 
 3844       4.687539529774e-13       1.914103002280e-14      -2.444081448402e-14       0.000000000000e+00       1.928328084895e-17       4.316507661542e-18      -1.056714283797e-19 
 3845       4.678176986316e-13       1.912041136290e-14      -2.455767608547e-14       0.000000000000e+00       1.925866824879e-17       4.314295832315e-18      -1.082277253339e-19 
 3846       4.668930364033e-13       1.909891827499e-14      -2.467405881220e-14       0.000000000000e+00       1.923409072891e-17       4.312264576132e-18      -1.107216092112e-19 
 3847       4.659798363758e-13       1.907654567147e-14      -2.478988648901e-14       0.000000000000e+00       1.920954822966e-17       4.310434942205e-18      -1.131391513422e-19 
 3848       4.650779683320e-13       1.905328845623e-14      -2.490508278360e-14       0.000000000000e+00       1.918504069113e-17       4.308828023071e-18      -1.154663942484e-19 
 3849       4.641873017543e-13       1.902914152466e-14      -2.501957120655e-14       0.000000000000e+00       1.916056805315e-17       4.307464954624e-18      -1.176893516233e-19 
 3850       4.633077058249e-13       1.900409976364e-14      -2.513327511115e-14       0.000000000000e+00       1.913613025529e-17       4.306366916140e-18      -1.197940083141e-19 
 3851       4.624390494246e-13       1.897815805155e-14      -2.524611769333e-14       0.000000000000e+00       1.911172723685e-17       4.305555130307e-18      -1.217663203026e-19 
 3852       4.615812011337e-13       1.895131125823e-14      -2.535802199157e-14       0.000000000000e+00       1.908735893686e-17       4.305050863253e-18      -1.235922146868e-19 
 3853       4.607340292309e-13       1.892355424502e-14      -2.546891088674e-14       0.000000000000e+00       1.906302529412e-17       4.304875424573e-18      -1.252575896623e-19 
 3854       4.598974016938e-13       1.889488186471e-14      -2.557870710209e-14       0.000000000000e+00       1.903872624713e-17       4.305050167357e-18      -1.267483145032e-19 
 3855       4.590711861982e-13       1.886528896158e-14      -2.568733320305e-14       0.000000000000e+00       1.901446173415e-17       4.305596488219e-18      -1.280502295438e-19 
 3856       4.582552501180e-13       1.883477037136e-14      -2.579471159721e-14       0.000000000000e+00       1.899023169317e-17       4.306535827325e-18      -1.291491461598e-19 
 3857       4.574494605253e-13       1.880332092123e-14      -2.590076453416e-14       0.000000000000e+00       1.896603606191e-17       4.307889668421e-18      -1.300308467497e-19 
 3858       4.566536841897e-13       1.877093542983e-14      -2.600541410544e-14       0.000000000000e+00       1.894187477784e-17       4.309679538860e-18      -1.306810847159e-19 
 3859       4.558677755868e-13       1.873761112474e-14      -2.610858896723e-14       0.000000000000e+00       1.891774778046e-17       4.311918853761e-18      -1.310892143504e-19 
 3860       4.550915408723e-13       1.870335490497e-14      -2.621024453680e-14       0.000000000000e+00       1.889365501822e-17       4.314588414614e-18      -1.312590955796e-19 
 3861       4.543247737704e-13       1.866817610604e-14      -2.631034287253e-14       0.000000000000e+00       1.886959644165e-17       4.317660817708e-18      -1.311982305829e-19 
 3862       4.535672675531e-13       1.863208408498e-14      -2.640884595803e-14       0.000000000000e+00       1.884557200102e-17       4.321108601513e-18      -1.309141376606e-19 
 3863       4.528188150397e-13       1.859508822038e-14      -2.650571570208e-14       0.000000000000e+00       1.882158164638e-17       4.324904246644e-18      -1.304143512440e-19 
 3864       4.520792085965e-13       1.855719791238e-14      -2.660091393858e-14       0.000000000000e+00       1.879762532755e-17       4.329020175823e-18      -1.297064219064e-19 
 3865       4.513482401368e-13       1.851842258269e-14      -2.669440242649e-14       0.000000000000e+00       1.877370299409e-17       4.333428753838e-18      -1.287979163732e-19 
 3866       4.506257011202e-13       1.847877167461e-14      -2.678614284980e-14       0.000000000000e+00       1.874981459535e-17       4.338102287510e-18      -1.276964175328e-19 
 3867       4.499113825524e-13       1.843825465305e-14      -2.687609681748e-14       0.000000000000e+00       1.872596008043e-17       4.343013025653e-18      -1.264095244469e-19 
 3868       4.492050749852e-13       1.839688100451e-14      -2.696422586340e-14       0.000000000000e+00       1.870213939819e-17       4.348133159036e-18      -1.249448523615e-19 
 3869       4.485065685158e-13       1.835466023714e-14      -2.705049144634e-14       0.000000000000e+00       1.867835249726e-17       4.353434820348e-18      -1.233100327168e-19 
 3870       4.478156527869e-13       1.831160188074e-14      -2.713485494991e-14       0.000000000000e+00       1.865459932602e-17       4.358890084155e-18      -1.215127131583e-19 
 3871       4.471321169858e-13       1.826771548673e-14      -2.721727768249e-14       0.000000000000e+00       1.863087983264e-17       4.364470966869e-18      -1.195605575473e-19 
 3872       4.464557498449e-13       1.822301062825e-14      -2.729772087721e-14       0.000000000000e+00       1.860719396503e-17       4.370149426706e-18      -1.174612459711e-19 
 3873       4.457863396408e-13       1.817749690009e-14      -2.737614569188e-14       0.000000000000e+00       1.858354167086e-17       4.375897363647e-18      -1.152224747540e-19 
 3874       4.451236741942e-13       1.813118391877e-14      -2.745251320895e-14       0.000000000000e+00       1.855992289757e-17       4.381686619408e-18      -1.128519564674e-19 
 3875       4.444675408695e-13       1.808408132250e-14      -2.752678443549e-14       0.000000000000e+00       1.853633759237e-17       4.387488977391e-18      -1.103574199410e-19 
 3876       4.438177265747e-13       1.803619877125e-14      -2.759892030308e-14       0.000000000000e+00       1.851278570222e-17       4.393276162657e-18      -1.077466102726e-19 
 3877       4.431740177611e-13       1.798754594669e-14      -2.766888166783e-14       0.000000000000e+00       1.848926717383e-17       4.399019841882e-18      -1.050272888393e-19 
 3878       4.425362004227e-13       1.793813255230e-14      -2.773662931028e-14       0.000000000000e+00       1.846578195371e-17       4.404691623322e-18      -1.022072333077e-19 
 3879       4.419040600962e-13       1.788796831330e-14      -2.780212393539e-14       0.000000000000e+00       1.844232998809e-17       4.410263056773e-18      -9.929423764455e-20 
 3880       4.412773818605e-13       1.783706297670e-14      -2.786532617247e-14       0.000000000000e+00       1.841891122298e-17       4.415705633536e-18      -9.629611212732e-20 
 3881       4.406559503366e-13       1.778542631133e-14      -2.792619657514e-14       0.000000000000e+00       1.839552560416e-17       4.420990786377e-18      -9.322068335480e-20 
 3882       4.400395496872e-13       1.773306810782e-14      -2.798469562128e-14       0.000000000000e+00       1.837217307714e-17       4.426089889494e-18      -9.007579425757e-20 
 3883       4.394279636164e-13       1.767999817863e-14      -2.804078371299e-14       0.000000000000e+00       1.834885358721e-17       4.430974258471e-18      -8.686930410864e-20 
 3884       4.388209753693e-13       1.762622635808e-14      -2.809442117653e-14       0.000000000000e+00       1.832556707944e-17       4.435615150249e-18      -8.360908853397e-20 
 3885       4.382183677320e-13       1.757176250235e-14      -2.814556826227e-14       0.000000000000e+00       1.830231349862e-17       4.439983763083e-18      -8.030303952302e-20 
 3886       4.376199230309e-13       1.751661648946e-14      -2.819418514468e-14       0.000000000000e+00       1.827909278933e-17       4.444051236505e-18      -7.695906543936e-20 
 3887       4.370254231328e-13       1.746079821937e-14      -2.824023192223e-14       0.000000000000e+00       1.825590489589e-17       4.447788651290e-18      -7.358509103116e-20 
 3888       4.364346494443e-13       1.740431761390e-14      -2.828366861736e-14       0.000000000000e+00       1.823274976239e-17       4.451167029414e-18      -7.018905744182e-20 
 3889       4.358473829116e-13       1.734718461681e-14      -2.832445517646e-14       0.000000000000e+00       1.820962733268e-17       4.454157334018e-18      -6.677892222049e-20 
 3890       4.352634040202e-13       1.728940919379e-14      -2.836255146980e-14       0.000000000000e+00       1.818653755036e-17       4.456730469369e-18      -6.336265933260e-20 
 3891       4.346824927948e-13       1.723100133246e-14      -2.839791729146e-14       0.000000000000e+00       1.816348035880e-17       4.458857280827e-18      -5.994825917052e-20 
 3892       4.341044287986e-13       1.717197104242e-14      -2.843051235934e-14       0.000000000000e+00       1.814045570113e-17       4.460508554801e-18      -5.654372856399e-20 
 3893       4.335289911333e-13       1.711232835524e-14      -2.846029631504e-14       0.000000000000e+00       1.811746352022e-17       4.461655018716e-18      -5.315709079080e-20 
 3894       4.329559584388e-13       1.705208332447e-14      -2.848722872388e-14       0.000000000000e+00       1.809450375871e-17       4.462267340973e-18      -4.979638558727e-20 
 3895       4.323851088927e-13       1.699124602567e-14      -2.851126907481e-14       0.000000000000e+00       1.807157635901e-17       4.462316130912e-18      -4.646966915883e-20 
 3896       4.318162202102e-13       1.692982655643e-14      -2.853237678038e-14       0.000000000000e+00       1.804868126326e-17       4.461771938776e-18      -4.318501419060e-20 
 3897       4.312490696436e-13       1.686783503635e-14      -2.855051117668e-14       0.000000000000e+00       1.802581841339e-17       4.460605255669e-18      -3.995050985793e-20 
 3898       4.306834433499e-13       1.680528249820e-14      -2.856563976400e-14       0.000000000000e+00       1.800298775319e-17       4.458796074463e-18      -3.677318693793e-20 
 3899       4.301191645308e-13       1.674218356496e-14      -2.857776296258e-14       0.000000000000e+00       1.798018923468e-17       4.456362611815e-18      -3.365578871081e-20 
 3900       4.295560653976e-13       1.667855378284e-14      -2.858688944979e-14       0.000000000000e+00       1.795742281182e-17       4.453332694030e-18      -3.059998794254e-20 
 3901       4.289939778133e-13       1.661440873114e-14      -2.859302792793e-14       0.000000000000e+00       1.793468843831e-17       4.449734205966e-18      -2.760746068338e-20 
 3902       4.284327332919e-13       1.654976402224e-14      -2.859618712425e-14       0.000000000000e+00       1.791198606767e-17       4.445595091068e-18      -2.467988626994e-20 
 3903       4.278721629986e-13       1.648463530165e-14      -2.859637579095e-14       0.000000000000e+00       1.788931565318e-17       4.440943351411e-18      -2.181894732725e-20 
 3904       4.273120977494e-13       1.641903824800e-14      -2.859360270521e-14       0.000000000000e+00       1.786667714790e-17       4.435807047738e-18      -1.902632977085e-20 
 3905       4.267523680109e-13       1.635298857311e-14      -2.858787666920e-14       0.000000000000e+00       1.784407050470e-17       4.430214299491e-18      -1.630372280882e-20 
 3906       4.261928039000e-13       1.628650202195e-14      -2.857920651011e-14       0.000000000000e+00       1.782149567620e-17       4.424193284857e-18      -1.365281894391e-20 
 3907       4.256332351837e-13       1.621959437269e-14      -2.856760108016e-14       0.000000000000e+00       1.779895261482e-17       4.417772240801e-18      -1.107531397558e-20 
 3908       4.250734912791e-13       1.615228143676e-14      -2.855306925661e-14       0.000000000000e+00       1.777644127275e-17       4.410979463105e-18      -8.572907002054e-21 
 3909       4.245134012528e-13       1.608457905879e-14      -2.853561994177e-14       0.000000000000e+00       1.775396160199e-17       4.403843306408e-18      -6.147300422450e-21 
 3910       4.239527938211e-13       1.601650311671e-14      -2.851526206308e-14       0.000000000000e+00       1.773151355428e-17       4.396392184239e-18      -3.800199938800e-21 
 3911       4.233914973492e-13       1.594806952171e-14      -2.849200457303e-14       0.000000000000e+00       1.770909708116e-17       4.388654569059e-18      -1.533314558146e-21 
 3912       4.228293398517e-13       1.587929421832e-14      -2.846585644924e-14       0.000000000000e+00       1.768671213397e-17       4.380658992299e-18       6.516434053910e-22 
 3913       4.222661489917e-13       1.581019318437e-14      -2.843682669449e-14       0.000000000000e+00       1.766435866381e-17       4.372434044393e-18       2.752958328538e-21 
 3914       4.217017520809e-13       1.574078243106e-14      -2.840492433668e-14       0.000000000000e+00       1.764203662156e-17       4.364008374823e-18       4.768911276798e-21 
 3915       4.211359760797e-13       1.567107800296e-14      -2.837015842889e-14       0.000000000000e+00       1.761974595789e-17       4.355410692150e-18       6.697780002377e-21 
 3916       4.205686475961e-13       1.560109597803e-14      -2.833253804939e-14       0.000000000000e+00       1.759748662324e-17       4.346669764056e-18       8.537838942109e-21 
 3917       4.199995928863e-13       1.553085246765e-14      -2.829207230166e-14       0.000000000000e+00       1.757525856784e-17       4.337814417381e-18       1.028735921539e-20 
 3918       4.194286378542e-13       1.546036361664e-14      -2.824877031440e-14       0.000000000000e+00       1.755306174171e-17       4.328873538161e-18       1.194460862209e-20 
 3919       4.188556080511e-13       1.538964560327e-14      -2.820264124153e-14       0.000000000000e+00       1.753089609461e-17       4.319876071665e-18       1.350785164050e-20 
 3920       4.182803286753e-13       1.531871463930e-14      -2.815369426225e-14       0.000000000000e+00       1.750876157613e-17       4.310851022432e-18       1.497534942525e-20 
 3921       4.177026245725e-13       1.524758696999e-14      -2.810193858102e-14       0.000000000000e+00       1.748665813561e-17       4.301827454311e-18       1.634535980522e-20 
 3922       4.171223202349e-13       1.517627887413e-14      -2.804738342761e-14       0.000000000000e+00       1.746458572217e-17       4.292834490499e-18       1.761613728152e-20 
 3923       4.165392398012e-13       1.510480666402e-14      -2.799003805708e-14       0.000000000000e+00       1.744254428472e-17       4.283901313576e-18       1.878593302533e-20 
 3924       4.159532070567e-13       1.503318668558e-14      -2.792991174983e-14       0.000000000000e+00       1.742053377195e-17       4.275057165546e-18       1.985299487592e-20 
 3925       4.153640454326e-13       1.496143531827e-14      -2.786701381160e-14       0.000000000000e+00       1.739855413231e-17       4.266331347873e-18       2.081556733851e-20 
 3926       4.147715780061e-13       1.488956897520e-14      -2.780135357348e-14       0.000000000000e+00       1.737660531405e-17       4.257753221517e-18       2.167189158224e-20 
 3927       4.141756274998e-13       1.481760410307e-14      -2.773294039196e-14       0.000000000000e+00       1.735468726519e-17       4.249352206979e-18       2.242020543805e-20 
 3928       4.135760162820e-13       1.474555718226e-14      -2.766178364892e-14       0.000000000000e+00       1.733279993354e-17       4.241157784329e-18       2.305874339668e-20 
 3929       4.129725663662e-13       1.467344472682e-14      -2.758789275165e-14       0.000000000000e+00       1.731094326666e-17       4.233199493251e-18       2.358573660650e-20 
 3930       4.123650994107e-13       1.460128328449e-14      -2.751127713287e-14       0.000000000000e+00       1.728911721191e-17       4.225506933080e-18       2.399941287155e-20 
 3931       4.117534367187e-13       1.452908943671e-14      -2.743194625076e-14       0.000000000000e+00       1.726732171643e-17       4.218109762836e-18       2.429799664935e-20 
 3932       4.111373992378e-13       1.445687979870e-14      -2.734990958895e-14       0.000000000000e+00       1.724555672713e-17       4.211037701265e-18       2.447970904893e-20 
 3933       4.105168075600e-13       1.438467101939e-14      -2.726517665658e-14       0.000000000000e+00       1.722382219069e-17       4.204320526876e-18       2.454276782868e-20 
 3934       4.098914819215e-13       1.431247978152e-14      -2.717775698827e-14       0.000000000000e+00       1.720211805359e-17       4.197988077980e-18       2.448538739434e-20 
 3935       4.092612422021e-13       1.424032280164e-14      -2.708766014416e-14       0.000000000000e+00       1.718044426207e-17       4.192070252726e-18       2.430577879687e-20 
 3936       4.086259079253e-13       1.416821683009e-14      -2.699489570994e-14       0.000000000000e+00       1.715880076215e-17       4.186597009141e-18       2.400214973041e-20 
 3937       4.079853202408e-13       1.409617790803e-14      -2.689947861353e-14       0.000000000000e+00       1.713718750157e-17       4.181590192496e-18       2.357422798792e-20 
 3938       4.073394079604e-13       1.402421913526e-14      -2.680144509671e-14       0.000000000000e+00       1.711560443566e-17       4.177038984143e-18       2.302783802351e-20 
 3939       4.066881217676e-13       1.395235289413e-14      -2.670083680300e-14       0.000000000000e+00       1.709405152148e-17       4.172924361385e-18       2.237034141746e-20 
 3940       4.060314122564e-13       1.388059159180e-14      -2.659769546636e-14       0.000000000000e+00       1.707252871591e-17       4.169227261828e-18       2.160911497549e-20 
 3941       4.053692299321e-13       1.380894766030e-14      -2.649206291134e-14       0.000000000000e+00       1.705103597561e-17       4.165928583349e-18       2.075155073843e-20 
 3942       4.047015252108e-13       1.373743355655e-14      -2.638398105306e-14       0.000000000000e+00       1.702957325705e-17       4.163009184071e-18       1.980505599200e-20 
 3943       4.040282484193e-13       1.366606176233e-14      -2.627349189732e-14       0.000000000000e+00       1.700814051650e-17       4.160449882340e-18       1.877705327650e-20 
 3944       4.033493497952e-13       1.359484478435e-14      -2.616063754063e-14       0.000000000000e+00       1.698673771002e-17       4.158231456699e-18       1.767498039650e-20 
 3945       4.026647794870e-13       1.352379515423e-14      -2.604546017029e-14       0.000000000000e+00       1.696536479349e-17       4.156334645861e-18       1.650629043062e-20 
 3946       4.019744875536e-13       1.345292542852e-14      -2.592800206442e-14       0.000000000000e+00       1.694402172257e-17       4.154740148685e-18       1.527845174121e-20 
 3947       4.012784239646e-13       1.338224818873e-14      -2.580830559204e-14       0.000000000000e+00       1.692270845272e-17       4.153428624150e-18       1.399894798405e-20 
 3948       4.005765386003e-13       1.331177604134e-14      -2.568641321315e-14       0.000000000000e+00       1.690142493921e-17       4.152380691329e-18       1.267527811814e-20 
 3949       3.998687812513e-13       1.324152161780e-14      -2.556236747873e-14       0.000000000000e+00       1.688017113711e-17       4.151576929367e-18       1.131495641532e-20 
 3950       3.991551016187e-13       1.317149757457e-14      -2.543621103085e-14       0.000000000000e+00       1.685894700127e-17       4.150997877450e-18       9.925512470082e-21 
 3951       3.984354493140e-13       1.310171659312e-14      -2.530798660270e-14       0.000000000000e+00       1.683775248635e-17       4.150624034783e-18       8.514491209233e-21 
 3952       3.977097738591e-13       1.303219137995e-14      -2.517773701868e-14       0.000000000000e+00       1.681658754682e-17       4.150435860565e-18       7.089452901631e-21 
 3953       3.969780246861e-13       1.296293466661e-14      -2.504550519441e-14       0.000000000000e+00       1.679545213693e-17       4.150413773963e-18       5.657973167899e-21 
 3954       3.962401511373e-13       1.289395920970e-14      -2.491133413684e-14       0.000000000000e+00       1.677434621074e-17       4.150538154085e-18       4.227642990149e-21 
 3955       3.954961024652e-13       1.282527779092e-14      -2.477526694427e-14       0.000000000000e+00       1.675326972209e-17       4.150789339956e-18       2.806068721699e-21 
 3956       3.947458278325e-13       1.275690321704e-14      -2.463734680643e-14       0.000000000000e+00       1.673222262465e-17       4.151147630492e-18       1.400872096789e-21 
 3957       3.939892763119e-13       1.268884831995e-14      -2.449761700454e-14       0.000000000000e+00       1.671120487184e-17       4.151593284478e-18       1.969024030248e-23 
 3958       3.932263968860e-13       1.262112595665e-14      -2.435612091134e-14       0.000000000000e+00       1.669021641693e-17       4.152106520535e-18      -1.329824322515e-21 
 3959       3.924571384476e-13       1.255374900930e-14      -2.421290199119e-14       0.000000000000e+00       1.666925721296e-17       4.152667517102e-18      -2.640003656339e-21 
 3960       3.916814497991e-13       1.248673038521e-14      -2.406800380011e-14       0.000000000000e+00       1.664832721276e-17       4.153256412408e-18      -3.903164406046e-21 
 3961       3.908992796530e-13       1.242008301684e-14      -2.392146998582e-14       0.000000000000e+00       1.662742636897e-17       4.153853304444e-18      -5.111607786992e-21 
 3962       3.901105766316e-13       1.235381986187e-14      -2.377334428782e-14       0.000000000000e+00       1.660655463402e-17       4.154438250943e-18      -6.257619575301e-21 
 3963       3.893152892666e-13       1.228795390317e-14      -2.362367053746e-14       0.000000000000e+00       1.658571196015e-17       4.154991269348e-18      -7.333470098140e-21 
 3964       3.885133659998e-13       1.222249814881e-14      -2.347249265796e-14       0.000000000000e+00       1.656489829938e-17       4.155492336792e-18      -8.331414224000e-21 
 3965       3.877047551823e-13       1.215746563212e-14      -2.331985466452e-14       0.000000000000e+00       1.654411360352e-17       4.155921390072e-18      -9.243691352983e-21 
 3966       3.868894050751e-13       1.209286941167e-14      -2.316580066432e-14       0.000000000000e+00       1.652335782422e-17       4.156258325619e-18      -1.006252540708e-20 
 3967       3.860672638484e-13       1.202872257129e-14      -2.301037485662e-14       0.000000000000e+00       1.650263091286e-17       4.156482999478e-18      -1.078012482044e-20 
 3968       3.852382795820e-13       1.196503822009e-14      -2.285362153283e-14       0.000000000000e+00       1.648193282068e-17       4.156575227279e-18      -1.138868252969e-20 
 3969       3.844024002652e-13       1.190182949249e-14      -2.269558507651e-14       0.000000000000e+00       1.646126349867e-17       4.156514784216e-18      -1.188037596416e-20 
 3970       3.835595737966e-13       1.183910954821e-14      -2.253630996349e-14       0.000000000000e+00       1.644062289763e-17       4.156281405014e-18      -1.224736703621e-20 
 3971       3.827097479840e-13       1.177689157230e-14      -2.237584076189e-14       0.000000000000e+00       1.642001096816e-17       4.155854783911e-18      -1.248180213148e-20 
 3972       3.818528705445e-13       1.171518877516e-14      -2.221422213221e-14       0.000000000000e+00       1.639942766066e-17       4.155214574629e-18      -1.257581209922e-20 
 3973       3.809888891045e-13       1.165401439255e-14      -2.205149882734e-14       0.000000000000e+00       1.637887292532e-17       4.154340390351e-18      -1.252151224250e-20 
 3974       3.801177511995e-13       1.159338168560e-14      -2.188771569268e-14       0.000000000000e+00       1.635834671210e-17       4.153211803690e-18      -1.231100230855e-20 
 3975       3.792394042739e-13       1.153330394082e-14      -2.172291766616e-14       0.000000000000e+00       1.633784897080e-17       4.151808346671e-18      -1.193636647901e-20 
 3976       3.783538164772e-13       1.147379283254e-14      -2.155715006241e-14       0.000000000000e+00       1.631737965278e-17       4.150114326505e-18      -1.139204102326e-20 
 3977       3.774610391346e-13       1.141485350349e-14      -2.139045942633e-14       0.000000000000e+00       1.629693871639e-17       4.148133292364e-18      -1.068192680560e-20 
 3978       3.765611445061e-13       1.135648946609e-14      -2.122289268278e-14       0.000000000000e+00       1.627652612161e-17       4.145873621865e-18      -9.812302968202e-21 
 3979       3.756542050120e-13       1.129870423845e-14      -2.105449685285e-14       0.000000000000e+00       1.625614182823e-17       4.143343710124e-18      -8.789461657421e-21 
 3980       3.747402932329e-13       1.124150134433e-14      -2.088531905386e-14       0.000000000000e+00       1.623578579583e-17       4.140551969762e-18      -7.619708031998e-21 
 3981       3.738194819095e-13       1.118488431317e-14      -2.071540649949e-14       0.000000000000e+00       1.621545798384e-17       4.137506830920e-18      -6.309360271337e-21 
 3982       3.728918439433e-13       1.112885668009e-14      -2.054480649979e-14       0.000000000000e+00       1.619515835148e-17       4.134216741269e-18      -4.864749583746e-21 
 3983       3.719574523961e-13       1.107342198588e-14      -2.037356646128e-14       0.000000000000e+00       1.617488685781e-17       4.130690166021e-18      -3.292220214687e-21 
 3984       3.710163804904e-13       1.101858377702e-14      -2.020173388695e-14       0.000000000000e+00       1.615464346168e-17       4.126935587940e-18      -1.598129455027e-21 
 3985       3.700687016095e-13       1.096434560567e-14      -2.002935637641e-14       0.000000000000e+00       1.613442812177e-17       4.122961507352e-18       2.111523507163e-22 
 3986       3.691144892976e-13       1.091071102968e-14      -1.985648162586e-14       0.000000000000e+00       1.611424079658e-17       4.118776442158e-18       2.129241796121e-21 
 3987       3.681538172599e-13       1.085768361261e-14      -1.968315742821e-14       0.000000000000e+00       1.609408144440e-17       4.114388927846e-18       4.149742404616e-21 
 3988       3.671867593626e-13       1.080526692368e-14      -1.950943167313e-14       0.000000000000e+00       1.607395002336e-17       4.109807517498e-18       6.266244621227e-21 
 3989       3.662133896332e-13       1.075346453785e-14      -1.933535234710e-14       0.000000000000e+00       1.605384649139e-17       4.105040781806e-18       8.472325804333e-21 
 3990       3.652337822602e-13       1.070228003574e-14      -1.916096753345e-14       0.000000000000e+00       1.603377080624e-17       4.100097309080e-18       1.076155021741e-20 
 3991       3.642480115938e-13       1.065171700371e-14      -1.898632541248e-14       0.000000000000e+00       1.601372292548e-17       4.094985705258e-18       1.312746902079e-20 
 3992       3.632561521457e-13       1.060177903380e-14      -1.881147426146e-14       0.000000000000e+00       1.599370280648e-17       4.089714593923e-18       1.556362026341e-20 
 3993       3.622582785888e-13       1.055246972380e-14      -1.863646245474e-14       0.000000000000e+00       1.597371040644e-17       4.084292616308e-18       1.806352887455e-20 
 3994       3.612544657582e-13       1.050379267718e-14      -1.846133846378e-14       0.000000000000e+00       1.595374568235e-17       4.078728431308e-18       2.062070665560e-20 
 3995       3.602447886505e-13       1.045575150313e-14      -1.828615085720e-14       0.000000000000e+00       1.593380859104e-17       4.073030715495e-18       2.322865227181e-20 
 3996       3.592293224243e-13       1.040834981659e-14      -1.811094830089e-14       0.000000000000e+00       1.591389908913e-17       4.067208163126e-18       2.588085124402e-20 
 3997       3.582081424002e-13       1.036159123819e-14      -1.793577955801e-14       0.000000000000e+00       1.589401713308e-17       4.061269486153e-18       2.857077594045e-20 
 3998       3.571813240608e-13       1.031547939432e-14      -1.776069348910e-14       0.000000000000e+00       1.587416267914e-17       4.055223414238e-18       3.129188556840e-20 
 3999       3.561489430511e-13       1.027001791708e-14      -1.758573905212e-14       0.000000000000e+00       1.585433568338e-17       4.049078694761e-18       3.403762616605e-20 
 4000       3.551110751784e-13       1.022521044431e-14      -1.741096530251e-14       0.000000000000e+00       1.583453610169e-17       4.042844092833e-18       3.680143059418e-20 
 4001       3.540677964123e-13       1.018106061959e-14      -1.723642139325e-14       0.000000000000e+00       1.581476388976e-17       4.036528391305e-18       3.957671852793e-20 
 4002       3.530191828850e-13       1.013757209224e-14      -1.706215657493e-14       0.000000000000e+00       1.579501900310e-17       4.030140390780e-18       4.235689644854e-20 
 4003       3.519653108914e-13       1.009474851733e-14      -1.688822019580e-14       0.000000000000e+00       1.577530139704e-17       4.023688909627e-18       4.513535763513e-20 
 4004       3.509062568890e-13       1.005259355566e-14      -1.671466170184e-14       0.000000000000e+00       1.575561102670e-17       4.017182783988e-18       4.790548215642e-20 
 4005       3.498420974981e-13       1.001111087380e-14      -1.654153063681e-14       0.000000000000e+00       1.573594784704e-17       4.010630867789e-18       5.066063686250e-20 
 4006       3.487729095022e-13       9.970304144064e-15      -1.636887664233e-14       0.000000000000e+00       1.571631181280e-17       4.004042032757e-18       5.339417537655e-20 
 4007       3.476987698476e-13       9.930177044533e-15      -1.619674945791e-14       0.000000000000e+00       1.569670287857e-17       3.997425168423e-18       5.609943808665e-20 
 4008       3.466197556439e-13       9.890733259038e-15      -1.602519892105e-14       0.000000000000e+00       1.567712099872e-17       3.990789182140e-18       5.876975213746e-20 
 4009       3.455359441638e-13       9.851976477180e-15      -1.585427496727e-14       0.000000000000e+00       1.565756612745e-17       3.984142999090e-18       6.139843142204e-20 
 4010       3.444474128435e-13       9.813910394326e-15      -1.568402763017e-14       0.000000000000e+00       1.563803821876e-17       3.977495562297e-18       6.397877657353e-20 
 4011       3.433542392827e-13       9.776538711611e-15      -1.551450704152e-14       0.000000000000e+00       1.561853722646e-17       3.970855832635e-18       6.650407495696e-20 
 4012       3.422565012443e-13       9.739865135948e-15      -1.534576343128e-14       0.000000000000e+00       1.559906310419e-17       3.964232788847e-18       6.896760066098e-20 
 4013       3.411542766554e-13       9.703893380024e-15      -1.517784712771e-14       0.000000000000e+00       1.557961580538e-17       3.957635427545e-18       7.136261448959e-20 
 4014       3.400476436065e-13       9.668627162306e-15      -1.501080855738e-14       0.000000000000e+00       1.556019528328e-17       3.951072763230e-18       7.368236395393e-20 
 4015       3.389366897493e-13       9.634068704397e-15      -1.484469437115e-14       0.000000000000e+00       1.554080149261e-17       3.944552164989e-18       7.592115450324e-20 
 4016       3.378215405262e-13       9.600214217095e-15      -1.467953580634e-14       0.000000000000e+00       1.552143439452e-17       3.938074359941e-18       7.807756750334e-20 
 4017       3.367023310439e-13       9.567058397865e-15      -1.451536028223e-14       0.000000000000e+00       1.550209395167e-17       3.931638411580e-18       8.015125398487e-20 
 4018       3.355791966856e-13       9.534595931987e-15      -1.435219527027e-14       0.000000000000e+00       1.548278012652e-17       3.925243381427e-18       8.214186447060e-20 
 4019       3.344522731114e-13       9.502821492546e-15      -1.419006829421e-14       0.000000000000e+00       1.546349288140e-17       3.918888329033e-18       8.404904897514e-20 
 4020       3.333216962585e-13       9.471729740422e-15      -1.402900693006e-14       0.000000000000e+00       1.544423217842e-17       3.912572311969e-18       8.587245700469e-20 
 4021       3.321876023412e-13       9.441315324287e-15      -1.386903880616e-14       0.000000000000e+00       1.542499797957e-17       3.906294385835e-18       8.761173755674e-20 
 4022       3.310501278508e-13       9.411572880594e-15      -1.371019160317e-14       0.000000000000e+00       1.540579024662e-17       3.900053604252e-18       8.926653911980e-20 
 4023       3.299094095566e-13       9.382497033568e-15      -1.355249305417e-14       0.000000000000e+00       1.538660894122e-17       3.893849018862e-18       9.083650967313e-20 
 4024       3.287655845052e-13       9.354082395202e-15      -1.339597094463e-14       0.000000000000e+00       1.536745402480e-17       3.887679679328e-18       9.232129668645e-20 
 4025       3.276187900211e-13       9.326323565244e-15      -1.324065311246e-14       0.000000000000e+00       1.534832545867e-17       3.881544633334e-18       9.372054711968e-20 
 4026       3.264691637071e-13       9.299215131194e-15      -1.308656744806e-14       0.000000000000e+00       1.532922320391e-17       3.875442926578e-18       9.503390742265e-20 
 4027       3.253168434438e-13       9.272751668294e-15      -1.293374189433e-14       0.000000000000e+00       1.531014722149e-17       3.869373602778e-18       9.626102353483e-20 
 4028       3.241619673904e-13       9.246927739517e-15      -1.278220444673e-14       0.000000000000e+00       1.529109747217e-17       3.863335703667e-18       9.740154088505e-20 
 4029       3.230046739846e-13       9.221737895565e-15      -1.263198315325e-14       0.000000000000e+00       1.527207391655e-17       3.857328268991e-18       9.845510439122e-20 
 4030       3.218451019427e-13       9.197176674857e-15      -1.248310611453e-14       0.000000000000e+00       1.525307651505e-17       3.851350336509e-18       9.942135846005e-20 
 4031       3.206833902600e-13       9.173238603522e-15      -1.233560148383e-14       0.000000000000e+00       1.523410522793e-17       3.845400941993e-18       1.002999469868e-19 
 4032       3.195196782108e-13       9.149918195392e-15      -1.218949746706e-14       0.000000000000e+00       1.521516001528e-17       3.839479119224e-18       1.010905133550e-19 
 4033       3.183541053488e-13       9.127209951992e-15      -1.204482232285e-14       0.000000000000e+00       1.519624083701e-17       3.833583899993e-18       1.017927004360e-19 
 4034       3.171868115068e-13       9.105108362534e-15      -1.190160436256e-14       0.000000000000e+00       1.517734765286e-17       3.827714314099e-18       1.024061505892e-19 
 4035       3.160179367974e-13       9.083607903909e-15      -1.175987195032e-14       0.000000000000e+00       1.515848042239e-17       3.821869389346e-18       1.029305056610e-19 
 4036       3.148476216128e-13       9.062703040677e-15      -1.161965350304e-14       0.000000000000e+00       1.513963910501e-17       3.816048151546e-18       1.033654069852e-19 
 4037       3.136760066254e-13       9.042388225063e-15      -1.148097749047e-14       0.000000000000e+00       1.512082365993e-17       3.810249624514e-18       1.037104953824e-19 
 4038       3.125032327873e-13       9.022657896945e-15      -1.134387243521e-14       0.000000000000e+00       1.510203404622e-17       3.804472830067e-18       1.039654111599e-19 
 4039       3.113294413313e-13       9.003506483847e-15      -1.120836691277e-14       0.000000000000e+00       1.508327022274e-17       3.798716788026e-18       1.041297941111e-19 
 4040       3.101547737702e-13       8.984928400934e-15      -1.107448955157e-14       0.000000000000e+00       1.506453214820e-17       3.792980516209e-18       1.042032835156e-19 
 4041       3.089793718978e-13       8.966918051000e-15      -1.094226903299e-14       0.000000000000e+00       1.504581978113e-17       3.787263030437e-18       1.041855181388e-19 
 4042       3.078033777885e-13       8.949469824463e-15      -1.081173409139e-14       0.000000000000e+00       1.502713307991e-17       3.781563344525e-18       1.040761362314e-19 
 4043       3.066269337978e-13       8.932578099355e-15      -1.068291351416e-14       0.000000000000e+00       1.500847200270e-17       3.775880470289e-18       1.038747755295e-19 
 4044       3.054501825620e-13       8.916237241316e-15      -1.055583614175e-14       0.000000000000e+00       1.498983650753e-17       3.770213417536e-18       1.035810732539e-19 
 4045       3.042732669992e-13       8.900441603585e-15      -1.043053086768e-14       0.000000000000e+00       1.497122655224e-17       3.764561194070e-18       1.031946661104e-19 
 4046       3.030963303086e-13       8.885185526993e-15      -1.030702663858e-14       0.000000000000e+00       1.495264209450e-17       3.758922805689e-18       1.027151902888e-19 
 4047       3.019195159713e-13       8.870463339953e-15      -1.018535245425e-14       0.000000000000e+00       1.493408309178e-17       3.753297256178e-18       1.021422814632e-19 
 4048       3.007429677501e-13       8.856269358453e-15      -1.006553736764e-14       0.000000000000e+00       1.491554950143e-17       3.747683547317e-18       1.014755747916e-19 
 4049       2.995668296898e-13       8.842597886051e-15      -9.947610484951e-15       0.000000000000e+00       1.489704128058e-17       3.742080678873e-18       1.007147049153e-19 
 4050       2.983912461175e-13       8.829443213862e-15      -9.831600965591e-15       0.000000000000e+00       1.487855838620e-17       3.736487648601e-18       9.985930595918e-20 
 4051       2.972163616425e-13       8.816799620554e-15      -9.717538022263e-15       0.000000000000e+00       1.486010077509e-17       3.730903452244e-18       9.890901153082e-20 
 4052       2.960423211567e-13       8.804661372338e-15      -9.605450920974e-15       0.000000000000e+00       1.484166840387e-17       3.725327083529e-18       9.786345472068e-20 
 4053       2.948692698348e-13       8.793022722961e-15      -9.495368981071e-15       0.000000000000e+00       1.482326122899e-17       3.719757534168e-18       9.672226810162e-20 
 4054       2.936973486154e-13       8.781877281338e-15      -9.387316452454e-15       0.000000000000e+00       1.480487920826e-17       3.714194088599e-18       9.548625871745e-20 
 4055       2.925266806275e-13       8.771216111961e-15      -9.281297126946e-15       0.000000000000e+00       1.478652230539e-17       3.708637209386e-18       9.416093768633e-20 
 4056       2.913573847154e-13       8.761029627612e-15      -9.177309671371e-15       0.000000000000e+00       1.476819048549e-17       3.703087655017e-18       9.275300335339e-20 
 4057       2.901895799532e-13       8.751308221080e-15      -9.075352745315e-15       0.000000000000e+00       1.474988371349e-17       3.697546185452e-18       9.126916746915e-20 
 4058       2.890233856452e-13       8.742042265154e-15      -8.975425001115e-15       0.000000000000e+00       1.473160195418e-17       3.692013562124e-18       8.971615519782e-20 
 4059       2.878589213256e-13       8.733222112606e-15      -8.877525083863e-15       0.000000000000e+00       1.471334517217e-17       3.686490547940e-18       8.810070512560e-20 
 4060       2.866963067589e-13       8.724838096183e-15      -8.781651631389e-15       0.000000000000e+00       1.469511333194e-17       3.680977907282e-18       8.642956926901e-20 
 4061       2.855356619401e-13       8.716880528592e-15      -8.687803274266e-15       0.000000000000e+00       1.467690639779e-17       3.675476406007e-18       8.470951308311e-20 
 4062       2.843771070947e-13       8.709339702485e-15      -8.595978635799e-15       0.000000000000e+00       1.465872433388e-17       3.669986811448e-18       8.294731546991e-20 
 4063       2.832207626789e-13       8.702205890451e-15      -8.506176332020e-15       0.000000000000e+00       1.464056710420e-17       3.664509892417e-18       8.114976878658e-20 
 4064       2.820667493796e-13       8.695469345003e-15      -8.418394971685e-15       0.000000000000e+00       1.462243467259e-17       3.659046419203e-18       7.932367885379e-20 
 4065       2.809151881150e-13       8.689120298562e-15      -8.332633156265e-15       0.000000000000e+00       1.460432700273e-17       3.653597163574e-18       7.747586496402e-20 
 4066       2.797662000341e-13       8.683148963446e-15      -8.248889479943e-15       0.000000000000e+00       1.458624405814e-17       3.648162898779e-18       7.561315988981e-20 
 4067       2.786199065172e-13       8.677545531860e-15      -8.167162529608e-15       0.000000000000e+00       1.456818580217e-17       3.642744399548e-18       7.374240989214e-20 
 4068       2.774764291761e-13       8.672300175880e-15      -8.087450884852e-15       0.000000000000e+00       1.455015219805e-17       3.637342442093e-18       7.187047472865e-20 
 4069       2.763358898540e-13       8.667403047442e-15      -8.009753117959e-15       0.000000000000e+00       1.453214320881e-17       3.631957804107e-18       7.000422766198e-20 
 4070       2.751984106260e-13       8.662844278329e-15      -7.934067793904e-15       0.000000000000e+00       1.451415879733e-17       3.626591264770e-18       6.815055546809e-20 
 4071       2.740641137987e-13       8.658613980160e-15      -7.860393470347e-15       0.000000000000e+00       1.449619892636e-17       3.621243604743e-18       6.631635844451e-20 
 4072       2.729331219108e-13       8.654702244376e-15      -7.788728697625e-15       0.000000000000e+00       1.447826355847e-17       3.615915606175e-18       6.450855041867e-20 
 4073       2.718055577333e-13       8.651099142225e-15      -7.719072018752e-15       0.000000000000e+00       1.446035265605e-17       3.610608052701e-18       6.273405875620e-20 
 4074       2.706815442690e-13       8.647794724756e-15      -7.651421969407e-15       0.000000000000e+00       1.444246618137e-17       3.605321729442e-18       6.099982436923e-20 
 4075       2.695612047535e-13       8.644779022800e-15      -7.585777077932e-15       0.000000000000e+00       1.442460409653e-17       3.600057423010e-18       5.931280172468e-20 
 4076       2.684446626546e-13       8.642042046962e-15      -7.522135865328e-15       0.000000000000e+00       1.440676636345e-17       3.594815921502e-18       5.767995885259e-20 
 4077       2.673320416730e-13       8.639573787604e-15      -7.460496845247e-15       0.000000000000e+00       1.438895294392e-17       3.589598014509e-18       5.610827735435e-20 
 4078       2.662234657419e-13       8.637364214836e-15      -7.400858523986e-15       0.000000000000e+00       1.437116379954e-17       3.584404493110e-18       5.460475241109e-20 
 4079       2.651190590278e-13       8.635403278505e-15      -7.343219400484e-15       0.000000000000e+00       1.435339889178e-17       3.579236149878e-18       5.317639279192e-20 
 4080       2.640189459300e-13       8.633680908175e-15      -7.287577966317e-15       0.000000000000e+00       1.433565818194e-17       3.574093778878e-18       5.183022086226e-20 
 4081       2.629232510811e-13       8.632187013124e-15      -7.233932705690e-15       0.000000000000e+00       1.431794163114e-17       3.568978175667e-18       5.057327259210e-20 
 4082       2.618320993472e-13       8.630911482324e-15      -7.182282095430e-15       0.000000000000e+00       1.430024920038e-17       3.563890137300e-18       4.941259756437e-20 
 4083       2.607456158276e-13       8.629844184433e-15      -7.132624604989e-15       0.000000000000e+00       1.428258085046e-17       3.558830462324e-18       4.835525898316e-20 
 4084       2.596639258555e-13       8.628974967778e-15      -7.084958696427e-15       0.000000000000e+00       1.426493654205e-17       3.553799950783e-18       4.740833368208e-20 
 4085       2.585871549977e-13       8.628293660348e-15      -7.039282824416e-15       0.000000000000e+00       1.424731623565e-17       3.548799404221e-18       4.657891213253e-20 
 4086       2.575154290551e-13       8.627790069777e-15      -6.995595436231e-15       0.000000000000e+00       1.422971989158e-17       3.543829625676e-18       4.587409845203e-20 
 4087       2.564488740626e-13       8.627453983334e-15      -6.953894971742e-15       0.000000000000e+00       1.421214747004e-17       3.538891419688e-18       4.530101041247e-20 
 4088       2.553876162891e-13       8.627275167910e-15      -6.914179863413e-15       0.000000000000e+00       1.419459893102e-17       3.533985592297e-18       4.486677944846e-20 
 4089       2.543317822382e-13       8.627243370003e-15      -6.876448536296e-15       0.000000000000e+00       1.417707423440e-17       3.529112951041e-18       4.457855066560e-20 
 4090       2.532814986477e-13       8.627348315709e-15      -6.840699408022e-15       0.000000000000e+00       1.415957333986e-17       3.524274304962e-18       4.444348284879e-20 
 4091       2.522368924901e-13       8.627579710707e-15      -6.806930888798e-15       0.000000000000e+00       1.414209620694e-17       3.519470464604e-18       4.446874847055e-20 
 4092       2.511980909727e-13       8.627927240249e-15      -6.775141381402e-15       0.000000000000e+00       1.412464279502e-17       3.514702242016e-18       4.466153369927e-20 
 4093       2.501652081943e-13       8.628380924030e-15      -6.745325671910e-15       0.000000000000e+00       1.410721306471e-17       3.509970105666e-18       4.502631669739e-20 
 4094       2.491383050635e-13       8.628932182216e-15      -6.717464087773e-15       0.000000000000e+00       1.408980698212e-17       3.505273143846e-18       4.555669185964e-20 
 4095       2.481174292371e-13       8.629572773212e-15      -6.691533300916e-15       0.000000000000e+00       1.407242451463e-17       3.500610097560e-18       4.624351632408e-20 
 4096       2.471026284506e-13       8.630294439107e-15      -6.667509933450e-15       0.000000000000e+00       1.405506562946e-17       3.495979705270e-18       4.707762901215e-20 
 4097       2.460939505184e-13       8.631088905667e-15      -6.645370557642e-15       0.000000000000e+00       1.403773029370e-17       3.491380702890e-18       4.804985061749e-20 
 4098       2.450914433335e-13       8.631947882324e-15      -6.625091695879e-15       0.000000000000e+00       1.402041847429e-17       3.486811823791e-18       4.915098359477e-20 
 4099       2.440951548679e-13       8.632863062168e-15      -6.606649820640e-15       0.000000000000e+00       1.400313013801e-17       3.482271798795e-18       5.037181214846e-20 
 4100       2.431051331725e-13       8.633826121935e-15      -6.590021354467e-15       0.000000000000e+00       1.398586525152e-17       3.477759356173e-18       5.170310222168e-20 
 4101       2.421214263771e-13       8.634828721998e-15      -6.575182669929e-15       0.000000000000e+00       1.396862378132e-17       3.473273221648e-18       5.313560148500e-20 
 4102       2.411440826903e-13       8.635862506356e-15      -6.562110089592e-15       0.000000000000e+00       1.395140569376e-17       3.468812118387e-18       5.466003932522e-20 
 4103       2.401731504001e-13       8.636919102624e-15      -6.550779885991e-15       0.000000000000e+00       1.393421095505e-17       3.464374767005e-18       5.626712683422e-20 
 4104       2.392086778731e-13       8.637990122026e-15      -6.541168281594e-15       0.000000000000e+00       1.391703953126e-17       3.459959885560e-18       5.794755679772e-20 
 4105       2.382507135555e-13       8.639067159380e-15      -6.533251448774e-15       0.000000000000e+00       1.389989138831e-17       3.455566189554e-18       5.969200368416e-20 
 4106       2.372993059724e-13       8.640141793092e-15      -6.527005509777e-15       0.000000000000e+00       1.388276649197e-17       3.451192391928e-18       6.149112363345e-20 
 4107       2.363545037280e-13       8.641205585144e-15      -6.522406536691e-15       0.000000000000e+00       1.386566480787e-17       3.446837203065e-18       6.333555444577e-20 
 4108       2.354163555060e-13       8.642250081085e-15      -6.519430551412e-15       0.000000000000e+00       1.384858630148e-17       3.442499330784e-18       6.521591557046e-20 
 4109       2.344849100692e-13       8.643266810022e-15      -6.518053525616e-15       0.000000000000e+00       1.383153093814e-17       3.438177480341e-18       6.712280809473e-20 
 4110       2.335602162599e-13       8.644247284605e-15      -6.518251380728e-15       0.000000000000e+00       1.381449868305e-17       3.433870354427e-18       6.904681473255e-20 
 4111       2.326423229995e-13       8.645183001023e-15      -6.519999987888e-15       0.000000000000e+00       1.379748950123e-17       3.429576653166e-18       7.097849981339e-20 
 4112       2.317312792893e-13       8.646065438993e-15      -6.523275167922e-15       0.000000000000e+00       1.378050335758e-17       3.425295074113e-18       7.290840927110e-20 
 4113       2.308271342097e-13       8.646886061746e-15      -6.528052691307e-15       0.000000000000e+00       1.376354021686e-17       3.421024312254e-18       7.482707063266e-20 
 4114       2.299299369206e-13       8.647636316020e-15      -6.534308278147e-15       0.000000000000e+00       1.374660004365e-17       3.416763060004e-18       7.672499300701e-20 
 4115       2.290397366617e-13       8.648307632051e-15      -6.542017598133e-15       0.000000000000e+00       1.372968280242e-17       3.412510007203e-18       7.859266707389e-20 
 4116       2.281565827522e-13       8.648891423561e-15      -6.551156270520e-15       0.000000000000e+00       1.371278845748e-17       3.408263841119e-18       8.042056507258e-20 
 4117       2.272805245909e-13       8.649379087748e-15      -6.561699864089e-15       0.000000000000e+00       1.369591697297e-17       3.404023246440e-18       8.219914079078e-20 
 4118       2.264116116563e-13       8.649762005277e-15      -6.573623897119e-15       0.000000000000e+00       1.367906831292e-17       3.399786905281e-18       8.391882955339e-20 
 4119       2.255498935068e-13       8.650031540270e-15      -6.586903837356e-15       0.000000000000e+00       1.366224244119e-17       3.395553497174e-18       8.557004821130e-20 
 4120       2.246954197805e-13       8.650179040295e-15      -6.601515101980e-15       0.000000000000e+00       1.364543932149e-17       3.391321699071e-18       8.714319513024e-20 
 4121       2.238482401951e-13       8.650195836356e-15      -6.617433057574e-15       0.000000000000e+00       1.362865891739e-17       3.387090185343e-18       8.862865017954e-20 
 4122       2.230084045486e-13       8.650073242886e-15      -6.634633020096e-15       0.000000000000e+00       1.361190119232e-17       3.382857627774e-18       9.001677472099e-20 
 4123       2.221759627186e-13       8.649802557732e-15      -6.653090254843e-15       0.000000000000e+00       1.359516610955e-17       3.378622695566e-18       9.129791159763e-20 
 4124       2.213509646629e-13       8.649375062149e-15      -6.672779976422e-15       0.000000000000e+00       1.357845363220e-17       3.374384055331e-18       9.246238512253e-20 
 4125       2.205334604191e-13       8.648782020788e-15      -6.693677348719e-15       0.000000000000e+00       1.356176372326e-17       3.370140371092e-18       9.350050106764e-20 
 4126       2.197235001049e-13       8.648014681687e-15      -6.715757484867e-15       0.000000000000e+00       1.354509634555e-17       3.365890304285e-18       9.440254665259e-20 
 4127       2.189211339182e-13       8.647064276261e-15      -6.738995447216e-15       0.000000000000e+00       1.352845146175e-17       3.361632513750e-18       9.515879053348e-20 
 4128       2.181264121371e-13       8.645922019290e-15      -6.763366247299e-15       0.000000000000e+00       1.351182903439e-17       3.357365655737e-18       9.575948279170e-20 
 4129       2.173393851197e-13       8.644579108913e-15      -6.788844845804e-15       0.000000000000e+00       1.349522902587e-17       3.353088383898e-18       9.619485492277e-20 
 4130       2.165601033045e-13       8.643026726613e-15      -6.815406152541e-15       0.000000000000e+00       1.347865139841e-17       3.348799349291e-18       9.645511982509e-20 
 4131       2.157886172101e-13       8.641256037211e-15      -6.843025026410e-15       0.000000000000e+00       1.346209611410e-17       3.344497200374e-18       9.653047178879e-20 
 4132       2.150249635334e-13       8.639259151535e-15      -6.871675625153e-15       0.000000000000e+00       1.344556313619e-17       3.340181275183e-18       9.641406961076e-20 
 4133       2.142691233885e-13       8.637032018175e-15      -6.901329452156e-15       0.000000000000e+00       1.342905243299e-17       3.335853680544e-18       9.611099751349e-20 
 4134       2.135210639199e-13       8.634571541961e-15      -6.931957302657e-15       0.000000000000e+00       1.341256397397e-17       3.331517220230e-18       9.562933597939e-20 
 4135       2.127807521906e-13       8.631874622214e-15      -6.963529913301e-15       0.000000000000e+00       1.339609772849e-17       3.327174703459e-18       9.497718152111e-20 
 4136       2.120481551826e-13       8.628938152739e-15      -6.996017962101e-15       0.000000000000e+00       1.337965366577e-17       3.322828944892e-18       9.416264669129e-20 
 4137       2.113232397964e-13       8.625759021825e-15      -7.029392068408e-15       0.000000000000e+00       1.336323175487e-17       3.318482764642e-18       9.319386009239e-20 
 4138       2.106059728514e-13       8.622334112241e-15      -7.063622792869e-15       0.000000000000e+00       1.334683196475e-17       3.314138988275e-18       9.207896638638e-20 
 4139       2.098963210855e-13       8.618660301230e-15      -7.098680637394e-15       0.000000000000e+00       1.333045426421e-17       3.309800446813e-18       9.082612630458e-20 
 4140       2.091942511552e-13       8.614734460509e-15      -7.134536045121e-15       0.000000000000e+00       1.331409862194e-17       3.305469976737e-18       8.944351665739e-20 
 4141       2.084997296355e-13       8.610553456267e-15      -7.171159400378e-15       0.000000000000e+00       1.329776500647e-17       3.301150419991e-18       8.793933034409e-20 
 4142       2.078127230198e-13       8.606114149156e-15      -7.208521028649e-15       0.000000000000e+00       1.328145338622e-17       3.296844623986e-18       8.632177636257e-20 
 4143       2.071331977201e-13       8.601413394294e-15      -7.246591196537e-15       0.000000000000e+00       1.326516372945e-17       3.292555441603e-18       8.459907981915e-20 
 4144       2.064611200664e-13       8.596448041257e-15      -7.285340111729e-15       0.000000000000e+00       1.324889600430e-17       3.288285731193e-18       8.277948193832e-20 
 4145       2.057964563074e-13       8.591214934079e-15      -7.324737922958e-15       0.000000000000e+00       1.323265017877e-17       3.284038356585e-18       8.087124007252e-20 
 4146       2.051391726098e-13       8.585710911248e-15      -7.364754719971e-15       0.000000000000e+00       1.321642622073e-17       3.279816187089e-18       7.888262771191e-20 
 4147       2.044892350586e-13       8.579932805701e-15      -7.405360533490e-15       0.000000000000e+00       1.320022409792e-17       3.275622097494e-18       7.682193449413e-20 
 4148       2.038466096568e-13       8.573877444823e-15      -7.446525335178e-15       0.000000000000e+00       1.318404377793e-17       3.271458968077e-18       7.469746621409e-20 
 4149       2.032112623257e-13       8.567541650442e-15      -7.488219037600e-15       0.000000000000e+00       1.316788522821e-17       3.267329684605e-18       7.251754483375e-20 
 4150       2.025831589044e-13       8.560922238829e-15      -7.530411494192e-15       0.000000000000e+00       1.315174841610e-17       3.263237138336e-18       7.029050849184e-20 
 4151       2.019622651503e-13       8.554016020690e-15      -7.573072499221e-15       0.000000000000e+00       1.313563330879e-17       3.259184226024e-18       6.802471151368e-20 
 4152       2.013485467384e-13       8.546819801165e-15      -7.616171787753e-15       0.000000000000e+00       1.311953987333e-17       3.255173849923e-18       6.572852442095e-20 
 4153       2.007419692618e-13       8.539330379827e-15      -7.659679035613e-15       0.000000000000e+00       1.310346807665e-17       3.251208917788e-18       6.341033394143e-20 
 4154       2.001424982313e-13       8.531544550675e-15      -7.703563859351e-15       0.000000000000e+00       1.308741788551e-17       3.247292342882e-18       6.107854301880e-20 
 4155       1.995500990755e-13       8.523459102133e-15      -7.747795816207e-15       0.000000000000e+00       1.307138926657e-17       3.243427043975e-18       5.874157082237e-20 
 4156       1.989647371408e-13       8.515070817046e-15      -7.792344404076e-15       0.000000000000e+00       1.305538218634e-17       3.239615945349e-18       5.640785275691e-20 
 4157       1.983863776912e-13       8.506376472677e-15      -7.837179061467e-15       0.000000000000e+00       1.303939661120e-17       3.235861976804e-18       5.408584047239e-20 
 4158       1.978149859084e-13       8.497372840705e-15      -7.882269167473e-15       0.000000000000e+00       1.302343250738e-17       3.232168073656e-18       5.178400187374e-20 
 4159       1.972505268915e-13       8.488056687218e-15      -7.927584041734e-15       0.000000000000e+00       1.300748984099e-17       3.228537176745e-18       4.951082113062e-20 
 4160       1.966929656572e-13       8.478424772715e-15      -7.973092944397e-15       0.000000000000e+00       1.299156857798e-17       3.224972232437e-18       4.727479868724e-20 
 4161       1.961422671396e-13       8.468473852098e-15      -8.018765076086e-15       0.000000000000e+00       1.297566868419e-17       3.221476192624e-18       4.508445127206e-20 
 4162       1.955983961905e-13       8.458200674672e-15      -8.064569577863e-15       0.000000000000e+00       1.295979012532e-17       3.218052014732e-18       4.294831190762e-20 
 4163       1.950613175785e-13       8.447601984139e-15      -8.110475531191e-15       0.000000000000e+00       1.294393286691e-17       3.214702661724e-18       4.087492992027e-20 
 4164       1.945309959900e-13       8.436674518599e-15      -8.156451957901e-15       0.000000000000e+00       1.292809687438e-17       3.211431102097e-18       3.887287094997e-20 
 4165       1.940073960285e-13       8.425415010541e-15      -8.202467820154e-15       0.000000000000e+00       1.291228211302e-17       3.208240309895e-18       3.695071696004e-20 
 4166       1.934904822145e-13       8.413820186846e-15      -8.248492020408e-15       0.000000000000e+00       1.289648854798e-17       3.205133264705e-18       3.511706624694e-20 
 4167       1.929802189858e-13       8.401886768778e-15      -8.294493401377e-15       0.000000000000e+00       1.288071614424e-17       3.202112951660e-18       3.338053345004e-20 
 4168       1.924765706974e-13       8.389611471984e-15      -8.340440746001e-15       0.000000000000e+00       1.286496486670e-17       3.199182361450e-18       3.174974956141e-20 
 4169       1.919795016211e-13       8.376991006492e-15      -8.386302777407e-15       0.000000000000e+00       1.284923468007e-17       3.196344490315e-18       3.023336193556e-20 
 4170       1.914889759459e-13       8.364022076703e-15      -8.432048158872e-15       0.000000000000e+00       1.283352554896e-17       3.193602340058e-18       2.884003429920e-20 
 4171       1.910049503356e-13       8.350702330758e-15      -8.477647521888e-15       0.000000000000e+00       1.281783743902e-17       3.190957772682e-18       2.757636160580e-20 
 4172       1.905273515740e-13       8.337033212266e-15      -8.523079558191e-15       0.000000000000e+00       1.280217032061e-17       3.188408069934e-18       2.644060658080e-20 
 4173       1.900560988415e-13       8.323017118584e-15      -8.568324949058e-15       0.000000000000e+00       1.278652416514e-17       3.185949361683e-18       2.542894119307e-20 
 4174       1.895911111494e-13       8.308656452368e-15      -8.613364339134e-15       0.000000000000e+00       1.277089894391e-17       3.183577770180e-18       2.453752980661e-20 
 4175       1.891323073399e-13       8.293953621575e-15      -8.658178336408e-15       0.000000000000e+00       1.275529462811e-17       3.181289410049e-18       2.376252917599e-20 
 4176       1.886796060861e-13       8.278911039465e-15      -8.702747512195e-15       0.000000000000e+00       1.273971118878e-17       3.179080388286e-18       2.310008844166e-20 
 4177       1.882329258918e-13       8.263531124605e-15      -8.747052401109e-15       0.000000000000e+00       1.272414859685e-17       3.176946804253e-18       2.254634912544e-20 
 4178       1.877921850916e-13       8.247816300873e-15      -8.791073501047e-15       0.000000000000e+00       1.270860682313e-17       3.174884749671e-18       2.209744512583e-20 
 4179       1.873573018505e-13       8.231768997463e-15      -8.834791273161e-15       0.000000000000e+00       1.269308583829e-17       3.172890308622e-18       2.174950271343e-20 
 4180       1.869281941639e-13       8.215391648883e-15      -8.878186141842e-15       0.000000000000e+00       1.267758561289e-17       3.170959557535e-18       2.149864052636e-20 
 4181       1.865047798575e-13       8.198686694965e-15      -8.921238494692e-15       0.000000000000e+00       1.266210611735e-17       3.169088565189e-18       2.134096956560e-20 
 4182       1.860869765875e-13       8.181656580861e-15      -8.963928682508e-15       0.000000000000e+00       1.264664732199e-17       3.167273392708e-18       2.127259319042e-20 
 4183       1.856747018398e-13       8.164303757055e-15      -9.006237019257e-15       0.000000000000e+00       1.263120919698e-17       3.165510093550e-18       2.128960711377e-20 
 4184       1.852678729308e-13       8.146630679357e-15      -9.048143782054e-15       0.000000000000e+00       1.261579171237e-17       3.163794713509e-18       2.138809939765e-20 
 4185       1.848664070063e-13       8.128639808914e-15      -9.089629211141e-15       0.000000000000e+00       1.260039483810e-17       3.162123290708e-18       2.156415044850e-20 
 4186       1.844702210423e-13       8.110333612209e-15      -9.130673509867e-15       0.000000000000e+00       1.258501854398e-17       3.160491855595e-18       2.181383301264e-20 
 4187       1.840792318443e-13       8.091714561065e-15      -9.171256844662e-15       0.000000000000e+00       1.256966279968e-17       3.158896430936e-18       2.213321217160e-20 
 4188       1.836933560475e-13       8.072785132650e-15      -9.211359345017e-15       0.000000000000e+00       1.255432757475e-17       3.157333031813e-18       2.251834533754e-20 
 4189       1.833125101165e-13       8.053547809479e-15      -9.250961103464e-15       0.000000000000e+00       1.253901283863e-17       3.155797665620e-18       2.296528224866e-20 
 4190       1.829366103455e-13       8.034005079415e-15      -9.290042175553e-15       0.000000000000e+00       1.252371856061e-17       3.154286332056e-18       2.347006496456e-20 
 4191       1.825655728577e-13       8.014159435679e-15      -9.328582579827e-15       0.000000000000e+00       1.250844470989e-17       3.152795023120e-18       2.402872786164e-20 
 4192       1.821993136056e-13       7.994013376845e-15      -9.366562297806e-15       0.000000000000e+00       1.249319125550e-17       3.151319723110e-18       2.463729762851e-20 
 4193       1.818377483708e-13       7.973569406850e-15      -9.403961273959e-15       0.000000000000e+00       1.247795816639e-17       3.149856408616e-18       2.529179326135e-20 
 4194       1.814807927640e-13       7.952830034993e-15      -9.440759415689e-15       0.000000000000e+00       1.246274541133e-17       3.148401048514e-18       2.598822605933e-20 
 4195       1.811283622245e-13       7.931797775942e-15      -9.476936593305e-15       0.000000000000e+00       1.244755295902e-17       3.146949603964e-18       2.672259962000e-20 
 4196       1.807803720206e-13       7.910475149732e-15      -9.512472640001e-15       0.000000000000e+00       1.243238077800e-17       3.145498028405e-18       2.749090983466e-20 
 4197       1.804367372492e-13       7.888864681775e-15      -9.547347351838e-15       0.000000000000e+00       1.241722883670e-17       3.144042267550e-18       2.828914488376e-20 
 4198       1.800973728356e-13       7.866968902859e-15      -9.581540487720e-15       0.000000000000e+00       1.240209710341e-17       3.142578259378e-18       2.911328523232e-20 
 4199       1.797621935338e-13       7.844790349150e-15      -9.615031769369e-15       0.000000000000e+00       1.238698554629e-17       3.141101934137e-18       2.995930362529e-20 
 4200       1.794311139259e-13       7.822331562201e-15      -9.647800881311e-15       0.000000000000e+00       1.237189413340e-17       3.139609214332e-18       3.082316508293e-20 
 4201       1.791040484226e-13       7.799595088949e-15      -9.679827470844e-15       0.000000000000e+00       1.235682283266e-17       3.138096014725e-18       3.170082689624e-20 
 4202       1.787809112624e-13       7.776583481722e-15      -9.711091148023e-15       0.000000000000e+00       1.234177161184e-17       3.136558242328e-18       3.258823862235e-20 
 4203       1.784616165120e-13       7.753299298242e-15      -9.741571485640e-15       0.000000000000e+00       1.232674043863e-17       3.134991796398e-18       3.348134207986e-20 
 4204       1.781460780659e-13       7.729745101629e-15      -9.771248019193e-15       0.000000000000e+00       1.231172928055e-17       3.133392568437e-18       3.437607134430e-20 
 4205       1.778342096466e-13       7.705923460399e-15      -9.800100246873e-15       0.000000000000e+00       1.229673810501e-17       3.131756442180e-18       3.526835274346e-20 
 4206       1.775259248044e-13       7.681836948476e-15      -9.828107629540e-15       0.000000000000e+00       1.228176687930e-17       3.130079293596e-18       3.615410485284e-20 
 4207       1.772211369168e-13       7.657488145187e-15      -9.855249590696e-15       0.000000000000e+00       1.226681557058e-17       3.128356990884e-18       3.702923849100e-20 
 4208       1.769197591893e-13       7.632879635272e-15      -9.881505516472e-15       0.000000000000e+00       1.225188414588e-17       3.126585394462e-18       3.788965671495e-20 
 4209       1.766217046546e-13       7.608014008882e-15      -9.906854755598e-15       0.000000000000e+00       1.223697257209e-17       3.124760356969e-18       3.873125481559e-20 
 4210       1.763268873179e-13       7.582894337290e-15      -9.931279628346e-15       0.000000000000e+00       1.222208081711e-17       3.122878550881e-18       3.955040017853e-20 
 4211       1.760352255971e-13       7.557525601808e-15      -9.954774464830e-15       0.000000000000e+00       1.220720885319e-17       3.120939954523e-18       4.034537369964e-20 
 4212       1.757466388945e-13       7.531913269849e-15      -9.977336598116e-15       0.000000000000e+00       1.219235665355e-17       3.118945374699e-18       4.111493337701e-20 
 4213       1.754610464522e-13       7.506062819679e-15      -9.998963358122e-15       0.000000000000e+00       1.217752419133e-17       3.116895619858e-18       4.185783489984e-20 
 4214       1.751783673525e-13       7.479979740429e-15      -1.001965207161e-14       0.000000000000e+00       1.216271143954e-17       3.114791500094e-18       4.257283164709e-20 
 4215       1.748985205175e-13       7.453669532093e-15      -1.003940006220e-14       0.000000000000e+00       1.214791837108e-17       3.112633827147e-18       4.325867468613e-20 
 4216       1.746214247091e-13       7.427137705544e-15      -1.005820465034e-14       0.000000000000e+00       1.213314495872e-17       3.110423414405e-18       4.391411277136e-20 
 4217       1.743469985289e-13       7.400389782532e-15      -1.007606315334e-14       0.000000000000e+00       1.211839117513e-17       3.108161076901e-18       4.453789234287e-20 
 4218       1.740751604180e-13       7.373431295697e-15      -1.009297288534e-14       0.000000000000e+00       1.210365699286e-17       3.105847631320e-18       4.512875752507e-20 
 4219       1.738058286572e-13       7.346267788572e-15      -1.010893115732e-14       0.000000000000e+00       1.208894238436e-17       3.103483895997e-18       4.568545012532e-20 
 4220       1.735389213663e-13       7.318904815590e-15      -1.012393527712e-14       0.000000000000e+00       1.207424732193e-17       3.101070690915e-18       4.620670963260e-20 
 4221       1.732743565047e-13       7.291347942092e-15      -1.013798254938e-14       0.000000000000e+00       1.205957177779e-17       3.098608837713e-18       4.669127321612e-20 
 4222       1.730120518711e-13       7.263602744332e-15      -1.015107027562e-14       0.000000000000e+00       1.204491572401e-17       3.096099159681e-18       4.713787572397e-20 
 4223       1.727519251029e-13       7.235674809484e-15      -1.016319575417e-14       0.000000000000e+00       1.203027913259e-17       3.093542481762e-18       4.754524968177e-20 
 4224       1.724938936768e-13       7.207569735650e-15      -1.017435628019e-14       0.000000000000e+00       1.201566197537e-17       3.090939630556e-18       4.791212529128e-20 
 4225       1.722378749085e-13       7.179293131862e-15      -1.018454914569e-14       0.000000000000e+00       1.200106422409e-17       3.088291434318e-18       4.823723042908e-20 
 4226       1.719837859522e-13       7.150850618096e-15      -1.019377163948e-14       0.000000000000e+00       1.198648585038e-17       3.085598722961e-18       4.851929064519e-20 
 4227       1.717315438011e-13       7.122247825269e-15      -1.020202104724e-14       0.000000000000e+00       1.197192682576e-17       3.082862328054e-18       4.875702916170e-20 
 4228       1.714810652868e-13       7.093490395256e-15      -1.020929465146e-14       0.000000000000e+00       1.195738712161e-17       3.080083082827e-18       4.894916687142e-20 
 4229       1.712322670796e-13       7.064583980888e-15      -1.021558973143e-14       0.000000000000e+00       1.194286670922e-17       3.077261822169e-18       4.909442233653e-20 
 4230       1.709850656881e-13       7.035534245962e-15      -1.022090356331e-14       0.000000000000e+00       1.192836555974e-17       3.074399382630e-18       4.919151178722e-20 
 4231       1.707393774594e-13       7.006346865249e-15      -1.022523342005e-14       0.000000000000e+00       1.191388364422e-17       3.071496602422e-18       4.923914912029e-20 
 4232       1.704951185786e-13       6.977027524496e-15      -1.022857657143e-14       0.000000000000e+00       1.189942093359e-17       3.068554321422e-18       4.923604589783e-20 
 4233       1.702522050691e-13       6.947581920439e-15      -1.023093028406e-14       0.000000000000e+00       1.188497739866e-17       3.065573381167e-18       4.918091134588e-20 
 4234       1.700105527924e-13       6.918015760804e-15      -1.023229182135e-14       0.000000000000e+00       1.187055301013e-17       3.062554624862e-18       4.907245235299e-20 
 4235       1.697700774479e-13       6.888334764314e-15      -1.023265844356e-14       0.000000000000e+00       1.185614773858e-17       3.059498897378e-18       4.890937346896e-20 
 4236       1.695306945726e-13       6.858544660700e-15      -1.023202740772e-14       0.000000000000e+00       1.184176155446e-17       3.056407045251e-18       4.869037690339e-20 
 4237       1.692923195416e-13       6.828651190703e-15      -1.023039596771e-14       0.000000000000e+00       1.182739442813e-17       3.053279916686e-18       4.841416252438e-20 
 4238       1.690548675675e-13       6.798660106080e-15      -1.022776137421e-14       0.000000000000e+00       1.181304632982e-17       3.050118361559e-18       4.807942785714e-20 
 4239       1.688182537005e-13       6.768577169617e-15      -1.022412087472e-14       0.000000000000e+00       1.179871722963e-17       3.046923231412e-18       4.768486808265e-20 
 4240       1.685823928283e-13       6.738408155128e-15      -1.021947171352e-14       0.000000000000e+00       1.178440709756e-17       3.043695379461e-18       4.722917603628e-20 
 4241       1.683471996759e-13       6.708158847465e-15      -1.021381113174e-14       0.000000000000e+00       1.177011590349e-17       3.040435660593e-18       4.671104220645e-20 
 4242       1.681125888055e-13       6.677835042524e-15      -1.020713636729e-14       0.000000000000e+00       1.175584361717e-17       3.037144931368e-18       4.612915473324e-20 
 4243       1.678784746167e-13       6.647442547254e-15      -1.019944465490e-14       0.000000000000e+00       1.174159020826e-17       3.033824050020e-18       4.548219940708e-20 
 4244       1.676447713460e-13       6.616987179657e-15      -1.019073322608e-14       0.000000000000e+00       1.172735564628e-17       3.030473876458e-18       4.476885966732e-20 
 4245       1.674113930669e-13       6.586474768803e-15      -1.018099930917e-14       0.000000000000e+00       1.171313990063e-17       3.027095272267e-18       4.398781660095e-20 
 4246       1.671782536899e-13       6.555911154830e-15      -1.017024012929e-14       0.000000000000e+00       1.169894294060e-17       3.023689100708e-18       4.313774894116e-20 
 4247       1.669452669622e-13       6.525302188952e-15      -1.015845290838e-14       0.000000000000e+00       1.168476473538e-17       3.020256226722e-18       4.221733306604e-20 
 4248       1.667123464678e-13       6.494653733470e-15      -1.014563486516e-14       0.000000000000e+00       1.167060525401e-17       3.016797516928e-18       4.122524299721e-20 
 4249       1.664794128682e-13       6.463971537048e-15      -1.013178562326e-14       0.000000000000e+00       1.165646446646e-17       3.013314990681e-18       4.016094637281e-20 
 4250       1.662464156537e-13       6.433260860091e-15      -1.011691444462e-14       0.000000000000e+00       1.164234234676e-17       3.009815277592e-18       3.902709536668e-20 
 4251       1.660133114669e-13       6.402526848092e-15      -1.010103302104e-14       0.000000000000e+00       1.162823886984e-17       3.006306171932e-18       3.782714401146e-20 
 4252       1.657800568689e-13       6.371774656242e-15      -1.008415306831e-14       0.000000000000e+00       1.161415401054e-17       3.002795482669e-18       3.656455297723e-20 
 4253       1.655466083387e-13       6.341009449439e-15      -1.006628632628e-14       0.000000000000e+00       1.160008774359e-17       2.999291033479e-18       3.524278957542e-20 
 4254       1.653129222733e-13       6.310236402290e-15      -1.004744455882e-14       0.000000000000e+00       1.158604004362e-17       2.995800662749e-18       3.386532776276e-20 
 4255       1.650789549881e-13       6.279460699121e-15      -1.002763955390e-14       0.000000000000e+00       1.157201088513e-17       2.992332223591e-18       3.243564814518e-20 
 4256       1.648446627160e-13       6.248687533976e-15      -1.000688312353e-14       0.000000000000e+00       1.155800024254e-17       2.988893583849e-18       3.095723798176e-20 
 4257       1.646100016082e-13       6.217922110631e-15      -9.985187103824e-15       0.000000000000e+00       1.154400809015e-17       2.985492626105e-18       2.943359118867e-20 
 4258       1.643749277338e-13       6.187169642594e-15      -9.962563355005e-15       0.000000000000e+00       1.153003440216e-17       2.982137247690e-18       2.786820834306e-20 
 4259       1.641393970795e-13       6.156435353111e-15      -9.939023761413e-15       0.000000000000e+00       1.151607915266e-17       2.978835360695e-18       2.626459668702e-20 
 4260       1.639033655499e-13       6.125724475175e-15      -9.914580231520e-15       0.000000000000e+00       1.150214231563e-17       2.975594891975e-18       2.462627013150e-20 
 4261       1.636667889675e-13       6.095042251528e-15      -9.889244697950e-15       0.000000000000e+00       1.148822386494e-17       2.972423783160e-18       2.295674926026e-20 
 4262       1.634296230722e-13       6.064393934670e-15      -9.863029117488e-15       0.000000000000e+00       1.147432377437e-17       2.969329990662e-18       2.125956133376e-20 
 4263       1.631918235218e-13       6.033784786862e-15      -9.835945471097e-15       0.000000000000e+00       1.146044201758e-17       2.966321485688e-18       1.953824029311e-20 
 4264       1.629533458917e-13       6.003220080132e-15      -9.808005763934e-15       0.000000000000e+00       1.144657856812e-17       2.963406254244e-18       1.779632676402e-20 
 4265       1.627141456746e-13       5.972705096284e-15      -9.779222025362e-15       0.000000000000e+00       1.143273339943e-17       2.960592297145e-18       1.603736806068e-20 
 4266       1.624741782810e-13       5.942245126898e-15      -9.749606308965e-15       0.000000000000e+00       1.141890648487e-17       2.957887630024e-18       1.426491818974e-20 
 4267       1.622333990387e-13       5.911845473341e-15      -9.719170692563e-15       0.000000000000e+00       1.140509779765e-17       2.955300283342e-18       1.248253785421e-20 
 4268       1.619917631929e-13       5.881511446770e-15      -9.687927278226e-15       0.000000000000e+00       1.139130731090e-17       2.952838302393e-18       1.069379445740e-20 
 4269       1.617492259062e-13       5.851248368139e-15      -9.655888192290e-15       0.000000000000e+00       1.137753499764e-17       2.950509747316e-18       8.902262106827e-21 
 4270       1.615057422586e-13       5.821061568203e-15      -9.623065585370e-15       0.000000000000e+00       1.136378083078e-17       2.948322693104e-18       7.111521618193e-21 
 4271       1.612612672472e-13       5.790956387524e-15      -9.589471632374e-15       0.000000000000e+00       1.135004478312e-17       2.946285229609e-18       5.325160519264e-21 
 4272       1.610157557864e-13       5.760938176479e-15      -9.555118532520e-15       0.000000000000e+00       1.133632682736e-17       2.944405461553e-18       3.546773053826e-21 
 4273       1.607691627077e-13       5.731012295264e-15      -9.520018509348e-15       0.000000000000e+00       1.132262693607e-17       2.942691508537e-18       1.779960185607e-21 
 4274       1.605214427600e-13       5.701184113899e-15      -9.484183810736e-15       0.000000000000e+00       1.130894508174e-17       2.941151505051e-18       2.832960220767e-23 
 4275       1.602725506088e-13       5.671459012234e-15      -9.447626708913e-15       0.000000000000e+00       1.129528123673e-17       2.939793600477e-18      -1.704504280970e-21 
 4276       1.600224408370e-13       5.641842379956e-15      -9.410359500475e-15       0.000000000000e+00       1.128163537331e-17       2.938625959104e-18      -3.414920316792e-21 
 4277       1.597710679443e-13       5.612339616595e-15      -9.372394506399e-15       0.000000000000e+00       1.126800746363e-17       2.937656760133e-18      -5.099290622466e-21 
 4278       1.595183863474e-13       5.582956131526e-15      -9.333744072059e-15       0.000000000000e+00       1.125439747974e-17       2.936894197688e-18      -6.753980575609e-21 
 4279       1.592643503798e-13       5.553697343979e-15      -9.294420567237e-15       0.000000000000e+00       1.124080539356e-17       2.936346480822e-18      -8.375348810319e-21 
 4280       1.590089142920e-13       5.524568683043e-15      -9.254436386141e-15       0.000000000000e+00       1.122723117693e-17       2.936021833528e-18      -9.959747213246e-21 
 4281       1.587520322511e-13       5.495575587671e-15      -9.213803947416e-15       0.000000000000e+00       1.121367480157e-17       2.935928494745e-18      -1.150352091966e-20 
 4282       1.584936583410e-13       5.466723506687e-15      -9.172535694163e-15       0.000000000000e+00       1.120013623909e-17       2.936074718370e-18      -1.300300830954e-20 
 4283       1.582337465623e-13       5.438017898791e-15      -9.130644093950e-15       0.000000000000e+00       1.118661546098e-17       2.936468773264e-18      -1.445454100360e-20 
 4284       1.579722508322e-13       5.409464232565e-15      -9.088141638828e-15       0.000000000000e+00       1.117311243865e-17       2.937118943262e-18      -1.585444385941e-20 
 4285       1.577091249845e-13       5.381067986477e-15      -9.045040845344e-15       0.000000000000e+00       1.115962714337e-17       2.938033527182e-18      -1.719903496745e-20 
 4286       1.574443227696e-13       5.352834648891e-15      -9.001354254559e-15       0.000000000000e+00       1.114615954632e-17       2.939220838831e-18      -1.848462564715e-20 
 4287       1.571777978544e-13       5.324769718066e-15      -8.957094432057e-15       0.000000000000e+00       1.113270961858e-17       2.940689207017e-18      -1.970752044302e-20 
 4288       1.569095121263e-13       5.296878165858e-15      -8.912274583499e-15       0.000000000000e+00       1.111927733203e-17       2.942442691672e-18      -2.086479365736e-20 
 4289       1.566394606372e-13       5.269162826782e-15      -8.866910403534e-15       0.000000000000e+00       1.110586266230e-17       2.944468216230e-18      -2.195662185399e-20 
 4290       1.563676467450e-13       5.241626003449e-15      -8.821018233230e-15       0.000000000000e+00       1.109246558582e-17       2.946748391294e-18      -2.298395931718e-20 
 4291       1.560940738165e-13       5.214270002390e-15      -8.774614445138e-15       0.000000000000e+00       1.107908607895e-17       2.949265794511e-18      -2.394776224018e-20 
 4292       1.558187452283e-13       5.187097134045e-15      -8.727715443305e-15       0.000000000000e+00       1.106572411794e-17       2.952002970549e-18      -2.484898872637e-20 
 4293       1.555416643661e-13       5.160109712776e-15      -8.680337663297e-15       0.000000000000e+00       1.105237967895e-17       2.954942431077e-18      -2.568859879044e-20 
 4294       1.552628346250e-13       5.133310056863e-15      -8.632497572215e-15       0.000000000000e+00       1.103905273803e-17       2.958066654748e-18      -2.646755435943e-20 
 4295       1.549822594093e-13       5.106700488508e-15      -8.584211668716e-15       0.000000000000e+00       1.102574327115e-17       2.961358087181e-18      -2.718681927399e-20 
 4296       1.546999421330e-13       5.080283333840e-15      -8.535496483027e-15       0.000000000000e+00       1.101245125415e-17       2.964799140935e-18      -2.784735928942e-20 
 4297       1.544158862192e-13       5.054060922910e-15      -8.486368576967e-15       0.000000000000e+00       1.099917666280e-17       2.968372195499e-18      -2.845014207685e-20 
 4298       1.541300951006e-13       5.028035589701e-15      -8.436844543968e-15       0.000000000000e+00       1.098591947276e-17       2.972059597264e-18      -2.899613722437e-20 
 4299       1.538425722189e-13       5.002209672127e-15      -8.386941009086e-15       0.000000000000e+00       1.097267965958e-17       2.975843659510e-18      -2.948631623817e-20 
 4300       1.535533210256e-13       4.976585512034e-15      -8.336674629027e-15       0.000000000000e+00       1.095945719874e-17       2.979706662383e-18      -2.992165254368e-20 
 4301       1.532623449814e-13       4.951165455203e-15      -8.286062092160e-15       0.000000000000e+00       1.094625206559e-17       2.983630852879e-18      -3.030312148669e-20 
 4302       1.529696475565e-13       4.925951851354e-15      -8.235120118541e-15       0.000000000000e+00       1.093306423539e-17       2.987598444821e-18      -3.063170033451e-20 
 4303       1.526752322302e-13       4.900947054146e-15      -8.183865459925e-15       0.000000000000e+00       1.091989368330e-17       2.991591618840e-18      -3.090836827710e-20 
 4304       1.523791024917e-13       4.876153421178e-15      -8.132314899792e-15       0.000000000000e+00       1.090674038440e-17       2.995592522361e-18      -3.113410642820e-20 
 4305       1.520812618392e-13       4.851573313998e-15      -8.080485253358e-15       0.000000000000e+00       1.089360431364e-17       2.999583269576e-18      -3.130989782648e-20 
 4306       1.517817137806e-13       4.827209098095e-15      -8.028393367599e-15       0.000000000000e+00       1.088048544588e-17       3.003545941430e-18      -3.143672743666e-20 
 4307       1.514804618330e-13       4.803063142911e-15      -7.976056121268e-15       0.000000000000e+00       1.086738375590e-17       3.007462585602e-18      -3.151558215066e-20 
 4308       1.511775095232e-13       4.779137821835e-15      -7.923490424911e-15       0.000000000000e+00       1.085429921835e-17       3.011315216480e-18      -3.154745078874e-20 
 4309       1.508728603871e-13       4.755435512212e-15      -7.870713220890e-15       0.000000000000e+00       1.084123180780e-17       3.015085815149e-18      -3.153332410063e-20 
 4310       1.505665179704e-13       4.731958595340e-15      -7.817741483398e-15       0.000000000000e+00       1.082818149872e-17       3.018756329366e-18      -3.147419476668e-20 
 4311       1.502584858281e-13       4.708709456476e-15      -7.764592218479e-15       0.000000000000e+00       1.081514826546e-17       3.022308673544e-18      -3.137105739897e-20 
 4312       1.499487675245e-13       4.685690484836e-15      -7.711282464047e-15       0.000000000000e+00       1.080213208230e-17       3.025724728732e-18      -3.122490854249e-20 
 4313       1.496373666337e-13       4.662904073596e-15      -7.657829289903e-15       0.000000000000e+00       1.078913292339e-17       3.028986342594e-18      -3.103674667621e-20 
 4314       1.493242867390e-13       4.640352619900e-15      -7.604249797755e-15       0.000000000000e+00       1.077615076280e-17       3.032075329393e-18      -3.080757221431e-20 
 4315       1.490095314333e-13       4.618038524854e-15      -7.550561121234e-15       0.000000000000e+00       1.076318557450e-17       3.034973469967e-18      -3.053838750724e-20 
 4316       1.486931043190e-13       4.595964193535e-15      -7.496780425918e-15       0.000000000000e+00       1.075023733233e-17       3.037662511715e-18      -3.023019684289e-20 
 4317       1.483750090078e-13       4.574132034989e-15      -7.442924909343e-15       0.000000000000e+00       1.073730601008e-17       3.040124168575e-18      -2.988400644772e-20 
 4318       1.480552491212e-13       4.552544462237e-15      -7.389011801028e-15       0.000000000000e+00       1.072439158140e-17       3.042340121001e-18      -2.950082448791e-20 
 4319       1.477338282899e-13       4.531203892272e-15      -7.335058362491e-15       0.000000000000e+00       1.071149401984e-17       3.044292015954e-18      -2.908166107048e-20 
 4320       1.474107501544e-13       4.510112746066e-15      -7.281081887266e-15       0.000000000000e+00       1.069861329888e-17       3.045961466869e-18      -2.862752824443e-20 
 4321       1.470860183645e-13       4.489273448571e-15      -7.227099700924e-15       0.000000000000e+00       1.068574939186e-17       3.047330053649e-18      -2.813944000190e-20 
 4322       1.467596365796e-13       4.468688428720e-15      -7.173129161091e-15       0.000000000000e+00       1.067290227205e-17       3.048379322637e-18      -2.761841227926e-20 
 4323       1.464316084686e-13       4.448360119428e-15      -7.119187657465e-15       0.000000000000e+00       1.066007191261e-17       3.049090786598e-18      -2.706546295832e-20 
 4324       1.461019377099e-13       4.428290957599e-15      -7.065292611838e-15       0.000000000000e+00       1.064725828660e-17       3.049445924703e-18      -2.648161186740e-20 
 4325       1.457706279915e-13       4.408483384123e-15      -7.011461478108e-15       0.000000000000e+00       1.063446136696e-17       3.049426182508e-18      -2.586788078247e-20 
 4326       1.454376830110e-13       4.388939843881e-15      -6.957711742306e-15       0.000000000000e+00       1.062168112655e-17       3.049012971931e-18      -2.522529342836e-20 
 4327       1.451031116025e-13       4.369662209732e-15      -6.904059944649e-15       0.000000000000e+00       1.060891753905e-17       3.048193951749e-18      -2.455507754489e-20 
 4328       1.447669431365e-13       4.350650052339e-15      -6.850518742063e-15       0.000000000000e+00       1.059617058174e-17       3.046981892320e-18      -2.385927183040e-20 
 4329       1.444292121726e-13       4.331902364488e-15      -6.797099835754e-15       0.000000000000e+00       1.058344023273e-17       3.045395874703e-18      -2.314012105588e-20 
 4330       1.440899533366e-13       4.313418136570e-15      -6.743814948271e-15       0.000000000000e+00       1.057072647003e-17       3.043455015969e-18      -2.239987418899e-20 
 4331       1.437492013211e-13       4.295196356576e-15      -6.690675823523e-15       0.000000000000e+00       1.055802927157e-17       3.041178469227e-18      -2.164078439657e-20 
 4332       1.434069908848e-13       4.277236010101e-15      -6.637694226788e-15       0.000000000000e+00       1.054534861519e-17       3.038585423644e-18      -2.086510904700e-20 
 4333       1.430633568536e-13       4.259536080340e-15      -6.584881944725e-15       0.000000000000e+00       1.053268447863e-17       3.035695104462e-18      -2.007510971268e-20 
 4334       1.427183341196e-13       4.242095548084e-15      -6.532250785389e-15       0.000000000000e+00       1.052003683954e-17       3.032526773025e-18      -1.927305217245e-20 
 4335       1.423719576418e-13       4.224913391722e-15      -6.479812578241e-15       0.000000000000e+00       1.050740567549e-17       3.029099726792e-18      -1.846120641401e-20 
 4336       1.420242624457e-13       4.207988587238e-15      -6.427579174161e-15       0.000000000000e+00       1.049479096393e-17       3.025433299368e-18      -1.764184663636e-20 
 4337       1.416752836239e-13       4.191320108212e-15      -6.375562445462e-15       0.000000000000e+00       1.048219268226e-17       3.021546860517e-18      -1.681725125225e-20 
 4338       1.413250563355e-13       4.174906925813e-15      -6.323774285898e-15       0.000000000000e+00       1.046961080776e-17       3.017459816184e-18      -1.598970289057e-20 
 4339       1.409736158066e-13       4.158748008802e-15      -6.272226610680e-15       0.000000000000e+00       1.045704531761e-17       3.013191608521e-18      -1.516148839884e-20 
 4340       1.406209973301e-13       4.142842323531e-15      -6.220931356486e-15       0.000000000000e+00       1.044449618894e-17       3.008761715901e-18      -1.433489884560e-20 
 4341       1.402672362658e-13       4.127188833937e-15      -6.169900481478e-15       0.000000000000e+00       1.043196339874e-17       3.004189652946e-18      -1.351222952282e-20 
 4342       1.399123680406e-13       4.111786501547e-15      -6.119145965306e-15       0.000000000000e+00       1.041944692393e-17       2.999494970540e-18      -1.269577994842e-20 
 4343       1.395564281482e-13       4.096634285468e-15      -6.068679809126e-15       0.000000000000e+00       1.040694674134e-17       2.994697255858e-18      -1.188785386862e-20 
 4344       1.391994521495e-13       4.081731142396e-15      -6.018514035614e-15       0.000000000000e+00       1.039446282771e-17       2.989816132380e-18      -1.109075926038e-20 
 4345       1.388414756724e-13       4.067076026604e-15      -5.968660688973e-15       0.000000000000e+00       1.038199515968e-17       2.984871259918e-18      -1.030680833389e-20 
 4346       1.384825344118e-13       4.052667889948e-15      -5.919131834947e-15       0.000000000000e+00       1.036954371380e-17       2.979882334633e-18      -9.538317534949e-21 
 4347       1.381226641299e-13       4.038505681864e-15      -5.869939560835e-15       0.000000000000e+00       1.035710846653e-17       2.974869089055e-18      -8.787607547402e-21 
 4348       1.377619006560e-13       4.024588349362e-15      -5.821095975502e-15       0.000000000000e+00       1.034468939423e-17       2.969851292109e-18      -8.057003295596e-21 
 4349       1.374002798868e-13       4.010914837030e-15      -5.772613209393e-15       0.000000000000e+00       1.033228647318e-17       2.964848749131e-18      -7.348833946795e-21 
 4350       1.370378377861e-13       3.997484087032e-15      -5.724503414541e-15       0.000000000000e+00       1.031989967956e-17       2.959881301891e-18      -6.665432913616e-21 
 4351       1.366746103849e-13       3.984295039102e-15      -5.676778764583e-15       0.000000000000e+00       1.030752898945e-17       2.954968828615e-18      -6.009137856464e-21 
 4352       1.363106337818e-13       3.971346630546e-15      -5.629451454772e-15       0.000000000000e+00       1.029517437886e-17       2.950131244002e-18      -5.382290685960e-21 
 4353       1.359459441427e-13       3.958637796243e-15      -5.582533701988e-15       0.000000000000e+00       1.028283582369e-17       2.945388499251e-18      -4.787237565377e-21 
 4354       1.355805777007e-13       3.946167468637e-15      -5.536037744751e-15       0.000000000000e+00       1.027051329974e-17       2.940760582075e-18      -4.226328913067e-21 
 4355       1.352145707568e-13       3.933934577740e-15      -5.489975843232e-15       0.000000000000e+00       1.025820678274e-17       2.936267516729e-18      -3.701919404902e-21 
 4356       1.348479596790e-13       3.921938051130e-15      -5.444360279268e-15       0.000000000000e+00       1.024591624831e-17       2.931929364024e-18      -3.216367976697e-21 
 4357       1.344807809032e-13       3.910176813950e-15      -5.399203356371e-15       0.000000000000e+00       1.023364167199e-17       2.927766221355e-18      -2.772037826648e-21 
 4358       1.341130709328e-13       3.898649788904e-15      -5.354517399743e-15       0.000000000000e+00       1.022138302921e-17       2.923798222715e-18      -2.371296417764e-21 
 4359       1.337448663387e-13       3.887355896257e-15      -5.310314756286e-15       0.000000000000e+00       1.020914029531e-17       2.920045538721e-18      -2.016515480295e-21 
 4360       1.333762037595e-13       3.876294053835e-15      -5.266607794617e-15       0.000000000000e+00       1.019691344556e-17       2.916528376632e-18      -1.710071014169e-21 
 4361       1.330071199016e-13       3.865463177020e-15      -5.223408905076e-15       0.000000000000e+00       1.018470245511e-17       2.913266980373e-18      -1.454343291423e-21 
 4362       1.326376515390e-13       3.854862178753e-15      -5.180730499744e-15       0.000000000000e+00       1.017250729903e-17       2.910281630553e-18      -1.251716858633e-21 
 4363       1.322678355136e-13       3.844489969528e-15      -5.138585012449e-15       0.000000000000e+00       1.016032795229e-17       2.907592644486e-18      -1.104580539350e-21 
 4364       1.318977087349e-13       3.834345457395e-15      -5.096984898784e-15       0.000000000000e+00       1.014816438977e-17       2.905220376214e-18      -1.015327436529e-21 
 4365       1.315273081804e-13       3.824427547953e-15      -5.055942636116e-15       0.000000000000e+00       1.013601658627e-17       2.903185216528e-18      -9.863549349634e-22 
 4366       1.311566709964e-13       3.814734809560e-15      -5.015468988061e-15       0.000000000000e+00       1.012388451717e-17       2.901501608169e-18      -1.019324600892e-21 
 4367       1.307858348009e-13       3.805264467716e-15      -4.975567791534e-15       0.000000000000e+00       1.011176816061e-17       2.900160069471e-18      -1.112939163724e-21 
 4368       1.304148373818e-13       3.796013407298e-15      -4.936241152225e-15       0.000000000000e+00       1.009966749533e-17       2.899145110432e-18      -1.265158078418e-21 
 4369       1.300437165960e-13       3.786978507047e-15      -4.897491178556e-15       0.000000000000e+00       1.008758250001e-17       2.898441212031e-18      -1.473936948255e-21 
 4370       1.296725103697e-13       3.778156639562e-15      -4.859319981676e-15       0.000000000000e+00       1.007551315321e-17       2.898032826210e-18      -1.737227522614e-21 
 4371       1.293012566982e-13       3.769544671298e-15      -4.821729675465e-15       0.000000000000e+00       1.006345943343e-17       2.897904375862e-18      -2.052977694740e-21 
 4372       1.289299936461e-13       3.761139462561e-15      -4.784722376536e-15       0.000000000000e+00       1.005142131906e-17       2.898040254810e-18      -2.419131499526e-21 
 4373       1.285587593472e-13       3.752937867506e-15      -4.748300204233e-15       0.000000000000e+00       1.003939878844e-17       2.898424827792e-18      -2.833629111282e-21 
 4374       1.281875920047e-13       3.744936734131e-15      -4.712465280637e-15       0.000000000000e+00       1.002739181979e-17       2.899042430442e-18      -3.294406841511e-21 
 4375       1.278165298911e-13       3.737132904277e-15      -4.677219730564e-15       0.000000000000e+00       1.001540039126e-17       2.899877369279e-18      -3.799397136682e-21 
 4376       1.274456113481e-13       3.729523213621e-15      -4.642565681566e-15       0.000000000000e+00       1.000342448090e-17       2.900913921682e-18      -4.346528576006e-21 
 4377       1.270748747873e-13       3.722104491673e-15      -4.608505263935e-15       0.000000000000e+00       9.991464066698e-18       2.902136335881e-18      -4.933725869210e-21 
 4378       1.267043586893e-13       3.714873561775e-15      -4.575040610704e-15       0.000000000000e+00       9.979519126531e-18       2.903528830937e-18      -5.558909854309e-21 
 4379       1.263341016044e-13       3.707827241094e-15      -4.542173857644e-15       0.000000000000e+00       9.967589638201e-18       2.905075596722e-18      -6.219997495383e-21 
 4380       1.259641421525e-13       3.700962340621e-15      -4.509907143272e-15       0.000000000000e+00       9.955675579424e-18       2.906760793910e-18      -6.914901880348e-21 
 4381       1.255945190230e-13       3.694275665165e-15      -4.478242608847e-15       0.000000000000e+00       9.943776927824e-18       2.908568553952e-18      -7.641532218734e-21 
 4382       1.252252709749e-13       3.687764013352e-15      -4.447182398373e-15       0.000000000000e+00       9.931893660944e-18       2.910482979065e-18      -8.397793839456e-21 
 4383       1.248564368371e-13       3.681424177620e-15      -4.416728658603e-15       0.000000000000e+00       9.920025756237e-18       2.912488142213e-18      -9.181588188592e-21 
 4384       1.244880555078e-13       3.675252944215e-15      -4.386883539036e-15       0.000000000000e+00       9.908173191069e-18       2.914568087091e-18      -9.990812827150e-21 
 4385       1.241201659553e-13       3.669247093189e-15      -4.357649191921e-15       0.000000000000e+00       9.896335942721e-18       2.916706828107e-18      -1.082336142885e-20 
 4386       1.237528072175e-13       3.663403398393e-15      -4.329027772257e-15       0.000000000000e+00       9.884513988386e-18       2.918888350367e-18      -1.167712377790e-20 
 4387       1.233860184022e-13       3.657718627479e-15      -4.301021437795e-15       0.000000000000e+00       9.872707305169e-18       2.921096609656e-18      -1.254998576675e-20 
 4388       1.230198386871e-13       3.652189541891e-15      -4.273632349042e-15       0.000000000000e+00       9.860915870091e-18       2.923315532425e-18      -1.343982939390e-20 
 4389       1.226543073197e-13       3.646812896863e-15      -4.246862669255e-15       0.000000000000e+00       9.849139660082e-18       2.925529015771e-18      -1.434453276165e-20 
 4390       1.222894636174e-13       3.641585441419e-15      -4.220714564451e-15       0.000000000000e+00       9.837378651988e-18       2.927720927420e-18      -1.526197007386e-20 
 4391       1.219253469678e-13       3.636503918363e-15      -4.195190203403e-15       0.000000000000e+00       9.825632822567e-18       2.929875105713e-18      -1.619001163378e-20 
 4392       1.215619968284e-13       3.631565064281e-15      -4.170291757643e-15       0.000000000000e+00       9.813902148488e-18       2.931975359587e-18      -1.712652384176e-20 
 4393       1.211994527267e-13       3.626765609535e-15      -4.146021401462e-15       0.000000000000e+00       9.802186606334e-18       2.934005468560e-18      -1.806936919307e-20 
 4394       1.208377542603e-13       3.622102278258e-15      -4.122381311913e-15       0.000000000000e+00       9.790486172601e-18       2.935949182712e-18      -1.901640627564e-20 
 4395       1.204769410971e-13       3.617571788353e-15      -4.099373668813e-15       0.000000000000e+00       9.778800823697e-18       2.937790222670e-18      -1.996548976786e-20 
 4396       1.201170529750e-13       3.613170851489e-15      -4.077000654742e-15       0.000000000000e+00       9.767130535943e-18       2.939512279593e-18      -2.091447043634e-20 
 4397       1.197581297022e-13       3.608896173096e-15      -4.055264455044e-15       0.000000000000e+00       9.755475285571e-18       2.941099015149e-18      -2.186119513371e-20 
 4398       1.194002111572e-13       3.604744452363e-15      -4.034167257833e-15       0.000000000000e+00       9.743835048727e-18       2.942534061507e-18      -2.280350679634e-20 
 4399       1.190433372887e-13       3.600712382232e-15      -4.013711253987e-15       0.000000000000e+00       9.732209801469e-18       2.943801021311e-18      -2.373924444218e-20 
 4400       1.186875481158e-13       3.596796649399e-15      -3.993898637158e-15       0.000000000000e+00       9.720599519765e-18       2.944883467673e-18      -2.466624316847e-20 
 4401       1.183328837280e-13       3.592993934304e-15      -3.974731603766e-15       0.000000000000e+00       9.709004179499e-18       2.945764944146e-18      -2.558233414958e-20 
 4402       1.179793842852e-13       3.589300911133e-15      -3.956212353003e-15       0.000000000000e+00       9.697423756464e-18       2.946428964717e-18      -2.648534463472e-20 
 4403       1.176270900176e-13       3.585714247811e-15      -3.938343086836e-15       0.000000000000e+00       9.685858226367e-18       2.946859013783e-18      -2.737309794576e-20 
 4404       1.172760412261e-13       3.582230606000e-15      -3.921126010005e-15       0.000000000000e+00       9.674307564825e-18       2.947038546139e-18      -2.824341347499e-20 
 4405       1.169262748581e-13       3.578846667760e-15      -3.904561926347e-15       0.000000000000e+00       9.662771748601e-18       2.946955267099e-18      -2.909434327112e-20 
 4406       1.165778142230e-13       3.575559215624e-15      -3.888646022657e-15       0.000000000000e+00       9.651250759298e-18       2.946613988454e-18      -2.992488266106e-20 
 4407       1.162306792425e-13       3.572365052783e-15      -3.873372070803e-15       0.000000000000e+00       9.639744579675e-18       2.946023815250e-18      -3.073426198757e-20 
 4408       1.158848898718e-13       3.569260976440e-15      -3.858733830126e-15       0.000000000000e+00       9.628253192418e-18       2.945193869535e-18      -3.152171023500e-20 
 4409       1.155404660993e-13       3.566243777808e-15      -3.844725047431e-15       0.000000000000e+00       9.616776580137e-18       2.944133290374e-18      -3.228645502851e-20 
 4410       1.151974279467e-13       3.563310242105e-15      -3.831339456982e-15       0.000000000000e+00       9.605314725366e-18       2.942851233858e-18      -3.302772263335e-20 
 4411       1.148557954692e-13       3.560457148553e-15      -3.818570780494e-15       0.000000000000e+00       9.593867610566e-18       2.941356873112e-18      -3.374473795409e-20 
 4412       1.145155887553e-13       3.557681270372e-15      -3.806412727124e-15       0.000000000000e+00       9.582435218121e-18       2.939659398305e-18      -3.443672453382e-20 
 4413       1.141768279270e-13       3.554979374780e-15      -3.794858993465e-15       0.000000000000e+00       9.571017530341e-18       2.937768016661e-18      -3.510290455341e-20 
 4414       1.138395331397e-13       3.552348222986e-15      -3.783903263539e-15       0.000000000000e+00       9.559614529461e-18       2.935691952467e-18      -3.574249883078e-20 
 4415       1.135037245820e-13       3.549784570187e-15      -3.773539208789e-15       0.000000000000e+00       9.548226197641e-18       2.933440447086e-18      -3.635472682007e-20 
 4416       1.131694224764e-13       3.547285165568e-15      -3.763760488072e-15       0.000000000000e+00       9.536852516966e-18       2.931022758963e-18      -3.693880661092e-20 
 4417       1.128366470785e-13       3.544846752294e-15      -3.754560747650e-15       0.000000000000e+00       9.525493469443e-18       2.928448163635e-18      -3.749395492773e-20 
 4418       1.125054186775e-13       3.542466067510e-15      -3.745933621188e-15       0.000000000000e+00       9.514149037007e-18       2.925725953745e-18      -3.801938712881e-20 
 4419       1.121757575963e-13       3.540139842336e-15      -3.737872729737e-15       0.000000000000e+00       9.502819201516e-18       2.922865439047e-18      -3.851431720573e-20 
 4420       1.118476841911e-13       3.537864801864e-15      -3.730371681738e-15       0.000000000000e+00       9.491503944754e-18       2.919875946416e-18      -3.897795778246e-20 
 4421       1.115212188517e-13       3.535637665153e-15      -3.723424073007e-15       0.000000000000e+00       9.480203248426e-18       2.916766819863e-18      -3.940952011466e-20 
 4422       1.111963820016e-13       3.533455145230e-15      -3.717023486728e-15       0.000000000000e+00       9.468917094167e-18       2.913547420537e-18      -3.980821408892e-20 
 4423       1.108731940977e-13       3.531313949080e-15      -3.711163493450e-15       0.000000000000e+00       9.457645463530e-18       2.910227126741e-18      -4.017324822196e-20 
 4424       1.105516756306e-13       3.529210777648e-15      -3.705837651077e-15       0.000000000000e+00       9.446388337998e-18       2.906815333939e-18      -4.050382965990e-20 
 4425       1.102318471245e-13       3.527142325835e-15      -3.701039504858e-15       0.000000000000e+00       9.435145698976e-18       2.903321454765e-18      -4.079916417747e-20 
 4426       1.099137291374e-13       3.525105282490e-15      -3.696762587387e-15       0.000000000000e+00       9.423917527791e-18       2.899754919036e-18      -4.105845617728e-20 
 4427       1.095973422607e-13       3.523096330413e-15      -3.693000418587e-15       0.000000000000e+00       9.412703805698e-18       2.896125173757e-18      -4.128090868903e-20 
 4428       1.092827071197e-13       3.521112146347e-15      -3.689746505708e-15       0.000000000000e+00       9.401504513874e-18       2.892441683135e-18      -4.146572336876e-20 
 4429       1.089698443731e-13       3.519149400975e-15      -3.686994343320e-15       0.000000000000e+00       9.390319633420e-18       2.888713928588e-18      -4.161210049808e-20 
 4430       1.086587747138e-13       3.517204758920e-15      -3.684737413302e-15       0.000000000000e+00       9.379149145363e-18       2.884951408750e-18      -4.171923898342e-20 
 4431       1.083495188680e-13       3.515274878736e-15      -3.682969184838e-15       0.000000000000e+00       9.367993030651e-18       2.881163639489e-18      -4.178633635523e-20 
 4432       1.080420975958e-13       3.513356412911e-15      -3.681683114408e-15       0.000000000000e+00       9.356851270159e-18       2.877360153910e-18      -4.181258876728e-20 
 4433       1.077365316911e-13       3.511446007858e-15      -3.680872645781e-15       0.000000000000e+00       9.345723844683e-18       2.873550502368e-18      -4.179719099584e-20 
 4434       1.074328419815e-13       3.509540303914e-15      -3.680531210009e-15       0.000000000000e+00       9.334610734945e-18       2.869744252474e-18      -4.173933643894e-20 
 4435       1.071310493286e-13       3.507635935338e-15      -3.680652225416e-15       0.000000000000e+00       9.323511921590e-18       2.865950989111e-18      -4.163821711560e-20 
 4436       1.068311746276e-13       3.505729530304e-15      -3.681229097594e-15       0.000000000000e+00       9.312427385186e-18       2.862180314439e-18      -4.149302366509e-20 
 4437       1.065332388077e-13       3.503817710900e-15      -3.682255219397e-15       0.000000000000e+00       9.301357106226e-18       2.858441847905e-18      -4.130294534614e-20 
 4438       1.062372628319e-13       3.501897093125e-15      -3.683723970928e-15       0.000000000000e+00       9.290301065125e-18       2.854745226255e-18      -4.106717003617e-20 
 4439       1.059432676970e-13       3.499964286884e-15      -3.685628719537e-15       0.000000000000e+00       9.279259242224e-18       2.851100103541e-18      -4.078488423057e-20 
 4440       1.056512744339e-13       3.498015895986e-15      -3.687962819811e-15       0.000000000000e+00       9.268231617785e-18       2.847516151133e-18      -4.045527304190e-20 
 4441       1.053613041073e-13       3.496048518138e-15      -3.690719613568e-15       0.000000000000e+00       9.257218171995e-18       2.844003057729e-18      -4.007752019912e-20 
 4442       1.050733778157e-13       3.494058744946e-15      -3.693892429849e-15       0.000000000000e+00       9.246218884964e-18       2.840570529362e-18      -3.965080804688e-20 
 4443       1.047875166919e-13       3.492043161906e-15      -3.697474584909e-15       0.000000000000e+00       9.235233736725e-18       2.837228289411e-18      -3.917431754468e-20 
 4444       1.045037366224e-13       3.489998618817e-15      -3.701458636107e-15       0.000000000000e+00       9.224262706189e-18       2.833984192213e-18      -3.864775520824e-20 
 4445       1.042220323899e-13       3.487923041984e-15      -3.705834140877e-15       0.000000000000e+00       9.213305768008e-18       2.830838557080e-18      -3.807293583209e-20 
 4446       1.039423934786e-13       3.485814624685e-15      -3.710589890355e-15       0.000000000000e+00       9.202362895703e-18       2.827789815619e-18      -3.745220498412e-20 
 4447       1.036648093500e-13       3.483671556999e-15      -3.715714654795e-15       0.000000000000e+00       9.191434062704e-18       2.824836396430e-18      -3.678791254005e-20 
 4448       1.033892694421e-13       3.481492025806e-15      -3.721197183560e-15       0.000000000000e+00       9.180519242356e-18       2.821976725105e-18      -3.608241268595e-20 
 4449       1.031157631703e-13       3.479274214785e-15      -3.727026205113e-15       0.000000000000e+00       9.169618407912e-18       2.819209224227e-18      -3.533806392060e-20 
 4450       1.028442799267e-13       3.477016304411e-15      -3.733190426999e-15       0.000000000000e+00       9.158731532540e-18       2.816532313369e-18      -3.455722905797e-20 
 4451       1.025748090801e-13       3.474716471955e-15      -3.739678535840e-15       0.000000000000e+00       9.147858589319e-18       2.813944409091e-18      -3.374227522964e-20 
 4452       1.023073399766e-13       3.472372891481e-15      -3.746479197319e-15       0.000000000000e+00       9.136999551237e-18       2.811443924936e-18      -3.289557388725e-20 
 4453       1.020418619389e-13       3.469983733845e-15      -3.753581056168e-15       0.000000000000e+00       9.126154391197e-18       2.809029271434e-18      -3.201950080492e-20 
 4454       1.017783642666e-13       3.467547166692e-15      -3.760972736158e-15       0.000000000000e+00       9.115323082012e-18       2.806698856095e-18      -3.111643608173e-20 
 4455       1.015168362362e-13       3.465061354455e-15      -3.768642840087e-15       0.000000000000e+00       9.104505596405e-18       2.804451083411e-18      -3.018876414409e-20 
 4456       1.012572671009e-13       3.462524458354e-15      -3.776579949765e-15       0.000000000000e+00       9.093701907013e-18       2.802284354850e-18      -2.923887374825e-20 
 4457       1.009996460910e-13       3.459934636392e-15      -3.784772626006e-15       0.000000000000e+00       9.082911986381e-18       2.800197068859e-18      -2.826915798269e-20 
 4458       1.007439624131e-13       3.457290043356e-15      -3.793209408617e-15       0.000000000000e+00       9.072135806969e-18       2.798187620859e-18      -2.728201427057e-20 
 4459       1.004902052512e-13       3.454588830814e-15      -3.801878816379e-15       0.000000000000e+00       9.061373341145e-18       2.796254403246e-18      -2.627984437217e-20 
 4460       1.002383637657e-13       3.451829147110e-15      -3.810769347043e-15       0.000000000000e+00       9.050624561189e-18       2.794395805386e-18      -2.526505438735e-20 
 4461       9.998842709374e-14       3.449009137369e-15      -3.819869477315e-15       0.000000000000e+00       9.039889439294e-18       2.792610213615e-18      -2.424005475793e-20 
 4462       9.974038434940e-14       3.446126943490e-15      -3.829167662844e-15       0.000000000000e+00       9.029167947560e-18       2.790896011238e-18      -2.320726027021e-20 
 4463       9.949422462338e-14       3.443180704145e-15      -3.838652338208e-15       0.000000000000e+00       9.018460058002e-18       2.789251578526e-18      -2.216909005733e-20 
 4464       9.924993698312e-14       3.440168554779e-15      -3.848311916909e-15       0.000000000000e+00       9.007765742542e-18       2.787675292716e-18      -2.112796760176e-20 
 4465       9.900751047279e-14       3.437088627606e-15      -3.858134791352e-15       0.000000000000e+00       8.997084973017e-18       2.786165528007e-18      -2.008632073770e-20 
 4466       9.876693411322e-14       3.433939051608e-15      -3.868109332840e-15       0.000000000000e+00       8.986417721172e-18       2.784720655558e-18      -1.904658165356e-20 
 4467       9.852819690193e-14       3.430717952536e-15      -3.878223891559e-15       0.000000000000e+00       8.975763958662e-18       2.783339043490e-18      -1.801118689435e-20 
 4468       9.829128781312e-14       3.427423452902e-15      -3.888466796569e-15       0.000000000000e+00       8.965123657055e-18       2.782019056881e-18      -1.698257736418e-20 
 4469       9.805619579762e-14       3.424053671985e-15      -3.898826355787e-15       0.000000000000e+00       8.954496787828e-18       2.780759057764e-18      -1.596319832864e-20 
 4470       9.782290978292e-14       3.420606725821e-15      -3.909290855980e-15       0.000000000000e+00       8.943883322369e-18       2.779557405129e-18      -1.495549941724e-20 
 4471       9.759141867312e-14       3.417080727209e-15      -3.919848562751e-15       0.000000000000e+00       8.933283231976e-18       2.778412454916e-18      -1.396193462591e-20 
 4472       9.736171134894e-14       3.413473785703e-15      -3.930487720528e-15       0.000000000000e+00       8.922696487857e-18       2.777322560018e-18      -1.298496231938e-20 
 4473       9.713377666768e-14       3.409784007614e-15      -3.941196552551e-15       0.000000000000e+00       8.912123061133e-18       2.776286070275e-18      -1.202704523361e-20 
 4474       9.690760346324e-14       3.406009496007e-15      -3.951963260860e-15       0.000000000000e+00       8.901562922833e-18       2.775301332477e-18      -1.109065047828e-20 
 4475       9.668318054608e-14       3.402148350698e-15      -3.962776026286e-15       0.000000000000e+00       8.891016043894e-18       2.774366690359e-18      -1.017824953921e-20 
 4476       9.646049670322e-14       3.398198668255e-15      -3.973623008435e-15       0.000000000000e+00       8.880482395169e-18       2.773480484599e-18      -9.292318280751e-21 
 4477       9.623954069823e-14       3.394158541993e-15      -3.984492345679e-15       0.000000000000e+00       8.869961947415e-18       2.772641052819e-18      -8.435336948293e-21 
 4478       9.602030127118e-14       3.390026061976e-15      -3.995372155142e-15       0.000000000000e+00       8.859454671303e-18       2.771846729580e-18      -7.609790170656e-21 
 4479       9.580276713869e-14       3.385799315012e-15      -4.006250532692e-15       0.000000000000e+00       8.848960537413e-18       2.771095846383e-18      -6.818166962548e-21 
 4480       9.558692699386e-14       3.381476384650e-15      -4.017115552925e-15       0.000000000000e+00       8.838479516234e-18       2.770386731666e-18      -6.062960726995e-21 
 4481       9.537276950628e-14       3.377055351184e-15      -4.027955269153e-15       0.000000000000e+00       8.828011578166e-18       2.769717710803e-18      -5.346669257784e-21 
 4482       9.516028332201e-14       3.372534291646e-15      -4.038757713397e-15       0.000000000000e+00       8.817556693518e-18       2.769087106099e-18      -4.671794741900e-21 
 4483       9.494946139816e-14       3.367911842988e-15      -4.049514635084e-15       0.000000000000e+00       8.807114850996e-18       2.768493780027e-18      -4.040075855217e-21 
 4484       9.474031402213e-14       3.363188893637e-15      -4.060232730530e-15       0.000000000000e+00       8.796686113231e-18       2.767938766854e-18      -3.450181304024e-21 
 4485       9.453285583487e-14       3.358366897464e-15      -4.070922450140e-15       0.000000000000e+00       8.786270561430e-18       2.767423646342e-18      -2.900008749418e-21 
 4486       9.432710150023e-14       3.353447311110e-15      -4.081594263040e-15       0.000000000000e+00       8.775868276909e-18       2.766950000999e-18      -2.387452026964e-21 
 4487       9.412306570490e-14       3.348431593983e-15      -4.092258657086e-15       0.000000000000e+00       8.765479341093e-18       2.766519416084e-18      -1.910401144546e-21 
 4488       9.392076315848e-14       3.343321208260e-15      -4.102926138876e-15       0.000000000000e+00       8.755103835513e-18       2.766133479607e-18      -1.466742280220e-21 
 4489       9.372020859347e-14       3.338117618894e-15      -4.113607233759e-15       0.000000000000e+00       8.744741841808e-18       2.765793782329e-18      -1.054357780070e-21 
 4490       9.352141676529e-14       3.332822293608e-15      -4.124312485847e-15       0.000000000000e+00       8.734393441725e-18       2.765501917766e-18      -6.711261560604e-22 
 4491       9.332440245226e-14       3.327436702903e-15      -4.135052458025e-15       0.000000000000e+00       8.724058717119e-18       2.765259482189e-18      -3.149220838926e-22 
 4492       9.312918045568e-14       3.321962320053e-15      -4.145837731960e-15       0.000000000000e+00       8.713737749954e-18       2.765068074626e-18       1.638359914404e-23 
 4493       9.293576559975e-14       3.316400621114e-15      -4.156678908112e-15       0.000000000000e+00       8.703430622300e-18       2.764929296864e-18       3.249238963169e-22 
 4494       9.274417273167e-14       3.310753084920e-15      -4.167586605747e-15       0.000000000000e+00       8.693137416336e-18       2.764844753449e-18       6.128356535961e-22 
 4495       9.255441672161e-14       3.305021193086e-15      -4.178571462945e-15       0.000000000000e+00       8.682858214351e-18       2.764816051688e-18       8.822595618006e-22 
 4496       9.236651246270e-14       3.299206430013e-15      -4.189644136608e-15       0.000000000000e+00       8.672593098738e-18       2.764844801653e-18       1.135340158744e-21 
 4497       9.218047487109e-14       3.293310282883e-15      -4.200815302478e-15       0.000000000000e+00       8.662342152002e-18       2.764932616180e-18       1.374225831382e-21 
 4498       9.199631888595e-14       3.287334241666e-15      -4.212095655139e-15       0.000000000000e+00       8.652105456755e-18       2.765081110869e-18       1.601068817956e-21 
 4499       9.181405946945e-14       3.281279799119e-15      -4.223495908032e-15       0.000000000000e+00       8.641883095716e-18       2.765291904089e-18       1.818025210140e-21 
 4500       9.163371160679e-14       3.275148450789e-15      -4.235026793467e-15       0.000000000000e+00       8.631675151716e-18       2.765566616979e-18       2.027254955189e-21 
