# dimensionless total [l(l+1)/2pi] C_l's
# for l=2 to 4500, i.e. number of multipoles equal to 4499
#
# -> if you prefer output in CAMB/HealPix/LensPix units/order, set 'format' to 'camb' in input file
# -> if you don't want to see such a header, set 'headers' to 'no' in input file
# -> for CMB lensing (phi), these are C_l^phi-phi for the lensing potential.
#    Remember the conversion factors:
#    C_l^dd (deflection) = l(l+1) C_l^phi-phi
#    C_l^gg (shear/convergence) = 1/4 (l(l+1))^2 C_l^phi-phi
#
# 1:l     2:TT                     3:EE                     4:TE                     5:BB                     6:phiphi                 7:TPhi                   8:Ephi               
    2       1.383576020159e-10       4.182499060594e-15       3.519570991538e-13       0.000000000000e+00       8.366430385632e-09       4.599822983131e-10      -1.842237171764e-12 
    3       1.309045899790e-10       5.361231603647e-15       3.959270557411e-13       0.000000000000e+00       5.153523545316e-09       3.259590321361e-10      -1.395578468801e-12 
    4       1.239299898314e-10       4.636798090922e-15       3.705532627345e-13       0.000000000000e+00       3.574308732057e-09       2.467632854558e-10      -9.136526978846e-13 
    5       1.187534684155e-10       3.093263517367e-15       3.158570326942e-13       0.000000000000e+00       2.662607173511e-09       1.949506410579e-10      -5.078354151659e-13 
    6       1.152533448603e-10       1.730285862414e-15       2.546877335091e-13       0.000000000000e+00       2.076567692451e-09       1.586574311122e-10      -2.088732065817e-13 
    7       1.130252792402e-10       9.359301977588e-16       2.002953661164e-13       0.000000000000e+00       1.672981983159e-09       1.320116122958e-10      -1.832981721810e-14 
    8       1.117903267198e-10       6.044689928264e-16       1.584967325546e-13       0.000000000000e+00       1.381178494176e-09       1.118030796463e-10       7.873696455599e-14 
    9       1.112981060496e-10       4.853770469233e-16       1.306024073349e-13       0.000000000000e+00       1.162165123597e-09       9.612734935299e-11       1.056971329217e-13 
   10       1.113144891344e-10       4.141147419681e-16       1.153073309655e-13       0.000000000000e+00       9.928297120400e-10       8.370672256533e-11       8.844703108940e-14 
   11       1.117830362411e-10       3.492740029979e-16       1.099561747570e-13       0.000000000000e+00       8.501377364787e-10       7.439239876181e-11       5.114900468642e-14 
   12       1.125471354023e-10       3.062371353641e-16       1.114841520270e-13       0.000000000000e+00       7.434553950968e-10       6.582208398867e-11       1.138450602122e-14 
   13       1.135580224199e-10       2.956813710444e-16       1.171987505742e-13       0.000000000000e+00       6.558066005087e-10       5.885398850753e-11      -1.880226923465e-14 
   14       1.147685780850e-10       3.095248338597e-16       1.250673010198e-13       0.000000000000e+00       5.828287279467e-10       5.278579370929e-11      -3.517804856969e-14 
   15       1.161643473471e-10       3.361884128764e-16       1.337872974992e-13       0.000000000000e+00       5.213604306321e-10       4.767742770444e-11      -3.797626603293e-14 
   16       1.176661121740e-10       3.734331228255e-16       1.426898067217e-13       0.000000000000e+00       4.690618471413e-10       4.326959942001e-11      -3.119762139538e-14 
   17       1.193062465941e-10       4.269962147956e-16       1.515519686089e-13       0.000000000000e+00       4.241682493600e-10       3.941962916954e-11      -2.007541641787e-14 
   18       1.210181346010e-10       5.023718510251e-16       1.606269065077e-13       0.000000000000e+00       3.851824801076e-10       3.606181264081e-11      -9.527368924556e-15 
   19       1.228126211326e-10       5.998930448264e-16       1.701383262086e-13       0.000000000000e+00       3.514809145073e-10       3.314776944669e-11      -2.164700002467e-15 
   20       1.246839863167e-10       7.175504607781e-16       1.802299810579e-13       0.000000000000e+00       3.217842455582e-10       3.055915799945e-11       3.103942150137e-16 
   21       1.266328478814e-10       8.547766066721e-16       1.908487732444e-13       0.000000000000e+00       2.956289744953e-10       2.824909144016e-11      -1.507182427674e-15 
   22       1.286318694781e-10       1.011175015277e-15       2.017998182915e-13       0.000000000000e+00       2.723887723910e-10       2.616032927160e-11      -5.829492668641e-15 
   23       1.306878900020e-10       1.186973493008e-15       2.127574950849e-13       0.000000000000e+00       2.517550036562e-10       2.428539887490e-11      -1.088494130306e-14 
   24       1.327960455011e-10       1.382435128635e-15       2.233077627905e-13       0.000000000000e+00       2.332590491557e-10       2.260848828455e-11      -1.479565896319e-14 
   25       1.349505643358e-10       1.597839570866e-15       2.331389008079e-13       0.000000000000e+00       2.166517866449e-10       2.110630838071e-11      -1.674273816932e-14 
   26       1.371328020302e-10       1.833632104807e-15       2.419830137776e-13       0.000000000000e+00       2.016099373067e-10       1.974019419095e-11      -1.639742940530e-14 
   27       1.393523782614e-10       2.091541511464e-15       2.497679944314e-13       0.000000000000e+00       1.880565904003e-10       1.850092274037e-11      -1.428547015071e-14 
   28       1.416123655865e-10       2.373935734186e-15       2.565068288642e-13       0.000000000000e+00       1.758285948862e-10       1.737355312331e-11      -1.143428548098e-14 
   29       1.439022211948e-10       2.683206214430e-15       2.622439615930e-13       0.000000000000e+00       1.646303952582e-10       1.633193756327e-11      -8.988907067818e-15 
   30       1.462285224059e-10       3.020517046668e-15       2.670273613273e-13       0.000000000000e+00       1.544009511651e-10       1.537489998410e-11      -7.342982714883e-15 
   31       1.485927716137e-10       3.386549958981e-15       2.709300215776e-13       0.000000000000e+00       1.450649251877e-10       1.450204479186e-11      -6.674544165893e-15 
   32       1.509866558405e-10       3.781932714904e-15       2.740185680544e-13       0.000000000000e+00       1.364753453401e-10       1.370578426409e-11      -7.066661196703e-15 
   33       1.534095327013e-10       4.207683368700e-15       2.762096291583e-13       0.000000000000e+00       1.285858943096e-10       1.297949321680e-11      -8.158528246603e-15 
   34       1.558549251143e-10       4.664919208673e-15       2.773591062209e-13       0.000000000000e+00       1.213271818485e-10       1.231087976423e-11      -9.350803228355e-15 
   35       1.583114641392e-10       5.154720235644e-15       2.773135271086e-13       0.000000000000e+00       1.145917355526e-10       1.168407927101e-11      -1.004112568567e-14 
   36       1.607863759038e-10       5.678064932416e-15       2.759656054778e-13       0.000000000000e+00       1.083623675993e-10       1.109700148230e-11      -1.016551527257e-14 
   37       1.632886462574e-10       6.235866316338e-15       2.732161100046e-13       0.000000000000e+00       1.026198109928e-10       1.054916314724e-11      -9.840775201533e-15 
   38       1.658219667386e-10       6.828983665354e-15       2.689584607968e-13       0.000000000000e+00       9.730390027209e-11       1.003668022589e-11      -9.224972518581e-15 
   39       1.683856865963e-10       7.458215915834e-15       2.631040299339e-13       0.000000000000e+00       9.233533623603e-11       9.554110309248e-12      -8.496217543876e-15 
   40       1.709796467133e-10       8.124289221789e-15       2.556697327902e-13       0.000000000000e+00       8.769909099266e-11       9.101522757898e-12      -7.772899319390e-15 
   41       1.735999013815e-10       8.827858219321e-15       2.467194016847e-13       0.000000000000e+00       8.338312218406e-11       8.679297605549e-12      -7.171343737855e-15 
   42       1.762367320502e-10       9.569503843799e-15       2.363419376001e-13       0.000000000000e+00       7.935348123230e-11       8.286011041142e-12      -6.828905803546e-15 
   43       1.788792842373e-10       1.034978105164e-14       2.246173619735e-13       0.000000000000e+00       7.556690982764e-11       7.919145282898e-12      -6.861491018719e-15 
   44       1.815324718995e-10       1.116939009938e-14       2.114989136972e-13       0.000000000000e+00       7.201768634599e-11       7.577861127079e-12      -7.217465744479e-15 
   45       1.842044431779e-10       1.202905131827e-14       1.968966151667e-13       0.000000000000e+00       6.870228159405e-11       7.260820628979e-12      -7.780206319534e-15 
   46       1.869016668390e-10       1.292945664421e-14       1.807086845947e-13       0.000000000000e+00       6.560529102571e-11       6.965291142436e-12      -8.406283753977e-15 
   47       1.896287256153e-10       1.387126855529e-14       1.628207357266e-13       0.000000000000e+00       6.269850830814e-11       6.687040786679e-12      -8.923893925282e-15 
   48       1.923882019378e-10       1.485504881141e-14       1.431276349591e-13       0.000000000000e+00       5.994962823452e-11       6.421560767611e-12      -9.179882085267e-15 
   49       1.951807792483e-10       1.588102339853e-14       1.216082257336e-13       0.000000000000e+00       5.735341811203e-11       6.168383692787e-12      -9.200154092643e-15 
   50       1.980048141823e-10       1.694924949971e-14       9.827029305542e-14       0.000000000000e+00       5.490774148909e-11       5.927802936853e-12      -9.071786043222e-15 
   51       2.008560496949e-10       1.805967537841e-14       7.313009211239e-14       0.000000000000e+00       5.260427154906e-11       5.699616136975e-12      -8.899265017374e-15 
   52       2.037274131159e-10       1.921213573447e-14       4.621270398018e-14       0.000000000000e+00       5.042805596952e-11       5.483088356334e-12      -8.805398577608e-15 
   53       2.066117633082e-10       2.040646538219e-14       1.753871082486e-14       0.000000000000e+00       4.836222398728e-11       5.277270619589e-12      -8.899968367012e-15 
   54       2.095114263307e-10       2.164288529204e-14      -1.292061986251e-14       0.000000000000e+00       4.640453023830e-11       5.082136474348e-12      -9.174134279510e-15 
   55       2.124307598413e-10       2.292170772304e-14      -4.520942361123e-14       0.000000000000e+00       4.455430666005e-11       4.897673487600e-12      -9.580462200599e-15 
   56       2.153733420903e-10       2.424322689985e-14      -7.937478017975e-14       0.000000000000e+00       4.280747806197e-11       4.723532013057e-12      -1.006237017041e-14 
   57       2.183418936275e-10       2.560771932989e-14      -1.154669314566e-13       0.000000000000e+00       4.115634259100e-11       4.559003254937e-12      -1.055368543267e-14 
   58       2.213381990088e-10       2.701544412049e-14      -1.535394993610e-13       0.000000000000e+00       3.958935219695e-11       4.402997331760e-12      -1.097820148373e-14 
   59       2.243634042140e-10       2.846651170661e-14      -1.936348716109e-13       0.000000000000e+00       3.809429736891e-11       4.254338854136e-12      -1.126779424521e-14 
   60       2.274191673755e-10       2.996045371442e-14      -2.357359009509e-13       0.000000000000e+00       3.666922360559e-11       4.112783636054e-12      -1.142268946703e-14 
   61       2.305066373853e-10       3.149655359023e-14      -2.798033542207e-13       0.000000000000e+00       3.531366658373e-11       3.978199744708e-12      -1.146443323010e-14 
   62       2.336260374626e-10       3.307396534804e-14      -3.257894791766e-13       0.000000000000e+00       3.402536877971e-11       3.850259801690e-12      -1.141874578395e-14 
   63       2.367765995960e-10       3.469170942605e-14      -3.736377196078e-13       0.000000000000e+00       3.280017533403e-11       3.728429809961e-12      -1.131570771852e-14 
   64       2.399564989863e-10       3.634866854316e-14      -4.232824304531e-13       0.000000000000e+00       3.163192991575e-11       3.611957980833e-12      -1.118994613603e-14 
   65       2.431637904230e-10       3.804372216356e-14      -4.746638607648e-13       0.000000000000e+00       3.051417699316e-11       3.500081992920e-12      -1.107300316585e-14 
   66       2.463995951584e-10       3.977619229673e-14      -5.277774306075e-13       0.000000000000e+00       2.944592157076e-11       3.392726882933e-12      -1.096814481927e-14 
   67       2.496654737632e-10       4.154548498226e-14      -5.826344117340e-13       0.000000000000e+00       2.842690671726e-11       3.289935419981e-12      -1.087053412195e-14 
   68       2.529624469169e-10       4.335095975109e-14      -6.392477201329e-13       0.000000000000e+00       2.745586218967e-11       3.191657747023e-12      -1.077454611410e-14 
   69       2.562909578773e-10       4.519192935920e-14      -6.976320582186e-13       0.000000000000e+00       2.653045082657e-11       3.097746317827e-12      -1.067373534661e-14 
   70       2.596508349491e-10       4.706765952123e-14      -7.578040570201e-13       0.000000000000e+00       2.564721494149e-11       3.007950833936e-12      -1.056080337715e-14 
   71       2.630412539527e-10       4.897736864410e-14      -8.197824183708e-13       0.000000000000e+00       2.480152271616e-11       2.921913181624e-12      -1.042756626622e-14 
   72       2.664613316221e-10       5.092017993482e-14      -8.835781648351e-13       0.000000000000e+00       2.398876163217e-11       2.839264154956e-12      -1.026741706698e-14 
   73       2.699121210657e-10       5.289496767324e-14      -9.491629068304e-13       0.000000000000e+00       2.320830309897e-11       2.759946370159e-12      -1.008333274529e-14 
   74       2.733949332930e-10       5.490048081262e-14      -1.016494712980e-12       0.000000000000e+00       2.246020550348e-11       2.683944473530e-12      -9.881352603702e-15 
   75       2.769107174903e-10       5.693538666018e-14      -1.085527380434e-12       0.000000000000e+00       2.174400989268e-11       2.611186154783e-12      -9.668243509779e-15 
   76       2.804600378945e-10       5.899826952340e-14      -1.156210351214e-12       0.000000000000e+00       2.105871483800e-11       2.541539407885e-12      -9.451524355540e-15 
   77       2.840430506667e-10       6.108762935629e-14      -1.228488628545e-12       0.000000000000e+00       2.040275129989e-11       2.474809791912e-12      -9.239490516884e-15 
   78       2.876594807654e-10       6.320188040567e-14      -1.302302693196e-12       0.000000000000e+00       1.977395749231e-11       2.410737691883e-12      -9.041238313011e-15 
   79       2.913085988210e-10       6.533934985744e-14      -1.377588419822e-12       0.000000000000e+00       1.916955374721e-11       2.348995579615e-12      -8.866689465849e-15 
   80       2.949896721396e-10       6.749833592865e-14      -1.454282956726e-12       0.000000000000e+00       1.858683401062e-11       2.289269348441e-12      -8.724254594292e-15 
   81       2.987034587969e-10       6.967729674010e-14      -1.532343725172e-12       0.000000000000e+00       1.802543392813e-11       2.231524610480e-12      -8.613302585024e-15 
   82       3.024509320152e-10       7.187469192683e-14      -1.611732582331e-12       0.000000000000e+00       1.748541260772e-11       2.175781862312e-12      -8.530421934978e-15 
   83       3.062328149535e-10       7.408892585672e-14      -1.692410177280e-12       0.000000000000e+00       1.696655929164e-11       2.122035354709e-12      -8.471646592198e-15 
   84       3.100495663614e-10       7.631834737764e-14      -1.774335977766e-12       0.000000000000e+00       1.646838149187e-11       2.070251910411e-12      -8.432436693684e-15 
   85       3.139013662327e-10       7.856124956454e-14      -1.857468296986e-12       0.000000000000e+00       1.599009312556e-11       2.020369741891e-12      -8.407659303240e-15 
   86       3.177881014597e-10       8.081586946661e-14      -1.941764320355e-12       0.000000000000e+00       1.553060265052e-11       1.972297269122e-12      -8.391569149320e-15 
   87       3.217093514863e-10       8.308038785441e-14      -2.027180132281e-12       0.000000000000e+00       1.508850120064e-11       1.925911937350e-12      -8.377789362881e-15 
   88       3.256643739626e-10       8.535292896697e-14      -2.113670742937e-12       0.000000000000e+00       1.466205072137e-11       1.881059034860e-12      -8.359292215225e-15 
   89       3.296524231075e-10       8.763158494192e-14      -2.201188477273e-12       0.000000000000e+00       1.424959847852e-11       1.837590063661e-12      -8.329906942135e-15 
   90       3.336737933047e-10       8.991449404903e-14      -2.289677794095e-12       0.000000000000e+00       1.385092096514e-11       1.795487326642e-12      -8.289156272939e-15 
   91       3.377289135432e-10       9.219977432013e-14      -2.379079699811e-12       0.000000000000e+00       1.346606993132e-11       1.754756796852e-12      -8.238146636107e-15 
   92       3.418180200504e-10       9.448550007393e-14      -2.469333316052e-12       0.000000000000e+00       1.309495937734e-11       1.715389722937e-12      -8.178112177722e-15 
   93       3.459411469294e-10       9.676970203292e-14      -2.560375881903e-12       0.000000000000e+00       1.273736007675e-11       1.677362039468e-12      -8.110418377024e-15 
   94       3.500981167984e-10       9.905036744029e-14      -2.652142756142e-12       0.000000000000e+00       1.239289409942e-11       1.640633777255e-12      -8.036565661956e-15 
   95       3.542885314280e-10       1.013254401768e-13      -2.744567419479e-12       0.000000000000e+00       1.206102933466e-11       1.605148473676e-12      -7.958193024707e-15 
   96       3.585117623798e-10       1.035928208777e-13      -2.837581476789e-12       0.000000000000e+00       1.174107401422e-11       1.570832582994e-12      -7.877081637255e-15 
   97       3.627669416447e-10       1.058503670498e-13      -2.931114659350e-12       0.000000000000e+00       1.143217123542e-11       1.537594886680e-12      -7.795158466920e-15 
   98       3.670529522809e-10       1.080958931881e-13      -3.025094827081e-12       0.000000000000e+00       1.113329348421e-11       1.505325903736e-12      -7.714499891901e-15 
   99       3.713687261840e-10       1.103272200863e-13      -3.119449442636e-12       0.000000000000e+00       1.084347843232e-11       1.473923879639e-12      -7.636915295568e-15 
  100       3.757142057572e-10       1.125423304850e-13      -3.214110227095e-12       0.000000000000e+00       1.056258627654e-11       1.443378228069e-12      -7.562622736028e-15 
  101       3.800895016959e-10       1.147392357894e-13      -3.309009170935e-12       0.000000000000e+00       1.029063999457e-11       1.413696867522e-12      -7.491391540508e-15 
  102       3.844945924399e-10       1.169159295468e-13      -3.404077140824e-12       0.000000000000e+00       1.002759112078e-11       1.384880432947e-12      -7.422944134999e-15 
  103       3.889293185346e-10       1.190703881600e-13      -3.499243899703e-12       0.000000000000e+00       9.773317193768e-12       1.356922008235e-12      -7.356954568626e-15 
  104       3.933933769920e-10       1.212005716003e-13      -3.594438126858e-12       0.000000000000e+00       9.527619203974e-12       1.329806858705e-12      -7.293047038034e-15 
  105       3.978863156518e-10       1.233044241208e-13      -3.689587438001e-12       0.000000000000e+00       9.290219041302e-12       1.303512163591e-12      -7.230794411759e-15 
  106       4.024075275421e-10       1.253798749695e-13      -3.784618405347e-12       0.000000000000e+00       9.060756942718e-12       1.278006748529e-12      -7.169716754611e-15 
  107       4.069562452410e-10       1.274248391025e-13      -3.879456577692e-12       0.000000000000e+00       8.838788939846e-12       1.253250818046e-12      -7.109279852053e-15 
  108       4.115315352371e-10       1.294372178975e-13      -3.974026500489e-12       0.000000000000e+00       8.623784306585e-12       1.229195688044e-12      -7.048893734573e-15 
  109       4.161322922908e-10       1.314148998663e-13      -4.068251735924e-12       0.000000000000e+00       8.415123006706e-12       1.205783518287e-12      -6.987911202071e-15 
  110       4.207574359532e-10       1.333558128800e-13      -4.162055445439e-12       0.000000000000e+00       8.212235632453e-12       1.182960730220e-12      -6.925759049670e-15 
  111       4.254065408061e-10       1.352580869063e-13      -4.255362178932e-12       0.000000000000e+00       8.015049051080e-12       1.160720786026e-12      -6.862353998444e-15 
  112       4.300792767011e-10       1.371199135307e-13      -4.348096353174e-12       0.000000000000e+00       7.823593280103e-12       1.139066409199e-12      -6.797737480912e-15 
  113       4.347752102018e-10       1.389394975120e-13      -4.440181735146e-12       0.000000000000e+00       7.637862955784e-12       1.117996257121e-12      -6.731947528465e-15 
  114       4.394938009314e-10       1.407150580022e-13      -4.531541467649e-12       0.000000000000e+00       7.457816181136e-12       1.097504788052e-12      -6.665018599932e-15 
  115       4.442343979204e-10       1.424448297656e-13      -4.622098094903e-12       0.000000000000e+00       7.283373373936e-12       1.077582128113e-12      -6.596981410153e-15 
  116       4.489962359547e-10       1.441270643986e-13      -4.711773588158e-12       0.000000000000e+00       7.114416114730e-12       1.058213938277e-12      -6.527862758545e-15 
  117       4.537784319235e-10       1.457600315487e-13      -4.800489371295e-12       0.000000000000e+00       6.950785994843e-12       1.039381281352e-12      -6.457685357677e-15 
  118       4.585799811668e-10       1.473420201346e-13      -4.888166346434e-12       0.000000000000e+00       6.792283464383e-12       1.021060488968e-12      -6.386467661830e-15 
  119       4.633997538235e-10       1.488713395649e-13      -4.974724919539e-12       0.000000000000e+00       6.638666680252e-12       1.003223028566e-12      -6.314223695578e-15 
  120       4.682364911792e-10       1.503463209580e-13      -5.060085026019e-12       0.000000000000e+00       6.489650354154e-12       9.858353703809e-13      -6.240962882345e-15 
  121       4.730888020138e-10       1.517653183616e-13      -5.144166156338e-12       0.000000000000e+00       6.344904600602e-12       9.688588544314e-13      -6.166689872985e-15 
  122       4.779551589498e-10       1.531267099719e-13      -5.226887381618e-12       0.000000000000e+00       6.204053784925e-12       9.522495575044e-13      -6.091404374344e-15 
  123       4.828340879960e-10       1.544289513524e-13      -5.308168464896e-12       0.000000000000e+00       6.066757661715e-12       9.359685566130e-13      -6.015131989805e-15 
  124       4.877247696154e-10       1.556707394158e-13      -5.387933284896e-12       0.000000000000e+00       5.932967798601e-12       9.200143377821e-13      -5.938021117842e-15 
  125       4.926265001480e-10       1.568508696668e-13      -5.466106855675e-12       0.000000000000e+00       5.802698577071e-12       9.043938771075e-13      -5.860256914116e-15 
  126       4.975385026892e-10       1.579681875015e-13      -5.542614309994e-12       0.000000000000e+00       5.675947041228e-12       8.891125270759e-13      -5.782031348386e-15 
  127       5.024599249575e-10       1.590215898362e-13      -5.617380933465e-12       0.000000000000e+00       5.552692393246e-12       8.741739653491e-13      -5.703543277080e-15 
  128       5.073898371628e-10       1.600100267358e-13      -5.690332198701e-12       0.000000000000e+00       5.432895488820e-12       8.595801435481e-13      -5.624998515853e-15 
  129       5.123272298738e-10       1.609325030428e-13      -5.761393799462e-12       0.000000000000e+00       5.316498332627e-12       8.453312360370e-13      -5.546609912161e-15 
  130       5.172710118864e-10       1.617880800053e-13      -5.830491684799e-12       0.000000000000e+00       5.203423573774e-12       8.314255887074e-13      -5.468597417823e-15 
  131       5.222200080910e-10       1.625758769059e-13      -5.897552093203e-12       0.000000000000e+00       5.093574001255e-12       8.178596677624e-13      -5.391188161585e-15 
  132       5.271729573408e-10       1.632950726901e-13      -5.962501586752e-12       0.000000000000e+00       4.986832039406e-12       8.046280085006e-13      -5.314616521692e-15 
  133       5.321285103194e-10       1.639449075951e-13      -6.025267085257e-12       0.000000000000e+00       4.883059243359e-12       7.917231641004e-13      -5.239124198448e-15 
  134       5.370852274089e-10       1.645246847781e-13      -6.085775900410e-12       0.000000000000e+00       4.782095794492e-12       7.791356544039e-13      -5.164960286784e-15 
  135       5.420415765576e-10       1.650337719452e-13      -6.143955769931e-12       0.000000000000e+00       4.683759995891e-12       7.668539147010e-13      -5.092381348825e-15 
  136       5.469959311480e-10       1.654716029795e-13      -6.199734891710e-12       0.000000000000e+00       4.587847767799e-12       7.548642445139e-13      -5.021651486456e-15 
  137       5.519467116304e-10       1.658377129656e-13      -6.253042748763e-12       0.000000000000e+00       4.494175987876e-12       7.431535505448e-13      -4.952977593252e-15 
  138       5.568928314782e-10       1.661318439051e-13      -6.303812608121e-12       0.000000000000e+00       4.402718641634e-12       7.317180042786e-13      -4.886307394850e-15 
  139       5.618332935520e-10       1.663538530789e-13      -6.351979346472e-12       0.000000000000e+00       4.313483869687e-12       7.205551873253e-13      -4.821510550263e-15 
  140       5.667670492661e-10       1.665036824569e-13      -6.397478721358e-12       0.000000000000e+00       4.226471162916e-12       7.096613444695e-13      -4.758441261644e-15 
  141       5.716929973688e-10       1.665813605385e-13      -6.440247410345e-12       0.000000000000e+00       4.141671136213e-12       6.990313501899e-13      -4.696937935430e-15 
  142       5.766099827228e-10       1.665870041931e-13      -6.480223050188e-12       0.000000000000e+00       4.059065302230e-12       6.886586751785e-13      -4.636822843473e-15 
  143       5.815167950855e-10       1.665208205006e-13      -6.517344275997e-12       0.000000000000e+00       3.978625845122e-12       6.785353528594e-13      -4.577901784180e-15 
  144       5.864121678896e-10       1.663831085919e-13      -6.551550760404e-12       0.000000000000e+00       3.900315394296e-12       6.686519459086e-13      -4.519963743649e-15 
  145       5.912947770234e-10       1.661742614896e-13      -6.582783252729e-12       0.000000000000e+00       3.824086798152e-12       6.589975127727e-13      -4.462780556806e-15 
  146       5.961632396108e-10       1.658947679484e-13      -6.610983618146e-12       0.000000000000e+00       3.749882897831e-12       6.495595741883e-13      -4.406106568541e-15 
  147       6.010161127925e-10       1.655452142956e-13      -6.636094876848e-12       0.000000000000e+00       3.677636300962e-12       6.403240797012e-13      -4.349678294849e-15 
  148       6.058518925056e-10       1.651262862718e-13      -6.658061243217e-12       0.000000000000e+00       3.607269155407e-12       6.312753741855e-13      -4.293214083962e-15 
  149       6.106690122643e-10       1.646387708713e-13      -6.676828164985e-12       0.000000000000e+00       3.538692923002e-12       6.223961643632e-13      -4.236413777488e-15 
  150       6.154658419404e-10       1.640835581827e-13      -6.692342362404e-12       0.000000000000e+00       3.471808153313e-12       6.136674853227e-13      -4.178958371548e-15 
  151       6.202406865434e-10       1.634616432294e-13      -6.704551867411e-12       0.000000000000e+00       3.406504257369e-12       6.050686670386e-13      -4.120509677915e-15 
  152       6.249917850011e-10       1.627741278101e-13      -6.713406062793e-12       0.000000000000e+00       3.342659281419e-12       5.965773008906e-13      -4.060709985146e-15 
  153       6.297174393413e-10       1.620222127082e-13      -6.718856187467e-12       0.000000000000e+00       3.280165136110e-12       5.881744005037e-13      -3.999268915513e-15 
  154       6.344164183128e-10       1.612071696313e-13      -6.720856822716e-12       0.000000000000e+00       3.219006398567e-12       5.798604944267e-13      -3.936233792022e-15 
  155       6.390875891250e-10       1.603303701608e-13      -6.719364619396e-12       0.000000000000e+00       3.159188436666e-12       5.716409721881e-13      -3.871743869414e-15 
  156       6.437297898672e-10       1.593932969255e-13      -6.714337885433e-12       0.000000000000e+00       3.100712516002e-12       5.635210174253e-13      -3.805945501025e-15 
  157       6.483418289527e-10       1.583975453928e-13      -6.705736627365e-12       0.000000000000e+00       3.043575703277e-12       5.555056008586e-13      -3.738992244008e-15 
  158       6.529224845638e-10       1.573448256603e-13      -6.693522591876e-12       0.000000000000e+00       2.987770769689e-12       5.475994732642e-13      -3.671044964545e-15 
  159       6.574705040960e-10       1.562369642474e-13      -6.677659307345e-12       0.000000000000e+00       2.933286094323e-12       5.398071584480e-13      -3.602271943076e-15 
  160       6.619846036028e-10       1.550759058866e-13      -6.658112125379e-12       0.000000000000e+00       2.880105567537e-12       5.321329462197e-13      -3.532848979517e-15 
  161       6.664634672396e-10       1.538637153151e-13      -6.634848262356e-12       0.000000000000e+00       2.828208494352e-12       5.245808853655e-13      -3.462959498478e-15 
  162       6.709057467090e-10       1.526025790662e-13      -6.607836840963e-12       0.000000000000e+00       2.777569497842e-12       5.171547766226e-13      -3.392794654485e-15 
  163       6.753100607048e-10       1.512948072610e-13      -6.577048931740e-12       0.000000000000e+00       2.728158422520e-12       5.098581656520e-13      -3.322553437202e-15 
  164       6.796749943565e-10       1.499428353996e-13      -6.542457594616e-12       0.000000000000e+00       2.679940237729e-12       5.026943360126e-13      -3.252442776648e-15 
  165       6.839990986742e-10       1.485492261526e-13      -6.504037920450e-12       0.000000000000e+00       2.632874941032e-12       4.956663021349e-13      -3.182677648422e-15 
  166       6.882808899927e-10       1.471166711529e-13      -6.461767072574e-12       0.000000000000e+00       2.586917461597e-12       4.887768022941e-13      -3.113481178920e-15 
  167       6.925188494162e-10       1.456479927869e-13      -6.415624328330e-12       0.000000000000e+00       2.542017563591e-12       4.820282915839e-13      -3.045084750554e-15 
  168       6.967114222627e-10       1.441461459859e-13      -6.365591120610e-12       0.000000000000e+00       2.498119749563e-12       4.754229348905e-13      -2.977728106979e-15 
  169       7.008570175087e-10       1.426142200179e-13      -6.311651079398e-12       0.000000000000e+00       2.455163163837e-12       4.689625998654e-13      -2.911659458306e-15 
  170       7.049540072336e-10       1.410554402789e-13      -6.253790073309e-12       0.000000000000e+00       2.413081495902e-12       4.626488498999e-13      -2.847135586327e-15 
  171       7.090008313787e-10       1.394730772361e-13      -6.191995763483e-12       0.000000000000e+00       2.371816402065e-12       4.564824878777e-13      -2.784366757043e-15 
  172       7.129963229899e-10       1.378701609870e-13      -6.126256136572e-12       0.000000000000e+00       2.331359228523e-12       4.504621594563e-13      -2.723346083584e-15 
  173       7.169394091559e-10       1.362497462219e-13      -6.056560928459e-12       0.000000000000e+00       2.291712598278e-12       4.445856193193e-13      -2.664006070770e-15 
  174       7.208290080101e-10       1.346150043320e-13      -5.982902140156e-12       0.000000000000e+00       2.252877164868e-12       4.388501611213e-13      -2.606272408038e-15 
  175       7.246640286043e-10       1.329692248224e-13      -5.905274077343e-12       0.000000000000e+00       2.214851570908e-12       4.332526086288e-13      -2.550063849479e-15 
  176       7.284433707833e-10       1.313158167240e-13      -5.823673389929e-12       0.000000000000e+00       2.177632406637e-12       4.277893068606e-13      -2.495292093876e-15 
  177       7.321659250590e-10       1.296583100071e-13      -5.738099111596e-12       0.000000000000e+00       2.141214168459e-12       4.224561132288e-13      -2.441861664738e-15 
  178       7.358305724845e-10       1.280003569933e-13      -5.648552699352e-12       0.000000000000e+00       2.105589217484e-12       4.172483886797e-13      -2.389669790334e-15 
  179       7.394361845283e-10       1.263457337685e-13      -5.555038073080e-12       0.000000000000e+00       2.070747738074e-12       4.121609888344e-13      -2.338606283735e-15 
  180       7.429816229486e-10       1.246983415956e-13      -5.457561655090e-12       0.000000000000e+00       2.036677696384e-12       4.071882551298e-13      -2.288553422845e-15 
  181       7.464657396673e-10       1.230622083271e-13      -5.356132409670e-12       0.000000000000e+00       2.003364798908e-12       4.023240059592e-13      -2.239385830438e-15 
  182       7.498873766445e-10       1.214414898177e-13      -5.250761882634e-12       0.000000000000e+00       1.970792451017e-12       3.975615278131e-13      -2.190970354195e-15 
  183       7.532453657523e-10       1.198404713371e-13      -5.141464240874e-12       0.000000000000e+00       1.938941715506e-12       3.928935664201e-13      -2.143165946742e-15 
  184       7.565385286492e-10       1.182635689826e-13      -5.028256311911e-12       0.000000000000e+00       1.907791271135e-12       3.883123178878e-13      -2.095823545680e-15 
  185       7.597656766545e-10       1.167153310916e-13      -4.911157623444e-12       0.000000000000e+00       1.877317371172e-12       3.838094198433e-13      -2.048785953628e-15 
  186       7.629256106220e-10       1.152004396546e-13      -4.790190442903e-12       0.000000000000e+00       1.847493801939e-12       3.793759425741e-13      -2.001887718255e-15 
  187       7.660171208145e-10       1.137237117276e-13      -4.665379816997e-12       0.000000000000e+00       1.818291841348e-12       3.750023801691e-13      -1.954955012316e-15 
  188       7.690389867782e-10       1.122901008450e-13      -4.536753611265e-12       0.000000000000e+00       1.789680217454e-12       3.706786416591e-13      -1.907805513691e-15 
  189       7.719899772162e-10       1.109046984318e-13      -4.404342549628e-12       0.000000000000e+00       1.761625066987e-12       3.663940421578e-13      -1.860248285417e-15 
  190       7.748688498635e-10       1.095727352170e-13      -4.268180253938e-12       0.000000000000e+00       1.734089893904e-12       3.621372940024e-13      -1.812083655729e-15 
  191       7.776744330717e-10       1.082993733872e-13      -4.128301269532e-12       0.000000000000e+00       1.707042785475e-12       3.578988522758e-13      -1.763146977514e-15 
  192       7.804058776613e-10       1.070890626949e-13      -3.984734894087e-12       0.000000000000e+00       1.680478751439e-12       3.536781663167e-13      -1.713443822381e-15 
  193       7.830624237620e-10       1.059461386616e-13      -3.837510960945e-12       0.000000000000e+00       1.654398984516e-12       3.494769563279e-13      -1.663024719628e-15 
  194       7.856433209407e-10       1.048750282159e-13      -3.686661844217e-12       0.000000000000e+00       1.628803735958e-12       3.452969067622e-13      -1.611942212200e-15 
  195       7.881478283431e-10       1.038802504213e-13      -3.532222491751e-12       0.000000000000e+00       1.603692297838e-12       3.411396651665e-13      -1.560250880311e-15 
  196       7.905752148356e-10       1.029664172045e-13      -3.374230458082e-12       0.000000000000e+00       1.579062985340e-12       3.370068410273e-13      -1.508007365060e-15 
  197       7.929247591463e-10       1.021382340828e-13      -3.212725937402e-12       0.000000000000e+00       1.554913119053e-12       3.329000046153e-13      -1.455270392058e-15 
  198       7.951957500072e-10       1.014005008925e-13      -3.047751796513e-12       0.000000000000e+00       1.531239007263e-12       3.288206858303e-13      -1.402100795046e-15 
  199       7.973874862954e-10       1.007581125165e-13      -2.879353607791e-12       0.000000000000e+00       1.508035928241e-12       3.247703730464e-13      -1.348561539512e-15 
  200       7.994992771746e-10       1.002160596124e-13      -2.707579682146e-12       0.000000000000e+00       1.485298112538e-12       3.207505119564e-13      -1.294717746318e-15 
  201       8.015304422370e-10       9.977942934032e-14      -2.532481101980e-12       0.000000000000e+00       1.463018725273e-12       3.167625044176e-13      -1.240636715316e-15 
  202       8.034803116445e-10       9.945340609085e-14      -2.354111754150e-12       0.000000000000e+00       1.441189848430e-12       3.128077072956e-13      -1.186387948969e-15 
  203       8.053482262707e-10       9.924327221296e-14      -2.172528362925e-12       0.000000000000e+00       1.419802463142e-12       3.088874313103e-13      -1.132043175974e-15 
  204       8.071335378418e-10       9.915440874197e-14      -1.987790522949e-12       0.000000000000e+00       1.398846431990e-12       3.050029398799e-13      -1.077676374879e-15 
  205       8.088356090790e-10       9.919229612738e-14      -1.799960732201e-12       0.000000000000e+00       1.378310481288e-12       3.011554479666e-13      -1.023363797706e-15 
  206       8.104538138394e-10       9.936251496089e-14      -1.609104424953e-12       0.000000000000e+00       1.358182183379e-12       2.973461209209e-13      -9.691839935739e-16 
  207       8.119875372580e-10       9.967074670425e-14      -1.415290004733e-12       0.000000000000e+00       1.338447938925e-12       2.935760733269e-13      -9.152178323124e-16 
  208       8.134361758889e-10       1.001227744172e-13      -1.218588877282e-12       0.000000000000e+00       1.319092959198e-12       2.898463678471e-13      -8.615485280882e-16 
  209       8.147991378472e-10       1.007244834854e-13      -1.019075483518e-12       0.000000000000e+00       1.300101248372e-12       2.861580140673e-13      -8.082616630237e-16 
  210       8.160758429503e-10       1.014818623483e-13      -8.168273324917e-13       0.000000000000e+00       1.281455585814e-12       2.825119673415e-13      -7.554452108174e-16 
  211       8.172657228599e-10       1.024010032271e-13      -6.119250343521e-13       0.000000000000e+00       1.263137508376e-12       2.789091276370e-13      -7.031895603649e-16 
  212       8.183682212228e-10       1.034881028529e-13      -4.044523333021e-13       0.000000000000e+00       1.245127292686e-12       2.753503383790e-13      -6.515875393791e-16 
  213       8.193828396713e-10       1.047491206959e-13      -1.944918695174e-13       0.000000000000e+00       1.227407805268e-12       2.718363546862e-13      -6.007176414075e-16 
  214       8.203092789830e-10       1.061887264726e-13       1.788792185251e-14       0.000000000000e+00       1.209976378854e-12       2.683677480865e-13      -5.505923979260e-16 
  215       8.211473077313e-10       1.078112829379e-13       2.326205311062e-13       0.000000000000e+00       1.192833704224e-12       2.649449931317e-13      -5.012065638665e-16 
  216       8.218967175444e-10       1.096211818233e-13       4.496371608762e-13       0.000000000000e+00       1.175980026977e-12       2.615684962007e-13      -4.525535804041e-16 
  217       8.225573233681e-10       1.116228436630e-13       6.688667044125e-13       0.000000000000e+00       1.159415140011e-12       2.582385942633e-13      -4.046255543584e-16 
  218       8.231289637278e-10       1.138207176198e-13       8.902357238667e-13       0.000000000000e+00       1.143138375988e-12       2.549555536454e-13      -3.574132375948e-16 
  219       8.236115009907e-10       1.162192813119e-13       1.113668428576e-12       0.000000000000e+00       1.127148599815e-12       2.517195687926e-13      -3.109060064266e-16 
  220       8.240048216283e-10       1.188230406387e-13       1.339086653345e-12       0.000000000000e+00       1.111444201117e-12       2.485307610349e-13      -2.650918410159e-16 
  221       8.243088364788e-10       1.216365296072e-13       1.566409836735e-12       0.000000000000e+00       1.096023086706e-12       2.453891773510e-13      -2.199573047755e-16 
  222       8.245234810090e-10       1.246643101585e-13       1.795554999340e-12       0.000000000000e+00       1.080882673063e-12       2.422947891324e-13      -1.754875237704e-16 
  223       8.246487155769e-10       1.279109719935e-13       2.026436722078e-12       0.000000000000e+00       1.066019878804e-12       2.392474909483e-13      -1.316661661191e-16 
  224       8.246845256940e-10       1.313811323998e-13       2.258967124468e-12       0.000000000000e+00       1.051431117160e-12       2.362470993092e-13      -8.847542139539e-17 
  225       8.246309222875e-10       1.350794360775e-13       2.493055842920e-12       0.000000000000e+00       1.037112288448e-12       2.332933514317e-13      -4.589598002960e-17 
  226       8.244879419624e-10       1.390105549655e-13       2.728610009015e-12       0.000000000000e+00       1.023058772545e-12       2.303859040030e-13      -3.907012710373e-18 
  227       8.242556472644e-10       1.431791880681e-13       2.965534227790e-12       0.000000000000e+00       1.009265421364e-12       2.275243319446e-13       3.751385021397e-17 
  228       8.239341269414e-10       1.475900612808e-13       3.203730556022e-12       0.000000000000e+00       9.957265513242e-13       2.247081271772e-13       7.839053933385e-17 
  229       8.235234962065e-10       1.522479272167e-13       3.443098480511e-12       0.000000000000e+00       9.824359358306e-13       2.219366973848e-13       1.187485667769e-16 
  230       8.230238969999e-10       1.571575650330e-13       3.683534896366e-12       0.000000000000e+00       9.693867977426e-13       2.192093647792e-13       1.586150468065e-16 
  231       8.224354982511e-10       1.623237802570e-13       3.924934085285e-12       0.000000000000e+00       9.565718018509e-13       2.165253648641e-13       1.980187164203e-16 
  232       8.217584961416e-10       1.677514046123e-13       4.167187693841e-12       0.000000000000e+00       9.439830473508e-13       2.138838451996e-13       2.369899559484e-16 
  233       8.209931143670e-10       1.734452958453e-13       4.410184711769e-12       0.000000000000e+00       9.316120603161e-13       2.112838641665e-13       2.755608096522e-16 
  234       8.201396043991e-10       1.794103375513e-13       4.653811450244e-12       0.000000000000e+00       9.194497861731e-13       2.087243897305e-13       3.137650063227e-16 
  235       8.191982457486e-10       1.856514390007e-13       4.897951520167e-12       0.000000000000e+00       9.074865821748e-13       2.062042982070e-13       3.516379798791e-16 
  236       8.181693462269e-10       1.921735349654e-13       5.142485810451e-12       0.000000000000e+00       8.957122098748e-13       2.037223730248e-13       3.892168899669e-16 
  237       8.170532422089e-10       1.989815855449e-13       5.387292466302e-12       0.000000000000e+00       8.841158276010e-13       2.012773034908e-13       4.265406425571e-16 
  238       8.158502999134e-10       2.060801526168e-13       5.632253757792e-12       0.000000000000e+00       8.726880767004e-13       1.988678984582e-13       4.636412422001e-16 
  239       8.145609187894e-10       2.134721010730e-13       5.877277192208e-12       0.000000000000e+00       8.614274960821e-13       1.964937442493e-13       5.005172248473e-16 
  240       8.131855288437e-10       2.211598185627e-13       6.122275638646e-12       0.000000000000e+00       8.503344816934e-13       1.941545841955e-13       5.371586554471e-16 
  241       8.117245899043e-10       2.291456307305e-13       6.367160545617e-12       0.000000000000e+00       8.394092246089e-13       1.918501065400e-13       5.735556538271e-16 
  242       8.101785918840e-10       2.374318001500e-13       6.611841933873e-12       0.000000000000e+00       8.286517079218e-13       1.895799436562e-13       6.096983970067e-16 
  243       8.085480550458e-10       2.460205252562e-13       6.856228389219e-12       0.000000000000e+00       8.180617036351e-13       1.873436712644e-13       6.455771215076e-16 
  244       8.068335302666e-10       2.549139392788e-13       7.100227055338e-12       0.000000000000e+00       8.076387695521e-13       1.851408076505e-13       6.811821256659e-16 
  245       8.050355993019e-10       2.641141091757e-13       7.343743626610e-12       0.000000000000e+00       7.973822461682e-13       1.829708128831e-13       7.165037719435e-16 
  246       8.031548750506e-10       2.736230345655e-13       7.586682340932e-12       0.000000000000e+00       7.872912535614e-13       1.808330880314e-13       7.515324892391e-16 
  247       8.011920018188e-10       2.834426466608e-13       7.828945972533e-12       0.000000000000e+00       7.773646882836e-13       1.787269743827e-13       7.862587752004e-16 
  248       7.991476555847e-10       2.935748072016e-13       8.070435824803e-12       0.000000000000e+00       7.676012202517e-13       1.766517526605e-13       8.206731985349e-16 
  249       7.970225442629e-10       3.040213073878e-13       8.311051723104e-12       0.000000000000e+00       7.579992896387e-13       1.746066422420e-13       8.547664013220e-16 
  250       7.948174079689e-10       3.147838668127e-13       8.550692007594e-12       0.000000000000e+00       7.485571037645e-13       1.725908003755e-13       8.885291013238e-16 
  251       7.925330192834e-10       3.258641323962e-13       8.789253526047e-12       0.000000000000e+00       7.392726339874e-13       1.706033213987e-13       9.219520942973e-16 
  252       7.901701835168e-10       3.372636773175e-13       9.026631626671e-12       0.000000000000e+00       7.301436125949e-13       1.686432359558e-13       9.550262563053e-16 
  253       7.877297389739e-10       3.489839999481e-13       9.262720150930e-12       0.000000000000e+00       7.211675296946e-13       1.667095102159e-13       9.877425460280e-16 
  254       7.852125572179e-10       3.610265227857e-13       9.497411426360e-12       0.000000000000e+00       7.123416301058e-13       1.648010450899e-13       1.020092007075e-15 
  255       7.826195433353e-10       3.733925913863e-13       9.730596259394e-12       0.000000000000e+00       7.036629102501e-13       1.629166754488e-13       1.052065770296e-15 
  256       7.799516361998e-10       3.860834732979e-13       9.962163928177e-12       0.000000000000e+00       6.951281150426e-13       1.610551693411e-13       1.083655056092e-15 
  257       7.772098087375e-10       3.991003569933e-13       1.019200217539e-11       0.000000000000e+00       6.867337347832e-13       1.592152272109e-13       1.114851176729e-15 
  258       7.743950681904e-10       4.124443508034e-13       1.041999720106e-11       0.000000000000e+00       6.784760020473e-13       1.573954811148e-13       1.145645538646e-15 
  259       7.715084563817e-10       4.261164818501e-13       1.064603365541e-11       0.000000000000e+00       6.703508885771e-13       1.555944939407e-13       1.176029644770e-15 
  260       7.685510499799e-10       4.401176949796e-13       1.086999463162e-11       0.000000000000e+00       6.623541021726e-13       1.538107586245e-13       1.205995096825e-15 
  261       7.655239607630e-10       4.544488516952e-13       1.109176165871e-11       0.000000000000e+00       6.544810835828e-13       1.520426973685e-13       1.235533597645e-15 
  262       7.624283358834e-10       4.691107290905e-13       1.131121469432e-11       0.000000000000e+00       6.467270033966e-13       1.502886608585e-13       1.264636953482e-15 
  263       7.592653581320e-10       4.841040187827e-13       1.152823211756e-11       0.000000000000e+00       6.390867589339e-13       1.485469274823e-13       1.293297076325e-15 
  264       7.560362462029e-10       4.994293258455e-13       1.174269072179e-11       0.000000000000e+00       6.315549711368e-13       1.468157025465e-13       1.321505986204e-15 
  265       7.527422549575e-10       5.150871677420e-13       1.195446570748e-11       0.000000000000e+00       6.241259814606e-13       1.450931174950e-13       1.349255813503e-15 
  266       7.493846183320e-10       5.310776644736e-13       1.216343919728e-11       0.000000000000e+00       6.167949247125e-13       1.433776341447e-13       1.376540213612e-15 
  267       7.459643740798e-10       5.473995925852e-13       1.236952630830e-11       0.000000000000e+00       6.095610185042e-13       1.416692833211e-13       1.403358691204e-15 
  268       7.424825300265e-10       5.640512777140e-13       1.257265048166e-11       0.000000000000e+00       6.024244463760e-13       1.399684919616e-13       1.429712515271e-15 
  269       7.389401207371e-10       5.810308971683e-13       1.277273509487e-11       0.000000000000e+00       5.953852966467e-13       1.382756840560e-13       1.455603332607e-15 
  270       7.353382076835e-10       5.983364783387e-13       1.296970346905e-11       0.000000000000e+00       5.884435611227e-13       1.365912805474e-13       1.481033172502e-15 
  271       7.316778794122e-10       6.159658971095e-13       1.316347887612e-11       0.000000000000e+00       5.815991338071e-13       1.349156992352e-13       1.506004451442e-15 
  272       7.279602517117e-10       6.339168762700e-13       1.335398454607e-11       0.000000000000e+00       5.748518096083e-13       1.332493546766e-13       1.530519977807e-15 
  273       7.241864677800e-10       6.521869839261e-13       1.354114367414e-11       0.000000000000e+00       5.682012830495e-13       1.315926580890e-13       1.554582956567e-15 
  274       7.203576983922e-10       6.707736319112e-13       1.372487942804e-11       0.000000000000e+00       5.616471469777e-13       1.299460172515e-13       1.578196993982e-15 
  275       7.164751420681e-10       6.896740741982e-13       1.390511495520e-11       0.000000000000e+00       5.551888912721e-13       1.283098364077e-13       1.601366102296e-15 
  276       7.125400252396e-10       7.088854053102e-13       1.408177338996e-11       0.000000000000e+00       5.488259015539e-13       1.266845161668e-13       1.624094704441e-15 
  277       7.085536024181e-10       7.284045587323e-13       1.425477786079e-11       0.000000000000e+00       5.425574578950e-13       1.250704534064e-13       1.646387638729e-15 
  278       7.045171563625e-10       7.482283053228e-13       1.442405149753e-11       0.000000000000e+00       5.363827335265e-13       1.234680411743e-13       1.668250163553e-15 
  279       7.004319982463e-10       7.683532517246e-13       1.458951743859e-11       0.000000000000e+00       5.303007935488e-13       1.218776685904e-13       1.689687962083e-15 
  280       6.962994678254e-10       7.887758387764e-13       1.475109883818e-11       0.000000000000e+00       5.243105936396e-13       1.202997207486e-13       1.710707146964e-15 
  281       6.921209336052e-10       8.094923399244e-13       1.490871887352e-11       0.000000000000e+00       5.184109787635e-13       1.187345786194e-13       1.731314265016e-15 
  282       6.878977930087e-10       8.304988596333e-13       1.506230075207e-11       0.000000000000e+00       5.126006818805e-13       1.171826189513e-13       1.751516301929e-15 
  283       6.836314725439e-10       8.517913317979e-13       1.521176771874e-11       0.000000000000e+00       5.068783226558e-13       1.156442141732e-13       1.771320686963e-15 
  284       6.793234279708e-10       8.733655181543e-13       1.535704306311e-11       0.000000000000e+00       5.012424061681e-13       1.141197322965e-13       1.790735297643e-15 
  285       6.749751444697e-10       8.952170066914e-13       1.549805012666e-11       0.000000000000e+00       4.956913216187e-13       1.126095368166e-13       1.809768464460e-15 
  286       6.705881368082e-10       9.173412100622e-13       1.563471230998e-11       0.000000000000e+00       4.902233410410e-13       1.111139866156e-13       1.828428975566e-15 
  287       6.661639495090e-10       9.397333639949e-13       1.576695307997e-11       0.000000000000e+00       4.848366180090e-13       1.096334358638e-13       1.846726081474e-15 
  288       6.617041570172e-10       9.623885257049e-13       1.589469597711e-11       0.000000000000e+00       4.795291863465e-13       1.081682339222e-13       1.864669499756e-15 
  289       6.572103638681e-10       9.853015723056e-13       1.601786462262e-11       0.000000000000e+00       4.742989588360e-13       1.067187252440e-13       1.882269419737e-15 
  290       6.526842048544e-10       1.008467199220e-12       1.613638272573e-11       0.000000000000e+00       4.691437259282e-13       1.052852492773e-13       1.899536507196e-15 
  291       6.481273451943e-10       1.031879918591e-12       1.625017409087e-11       0.000000000000e+00       4.640611544501e-13       1.038681403663e-13       1.916481909066e-15 
  292       6.435414806982e-10       1.055534057696e-12       1.635916262489e-11       0.000000000000e+00       4.590487863150e-13       1.024677276540e-13       1.933117258126e-15 
  293       6.389283379371e-10       1.079423757353e-12       1.646327234429e-11       0.000000000000e+00       4.541040372308e-13       1.010843349841e-13       1.949454677702e-15 
  294       6.342896744095e-10       1.103542970339e-12       1.656242738243e-11       0.000000000000e+00       4.492241954093e-13       9.971828080275e-14       1.965506786366e-15 
  295       6.296272787093e-10       1.127885459792e-12       1.665655199676e-11       0.000000000000e+00       4.444064202753e-13       9.836987806089e-14       1.981286702632e-15 
  296       6.249429706929e-10       1.152444797632e-12       1.674557057602e-11       0.000000000000e+00       4.396477411753e-13       9.703943411611e-14       1.996808049654e-15 
  297       6.202384919014e-10       1.177214487189e-12       1.682941507136e-11       0.000000000000e+00       4.349456158497e-13       9.572718999902e-14       2.012081901844e-15 
  298       6.155151705774e-10       1.202188340972e-12       1.690804767501e-11       0.000000000000e+00       4.302996385855e-13       9.443313514164e-14       2.027107450598e-15 
  299       6.107742406574e-10       1.227360118202e-12       1.698143926043e-11       0.000000000000e+00       4.257099127509e-13       9.315718343300e-14       2.041880893050e-15 
  300       6.060169500654e-10       1.252723400836e-12       1.704956207513e-11       0.000000000000e+00       4.211764980011e-13       9.189923286214e-14       2.056398449726e-15 
  301       6.012445607326e-10       1.278271592147e-12       1.711238975801e-11       0.000000000000e+00       4.166994097467e-13       9.065916533796e-14       2.070656365096e-15 
  302       5.964583486150e-10       1.303997915302e-12       1.716989735662e-11       0.000000000000e+00       4.122786186212e-13       8.943684650897e-14       2.084650908125e-15 
  303       5.916596037131e-10       1.329895411941e-12       1.722206134445e-11       0.000000000000e+00       4.079140499493e-13       8.823212558317e-14       2.098378372824e-15 
  304       5.868496300899e-10       1.355956940760e-12       1.726885963823e-11       0.000000000000e+00       4.036055832147e-13       8.704483514786e-14       2.111835078801e-15 
  305       5.820297458901e-10       1.382175176088e-12       1.731027161518e-11       0.000000000000e+00       3.993530515279e-13       8.587479098941e-14       2.125017371814e-15 
  306       5.772012833588e-10       1.408542606470e-12       1.734627813032e-11       0.000000000000e+00       3.951562410947e-13       8.472179191315e-14       2.137921624323e-15 
  307       5.723655888598e-10       1.435051533242e-12       1.737686153377e-11       0.000000000000e+00       3.910148906835e-13       8.358561956313e-14       2.150544236038e-15 
  308       5.675240228949e-10       1.461694069114e-12       1.740200568799e-11       0.000000000000e+00       3.869286910938e-13       8.246603824196e-14       2.162881634475e-15 
  309       5.626779601223e-10       1.488462136752e-12       1.742169598511e-11       0.000000000000e+00       3.828972846237e-13       8.136279473063e-14       2.174930275505e-15 
  310       5.578287893755e-10       1.515347467350e-12       1.743591936417e-11       0.000000000000e+00       3.789202645385e-13       8.027561810833e-14       2.186686643904e-15 
  311       5.529779136818e-10       1.542341599220e-12       1.744466432845e-11       0.000000000000e+00       3.749971745377e-13       7.920421957227e-14       2.198147253910e-15 
  312       5.481267502814e-10       1.569435876362e-12       1.744792096273e-11       0.000000000000e+00       3.711275082240e-13       7.814829225747e-14       2.209308649768e-15 
  313       5.432767306457e-10       1.596621447052e-12       1.744568095057e-11       0.000000000000e+00       3.673107085706e-13       7.710751105663e-14       2.220167406285e-15 
  314       5.384293004963e-10       1.623889262416e-12       1.743793759161e-11       0.000000000000e+00       3.635461673892e-13       7.608153243989e-14       2.230720129383e-15 
  315       5.335859198239e-10       1.651230075013e-12       1.742468581885e-11       0.000000000000e+00       3.598332247983e-13       7.506999427470e-14       2.240963456647e-15 
  316       5.287480629066e-10       1.678634437412e-12       1.740592221593e-11       0.000000000000e+00       3.561711686909e-13       7.407251564560e-14       2.250894057877e-15 
  317       5.239172183289e-10       1.706092700776e-12       1.738164503441e-11       0.000000000000e+00       3.525592342026e-13       7.308869667406e-14       2.260508635643e-15 
  318       5.190948890005e-10       1.733595013437e-12       1.735185421108e-11       0.000000000000e+00       3.489966031793e-13       7.211811833830e-14       2.269803925832e-15 
  319       5.142825921747e-10       1.761131319480e-12       1.731655138521e-11       0.000000000000e+00       3.454824036454e-13       7.116034229307e-14       2.278776698204e-15 
  320       5.094818594677e-10       1.788691357319e-12       1.727573991587e-11       0.000000000000e+00       3.420157092720e-13       7.021491068954e-14       2.287423756939e-15 
  321       5.046942368766e-10       1.816264658280e-12       1.722942489917e-11       0.000000000000e+00       3.385955388441e-13       6.928134599505e-14       2.295741941192e-15 
  322       4.999212847989e-10       1.843840545179e-12       1.717761318559e-11       0.000000000000e+00       3.352208557294e-13       6.835915081295e-14       2.303728125642e-15 
  323       4.951645780506e-10       1.871408130902e-12       1.712031339725e-11       0.000000000000e+00       3.318905673457e-13       6.744780770245e-14       2.311379221046e-15 
  324       4.904257058854e-10       1.898956316985e-12       1.705753594517e-11       0.000000000000e+00       3.286035246291e-13       6.654677899837e-14       2.318692174788e-15 
  325       4.857062720130e-10       1.926473792193e-12       1.698929304660e-11       0.000000000000e+00       3.253585215019e-13       6.565550663105e-14       2.325663971434e-15 
  326       4.810078946182e-10       1.953949031102e-12       1.691559874227e-11       0.000000000000e+00       3.221542943406e-13       6.477341194606e-14       2.332291633278e-15 
  327       4.763322063795e-10       1.981370292677e-12       1.683646891368e-11       0.000000000000e+00       3.189895214439e-13       6.389989552413e-14       2.338572220900e-15 
  328       4.716808544879e-10       2.008725618851e-12       1.675192130038e-11       0.000000000000e+00       3.158628225005e-13       6.303433700088e-14       2.344502833713e-15 
  329       4.670555006654e-10       2.036002833108e-12       1.666197551730e-11       0.000000000000e+00       3.127727580571e-13       6.217609488668e-14       2.350080610515e-15 
  330       4.624578211840e-10       2.063189539058e-12       1.656665307196e-11       0.000000000000e+00       3.097178289866e-13       6.132450638646e-14       2.355302730043e-15 
  331       4.578895068844e-10       2.090273119021e-12       1.646597738182e-11       0.000000000000e+00       3.066964759558e-13       6.047888721953e-14       2.360166411521e-15 
  332       4.533521330909e-10       2.117241606643e-12       1.635997507099e-11       0.000000000000e+00       3.037073704711e-13       5.963867115609e-14       2.364669706887e-15 
  333       4.488467630498e-10       2.144086349710e-12       1.624867988757e-11       0.000000000000e+00       3.007503031326e-13       5.880383572042e-14       2.368813914503e-15 
  334       4.443743272220e-10       2.170799460756e-12       1.613212899108e-11       0.000000000000e+00       2.978253331009e-13       5.797449471224e-14       2.372601271854e-15 
  335       4.399357517047e-10       2.197372953039e-12       1.601036170701e-11       0.000000000000e+00       2.949324998018e-13       5.715076013723e-14       2.376034174782e-15 
  336       4.355319581078e-10       2.223798740066e-12       1.588341954553e-11       0.000000000000e+00       2.920718227099e-13       5.633274217851e-14       2.379115178894e-15 
  337       4.311638634323e-10       2.250068635126e-12       1.575134622011e-11       0.000000000000e+00       2.892433011336e-13       5.552054916812e-14       2.381847000978e-15 
  338       4.268323799473e-10       2.276174350815e-12       1.561418766622e-11       0.000000000000e+00       2.864469139995e-13       5.471428755845e-14       2.384232520407e-15 
  339       4.225384150677e-10       2.302107498565e-12       1.547199206004e-11       0.000000000000e+00       2.836826196365e-13       5.391406189375e-14       2.386274780558e-15 
  340       4.182828712316e-10       2.327859588173e-12       1.532480983704e-11       0.000000000000e+00       2.809503555605e-13       5.311997478159e-14       2.387976990215e-15 
  341       4.140666457782e-10       2.353422027332e-12       1.517269371077e-11       0.000000000000e+00       2.782500382590e-13       5.233212686432e-14       2.389342524986e-15 
  342       4.098906308247e-10       2.378786121155e-12       1.501569869142e-11       0.000000000000e+00       2.755815629752e-13       5.155061679054e-14       2.390374928709e-15 
  343       4.057557131444e-10       2.403943071704e-12       1.485388210458e-11       0.000000000000e+00       2.729448034927e-13       5.077554118659e-14       2.391077914867e-15 
  344       4.016627740438e-10       2.428883977523e-12       1.468730360987e-11       0.000000000000e+00       2.703396119197e-13       5.000699462798e-14       2.391455367994e-15 
  345       3.976126892402e-10       2.453599833162e-12       1.451602521964e-11       0.000000000000e+00       2.677658184738e-13       4.924506961093e-14       2.391511345092e-15 
  346       3.936063287396e-10       2.478081528707e-12       1.434011131760e-11       0.000000000000e+00       2.652232312662e-13       4.848985652375e-14       2.391250077036e-15 
  347       3.896445567137e-10       2.502319849309e-12       1.415962867754e-11       0.000000000000e+00       2.627116360860e-13       4.774144361837e-14       2.390675969988e-15 
  348       3.857282313776e-10       2.526305474712e-12       1.397464648198e-11       0.000000000000e+00       2.602307961851e-13       4.699991698180e-14       2.389793606808e-15 
  349       3.818582048674e-10       2.550028978780e-12       1.378523634086e-11       0.000000000000e+00       2.577804520624e-13       4.626536050760e-14       2.388607748462e-15 
  350       3.780353231178e-10       2.573480829028e-12       1.359147231018e-11       0.000000000000e+00       2.553603212479e-13       4.553785586733e-14       2.387123335436e-15 
  351       3.742604257392e-10       2.596651386150e-12       1.339343091072e-11       0.000000000000e+00       2.529700980878e-13       4.481748248204e-14       2.385345489146e-15 
  352       3.705343458958e-10       2.619530903546e-12       1.319119114666e-11       0.000000000000e+00       2.506094535286e-13       4.410431749374e-14       2.383279513346e-15 
  353       3.668579101825e-10       2.642109526851e-12       1.298483452431e-11       0.000000000000e+00       2.482780349014e-13       4.339843573686e-14       2.380930895544e-15 
  354       3.632319385029e-10       2.664377293464e-12       1.277444507074e-11       0.000000000000e+00       2.459754657066e-13       4.269990970972e-14       2.378305308409e-15 
  355       3.596572439468e-10       2.686324132078e-12       1.256010935247e-11       0.000000000000e+00       2.437013453984e-13       4.200880954601e-14       2.375408611183e-15 
  356       3.561346326672e-10       2.707939862205e-12       1.234191649415e-11       0.000000000000e+00       2.414552491690e-13       4.132520298626e-14       2.372246851089e-15 
  357       3.526649037584e-10       2.729214193706e-12       1.211995819723e-11       0.000000000000e+00       2.392367277330e-13       4.064915534929e-14       2.368826264749e-15 
  358       3.492488491334e-10       2.750136726321e-12       1.189432875861e-11       0.000000000000e+00       2.370453071124e-13       3.998072950371e-14       2.365153279587e-15 
  359       3.458872534011e-10       2.770696949196e-12       1.166512508936e-11       0.000000000000e+00       2.348804884202e-13       3.931998583935e-14       2.361234515244e-15 
  360       3.425808937442e-10       2.790884240411e-12       1.143244673334e-11       0.000000000000e+00       2.327417476456e-13       3.866698223877e-14       2.357076784988e-15 
  361       3.393305397962e-10       2.810687866511e-12       1.119639588592e-11       0.000000000000e+00       2.306285354381e-13       3.802177404872e-14       2.352687097125e-15 
  362       3.361369535198e-10       2.830096982030e-12       1.095707741263e-11       0.000000000000e+00       2.285402768918e-13       3.738441405158e-14       2.348072656409e-15 
  363       3.330008890835e-10       2.849100629025e-12       1.071459886783e-11       0.000000000000e+00       2.264763713304e-13       3.675495243688e-14       2.343240865453e-15 
  364       3.299230927396e-10       2.867687736599e-12       1.046907051340e-11       0.000000000000e+00       2.244361920909e-13       3.613343677273e-14       2.338199326142e-15 
  365       3.269043027016e-10       2.885847120435e-12       1.022060533739e-11       0.000000000000e+00       2.224190863088e-13       3.551991197730e-14       2.332955841040e-15 
  366       3.239452490217e-10       2.903567482319e-12       9.969319072721e-12       0.000000000000e+00       2.204243747017e-13       3.491442029030e-14       2.327518414804e-15 
  367       3.210466534684e-10       2.920837409672e-12       9.715330215849e-12       0.000000000000e+00       2.184513513547e-13       3.431700124443e-14       2.321895255592e-15 
  368       3.182092294040e-10       2.937645375079e-12       9.458760045424e-12       0.000000000000e+00       2.164992835041e-13       3.372769163688e-14       2.316094776479e-15 
  369       3.154336816620e-10       2.953979735815e-12       9.199732640977e-12       0.000000000000e+00       2.145674113222e-13       3.314652550078e-14       2.310125596860e-15 
  370       3.127207064248e-10       2.969828733374e-12       8.938374901594e-12       0.000000000000e+00       2.126549477016e-13       3.257353407665e-14       2.303996543867e-15 
  371       3.100709162055e-10       2.985181867749e-12       8.674807940052e-12       0.000000000000e+00       2.107612211388e-13       3.200873689813e-14       2.297715276384e-15 
  372       3.074846118101e-10       3.000034080504e-12       8.409120855957e-12       0.000000000000e+00       2.088861109862e-13       3.145211472279e-14       2.291284094862e-15 
  373       3.049620012184e-10       3.014381734336e-12       8.141395973729e-12       0.000000000000e+00       2.070296287966e-13       3.090363548693e-14       2.284703970428e-15 
  374       3.025032734882e-10       3.028221253818e-12       7.871717385690e-12       0.000000000000e+00       2.051917766689e-13       3.036326305967e-14       2.277975907706e-15 
  375       3.001085985674e-10       3.041549126117e-12       7.600170963242e-12       0.000000000000e+00       2.033725471575e-13       2.983095720671e-14       2.271100945025e-15 
  376       2.977781271063e-10       3.054361901720e-12       7.326844368043e-12       0.000000000000e+00       2.015719231810e-13       2.930667355406e-14       2.264080154635e-15 
  377       2.955119902702e-10       3.066656195160e-12       7.051827063177e-12       0.000000000000e+00       1.997898779312e-13       2.879036355180e-14       2.256914642918e-15 
  378       2.933102995518e-10       3.078428685734e-12       6.775210324334e-12       0.000000000000e+00       1.980263747816e-13       2.828197443781e-14       2.249605550607e-15 
  379       2.911731465833e-10       3.089676118234e-12       6.497087250980e-12       0.000000000000e+00       1.962813671967e-13       2.778144920153e-14       2.242154052991e-15 
  380       2.891006029492e-10       3.100395303665e-12       6.217552777534e-12       0.000000000000e+00       1.945547986408e-13       2.728872654768e-14       2.234561360134e-15 
  381       2.870927199984e-10       3.110583119971e-12       5.936703684542e-12       0.000000000000e+00       1.928466024867e-13       2.680374086003e-14       2.226828717087e-15 
  382       2.851495286567e-10       3.120236512761e-12       5.654638609851e-12       0.000000000000e+00       1.911567019244e-13       2.632642216513e-14       2.218957404099e-15 
  383       2.832710392393e-10       3.129352496027e-12       5.371458059785e-12       0.000000000000e+00       1.894850098706e-13       2.585669609603e-14       2.210948736834e-15 
  384       2.814572412629e-10       3.137928152876e-12       5.087264420317e-12       0.000000000000e+00       1.878314288769e-13       2.539448385608e-14       2.202804066579e-15 
  385       2.797081032586e-10       3.145960636245e-12       4.802161968247e-12       0.000000000000e+00       1.861958510391e-13       2.493970218263e-14       2.194524780464e-15 
  386       2.780235725835e-10       3.153447169632e-12       4.516256882373e-12       0.000000000000e+00       1.845781579057e-13       2.449226331079e-14       2.186112301667e-15 
  387       2.764035752341e-10       3.160385047815e-12       4.229657254669e-12       0.000000000000e+00       1.829782203874e-13       2.405207493716e-14       2.177568089636e-15 
  388       2.748480156579e-10       3.166771637580e-12       3.942473101456e-12       0.000000000000e+00       1.813958986650e-13       2.361904018360e-14       2.168893640295e-15 
  389       2.733567765660e-10       3.172604378440e-12       3.654816374579e-12       0.000000000000e+00       1.798310420994e-13       2.319305756093e-14       2.160090486260e-15 
  390       2.719297187457e-10       3.177880783363e-12       3.366800972582e-12       0.000000000000e+00       1.782834891394e-13       2.277402093274e-14       2.151160197052e-15 
  391       2.705666808728e-10       3.182598439495e-12       3.078542751881e-12       0.000000000000e+00       1.767530672314e-13       2.236181947905e-14       2.142104379314e-15 
  392       2.692674793239e-10       3.186755008880e-12       2.790159537938e-12       0.000000000000e+00       1.752395927278e-13       2.195633766015e-14       2.132924677014e-15 
  393       2.680319079888e-10       3.190348229190e-12       2.501771136438e-12       0.000000000000e+00       1.737428707959e-13       2.155745518025e-14       2.123622771671e-15 
  394       2.668597380830e-10       3.193375914444e-12       2.213499344460e-12       0.000000000000e+00       1.722626953272e-13       2.116504695128e-14       2.114200382558e-15 
  395       2.657507179601e-10       3.195835955733e-12       1.925467961656e-12       0.000000000000e+00       1.707988488456e-13       2.077898305662e-14       2.104659266919e-15 
  396       2.647045729241e-10       3.197726321946e-12       1.637802801423e-12       0.000000000000e+00       1.693511024167e-13       2.039912871486e-14       2.095001220186e-15 
  397       2.637210050418e-10       3.199045060491e-12       1.350631702077e-12       0.000000000000e+00       1.679192155567e-13       2.002534424350e-14       2.085228076184e-15 
  398       2.627996929553e-10       3.199790298019e-12       1.064084538029e-12       0.000000000000e+00       1.665029361410e-13       1.965748502274e-14       2.075341707352e-15 
  399       2.619402916942e-10       3.199960241151e-12       7.782932309573e-13       0.000000000000e+00       1.651020003134e-13       1.929540145919e-14       2.065344024950e-15 
  400       2.611424324883e-10       3.199553177197e-12       4.933917609861e-13       0.000000000000e+00       1.637161323945e-13       1.893893894966e-14       2.055236979277e-15 
  401       2.604057225798e-10       3.198567474885e-12       2.095161778561e-13       0.000000000000e+00       1.623450447913e-13       1.858793784484e-14       2.045022559882e-15 
  402       2.597297450355e-10       3.197001585079e-12      -7.319538789880e-14       0.000000000000e+00       1.609884379051e-13       1.824223341308e-14       2.034702795776e-15 
  403       2.591140585598e-10       3.194854041509e-12      -3.546027137777e-13       0.000000000000e+00       1.596460000413e-13       1.790165580415e-14       2.024279755648e-15 
  404       2.585581973063e-10       3.192123461491e-12      -6.345634741381e-13       0.000000000000e+00       1.583174073177e-13       1.756603001296e-14       2.013755548076e-15 
  405       2.580616706909e-10       3.188808546649e-12      -9.129332290211e-13       0.000000000000e+00       1.570023235736e-13       1.723517584328e-14       2.003132321742e-15 
  406       2.576239632038e-10       3.184908083646e-12      -1.189565412977e-12       0.000000000000e+00       1.557004002785e-13       1.690890787155e-14       1.992412265644e-15 
  407       2.572445342220e-10       3.180420944899e-12      -1.464311323890e-12       0.000000000000e+00       1.544112764412e-13       1.658703541056e-14       1.981597609306e-15 
  408       2.569228178217e-10       3.175346089310e-12      -1.737020111807e-12       0.000000000000e+00       1.531345785184e-13       1.626936247324e-14       1.970690623000e-15 
  409       2.566582225906e-10       3.169682562986e-12      -2.007538767756e-12       0.000000000000e+00       1.518699203239e-13       1.595568773635e-14       1.959693617950e-15 
  410       2.564501644566e-10       3.163430368798e-12      -2.275727136318e-12       0.000000000000e+00       1.506169707248e-13       1.564584097509e-14       1.948608689539e-15 
  411       2.562981668365e-10       3.156593107526e-12      -2.541503561953e-12       0.000000000000e+00       1.493756595593e-13       1.533979386247e-14       1.937436936465e-15 
  412       2.562017636656e-10       3.149175431680e-12      -2.804800837438e-12       0.000000000000e+00       1.481459788332e-13       1.503755302300e-14       1.926179214344e-15 
  413       2.561604665386e-10       3.141182186457e-12      -3.065551325694e-12       0.000000000000e+00       1.469279155485e-13       1.473912390617e-14       1.914836390257e-15 
  414       2.561737645455e-10       3.132618411079e-12      -3.323686959308e-12       0.000000000000e+00       1.457214516603e-13       1.444451077613e-14       1.903409342779e-15 
  415       2.562411241076e-10       3.123489340141e-12      -3.579139240057e-12       0.000000000000e+00       1.445265640343e-13       1.415371670139e-14       1.891898962006e-15 
  416       2.563619888132e-10       3.113800404948e-12      -3.831839238433e-12       0.000000000000e+00       1.433432244034e-13       1.386674354458e-14       1.880306149592e-15 
  417       2.565357792537e-10       3.103557234860e-12      -4.081717593166e-12       0.000000000000e+00       1.421713993256e-13       1.358359195215e-14       1.868631818771e-15 
  418       2.567618928593e-10       3.092765658636e-12      -4.328704510752e-12       0.000000000000e+00       1.410110501403e-13       1.330426134405e-14       1.856876894392e-15 
  419       2.570397037350e-10       3.081431705772e-12      -4.572729764972e-12       0.000000000000e+00       1.398621329261e-13       1.302874990349e-14       1.845042312949e-15 
  420       2.573685624967e-10       3.069561607851e-12      -4.813722696419e-12       0.000000000000e+00       1.387245984576e-13       1.275705456665e-14       1.833129022611e-15 
  421       2.577477961069e-10       3.057161799877e-12      -5.051612212023e-12       0.000000000000e+00       1.375983921627e-13       1.248917101237e-14       1.821137983250e-15 
  422       2.581767077107e-10       3.044238921624e-12      -5.286326784572e-12       0.000000000000e+00       1.364834540795e-13       1.222509365189e-14       1.809070166474e-15 
  423       2.586545764713e-10       3.030799818974e-12      -5.517794452241e-12       0.000000000000e+00       1.353797188139e-13       1.196481561854e-14       1.796926555654e-15 
  424       2.591806574068e-10       3.016851545264e-12      -5.745942818111e-12       0.000000000000e+00       1.342871154963e-13       1.170832875750e-14       1.784708145958e-15 
  425       2.597541812253e-10       3.002401362625e-12      -5.970699049697e-12       0.000000000000e+00       1.332055677390e-13       1.145562361546e-14       1.772415944379e-15 
  426       2.603743541609e-10       2.987456743326e-12      -6.191989878470e-12       0.000000000000e+00       1.321349935930e-13       1.120668943037e-14       1.760050969765e-15 
  427       2.610403578102e-10       2.972025371116e-12      -6.409741599384e-12       0.000000000000e+00       1.310753055057e-13       1.096151412116e-14       1.747614252849e-15 
  428       2.617513489674e-10       2.956115142567e-12      -6.623880070395e-12       0.000000000000e+00       1.300264102776e-13       1.072008427743e-14       1.735106836280e-15 
  429       2.625064594609e-10       2.939734168416e-12      -6.834330711992e-12       0.000000000000e+00       1.289882090197e-13       1.048238514919e-14       1.722529774653e-15 
  430       2.633047959888e-10       2.922890774908e-12      -7.041018506716e-12       0.000000000000e+00       1.279605971102e-13       1.024840063655e-14       1.709884134541e-15 
  431       2.641454399548e-10       2.905593505140e-12      -7.243867998686e-12       0.000000000000e+00       1.269434641523e-13       1.001811327947e-14       1.697170994519e-15 
  432       2.650274473045e-10       2.887851120399e-12      -7.442803293122e-12       0.000000000000e+00       1.259366939310e-13       9.791504247442e-15       1.684391445202e-15 
  433       2.659498483608e-10       2.869672601509e-12      -7.637748055873e-12       0.000000000000e+00       1.249401643699e-13       9.568553329221e-15       1.671546589270e-15 
  434       2.669116476600e-10       2.851067150172e-12      -7.828625512936e-12       0.000000000000e+00       1.239537474891e-13       9.349238922541e-15       1.658637541500e-15 
  435       2.679118237881e-10       2.832044190312e-12      -8.015358449985e-12       0.000000000000e+00       1.229773093617e-13       9.133538023829e-15       1.645665428795e-15 
  436       2.689493292158e-10       2.812613369413e-12      -8.197869211891e-12       0.000000000000e+00       1.220107100713e-13       8.921426217917e-15       1.632631390218e-15 
  437       2.700230901356e-10       2.792784559867e-12      -8.376079702248e-12       0.000000000000e+00       1.210538036689e-13       8.712877667763e-15       1.619536577016e-15 
  438       2.711320062966e-10       2.772567860314e-12      -8.549911382900e-12       0.000000000000e+00       1.201064381302e-13       8.507865104162e-15       1.606382152653e-15 
  439       2.722749508410e-10       2.751973596982e-12      -8.719285273460e-12       0.000000000000e+00       1.191684553128e-13       8.306359815464e-15       1.593169292845e-15 
  440       2.734507701399e-10       2.731012325037e-12      -8.884121950837e-12       0.000000000000e+00       1.182396909132e-13       8.108331637290e-15       1.579899185580e-15 
  441       2.746582836294e-10       2.709694829916e-12      -9.044341548762e-12       0.000000000000e+00       1.173199744239e-13       7.913748942245e-15       1.566573031157e-15 
  442       2.758962836459e-10       2.688032128677e-12      -9.199863757307e-12       0.000000000000e+00       1.164091290907e-13       7.722578629635e-15       1.553192042214e-15 
  443       2.771635352627e-10       2.666035471338e-12      -9.350607822416e-12       0.000000000000e+00       1.155069718698e-13       7.534786115182e-15       1.539757443755e-15 
  444       2.784587761255e-10       2.643716342221e-12      -9.496492545423e-12       0.000000000000e+00       1.146133133849e-13       7.350335320741e-15       1.526270473183e-15 
  445       2.797807162885e-10       2.621086461293e-12      -9.637436282580e-12       0.000000000000e+00       1.137279578843e-13       7.169188664014e-15       1.512732380329e-15 
  446       2.811280380502e-10       2.598157785510e-12      -9.773356944579e-12       0.000000000000e+00       1.128507031983e-13       6.991307048265e-15       1.499144427485e-15 
  447       2.824993957893e-10       2.574942510159e-12      -9.904171996077e-12       0.000000000000e+00       1.119813406959e-13       6.816649852038e-15       1.485507889428e-15 
  448       2.838934158006e-10       2.551453070200e-12      -1.002979845522e-11       0.000000000000e+00       1.111196552424e-13       6.645174918870e-15       1.471824053458e-15 
  449       2.853088196806e-10       2.527701784555e-12      -1.015016614381e-11       0.000000000000e+00       1.102654618002e-13       6.476843262088e-15       1.458094199289e-15 
  450       2.867447992140e-10       2.503699773565e-12      -1.026525791084e-11       0.000000000000e+00       1.094187166245e-13       6.311633367791e-15       1.444319537963e-15 
  451       2.882006532989e-10       2.479458009130e-12      -1.037507071009e-11       0.000000000000e+00       1.085794095828e-13       6.149527334615e-15       1.430501271022e-15 
  452       2.896756654042e-10       2.454987669729e-12      -1.047960247446e-11       0.000000000000e+00       1.077475278153e-13       5.990506193037e-15       1.416640610479e-15 
  453       2.911691034785e-10       2.430300141546e-12      -1.057885212339e-11       0.000000000000e+00       1.069230557135e-13       5.834549897885e-15       1.402738778833e-15 
  454       2.926802198591e-10       2.405407019603e-12      -1.067281957029e-11       0.000000000000e+00       1.061059748991e-13       5.681637320861e-15       1.388797009092e-15 
  455       2.942082511821e-10       2.380320108888e-12      -1.076150572987e-11       0.000000000000e+00       1.052962642034e-13       5.531746243051e-15       1.374816544790e-15 
  456       2.957524182908e-10       2.355051425489e-12      -1.084491252558e-11       0.000000000000e+00       1.044938996456e-13       5.384853347442e-15       1.360798640002e-15 
  457       2.973119261456e-10       2.329613197722e-12      -1.092304289702e-11       0.000000000000e+00       1.036988544120e-13       5.240934211442e-15       1.346744559367e-15 
  458       2.988859637330e-10       2.304017867260e-12      -1.099590080725e-11       0.000000000000e+00       1.029110988351e-13       5.099963299389e-15       1.332655578103e-15 
  459       3.004737039750e-10       2.278278090269e-12      -1.106349125030e-11       0.000000000000e+00       1.021306003720e-13       4.961913955075e-15       1.318532982026e-15 
  460       3.020743036383e-10       2.252406738532e-12      -1.112582025845e-11       0.000000000000e+00       1.013573235838e-13       4.826758394253e-15       1.304378067567e-15 
  461       3.036869032437e-10       2.226416900584e-12      -1.118289490971e-11       0.000000000000e+00       1.005912301140e-13       4.694467697160e-15       1.290192141794e-15 
  462       3.053106269752e-10       2.200321882841e-12      -1.123472333516e-11       0.000000000000e+00       9.983227866807e-14       4.565011801029e-15       1.275976522426e-15 
  463       3.069445825894e-10       2.174135210728e-12      -1.128131472640e-11       0.000000000000e+00       9.908042499175e-14       4.438359492606e-15       1.261732537852e-15 
  464       3.085878613249e-10       2.147870629815e-12      -1.132267934287e-11       0.000000000000e+00       9.833562185024e-14       4.314478400666e-15       1.247461527154e-15 
  465       3.102395378114e-10       2.121542106942e-12      -1.135882851931e-11       0.000000000000e+00       9.759781900709e-14       4.193334988530e-15       1.233164840117e-15 
  466       3.118986699791e-10       2.095163831354e-12      -1.138977467310e-11       0.000000000000e+00       9.686696320303e-14       4.074894546578e-15       1.218843837253e-15 
  467       3.135642989677e-10       2.068750215827e-12      -1.141553131171e-11       0.000000000000e+00       9.614299813496e-14       3.959121184766e-15       1.204499889819e-15 
  468       3.152354490364e-10       2.042315897802e-12      -1.143611304004e-11       0.000000000000e+00       9.542586443478e-14       3.845977825144e-15       1.190134379832e-15 
  469       3.169111274722e-10       2.015875740515e-12      -1.145153556787e-11       0.000000000000e+00       9.471549964835e-14       3.735426194368e-15       1.175748700090e-15 
  470       3.185903244999e-10       1.989444834124e-12      -1.146181571718e-11       0.000000000000e+00       9.401183821439e-14       3.627426816220e-15       1.161344254190e-15 
  471       3.202720131914e-10       1.963038496845e-12      -1.146697142962e-11       0.000000000000e+00       9.331481144334e-14       3.521939004121e-15       1.146922456544e-15 
  472       3.219551493744e-10       1.936672276078e-12      -1.146702177387e-11       0.000000000000e+00       9.262434749633e-14       3.418920853647e-15       1.132484732400e-15 
  473       3.236386715422e-10       1.910361949541e-12      -1.146198695300e-11       0.000000000000e+00       9.194037136404e-14       3.318329235046e-15       1.118032517859e-15 
  474       3.253215007628e-10       1.884123526396e-12      -1.145188831194e-11       0.000000000000e+00       9.126280484563e-14       3.220119785754e-15       1.103567259893e-15 
  475       3.270025405884e-10       1.857973248383e-12      -1.143674834482e-11       0.000000000000e+00       9.059156652764e-14       3.124246902909e-15       1.089090416362e-15 
  476       3.286806769642e-10       1.831927590952e-12      -1.141659070235e-11       0.000000000000e+00       8.992657176287e-14       3.030663735870e-15       1.074603456036e-15 
  477       3.303547781382e-10       1.806003264387e-12      -1.139144019927e-11       0.000000000000e+00       8.926773264934e-14       2.939322178730e-15       1.060107858609e-15 
  478       3.320236945702e-10       1.780217214943e-12      -1.136132282171e-11       0.000000000000e+00       8.861495800915e-14       2.850172862831e-15       1.045605114719e-15 
  479       3.336862588413e-10       1.754586625975e-12      -1.132626573458e-11       0.000000000000e+00       8.796815336741e-14       2.763165149284e-15       1.031096725967e-15 
  480       3.353412855627e-10       1.729128919063e-12      -1.128629728897e-11       0.000000000000e+00       8.732722093113e-14       2.678247121482e-15       1.016584204936e-15 
  481       3.369875712856e-10       1.703861755153e-12      -1.124144702956e-11       0.000000000000e+00       8.669205956813e-14       2.595365577615e-15       1.002069075203e-15 
  482       3.386238944103e-10       1.678803035677e-12      -1.119174570197e-11       0.000000000000e+00       8.606256478598e-14       2.514466023190e-15       9.875528713666e-16 
  483       3.402490150951e-10       1.653970903688e-12      -1.113722526022e-11       0.000000000000e+00       8.543862871083e-14       2.435492663542e-15       9.730371390578e-16 
  484       3.418616751661e-10       1.629383744994e-12      -1.107791887406e-11       0.000000000000e+00       8.482014006640e-14       2.358388396351e-15       9.585234349617e-16 
  485       3.434605980262e-10       1.605060189281e-12      -1.101386093642e-11       0.000000000000e+00       8.420698415284e-14       2.283094804162e-15       9.440133268346e-16 
  486       3.450444885644e-10       1.581019111249e-12      -1.094508707073e-11       0.000000000000e+00       8.359904282562e-14       2.209552146894e-15       9.295083935227e-16 
  487       3.466120330653e-10       1.557279631740e-12      -1.087163413841e-11       0.000000000000e+00       8.299619447449e-14       2.137699354363e-15       9.150102249798e-16 
  488       3.481620539098e-10       1.533859465341e-12      -1.079354405217e-11       0.000000000000e+00       8.239833393686e-14       2.067484667755e-15       9.005203301886e-16 
  489       3.496939789355e-10       1.510769906707e-12      -1.071087532626e-11       0.000000000000e+00       8.180543293382e-14       1.998897928183e-15       8.860398578660e-16 
  490       3.512073858866e-10       1.488020697036e-12      -1.062369188508e-11       0.000000000000e+00       8.121748139384e-14       1.931939235726e-15       8.715698674696e-16 
  491       3.527018488744e-10       1.465621664384e-12      -1.053205929755e-11       0.000000000000e+00       8.063446767007e-14       1.866608385356e-15       8.571114205139e-16 
  492       3.541769383641e-10       1.443582723965e-12      -1.043604478648e-11       0.000000000000e+00       8.005637852925e-14       1.802904864810e-15       8.426655805423e-16 
  493       3.556322211624e-10       1.421913878446e-12      -1.033571723786e-11       0.000000000000e+00       7.948319914068e-14       1.740827852459e-15       8.282334130992e-16 
  494       3.570672604041e-10       1.400625218254e-12      -1.023114721013e-11       0.000000000000e+00       7.891491306513e-14       1.680376215179e-15       8.138159857017e-16 
  495       3.584816155397e-10       1.379726921866e-12      -1.012240694354e-11       0.000000000000e+00       7.835150224376e-14       1.621548506222e-15       7.994143678117e-16 
  496       3.598748423221e-10       1.359229256115e-12      -1.000957036942e-11       0.000000000000e+00       7.779294698709e-14       1.564342963090e-15       7.850296308075e-16 
  497       3.612464927941e-10       1.339142576485e-12      -9.892713119496e-12       0.000000000000e+00       7.723922596386e-14       1.508757505399e-15       7.706628479561e-16 
  498       3.625961152752e-10       1.319477327410e-12      -9.771912535229e-12       0.000000000000e+00       7.669031619004e-14       1.454789732757e-15       7.563150943845e-16 
  499       3.639232543490e-10       1.300244042577e-12      -9.647247677077e-12       0.000000000000e+00       7.614619301772e-14       1.402436922630e-15       7.419874470523e-16 
  500       3.652274508502e-10       1.281453345219e-12      -9.518799333830e-12       0.000000000000e+00       7.560683012401e-14       1.351696028217e-15       7.276809847231e-16 
  501       3.665082418515e-10       1.263115948420e-12      -9.386650031910e-12       0.000000000000e+00       7.507219950004e-14       1.302563676317e-15       7.133967879365e-16 
  502       3.677651606513e-10       1.245242655407e-12      -9.250884044680e-12       0.000000000000e+00       7.454227143985e-14       1.255036165201e-15       6.991359389800e-16 
  503       3.689977367603e-10       1.227844359857e-12      -9.111587401753e-12       0.000000000000e+00       7.401701452932e-14       1.209109462484e-15       6.848995218611e-16 
  504       3.702054958886e-10       1.210932046189e-12      -8.968847898298e-12       0.000000000000e+00       7.349639563509e-14       1.164779202994e-15       6.706886222789e-16 
  505       3.713879599335e-10       1.194516789869e-12      -8.822755104349e-12       0.000000000000e+00       7.298037989353e-14       1.122040686647e-15       6.565043275961e-16 
  506       3.725446469656e-10       1.178609757702e-12      -8.673400374112e-12       0.000000000000e+00       7.246893069964e-14       1.080888876312e-15       6.423477268110e-16 
  507       3.736750712170e-10       1.163222208138e-12      -8.520876855272e-12       0.000000000000e+00       7.196200969598e-14       1.041318395685e-15       6.282199105293e-16 
  508       3.747787430675e-10       1.148365491567e-12      -8.365279498305e-12       0.000000000000e+00       7.145957676161e-14       1.003323527160e-15       6.141219709360e-16 
  509       3.758551690322e-10       1.134051050618e-12      -8.206705065780e-12       0.000000000000e+00       7.096159000103e-14       9.668982097001e-16       6.000550017671e-16 
  510       3.769038517488e-10       1.120290420459e-12      -8.045252141672e-12       0.000000000000e+00       7.046800573308e-14       9.320360367071e-16       5.860200982821e-16 
  511       3.779242899641e-10       1.107095229096e-12      -7.881021140666e-12       0.000000000000e+00       6.997877847989e-14       8.987302538928e-16       5.720183572350e-16 
  512       3.789159785218e-10       1.094477197673e-12      -7.714114317467e-12       0.000000000000e+00       6.949386095583e-14       8.669737571503e-16       5.580508768471e-16 
  513       3.798784083492e-10       1.082448140766e-12      -7.544635776106e-12       0.000000000000e+00       6.901320405641e-14       8.367590904244e-16       5.441187567783e-16 
  514       3.808110664444e-10       1.071019966691e-12      -7.372691479251e-12       0.000000000000e+00       6.853675684720e-14       8.080784435826e-16       5.302230980992e-16 
  515       3.817134358635e-10       1.060204677792e-12      -7.198389257512e-12       0.000000000000e+00       6.806446655280e-14       7.809236502863e-16       5.163650032628e-16 
  516       3.825849957077e-10       1.050014370749e-12      -7.021838818749e-12       0.000000000000e+00       6.759627854575e-14       7.552861858610e-16       5.025455760769e-16 
  517       3.834252211105e-10       1.040461236874e-12      -6.843151757380e-12       0.000000000000e+00       6.713213633547e-14       7.311571651676e-16       4.887659216753e-16 
  518       3.842335832247e-10       1.031557562407e-12      -6.662441563693e-12       0.000000000000e+00       6.667198155715e-14       7.085273404733e-16       4.750271464903e-16 
  519       3.850095492094e-10       1.023315728820e-12      -6.479823633145e-12       0.000000000000e+00       6.621575396075e-14       6.873870993222e-16       4.613303582243e-16 
  520       3.857525822176e-10       1.015748213111e-12      -6.295415275679e-12       0.000000000000e+00       6.576339139986e-14       6.677264624064e-16       4.476766658217e-16 
  521       3.864621413828e-10       1.008867588108e-12      -6.109335725025e-12       0.000000000000e+00       6.531482982070e-14       6.495350814367e-16       4.340671794408e-16 
  522       3.871376818063e-10       1.002686522764e-12      -5.921706148013e-12       0.000000000000e+00       6.487000325097e-14       6.328022370133e-16       4.205030104257e-16 
  523       3.877786545446e-10       9.972177824568e-13      -5.732649653877e-12       0.000000000000e+00       6.442884378887e-14       6.175168364974e-16       4.069852712784e-16 
  524       3.883845065961e-10       9.924742292900e-13      -5.542291303565e-12       0.000000000000e+00       6.399128159194e-14       6.036674118809e-16       3.935150756304e-16 
  525       3.889546808885e-10       9.884688223898e-13      -5.350758119046e-12       0.000000000000e+00       6.355724486606e-14       5.912421176584e-16       3.800935382147e-16 
  526       3.894886162659e-10       9.852146182047e-13      -5.158179092617e-12       0.000000000000e+00       6.312665985435e-14       5.802287286972e-16       3.667217748378e-16 
  527       3.899858586784e-10       9.827227220901e-13      -4.964677123259e-12       0.000000000000e+00       6.269946251345e-14       5.706143072141e-16       3.534009123273e-16 
  528       3.904463981548e-10       9.809960802623e-13      -4.770344561986e-12       0.000000000000e+00       6.227563391922e-14       5.623841979165e-16       3.401321187342e-16 
  529       3.908703411101e-10       9.800355169946e-13      -4.575267009519e-12       0.000000000000e+00       6.185516581698e-14       5.555230009115e-16       3.269165739098e-16 
  530       3.912578000201e-10       9.798417672413e-13      -4.379531333969e-12       0.000000000000e+00       6.143804901655e-14       5.500148978246e-16       3.137554595804e-16 
  531       3.916088934561e-10       9.804154760533e-13      -4.183225676662e-12       0.000000000000e+00       6.102427338626e-14       5.458436495278e-16       3.006499593247e-16 
  532       3.919237461201e-10       9.817571979932e-13      -3.986439457965e-12       0.000000000000e+00       6.061382784690e-14       5.429925938678e-16       2.876012585490e-16 
  533       3.922024888797e-10       9.838673965512e-13      -3.789263383113e-12       0.000000000000e+00       6.020670036569e-14       5.414446433939e-16       2.746105444641e-16 
  534       3.924452588037e-10       9.867464435603e-13      -3.591789448035e-12       0.000000000000e+00       5.980287795027e-14       5.411822830865e-16       2.616790060611e-16 
  535       3.926521991964e-10       9.903946186119e-13      -3.394110945179e-12       0.000000000000e+00       5.940234664264e-14       5.421875680851e-16       2.488078340876e-16 
  536       3.928234596333e-10       9.948121084709e-13      -3.196322469341e-12       0.000000000000e+00       5.900509151316e-14       5.444421214163e-16       2.359982210242e-16 
  537       3.929591959961e-10       9.999990064916e-13      -2.998519923488e-12       0.000000000000e+00       5.861109665451e-14       5.479271317222e-16       2.232513610605e-16 
  538       3.930595705075e-10       1.005955312033e-12      -2.800800524589e-12       0.000000000000e+00       5.822034517566e-14       5.526233509887e-16       2.105684500712e-16 
  539       3.931247517665e-10       1.012680929874e-12      -2.603262809435e-12       0.000000000000e+00       5.783281919582e-14       5.585110922730e-16       1.979506855924e-16 
  540       3.931549147834e-10       1.020175669628e-12      -2.406006640471e-12       0.000000000000e+00       5.744849983845e-14       5.655702274326e-16       1.853992667978e-16 
  541       3.931502410150e-10       1.028439245163e-12      -2.209133211619e-12       0.000000000000e+00       5.706736722522e-14       5.737801848529e-16       1.729153944751e-16 
  542       3.931109183996e-10       1.037471274008e-12      -2.012745054106e-12       0.000000000000e+00       5.668940046995e-14       5.831199471755e-16       1.605002710018e-16 
  543       3.930371413918e-10       1.047271276779e-12      -1.816946042289e-12       0.000000000000e+00       5.631457767261e-14       5.935680490263e-16       1.481551003215e-16 
  544       3.929291109983e-10       1.057838676586e-12      -1.621841399484e-12       0.000000000000e+00       5.594287591329e-14       6.051025747439e-16       1.358810879205e-16 
  545       3.927870348122e-10       1.069172798453e-12      -1.427537703786e-12       0.000000000000e+00       5.557427124616e-14       6.177011561075e-16       1.236794408033e-16 
  546       3.926111270486e-10       1.081272868732e-12      -1.234142893904e-12       0.000000000000e+00       5.520873869344e-14       6.313409700652e-16       1.115513674694e-16 
  547       3.924016085793e-10       1.094138014519e-12      -1.041766274980e-12       0.000000000000e+00       5.484625223939e-14       6.459987364621e-16       9.949807788943e-17 
  548       3.921587069683e-10       1.107767263069e-12      -8.505185244197e-13       0.000000000000e+00       5.448678482425e-14       6.616507157684e-16       8.752078348085e-17 
  549       3.918826565067e-10       1.122159541211e-12      -6.605116977164e-13       0.000000000000e+00       5.413030833823e-14       6.782727068077e-16       7.562069708471e-17 
  550       3.915736982474e-10       1.137313674765e-12      -4.718592342786e-13       0.000000000000e+00       5.377679361549e-14       6.958400444851e-16       6.379903294158e-17 
  551       3.912320800410e-10       1.153228387955e-12      -2.846759632558e-13       0.000000000000e+00       5.342621042808e-14       7.143275975153e-16       5.205700666778e-17 
  552       3.908580565700e-10       1.169902302828e-12      -9.907810936483e-14       0.000000000000e+00       5.307852747994e-14       7.337097661509e-16       4.039583523162e-17 
  553       3.904518893846e-10       1.187333938665e-12       8.481670128366e-14       0.000000000000e+00       5.273371240086e-14       7.539604799103e-16       2.881673692954e-17 
  554       3.900138469372e-10       1.205521711400e-12       2.668894353591e-13       0.000000000000e+00       5.239173174045e-14       7.750531953062e-16       1.732093136235e-17 
  555       3.895442046180e-10       1.224463933036e-12       4.470196464846e-13       0.000000000000e+00       5.205255096211e-14       7.969608935734e-16       5.909639411429e-18 
  556       3.890432447897e-10       1.244158811054e-12       6.250854694105e-13       0.000000000000e+00       5.171613443699e-14       8.196560783974e-16      -5.415916785124e-18 
  557       3.885112568228e-10       1.264604447839e-12       8.009636141886e-13       0.000000000000e+00       5.138244543799e-14       8.431107736421e-16      -1.665451385625e-17 
  558       3.879485371305e-10       1.285798840084e-12       9.745293603450e-13       0.000000000000e+00       5.105144613370e-14       8.672965210782e-16      -2.780492722173e-17 
  559       3.873553892040e-10       1.307739878216e-12       1.145656551055e-12       0.000000000000e+00       5.072309758240e-14       8.921843781114e-16      -3.886593111604e-17 
  560       3.867321236473e-10       1.330425345802e-12       1.314217587314e-12       0.000000000000e+00       5.039735972599e-14       9.177449155104e-16      -4.983629861209e-17 
  561       3.860790582127e-10       1.353852918973e-12       1.480083422117e-12       0.000000000000e+00       5.007419138402e-14       9.439482151351e-16      -6.071480164506e-17 
  562       3.853965178354e-10       1.378020165832e-12       1.643123554625e-12       0.000000000000e+00       4.975355024758e-14       9.707638676650e-16      -7.150021103621e-17 
  563       3.846848346689e-10       1.402924545875e-12       1.803206024344e-12       0.000000000000e+00       4.943539287335e-14       9.981609703269e-16      -8.219129651665e-17 
  564       3.839443481200e-10       1.428563409404e-12       1.960197405296e-12       0.000000000000e+00       4.911967467754e-14       1.026108124624e-15      -9.278682675119e-17 
  565       3.831754048839e-10       1.454933996941e-12       2.113962800194e-12       0.000000000000e+00       4.880634992983e-14       1.054573434061e-15      -1.032855693621e-16 
  566       3.823783814994e-10       1.482032313594e-12       2.264381005711e-12       0.000000000000e+00       4.849537871992e-14       1.083527613968e-15      -1.136865283158e-16 
  567       3.815537525822e-10       1.509849721508e-12       2.411390448795e-12       0.000000000000e+00       4.818674806614e-14       1.112953413458e-15      -1.239896627451e-16 
  568       3.807020244161e-10       1.538376258592e-12       2.554944420634e-12       0.000000000000e+00       4.788045133796e-14       1.142836431378e-15      -1.341951866669e-16 
  569       3.798237126356e-10       1.567601754640e-12       2.694996012337e-12       0.000000000000e+00       4.757648132920e-14       1.173162025041e-15      -1.443033334046e-16 
  570       3.789193422686e-10       1.597515830325e-12       2.831498114780e-12       0.000000000000e+00       4.727483025460e-14       1.203915309122e-15      -1.543143557008e-16 
  571       3.779894477808e-10       1.628107896190e-12       2.964403418456e-12       0.000000000000e+00       4.697548974638e-14       1.235081154547e-15      -1.642285258300e-16 
  572       3.770345731184e-10       1.659367151651e-12       3.093664413318e-12       0.000000000000e+00       4.667845085085e-14       1.266644187386e-15      -1.740461357109e-16 
  573       3.760552717522e-10       1.691282583982e-12       3.219233388627e-12       0.000000000000e+00       4.638370402496e-14       1.298588787744e-15      -1.837674970193e-16 
  574       3.750521067206e-10       1.723842967318e-12       3.341062432799e-12       0.000000000000e+00       4.609123913290e-14       1.330899088655e-15      -1.933929413003e-16 
  575       3.740256506737e-10       1.757036861644e-12       3.459103433251e-12       0.000000000000e+00       4.580104544266e-14       1.363558974972e-15      -2.029228200809e-16 
  576       3.729764859162e-10       1.790852611794e-12       3.573308076246e-12       0.000000000000e+00       4.551311162261e-14       1.396552082258e-15      -2.123575049830e-16 
  577       3.719052044512e-10       1.825278346442e-12       3.683627846744e-12       0.000000000000e+00       4.522742573810e-14       1.429861795681e-15      -2.216973878352e-16 
  578       3.708124080238e-10       1.860301977100e-12       3.790014028243e-12       0.000000000000e+00       4.494397524801e-14       1.463471248903e-15      -2.309428807862e-16 
  579       3.696987081642e-10       1.895911197110e-12       3.892417702627e-12       0.000000000000e+00       4.466274700133e-14       1.497363322972e-15      -2.400944164167e-16 
  580       3.685647262318e-10       1.932093480641e-12       3.990789750017e-12       0.000000000000e+00       4.438372723377e-14       1.531520645216e-15      -2.491524478523e-16 
  581       3.674110934581e-10       1.968836081683e-12       4.085080848611e-12       0.000000000000e+00       4.410690156429e-14       1.565925588132e-15      -2.581174488758e-16 
  582       3.662384509907e-10       2.006126033041e-12       4.175241474535e-12       0.000000000000e+00       4.383225499172e-14       1.600560268282e-15      -2.669899140402e-16 
  583       3.650474499363e-10       2.043950145331e-12       4.261221901687e-12       0.000000000000e+00       4.355977189132e-14       1.635406545178e-15      -2.757703587807e-16 
  584       3.638387514048e-10       2.082295005973e-12       4.342972201586e-12       0.000000000000e+00       4.328943601133e-14       1.670446020181e-15      -2.844593195278e-16 
  585       3.626130265523e-10       2.121146978190e-12       4.420442243216e-12       0.000000000000e+00       4.302123046962e-14       1.705660035390e-15      -2.930573538193e-16 
  586       3.613709566248e-10       2.160492199996e-12       4.493581692873e-12       0.000000000000e+00       4.275513775019e-14       1.741029672532e-15      -3.015650404134e-16 
  587       3.601132330018e-10       2.200316583196e-12       4.562340014014e-12       0.000000000000e+00       4.249113969980e-14       1.776535751855e-15      -3.099829794008e-16 
  588       3.588405572394e-10       2.240605812379e-12       4.626666467098e-12       0.000000000000e+00       4.222921752452e-14       1.812158831023e-15      -3.183117923178e-16 
  589       3.575536411144e-10       2.281345343915e-12       4.686510109441e-12       0.000000000000e+00       4.196935178632e-14       1.847879204003e-15      -3.265521222581e-16 
  590       3.562532066675e-10       2.322520404944e-12       4.741819795053e-12       0.000000000000e+00       4.171152239965e-14       1.883676899959e-15      -3.347046339861e-16 
  591       3.549399862465e-10       2.364115992378e-12       4.792544174493e-12       0.000000000000e+00       4.145570862800e-14       1.919531682146e-15      -3.427700140491e-16 
  592       3.536147225504e-10       2.406116871890e-12       4.838631694708e-12       0.000000000000e+00       4.120188908051e-14       1.955423046796e-15      -3.507489708898e-16 
  593       3.522781686725e-10       2.448507576912e-12       4.880030598885e-12       0.000000000000e+00       4.095004170852e-14       1.991330222018e-15      -3.586422349589e-16 
  594       3.509310881439e-10       2.491272407629e-12       4.916688926296e-12       0.000000000000e+00       4.070014380214e-14       2.027232166681e-15      -3.664505588280e-16 
  595       3.495742549774e-10       2.534395429973e-12       4.948554512144e-12       0.000000000000e+00       4.045217198688e-14       2.063107569314e-15      -3.741747173017e-16 
  596       3.482084537104e-10       2.577860474618e-12       4.975574987408e-12       0.000000000000e+00       4.020610222017e-14       2.098934846991e-15      -3.818155075303e-16 
  597       3.468344794488e-10       2.621651135977e-12       4.997697778693e-12       0.000000000000e+00       3.996190978796e-14       2.134692144227e-15      -3.893737491224e-16 
  598       3.454531379106e-10       2.665750771194e-12       5.014870108073e-12       0.000000000000e+00       3.971956930129e-14       2.170357331869e-15      -3.968502842575e-16 
  599       3.440652454690e-10       2.710142499137e-12       5.027038992942e-12       0.000000000000e+00       3.947905469291e-14       2.205908005988e-15      -4.042459777987e-16 
  600       3.426716291961e-10       2.754809199400e-12       5.034151245855e-12       0.000000000000e+00       3.924033921379e-14       2.241321486770e-15      -4.115617174047e-16 
  601       3.412731269067e-10       2.799733511290e-12       5.036153474377e-12       0.000000000000e+00       3.900339542975e-14       2.276574817407e-15      -4.187984136429e-16 
  602       3.398705872013e-10       2.844897832825e-12       5.032992080932e-12       0.000000000000e+00       3.876819521801e-14       2.311644762992e-15      -4.259570001019e-16 
  603       3.384648695098e-10       2.890284319731e-12       5.024613262645e-12       0.000000000000e+00       3.853470976378e-14       2.346507809408e-15      -4.330384335038e-16 
  604       3.370568441352e-10       2.935874884432e-12       5.010963011193e-12       0.000000000000e+00       3.830290955684e-14       2.381140162220e-15      -4.400436938170e-16 
  605       3.356473309819e-10       2.981651849389e-12       4.992000345153e-12       0.000000000000e+00       3.807276874327e-14       2.415522635641e-15      -4.469734554174e-16 
  606       3.342369140328e-10       3.027599926421e-12       4.967737357324e-12       0.000000000000e+00       3.784427830277e-14       2.449655450962e-15      -4.538270916480e-16 
  607       3.328261224910e-10       3.073704283057e-12       4.938200131411e-12       0.000000000000e+00       3.761743318184e-14       2.483543792266e-15      -4.606036465123e-16 
  608       3.314154917137e-10       3.119949891721e-12       4.903415600971e-12       0.000000000000e+00       3.739222796543e-14       2.517192949101e-15      -4.673021614610e-16 
  609       3.300055632358e-10       3.166321528938e-12       4.863411553592e-12       0.000000000000e+00       3.716865687487e-14       2.550608316969e-15      -4.739216753967e-16 
  610       3.285968847934e-10       3.212803774547e-12       4.818216635065e-12       0.000000000000e+00       3.694671376593e-14       2.583795397822e-15      -4.804612246789e-16 
  611       3.271900103468e-10       3.259381010906e-12       4.767860353566e-12       0.000000000000e+00       3.672639212677e-14       2.616759800551e-15      -4.869198431289e-16 
  612       3.257855001045e-10       3.306037422104e-12       4.712373083832e-12       0.000000000000e+00       3.650768507600e-14       2.649507241481e-15      -4.932965620346e-16 
  613       3.243839205461e-10       3.352756993168e-12       4.651786071340e-12       0.000000000000e+00       3.629058536062e-14       2.682043544863e-15      -4.995904101554e-16 
  614       3.229858444462e-10       3.399523509273e-12       4.586131436482e-12       0.000000000000e+00       3.607508535408e-14       2.714374643365e-15      -5.058004137274e-16 
  615       3.215918508975e-10       3.446320554950e-12       4.515442178744e-12       0.000000000000e+00       3.586117705426e-14       2.746506578565e-15      -5.119255964678e-16 
  616       3.202025253345e-10       3.493131513296e-12       4.439752180886e-12       0.000000000000e+00       3.564885208146e-14       2.778445501445e-15      -5.179649795800e-16 
  617       3.188184595566e-10       3.539939565183e-12       4.359096213115e-12       0.000000000000e+00       3.543810167643e-14       2.810197672881e-15      -5.239175817586e-16 
  618       3.174402517518e-10       3.586727688464e-12       4.273509937265e-12       0.000000000000e+00       3.522891669835e-14       2.841769464137e-15      -5.297824191944e-16 
  619       3.160685065202e-10       3.633478657187e-12       4.183029910975e-12       0.000000000000e+00       3.502128762285e-14       2.873167357355e-15      -5.355585055788e-16 
  620       3.147038348972e-10       3.680175040800e-12       4.087693591867e-12       0.000000000000e+00       3.481520454001e-14       2.904397946051e-15      -5.412448521090e-16 
  621       3.133468543769e-10       3.726799203362e-12       3.987539341719e-12       0.000000000000e+00       3.461065715235e-14       2.935467935606e-15      -5.468404674931e-16 
  622       3.119981889358e-10       3.773333302748e-12       3.882606430651e-12       0.000000000000e+00       3.440763477286e-14       2.966384143756e-15      -5.523443579546e-16 
  623       3.106584690561e-10       3.819759289865e-12       3.772935041294e-12       0.000000000000e+00       3.420612632296e-14       2.997153501088e-15      -5.577555272375e-16 
  624       3.093283317492e-10       3.866058907855e-12       3.658566272973e-12       0.000000000000e+00       3.400612033055e-14       3.027783051530e-15      -5.630729766112e-16 
  625       3.080084205788e-10       3.912213691307e-12       3.539542145882e-12       0.000000000000e+00       3.380760492801e-14       3.058279952845e-15      -5.682957048752e-16 
  626       3.066993856848e-10       3.958204965462e-12       3.415905605263e-12       0.000000000000e+00       3.361056785014e-14       3.088651477120e-15      -5.734227083644e-16 
  627       3.054018838066e-10       4.004013845428e-12       3.287700525584e-12       0.000000000000e+00       3.341499643225e-14       3.118905011264e-15      -5.784529809535e-16 
  628       3.041165783062e-10       4.049621235385e-12       3.154971714713e-12       0.000000000000e+00       3.322087760811e-14       3.149048057496e-15      -5.833855140621e-16 
  629       3.028441391923e-10       4.095007827793e-12       3.017764918101e-12       0.000000000000e+00       3.302819790797e-14       3.179088233838e-15      -5.882192966597e-16 
  630       3.015852431429e-10       4.140154102603e-12       2.876126822954e-12       0.000000000000e+00       3.283694345655e-14       3.209033274608e-15      -5.929533152706e-16 
  631       3.003405735294e-10       4.185040326468e-12       2.730105062418e-12       0.000000000000e+00       3.264709997107e-14       3.238891030915e-15      -5.975865539785e-16 
  632       2.991108204398e-10       4.229646551946e-12       2.579748219746e-12       0.000000000000e+00       3.245865275923e-14       3.268669471145e-15      -6.021179944316e-16 
  633       2.978966807021e-10       4.273952616714e-12       2.425105832486e-12       0.000000000000e+00       3.227158671721e-14       3.298376681459e-15      -6.065466158476e-16 
  634       2.966988579078e-10       4.317938142776e-12       2.266228396652e-12       0.000000000000e+00       3.208588632770e-14       3.328020866285e-15      -6.108713950183e-16 
  635       2.955180624352e-10       4.361582535670e-12       2.103167370904e-12       0.000000000000e+00       3.190153565787e-14       3.357610348807e-15      -6.150913063148e-16 
  636       2.943550114730e-10       4.404864983678e-12       1.935975180726e-12       0.000000000000e+00       3.171851835742e-14       3.387153571460e-15      -6.192053216922e-16 
  637       2.932104290438e-10       4.447764457035e-12       1.764705222603e-12       0.000000000000e+00       3.153681765651e-14       3.416659096422e-15      -6.232124106944e-16 
  638       2.920850460272e-10       4.490259707141e-12       1.589411868197e-12       0.000000000000e+00       3.135641636385e-14       3.446135606105e-15      -6.271115404594e-16 
  639       2.909796001836e-10       4.532329265762e-12       1.410150468528e-12       0.000000000000e+00       3.117729686463e-14       3.475591903651e-15      -6.309016757236e-16 
  640       2.898948361773e-10       4.573951444248e-12       1.226977358147e-12       0.000000000000e+00       3.099944111857e-14       3.505036913419e-15      -6.345817788272e-16 
  641       2.888315056002e-10       4.615104332737e-12       1.039949859318e-12       0.000000000000e+00       3.082283065790e-14       3.534479681482e-15      -6.381508097189e-16 
  642       2.877903669952e-10       4.655765799362e-12       8.491262861938e-13       0.000000000000e+00       3.064744658537e-14       3.563929376118e-15      -6.416077259607e-16 
  643       2.867721858796e-10       4.695913489466e-12       6.545659489933e-13       0.000000000000e+00       3.047326957226e-14       3.593395288300e-15      -6.449514827329e-16 
  644       2.857776377823e-10       4.735526997747e-12       4.563325855085e-13       0.000000000000e+00       3.030028260096e-14       3.622883895869e-15      -6.481813526630e-16 
  645       2.848070149003e-10       4.774594440273e-12       2.545047324216e-13       0.000000000000e+00       3.012847926502e-14       3.652389982099e-15      -6.512978932483e-16 
  646       2.838605128503e-10       4.813106029631e-12       4.916559695445e-14       0.000000000000e+00       2.995785565296e-14       3.681905317114e-15      -6.543020013360e-16 
  647       2.829383270491e-10       4.851051915287e-12      -1.596003440552e-13       0.000000000000e+00       2.978840761954e-14       3.711421575660e-15      -6.571945953782e-16 
  648       2.820406527090e-10       4.888422183424e-12      -3.717073389860e-13       0.000000000000e+00       2.962013078452e-14       3.740930336752e-15      -6.599766155294e-16 
  649       2.811676848333e-10       4.925206856777e-12      -5.870683562651e-13       0.000000000000e+00       2.945302053146e-14       3.770423083312e-15      -6.626490237435e-16 
  650       2.803196182117e-10       4.961395894470e-12      -8.055950792007e-13       0.000000000000e+00       2.928707200654e-14       3.799891201820e-15      -6.652128038715e-16 
  651       2.794966474155e-10       4.996979191856e-12      -1.027197900814e-12       0.000000000000e+00       2.912228011733e-14       3.829325981954e-15      -6.676689617584e-16 
  652       2.786989667933e-10       5.031946580348e-12      -1.251785918671e-12       0.000000000000e+00       2.895863953158e-14       3.858718616236e-15      -6.700185253406e-16 
  653       2.779267704664e-10       5.066287827260e-12      -1.479266929718e-12       0.000000000000e+00       2.879614467605e-14       3.888060199673e-15      -6.722625447434e-16 
  654       2.771802523241e-10       5.099992635642e-12      -1.709547425108e-12       0.000000000000e+00       2.863478973528e-14       3.917341729406e-15      -6.744020923780e-16 
  655       2.764596060189e-10       5.133050644118e-12      -1.942532585039e-12       0.000000000000e+00       2.847456865040e-14       3.946554104349e-15      -6.764382630387e-16 
  656       2.757650249626e-10       5.165451426719e-12      -2.178126273582e-12       0.000000000000e+00       2.831547511791e-14       3.975688124838e-15      -6.783721740008e-16 
  657       2.750967023208e-10       5.197184492725e-12      -2.416231033515e-12       0.000000000000e+00       2.815750258849e-14       4.004734492271e-15      -6.802049651170e-16 
  658       2.744548310090e-10       5.228239286499e-12      -2.656748081157e-12       0.000000000000e+00       2.800064426579e-14       4.033683808753e-15      -6.819377989155e-16 
  659       2.738396036879e-10       5.258605187322e-12      -2.899577301196e-12       0.000000000000e+00       2.784489310524e-14       4.062526576743e-15      -6.835718606967e-16 
  660       2.732512127586e-10       5.288271509231e-12      -3.144617241526e-12       0.000000000000e+00       2.769024181282e-14       4.091253198695e-15      -6.851083586309e-16 
  661       2.726898503582e-10       5.317227500859e-12      -3.391765108075e-12       0.000000000000e+00       2.753668284388e-14       4.119853976703e-15      -6.865485238554e-16 
  662       2.721557083550e-10       5.345462345267e-12      -3.640916759642e-12       0.000000000000e+00       2.738420840192e-14       4.148319112145e-15      -6.878936105715e-16 
  663       2.716489783442e-10       5.372965159781e-12      -3.891966702724e-12       0.000000000000e+00       2.723281043740e-14       4.176638705328e-15      -6.891448961424e-16 
  664       2.711698516431e-10       5.399724995832e-12      -4.144808086353e-12       0.000000000000e+00       2.708248064653e-14       4.204802755129e-15      -6.903036811901e-16 
  665       2.707185192867e-10       5.425730838791e-12      -4.399332696926e-12       0.000000000000e+00       2.693321047005e-14       4.232801158646e-15      -6.913712896926e-16 
  666       2.702951720229e-10       5.450971607804e-12      -4.655430953035e-12       0.000000000000e+00       2.678499109206e-14       4.260623710833e-15      -6.923490690815e-16 
  667       2.699000003081e-10       5.475436155631e-12      -4.912991900305e-12       0.000000000000e+00       2.663781343880e-14       4.288260104151e-15      -6.932383903389e-16 
  668       2.695331943025e-10       5.499113268482e-12      -5.171903206222e-12       0.000000000000e+00       2.649166817743e-14       4.315699928210e-15      -6.940406480952e-16 
  669       2.691949438656e-10       5.521991665853e-12      -5.432051154966e-12       0.000000000000e+00       2.634654571485e-14       4.342932669412e-15      -6.947572607259e-16 
  670       2.688854385515e-10       5.544060000364e-12      -5.693320642244e-12       0.000000000000e+00       2.620243619648e-14       4.369947710597e-15      -6.953896704490e-16 
  671       2.686048676043e-10       5.565306857593e-12      -5.955595170122e-12       0.000000000000e+00       2.605932950508e-14       4.396734330686e-15      -6.959393434225e-16 
  672       2.683534199540e-10       5.585720755916e-12      -6.218756841858e-12       0.000000000000e+00       2.591721525951e-14       4.423281704323e-15      -6.964077698416e-16 
  673       2.681312842110e-10       5.605290146343e-12      -6.482686356733e-12       0.000000000000e+00       2.577608281355e-14       4.449578901524e-15      -6.967964640358e-16 
  674       2.679386486623e-10       5.624003412352e-12      -6.747263004883e-12       0.000000000000e+00       2.563592125470e-14       4.475614887318e-15      -6.971069645662e-16 
  675       2.677757012668e-10       5.641848869728e-12      -7.012364662134e-12       0.000000000000e+00       2.549671940297e-14       4.501378521391e-15      -6.973408343233e-16 
  676       2.676426296502e-10       5.658814766400e-12      -7.277867784830e-12       0.000000000000e+00       2.535846580965e-14       4.526858557730e-15      -6.974996606234e-16 
  677       2.675396211010e-10       5.674889282277e-12      -7.543647404670e-12       0.000000000000e+00       2.522114875616e-14       4.552043644270e-15      -6.975850553068e-16 
  678       2.674668625658e-10       5.690060529085e-12      -7.809577123538e-12       0.000000000000e+00       2.508475625281e-14       4.576922322534e-15      -6.975986548343e-16 
  679       2.674245406443e-10       5.704316550201e-12      -8.075529108333e-12       0.000000000000e+00       2.494927603759e-14       4.601483027278e-15      -6.975421203852e-16 
  680       2.674128415852e-10       5.717645320493e-12      -8.341374085805e-12       0.000000000000e+00       2.481469557498e-14       4.625714086139e-15      -6.974171379539e-16 
  681       2.674319512815e-10       5.730034746158e-12      -8.606981337388e-12       0.000000000000e+00       2.468100205477e-14       4.649603719275e-15      -6.972254184477e-16 
  682       2.674820552658e-10       5.741472664554e-12      -8.872218694027e-12       0.000000000000e+00       2.454818239081e-14       4.673140039009e-15      -6.969686977838e-16 
  683       2.675632676807e-10       5.751949258671e-12      -9.136960756662e-12       0.000000000000e+00       2.441622503133e-14       4.696312940742e-15      -6.966484236978e-16 
  684       2.676754165356e-10       5.761464357436e-12      -9.401113760695e-12       0.000000000000e+00       2.428512543475e-14       4.719119820704e-15      -6.962648086347e-16 
  685       2.678182538570e-10       5.770020290913e-12      -9.664591232048e-12       0.000000000000e+00       2.415488070835e-14       4.741559979546e-15      -6.958177568336e-16 
  686       2.679915262757e-10       5.777619490242e-12      -9.927305806528e-12       0.000000000000e+00       2.402548780665e-14       4.763632742256e-15      -6.953071758027e-16 
  687       2.681949750038e-10       5.784264488094e-12      -1.018916922677e-11       0.000000000000e+00       2.389694353066e-14       4.785337458292e-15      -6.947329763359e-16 
  688       2.684283358122e-10       5.789957919129e-12      -1.045009233919e-11       0.000000000000e+00       2.376924452713e-14       4.806673501708e-15      -6.940950725302e-16 
  689       2.686913390074e-10       5.794702520450e-12      -1.070998509092e-11       0.000000000000e+00       2.364238728785e-14       4.827640271284e-15      -6.933933818018e-16 
  690       2.689837094091e-10       5.798501132065e-12      -1.096875652675e-11       0.000000000000e+00       2.351636814885e-14       4.848237190661e-15      -6.926278249035e-16 
  691       2.693051663270e-10       5.801356697338e-12      -1.122631478609e-11       0.000000000000e+00       2.339118328972e-14       4.868463708463e-15      -6.917983259411e-16 
  692       2.696554235379e-10       5.803272263451e-12      -1.148256709992e-11       0.000000000000e+00       2.326682873283e-14       4.888319298433e-15      -6.909048123904e-16 
  693       2.700341892635e-10       5.804250981858e-12      -1.173741978769e-11       0.000000000000e+00       2.314330034263e-14       4.907803459563e-15      -6.899472151140e-16 
  694       2.704411661466e-10       5.804296108743e-12      -1.199077825431e-11       0.000000000000e+00       2.302059382487e-14       4.926915716217e-15      -6.889254683781e-16 
  695       2.708760512294e-10       5.803411005475e-12      -1.224254698710e-11       0.000000000000e+00       2.289870472588e-14       4.945655618271e-15      -6.878395098694e-16 
  696       2.713385359295e-10       5.801599139069e-12      -1.249262955269e-11       0.000000000000e+00       2.277762843186e-14       4.964022741235e-15      -6.866892807117e-16 
  697       2.718283060182e-10       5.798864082639e-12      -1.274092859400e-11       0.000000000000e+00       2.265736016809e-14       4.982016686385e-15      -6.854747254828e-16 
  698       2.723450415967e-10       5.795209515857e-12      -1.298734582718e-11       0.000000000000e+00       2.253789499822e-14       4.999637080895e-15      -6.841957922315e-16 
  699       2.728884170740e-10       5.790639225408e-12      -1.323178203855e-11       0.000000000000e+00       2.241922782353e-14       5.016883577965e-15      -6.828524324942e-16 
  700       2.734581011435e-10       5.785157105450e-12      -1.347413708156e-11       0.000000000000e+00       2.230135338220e-14       5.033755856951e-15      -6.814446013117e-16 
  701       2.740537567607e-10       5.778767158068e-12      -1.371430987370e-11       0.000000000000e+00       2.218426624854e-14       5.050253623496e-15      -6.799722572462e-16 
  702       2.746750411200e-10       5.771473493732e-12      -1.395219839348e-11       0.000000000000e+00       2.206796083230e-14       5.066376609659e-15      -6.784353623980e-16 
  703       2.753216056319e-10       5.763280331754e-12      -1.418769967736e-11       0.000000000000e+00       2.195243137788e-14       5.082124574044e-15      -6.768338824222e-16 
  704       2.759930959003e-10       5.754192000745e-12      -1.442070981671e-11       0.000000000000e+00       2.183767196362e-14       5.097497301932e-15      -6.751677865456e-16 
  705       2.766891516999e-10       5.744212939072e-12      -1.465112395472e-11       0.000000000000e+00       2.172367650107e-14       5.112494605409e-15      -6.734370475838e-16 
  706       2.774094069526e-10       5.733347695315e-12      -1.487883628338e-11       0.000000000000e+00       2.161043873422e-14       5.127116323497e-15      -6.716416419575e-16 
  707       2.781534897055e-10       5.721600928721e-12      -1.510374004043e-11       0.000000000000e+00       2.149795223881e-14       5.141362322285e-15      -6.697815497097e-16 
  708       2.789210221078e-10       5.708977409667e-12      -1.532572750626e-11       0.000000000000e+00       2.138621042152e-14       5.155232495056e-15      -6.678567545222e-16 
  709       2.797116203878e-10       5.695482020111e-12      -1.554469000089e-11       0.000000000000e+00       2.127520651931e-14       5.168726762419e-15      -6.658672437328e-16 
  710       2.805248948300e-10       5.681119754052e-12      -1.576051788094e-11       0.000000000000e+00       2.116493359862e-14       5.181845072439e-15      -6.638130083517e-16 
  711       2.813604497528e-10       5.665895717988e-12      -1.597310053650e-11       0.000000000000e+00       2.105538455468e-14       5.194587400765e-15      -6.616940430788e-16 
  712       2.822178834851e-10       5.649815131367e-12      -1.618232638814e-11       0.000000000000e+00       2.094655211073e-14       5.206953750762e-15      -6.595103463198e-16 
  713       2.830967883438e-10       5.632883327052e-12      -1.638808288385e-11       0.000000000000e+00       2.083842881730e-14       5.218944153639e-15      -6.572619202039e-16 
  714       2.839967506108e-10       5.615105751773e-12      -1.659025649593e-11       0.000000000000e+00       2.073100705148e-14       5.230558668583e-15      -6.549487705999e-16 
  715       2.849173505103e-10       5.596487966583e-12      -1.678873271802e-11       0.000000000000e+00       2.062427901617e-14       5.241797382883e-15      -6.525709071332e-16 
  716       2.858581621859e-10       5.577035647319e-12      -1.698339606197e-11       0.000000000000e+00       2.051823673934e-14       5.252660412063e-15      -6.501283432029e-16 
  717       2.868187536779e-10       5.556754585056e-12      -1.717413005482e-11       0.000000000000e+00       2.041287207330e-14       5.263147900014e-15      -6.476210959981e-16 
  718       2.877986869000e-10       5.535650686564e-12      -1.736081723575e-11       0.000000000000e+00       2.030817669395e-14       5.273260019119e-15      -6.450491865154e-16 
  719       2.887975176174e-10       5.513729974767e-12      -1.754333915300e-11       0.000000000000e+00       2.020414210007e-14       5.282996970386e-15      -6.424126395749e-16 
  720       2.898147954228e-10       5.490998589196e-12      -1.772157636086e-11       0.000000000000e+00       2.010075961253e-14       5.292358983580e-15      -6.397114838376e-16 
  721       2.908500637146e-10       5.467462786450e-12      -1.789540841654e-11       0.000000000000e+00       1.999802037361e-14       5.301346317347e-15      -6.369457518222e-16 
  722       2.919028537622e-10       5.443130088073e-12      -1.806472856608e-11       0.000000000000e+00       1.989591653022e-14       5.309959859448e-15      -6.341156102186e-16 
  723       2.929726668189e-10       5.418012748694e-12      -1.822948813330e-11       0.000000000000e+00       1.979444481148e-14       5.318202940478e-15      -6.312217536837e-16 
  724       2.940589916025e-10       5.392124358847e-12      -1.838965302140e-11       0.000000000000e+00       1.969360302198e-14       5.326079557042e-15      -6.282650190335e-16 
  725       2.951613101499e-10       5.365478704610e-12      -1.854518910561e-11       0.000000000000e+00       1.959338886380e-14       5.333593775233e-15      -6.252462557132e-16 
  726       2.962790977930e-10       5.338089768329e-12      -1.869606223347e-11       0.000000000000e+00       1.949379993612e-14       5.340749730909e-15      -6.221663258437e-16 
  727       2.974118231344e-10       5.309971729338e-12      -1.884223822520e-11       0.000000000000e+00       1.939483373469e-14       5.347551629952e-15      -6.190261042689e-16 
  728       2.985589480231e-10       5.281138964677e-12      -1.898368287401e-11       0.000000000000e+00       1.929648765137e-14       5.354003748545e-15      -6.158264786017e-16 
  729       2.997199275303e-10       5.251606049816e-12      -1.912036194641e-11       0.000000000000e+00       1.919875897372e-14       5.360110433432e-15      -6.125683492716e-16 
  730       3.008942099257e-10       5.221387759376e-12      -1.925224118253e-11       0.000000000000e+00       1.910164488446e-14       5.365876102191e-15      -6.092526295709e-16 
  731       3.020812366526e-10       5.190499067845e-12      -1.937928629646e-11       0.000000000000e+00       1.900514246104e-14       5.371305243499e-15      -6.058802457015e-16 
  732       3.032804423043e-10       5.158955150304e-12      -1.950146297657e-11       0.000000000000e+00       1.890924867519e-14       5.376402417402e-15      -6.024521368219e-16 
  733       3.044912545994e-10       5.126771383146e-12      -1.961873688580e-11       0.000000000000e+00       1.881396039242e-14       5.381172255580e-15      -5.989692550940e-16 
  734       3.057130943582e-10       5.093963344795e-12      -1.973107366203e-11       0.000000000000e+00       1.871927437158e-14       5.385619461618e-15      -5.954325657295e-16 
  735       3.069453754778e-10       5.060546816427e-12      -1.983843891836e-11       0.000000000000e+00       1.862518726436e-14       5.389748811271e-15      -5.918430470370e-16 
  736       3.081875049088e-10       5.026537782695e-12      -1.994079824347e-11       0.000000000000e+00       1.853169561486e-14       5.393565152735e-15      -5.882016904686e-16 
  737       3.094388826302e-10       4.991952432443e-12      -2.003811720190e-11       0.000000000000e+00       1.843879585912e-14       5.397073406913e-15      -5.845095006669e-16 
  738       3.106989016258e-10       4.956807159432e-12      -2.013036133440e-11       0.000000000000e+00       1.834648432462e-14       5.400278567680e-15      -5.807674955113e-16 
  739       3.119669478598e-10       4.921118563057e-12      -2.021749615826e-11       0.000000000000e+00       1.825475722985e-14       5.403185702159e-15      -5.769767061653e-16 
  740       3.132424002527e-10       4.884903449071e-12      -2.029948716759e-11       0.000000000000e+00       1.816361068384e-14       5.405799950979e-15      -5.731381771229e-16 
  741       3.145246306572e-10       4.848178830303e-12      -2.037629983369e-11       0.000000000000e+00       1.807304068567e-14       5.408126528551e-15      -5.692529662555e-16 
  742       3.158130038336e-10       4.810961927379e-12      -2.044789960536e-11       0.000000000000e+00       1.798304312401e-14       5.410170723330e-15      -5.653221448586e-16 
  743       3.171068774260e-10       4.773270169446e-12      -2.051425190917e-11       0.000000000000e+00       1.789361377669e-14       5.411937898085e-15      -5.613467976988e-16 
  744       3.184056019382e-10       4.735121194888e-12      -2.057532214988e-11       0.000000000000e+00       1.780474831018e-14       5.413433490171e-15      -5.573280230601e-16 
  745       3.197085207090e-10       4.696532852049e-12      -2.063107571066e-11       0.000000000000e+00       1.771644227917e-14       5.414663011788e-15      -5.532669327912e-16 
  746       3.210149698886e-10       4.657523199954e-12      -2.068147795349e-11       0.000000000000e+00       1.762869112605e-14       5.415632050258e-15      -5.491646523520e-16 
  747       3.223242784141e-10       4.618110509028e-12      -2.072649421943e-11       0.000000000000e+00       1.754149018052e-14       5.416346268286e-15      -5.450223208601e-16 
  748       3.236357679851e-10       4.578313261821e-12      -2.076608982898e-11       0.000000000000e+00       1.745483465904e-14       5.416811404231e-15      -5.408410911381e-16 
  749       3.249487530402e-10       4.538150153720e-12      -2.080023008236e-11       0.000000000000e+00       1.736871966444e-14       5.417033272375e-15      -5.366221297601e-16 
  750       3.262625407320e-10       4.497640093681e-12      -2.082888025988e-11       0.000000000000e+00       1.728314018540e-14       5.417017763189e-15      -5.323666170984e-16 
  751       3.275764309036e-10       4.456802204941e-12      -2.085200562223e-11       0.000000000000e+00       1.719809109599e-14       5.416770843598e-15      -5.280757473703e-16 
  752       3.288897160638e-10       4.415655825741e-12      -2.086957141080e-11       0.000000000000e+00       1.711356715523e-14       5.416298557256e-15      -5.237507286851e-16 
  753       3.302016813635e-10       4.374220510049e-12      -2.088154284803e-11       0.000000000000e+00       1.702956300662e-14       5.415607024808e-15      -5.193927830904e-16 
  754       3.315116045711e-10       4.332516028277e-12      -2.088788513770e-11       0.000000000000e+00       1.694607317764e-14       5.414702444161e-15      -5.150031466193e-16 
  755       3.328187560485e-10       4.290562368006e-12      -2.088856346526e-11       0.000000000000e+00       1.686309207932e-14       5.413591090748e-15      -5.105830693371e-16 
  756       3.341223987268e-10       4.248379734702e-12      -2.088354299818e-11       0.000000000000e+00       1.678061400575e-14       5.412279317801e-15      -5.061338153877e-16 
  757       3.354217880823e-10       4.205988552441e-12      -2.087278888623e-11       0.000000000000e+00       1.669863313364e-14       5.410773556614e-15      -5.016566630408e-16 
  758       3.367161721119e-10       4.163409464627e-12      -2.085626626182e-11       0.000000000000e+00       1.661714352182e-14       5.409080316817e-15      -4.971529047386e-16 
  759       3.380047913095e-10       4.120663334712e-12      -2.083394024033e-11       0.000000000000e+00       1.653613911082e-14       5.407206186635e-15      -4.926238471423e-16 
  760       3.392868786414e-10       4.077771246919e-12      -2.080577592044e-11       0.000000000000e+00       1.645561372233e-14       5.405157833165e-15      -4.880708111790e-16 
  761       3.405617161492e-10       4.034753627858e-12      -2.077175068445e-11       0.000000000000e+00       1.637556186536e-14       5.402939832269e-15      -4.834949413756e-16 
  762       3.418288059972e-10       3.991627591446e-12      -2.073189135743e-11       0.000000000000e+00       1.629598117233e-14       5.400548112109e-15      -4.788966297567e-16 
  763       3.430877026559e-10       3.948409544516e-12      -2.068623776107e-11       0.000000000000e+00       1.621687000872e-14       5.397976384458e-15      -4.742760809954e-16 
  764       3.443379565597e-10       3.905116061851e-12      -2.063483048099e-11       0.000000000000e+00       1.613822667044e-14       5.395218303507e-15      -4.696335021335e-16 
  765       3.455791140945e-10       3.861763886721e-12      -2.057771086968e-11       0.000000000000e+00       1.606004938356e-14       5.392267465677e-15      -4.649691025886e-16 
  766       3.468107175852e-10       3.818369931421e-12      -2.051492104930e-11       0.000000000000e+00       1.598233630401e-14       5.389117409443e-15      -4.602830941614e-16 
  767       3.480323052831e-10       3.774951277813e-12      -2.044650391456e-11       0.000000000000e+00       1.590508551725e-14       5.385761615152e-15      -4.555756910431e-16 
  768       3.492434113537e-10       3.731525177861e-12      -2.037250313563e-11       0.000000000000e+00       1.582829503799e-14       5.382193504838e-15      -4.508471098225e-16 
  769       3.504435658638e-10       3.688109054172e-12      -2.029296316096e-11       0.000000000000e+00       1.575196280991e-14       5.378406442045e-15      -4.460975694936e-16 
  770       3.516322947697e-10       3.644720500534e-12      -2.020792922015e-11       0.000000000000e+00       1.567608670531e-14       5.374393731645e-15      -4.413272914625e-16 
  771       3.528091199038e-10       3.601377282456e-12      -2.011744732687e-11       0.000000000000e+00       1.560066452486e-14       5.370148619653e-15      -4.365364995554e-16 
  772       3.539735589631e-10       3.558097337705e-12      -2.002156428164e-11       0.000000000000e+00       1.552569399729e-14       5.365664293052e-15      -4.317254200248e-16 
  773       3.551251254961e-10       3.514898776845e-12      -1.992032767479e-11       0.000000000000e+00       1.545117277906e-14       5.360933879605e-15      -4.268942815580e-16 
  774       3.562633288905e-10       3.471799883777e-12      -1.981378588925e-11       0.000000000000e+00       1.537709845410e-14       5.355950447679e-15      -4.220433152836e-16 
  775       3.573876743609e-10       3.428819116278e-12      -1.970198810347e-11       0.000000000000e+00       1.530346853348e-14       5.350707006062e-15      -4.171727547788e-16 
  776       3.584976629359e-10       3.385975106536e-12      -1.958498429425e-11       0.000000000000e+00       1.523028045514e-14       5.345196503779e-15      -4.122828360775e-16 
  777       3.595927914462e-10       3.343286661694e-12      -1.946282523964e-11       0.000000000000e+00       1.515753158356e-14       5.339411829917e-15      -4.073737976764e-16 
  778       3.606725525117e-10       3.300772764387e-12      -1.933556252179e-11       0.000000000000e+00       1.508521920949e-14       5.333345813436e-15      -4.024458805434e-16 
  779       3.617364345292e-10       3.258452573276e-12      -1.920324852980e-11       0.000000000000e+00       1.501334054962e-14       5.326991222993e-15      -3.974993281243e-16 
  780       3.627839216599e-10       3.216345423596e-12      -1.906593646263e-11       0.000000000000e+00       1.494189274631e-14       5.320340766762e-15      -3.925343863501e-16 
  781       3.638144938169e-10       3.174470827687e-12      -1.892368033194e-11       0.000000000000e+00       1.487087286727e-14       5.313387092246e-15      -3.875513036445e-16 
  782       3.648276266529e-10       3.132848475534e-12      -1.877653496495e-11       0.000000000000e+00       1.480027790527e-14       5.306122786102e-15      -3.825503309313e-16 
  783       3.658227915474e-10       3.091498235310e-12      -1.862455600731e-11       0.000000000000e+00       1.473010477784e-14       5.298540373957e-15      -3.775317216414e-16 
  784       3.667994555947e-10       3.050440153912e-12      -1.846779992600e-11       0.000000000000e+00       1.466035032697e-14       5.290632320228e-15      -3.724957317201e-16 
  785       3.677570815908e-10       3.009694457496e-12      -1.830632401216e-11       0.000000000000e+00       1.459101131881e-14       5.282391027938e-15      -3.674426196348e-16 
  786       3.686951280216e-10       2.969281552023e-12      -1.814018638397e-11       0.000000000000e+00       1.452208444336e-14       5.273808838539e-15      -3.623726463818e-16 
  787       3.696130490499e-10       2.929222023794e-12      -1.796944598950e-11       0.000000000000e+00       1.445356631420e-14       5.264878031727e-15      -3.572860754939e-16 
  788       3.705102945034e-10       2.889536639987e-12      -1.779416260963e-11       0.000000000000e+00       1.438545346816e-14       5.255590825263e-15      -3.521831730478e-16 
  789       3.713863098618e-10       2.850246349200e-12      -1.761439686085e-11       0.000000000000e+00       1.431774236504e-14       5.245939374790e-15      -3.470642076710e-16 
  790       3.722405362445e-10       2.811372281985e-12      -1.743021019817e-11       0.000000000000e+00       1.425042938728e-14       5.235915773654e-15      -3.419294505494e-16 
  791       3.730724103982e-10       2.772935751391e-12      -1.724166491799e-11       0.000000000000e+00       1.418351083972e-14       5.225512052719e-15      -3.367791754345e-16 
  792       3.738813646844e-10       2.734958253502e-12      -1.704882416091e-11       0.000000000000e+00       1.411698294924e-14       5.214720180190e-15      -3.316136586509e-16 
  793       3.746668270670e-10       2.697461467972e-12      -1.685175191470e-11       0.000000000000e+00       1.405084186448e-14       5.203532061429e-15      -3.264331791032e-16 
  794       3.754282210994e-10       2.660467258569e-12      -1.665051301705e-11       0.000000000000e+00       1.398508365558e-14       5.191939538775e-15      -3.212380182837e-16 
  795       3.761649659128e-10       2.623997673710e-12      -1.644517315853e-11       0.000000000000e+00       1.391970431380e-14       5.179934391361e-15      -3.160284602795e-16 
  796       3.768764762030e-10       2.588074947002e-12      -1.623579888542e-11       0.000000000000e+00       1.385469975130e-14       5.167508334936e-15      -3.108047917797e-16 
  797       3.775621622183e-10       2.552721497779e-12      -1.602245760256e-11       0.000000000000e+00       1.379006580080e-14       5.154653021680e-15      -3.055673020830e-16 
  798       3.782214297471e-10       2.517959931642e-12      -1.580521757626e-11       0.000000000000e+00       1.372579821528e-14       5.141360040025e-15      -3.003162831047e-16 
  799       3.788536801050e-10       2.483813040998e-12      -1.558414793712e-11       0.000000000000e+00       1.366189266770e-14       5.127620914473e-15      -2.950520293841e-16 
  800       3.794583919769e-10       2.450301390291e-12      -1.535932142499e-11       0.000000000000e+00       1.359834530058e-14       5.113430204931e-15      -2.897749833398e-16 
  801       3.800353686021e-10       2.417436022321e-12      -1.513082267275e-11       0.000000000000e+00       1.353515438640e-14       5.098794867079e-15      -2.844861739242e-16 
  802       3.805844950731e-10       2.385225619957e-12      -1.489874007932e-11       0.000000000000e+00       1.347231869693e-14       5.083725062373e-15      -2.791867859845e-16 
  803       3.811056568925e-10       2.353678909477e-12      -1.466316308463e-11       0.000000000000e+00       1.340983695582e-14       5.068231074397e-15      -2.738780157739e-16 
  804       3.815987399762e-10       2.322804660654e-12      -1.442418217300e-11       0.000000000000e+00       1.334770783844e-14       5.052323309265e-15      -2.685610709864e-16 
  805       3.820636306558e-10       2.292611686845e-12      -1.418188887656e-11       0.000000000000e+00       1.328592997167e-14       5.036012296017e-15      -2.632371707910e-16 
  806       3.825002156823e-10       2.263108845073e-12      -1.393637577859e-11       0.000000000000e+00       1.322450193374e-14       5.019308687019e-15      -2.579075458664e-16 
  807       3.829083822280e-10       2.234305036117e-12      -1.368773651692e-11       0.000000000000e+00       1.316342225398e-14       5.002223258362e-15      -2.525734384356e-16 
  808       3.832880178901e-10       2.206209204596e-12      -1.343606578730e-11       0.000000000000e+00       1.310268941264e-14       4.984766910263e-15      -2.472361023001e-16 
  809       3.836390106930e-10       2.178830339057e-12      -1.318145934682e-11       0.000000000000e+00       1.304230184072e-14       4.966950667461e-15      -2.418968028748e-16 
  810       3.839612490916e-10       2.152177472063e-12      -1.292401401722e-11       0.000000000000e+00       1.298225791975e-14       4.948785679619e-15      -2.365568172219e-16 
  811       3.842546219739e-10       2.126259680274e-12      -1.266382768834e-11       0.000000000000e+00       1.292255598159e-14       4.930283221720e-15      -2.312174340861e-16 
  812       3.845190186642e-10       2.101086084540e-12      -1.240099932144e-11       0.000000000000e+00       1.286319430825e-14       4.911454694471e-15      -2.258799539287e-16 
  813       3.847543289252e-10       2.076665849984e-12      -1.213562895265e-11       0.000000000000e+00       1.280417113168e-14       4.892311624697e-15      -2.205456889619e-16 
  814       3.849604429618e-10       2.053008186087e-12      -1.186781769627e-11       0.000000000000e+00       1.274548463359e-14       4.872865665743e-15      -2.152159631839e-16 
  815       3.851372514234e-10       2.030122346779e-12      -1.159766774822e-11       0.000000000000e+00       1.268713294524e-14       4.853128597874e-15      -2.098921124129e-16 
  816       3.852846454067e-10       2.008017630521e-12      -1.132528238939e-11       0.000000000000e+00       1.262911414722e-14       4.833112328671e-15      -2.045754843217e-16 
  817       3.854025164590e-10       1.986703380394e-12      -1.105076598903e-11       0.000000000000e+00       1.257142626932e-14       4.812828893432e-15      -1.992674384725e-16 
  818       3.854907565807e-10       1.966188984186e-12      -1.077422400810e-11       0.000000000000e+00       1.251406729027e-14       4.792290455572e-15      -1.939693463510e-16 
  819       3.855492582282e-10       1.946483874474e-12      -1.049576300271e-11       0.000000000000e+00       1.245703513758e-14       4.771509307021e-15      -1.886825914009e-16 
  820       3.855779143168e-10       1.927597528717e-12      -1.021549062743e-11       0.000000000000e+00       1.240032768732e-14       4.750497868623e-15      -1.834085690589e-16 
  821       3.855766182237e-10       1.909539469337e-12      -9.933515638737e-12       0.000000000000e+00       1.234394276393e-14       4.729268690536e-15      -1.781486867887e-16 
  822       3.855452637906e-10       1.892319263810e-12      -9.649947898353e-12       0.000000000000e+00       1.228787814005e-14       4.707834452630e-15      -1.729043641156e-16 
  823       3.854837453269e-10       1.875946524747e-12      -9.364898376641e-12       0.000000000000e+00       1.223213153628e-14       4.686207964887e-15      -1.676770326611e-16 
  824       3.853919576121e-10       1.860430909986e-12      -9.078479155982e-12       0.000000000000e+00       1.217670062101e-14       4.664402167801e-15      -1.624681361774e-16 
  825       3.852697958992e-10       1.845782122675e-12      -8.790803434158e-12       0.000000000000e+00       1.212158301024e-14       4.642430132775e-15      -1.572791305819e-16 
  826       3.851171559169e-10       1.832009911359e-12      -8.501985527733e-12       0.000000000000e+00       1.206677626733e-14       4.620305062523e-15      -1.521114839915e-16 
  827       3.849339338731e-10       1.819124070068e-12      -8.212140875429e-12       0.000000000000e+00       1.201227790285e-14       4.598040291465e-15      -1.469666767574e-16 
  828       3.847200264575e-10       1.807134438402e-12      -7.921386041515e-12       0.000000000000e+00       1.195808537438e-14       4.575649286131e-15      -1.418462014994e-16 
  829       3.844753308444e-10       1.796050901617e-12      -7.629838719179e-12       0.000000000000e+00       1.190419608630e-14       4.553145645556e-15      -1.367515631405e-16 
  830       3.841997446955e-10       1.785883390714e-12      -7.337617733915e-12       0.000000000000e+00       1.185060738957e-14       4.530543101682e-15      -1.316842789414e-16 
  831       3.838931661631e-10       1.776641882522e-12      -7.044843046901e-12       0.000000000000e+00       1.179731658161e-14       4.507855519757e-15      -1.266458785347e-16 
  832       3.835554938925e-10       1.768336399787e-12      -6.751635758380e-12       0.000000000000e+00       1.174432090600e-14       4.485096898731e-15      -1.216379039600e-16 
  833       3.831866270252e-10       1.760977011258e-12      -6.458118111041e-12       0.000000000000e+00       1.169161755239e-14       4.462281371659e-15      -1.166619096979e-16 
  834       3.827864652017e-10       1.754573831772e-12      -6.164413493400e-12       0.000000000000e+00       1.163920365620e-14       4.439423206098e-15      -1.117194627046e-16 
  835       3.823549085642e-10       1.749137022344e-12      -5.870646443179e-12       0.000000000000e+00       1.158707629853e-14       4.416536804508e-15      -1.068121424466e-16 
  836       3.818918577596e-10       1.744676790248e-12      -5.576942650690e-12       0.000000000000e+00       1.153523250586e-14       4.393636704649e-15      -1.019415409349e-16 
  837       3.813972139424e-10       1.741203389108e-12      -5.283428962213e-12       0.000000000000e+00       1.148366924992e-14       4.370737579980e-15      -9.710926275978e-17 
  838       3.808708787774e-10       1.738727118984e-12      -4.990233383377e-12       0.000000000000e+00       1.143238344749e-14       4.347854240061e-15      -9.231692512508e-17 
  839       3.803128133537e-10       1.737255830289e-12      -4.697477082546e-12       0.000000000000e+00       1.138137234243e-14       4.324998630505e-15      -8.756577420230e-17 
  840       3.797232160442e-10       1.736787387773e-12      -4.405250241643e-12       0.000000000000e+00       1.133063465953e-14       4.302170774820e-15      -8.285552680634e-17 
  841       3.791023477457e-10       1.737317075617e-12      -4.113635791929e-12       0.000000000000e+00       1.128016947040e-14       4.279367675784e-15      -7.818550863778e-17 
  842       3.784504732612e-10       1.738840081378e-12      -3.822717377939e-12       0.000000000000e+00       1.122997581281e-14       4.256586301496e-15      -7.355503610668e-17 
  843       3.777678613129e-10       1.741351495653e-12      -3.532579359509e-12       0.000000000000e+00       1.118005269064e-14       4.233823585265e-15      -6.896341630169e-17 
  844       3.770547845550e-10       1.744846311739e-12      -3.243306813786e-12       0.000000000000e+00       1.113039907371e-14       4.211076425500e-15      -6.440994695928e-17 
  845       3.763115195866e-10       1.749319425294e-12      -2.954985537253e-12       0.000000000000e+00       1.108101389766e-14       4.188341685597e-15      -5.989391643288e-17 
  846       3.755383469645e-10       1.754765634001e-12      -2.667702047744e-12       0.000000000000e+00       1.103189606380e-14       4.165616193827e-15      -5.541460366206e-17 
  847       3.747355512163e-10       1.761179637227e-12      -2.381543586465e-12       0.000000000000e+00       1.098304443902e-14       4.142896743225e-15      -5.097127814170e-17 
  848       3.739034208531e-10       1.768556035687e-12      -2.096598120011e-12       0.000000000000e+00       1.093445785562e-14       4.120180091477e-15      -4.656319989115e-17 
  849       3.730422483825e-10       1.776889331100e-12      -1.812954342382e-12       0.000000000000e+00       1.088613511118e-14       4.097462960809e-15      -4.218961942341e-17 
  850       3.721523303212e-10       1.786173925859e-12      -1.530701677009e-12       0.000000000000e+00       1.083807496845e-14       4.074742037878e-15      -3.784977771430e-17 
  851       3.712339672086e-10       1.796404122683e-12      -1.249930278765e-12       0.000000000000e+00       1.079027615522e-14       4.052013973654e-15      -3.354290617163e-17 
  852       3.702874636189e-10       1.807574124285e-12      -9.707310359874e-13       0.000000000000e+00       1.074273736416e-14       4.029275383315e-15      -2.926822660437e-17 
  853       3.693131281743e-10       1.819678033033e-12      -6.931955724951e-13       0.000000000000e+00       1.069545725271e-14       4.006522846130e-15      -2.502495119180e-17 
  854       3.683112735581e-10       1.832709850607e-12      -4.174162496083e-13       0.000000000000e+00       1.064843444296e-14       3.983752905352e-15      -2.081228245272e-17 
  855       3.672822165273e-10       1.846663477666e-12      -1.434861681664e-13       0.000000000000e+00       1.060166752148e-14       3.960962068101e-15      -1.662941321459e-17 
  856       3.662262779255e-10       1.861532713504e-12       1.285008294536e-13       0.000000000000e+00       1.055515503923e-14       3.938146805257e-15      -1.247552658271e-17 
  857       3.651437826961e-10       1.877311255716e-12       3.984501573184e-13       0.000000000000e+00       1.050889551141e-14       3.915303551346e-15      -8.349795909375e-18 
  858       3.640350598947e-10       1.893992699859e-12       6.662664839197e-13       0.000000000000e+00       1.046288741731e-14       3.892428704427e-15      -4.251384763079e-18 
  859       3.629004427025e-10       1.911570539108e-12       9.318537301556e-13       0.000000000000e+00       1.041712920023e-14       3.869518625985e-15      -1.794468976532e-19 
  860       3.617402684389e-10       1.930038163925e-12       1.195115067312e-12       0.000000000000e+00       1.037161926729e-14       3.846569640813e-15       3.866873778549e-18 
  861       3.605548785742e-10       1.949388861716e-12       1.455952915046e-12       0.000000000000e+00       1.032635598934e-14       3.823578036905e-15       7.888443233487e-18 
  862       3.593446187430e-10       1.969615816492e-12       1.714268939362e-12       0.000000000000e+00       1.028133770082e-14       3.800540065343e-15       1.188613734226e-17 
  863       3.581098387568e-10       1.990712108535e-12       1.969964050599e-12       0.000000000000e+00       1.023656269960e-14       3.777451940184e-15       1.586084191794e-17 
  864       3.568508926168e-10       2.012670714053e-12       2.222938401411e-12       0.000000000000e+00       1.019202924689e-14       3.754309838350e-15       1.981345274240e-17 
  865       3.555681385270e-10       2.035484504846e-12       2.473091384744e-12       0.000000000000e+00       1.014773556709e-14       3.731109899514e-15       2.374487559713e-17 
  866       3.542619389068e-10       2.059146247966e-12       2.720321631822e-12       0.000000000000e+00       1.010367984765e-14       3.707848225991e-15       2.765602629411e-17 
  867       3.529326604044e-10       2.083648605379e-12       2.964527010129e-12       0.000000000000e+00       1.005986023897e-14       3.684520882626e-15       3.154783070659e-17 
  868       3.515806739090e-10       2.108984133625e-12       3.205604621385e-12       0.000000000000e+00       1.001627485421e-14       3.661123896679e-15       3.542122479993e-17 
  869       3.502063545645e-10       2.135145283482e-12       3.443450799532e-12       0.000000000000e+00       9.972921769231e-15       3.637653257718e-15       3.927715466246e-17 
  870       3.488100817815e-10       2.162124399624e-12       3.677961108717e-12       0.000000000000e+00       9.929799022410e-15       3.614104917502e-15       4.311657653629e-17 
  871       3.473922392510e-10       2.189913720286e-12       3.909030341267e-12       0.000000000000e+00       9.886904614529e-15       3.590474789874e-15       4.694045684813e-17 
  872       3.459532149567e-10       2.218505376922e-12       4.136552515675e-12       0.000000000000e+00       9.844236508644e-15       3.566758750648e-15       5.074977224014e-17 
  873       3.444934011882e-10       2.247891393870e-12       4.360420874584e-12       0.000000000000e+00       9.801792629951e-15       3.542952637496e-15       5.454550960073e-17 
  874       3.430131945538e-10       2.278063688010e-12       4.580527882760e-12       0.000000000000e+00       9.759570865653e-15       3.519052249835e-15       5.832866609543e-17 
  875       3.415129959935e-10       2.309014068428e-12       4.796765225083e-12       0.000000000000e+00       9.717569064831e-15       3.495053348721e-15       6.210024919770e-17 
  876       3.399932107917e-10       2.340734236076e-12       5.009023804521e-12       0.000000000000e+00       9.675785038315e-15       3.470951656729e-15       6.586127671974e-17 
  877       3.384542485902e-10       2.373215783435e-12       5.217193740115e-12       0.000000000000e+00       9.634216558547e-15       3.446742857850e-15       6.961277684335e-17 
  878       3.368965295403e-10       2.406449118201e-12       5.421178038634e-12       0.000000000000e+00       9.592861628110e-15       3.422423997398e-15       7.335542640608e-17 
  879       3.353205028453e-10       2.440420215420e-12       5.620933862743e-12       0.000000000000e+00       9.551719290456e-15       3.397997707494e-15       7.708845910576e-17 
  880       3.337266285519e-10       2.475113810682e-12       5.816431945000e-12       0.000000000000e+00       9.510788832399e-15       3.373468051620e-15       8.081073920388e-17 
  881       3.321153714527e-10       2.510514470693e-12       6.007642976467e-12       0.000000000000e+00       9.470069516585e-15       3.348839131065e-15       8.452112159962e-17 
  882       3.304872011001e-10       2.546606592768e-12       6.194537606827e-12       0.000000000000e+00       9.429560581409e-15       3.324115085034e-15       8.821845180443e-17 
  883       3.288425918200e-10       2.583374404329e-12       6.377086444489e-12       0.000000000000e+00       9.389261240921e-15       3.299300090753e-15       9.190156591661e-17 
  884       3.271820227258e-10       2.620801962394e-12       6.555260056693e-12       0.000000000000e+00       9.349170684738e-15       3.274398363574e-15       9.556929059589e-17 
  885       3.255059777321e-10       2.658873153077e-12       6.729028969619e-12       0.000000000000e+00       9.309288077956e-15       3.249414157080e-15       9.922044303803e-17 
  886       3.238149455690e-10       2.697571691076e-12       6.898363668498e-12       0.000000000000e+00       9.269612561058e-15       3.224351763195e-15       1.028538309494e-16 
  887       3.221094197951e-10       2.736881119171e-12       7.063234597713e-12       0.000000000000e+00       9.230143249824e-15       3.199215512284e-15       1.064682525215e-16 
  888       3.203898988120e-10       2.776784807718e-12       7.223612160913e-12       0.000000000000e+00       9.190879235245e-15       3.174009773266e-15       1.100624964057e-16 
  889       3.186568858782e-10       2.817265954143e-12       7.379466721114e-12       0.000000000000e+00       9.151819583431e-15       3.148738953714e-15       1.136353416876e-16 
  890       3.169108891224e-10       2.858307582432e-12       7.530768600814e-12       0.000000000000e+00       9.112963335522e-15       3.123407499964e-15       1.171855578618e-16 
  891       3.151524215577e-10       2.899892542633e-12       7.677488082093e-12       0.000000000000e+00       9.074309507597e-15       3.098019897219e-15       1.207119048065e-16 
  892       3.133820010957e-10       2.942003510344e-12       7.819595406728e-12       0.000000000000e+00       9.035857090588e-15       3.072580669657e-15       1.242131327578e-16 
  893       3.116001505597e-10       2.984622986207e-12       7.957060776292e-12       0.000000000000e+00       8.997605050185e-15       3.047094380537e-15       1.276879822846e-16 
  894       3.098073976991e-10       3.027733295408e-12       8.089854352271e-12       0.000000000000e+00       8.959552326754e-15       3.021565632303e-15       1.311351842631e-16 
  895       3.080042752028e-10       3.071316587163e-12       8.217946256163e-12       0.000000000000e+00       8.921697835240e-15       2.995999066690e-15       1.345534598513e-16 
  896       3.061913207137e-10       3.115354834219e-12       8.341306569591e-12       0.000000000000e+00       8.884040465082e-15       2.970399364834e-15       1.379415204637e-16 
  897       3.043690768418e-10       3.159829832346e-12       8.459905334409e-12       0.000000000000e+00       8.846579080121e-15       2.944771247372e-15       1.412980677455e-16 
  898       3.025380911784e-10       3.204723199827e-12       8.573712552809e-12       0.000000000000e+00       8.809312518514e-15       2.919119474552e-15       1.446217935480e-16 
  899       3.006989163100e-10       3.250016376960e-12       8.682698187427e-12       0.000000000000e+00       8.772239592640e-15       2.893448846338e-15       1.479113799022e-16 
  900       2.988521098321e-10       3.295690625545e-12       8.786832161457e-12       0.000000000000e+00       8.735359089013e-15       2.867764202515e-15       1.511654989943e-16 
  901       2.969982343629e-10       3.341727028382e-12       8.886084358749e-12       0.000000000000e+00       8.698669768192e-15       2.842070422798e-15       1.543828131395e-16 
  902       2.951378575573e-10       3.388106488764e-12       8.980424623924e-12       0.000000000000e+00       8.662170364692e-15       2.816372426932e-15       1.575619747570e-16 
  903       2.932715521207e-10       3.434809729972e-12       9.069822762480e-12       0.000000000000e+00       8.625859586895e-15       2.790675174806e-15       1.607016263447e-16 
  904       2.913998958229e-10       3.481817294767e-12       9.154248540895e-12       0.000000000000e+00       8.589736116957e-15       2.764983666550e-15       1.638004004533e-16 
  905       2.895234715117e-10       3.529109544886e-12       9.233671686741e-12       0.000000000000e+00       8.553798610723e-15       2.739302942650e-15       1.668569196614e-16 
  906       2.876428671273e-10       3.576666660536e-12       9.308061888789e-12       0.000000000000e+00       8.518045697634e-15       2.713638084046e-15       1.698697965498e-16 
  907       2.857586757153e-10       3.624468639888e-12       9.377388797113e-12       0.000000000000e+00       8.482475980640e-15       2.687994212244e-15       1.728376336762e-16 
  908       2.838714954415e-10       3.672495298571e-12       9.441622023205e-12       0.000000000000e+00       8.447088036108e-15       2.662376489419e-15       1.757590235494e-16 
  909       2.819819296048e-10       3.720726269164e-12       9.500731140073e-12       0.000000000000e+00       8.411880413736e-15       2.636790118520e-15       1.786325486047e-16 
  910       2.800905866519e-10       3.769141000695e-12       9.554685682359e-12       0.000000000000e+00       8.376851636459e-15       2.611240343379e-15       1.814567811777e-16 
  911       2.781980801906e-10       3.817718758132e-12       9.603455146438e-12       0.000000000000e+00       8.342000200364e-15       2.585732448815e-15       1.842302834791e-16 
  912       2.763050290037e-10       3.866438621874e-12       9.647008990530e-12       0.000000000000e+00       8.307324574595e-15       2.560271760739e-15       1.869516075695e-16 
  913       2.744120570631e-10       3.915279487254e-12       9.685316634806e-12       0.000000000000e+00       8.272823201271e-15       2.534863646263e-15       1.896192953339e-16 
  914       2.725197935435e-10       3.964220064024e-12       9.718347461495e-12       0.000000000000e+00       8.238494495388e-15       2.509513513803e-15       1.922318784561e-16 
  915       2.706288728361e-10       4.013238875853e-12       9.746070814994e-12       0.000000000000e+00       8.204336844737e-15       2.484226813188e-15       1.947878783934e-16 
  916       2.687399345627e-10       4.062314259823e-12       9.768456001974e-12       0.000000000000e+00       8.170348609809e-15       2.459009035761e-15       1.972858063513e-16 
  917       2.668535792846e-10       4.111425336187e-12       9.785483576145e-12       0.000000000000e+00       8.136528318341e-15       2.433865181011e-15       1.997245787929e-16 
  918       2.649702348287e-10       4.160554935597e-12       9.797179389239e-12       0.000000000000e+00       8.102875252525e-15       2.408798146926e-15       2.021047712694e-16 
  919       2.630902878604e-10       4.209686717484e-12       9.803581082432e-12       0.000000000000e+00       8.069388870968e-15       2.383810314218e-15       2.044273845042e-16 
  920       2.612141280033e-10       4.258804203650e-12       9.804726852551e-12       0.000000000000e+00       8.036068614851e-15       2.358904077508e-15       2.066934307009e-16 
  921       2.593421478459e-10       4.307890777896e-12       9.800655453782e-12       0.000000000000e+00       8.002913907861e-15       2.334081845356e-15       2.089039335774e-16 
  922       2.574747429501e-10       4.356929685660e-12       9.791406199393e-12       0.000000000000e+00       7.969924156135e-15       2.309346040292e-15       2.110599283994e-16 
  923       2.556123118581e-10       4.405904033646e-12       9.777018963448e-12       0.000000000000e+00       7.937098748194e-15       2.284699098848e-15       2.131624620146e-16 
  924       2.537552561002e-10       4.454796789456e-12       9.757534182522e-12       0.000000000000e+00       7.904437054882e-15       2.260143471581e-15       2.152125928863e-16 
  925       2.519039802021e-10       4.503590781224e-12       9.732992857416e-12       0.000000000000e+00       7.871938429308e-15       2.235681623109e-15       2.172113911273e-16 
  926       2.500588916927e-10       4.552268697251e-12       9.703436554879e-12       0.000000000000e+00       7.839602206779e-15       2.211316032142e-15       2.191599385335e-16 
  927       2.482204011115e-10       4.600813085630e-12       9.668907409318e-12       0.000000000000e+00       7.807427704739e-15       2.187049191503e-15       2.210593286181e-16 
  928       2.463889220161e-10       4.649206353887e-12       9.629448124517e-12       0.000000000000e+00       7.775414222711e-15       2.162883608171e-15       2.229106666451e-16 
  929       2.445648709897e-10       4.697430768607e-12       9.585101975353e-12       0.000000000000e+00       7.743561042233e-15       2.138821803298e-15       2.247150696631e-16 
  930       2.427486676488e-10       4.745468455070e-12       9.535912809510e-12       0.000000000000e+00       7.711867426793e-15       2.114866312249e-15       2.264736665396e-16 
  931       2.409407346505e-10       4.793301396882e-12       9.481925049199e-12       0.000000000000e+00       7.680332621774e-15       2.091019684625e-15       2.281875979940e-16 
  932       2.391414977003e-10       4.840911435608e-12       9.423183692873e-12       0.000000000000e+00       7.648955854387e-15       2.067284484296e-15       2.298580166323e-16 
  933       2.373513855594e-10       4.888280270404e-12       9.359734316939e-12       0.000000000000e+00       7.617736333608e-15       2.043663289433e-15       2.314860869802e-16 
  934       2.355708300522e-10       4.935389457649e-12       9.291623077481e-12       0.000000000000e+00       7.586673250124e-15       2.020158692532e-15       2.330729855173e-16 
  935       2.338002660742e-10       4.982220410580e-12       9.218896711971e-12       0.000000000000e+00       7.555765776262e-15       1.996773300449e-15       2.346199007110e-16 
  936       2.320401315990e-10       5.028754398922e-12       9.141602540986e-12       0.000000000000e+00       7.525013065933e-15       1.973509734430e-15       2.361280330498e-16 
  937       2.302908676862e-10       5.074972548519e-12       9.059788469928e-12       0.000000000000e+00       7.494414254568e-15       1.950370630135e-15       2.375985950779e-16 
  938       2.285529184889e-10       5.120855840971e-12       8.973502990733e-12       0.000000000000e+00       7.463968459058e-15       1.927358637677e-15       2.390328114281e-16 
  939       2.268267312610e-10       5.166385113264e-12       8.882795183595e-12       0.000000000000e+00       7.433674777689e-15       1.904476421642e-15       2.404319188566e-16 
  940       2.251127563650e-10       5.211541057399e-12       8.787714718677e-12       0.000000000000e+00       7.403532290084e-15       1.881726661129e-15       2.417971662758e-16 
  941       2.234114472793e-10       5.256304220033e-12       8.688311857829e-12       0.000000000000e+00       7.373540057138e-15       1.859112049771e-15       2.431298147891e-16 
  942       2.217232606060e-10       5.300655002101e-12       8.584637456303e-12       0.000000000000e+00       7.343697120958e-15       1.836635295769e-15       2.444311377240e-16 
  943       2.200486560781e-10       5.344573658458e-12       8.476742964472e-12       0.000000000000e+00       7.314002504802e-15       1.814299121925e-15       2.457024206662e-16 
  944       2.183880965674e-10       5.388040297504e-12       8.364680429542e-12       0.000000000000e+00       7.284455213015e-15       1.792106265664e-15       2.469449614934e-16 
  945       2.167420480916e-10       5.431034880822e-12       8.248502497271e-12       0.000000000000e+00       7.255054230968e-15       1.770059479073e-15       2.481600704092e-16 
  946       2.151109798222e-10       5.473537222807e-12       8.128262413686e-12       0.000000000000e+00       7.225798524996e-15       1.748161528922e-15       2.493490699768e-16 
  947       2.134953640918e-10       5.515526990298e-12       8.004014026796e-12       0.000000000000e+00       7.196687042340e-15       1.726415196701e-15       2.505132951526e-16 
  948       2.118956764019e-10       5.556983702216e-12       7.875811788311e-12       0.000000000000e+00       7.167718711078e-15       1.704823278647e-15       2.516540933205e-16 
  949       2.103123954299e-10       5.597886729188e-12       7.743710755357e-12       0.000000000000e+00       7.138892440069e-15       1.683388585773e-15       2.527728243255e-16 
  950       2.087460030374e-10       5.638215293187e-12       7.607766592190e-12       0.000000000000e+00       7.110207118888e-15       1.662113943901e-15       2.538708605074e-16 
  951       2.071969842769e-10       5.677948467158e-12       7.468035571918e-12       0.000000000000e+00       7.081661617769e-15       1.641002193687e-15       2.549495867348e-16 
  952       2.056658274000e-10       5.717065174658e-12       7.324574578211e-12       0.000000000000e+00       7.053254787535e-15       1.620056190657e-15       2.560104004386e-16 
  953       2.041530238646e-10       5.755544189482e-12       7.177441107021e-12       0.000000000000e+00       7.024985459545e-15       1.599278805231e-15       2.570547116463e-16 
  954       2.026590683425e-10       5.793364135295e-12       7.026693268295e-12       0.000000000000e+00       6.996852445626e-15       1.578672922757e-15       2.580839430154e-16 
  955       2.011844587267e-10       5.830503485272e-12       6.872389787696e-12       0.000000000000e+00       6.968854538014e-15       1.558241443541e-15       2.590995298676e-16 
  956       1.997296312186e-10       5.866942961626e-12       6.714592813334e-12       0.000000000000e+00       6.940990646651e-15       1.537986455619e-15       2.601025354343e-16 
  957       1.982947644848e-10       5.902672775114e-12       6.553376379486e-12       0.000000000000e+00       6.913260213493e-15       1.517906739187e-15       2.610924900871e-16 
  958       1.968799725235e-10       5.937685495400e-12       6.388818075579e-12       0.000000000000e+00       6.885662804410e-15       1.498000224112e-15       2.620685344428e-16 
  959       1.954853693128e-10       5.971973661118e-12       6.220996254968e-12       0.000000000000e+00       6.858197972354e-15       1.478264813648e-15       2.630298025268e-16 
  960       1.941110688096e-10       6.005529779821e-12       6.049990037024e-12       0.000000000000e+00       6.830865257317e-15       1.458698384358e-15       2.639754217562e-16 
  961       1.927571849490e-10       6.038346327933e-12       5.875879309219e-12       0.000000000000e+00       6.803664186284e-15       1.439298786040e-15       2.649045129241e-16 
  962       1.914238316431e-10       6.070415750689e-12       5.698744729203e-12       0.000000000000e+00       6.776594273197e-15       1.420063841640e-15       2.658161901819e-16 
  963       1.901111227799e-10       6.101730462086e-12       5.518667726897e-12       0.000000000000e+00       6.749655018901e-15       1.400991347183e-15       2.667095610233e-16 
  964       1.888191722226e-10       6.132282844832e-12       5.335730506571e-12       0.000000000000e+00       6.722845911109e-15       1.382079071686e-15       2.675837262673e-16 
  965       1.875480938084e-10       6.162065250290e-12       5.150016048932e-12       0.000000000000e+00       6.696166424352e-15       1.363324757085e-15       2.684377800418e-16 
  966       1.862980013475e-10       6.191069998425e-12       4.961608113204e-12       0.000000000000e+00       6.669616019939e-15       1.344726118154e-15       2.692708097669e-16 
  967       1.850690086225e-10       6.219289377754e-12       4.770591239215e-12       0.000000000000e+00       6.643194145912e-15       1.326280842426e-15       2.700818961379e-16 
  968       1.838612293867e-10       6.246715645292e-12       4.577050749482e-12       0.000000000000e+00       6.616900237003e-15       1.307986590116e-15       2.708701131092e-16 
  969       1.826747773638e-10       6.273341026498e-12       4.381072751291e-12       0.000000000000e+00       6.590733714587e-15       1.289840994041e-15       2.716345278773e-16 
  970       1.815097662466e-10       6.299157715224e-12       4.182744138785e-12       0.000000000000e+00       6.564693986644e-15       1.271841659544e-15       2.723742008642e-16 
  971       1.803663096958e-10       6.324157873661e-12       3.982152595046e-12       0.000000000000e+00       6.538780447710e-15       1.253986164410e-15       2.730881857008e-16 
  972       1.792445213396e-10       6.348333632287e-12       3.779386594180e-12       0.000000000000e+00       6.512992478836e-15       1.236272058795e-15       2.737755292102e-16 
  973       1.781445147722e-10       6.371677089814e-12       3.574535403401e-12       0.000000000000e+00       6.487329447542e-15       1.218696865140e-15       2.744352713912e-16 
  974       1.770664035530e-10       6.394180313135e-12       3.367689085115e-12       0.000000000000e+00       6.461790707776e-15       1.201258078096e-15       2.750664454012e-16 
  975       1.760103012056e-10       6.415835337271e-12       3.158938499004e-12       0.000000000000e+00       6.436375599870e-15       1.183953164447e-15       2.756680775403e-16 
  976       1.749763212169e-10       6.436634165318e-12       2.948375304108e-12       0.000000000000e+00       6.411083450491e-15       1.166779563028e-15       2.762391872338e-16 
  977       1.739645770359e-10       6.456568768397e-12       2.736091960914e-12       0.000000000000e+00       6.385913572607e-15       1.149734684648e-15       2.767787870162e-16 
  978       1.729751820730e-10       6.475631085598e-12       2.522181733436e-12       0.000000000000e+00       6.360865265433e-15       1.132815912012e-15       2.772858825143e-16 
  979       1.720082496987e-10       6.493813023927e-12       2.306738691301e-12       0.000000000000e+00       6.335937814395e-15       1.116020599640e-15       2.777594724304e-16 
  980       1.710638932429e-10       6.511106458255e-12       2.089857711830e-12       0.000000000000e+00       6.311130491080e-15       1.099346073793e-15       2.781985485260e-16 
  981       1.701422259937e-10       6.527503231267e-12       1.871634482127e-12       0.000000000000e+00       6.286442553197e-15       1.082789632389e-15       2.786020956049e-16 
  982       1.692433611966e-10       6.542995153404e-12       1.652165501160e-12       0.000000000000e+00       6.261873244533e-15       1.066348544927e-15       2.789690914964e-16 
  983       1.683674120532e-10       6.557574002814e-12       1.431548081845e-12       0.000000000000e+00       6.237421794905e-15       1.050020052409e-15       2.792985070392e-16 
  984       1.675144917208e-10       6.571231525299e-12       1.209880353131e-12       0.000000000000e+00       6.213087420120e-15       1.033801367262e-15       2.795893060640e-16 
  985       1.666847133107e-10       6.583959434262e-12       9.872612620849e-13       0.000000000000e+00       6.188869321932e-15       1.017689673257e-15       2.798404453776e-16 
  986       1.658781898876e-10       6.595749410652e-12       7.637905759722e-13       0.000000000000e+00       6.164766687993e-15       1.001682125429e-15       2.800508747456e-16 
  987       1.650950344688e-10       6.606593102915e-12       5.395688843452e-13       0.000000000000e+00       6.140778691816e-15       9.857758500060e-16       2.802195368763e-16 
  988       1.643353600228e-10       6.616482126938e-12       3.146976011246e-13       0.000000000000e+00       6.116904492727e-15       9.699679443212e-16       2.803453674036e-16 
  989       1.635992794685e-10       6.625408065998e-12       8.927896668440e-14       0.000000000000e+00       6.093143235820e-15       9.542554767404e-16       2.804272948705e-16 
  990       1.628869056742e-10       6.633362470709e-12      -1.365839500643e-13       0.000000000000e+00       6.069494051918e-15       9.386354865811e-16       2.804642407127e-16 
  991       1.621983514568e-10       6.640336858969e-12      -3.627872495889e-13       0.000000000000e+00       6.045956057525e-15       9.231049840345e-16       2.804551192415e-16 
  992       1.615337295804e-10       6.646322715906e-12      -5.892261996516e-13       0.000000000000e+00       6.022528354786e-15       9.076609500867e-16       2.803988376276e-16 
  993       1.608931527557e-10       6.651311493828e-12      -8.157952332251e-13       0.000000000000e+00       5.999210031439e-15       8.923003364402e-16       2.802942958839e-16 
  994       1.602767336388e-10       6.655294612168e-12      -1.042387946408e-12       0.000000000000e+00       5.976000160773e-15       8.770200654352e-16       2.801403868495e-16 
  995       1.596845366876e-10       6.658265823356e-12      -1.268903601836e-12       0.000000000000e+00       5.952897904705e-15       8.618175912029e-16       2.799363511995e-16 
  996       1.591164329575e-10       6.660228348579e-12      -1.495266747682e-12       0.000000000000e+00       5.929902824738e-15       8.466925923071e-16       2.796828482186e-16 
  997       1.585722431722e-10       6.661187846673e-12      -1.721407882525e-12       0.000000000000e+00       5.907014575481e-15       8.316453037945e-16       2.793809007135e-16 
  998       1.580517856662e-10       6.661150057920e-12      -1.947256974665e-12       0.000000000000e+00       5.884232801909e-15       8.166759582044e-16       2.790315414371e-16 
  999       1.575548763782e-10       6.660120804288e-12      -2.172743460834e-12       0.000000000000e+00       5.861557139336e-15       8.017847855589e-16       2.786358131151e-16 
 1000       1.570813288440e-10       6.658105989663e-12      -2.397796244898e-12       0.000000000000e+00       5.838987213380e-15       7.869720133516e-16       2.781947684723e-16 
 1001       1.566309541900e-10       6.655111600083e-12      -2.622343696558e-12       0.000000000000e+00       5.816522639934e-15       7.722378665374e-16       2.777094702588e-16 
 1002       1.562035611261e-10       6.651143703971e-12      -2.846313650056e-12       0.000000000000e+00       5.794163025135e-15       7.575825675216e-16       2.771809912766e-16 
 1003       1.557989559391e-10       6.646208452371e-12      -3.069633402877e-12       0.000000000000e+00       5.771907965330e-15       7.430063361494e-16       2.766104144055e-16 
 1004       1.554169424858e-10       6.640312079176e-12      -3.292229714454e-12       0.000000000000e+00       5.749757047048e-15       7.285093896952e-16       2.759988326299e-16 
 1005       1.550573221861e-10       6.633460901368e-12      -3.514028804873e-12       0.000000000000e+00       5.727709846967e-15       7.140919428520e-16       2.753473490648e-16 
 1006       1.547198940162e-10       6.625661319251e-12      -3.734956353573e-12       0.000000000000e+00       5.705765931882e-15       6.997542077206e-16       2.746570769824e-16 
 1007       1.544044545022e-10       6.616919816680e-12      -3.954937498053e-12       0.000000000000e+00       5.683924858677e-15       6.854963937995e-16       2.739291398382e-16 
 1008       1.541107977126e-10       6.607242961299e-12      -4.173896832572e-12       0.000000000000e+00       5.662186174288e-15       6.713187079734e-16       2.731646712976e-16 
 1009       1.538387152518e-10       6.596637404774e-12      -4.391758406858e-12       0.000000000000e+00       5.640549415678e-15       6.572213545034e-16       2.723648152618e-16 
 1010       1.535879962536e-10       6.585109883024e-12      -4.608445724805e-12       0.000000000000e+00       5.619014109802e-15       6.432045350157e-16       2.715307258948e-16 
 1011       1.533584273739e-10       6.572667216460e-12      -4.823881743184e-12       0.000000000000e+00       5.597579773576e-15       6.292684484916e-16       2.706635676490e-16 
 1012       1.531497927840e-10       6.559316310212e-12      -5.037988870340e-12       0.000000000000e+00       5.576245913847e-15       6.154132912563e-16       2.697645152921e-16 
 1013       1.529618741641e-10       6.545064154370e-12      -5.250688964899e-12       0.000000000000e+00       5.555012027362e-15       6.016392569685e-16       2.688347539332e-16 
 1014       1.527944506959e-10       6.529917824211e-12      -5.461903334472e-12       0.000000000000e+00       5.533877600732e-15       5.879465366098e-16       2.678754790492e-16 
 1015       1.526472990564e-10       6.513884480436e-12      -5.671552734358e-12       0.000000000000e+00       5.512842110410e-15       5.743353184741e-16       2.668878965109e-16 
 1016       1.525201934108e-10       6.496971369406e-12      -5.879557366246e-12       0.000000000000e+00       5.491905022649e-15       5.608057881567e-16       2.658732226098e-16 
 1017       1.524129054056e-10       6.479185823370e-12      -6.085836876920e-12       0.000000000000e+00       5.471065793478e-15       5.473581285441e-16       2.648326840841e-16 
 1018       1.523252041618e-10       6.460535260703e-12      -6.290310356965e-12       0.000000000000e+00       5.450323868670e-15       5.339925198029e-16       2.637675181451e-16 
 1019       1.522568562684e-10       6.441027186139e-12      -6.492896339466e-12       0.000000000000e+00       5.429678683708e-15       5.207091393693e-16       2.626789725034e-16 
 1020       1.522076257752e-10       6.420669191004e-12      -6.693512798716e-12       0.000000000000e+00       5.409129663754e-15       5.075081619389e-16       2.615683053956e-16 
 1021       1.521772741860e-10       6.399468953449e-12      -6.892077148915e-12       0.000000000000e+00       5.388676223620e-15       4.943897594554e-16       2.604367856105e-16 
 1022       1.521655604523e-10       6.377434238685e-12      -7.088506242879e-12       0.000000000000e+00       5.368317767736e-15       4.813541011002e-16       2.592856925150e-16 
 1023       1.521722409658e-10       6.354572899218e-12      -7.282716370739e-12       0.000000000000e+00       5.348053690118e-15       4.684013532822e-16       2.581163160812e-16 
 1024       1.521970695519e-10       6.330892875078e-12      -7.474623258649e-12       0.000000000000e+00       5.327883374335e-15       4.555316796265e-16       2.569299569121e-16 
 1025       1.522397974630e-10       6.306402194060e-12      -7.664142067485e-12       0.000000000000e+00       5.307806193482e-15       4.427452409640e-16       2.557279262682e-16 
 1026       1.523001733714e-10       6.281108971948e-12      -7.851187391551e-12       0.000000000000e+00       5.287821510145e-15       4.300421953210e-16       2.545115460939e-16 
 1027       1.523779433628e-10       6.255021412759e-12      -8.035673257284e-12       0.000000000000e+00       5.267928676372e-15       4.174226979084e-16       2.532821490437e-16 
 1028       1.524728509292e-10       6.228147808969e-12      -8.217513121955e-12       0.000000000000e+00       5.248127033640e-15       4.048869011109e-16       2.520410785085e-16 
 1029       1.525846369624e-10       6.200496541752e-12      -8.396619872376e-12       0.000000000000e+00       5.228415912826e-15       3.924349544766e-16       2.507896886422e-16 
 1030       1.527130397466e-10       6.172076081208e-12      -8.572905823597e-12       0.000000000000e+00       5.208794634171e-15       3.800670047063e-16       2.495293443877e-16 
 1031       1.528577949525e-10       6.142894986603e-12      -8.746282717620e-12       0.000000000000e+00       5.189262507256e-15       3.677831956427e-16       2.482614215035e-16 
 1032       1.530186356295e-10       6.112961906599e-12      -8.916661722091e-12       0.000000000000e+00       5.169818830965e-15       3.555836682600e-16       2.469873065899e-16 
 1033       1.531952921997e-10       6.082285579488e-12      -9.083953429015e-12       0.000000000000e+00       5.150462893453e-15       3.434685606533e-16       2.457083971154e-16 
 1034       1.533874840923e-10       6.050875799913e-12      -9.248079171051e-12       0.000000000000e+00       5.131194050254e-15       3.314384833507e-16       2.444258173741e-16 
 1035       1.535948945333e-10       6.018746333518e-12      -9.409005148153e-12       0.000000000000e+00       5.112011959854e-15       3.194959526280e-16       2.431395619108e-16 
 1036       1.538171953865e-10       5.985912043942e-12      -9.566708780513e-12       0.000000000000e+00       5.092916351378e-15       3.076439774234e-16       2.418493400462e-16 
 1037       1.540540554714e-10       5.952387930408e-12      -9.721167434648e-12       0.000000000000e+00       5.073906946740e-15       2.958855858934e-16       2.405548588430e-16 
 1038       1.543051405554e-10       5.918189128062e-12      -9.872358423375e-12       0.000000000000e+00       5.054983460621e-15       2.842238254550e-16       2.392558231004e-16 
 1039       1.545701133462e-10       5.883330908319e-12      -1.002025900578e-11       0.000000000000e+00       5.036145600442e-15       2.726617628290e-16       2.379519353487e-16 
 1040       1.548486334842e-10       5.847828679201e-12      -1.016484638721e-11       0.000000000000e+00       5.017393066344e-15       2.612024840821e-16       2.366428958433e-16 
 1041       1.551403575344e-10       5.811697985683e-12      -1.030609771919e-11       0.000000000000e+00       4.998725551168e-15       2.498490946698e-16       2.353284025598e-16 
 1042       1.554449389788e-10       5.774954510033e-12      -1.044399009949e-11       0.000000000000e+00       4.980142740428e-15       2.386047194790e-16       2.340081511880e-16 
 1043       1.557620282087e-10       5.737614072153e-12      -1.057850057199e-11       0.000000000000e+00       4.961644312291e-15       2.274725028708e-16       2.326818351269e-16 
 1044       1.560912725169e-10       5.699692629925e-12      -1.070960612674e-11       0.000000000000e+00       4.943229937554e-15       2.164556087231e-16       2.313491454786e-16 
 1045       1.564323160899e-10       5.661206279549e-12      -1.083728369989e-11       0.000000000000e+00       4.924899279621e-15       2.055572204730e-16       2.300097710431e-16 
 1046       1.567848000004e-10       5.622171255886e-12      -1.096151017366e-11       0.000000000000e+00       4.906651994481e-15       1.947805411599e-16       2.286633983127e-16 
 1047       1.571483621990e-10       5.582603932802e-12      -1.108226237634e-11       0.000000000000e+00       4.888487730687e-15       1.841287934679e-16       2.273097114668e-16 
 1048       1.575226375071e-10       5.542520823509e-12      -1.119951708222e-11       0.000000000000e+00       4.870406129330e-15       1.736052197684e-16       2.259483923658e-16 
 1049       1.579072576087e-10       5.501938580905e-12      -1.131325101163e-11       0.000000000000e+00       4.852406824020e-15       1.632130821630e-16       2.245791205460e-16 
 1050       1.583018510428e-10       5.460873997921e-12      -1.142344083083e-11       0.000000000000e+00       4.834489440859e-15       1.529556625258e-16       2.232015732140e-16 
 1051       1.587060431955e-10       5.419344007856e-12      -1.153006315205e-11       0.000000000000e+00       4.816653598424e-15       1.428362625466e-16       2.218154252411e-16 
 1052       1.591194562928e-10       5.377365684727e-12      -1.163309453343e-11       0.000000000000e+00       4.798898907742e-15       1.328582037732e-16       2.204203491581e-16 
 1053       1.595417093919e-10       5.334956243606e-12      -1.173251147900e-11       0.000000000000e+00       4.781224972265e-15       1.230248276538e-16       2.190160151492e-16 
 1054       1.599724183744e-10       5.292133040961e-12      -1.182829043864e-11       0.000000000000e+00       4.763631387852e-15       1.133394955803e-16       2.176020910469e-16 
 1055       1.604111959378e-10       5.248913575004e-12      -1.192040780808e-11       0.000000000000e+00       4.746117742743e-15       1.038055889305e-16       2.161782423266e-16 
 1056       1.608576515883e-10       5.205315486027e-12      -1.200883992885e-11       0.000000000000e+00       4.728683617538e-15       9.442650911090e-17       2.147441321007e-16 
 1057       1.613113916327e-10       5.161356556747e-12      -1.209356308828e-11       0.000000000000e+00       4.711328585174e-15       8.520567759946e-17       2.132994211132e-16 
 1058       1.617720191708e-10       5.117054712649e-12      -1.217455351942e-11       0.000000000000e+00       4.694052210904e-15       7.614653598804e-17       2.118437677346e-16 
 1059       1.622391340875e-10       5.072428022324e-12      -1.225178740107e-11       0.000000000000e+00       4.676854052272e-15       6.725254602521e-17       2.103768279556e-16 
 1060       1.627123330455e-10       5.027494697816e-12      -1.232524085772e-11       0.000000000000e+00       4.659733659091e-15       5.852718965891e-17       2.088982553824e-16 
 1061       1.631912094768e-10       4.982273094962e-12      -1.239488995953e-11       0.000000000000e+00       4.642690573423e-15       4.997396907907e-17       2.074077012306e-16 
 1062       1.636753535756e-10       4.936781713732e-12      -1.246071072231e-11       0.000000000000e+00       4.625724329553e-15       4.159640676027e-17       2.059048143199e-16 
 1063       1.641643522901e-10       4.891039198575e-12      -1.252267910747e-11       0.000000000000e+00       4.608834453969e-15       3.339804550443e-17       2.043892410686e-16 
 1064       1.646577893152e-10       4.845064338757e-12      -1.258077102203e-11       0.000000000000e+00       4.592020465337e-15       2.538244848347e-17       2.028606254881e-16 
 1065       1.651552450843e-10       4.798876068707e-12      -1.263496231857e-11       0.000000000000e+00       4.575281874483e-15       1.755319928194e-17       2.013186091775e-16 
 1066       1.656562967618e-10       4.752493468357e-12      -1.268522879519e-11       0.000000000000e+00       4.558618184365e-15       9.913901939715e-18       1.997628313175e-16 
 1067       1.661605182354e-10       4.705935763484e-12      -1.273154619550e-11       0.000000000000e+00       4.542028890055e-15       2.468180994628e-18       1.981929286658e-16 
 1068       1.666674801080e-10       4.659222326052e-12      -1.277389020860e-11       0.000000000000e+00       4.525513478711e-15      -4.780318474843e-18       1.966085355507e-16 
 1069       1.671767496903e-10       4.612372674555e-12      -1.281223646904e-11       0.000000000000e+00       4.509071429563e-15      -1.182793080693e-17       1.950092838662e-16 
 1070       1.676878909931e-10       4.565406474358e-12      -1.284656055679e-11       0.000000000000e+00       4.492702213881e-15      -1.867096971390e-17       1.933948030663e-16 
 1071       1.682004647190e-10       4.518343538041e-12      -1.287683799722e-11       0.000000000000e+00       4.476405294959e-15      -2.530572823943e-17       1.917647201594e-16 
 1072       1.687140282555e-10       4.471203825738e-12      -1.290304426107e-11       0.000000000000e+00       4.460180128091e-15      -3.172847871587e-17       1.901186597028e-16 
 1073       1.692281657168e-10       4.424006530244e-12      -1.292516411821e-11       0.000000000000e+00       4.444026216609e-15      -3.793663232625e-17       1.884563650615e-16 
 1074       1.697425785364e-10       4.376767317996e-12      -1.294321983849e-11       0.000000000000e+00       4.427943280887e-15      -4.393223516675e-17       1.867780640042e-16 
 1075       1.702569960931e-10       4.329501051199e-12      -1.295724337481e-11       0.000000000000e+00       4.411931091592e-15      -4.971851970453e-17       1.850841080745e-16 
 1076       1.707711457676e-10       4.282222699909e-12      -1.296726704516e-11       0.000000000000e+00       4.395989413820e-15      -5.529874956812e-17       1.833748517853e-16 
 1077       1.712847529383e-10       4.234947342275e-12      -1.297332353353e-11       0.000000000000e+00       4.380118007074e-15      -6.067621962542e-17       1.816506526259e-16 
 1078       1.717975409762e-10       4.187690164787e-12      -1.297544589085e-11       0.000000000000e+00       4.364316625250e-15      -6.585425606188e-17       1.799118710689e-16 
 1079       1.723092312407e-10       4.140466462525e-12      -1.297366753597e-11       0.000000000000e+00       4.348585016618e-15      -7.083621645852e-17       1.781588705777e-16 
 1080       1.728195430747e-10       4.093291639404e-12      -1.296802225657e-11       0.000000000000e+00       4.332922923806e-15      -7.562548987004e-17       1.763920176131e-16 
 1081       1.733281938002e-10       4.046181208419e-12      -1.295854421016e-11       0.000000000000e+00       4.317330083788e-15      -8.022549690292e-17       1.746116816411e-16 
 1082       1.738348987133e-10       3.999150791897e-12      -1.294526792494e-11       0.000000000000e+00       4.301806227860e-15      -8.463968979350e-17       1.728182351392e-16 
 1083       1.743393710800e-10       3.952216121736e-12      -1.292822830084e-11       0.000000000000e+00       4.286351081626e-15      -8.887155248607e-17       1.710120536041e-16 
 1084       1.748413221315e-10       3.905393039661e-12      -1.290746061040e-11       0.000000000000e+00       4.270964364986e-15      -9.292460071095e-17       1.691935155587e-16 
 1085       1.753404610591e-10       3.858697497462e-12      -1.288300049976e-11       0.000000000000e+00       4.255645792110e-15      -9.680238206259e-17       1.673630025590e-16 
 1086       1.758364950103e-10       3.812145557248e-12      -1.285488398958e-11       0.000000000000e+00       4.240395071431e-15      -1.005084760777e-16       1.655208992016e-16 
 1087       1.763291290837e-10       3.765753391689e-12      -1.282314747598e-11       0.000000000000e+00       4.225211905621e-15      -1.040464943131e-16       1.636675931303e-16 
 1088       1.768180663244e-10       3.719537284263e-12      -1.278782773153e-11       0.000000000000e+00       4.210095991580e-15      -1.074200804243e-16       1.618034750436e-16 
 1089       1.773030077198e-10       3.673513629507e-12      -1.274896190615e-11       0.000000000000e+00       4.195047020414e-15      -1.106329102431e-16       1.599289387016e-16 
 1090       1.777836521942e-10       3.627698933259e-12      -1.270658752807e-11       0.000000000000e+00       4.180064677422e-15      -1.136886918559e-16       1.580443809334e-16 
 1091       1.782596966051e-10       3.582109812907e-12      -1.266074250480e-11       0.000000000000e+00       4.165148642079e-15      -1.165911656817e-16       1.561502016439e-16 
 1092       1.787308357376e-10       3.536762997636e-12      -1.261146512404e-11       0.000000000000e+00       4.150298588017e-15      -1.193441045504e-16       1.542468038210e-16 
 1093       1.791967623008e-10       3.491675328673e-12      -1.255879405467e-11       0.000000000000e+00       4.135514183010e-15      -1.219513137806e-16       1.523345935428e-16 
 1094       1.796571669224e-10       3.446863759537e-12      -1.250276834763e-11       0.000000000000e+00       4.120795088959e-15      -1.244166312579e-16       1.504139799845e-16 
 1095       1.801117381442e-10       3.402345356283e-12      -1.244342743696e-11       0.000000000000e+00       4.106140961871e-15      -1.267439275129e-16       1.484853754259e-16 
 1096       1.805601624178e-10       3.358137297747e-12      -1.238081114065e-11       0.000000000000e+00       4.091551451846e-15      -1.289371057991e-16       1.465491952582e-16 
 1097       1.810021240999e-10       3.314256875799e-12      -1.231495966165e-11       0.000000000000e+00       4.077026203060e-15      -1.310001021716e-16       1.446058579911e-16 
 1098       1.814373054473e-10       3.270721495585e-12      -1.224591358882e-11       0.000000000000e+00       4.062564853745e-15      -1.329368855644e-16       1.426557852600e-16 
 1099       1.818653866127e-10       3.227548675773e-12      -1.217371389781e-11       0.000000000000e+00       4.048167036178e-15      -1.347514578691e-16       1.406994018331e-16 
 1100       1.822860456399e-10       3.184756048805e-12      -1.209840195210e-11       0.000000000000e+00       4.033832376657e-15      -1.364478540126e-16       1.387371356188e-16 
 1101       1.826989584592e-10       3.142361361137e-12      -1.202001950385e-11       0.000000000000e+00       4.019560495493e-15      -1.380301420354e-16       1.367694176721e-16 
 1102       1.831037988826e-10       3.100382473492e-12      -1.193860869494e-11       0.000000000000e+00       4.005351006984e-15      -1.395024231697e-16       1.347966822025e-16 
 1103       1.835002385997e-10       3.058837361102e-12      -1.185421205784e-11       0.000000000000e+00       3.991203519408e-15      -1.408688319173e-16       1.328193665805e-16 
 1104       1.838879471724e-10       3.017744113958e-12      -1.176687251661e-11       0.000000000000e+00       3.977117634996e-15      -1.421335361279e-16       1.308379113452e-16 
 1105       1.842665920308e-10       2.977120937055e-12      -1.167663338782e-11       0.000000000000e+00       3.963092949925e-15      -1.433007370771e-16       1.288527602110e-16 
 1106       1.846358384683e-10       2.936986150640e-12      -1.158353838149e-11       0.000000000000e+00       3.949129054296e-15      -1.443746695444e-16       1.268643600749e-16 
 1107       1.849953496369e-10       2.897358190456e-12      -1.148763160205e-11       0.000000000000e+00       3.935225532115e-15      -1.453596018915e-16       1.248731610238e-16 
 1108       1.853447865431e-10       2.858255607994e-12      -1.138895754931e-11       0.000000000000e+00       3.921381961285e-15      -1.462598361401e-16       1.228796163411e-16 
 1109       1.856838080425e-10       2.819697070735e-12      -1.128756111936e-11       0.000000000000e+00       3.907597913579e-15      -1.470797080502e-16       1.208841825145e-16 
 1110       1.860120708359e-10       2.781701362397e-12      -1.118348760555e-11       0.000000000000e+00       3.893872954632e-15      -1.478235871983e-16       1.188873192424e-16 
 1111       1.863292294642e-10       2.744287383186e-12      -1.107678269940e-11       0.000000000000e+00       3.880206643918e-15      -1.484958770552e-16       1.168894894415e-16 
 1112       1.866349827875e-10       2.707472000275e-12      -1.096749497317e-11       0.000000000000e+00       3.866598580244e-15      -1.491004789470e-16       1.148911300678e-16 
 1113       1.869292141007e-10       2.671263567827e-12      -1.085568336109e-11       0.000000000000e+00       3.853048538910e-15      -1.496391760671e-16       1.128925641453e-16 
 1114       1.872118528495e-10       2.635668322311e-12      -1.074140977832e-11       0.000000000000e+00       3.839556336314e-15      -1.501132283842e-16       1.108940875952e-16 
 1115       1.874828283148e-10       2.600692524582e-12      -1.062473664943e-11       0.000000000000e+00       3.826121784603e-15      -1.505239068587e-16       1.088959983216e-16 
 1116       1.877420696113e-10       2.566342459916e-12      -1.050572690961e-11       0.000000000000e+00       3.812744691655e-15      -1.508724934696e-16       1.068985962159e-16 
 1117       1.879895056885e-10       2.532624438054e-12      -1.038444400588e-11       0.000000000000e+00       3.799424861070e-15      -1.511602812405e-16       1.049021831606e-16 
 1118       1.882250653300e-10       2.499544793232e-12      -1.026095189826e-11       0.000000000000e+00       3.786162092155e-15      -1.513885742655e-16       1.029070630339e-16 
 1119       1.884486771534e-10       2.467109884230e-12      -1.013531506093e-11       0.000000000000e+00       3.772956179914e-15      -1.515586877351e-16       1.009135417139e-16 
 1120       1.886602696103e-10       2.435326094399e-12      -1.000759848347e-11       0.000000000000e+00       3.759806915036e-15      -1.516719479631e-16       9.892192708309e-17 
 1121       1.888597709862e-10       2.404199831711e-12      -9.877867672003e-12       0.000000000000e+00       3.746714083881e-15      -1.517296924119e-16       9.693252903232e-17 
 1122       1.890471094004e-10       2.373737528785e-12      -9.746188650416e-12       0.000000000000e+00       3.733677468468e-15      -1.517332697188e-16       9.494565946522e-17 
 1123       1.892222128057e-10       2.343945642937e-12      -9.612627961520e-12       0.000000000000e+00       3.720696846463e-15      -1.516840397226e-16       9.296163230253e-17 
 1124       1.893850089885e-10       2.314830656209e-12      -9.477252668251e-12       0.000000000000e+00       3.707771991168e-15      -1.515833734890e-16       9.098076348631e-17 
 1125       1.895354255686e-10       2.286399075415e-12      -9.340130354855e-12       0.000000000000e+00       3.694902671507e-15      -1.514326533372e-16       8.900337098423e-17 
 1126       1.896733899990e-10       2.258657432172e-12      -9.201329128074e-12       0.000000000000e+00       3.682088652014e-15      -1.512332728657e-16       8.702977479390e-17 
 1127       1.897988295659e-10       2.231612282945e-12      -9.060917618338e-12       0.000000000000e+00       3.669329692822e-15      -1.509866369788e-16       8.506029694709e-17 
 1128       1.899116713887e-10       2.205270209080e-12      -8.918964980944e-12       0.000000000000e+00       3.656625549650e-15      -1.506941619122e-16       8.309526151405e-17 
 1129       1.900118424195e-10       2.179637816847e-12      -8.775540897253e-12       0.000000000000e+00       3.643975973789e-15      -1.503572752596e-16       8.113499460780e-17 
 1130       1.900992694433e-10       2.154721737475e-12      -8.630715575867e-12       0.000000000000e+00       3.631380712094e-15      -1.499774159984e-16       7.917982438837e-17 
 1131       1.901738790779e-10       2.130528627190e-12      -8.484559753826e-12       0.000000000000e+00       3.618839506965e-15      -1.495560345160e-16       7.723008106712e-17 
 1132       1.902355977734e-10       2.107065167257e-12      -8.337144697790e-12       0.000000000000e+00       3.606352096342e-15      -1.490945926360e-16       7.528609691100e-17 
 1133       1.902843518126e-10       2.084338064015e-12      -8.188542205226e-12       0.000000000000e+00       3.593918213689e-15      -1.485945636442e-16       7.334820624686e-17 
 1134       1.903200673107e-10       2.062354048917e-12      -8.038824605596e-12       0.000000000000e+00       3.581537587982e-15      -1.480574323145e-16       7.141674546567e-17 
 1135       1.903426702150e-10       2.041119878566e-12      -7.888064761548e-12       0.000000000000e+00       3.569209943696e-15      -1.474846949356e-16       6.949205302690e-17 
 1136       1.903520863047e-10       2.020642334757e-12      -7.736336070098e-12       0.000000000000e+00       3.556935000794e-15      -1.468778593362e-16       6.757446946271e-17 
 1137       1.903482411915e-10       2.000928224513e-12      -7.583712463819e-12       0.000000000000e+00       3.544712474717e-15      -1.462384449122e-16       6.566433738228e-17 
 1138       1.903310603186e-10       1.981984380123e-12      -7.430268412030e-12       0.000000000000e+00       3.532542076364e-15      -1.455679826519e-16       6.376200147606e-17 
 1139       1.903004689611e-10       1.963817659182e-12      -7.276078921981e-12       0.000000000000e+00       3.520423512091e-15      -1.448680151624e-16       6.186780852011e-17 
 1140       1.902563922256e-10       1.946434944628e-12      -7.121219540044e-12       0.000000000000e+00       3.508356483687e-15      -1.441400966961e-16       5.998210738031e-17 
 1141       1.901987550505e-10       1.929843144780e-12      -6.965766352894e-12       0.000000000000e+00       3.496340688370e-15      -1.433857931761e-16       5.810524901669e-17 
 1142       1.901274822053e-10       1.914049193380e-12      -6.809795988703e-12       0.000000000000e+00       3.484375818774e-15      -1.426066822228e-16       5.623758648771e-17 
 1143       1.900424982910e-10       1.899060049625e-12      -6.653385618322e-12       0.000000000000e+00       3.472461562930e-15      -1.418043531800e-16       5.437947495449e-17 
 1144       1.899437277398e-10       1.884882698211e-12      -6.496612956473e-12       0.000000000000e+00       3.460597604263e-15      -1.409804071408e-16       5.253127168519e-17 
 1145       1.898310948148e-10       1.871524149368e-12      -6.339556262932e-12       0.000000000000e+00       3.448783621572e-15      -1.401364569737e-16       5.069333605918e-17 
 1146       1.897045236102e-10       1.858991438900e-12      -6.182294343719e-12       0.000000000000e+00       3.437019289024e-15      -1.392741273489e-16       4.886602957140e-17 
 1147       1.895639380509e-10       1.847291628223e-12      -6.024906552285e-12       0.000000000000e+00       3.425304276135e-15      -1.383950547645e-16       4.704971583662e-17 
 1148       1.894092618927e-10       1.836431804402e-12      -5.867472790699e-12       0.000000000000e+00       3.413638247766e-15      -1.375008875720e-16       4.524476059371e-17 
 1149       1.892404187217e-10       1.826419080194e-12      -5.710073510833e-12       0.000000000000e+00       3.402020864102e-15      -1.365932860032e-16       4.345153170994e-17 
 1150       1.890573319547e-10       1.817260594077e-12      -5.552789715553e-12       0.000000000000e+00       3.390451780646e-15      -1.356739221958e-16       4.167039918524e-17 
 1151       1.888599600488e-10       1.808961433015e-12      -5.395697998343e-12       0.000000000000e+00       3.378930682871e-15      -1.347436372709e-16       3.990164895798e-17 
 1152       1.886484026203e-10       1.801518371750e-12      -5.238855590826e-12       0.000000000000e+00       3.367457390686e-15      -1.337999007958e-16       3.814522311534e-17 
 1153       1.884227956728e-10       1.794926054090e-12      -5.082315127748e-12       0.000000000000e+00       3.356031755271e-15      -1.328393191149e-16       3.640097639283e-17 
 1154       1.881832765129e-10       1.789179062830e-12      -4.926129592054e-12       0.000000000000e+00       3.344653624524e-15      -1.318584753230e-16       3.466876207010e-17 
 1155       1.879299837532e-10       1.784271919603e-12      -4.770352315630e-12       0.000000000000e+00       3.333322843052e-15      -1.308539292152e-16       3.294843196745e-17 
 1156       1.876630573150e-10       1.780199084730e-12      -4.615036980041e-12       0.000000000000e+00       3.322039252159e-15      -1.298222172363e-16       3.123983644228e-17 
 1157       1.873826384318e-10       1.776954957075e-12      -4.460237617268e-12       0.000000000000e+00       3.310802689837e-15      -1.287598524310e-16       2.954282438558e-17 
 1158       1.870888696522e-10       1.774533873887e-12      -4.306008610446e-12       0.000000000000e+00       3.299612990762e-15      -1.276633243935e-16       2.785724321844e-17 
 1159       1.867818948429e-10       1.772930110659e-12      -4.152404694603e-12       0.000000000000e+00       3.288469986279e-15      -1.265290992174e-16       2.618293888849e-17 
 1160       1.864618591920e-10       1.772137880971e-12      -3.999480957400e-12       0.000000000000e+00       3.277373504395e-15      -1.253536194456e-16       2.451975586639e-17 
 1161       1.861289092117e-10       1.772151336347e-12      -3.847292839866e-12       0.000000000000e+00       3.266323369770e-15      -1.241333040199e-16       2.286753714235e-17 
 1162       1.857831927418e-10       1.772964566098e-12      -3.695896137138e-12       0.000000000000e+00       3.255319403709e-15      -1.228645482309e-16       2.122612422256e-17 
 1163       1.854248589523e-10       1.774571597180e-12      -3.545346999200e-12       0.000000000000e+00       3.244361424151e-15      -1.215437236683e-16       1.959535712568e-17 
 1164       1.850540583470e-10       1.776966394039e-12      -3.395701931619e-12       0.000000000000e+00       3.233449245659e-15      -1.201671781697e-16       1.797507437936e-17 
 1165       1.846709427662e-10       1.780142858462e-12      -3.247017796286e-12       0.000000000000e+00       3.222582679415e-15      -1.187312357714e-16       1.636511301668e-17 
 1166       1.842756653898e-10       1.784094829432e-12      -3.099351812153e-12       0.000000000000e+00       3.211761533208e-15      -1.172321966577e-16       1.476530857263e-17 
 1167       1.838683807404e-10       1.788816082971e-12      -2.952761555969e-12       0.000000000000e+00       3.200985611423e-15      -1.156663371110e-16       1.317549508062e-17 
 1168       1.834492446866e-10       1.794300331995e-12      -2.807304963025e-12       0.000000000000e+00       3.190254715036e-15      -1.140299094613e-16       1.159550506894e-17 
 1169       1.830184144457e-10       1.800541226165e-12      -2.663040327883e-12       0.000000000000e+00       3.179568641601e-15      -1.123191420363e-16       1.002516955726e-17 
 1170       1.825760485870e-10       1.807532351734e-12      -2.520026305122e-12       0.000000000000e+00       3.168927185246e-15      -1.105302391110e-16       8.464318053082e-18 
 1171       1.821223070348e-10       1.815267231400e-12      -2.378321910073e-12       0.000000000000e+00       3.158330136658e-15      -1.086593808579e-16       6.912778548233e-18 
 1172       1.816573510716e-10       1.823739324155e-12      -2.237986519556e-12       0.000000000000e+00       3.147777283077e-15      -1.067027232962e-16       5.370377515360e-18 
 1173       1.811813433408e-10       1.832942025136e-12      -2.099079872623e-12       0.000000000000e+00       3.137268408286e-15      -1.046563982422e-16       3.836939904396e-18 
 1174       1.806944478503e-10       1.842868665475e-12      -1.961662071289e-12       0.000000000000e+00       3.126803292603e-15      -1.025165132590e-16       2.312289139044e-18 
 1175       1.801968299750e-10       1.853512512150e-12      -1.825793581279e-12       0.000000000000e+00       3.116381712872e-15      -1.002791516058e-16       7.962471132587e-19 
 1176       1.796886564606e-10       1.864866767833e-12      -1.691535232759e-12       0.000000000000e+00       3.106003442450e-15      -9.794037218871e-17      -7.113658122719e-19 
 1177       1.791700954257e-10       1.876924570746e-12      -1.558948221078e-12       0.000000000000e+00       3.095668251204e-15      -9.549620950954e-17      -2.210730813647e-18 
 1178       1.786413163658e-10       1.889678994504e-12      -1.428094107504e-12       0.000000000000e+00       3.085375905497e-15      -9.294267361627e-17      -3.702030607272e-18 
 1179       1.781024901559e-10       1.903123047969e-12      -1.299034819965e-12       0.000000000000e+00       3.075126168182e-15      -9.027575005267e-17      -5.185449453377e-18 
 1180       1.775537890535e-10       1.917249675103e-12      -1.171832653787e-12       0.000000000000e+00       3.064918798588e-15      -8.749139980810e-17      -6.661173159535e-18 
 1181       1.769953867020e-10       1.932051754812e-12      -1.046550272427e-12       0.000000000000e+00       3.054753552519e-15      -8.458555926739e-17      -8.129389084184e-18 
 1182       1.764274581333e-10       1.947522100803e-12      -9.232507082208e-13       0.000000000000e+00       3.044630182237e-15      -8.155414016061e-17      -9.590286140143e-18 
 1183       1.758501797715e-10       1.963653461429e-12      -8.019973631117e-13       0.000000000000e+00       3.034548436457e-15      -7.839302951292e-17      -1.104405479813e-17 
 1184       1.752637294354e-10       1.980438519543e-12      -6.828540093949e-13       0.000000000000e+00       3.024508060336e-15      -7.509808959437e-17      -1.249088709030e-17 
 1185       1.746682863419e-10       1.997869892346e-12      -5.658847904537e-13       0.000000000000e+00       3.014508795467e-15      -7.166515786976e-17      -1.393097661371e-17 
 1186       1.740640311089e-10       2.015940131238e-12      -4.511542214977e-13       0.000000000000e+00       3.004550379865e-15      -6.809004694839e-17      -1.536451853392e-17 
 1187       1.734511457583e-10       2.034641721671e-12      -3.387271903016e-13       0.000000000000e+00       2.994632547963e-15      -6.436854453396e-17      -1.679170958845e-17 
 1188       1.728298137196e-10       2.053967082993e-12      -2.286689579429e-13       0.000000000000e+00       2.984755030599e-15      -6.049641337433e-17      -1.821274809030e-17 
 1189       1.722002198321e-10       2.073908568306e-12      -1.210451595408e-13       0.000000000000e+00       2.974917555007e-15      -5.646939121138e-17      -1.962783393151e-17 
 1190       1.715625573366e-10       2.094457628226e-12      -1.591307959925e-14       0.000000000000e+00       2.965119870298e-15      -5.228505021615e-17      -2.103710807760e-17 
 1191       1.709170489355e-10       2.115602291238e-12       8.670464075482e-14       0.000000000000e+00       2.955361824247e-15      -4.794840039619e-17      -2.244047023042e-17 
 1192       1.702639259971e-10       2.137329652098e-12       1.867940324852e-13       0.000000000000e+00       2.945643287428e-15      -4.346635491281e-17      -2.383775893272e-17 
 1193       1.696034215949e-10       2.159626704889e-12       2.843411025440e-13       0.000000000000e+00       2.935964127806e-15      -3.884587694546e-17      -2.522881187249e-17 
 1194       1.689357705113e-10       2.182480342804e-12       3.793318338724e-13       0.000000000000e+00       2.926324210734e-15      -3.409397979899e-17      -2.661346588132e-17 
 1195       1.682612092416e-10       2.205877357920e-12       4.717521854008e-13       0.000000000000e+00       2.916723398938e-15      -2.921772701094e-17      -2.799155693282e-17 
 1196       1.675799759968e-10       2.229804440984e-12       5.615880920499e-13       0.000000000000e+00       2.907161552520e-15      -2.422423245877e-17      -2.936292014100e-17 
 1197       1.668923107081e-10       2.254248181188e-12       6.488254647304e-13       0.000000000000e+00       2.897638528942e-15      -1.912066046715e-17      -3.072738975868e-17 
 1198       1.661984550302e-10       2.279195065948e-12       7.334501903440e-13       0.000000000000e+00       2.888154183024e-15      -1.391422591519e-17      -3.208479917587e-17 
 1199       1.654986523451e-10       2.304631480689e-12       8.154481317840e-13       0.000000000000e+00       2.878708366936e-15      -8.612194343709e-18      -3.343498091819e-17 
 1200       1.647931477654e-10       2.330543708618e-12       8.948051279353e-13       0.000000000000e+00       2.869300930192e-15      -3.221882062512e-18      -3.477776664522e-17 
 1201       1.640821881386e-10       2.356917930510e-12       9.715069936753e-13       0.000000000000e+00       2.859931719640e-15       2.249343742369e-18      -3.611298714897e-17 
 1202       1.633660220500e-10       2.383740224479e-12       1.045539519874e-12       0.000000000000e+00       2.850600579459e-15       7.794064901402e-18      -3.744047235220e-17 
 1203       1.626448998272e-10       2.410996565768e-12       1.116888473395e-12       0.000000000000e+00       2.841307351147e-15       1.340481215430e-17      -3.876005130686e-17 
 1204       1.619190735428e-10       2.438672826520e-12       1.185539597096e-12       0.000000000000e+00       2.832051873520e-15       1.907406504277e-17      -4.007155219247e-17 
 1205       1.611887970191e-10       2.466754775562e-12       1.251478609829e-12       0.000000000000e+00       2.822833982701e-15       2.479425180323e-17      -4.137480231452e-17 
 1206       1.604543258309e-10       2.495228078183e-12       1.314691206439e-12       0.000000000000e+00       2.813653512114e-15       3.055774925958e-17      -4.266962810288e-17 
 1207       1.597159173095e-10       2.524078295913e-12       1.375163057768e-12       0.000000000000e+00       2.804510292477e-15       3.635688271589e-17      -4.395585511017e-17 
 1208       1.589738305467e-10       2.553290886305e-12       1.432879810655e-12       0.000000000000e+00       2.795404151796e-15       4.218392584920e-17      -4.523330801016e-17 
 1209       1.582283263977e-10       2.582851202712e-12       1.487827087933e-12       0.000000000000e+00       2.786334915355e-15       4.803110060223e-17      -4.650181059619e-17 
 1210       1.574796674855e-10       2.612744494068e-12       1.539990488432e-12       0.000000000000e+00       2.777302405714e-15       5.389057707613e-17      -4.776118577954e-17 
 1211       1.567281182040e-10       2.642955904668e-12       1.589355586980e-12       0.000000000000e+00       2.768306442697e-15       5.975447342317e-17      -4.901125558784e-17 
 1212       1.559739447221e-10       2.673470473944e-12       1.635907934403e-12       0.000000000000e+00       2.759346843388e-15       6.561485573958e-17      -5.025184116347e-17 
 1213       1.552174149871e-10       2.704273136250e-12       1.679633057523e-12       0.000000000000e+00       2.750423422123e-15       7.146373795819e-17      -5.148276276192e-17 
 1214       1.544587987285e-10       2.735348720637e-12       1.720516459165e-12       0.000000000000e+00       2.741535990484e-15       7.729308174122e-17      -5.270383975025e-17 
 1215       1.536983674615e-10       2.766681950635e-12       1.758543618149e-12       0.000000000000e+00       2.732684357291e-15       8.309479637301e-17      -5.391489060542e-17 
 1216       1.529363944908e-10       2.798257444033e-12       1.793699989295e-12       0.000000000000e+00       2.723868328596e-15       8.886073865278e-17      -5.511573291273e-17 
 1217       1.521731549142e-10       2.830059712655e-12       1.825971003427e-12       0.000000000000e+00       2.715087707672e-15       9.458271278731e-17      -5.630618336419e-17 
 1218       1.514089256263e-10       2.862073162143e-12       1.855342067366e-12       0.000000000000e+00       2.706342295014e-15       1.002524702838e-16      -5.748605775695e-17 
 1219       1.506439853221e-10       2.894282091737e-12       1.881798563935e-12       0.000000000000e+00       2.697631888325e-15       1.058617098423e-16      -5.865517099165e-17 
 1220       1.498786145008e-10       2.926670694051e-12       1.905325851958e-12       0.000000000000e+00       2.688956282511e-15       1.114020772491e-16      -5.981333707084e-17 
 1221       1.491130954693e-10       2.959223054855e-12       1.925909266263e-12       0.000000000000e+00       2.680315269676e-15       1.168651652686e-16      -6.096036909740e-17 
 1222       1.483477123458e-10       2.991923152857e-12       1.943534117680e-12       0.000000000000e+00       2.671708639112e-15       1.222425135368e-16      -6.209607927287e-17 
 1223       1.475827510638e-10       3.024754859475e-12       1.958185693040e-12       0.000000000000e+00       2.663136177294e-15       1.275256084535e-16      -6.322027889592e-17 
 1224       1.468184993754e-10       3.057701938625e-12       1.969849255181e-12       0.000000000000e+00       2.654597667874e-15       1.327058830756e-16      -6.433277836071e-17 
 1225       1.460552468553e-10       3.090748046495e-12       1.978510042942e-12       0.000000000000e+00       2.646092891670e-15       1.377747170091e-16      -6.543338715526e-17 
 1226       1.452932849041e-10       3.123876731329e-12       1.984153271168e-12       0.000000000000e+00       2.637621626663e-15       1.427234363027e-16      -6.652191385992e-17 
 1227       1.445329067520e-10       3.157071433199e-12       1.986764130709e-12       0.000000000000e+00       2.629183647989e-15       1.475433133397e-16      -6.759816614567e-17 
 1228       1.437744074630e-10       3.190315483795e-12       1.986327788421e-12       0.000000000000e+00       2.620778727931e-15       1.522255667315e-16      -6.866195077261e-17 
 1229       1.430180636691e-10       3.223592871633e-12       1.982836542402e-12       0.000000000000e+00       2.612406658190e-15       1.567638395303e-16      -6.971309182084e-17 
 1230       1.422640725047e-10       3.256890548110e-12       1.976311380864e-12       0.000000000000e+00       2.604067317005e-15       1.611616663497e-16      -7.075148562398e-17 
 1231       1.415126119532e-10       3.290196148444e-12       1.966780679686e-12       0.000000000000e+00       2.595760602818e-15       1.654250948457e-16      -7.177704648584e-17 
 1232       1.407638610527e-10       3.323497228564e-12       1.954273071006e-12       0.000000000000e+00       2.587486412061e-15       1.695602155422e-16      -7.278968850705e-17 
 1233       1.400179998969e-10       3.356781264948e-12       1.938817443788e-12       0.000000000000e+00       2.579244639157e-15       1.735731619204e-16      -7.378932558482e-17 
 1234       1.392752096384e-10       3.390035654468e-12       1.920442944395e-12       0.000000000000e+00       2.571035176507e-15       1.774701105081e-16      -7.477587141288e-17 
 1235       1.385356724895e-10       3.423247714225e-12       1.899178977149e-12       0.000000000000e+00       2.562857914492e-15       1.812572809695e-16      -7.574923948122e-17 
 1236       1.377995717254e-10       3.456404681395e-12       1.875055204910e-12       0.000000000000e+00       2.554712741461e-15       1.849409361942e-16      -7.670934307600e-17 
 1237       1.370670916855e-10       3.489493713063e-12       1.848101549636e-12       0.000000000000e+00       2.546599543733e-15       1.885273823872e-16      -7.765609527939e-17 
 1238       1.363384177757e-10       3.522501886070e-12       1.818348192956e-12       0.000000000000e+00       2.538518205585e-15       1.920229691579e-16      -7.858940896938e-17 
 1239       1.356137364705e-10       3.555416196849e-12       1.785825576735e-12       0.000000000000e+00       2.530468609252e-15       1.954340896100e-16      -7.950919681966e-17 
 1240       1.348932353149e-10       3.588223561264e-12       1.750564403646e-12       0.000000000000e+00       2.522450634919e-15       1.987671804307e-16      -8.041537129942e-17 
 1241       1.341771029266e-10       3.620910814457e-12       1.712595637739e-12       0.000000000000e+00       2.514464160715e-15       2.020287219801e-16      -8.130784467324e-17 
 1242       1.334655289980e-10       3.653464710680e-12       1.671950505004e-12       0.000000000000e+00       2.506509062712e-15       2.052252383811e-16      -8.218652900092e-17 
 1243       1.327587042983e-10       3.685871923141e-12       1.628660493945e-12       0.000000000000e+00       2.498585214915e-15       2.083632976083e-16      -8.305133613729e-17 
 1244       1.320568206753e-10       3.718119043843e-12       1.582757356147e-12       0.000000000000e+00       2.490692489258e-15       2.114495115780e-16      -8.390217773209e-17 
 1245       1.313600710579e-10       3.750192583423e-12       1.534273106843e-12       0.000000000000e+00       2.482830755603e-15       2.144905362374e-16      -8.473896522982e-17 
 1246       1.306686494579e-10       3.782078970993e-12       1.483240025483e-12       0.000000000000e+00       2.474999881729e-15       2.174930716540e-16      -8.556160986953e-17 
 1247       1.299827509717e-10       3.813764553983e-12       1.429690656304e-12       0.000000000000e+00       2.467199733329e-15       2.204638621054e-16      -8.637002268472e-17 
 1248       1.293025717832e-10       3.845235597975e-12       1.373657808898e-12       0.000000000000e+00       2.459430174005e-15       2.234096961682e-16      -8.716411450317e-17 
 1249       1.286283091651e-10       3.876478286551e-12       1.315174558779e-12       0.000000000000e+00       2.451691065265e-15       2.263374068083e-16      -8.794379594676e-17 
 1250       1.279601614812e-10       3.907478721126e-12       1.254274247953e-12       0.000000000000e+00       2.443982266514e-15       2.292538714696e-16      -8.870897743134e-17 
 1251       1.272983281886e-10       3.938222920795e-12       1.190990485486e-12       0.000000000000e+00       2.436303635049e-15       2.321660121640e-16      -8.945956916654e-17 
 1252       1.266430098394e-10       3.968696822167e-12       1.125357148071e-12       0.000000000000e+00       2.428655026057e-15       2.350807955604e-16      -9.019548115565e-17 
 1253       1.259944080833e-10       3.998886279212e-12       1.057408380600e-12       0.000000000000e+00       2.421036292609e-15       2.380052330747e-16      -9.091662319546e-17 
 1254       1.253527256691e-10       4.028777063094e-12       9.871785967290e-13       0.000000000000e+00       2.413447285651e-15       2.409463809590e-16      -9.162290487607e-17 
 1255       1.247181664469e-10       4.058354862019e-12       9.147024794488e-13       0.000000000000e+00       2.405887854003e-15       2.439113403909e-16      -9.231423558077e-17 
 1256       1.240909353706e-10       4.087605281068e-12       8.400149816522e-13       0.000000000000e+00       2.398357844353e-15       2.469072575633e-16      -9.299052448585e-17 
 1257       1.234712384991e-10       4.116513842042e-12       7.631513267029e-13       0.000000000000e+00       2.390857101249e-15       2.499413237737e-16      -9.365168056049e-17 
 1258       1.228592829993e-10       4.145065983301e-12       6.841470090040e-13       0.000000000000e+00       2.383385467099e-15       2.530207755139e-16      -9.429761256654e-17 
 1259       1.222552771473e-10       4.173247059605e-12       6.030377945663e-13       0.000000000000e+00       2.375942782161e-15       2.561528945589e-16      -9.492822905842e-17 
 1260       1.216594303311e-10       4.201042341953e-12       5.198597215773e-13       0.000000000000e+00       2.368528884539e-15       2.593450080571e-16      -9.554343838294e-17 
 1261       1.210719530523e-10       4.228437017425e-12       4.346491009690e-13       0.000000000000e+00       2.361143610178e-15       2.626044886194e-16      -9.614314867914e-17 
 1262       1.204930569283e-10       4.255416189018e-12       3.474425169869e-13       0.000000000000e+00       2.353786792863e-15       2.659387544086e-16      -9.672726787813e-17 
 1263       1.199229546942e-10       4.281964875494e-12       2.582768277583e-13       0.000000000000e+00       2.346458264204e-15       2.693552692290e-16      -9.729570370294e-17 
 1264       1.193618602050e-10       4.308068011213e-12       1.671891658608e-13       0.000000000000e+00       2.339157853641e-15       2.728615426159e-16      -9.784836366840e-17 
 1265       1.188099884377e-10       4.333710445977e-12       7.421693889081e-14       0.000000000000e+00       2.331885388434e-15       2.764651299250e-16      -9.838515508089e-17 
 1266       1.182675554930e-10       4.358876944871e-12      -2.060216996814e-14       0.000000000000e+00       2.324640693656e-15       2.801736324221e-16      -9.890598503828e-17 
 1267       1.177347785980e-10       4.383552188099e-12      -1.172302013766e-13       0.000000000000e+00       2.317423592193e-15       2.839946973722e-16      -9.941076042973e-17 
 1268       1.172118443069e-10       4.407722557915e-12      -2.156271178199e-13       0.000000000000e+00       2.310233921042e-15       2.879336782493e-16      -9.989941337128e-17 
 1269       1.166988127005e-10       4.431381522263e-12      -3.157453759562e-13       0.000000000000e+00       2.303071580438e-15       2.919865856613e-16      -1.003719778340e-16 
 1270       1.161957120863e-10       4.454524312891e-12      -4.175352905598e-13       0.000000000000e+00       2.295936485286e-15       2.961470553311e-16      -1.008285138990e-16 
 1271       1.157025706991e-10       4.477146143862e-12      -5.209468295937e-13       0.000000000000e+00       2.288828548899e-15       3.004086805185e-16      -1.012690824036e-16 
 1272       1.152194167006e-10       4.499242211536e-12      -6.259296135064e-13       0.000000000000e+00       2.281747682995e-15       3.047650119355e-16      -1.016937449430e-16 
 1273       1.147462781786e-10       4.520807694537e-12      -7.324329145294e-13       0.000000000000e+00       2.274693797689e-15       3.092095576612e-16      -1.021025638722e-16 
 1274       1.142831831473e-10       4.541837753733e-12      -8.404056559740e-13       0.000000000000e+00       2.267666801497e-15       3.137357830565e-16      -1.024956023074e-16 
 1275       1.138301595467e-10       4.562327532202e-12      -9.497964115286e-13       0.000000000000e+00       2.260666601325e-15       3.183371106795e-16      -1.028729241282e-16 
 1276       1.133872352422e-10       4.582272155211e-12      -1.060553404556e-12       0.000000000000e+00       2.253693102467e-15       3.230069202002e-16      -1.032345939789e-16 
 1277       1.129544380244e-10       4.601666730190e-12      -1.172624507391e-12       0.000000000000e+00       2.246746208602e-15       3.277385483156e-16      -1.035806772706e-16 
 1278       1.125317956087e-10       4.620506346702e-12      -1.285957240636e-12       0.000000000000e+00       2.239825821789e-15       3.325252886644e-16      -1.039112401825e-16 
 1279       1.121193356352e-10       4.638786076417e-12      -1.400498772460e-12       0.000000000000e+00       2.232931842464e-15       3.373603917426e-16      -1.042263496642e-16 
 1280       1.117170856681e-10       4.656500973091e-12      -1.516195917894e-12       0.000000000000e+00       2.226064169436e-15       3.422370648178e-16      -1.045260734370e-16 
 1281       1.113250731955e-10       4.673646072532e-12      -1.632995138131e-12       0.000000000000e+00       2.219222699879e-15       3.471484718444e-16      -1.048104799958e-16 
 1282       1.109433256291e-10       4.690216392577e-12      -1.750842539819e-12       0.000000000000e+00       2.212407329337e-15       3.520877333787e-16      -1.050796386109e-16 
 1283       1.105718703040e-10       4.706206933069e-12      -1.869683874363e-12       0.000000000000e+00       2.205617951709e-15       3.570479264939e-16      -1.053336193296e-16 
 1284       1.102107344780e-10       4.721612675824e-12      -1.989464537217e-12       0.000000000000e+00       2.198854459254e-15       3.620220846949e-16      -1.055724929781e-16 
 1285       1.098599453316e-10       4.736428584610e-12      -2.110129567185e-12       0.000000000000e+00       2.192116742582e-15       3.670031978333e-16      -1.057963311631e-16 
 1286       1.095195299678e-10       4.750649605117e-12      -2.231623645718e-12       0.000000000000e+00       2.185404690652e-15       3.719842120224e-16      -1.060052062735e-16 
 1287       1.091895154113e-10       4.764270664933e-12      -2.353891096209e-12       0.000000000000e+00       2.178718190766e-15       3.769580295525e-16      -1.061991914823e-16 
 1288       1.088699286086e-10       4.777286673517e-12      -2.476875883291e-12       0.000000000000e+00       2.172057128569e-15       3.819175088050e-16      -1.063783607484e-16 
 1289       1.085607964277e-10       4.789692522170e-12      -2.600521612136e-12       0.000000000000e+00       2.165421388040e-15       3.868554641686e-16      -1.065427888181e-16 
 1290       1.082621456573e-10       4.801483084014e-12      -2.724771527749e-12       0.000000000000e+00       2.158810851492e-15       3.917646659532e-16      -1.066925512269e-16 
 1291       1.079740030070e-10       4.812653213960e-12      -2.849568514266e-12       0.000000000000e+00       2.152225399567e-15       3.966378403053e-16      -1.068277243014e-16 
 1292       1.076963951069e-10       4.823197748686e-12      -2.974855094256e-12       0.000000000000e+00       2.145664911230e-15       4.014676691233e-16      -1.069483851608e-16 
 1293       1.074293485069e-10       4.833111506606e-12      -3.100573428010e-12       0.000000000000e+00       2.139129263767e-15       4.062467899719e-16      -1.070546117190e-16 
 1294       1.071728896769e-10       4.842389287850e-12      -3.226665312844e-12       0.000000000000e+00       2.132618332782e-15       4.109677959972e-16      -1.071464826859e-16 
 1295       1.069270450061e-10       4.851025874230e-12      -3.353072182394e-12       0.000000000000e+00       2.126131992188e-15       4.156232358422e-16      -1.072240775694e-16 
 1296       1.066918408029e-10       4.859016029219e-12      -3.479735105915e-12       0.000000000000e+00       2.119670114211e-15       4.202056135610e-16      -1.072874766772e-16 
 1297       1.064673032944e-10       4.866354497923e-12      -3.606594787575e-12       0.000000000000e+00       2.113232569378e-15       4.247073885345e-16      -1.073367611184e-16 
 1298       1.062534586263e-10       4.873036007055e-12      -3.733591565755e-12       0.000000000000e+00       2.106819226519e-15       4.291209753846e-16      -1.073720128050e-16 
 1299       1.060503328622e-10       4.879055264908e-12      -3.860665412345e-12       0.000000000000e+00       2.100429952759e-15       4.334387438900e-16      -1.073933144544e-16 
 1300       1.058579519839e-10       4.884406961328e-12      -3.987755932041e-12       0.000000000000e+00       2.094064613516e-15       4.376530189005e-16      -1.074007495904e-16 
 1301       1.056763418905e-10       4.889085767688e-12      -4.114802361642e-12       0.000000000000e+00       2.087723072498e-15       4.417560802525e-16      -1.073944025450e-16 
 1302       1.055055283983e-10       4.893086336864e-12      -4.241743569350e-12       0.000000000000e+00       2.081405191695e-15       4.457401626836e-16      -1.073743584607e-16 
 1303       1.053455372405e-10       4.896403303204e-12      -4.368518054062e-12       0.000000000000e+00       2.075110831380e-15       4.495974557476e-16      -1.073407032916e-16 
 1304       1.051963940669e-10       4.899031282507e-12      -4.495063944671e-12       0.000000000000e+00       2.068839850102e-15       4.533201037297e-16      -1.072935238056e-16 
 1305       1.050581244437e-10       4.900964871991e-12      -4.621318999362e-12       0.000000000000e+00       2.062592104681e-15       4.569002055614e-16      -1.072329075859e-16 
 1306       1.049307538526e-10       4.902198650270e-12      -4.747220604910e-12       0.000000000000e+00       2.056367450208e-15       4.603298147354e-16      -1.071589430328e-16 
 1307       1.048142840071e-10       4.902728882399e-12      -4.872709679508e-12       0.000000000000e+00       2.050165753281e-15       4.636031237863e-16      -1.070717242148e-16 
 1308       1.047086215097e-10       4.902558655930e-12      -4.997742430445e-12       0.000000000000e+00       2.043986931895e-15       4.667230446459e-16      -1.069713654790e-16 
 1309       1.046136483952e-10       4.901692802257e-12      -5.122278726556e-12       0.000000000000e+00       2.037830915991e-15       4.696947017300e-16      -1.068579870076e-16 
 1310       1.045292457415e-10       4.900136196852e-12      -5.246278206200e-12       0.000000000000e+00       2.031697634252e-15       4.725232541193e-16      -1.067317099853e-16 
 1311       1.044552936665e-10       4.897893759356e-12      -5.369700276823e-12       0.000000000000e+00       2.025587014095e-15       4.752138956273e-16      -1.065926566018e-16 
 1312       1.043916713270e-10       4.894970453671e-12      -5.492504114535e-12       0.000000000000e+00       2.019498981676e-15       4.777718548689e-16      -1.064409500534e-16 
 1313       1.043382569162e-10       4.891371288059e-12      -5.614648663681e-12       0.000000000000e+00       2.013433461877e-15       4.802023953288e-16      -1.062767145453e-16 
 1314       1.042949276620e-10       4.887101315228e-12      -5.736092636410e-12       0.000000000000e+00       2.007390378312e-15       4.825108154294e-16      -1.061000752938e-16 
 1315       1.042615598249e-10       4.882165632432e-12      -5.856794512244e-12       0.000000000000e+00       2.001369653319e-15       4.847024485995e-16      -1.059111585280e-16 
 1316       1.042380286958e-10       4.876569381559e-12      -5.976712537657e-12       0.000000000000e+00       1.995371207957e-15       4.867826633427e-16      -1.057100914922e-16 
 1317       1.042242085946e-10       4.870317749227e-12      -6.095804725637e-12       0.000000000000e+00       1.989394962006e-15       4.887568633052e-16      -1.054970024482e-16 
 1318       1.042199728676e-10       4.863415966877e-12      -6.214028855264e-12       0.000000000000e+00       1.983440833959e-15       4.906304873448e-16      -1.052720206765e-16 
 1319       1.042251938858e-10       4.855869310866e-12      -6.331342471277e-12       0.000000000000e+00       1.977508741024e-15       4.924090095985e-16      -1.050352764795e-16 
 1320       1.042397430431e-10       4.847683102559e-12      -6.447702883648e-12       0.000000000000e+00       1.971598599118e-15       4.940979395514e-16      -1.047869011828e-16 
 1321       1.042634907539e-10       4.838862708426e-12      -6.563067167151e-12       0.000000000000e+00       1.965710322866e-15       4.957028221047e-16      -1.045270271376e-16 
 1322       1.042963064513e-10       4.829413540130e-12      -6.677392160935e-12       0.000000000000e+00       1.959843825594e-15       4.972292376442e-16      -1.042557877224e-16 
 1323       1.043380585855e-10       4.819341054626e-12      -6.790634468093e-12       0.000000000000e+00       1.953999019331e-15       4.986828021086e-16      -1.039733173459e-16 
 1324       1.043886146211e-10       4.808650754248e-12      -6.902750455235e-12       0.000000000000e+00       1.948175814803e-15       5.000691670574e-16      -1.036797514482e-16 
 1325       1.044478410356e-10       4.797348186809e-12      -7.013696252059e-12       0.000000000000e+00       1.942374121430e-15       5.013940197401e-16      -1.033752265033e-16 
 1326       1.045156033174e-10       4.785438945688e-12      -7.123427750922e-12       0.000000000000e+00       1.936593847323e-15       5.026630831634e-16      -1.030598800212e-16 
 1327       1.045917659637e-10       4.772928669928e-12      -7.231900606409e-12       0.000000000000e+00       1.930834899282e-15       5.038821161606e-16      -1.027338505499e-16 
 1328       1.046761924785e-10       4.759823044327e-12      -7.339070234909e-12       0.000000000000e+00       1.925097182793e-15       5.050569134592e-16      -1.023972776774e-16 
 1329       1.047687453706e-10       4.746127799531e-12      -7.444891814181e-12       0.000000000000e+00       1.919380602023e-15       5.061933057494e-16      -1.020503020339e-16 
 1330       1.048692861518e-10       4.731848712130e-12      -7.549320282929e-12       0.000000000000e+00       1.913685059818e-15       5.072971597525e-16      -1.016930652939e-16 
 1331       1.049776753348e-10       4.716991604747e-12      -7.652310340369e-12       0.000000000000e+00       1.908010457701e-15       5.083743782894e-16      -1.013257101782e-16 
 1332       1.050937724312e-10       4.701562346134e-12      -7.753816445806e-12       0.000000000000e+00       1.902356695869e-15       5.094309003482e-16      -1.009483804561e-16 
 1333       1.052174359495e-10       4.685566851267e-12      -7.853792818201e-12       0.000000000000e+00       1.896723673186e-15       5.104727011536e-16      -1.005612209471e-16 
 1334       1.053485233931e-10       4.669011081433e-12      -7.952193435741e-12       0.000000000000e+00       1.891111287185e-15       5.115057922341e-16      -1.001643775235e-16 
 1335       1.054868912586e-10       4.651901044332e-12      -8.048972035416e-12       0.000000000000e+00       1.885519434063e-15       5.125362214912e-16      -9.975799711235e-17 
 1336       1.056323950334e-10       4.634242794163e-12      -8.144082112583e-12       0.000000000000e+00       1.879948008677e-15       5.135700732672e-16      -9.934222769716e-17 
 1337       1.057848891940e-10       4.616042431720e-12      -8.237476920542e-12       0.000000000000e+00       1.874396904542e-15       5.146134684138e-16      -9.891721832040e-17 
 1338       1.059442272038e-10       4.597306104485e-12      -8.329109470106e-12       0.000000000000e+00       1.868866013829e-15       5.156725643602e-16      -9.848311908542e-17 
 1339       1.061102615114e-10       4.578040006723e-12      -8.418932529173e-12       0.000000000000e+00       1.863355227357e-15       5.167535551816e-16      -9.804008115853e-17 
 1340       1.062828435484e-10       4.558250379572e-12      -8.506898622294e-12       0.000000000000e+00       1.857864434598e-15       5.178626716673e-16      -9.758825677109e-17 
 1341       1.064618237275e-10       4.537943511140e-12      -8.592960030247e-12       0.000000000000e+00       1.852393523667e-15       5.190061813894e-16      -9.712779922161e-17 
 1342       1.066470514406e-10       4.517125736594e-12      -8.677068789608e-12       0.000000000000e+00       1.846942381321e-15       5.201903887706e-16      -9.665886287778e-17 
 1343       1.068383750565e-10       4.495803438258e-12      -8.759176692322e-12       0.000000000000e+00       1.841510892958e-15       5.214216351529e-16      -9.618160317861e-17 
 1344       1.070356419194e-10       4.473983045701e-12      -8.839235285272e-12       0.000000000000e+00       1.836098942611e-15       5.227062988660e-16      -9.569617663648e-17 
 1345       1.072386983465e-10       4.451671035836e-12      -8.917195869855e-12       0.000000000000e+00       1.830706412948e-15       5.240507952950e-16      -9.520274083922e-17 
 1346       1.074473860532e-10       4.428874614952e-12      -8.993016211204e-12       0.000000000000e+00       1.825333195717e-15       5.254598056396e-16      -9.470144452198e-17 
 1347       1.076615313902e-10       4.405603772742e-12      -9.066680746491e-12       0.000000000000e+00       1.819979223228e-15       5.269309419955e-16      -9.419239766055e-17 
 1348       1.078809559856e-10       4.381869250775e-12      -9.138180595305e-12       0.000000000000e+00       1.814644437207e-15       5.284600244535e-16      -9.367570105729e-17 
 1349       1.081054803049e-10       4.357681862719e-12      -9.207506869926e-12       0.000000000000e+00       1.809328778377e-15       5.300428471021e-16      -9.315145624330e-17 
 1350       1.083349236488e-10       4.333052494473e-12      -9.274650675341e-12       0.000000000000e+00       1.804032186452e-15       5.316751779790e-16      -9.261976547984e-17 
 1351       1.085691041513e-10       4.307992104313e-12      -9.339603109261e-12       0.000000000000e+00       1.798754600135e-15       5.333527590217e-16      -9.208073175972e-17 
 1352       1.088078387770e-10       4.282511723023e-12      -9.402355262133e-12       0.000000000000e+00       1.793495957120e-15       5.350713060189e-16      -9.153445880878e-17 
 1353       1.090509433192e-10       4.256622454040e-12      -9.462898217158e-12       0.000000000000e+00       1.788256194083e-15       5.368265085617e-16      -9.098105108728e-17 
 1354       1.092982323976e-10       4.230335473587e-12      -9.521223050304e-12       0.000000000000e+00       1.783035246684e-15       5.386140299944e-16      -9.042061379134e-17 
 1355       1.095495194561e-10       4.203662030814e-12      -9.577320830323e-12       0.000000000000e+00       1.777833049564e-15       5.404295073655e-16      -8.985325285433e-17 
 1356       1.098046167605e-10       4.176613447939e-12      -9.631182618767e-12       0.000000000000e+00       1.772649536340e-15       5.422685513792e-16      -8.927907494833e-17 
 1357       1.100633353965e-10       4.149201120381e-12      -9.682799470000e-12       0.000000000000e+00       1.767484639609e-15       5.441267463461e-16      -8.869818748554e-17 
 1358       1.103254852672e-10       4.121436516901e-12      -9.732162431217e-12       0.000000000000e+00       1.762338290937e-15       5.459996501346e-16      -8.811069861970e-17 
 1359       1.105908750910e-10       4.093331179741e-12      -9.779262542457e-12       0.000000000000e+00       1.757210420864e-15       5.478827941217e-16      -8.751671724753e-17 
 1360       1.108593123994e-10       4.064896724763e-12      -9.824090836617e-12       0.000000000000e+00       1.752100958897e-15       5.497716831441e-16      -8.691635301011e-17 
 1361       1.111306035348e-10       4.036144841584e-12      -9.866638339472e-12       0.000000000000e+00       1.747009833509e-15       5.516617954494e-16      -8.630971629437e-17 
 1362       1.114045536483e-10       4.007087293718e-12      -9.906896069685e-12       0.000000000000e+00       1.741936972140e-15       5.535485826473e-16      -8.569691823444e-17 
 1363       1.116809666974e-10       3.977735918714e-12      -9.944855038825e-12       0.000000000000e+00       1.736882301187e-15       5.554274696604e-16      -8.507807071314e-17 
 1364       1.119596454438e-10       3.948102628292e-12      -9.980506251382e-12       0.000000000000e+00       1.731845746010e-15       5.572938546754e-16      -8.445328636335e-17 
 1365       1.122403914511e-10       3.918199408484e-12      -1.001384070478e-11       0.000000000000e+00       1.726827230923e-15       5.591431090944e-16      -8.382267856947e-17 
 1366       1.125230050830e-10       3.888038319769e-12      -1.004484938940e-11       0.000000000000e+00       1.721826679198e-15       5.609705774854e-16      -8.318636146883e-17 
 1367       1.128072855004e-10       3.857631497216e-12      -1.007352328859e-11       0.000000000000e+00       1.716844013055e-15       5.627715775342e-16      -8.254444995311e-17 
 1368       1.130930306598e-10       3.826991150620e-12      -1.009985337867e-11       0.000000000000e+00       1.711879153666e-15       5.645413999946e-16      -8.189705966976e-17 
 1369       1.133800373107e-10       3.796129564641e-12      -1.012383062896e-11       0.000000000000e+00       1.706932021151e-15       5.662753086403e-16      -8.124430702343e-17 
 1370       1.136681009935e-10       3.765059098939e-12      -1.014544600180e-11       0.000000000000e+00       1.702002534572e-15       5.679685402154e-16      -8.058630917741e-17 
 1371       1.139570160374e-10       3.733792188319e-12      -1.016469045255e-11       0.000000000000e+00       1.697090611938e-15       5.696163043856e-16      -7.992318405502e-17 
 1372       1.142465755581e-10       3.702341342864e-12      -1.018155492962e-11       0.000000000000e+00       1.692196170194e-15       5.712137836897e-16      -7.925505034105e-17 
 1373       1.145365714554e-10       3.670719148074e-12      -1.019603037447e-11       0.000000000000e+00       1.687319125226e-15       5.727561334900e-16      -7.858202748319e-17 
 1374       1.148267944112e-10       3.638938265009e-12      -1.020810772164e-11       0.000000000000e+00       1.682459391853e-15       5.742384819238e-16      -7.790423569344e-17 
 1375       1.151170338872e-10       3.607011430421e-12      -1.021777789875e-11       0.000000000000e+00       1.677616883828e-15       5.756559298546e-16      -7.722179594955e-17 
 1376       1.154070781229e-10       3.574951456897e-12      -1.022503182654e-11       0.000000000000e+00       1.672791513837e-15       5.770035508228e-16      -7.653482999642e-17 
 1377       1.156967141329e-10       3.542771232994e-12      -1.022986041885e-11       0.000000000000e+00       1.667983193492e-15       5.782763909970e-16      -7.584346034753e-17 
 1378       1.159857277052e-10       3.510483723382e-12      -1.023225458266e-11       0.000000000000e+00       1.663191833330e-15       5.794694691251e-16      -7.514781028641e-17 
 1379       1.162739033985e-10       3.478101968978e-12      -1.023220521812e-11       0.000000000000e+00       1.658417342815e-15       5.805777764854e-16      -7.444800386796e-17 
 1380       1.165610245405e-10       3.445639087085e-12      -1.022970321850e-11       0.000000000000e+00       1.653659630330e-15       5.815962768375e-16      -7.374416592000e-17 
 1381       1.168468732253e-10       3.413108271535e-12      -1.022473947031e-11       0.000000000000e+00       1.648918603177e-15       5.825199063734e-16      -7.303642204458e-17 
 1382       1.171312303112e-10       3.380522792819e-12      -1.021730485320e-11       0.000000000000e+00       1.644194167575e-15       5.833435736689e-16      -7.232489861948e-17 
 1383       1.174138754187e-10       3.347895998234e-12      -1.020739024006e-11       0.000000000000e+00       1.639486228657e-15       5.840621596344e-16      -7.160972279960e-17 
 1384       1.176945869282e-10       3.315241312018e-12      -1.019498649701e-11       0.000000000000e+00       1.634794690470e-15       5.846705174660e-16      -7.089102251839e-17 
 1385       1.179731576451e-10       3.282571624675e-12      -1.018008995006e-11       0.000000000000e+00       1.630119464418e-15       5.851647644111e-16      -7.016891870858e-17 
 1386       1.182494419815e-10       3.249897453634e-12      -1.016271884836e-11       0.000000000000e+00       1.625460494723e-15       5.855461720867e-16      -6.944350187174e-17 
 1387       1.185233092684e-10       3.217228763448e-12      -1.014289707481e-11       0.000000000000e+00       1.620817733231e-15       5.858173171393e-16      -6.871485526417e-17 
 1388       1.187946281320e-10       3.184575574942e-12      -1.012064869556e-11       0.000000000000e+00       1.616191130983e-15       5.859807931887e-16      -6.798306265607e-17 
 1389       1.190632664928e-10       3.151947965311e-12      -1.009599796031e-11       0.000000000000e+00       1.611580638216e-15       5.860392108605e-16      -6.724820833249e-17 
 1390       1.193290915640e-10       3.119356068226e-12      -1.006896930272e-11       0.000000000000e+00       1.606986204359e-15       5.859951978173e-16      -6.651037709426e-17 
 1391       1.195919698507e-10       3.086810073929e-12      -1.003958734073e-11       0.000000000000e+00       1.602407778030e-15       5.858513987909e-16      -6.576965425892e-17 
 1392       1.198517671480e-10       3.054320229334e-12      -1.000787687696e-11       0.000000000000e+00       1.597845307038e-15       5.856104756141e-16      -6.502612566168e-17 
 1393       1.201083485405e-10       3.021896838129e-12      -9.973862898994e-12       0.000000000000e+00       1.593298738376e-15       5.852751072524e-16      -6.427987765632e-17 
 1394       1.203615784006e-10       2.989550260878e-12      -9.937570579826e-12       0.000000000000e+00       1.588768018225e-15       5.848479898357e-16      -6.353099711617e-17 
 1395       1.206113203873e-10       2.957290915113e-12      -9.899025278150e-12       0.000000000000e+00       1.584253091947e-15       5.843318366908e-16      -6.277957143501e-17 
 1396       1.208574374452e-10       2.925129275446e-12      -9.858252538745e-12       0.000000000000e+00       1.579753904086e-15       5.837293783724e-16      -6.202568852803e-17 
 1397       1.210997918029e-10       2.893075873659e-12      -9.815278092827e-12       0.000000000000e+00       1.575270398366e-15       5.830433626955e-16      -6.126943683276e-17 
 1398       1.213382449722e-10       2.861141298808e-12      -9.770127858408e-12       0.000000000000e+00       1.570802517687e-15       5.822765547670e-16      -6.051090531000e-17 
 1399       1.215726577464e-10       2.829336197328e-12      -9.722827940648e-12       0.000000000000e+00       1.566350204126e-15       5.814317370175e-16      -5.975018344476e-17 
 1400       1.218028901995e-10       2.797671273123e-12      -9.673404632217e-12       0.000000000000e+00       1.561913398934e-15       5.805117092334e-16      -5.898736124720e-17 
 1401       1.220288016846e-10       2.766157287677e-12      -9.621884413650e-12       0.000000000000e+00       1.557492042534e-15       5.795192885885e-16      -5.822252925359e-17 
 1402       1.222502508328e-10       2.734805060146e-12      -9.568293953705e-12       0.000000000000e+00       1.553086074519e-15       5.784573096758e-16      -5.745577852720e-17 
 1403       1.224670955521e-10       2.703625467462e-12      -9.512660109717e-12       0.000000000000e+00       1.548695433650e-15       5.773286245395e-16      -5.668720065925e-17 
 1404       1.226791930258e-10       2.672629444434e-12      -9.455009927959e-12       0.000000000000e+00       1.544320057856e-15       5.761361027068e-16      -5.591688776989e-17 
 1405       1.228863997118e-10       2.641827983846e-12      -9.395370643995e-12       0.000000000000e+00       1.539959884230e-15       5.748826312196e-16      -5.514493250908e-17 
 1406       1.230885713408e-10       2.611232136558e-12      -9.333769683042e-12       0.000000000000e+00       1.535614849026e-15       5.735711146667e-16      -5.437142805757e-17 
 1407       1.232855629155e-10       2.580853011607e-12      -9.270234660321e-12       0.000000000000e+00       1.531284887662e-15       5.722044752150e-16      -5.359646812779e-17 
 1408       1.234772287090e-10       2.550701776305e-12      -9.204793381420e-12       0.000000000000e+00       1.526969934713e-15       5.707856526421e-16      -5.282014696485e-17 
 1409       1.236634222639e-10       2.520789656343e-12      -9.137473842646e-12       0.000000000000e+00       1.522669923914e-15       5.693176043675e-16      -5.204255934741e-17 
 1410       1.238439963909e-10       2.491127935888e-12      -9.068304231384e-12       0.000000000000e+00       1.518384788153e-15       5.678033054846e-16      -5.126380058868e-17 
 1411       1.240188031673e-10       2.461727957684e-12      -8.997312926456e-12       0.000000000000e+00       1.514114459472e-15       5.662457487930e-16      -5.048396653730e-17 
 1412       1.241876939364e-10       2.432601123153e-12      -8.924528498474e-12       0.000000000000e+00       1.509858869066e-15       5.646479448296e-16      -4.970315357831e-17 
 1413       1.243505193056e-10       2.403758892495e-12      -8.849979710201e-12       0.000000000000e+00       1.505617947279e-15       5.630129219010e-16      -4.892145863409e-17 
 1414       1.245071291455e-10       2.375212784786e-12      -8.773695516903e-12       0.000000000000e+00       1.501391623605e-15       5.613437261150e-16      -4.813897916529e-17 
 1415       1.246573725888e-10       2.346974378083e-12      -8.695705066713e-12       0.000000000000e+00       1.497179826681e-15       5.596434214126e-16      -4.735581317173e-17 
 1416       1.248010980287e-10       2.319055309519e-12      -8.616037700981e-12       0.000000000000e+00       1.492982484292e-15       5.579150895999e-16      -4.657205919340e-17 
 1417       1.249381531178e-10       2.291467275408e-12      -8.534722954634e-12       0.000000000000e+00       1.488799523363e-15       5.561618303798e-16      -4.578781631138e-17 
 1418       1.250683847670e-10       2.264222031340e-12      -8.451790556537e-12       0.000000000000e+00       1.484630869961e-15       5.543867613837e-16      -4.500318414873e-17 
 1419       1.251916391440e-10       2.237331392287e-12      -8.367270429840e-12       0.000000000000e+00       1.480476449292e-15       5.525930182038e-16      -4.421826287149e-17 
 1420       1.253077616725e-10       2.210807232699e-12      -8.281192692346e-12       0.000000000000e+00       1.476336185700e-15       5.507837544245e-16      -4.343315318956e-17 
 1421       1.254165970303e-10       2.184661486605e-12      -8.193587656861e-12       0.000000000000e+00       1.472210002661e-15       5.489621416544e-16      -4.264795635769e-17 
 1422       1.255179891487e-10       2.158906147714e-12      -8.104485831553e-12       0.000000000000e+00       1.468097822789e-15       5.471313695580e-16      -4.186277417639e-17 
 1423       1.256117812110e-10       2.133553269515e-12      -8.013917920308e-12       0.000000000000e+00       1.463999567827e-15       5.452946458878e-16      -4.107770899286e-17 
 1424       1.256978391374e-10       2.108613544338e-12      -7.921916178705e-12       0.000000000000e+00       1.459915165501e-15       5.434546956631e-16      -4.029285815829e-17 
 1425       1.257761223062e-10       2.084092024355e-12      -7.828518496446e-12       0.000000000000e+00       1.455844570163e-15       5.416122530145e-16      -3.950829733556e-17 
 1426       1.258466135567e-10       2.059992356834e-12      -7.733764357560e-12       0.000000000000e+00       1.451787742354e-15       5.397675539143e-16      -3.872409702199e-17 
 1427       1.259092957687e-10       2.036318201205e-12      -7.637693489032e-12       0.000000000000e+00       1.447744641974e-15       5.379208356256e-16      -3.794032807802e-17 
 1428       1.259641518629e-10       2.013073229077e-12      -7.540345861237e-12       0.000000000000e+00       1.443715228276e-15       5.360723367047e-16      -3.715706172779e-17 
 1429       1.260111648010e-10       1.990261124255e-12      -7.441761688377e-12       0.000000000000e+00       1.439699459864e-15       5.342222970035e-16      -3.637436955984e-17 
 1430       1.260503175857e-10       1.967885582755e-12      -7.341981428923e-12       0.000000000000e+00       1.435697294698e-15       5.323709576717e-16      -3.559232352760e-17 
 1431       1.260815932611e-10       1.945950312821e-12      -7.241045786047e-12       0.000000000000e+00       1.431708690085e-15       5.305185611586e-16      -3.481099595011e-17 
 1432       1.261049749125e-10       1.924459034940e-12      -7.138995708059e-12       0.000000000000e+00       1.427733602681e-15       5.286653512160e-16      -3.403045951254e-17 
 1433       1.261204456669e-10       1.903415481861e-12      -7.035872388849e-12       0.000000000000e+00       1.423771988489e-15       5.268115728999e-16      -3.325078726687e-17 
 1434       1.261279886931e-10       1.882823398607e-12      -6.931717268320e-12       0.000000000000e+00       1.419823802860e-15       5.249574725727e-16      -3.247205263244e-17 
 1435       1.261275872015e-10       1.862686542496e-12      -6.826572032827e-12       0.000000000000e+00       1.415889000487e-15       5.231032979059e-16      -3.169432939660e-17 
 1436       1.261192244448e-10       1.843008683153e-12      -6.720478615611e-12       0.000000000000e+00       1.411967535406e-15       5.212492978817e-16      -3.091769171531e-17 
 1437       1.261028837177e-10       1.823793602528e-12      -6.613479197243e-12       0.000000000000e+00       1.408059360996e-15       5.193957227958e-16      -3.014221411374e-17 
 1438       1.260785483573e-10       1.805045094913e-12      -6.505616206053e-12       0.000000000000e+00       1.404164429976e-15       5.175428242592e-16      -2.936797148687e-17 
 1439       1.260462017430e-10       1.786766966957e-12      -6.396932318573e-12       0.000000000000e+00       1.400282694403e-15       5.156908552005e-16      -2.859503910014e-17 
 1440       1.260058272969e-10       1.768963037681e-12      -6.287470459971e-12       0.000000000000e+00       1.396414105670e-15       5.138400698683e-16      -2.782349259000e-17 
 1441       1.259574084840e-10       1.751637138497e-12      -6.177273804491e-12       0.000000000000e+00       1.392558614508e-15       5.119907238333e-16      -2.705340796457e-17 
 1442       1.259009288121e-10       1.734793113224e-12      -6.066385775888e-12       0.000000000000e+00       1.388716170981e-15       5.101430739903e-16      -2.628486160423e-17 
 1443       1.258363718319e-10       1.718434818101e-12      -5.954850047863e-12       0.000000000000e+00       1.384886724487e-15       5.082973785609e-16      -2.551793026224e-17 
 1444       1.257637211377e-10       1.702566121806e-12      -5.842710544507e-12       0.000000000000e+00       1.381070223754e-15       5.064538970953e-16      -2.475269106530e-17 
 1445       1.256829603667e-10       1.687190905471e-12      -5.730011440732e-12       0.000000000000e+00       1.377266616840e-15       5.046128904746e-16      -2.398922151423e-17 
 1446       1.255940732000e-10       1.672313062700e-12      -5.616797162709e-12       0.000000000000e+00       1.373475851134e-15       5.027746209133e-16      -2.322759948455e-17 
 1447       1.254970433623e-10       1.657936499583e-12      -5.503112388309e-12       0.000000000000e+00       1.369697873350e-15       5.009393519610e-16      -2.246790322705e-17 
 1448       1.253918546219e-10       1.644065134711e-12      -5.389002047534e-12       0.000000000000e+00       1.365932629527e-15       4.991073485052e-16      -2.171021136848e-17 
 1449       1.252784907912e-10       1.630702899198e-12      -5.274511322961e-12       0.000000000000e+00       1.362180065032e-15       4.972788767731e-16      -2.095460291208e-17 
 1450       1.251569357268e-10       1.617853736691e-12      -5.159685650173e-12       0.000000000000e+00       1.358440124550e-15       4.954542043340e-16      -2.020115723823e-17 
 1451       1.250271733294e-10       1.605521603388e-12      -5.044570718202e-12       0.000000000000e+00       1.354712752092e-15       4.936336001013e-16      -1.944995410506e-17 
 1452       1.248891875443e-10       1.593710468058e-12      -4.929212469961e-12       0.000000000000e+00       1.350997890985e-15       4.918173343350e-16      -1.870107364905e-17 
 1453       1.247429623612e-10       1.582424312049e-12      -4.813657102682e-12       0.000000000000e+00       1.347295483877e-15       4.900056786439e-16      -1.795459638563e-17 
 1454       1.245884818146e-10       1.571667129315e-12      -4.697951068358e-12       0.000000000000e+00       1.343605472734e-15       4.881989059877e-16      -1.721060320981e-17 
 1455       1.244257299840e-10       1.561442926421e-12      -4.582141074174e-12       0.000000000000e+00       1.339927798834e-15       4.863972906790e-16      -1.646917539677e-17 
 1456       1.242546909935e-10       1.551755722567e-12      -4.466274082948e-12       0.000000000000e+00       1.336262402773e-15       4.846011083860e-16      -1.573039460249e-17 
 1457       1.240753490129e-10       1.542609549603e-12      -4.350397313565e-12       0.000000000000e+00       1.332609224457e-15       4.828106361344e-16      -1.499434286432e-17 
 1458       1.238876882569e-10       1.534008452042e-12      -4.234558241418e-12       0.000000000000e+00       1.328968203107e-15       4.810261523097e-16      -1.426110260165e-17 
 1459       1.236916929859e-10       1.525956487078e-12      -4.118804598844e-12       0.000000000000e+00       1.325339277249e-15       4.792479366593e-16      -1.353075661647e-17 
 1460       1.234873475058e-10       1.518457724603e-12      -4.003184375557e-12       0.000000000000e+00       1.321722384721e-15       4.774762702950e-16      -1.280338809397e-17 
 1461       1.232746361684e-10       1.511516247222e-12      -3.887745819091e-12       0.000000000000e+00       1.318117462668e-15       4.757114356949e-16      -1.207908060322e-17 
 1462       1.230535433713e-10       1.505136150272e-12      -3.772537435236e-12       0.000000000000e+00       1.314524447539e-15       4.739537167058e-16      -1.135791809768e-17 
 1463       1.228240711142e-10       1.499320190709e-12      -3.657605059347e-12       0.000000000000e+00       1.310943280471e-15       4.722030954534e-16      -1.063997610503e-17 
 1464       1.225862918589e-10       1.494065718986e-12      -3.542983037385e-12       0.000000000000e+00       1.307373923489e-15       4.704583397531e-16      -9.925295198719e-18 
 1465       1.223402961977e-10       1.489368706541e-12      -3.428702957584e-12       0.000000000000e+00       1.303816343466e-15       4.687179065806e-16      -9.213907262381e-18 
 1466       1.220861753473e-10       1.485225093170e-12      -3.314796571849e-12       0.000000000000e+00       1.300270506750e-15       4.669802443209e-16      -8.505844276763e-18 
 1467       1.218240211489e-10       1.481630786970e-12      -3.201295796032e-12       0.000000000000e+00       1.296736379166e-15       4.652437927538e-16      -7.801138319833e-18 
 1468       1.215539260703e-10       1.478581664277e-12      -3.088232710199e-12       0.000000000000e+00       1.293213926012e-15       4.635069830392e-16      -7.099821566900e-18 
 1469       1.212759832063e-10       1.476073569610e-12      -2.975639558908e-12       0.000000000000e+00       1.289703112060e-15       4.617682377021e-16      -6.401926290728e-18 
 1470       1.209902862803e-10       1.474102315605e-12      -2.863548751480e-12       0.000000000000e+00       1.286203901557e-15       4.600259706180e-16      -5.707484861649e-18 
 1471       1.206969296452e-10       1.472663682963e-12      -2.751992862271e-12       0.000000000000e+00       1.282716258217e-15       4.582785869982e-16      -5.016529747684e-18 
 1472       1.203960082846e-10       1.471753420385e-12      -2.641004630950e-12       0.000000000000e+00       1.279240145228e-15       4.565244833747e-16      -4.329093514653e-18 
 1473       1.200876178139e-10       1.471367244516e-12      -2.530616962765e-12       0.000000000000e+00       1.275775525244e-15       4.547620475859e-16      -3.645208826293e-18 
 1474       1.197718544817e-10       1.471500839883e-12      -2.420862928821e-12       0.000000000000e+00       1.272322360389e-15       4.529896587615e-16      -2.964908444374e-18 
 1475       1.194488151703e-10       1.472149858837e-12      -2.311775766351e-12       0.000000000000e+00       1.268880612252e-15       4.512056873079e-16      -2.288225228813e-18 
 1476       1.191185973976e-10       1.473309921494e-12      -2.203388878991e-12       0.000000000000e+00       1.265450241889e-15       4.494084948932e-16      -1.615192137790e-18 
 1477       1.187812993176e-10       1.474976615671e-12      -2.095735837050e-12       0.000000000000e+00       1.262031209819e-15       4.475964344328e-16      -9.458422278637e-19 
 1478       1.184370197221e-10       1.477145496835e-12      -1.988850377786e-12       0.000000000000e+00       1.258623476026e-15       4.457678500745e-16      -2.802086540870e-19 
 1479       1.180858580412e-10       1.479812088034e-12      -1.882766405678e-12       0.000000000000e+00       1.255226999955e-15       4.439210771834e-16       3.816753298782e-19 
 1480       1.177279143451e-10       1.482971879845e-12      -1.777517992696e-12       0.000000000000e+00       1.251841740512e-15       4.420544423278e-16       1.039776371645e-18 
 1481       1.173632893446e-10       1.486620330310e-12      -1.673139378581e-12       0.000000000000e+00       1.248467656063e-15       4.401662632637e-16       1.694061019986e-18 
 1482       1.169920843928e-10       1.490752864878e-12      -1.569664971112e-12       0.000000000000e+00       1.245104704434e-15       4.382548489206e-16       2.344495724718e-18 
 1483       1.166144014858e-10       1.495364876346e-12      -1.467129346380e-12       0.000000000000e+00       1.241752842907e-15       4.363184993866e-16       2.991046836588e-18 
 1484       1.162303432641e-10       1.500451724800e-12      -1.365567249064e-12       0.000000000000e+00       1.238412028221e-15       4.343555058933e-16       3.633680607153e-18 
 1485       1.158400130136e-10       1.506008737551e-12      -1.265013592701e-12       0.000000000000e+00       1.235082216571e-15       4.323641508016e-16       4.272363188671e-18 
 1486       1.154435146668e-10       1.512031209083e-12      -1.165503459960e-12       0.000000000000e+00       1.231763363606e-15       4.303427075864e-16       4.907060633982e-18 
 1487       1.150409528039e-10       1.518514400987e-12      -1.067072102917e-12       0.000000000000e+00       1.228455424428e-15       4.282894408222e-16       5.537738896392e-18 
 1488       1.146324326540e-10       1.525453541905e-12      -9.697549433229e-13       0.000000000000e+00       1.225158353590e-15       4.262026061683e-16       6.164363829557e-18 
 1489       1.142180600959e-10       1.532843827468e-12      -8.735875728836e-13       0.000000000000e+00       1.221872105097e-15       4.240804503536e-16       6.786901187374e-18 
 1490       1.137979416600e-10       1.540680420239e-12      -7.786057535270e-13       0.000000000000e+00       1.218596632403e-15       4.219212111626e-16       7.405316623855e-18 
 1491       1.133721845285e-10       1.548958449654e-12      -6.848454176793e-13       0.000000000000e+00       1.215331888413e-15       4.197231174200e-16       8.019575693020e-18 
 1492       1.129408965373e-10       1.557673011957e-12      -5.923426685369e-13       0.000000000000e+00       1.212077825475e-15       4.174843889761e-16       8.629643848779e-18 
 1493       1.125041861765e-10       1.566819170147e-12      -5.011337803398e-13       0.000000000000e+00       1.208834395387e-15       4.152032366923e-16       9.235486444815e-18 
 1494       1.120621625922e-10       1.576391953917e-12      -4.112551986447e-13       0.000000000000e+00       1.205601549391e-15       4.128778624260e-16       9.837068734471e-18 
 1495       1.116149355869e-10       1.586386359590e-12      -3.227435405977e-13       0.000000000000e+00       1.202379238173e-15       4.105064590160e-16       1.043435587063e-17 
 1496       1.111626156214e-10       1.596797350066e-12      -2.356355952077e-13       0.000000000000e+00       1.199167411861e-15       4.080872102676e-16       1.102731290561e-17 
 1497       1.107053138152e-10       1.607619854757e-12      -1.499683236195e-13       0.000000000000e+00       1.195966020027e-15       4.056182909380e-16       1.161590479104e-17 
 1498       1.102431419483e-10       1.618848769532e-12      -6.577885938639e-14       0.000000000000e+00       1.192775011682e-15       4.030978667216e-16       1.220009637773e-17 
 1499       1.097762124617e-10       1.630478956653e-12       1.689549125638e-14       0.000000000000e+00       1.189594335276e-15       4.005240942350e-16       1.277985241559e-17 
 1500       1.093046384592e-10       1.642505244721e-12       9.801724911865e-14       0.000000000000e+00       1.186423938698e-15       3.978951210023e-16       1.335513755350e-17 
 1501       1.088285337078e-10       1.654922428610e-12       1.775487617824e-13       0.000000000000e+00       1.183263769276e-15       3.952090854404e-16       1.392591633917e-17 
 1502       1.083480156429e-10       1.667724725783e-12       2.554572854047e-13       0.000000000000e+00       1.180113778168e-15       3.924648885457e-16       1.449215533986e-17 
 1503       1.078632144105e-10       1.680904139548e-12       3.317302848105e-13       0.000000000000e+00       1.176973933600e-15       3.896645172041e-16       1.505382952727e-17 
 1504       1.073742639153e-10       1.694452079745e-12       4.063602818508e-13       0.000000000000e+00       1.173844207759e-15       3.868107434763e-16       1.561091595458e-17 
 1505       1.068812988260e-10       1.708359904836e-12       4.793397868450e-13       0.000000000000e+00       1.170724572402e-15       3.839063549758e-16       1.616339164128e-17 
 1506       1.063844545771e-10       1.722618921822e-12       5.506612985773e-13       0.000000000000e+00       1.167614998863e-15       3.809541548949e-16       1.671123357319e-17 
 1507       1.058838673700e-10       1.737220386150e-12       6.203173042939e-13       0.000000000000e+00       1.164515458044e-15       3.779569620313e-16       1.725441870246e-17 
 1508       1.053796741742e-10       1.752155501627e-12       6.883002797006e-13       0.000000000000e+00       1.161425920420e-15       3.749176108142e-16       1.779292394752e-17 
 1509       1.048720127288e-10       1.767415420334e-12       7.546026889591e-13       0.000000000000e+00       1.158346356035e-15       3.718389513304e-16       1.832672619315e-17 
 1510       1.043610215436e-10       1.782991242531e-12       8.192169846848e-13       0.000000000000e+00       1.155276734502e-15       3.687238493508e-16       1.885580229041e-17 
 1511       1.038468399006e-10       1.798874016573e-12       8.821356079436e-13       0.000000000000e+00       1.152217025003e-15       3.655751863566e-16       1.938012905667e-17 
 1512       1.033296078551e-10       1.815054738825e-12       9.433509882487e-13       0.000000000000e+00       1.149167196286e-15       3.623958595653e-16       1.989968327562e-17 
 1513       1.028094662370e-10       1.831524353564e-12       1.002855543558e-12       0.000000000000e+00       1.146127216667e-15       3.591887819574e-16       2.041444169724e-17 
 1514       1.022865566524e-10       1.848273752900e-12       1.060641680273e-12       0.000000000000e+00       1.143097054025e-15       3.559568823025e-16       2.092438103779e-17 
 1515       1.017610214843e-10       1.865293776683e-12       1.116701793230e-12       0.000000000000e+00       1.140076675807e-15       3.527031051851e-16       2.142947797985e-17 
 1516       1.012330038946e-10       1.882575212414e-12       1.171028265705e-12       0.000000000000e+00       1.137066049019e-15       3.494304110316e-16       2.192970917229e-17 
 1517       1.007026478247e-10       1.900108795161e-12       1.223613469405e-12       0.000000000000e+00       1.134065140235e-15       3.461417761362e-16       2.242505123025e-17 
 1518       1.001700979976e-10       1.917885207463e-12       1.274449764469e-12       0.000000000000e+00       1.131073915586e-15       3.428401926868e-16       2.291548073518e-17 
 1519       9.963549991825e-11       1.935895079252e-12       1.323529499462e-12       0.000000000000e+00       1.128092340768e-15       3.395286687921e-16       2.340097423480e-17 
 1520       9.909899987561e-11       1.954128987753e-12       1.370845011372e-12       0.000000000000e+00       1.125120381034e-15       3.362102285069e-16       2.388150824311e-17 
 1521       9.856074494358e-11       1.972577457406e-12       1.416388625612e-12       0.000000000000e+00       1.122158001198e-15       3.328879118592e-16       2.435705924039e-17 
 1522       9.802088298236e-11       1.991230959770e-12       1.460152656010e-12       0.000000000000e+00       1.119205165630e-15       3.295647748759e-16       2.482760367321e-17 
 1523       9.747956263978e-11       2.010079913439e-12       1.502129404810e-12       0.000000000000e+00       1.116261838261e-15       3.262438896093e-16       2.529311795439e-17 
 1524       9.693693335257e-11       2.029114683951e-12       1.542311162672e-12       0.000000000000e+00       1.113327982576e-15       3.229283441632e-16       2.575357846304e-17 
 1525       9.639314534761e-11       2.048325583703e-12       1.580690208662e-12       0.000000000000e+00       1.110403561614e-15       3.196212427193e-16       2.620896154452e-17 
 1526       9.584834964333e-11       2.067702871859e-12       1.617258810254e-12       0.000000000000e+00       1.107488537973e-15       3.163257055636e-16       2.665924351048e-17 
 1527       9.530269805089e-11       2.087236754261e-12       1.652009223328e-12       0.000000000000e+00       1.104582873801e-15       3.130448691121e-16       2.710440063880e-17 
 1528       9.475634317554e-11       2.106917383346e-12       1.684933692161e-12       0.000000000000e+00       1.101686530800e-15       3.097818859378e-16       2.754440917365e-17 
 1529       9.420943841790e-11       2.126734858053e-12       1.716024449432e-12       0.000000000000e+00       1.098799470224e-15       3.065399247962e-16       2.797924532543e-17 
 1530       9.366213797525e-11       2.146679223734e-12       1.745273716214e-12       0.000000000000e+00       1.095921652879e-15       3.033221706524e-16       2.840888527081e-17 
 1531       9.311459684281e-11       2.166740472069e-12       1.772673701971e-12       0.000000000000e+00       1.093053039119e-15       3.001318247064e-16       2.883330515271e-17 
 1532       9.256697081508e-11       2.186908540976e-12       1.798216604558e-12       0.000000000000e+00       1.090193588850e-15       2.969721044202e-16       2.925248108031e-17 
 1533       9.201941648706e-11       2.207173314522e-12       1.821894610216e-12       0.000000000000e+00       1.087343261524e-15       2.938462435435e-16       2.966638912900e-17 
 1534       9.147209125562e-11       2.227524622836e-12       1.843699893569e-12       0.000000000000e+00       1.084502016141e-15       2.907574921404e-16       3.007500534044e-17 
 1535       9.092515332073e-11       2.247952242018e-12       1.863624617623e-12       0.000000000000e+00       1.081669811248e-15       2.877091166151e-16       3.047830572254e-17 
 1536       9.037876168680e-11       2.268445894054e-12       1.881660933761e-12       0.000000000000e+00       1.078846604938e-15       2.847043997389e-16       3.087626624943e-17 
 1537       8.983307616395e-11       2.288995246724e-12       1.897800981741e-12       0.000000000000e+00       1.076032354848e-15       2.817466406755e-16       3.126886286146e-17 
 1538       8.928825736930e-11       2.309589913519e-12       1.912036889692e-12       0.000000000000e+00       1.073227018159e-15       2.788391550082e-16       3.165607146526e-17 
 1539       8.874446672829e-11       2.330219453545e-12       1.924360774114e-12       0.000000000000e+00       1.070430551595e-15       2.759852747657e-16       3.203786793364e-17 
 1540       8.820186647595e-11       2.350873371441e-12       1.934764739872e-12       0.000000000000e+00       1.067642911422e-15       2.731883484482e-16       3.241422810566e-17 
 1541       8.766060885756e-11       2.371541580770e-12       1.943245053058e-12       0.000000000000e+00       1.064864057013e-15       2.704508067748e-16       3.278513163104e-17 
 1542       8.712080361590e-11       2.392215799192e-12       1.949814702906e-12       0.000000000000e+00       1.062093961582e-15       2.677713501706e-16       3.315057354336e-17 
 1543       8.658255019795e-11       2.412888166358e-12       1.954490959111e-12       0.000000000000e+00       1.059332601549e-15       2.651477346346e-16       3.351055279671e-17 
 1544       8.604594852828e-11       2.433550781565e-12       1.957291210000e-12       0.000000000000e+00       1.056579952985e-15       2.625777035748e-16       3.386506843142e-17 
 1545       8.551109900980e-11       2.454195703693e-12       1.958232962733e-12       0.000000000000e+00       1.053835991609e-15       2.600589877875e-16       3.421411957424e-17 
 1546       8.497810252448e-11       2.474814951138e-12       1.957333843517e-12       0.000000000000e+00       1.051100692789e-15       2.575893054361e-16       3.455770543855e-17 
 1547       8.444706043412e-11       2.495400501749e-12       1.954611597808e-12       0.000000000000e+00       1.048374031540e-15       2.551663620309e-16       3.489582532453e-17 
 1548       8.391807458111e-11       2.515944292759e-12       1.950084090523e-12       0.000000000000e+00       1.045655982525e-15       2.527878504072e-16       3.522847861938e-17 
 1549       8.339124728914e-11       2.536438220726e-12       1.943769306248e-12       0.000000000000e+00       1.042946520051e-15       2.504514507051e-16       3.555566479746e-17 
 1550       8.286668136398e-11       2.556874141462e-12       1.935685349441e-12       0.000000000000e+00       1.040245618073e-15       2.481548303482e-16       3.587738342055e-17 
 1551       8.234448009424e-11       2.577243869973e-12       1.925850444647e-12       0.000000000000e+00       1.037553250190e-15       2.458956440230e-16       3.619363413800e-17 
 1552       8.182474725205e-11       2.597539180388e-12       1.914282936700e-12       0.000000000000e+00       1.034869389644e-15       2.436715336576e-16       3.650441668690e-17 
 1553       8.130758709391e-11       2.617751805902e-12       1.901001290931e-12       0.000000000000e+00       1.032194009321e-15       2.414801284010e-16       3.680973089233e-17 
 1554       8.079310436133e-11       2.637873438704e-12       1.886024093382e-12       0.000000000000e+00       1.029527081750e-15       2.393190446022e-16       3.710957666752e-17 
 1555       8.028140428168e-11       2.657895729916e-12       1.869370051005e-12       0.000000000000e+00       1.026868579100e-15       2.371858857891e-16       3.740395401402e-17 
 1556       7.977259256886e-11       2.677810289526e-12       1.851057991879e-12       0.000000000000e+00       1.024218473184e-15       2.350782426478e-16       3.769286302192e-17 
 1557       7.926677542407e-11       2.697608686323e-12       1.831106865408e-12       0.000000000000e+00       1.021576735454e-15       2.329936930014e-16       3.797630387006e-17 
 1558       7.876405953660e-11       2.717282447835e-12       1.809535742537e-12       0.000000000000e+00       1.018943337000e-15       2.309298017895e-16       3.825427682617e-17 
 1559       7.826455208452e-11       2.736823060260e-12       1.786363815958e-12       0.000000000000e+00       1.016318248554e-15       2.288841210466e-16       3.852678224708e-17 
 1560       7.776836073545e-11       2.756221968402e-12       1.761610400313e-12       0.000000000000e+00       1.013701440485e-15       2.268541898821e-16       3.879382057896e-17 
 1561       7.727559364732e-11       2.775470575609e-12       1.735294932407e-12       0.000000000000e+00       1.011092882798e-15       2.248375344584e-16       3.905539235743e-17 
 1562       7.678635946911e-11       2.794560243704e-12       1.707436971416e-12       0.000000000000e+00       1.008492545138e-15       2.228316679706e-16       3.931149820781e-17 
 1563       7.630076734158e-11       2.813482292922e-12       1.678056199091e-12       0.000000000000e+00       1.005900396783e-15       2.208340906256e-16       3.956213884529e-17 
 1564       7.581892689806e-11       2.832228001844e-12       1.647172419967e-12       0.000000000000e+00       1.003316406649e-15       2.188422896206e-16       3.980731507513e-17 
 1565       7.534094826515e-11       2.850788607335e-12       1.614805561575e-12       0.000000000000e+00       1.000740543284e-15       2.168537391229e-16       4.004702779284e-17 
 1566       7.486694206350e-11       2.869155304475e-12       1.580975674643e-12       0.000000000000e+00       9.981727748715e-16       2.148659002485e-16       4.028127798437e-17 
 1567       7.439701940855e-11       2.887319246496e-12       1.545702933310e-12       0.000000000000e+00       9.956130692286e-16       2.128762210412e-16       4.051006672634e-17 
 1568       7.393129191128e-11       2.905271544716e-12       1.509007635330e-12       0.000000000000e+00       9.930613938043e-16       2.108821364521e-16       4.073339518617e-17 
 1569       7.346987167895e-11       2.923003268476e-12       1.470910202281e-12       0.000000000000e+00       9.905177156791e-16       2.088810683180e-16       4.095126462231e-17 
 1570       7.301287131584e-11       2.940505445073e-12       1.431431179773e-12       0.000000000000e+00       9.879820015652e-16       2.068704253411e-16       4.116367638443e-17 
 1571       7.256040392405e-11       2.957769059696e-12       1.390591237655e-12       0.000000000000e+00       9.854542178045e-16       2.048476030677e-16       4.137063191359e-17 
 1572       7.211258310417e-11       2.974785055360e-12       1.348411170224e-12       0.000000000000e+00       9.829343303691e-16       2.028099838673e-16       4.157213274247e-17 
 1573       7.166952295608e-11       2.991544332844e-12       1.304911896433e-12       0.000000000000e+00       9.804223048597e-16       2.007549369121e-16       4.176818049552e-17 
 1574       7.123133807971e-11       3.008037750620e-12       1.260114460098e-12       0.000000000000e+00       9.779181065051e-16       1.986798181552e-16       4.195877688917e-17 
 1575       7.079814357572e-11       3.024256124795e-12       1.214040030103e-12       0.000000000000e+00       9.754217001619e-16       1.965819703107e-16       4.214392373204e-17 
 1576       7.037005504633e-11       3.040190229042e-12       1.166709900615e-12       0.000000000000e+00       9.729330503131e-16       1.944587228321e-16       4.232362292508e-17 
 1577       6.994718859601e-11       3.055830794534e-12       1.118145491284e-12       0.000000000000e+00       9.704521210680e-16       1.923073918915e-16       4.249787646181e-17 
 1578       6.952966083226e-11       3.071168509883e-12       1.068368347458e-12       0.000000000000e+00       9.679788761610e-16       1.901252803589e-16       4.266668642851e-17 
 1579       6.911758886633e-11       3.086194021071e-12       1.017400140384e-12       0.000000000000e+00       9.655132789513e-16       1.879096777809e-16       4.283005500437e-17 
 1580       6.871107371741e-11       3.100899018997e-12       9.652638250610e-13       0.000000000000e+00       9.630552953436e-16       1.856585976300e-16       4.298798732604e-17 
 1581       6.831015035549e-11       3.115279513249e-12       9.119871250916e-13       0.000000000000e+00       9.606049025837e-16       1.833729965584e-16       4.314050010975e-17 
 1582       6.791483719741e-11       3.129332588515e-12       8.575990805077e-13       0.000000000000e+00       9.581620805429e-16       1.810545756496e-16       4.328761310941e-17 
 1583       6.752515266147e-11       3.143055319707e-12       8.021288933212e-13       0.000000000000e+00       9.557268088034e-16       1.787050450281e-16       4.342934625983e-17 
 1584       6.714111516738e-11       3.156444771950e-12       7.456059277880e-13       0.000000000000e+00       9.532990666573e-16       1.763261238735e-16       4.356571967703e-17 
 1585       6.676274313616e-11       3.169498000571e-12       6.880597106707e-13       0.000000000000e+00       9.508788331064e-16       1.739195404350e-16       4.369675365866e-17 
 1586       6.639005499016e-11       3.182212051084e-12       6.295199315027e-13       0.000000000000e+00       9.484660868614e-16       1.714870320464e-16       4.382246868421e-17 
 1587       6.602306915293e-11       3.194583959179e-12       5.700164428510e-13       0.000000000000e+00       9.460608063412e-16       1.690303451399e-16       4.394288541545e-17 
 1588       6.566180404927e-11       3.206610750707e-12       5.095792605803e-13       0.000000000000e+00       9.436629696726e-16       1.665512352612e-16       4.405802469666e-17 
 1589       6.530627810510e-11       3.218289441671e-12       4.482385641158e-13       0.000000000000e+00       9.412725546897e-16       1.640514670835e-16       4.416790755503e-17 
 1590       6.495650974742e-11       3.229617038209e-12       3.860246967071e-13       0.000000000000e+00       9.388895389330e-16       1.615328144224e-16       4.427255520098e-17 
 1591       6.461251740432e-11       3.240590536584e-12       3.229681656915e-13       0.000000000000e+00       9.365138996493e-16       1.589970602501e-16       4.437198902844e-17 
 1592       6.427431950486e-11       3.251206923170e-12       2.590996427573e-13       0.000000000000e+00       9.341456137906e-16       1.564459967100e-16       4.446623061523e-17 
 1593       6.394193447907e-11       3.261463174440e-12       1.944499642073e-13       0.000000000000e+00       9.317846580139e-16       1.538814251314e-16       4.455530172338e-17 
 1594       6.361538075786e-11       3.271356256951e-12       1.290501312223e-13       0.000000000000e+00       9.294310086806e-16       1.513051560434e-16       4.463922429945e-17 
 1595       6.329467677301e-11       3.280883127337e-12       6.293131012470e-14       0.000000000000e+00       9.270846418556e-16       1.487190091901e-16       4.471802047483e-17 
 1596       6.297984095711e-11       3.290040732290e-12      -3.875167358590e-15       0.000000000000e+00       9.247455333072e-16       1.461248135448e-16       4.479171256615e-17 
 1597       6.267089174348e-11       3.298826008549e-12      -7.133780383219e-14       0.000000000000e+00       9.224136585060e-16       1.435244073242e-16       4.486032307551e-17 
 1598       6.236784756617e-11       3.307235882889e-12      -1.394249359691e-13       0.000000000000e+00       9.200889926249e-16       1.409196380034e-16       4.492387469089e-17 
 1599       6.207072685987e-11       3.315267272108e-12      -2.081047342471e-13       0.000000000000e+00       9.177715105379e-16       1.383123623300e-16       4.498239028643e-17 
 1600       6.177954805987e-11       3.322917083011e-12      -2.773452026854e-13       0.000000000000e+00       9.154611868200e-16       1.357044463389e-16       4.503589292278e-17 
 1601       6.149432960205e-11       3.330182212403e-12      -3.471141785814e-13       0.000000000000e+00       9.131579957465e-16       1.330977653665e-16       4.508440584743e-17 
 1602       6.121508992276e-11       3.337059547069e-12      -4.173793322468e-13       0.000000000000e+00       9.108619112921e-16       1.304942040653e-16       4.512795249502e-17 
 1603       6.094184745885e-11       3.343545963767e-12      -4.881081667446e-13       0.000000000000e+00       9.085729071310e-16       1.278956564187e-16       4.516655648769e-17 
 1604       6.067462064754e-11       3.349638329215e-12      -5.592680176253e-13       0.000000000000e+00       9.062909566355e-16       1.253040257550e-16       4.520024163541e-17 
 1605       6.041342792643e-11       3.355333500075e-12      -6.308260526640e-13       0.000000000000e+00       9.040160328761e-16       1.227212247620e-16       4.522903193628e-17 
 1606       6.015828773344e-11       3.360628322941e-12      -7.027492715962e-13       0.000000000000e+00       9.017481086206e-16       1.201491755018e-16       4.525295157690e-17 
 1607       5.990921850674e-11       3.365519634329e-12      -7.750045058550e-13       0.000000000000e+00       8.994871563335e-16       1.175898094252e-16       4.527202493267e-17 
 1608       5.966623868471e-11       3.370004260662e-12      -8.475584183076e-13       0.000000000000e+00       8.972331481755e-16       1.150450673857e-16       4.528627656813e-17 
 1609       5.942936670592e-11       3.374079018256e-12      -9.203775029915e-13       0.000000000000e+00       8.949860560031e-16       1.125168996548e-16       4.529573123727e-17 
 1610       5.919862100903e-11       3.377740713311e-12      -9.934280848513e-13       0.000000000000e+00       8.927458513676e-16       1.100072659358e-16       4.530041388390e-17 
 1611       5.897402003278e-11       3.380986141895e-12      -1.066676319475e-12       0.000000000000e+00       8.905125055148e-16       1.075181353787e-16       4.530034964195e-17 
 1612       5.875558221591e-11       3.383812089932e-12      -1.140088192832e-12       0.000000000000e+00       8.882859893846e-16       1.050514865945e-16       4.529556383578e-17 
 1613       5.854332599715e-11       3.386215333192e-12      -1.213629521007e-12       0.000000000000e+00       8.860662736098e-16       1.026093076698e-16       4.528608198057e-17 
 1614       5.833726981513e-11       3.388192637273e-12      -1.287265949939e-12       0.000000000000e+00       8.838533285164e-16       1.001935961812e-16       4.527192978258e-17 
 1615       5.813743210837e-11       3.389740757593e-12      -1.360962955156e-12       0.000000000000e+00       8.816471241221e-16       9.780635920986e-17       4.525313313952e-17 
 1616       5.794383131519e-11       3.390856439374e-12      -1.434685841514e-12       0.000000000000e+00       8.794476301365e-16       9.544961335602e-17       4.522971814089e-17 
 1617       5.775648587369e-11       3.391536417633e-12      -1.508399742929e-12       0.000000000000e+00       8.772548159599e-16       9.312538475337e-17       4.520171106825e-17 
 1618       5.757541422170e-11       3.391777417163e-12      -1.582069622122e-12       0.000000000000e+00       8.750686506832e-16       9.083570908367e-17       4.516913839562e-17 
 1619       5.740062209938e-11       3.391577203030e-12      -1.655662280910e-12       0.000000000000e+00       8.728891054944e-16       8.858225117381e-17       4.513202780979e-17 
 1620       5.723206433164e-11       3.390937742447e-12      -1.729152411526e-12       0.000000000000e+00       8.707161609232e-16       8.636515999876e-17       4.509041128080e-17 
 1621       5.706968270033e-11       3.389862071440e-12      -1.802516599458e-12       0.000000000000e+00       8.685497996610e-16       8.418420336111e-17       4.504432201987e-17 
 1622       5.691341860952e-11       3.388353246980e-12      -1.875731317678e-12       0.000000000000e+00       8.663900041586e-16       8.203914736647e-17       4.499379346229e-17 
 1623       5.676321308495e-11       3.386414347012e-12      -1.948772926472e-12       0.000000000000e+00       8.642367566260e-16       7.992975642058e-17       4.493885926776e-17 
 1624       5.661900677333e-11       3.384048470493e-12      -2.021617673266e-12       0.000000000000e+00       8.620900390320e-16       7.785579322638e-17       4.487955332077e-17 
 1625       5.648073994177e-11       3.381258737430e-12      -2.094241692455e-12       0.000000000000e+00       8.599498331033e-16       7.581701878113e-17       4.481590973101e-17 
 1626       5.634835247709e-11       3.378048288911e-12      -2.166621005234e-12       0.000000000000e+00       8.578161203247e-16       7.381319237347e-17       4.474796283372e-17 
 1627       5.622178388525e-11       3.374420287140e-12      -2.238731519422e-12       0.000000000000e+00       8.556888819381e-16       7.184407158049e-17       4.467574719006e-17 
 1628       5.610097329068e-11       3.370377915478e-12      -2.310549029296e-12       0.000000000000e+00       8.535680989420e-16       6.990941226486e-17       4.459929758750e-17 
 1629       5.598585943566e-11       3.365924378471e-12      -2.382049215412e-12       0.000000000000e+00       8.514537520915e-16       6.800896857191e-17       4.451864904020e-17 
 1630       5.587638067971e-11       3.361062901892e-12      -2.453207644445e-12       0.000000000000e+00       8.493458218975e-16       6.614249292669e-17       4.443383678935e-17 
 1631       5.577247499891e-11       3.355796732772e-12      -2.523999769004e-12       0.000000000000e+00       8.472442886263e-16       6.430973603107e-17       4.434489630360e-17 
 1632       5.567407998533e-11       3.350129139436e-12      -2.594400927472e-12       0.000000000000e+00       8.451491322990e-16       6.251044686085e-17       4.425186327939e-17 
 1633       5.558113284635e-11       3.344063411539e-12      -2.664386343828e-12       0.000000000000e+00       8.430603326912e-16       6.074437266282e-17       4.415477364135e-17 
 1634       5.549357040408e-11       3.337602860102e-12      -2.733931127477e-12       0.000000000000e+00       8.409778693326e-16       5.901125895184e-17       4.405366354268e-17 
 1635       5.541132909466e-11       3.330750817545e-12      -2.803010273082e-12       0.000000000000e+00       8.389017215063e-16       5.731084950799e-17       4.394856936549e-17 
 1636       5.533434496771e-11       3.323510637726e-12      -2.871598660385e-12       0.000000000000e+00       8.368318682484e-16       5.564288637356e-17       4.383952772122e-17 
 1637       5.526255368565e-11       3.315885695971e-12      -2.939671054044e-12       0.000000000000e+00       8.347682883477e-16       5.400710985022e-17       4.372657545100e-17 
 1638       5.519589052306e-11       3.307879389116e-12      -3.007202103456e-12       0.000000000000e+00       8.327109603450e-16       5.240325849607e-17       4.360974962599e-17 
 1639       5.513429036610e-11       3.299495135535e-12      -3.074166342587e-12       0.000000000000e+00       8.306598625329e-16       5.083106912274e-17       4.348908754782e-17 
 1640       5.507768771183e-11       3.290736375183e-12      -3.140538189802e-12       0.000000000000e+00       8.286149729549e-16       4.929027679247e-17       4.336462674893e-17 
 1641       5.502601666761e-11       3.281606569623e-12      -3.206291947691e-12       0.000000000000e+00       8.265762694054e-16       4.778061481520e-17       4.323640499293e-17 
 1642       5.497921095047e-11       3.272109202070e-12      -3.271401802899e-12       0.000000000000e+00       8.245437294290e-16       4.630181474566e-17       4.310446027502e-17 
 1643       5.493720388645e-11       3.262247777418e-12      -3.335841825957e-12       0.000000000000e+00       8.225173303201e-16       4.485360638045e-17       4.296883082231e-17 
 1644       5.489992841001e-11       3.252025822283e-12      -3.399585971104e-12       0.000000000000e+00       8.204970491222e-16       4.343571775514e-17       4.282955509425e-17 
 1645       5.486731706336e-11       3.241446885032e-12      -3.462608076123e-12       0.000000000000e+00       8.184828626279e-16       4.204787514134e-17       4.268667178298e-17 
 1646       5.483930199587e-11       3.230514535821e-12      -3.524881862164e-12       0.000000000000e+00       8.164747473778e-16       4.068980304383e-17       4.254021981369e-17 
 1647       5.481581496342e-11       3.219232366631e-12      -3.586380933575e-12       0.000000000000e+00       8.144726796608e-16       3.936122419757e-17       4.239023834504e-17 
 1648       5.479678732774e-11       3.207603991304e-12      -3.647078777731e-12       0.000000000000e+00       8.124766355129e-16       3.806185956487e-17       4.223676676948e-17 
 1649       5.478215005585e-11       3.195633045573e-12      -3.706948764862e-12       0.000000000000e+00       8.104865907172e-16       3.679142833243e-17       4.207984471367e-17 
 1650       5.477183371936e-11       3.183323187105e-12      -3.765964147881e-12       0.000000000000e+00       8.085025208032e-16       3.554964790843e-17       4.191951203884e-17 
 1651       5.476576849389e-11       3.170678095531e-12      -3.824098062211e-12       0.000000000000e+00       8.065244010464e-16       3.433623391965e-17       4.175580884117e-17 
 1652       5.476388415842e-11       3.157701472481e-12      -3.881323525619e-12       0.000000000000e+00       8.045522064679e-16       3.315090020850e-17       4.158877545214e-17 
 1653       5.476611009463e-11       3.144397041625e-12      -3.937613438038e-12       0.000000000000e+00       8.025859118338e-16       3.199335883019e-17       4.141845243896e-17 
 1654       5.477237528634e-11       3.130768548700e-12      -3.992940581400e-12       0.000000000000e+00       8.006254916550e-16       3.086332004972e-17       4.124488060489e-17 
 1655       5.478260831882e-11       3.116819761553e-12      -4.047277619463e-12       0.000000000000e+00       7.986709201862e-16       2.976049233905e-17       4.106810098964e-17 
 1656       5.479673737816e-11       3.102554470172e-12      -4.100597097640e-12       0.000000000000e+00       7.967221714261e-16       2.868458237414e-17       4.088815486975e-17 
 1657       5.481469025070e-11       3.087976486722e-12      -4.152871442826e-12       0.000000000000e+00       7.947792191163e-16       2.763529503206e-17       4.070508375895e-17 
 1658       5.483639163777e-11       3.073090085597e-12      -4.204076583630e-12       0.000000000000e+00       7.928420387397e-16       2.661233515482e-17       4.051892797188e-17 
 1659       5.486175507548e-11       3.057901327745e-12      -4.254202846339e-12       0.000000000000e+00       7.909106135341e-16       2.561541286367e-17       4.032972230041e-17 
 1660       5.489069094240e-11       3.042416748101e-12      -4.303244154759e-12       0.000000000000e+00       7.889849285306e-16       2.464423828591e-17       4.013750029992e-17 
 1661       5.492310913691e-11       3.026642916681e-12      -4.351194418529e-12       0.000000000000e+00       7.870649685595e-16       2.369851978957e-17       3.994229572280e-17 
 1662       5.495891907644e-11       3.010586438643e-12      -4.398047533103e-12       0.000000000000e+00       7.851507182501e-16       2.277796398050e-17       3.974414251877e-17 
 1663       5.499802969673e-11       2.994253954336e-12      -4.443797379741e-12       0.000000000000e+00       7.832421620302e-16       2.188227569964e-17       3.954307483522e-17 
 1664       5.504034945111e-11       2.977652139357e-12      -4.488437825493e-12       0.000000000000e+00       7.813392841258e-16       2.101115802010e-17       3.933912701746e-17 
 1665       5.508578630968e-11       2.960787704605e-12      -4.531962723186e-12       0.000000000000e+00       7.794420685606e-16       2.016431224438e-17       3.913233360911e-17 
 1666       5.513424775866e-11       2.943667396338e-12      -4.574365911410e-12       0.000000000000e+00       7.775504991555e-16       1.934143790149e-17       3.892272935236e-17 
 1667       5.518564079955e-11       2.926297996222e-12      -4.615641214507e-12       0.000000000000e+00       7.756645595289e-16       1.854223274416e-17       3.871034918831e-17 
 1668       5.523987194844e-11       2.908686321390e-12      -4.655782442554e-12       0.000000000000e+00       7.737842330953e-16       1.776639274598e-17       3.849522825727e-17 
 1669       5.529684723526e-11       2.890839224496e-12      -4.694783391353e-12       0.000000000000e+00       7.719095030658e-16       1.701361209854e-17       3.827740189906e-17 
 1670       5.535647220301e-11       2.872763593767e-12      -4.732637842412e-12       0.000000000000e+00       7.700403524471e-16       1.628358320866e-17       3.805690565336e-17 
 1671       5.541865190703e-11       2.854466353061e-12      -4.769339562940e-12       0.000000000000e+00       7.681767640415e-16       1.557599669549e-17       3.783377525999e-17 
 1672       5.548329091422e-11       2.835954461920e-12      -4.804882305824e-12       0.000000000000e+00       7.663187204465e-16       1.489054138771e-17       3.760804665924e-17 
 1673       5.555029330235e-11       2.817234915622e-12      -4.839259809624e-12       0.000000000000e+00       7.644662040540e-16       1.422690432069e-17       3.737975599218e-17 
 1674       5.561956265927e-11       2.798314745240e-12      -4.872465798553e-12       0.000000000000e+00       7.626191970506e-16       1.358477073363e-17       3.714893960097e-17 
 1675       5.569100208218e-11       2.779201017692e-12      -4.904493982467e-12       0.000000000000e+00       7.607776814166e-16       1.296382406677e-17       3.691563402916e-17 
 1676       5.576451417687e-11       2.759900835800e-12      -4.935338056851e-12       0.000000000000e+00       7.589416389259e-16       1.236374595853e-17       3.667987602204e-17 
 1677       5.584000105697e-11       2.740421338342e-12      -4.964991702805e-12       0.000000000000e+00       7.571110511457e-16       1.178421624265e-17       3.644170252691e-17 
 1678       5.591736434324e-11       2.720769700106e-12      -4.993448587031e-12       0.000000000000e+00       7.552858994358e-16       1.122491294540e-17       3.620115069342e-17 
 1679       5.599650516278e-11       2.700953131946e-12      -5.020702361818e-12       0.000000000000e+00       7.534661649487e-16       1.068551228273e-17       3.595825787389e-17 
 1680       5.607732414829e-11       2.680978880834e-12      -5.046746665030e-12       0.000000000000e+00       7.516518286286e-16       1.016568865740e-17       3.571306162359e-17 
 1681       5.615972143734e-11       2.660854229918e-12      -5.071575120094e-12       0.000000000000e+00       7.498428712116e-16       9.665114656196e-18       3.546559970108e-17 
 1682       5.624359667162e-11       2.640586498576e-12      -5.095181335981e-12       0.000000000000e+00       7.480392732251e-16       9.183461047072e-18       3.521591006850e-17 
 1683       5.632884899619e-11       2.620183042468e-12      -5.117558907201e-12       0.000000000000e+00       7.462410149872e-16       8.720396776309e-18       3.496403089193e-17 
 1684       5.641537705870e-11       2.599651253590e-12      -5.138701413780e-12       0.000000000000e+00       7.444480766066e-16       8.275588965686e-18       3.471000054165e-17 
 1685       5.650307900871e-11       2.578998560333e-12      -5.158602421253e-12       0.000000000000e+00       7.426604379822e-16       7.848702909646e-18       3.445385759247e-17 
 1686       5.659185249688e-11       2.558232427535e-12      -5.177255480650e-12       0.000000000000e+00       7.408780788026e-16       7.439402072458e-18       3.419564082405e-17 
 1687       5.668159467426e-11       2.537360356534e-12      -5.194654128479e-12       0.000000000000e+00       7.391009785456e-16       7.047348085384e-18       3.393538922123e-17 
 1688       5.677220219153e-11       2.516389885223e-12      -5.210791886716e-12       0.000000000000e+00       7.373291164783e-16       6.672200743841e-18       3.367314197429e-17 
 1689       5.686357119824e-11       2.495328588109e-12      -5.225662262790e-12       0.000000000000e+00       7.355624716562e-16       6.313618004569e-18       3.340893847933e-17 
 1690       5.695559734210e-11       2.474184076360e-12      -5.239258749568e-12       0.000000000000e+00       7.338010229230e-16       5.971255982792e-18       3.314281833852e-17 
 1691       5.704817576819e-11       2.452963997866e-12      -5.251574825347e-12       0.000000000000e+00       7.320447489103e-16       5.644768949387e-18       3.287482136046e-17 
 1692       5.714120111823e-11       2.431676037289e-12      -5.262603953832e-12       0.000000000000e+00       7.302936280372e-16       5.333809328045e-18       3.260498756048e-17 
 1693       5.723456752986e-11       2.410327916122e-12      -5.272339584130e-12       0.000000000000e+00       7.285476385097e-16       5.038027692437e-18       3.233335716092e-17 
 1694       5.732816863583e-11       2.388927392739e-12      -5.280775150733e-12       0.000000000000e+00       7.268067583208e-16       4.757072763379e-18       3.205997059149e-17 
 1695       5.742189756333e-11       2.367482262451e-12      -5.287904073506e-12       0.000000000000e+00       7.250709652495e-16       4.490591405997e-18       3.178486848958e-17 
 1696       5.751564693317e-11       2.346000357563e-12      -5.293719757672e-12       0.000000000000e+00       7.233402368608e-16       4.238228626891e-18       3.150809170054e-17 
 1697       5.760931572167e-11       2.324489241634e-12      -5.298218638495e-12       0.000000000000e+00       7.216145521739e-16       3.999638095652e-18       3.122968004921e-17 
 1698       5.770282991232e-11       2.302955289275e-12      -5.301409344071e-12       0.000000000000e+00       7.198938966827e-16       3.774513814315e-18       3.094966864235e-17 
 1699       5.779612202068e-11       2.281404598528e-12      -5.303303611511e-12       0.000000000000e+00       7.181782573777e-16       3.562558715309e-18       3.066809153494e-17 
 1700       5.788912424747e-11       2.259843295978e-12      -5.303913249529e-12       0.000000000000e+00       7.164676210811e-16       3.363474159492e-18       3.038498295637e-17 
 1701       5.798176847814e-11       2.238277536795e-12      -5.303250138551e-12       0.000000000000e+00       7.147619744465e-16       3.176959933756e-18       3.010037731071e-17 
 1702       5.807398628237e-11       2.216713504774e-12      -5.301326230837e-12       0.000000000000e+00       7.130613039586e-16       3.002714248631e-18       2.981430917693e-17 
 1703       5.816570891365e-11       2.195157412378e-12      -5.298153550585e-12       0.000000000000e+00       7.113655959327e-16       2.840433735884e-18       2.952681330919e-17 
 1704       5.825686730877e-11       2.173615500781e-12      -5.293744194049e-12       0.000000000000e+00       7.096748365147e-16       2.689813446125e-18       2.923792463712e-17 
 1705       5.834739208743e-11       2.152094039909e-12      -5.288110329652e-12       0.000000000000e+00       7.079890116806e-16       2.550546846409e-18       2.894767826604e-17 
 1706       5.843721355169e-11       2.130599328480e-12      -5.281264198100e-12       0.000000000000e+00       7.063081072361e-16       2.422325817840e-18       2.865610947724e-17 
 1707       5.852626168558e-11       2.109137694049e-12      -5.273218112493e-12       0.000000000000e+00       7.046321088166e-16       2.304840653173e-18       2.836325372827e-17 
 1708       5.861446615462e-11       2.087715493046e-12      -5.263984458439e-12       0.000000000000e+00       7.029610018865e-16       2.197780054417e-18       2.806914665315e-17 
 1709       5.870175630532e-11       2.066339110821e-12      -5.253575694168e-12       0.000000000000e+00       7.012947717393e-16       2.100831130437e-18       2.777382406266e-17 
 1710       5.878806116479e-11       2.045014961684e-12      -5.242004350645e-12       0.000000000000e+00       6.996334034968e-16       2.013679394561e-18       2.747732194462e-17 
 1711       5.887330944019e-11       2.023749488948e-12      -5.229283031686e-12       0.000000000000e+00       6.979768821092e-16       1.936008762177e-18       2.717967646411e-17 
 1712       5.895742951836e-11       2.002549164970e-12      -5.215424414063e-12       0.000000000000e+00       6.963251923548e-16       1.867501548343e-18       2.688092396376e-17 
 1713       5.904034946530e-11       1.981420491193e-12      -5.200441247629e-12       0.000000000000e+00       6.946783188392e-16       1.807838465382e-18       2.658110096401e-17 
 1714       5.912199702572e-11       1.960369998186e-12      -5.184346355422e-12       0.000000000000e+00       6.930362459955e-16       1.756698620493e-18       2.628024416336e-17 
 1715       5.920229962258e-11       1.939404245690e-12      -5.167152633782e-12       0.000000000000e+00       6.913989580838e-16       1.713759513348e-18       2.597839043865e-17 
 1716       5.928118435665e-11       1.918529822655e-12      -5.148873052463e-12       0.000000000000e+00       6.897664391910e-16       1.678697033698e-18       2.567557684529e-17 
 1717       5.935857800600e-11       1.897753347285e-12      -5.129520654749e-12       0.000000000000e+00       6.881386732301e-16       1.651185458976e-18       2.537184061757e-17 
 1718       5.943440702560e-11       1.877081467079e-12      -5.109108557564e-12       0.000000000000e+00       6.865156439404e-16       1.630897451896e-18       2.506721916888e-17 
 1719       5.950859754680e-11       1.856520858872e-12      -5.087649951587e-12       0.000000000000e+00       6.848973348869e-16       1.617504058064e-18       2.476175009197e-17 
 1720       5.958107537692e-11       1.836078228877e-12      -5.065158101367e-12       0.000000000000e+00       6.832837294600e-16       1.610674703573e-18       2.445547115927e-17 
 1721       5.965176599874e-11       1.815760312728e-12      -5.041646345430e-12       0.000000000000e+00       6.816748108753e-16       1.610077192609e-18       2.414842032306e-17 
 1722       5.972059457008e-11       1.795573875521e-12      -5.017128096401e-12       0.000000000000e+00       6.800705621732e-16       1.615377705057e-18       2.384063571583e-17 
 1723       5.978748592333e-11       1.775525711853e-12      -4.991616841111e-12       0.000000000000e+00       6.784709662185e-16       1.626240794099e-18       2.353215565045e-17 
 1724       5.985236456494e-11       1.755622645870e-12      -4.965126140712e-12       0.000000000000e+00       6.768760057004e-16       1.642329383819e-18       2.322301862050e-17 
 1725       5.991515467504e-11       1.735871531303e-12      -4.937669630790e-12       0.000000000000e+00       6.752856631318e-16       1.663304766809e-18       2.291326330051e-17 
 1726       5.997578010692e-11       1.716279251513e-12      -4.909261021480e-12       0.000000000000e+00       6.736999208492e-16       1.688826601765e-18       2.260292854622e-17 
 1727       6.003416438659e-11       1.696852719530e-12      -4.879914097579e-12       0.000000000000e+00       6.721187610125e-16       1.718552911098e-18       2.229205339481e-17 
 1728       6.009023071231e-11       1.677598878098e-12      -4.849642718656e-12       0.000000000000e+00       6.705421656043e-16       1.752140078531e-18       2.198067706523e-17 
 1729       6.014390195412e-11       1.658524699716e-12      -4.818460819169e-12       0.000000000000e+00       6.689701164301e-16       1.789242846706e-18       2.166883895842e-17 
 1730       6.019510065343e-11       1.639637186677e-12      -4.786382408577e-12       0.000000000000e+00       6.674025951175e-16       1.829514314783e-18       2.135657865755e-17 
 1731       6.024374902248e-11       1.620943371114e-12      -4.753421571453e-12       0.000000000000e+00       6.658395831163e-16       1.872605936047e-18       2.104393592833e-17 
 1732       6.028976894394e-11       1.602450315036e-12      -4.719592467597e-12       0.000000000000e+00       6.642810616978e-16       1.918167515509e-18       2.073095071926e-17 
 1733       6.033308197042e-11       1.584165110378e-12      -4.684909332151e-12       0.000000000000e+00       6.627270119547e-16       1.965847207509e-18       2.041766316185e-17 
 1734       6.037360932401e-11       1.566094879034e-12      -4.649386475712e-12       0.000000000000e+00       6.611774148011e-16       2.015291513319e-18       2.010411357094e-17 
 1735       6.041127189585e-11       1.548246772907e-12      -4.613038284441e-12       0.000000000000e+00       6.596322509713e-16       2.066145278747e-18       1.979034244493e-17 
 1736       6.044600135479e-11       1.530627173342e-12      -4.575880158762e-12       0.000000000000e+00       6.580915024270e-16       2.118146340514e-18       1.947638774174e-17 
 1737       6.047777357697e-11       1.513239281991e-12      -4.537931337855e-12       0.000000000000e+00       6.565551565885e-16       2.171410342524e-18       1.916227668102e-17 
 1738       6.050657549710e-11       1.496085509731e-12      -4.499212099189e-12       0.000000000000e+00       6.550232021378e-16       2.226148315431e-18       1.884803387341e-17 
 1739       6.053239402485e-11       1.479168275429e-12      -4.459742822262e-12       0.000000000000e+00       6.534956276156e-16       2.282572247123e-18       1.853368403863e-17 
 1740       6.055521604485e-11       1.462490005951e-12      -4.419543988744e-12       0.000000000000e+00       6.519724214209e-16       2.340895084097e-18       1.821925200573e-17 
 1741       6.057502841666e-11       1.446053136177e-12      -4.378636182632e-12       0.000000000000e+00       6.504535718105e-16       2.401330732825e-18       1.790476271319e-17 
 1742       6.059181797473e-11       1.429860109005e-12      -4.337040090397e-12       0.000000000000e+00       6.489390668989e-16       2.464094061127e-18       1.759024120907e-17 
 1743       6.060557152839e-11       1.413913375365e-12      -4.294776501140e-12       0.000000000000e+00       6.474288946582e-16       2.529400899535e-18       1.727571265120e-17 
 1744       6.061627586187e-11       1.398215394228e-12      -4.251866306739e-12       0.000000000000e+00       6.459230429175e-16       2.597468042670e-18       1.696120230729e-17 
 1745       6.062391773422e-11       1.382768632613e-12      -4.208330501999e-12       0.000000000000e+00       6.444214993629e-16       2.668513250607e-18       1.664673555514e-17 
 1746       6.062848387934e-11       1.367575565604e-12      -4.164190184806e-12       0.000000000000e+00       6.429242515374e-16       2.742755250243e-18       1.633233788272e-17 
 1747       6.062996100590e-11       1.352638676349e-12      -4.119466556272e-12       0.000000000000e+00       6.414312868400e-16       2.820413736670e-18       1.601803488839e-17 
 1748       6.062833579741e-11       1.337960456083e-12      -4.074180920894e-12       0.000000000000e+00       6.399425925262e-16       2.901709374546e-18       1.570385228100e-17 
 1749       6.062359491213e-11       1.323543404125e-12      -4.028354686696e-12       0.000000000000e+00       6.384581557073e-16       2.986863799459e-18       1.538981588010e-17 
 1750       6.061572498305e-11       1.309390027898e-12      -3.982009365386e-12       0.000000000000e+00       6.369779633502e-16       3.076099619300e-18       1.507595161604e-17 
 1751       6.060471261794e-11       1.295502842933e-12      -3.935166572503e-12       0.000000000000e+00       6.355020022774e-16       3.169640415633e-18       1.476228553015e-17 
 1752       6.059054439923e-11       1.281884372883e-12      -3.887848027568e-12       0.000000000000e+00       6.340302591662e-16       3.267710745064e-18       1.444884377490e-17 
 1753       6.057320688408e-11       1.268537149527e-12      -3.840075554239e-12       0.000000000000e+00       6.325627205492e-16       3.370536140610e-18       1.413565261403e-17 
 1754       6.055268660431e-11       1.255463712788e-12      -3.791871080454e-12       0.000000000000e+00       6.310993728133e-16       3.478343113069e-18       1.382273842273e-17 
 1755       6.052897006639e-11       1.242666610736e-12      -3.743256638588e-12       0.000000000000e+00       6.296402021998e-16       3.591359152389e-18       1.351012768775e-17 
 1756       6.050204375146e-11       1.230148399601e-12      -3.694254365601e-12       0.000000000000e+00       6.281851948044e-16       3.709812729038e-18       1.319784700763e-17 
 1757       6.047189411522e-11       1.217911643783e-12      -3.644886503188e-12       0.000000000000e+00       6.267343365763e-16       3.833933295375e-18       1.288592309276e-17 
 1758       6.043850758801e-11       1.205958915860e-12      -3.595175397934e-12       0.000000000000e+00       6.252876133184e-16       3.963951287018e-18       1.257438276561e-17 
 1759       6.040187057474e-11       1.194292796601e-12      -3.545143501458e-12       0.000000000000e+00       6.238450106872e-16       4.100098124211e-18       1.226325296085e-17 
 1760       6.036196945486e-11       1.182915874973e-12      -3.494813370568e-12       0.000000000000e+00       6.224065141920e-16       4.242606213200e-18       1.195256072549e-17 
 1761       6.031879058238e-11       1.171830748152e-12      -3.444207667411e-12       0.000000000000e+00       6.209721091950e-16       4.391708947598e-18       1.164233321907e-17 
 1762       6.027232028582e-11       1.161040021533e-12      -3.393349159624e-12       0.000000000000e+00       6.195417809111e-16       4.547640709754e-18       1.133259771378e-17 
 1763       6.022254486820e-11       1.150546308742e-12      -3.342260720482e-12       0.000000000000e+00       6.181155144073e-16       4.710636872126e-18       1.102338159463e-17 
 1764       6.016945060702e-11       1.140352231641e-12      -3.290965329052e-12       0.000000000000e+00       6.166932946029e-16       4.880933798648e-18       1.071471235961e-17 
 1765       6.011302375425e-11       1.130460420342e-12      -3.239486070343e-12       0.000000000000e+00       6.152751062688e-16       5.058768846099e-18       1.040661761982e-17 
 1766       6.005325053630e-11       1.120873513215e-12      -3.187846135455e-12       0.000000000000e+00       6.138609340275e-16       5.244380365476e-18       1.009912509965e-17 
 1767       5.999011715399e-11       1.111594156900e-12      -3.136068821729e-12       0.000000000000e+00       6.124507623531e-16       5.438007703361e-18       9.792262636907e-18 
 1768       5.992360978256e-11       1.102625006314e-12      -3.084177532902e-12       0.000000000000e+00       6.110445755702e-16       5.639891203289e-18       9.486058182999e-18 
 1769       5.985371457162e-11       1.093968724663e-12      -3.032195779253e-12       0.000000000000e+00       6.096423578546e-16       5.850272207122e-18       9.180539803059e-18 
 1770       5.978041764516e-11       1.085627983452e-12      -2.980147177756e-12       0.000000000000e+00       6.082440932325e-16       6.069393056415e-18       8.875735676116e-18 
 1771       5.970370510151e-11       1.077605462493e-12      -2.928055452232e-12       0.000000000000e+00       6.068497655802e-16       6.297497093786e-18       8.571674095243e-18 
 1772       5.962356301333e-11       1.069903849917e-12      -2.875944433494e-12       0.000000000000e+00       6.054593586244e-16       6.534828664289e-18       8.268383467709e-18 
 1773       5.953997742757e-11       1.062525842182e-12      -2.823838059504e-12       0.000000000000e+00       6.040728559412e-16       6.781633116777e-18       7.965892315137e-18 
 1774       5.945293436549e-11       1.055474144085e-12      -2.771760375522e-12       0.000000000000e+00       6.026902409563e-16       7.038156805279e-18       7.664229273654e-18 
 1775       5.936242846342e-11       1.048750679001e-12      -2.719734202285e-12       0.000000000000e+00       6.013114981613e-16       7.304581731859e-18       7.363421110218e-18 
 1776       5.926848897314e-11       1.042354212464e-12      -2.667777128258e-12       0.000000000000e+00       5.999366167739e-16       7.580828883322e-18       7.063486753408e-18 
 1777       5.917115397580e-11       1.036282709015e-12      -2.615905484646e-12       0.000000000000e+00       5.985655871072e-16       7.866753275976e-18       6.764443213730e-18 
 1778       5.907046176090e-11       1.030534120175e-12      -2.564135674461e-12       0.000000000000e+00       5.971983993560e-16       8.162209165853e-18       6.466307563058e-18 
 1779       5.896645082658e-11       1.025106384422e-12      -2.512484172628e-12       0.000000000000e+00       5.958350435959e-16       8.467050047597e-18       6.169096934707e-18 
 1780       5.885915987995e-11       1.019997427171e-12      -2.460967526078e-12       0.000000000000e+00       5.944755097839e-16       8.781128653338e-18       5.872828523514e-18 
 1781       5.874862783739e-11       1.015205160756e-12      -2.409602353854e-12       0.000000000000e+00       5.931197877576e-16       9.104296951579e-18       5.577519585916e-18 
 1782       5.863489382483e-11       1.010727484410e-12      -2.358405347207e-12       0.000000000000e+00       5.917678672353e-16       9.436406146074e-18       5.283187440027e-18 
 1783       5.851799717812e-11       1.006562284242e-12      -2.307393269695e-12       0.000000000000e+00       5.904197378157e-16       9.777306674714e-18       4.989849465718e-18 
 1784       5.839797744328e-11       1.002707433218e-12      -2.256582957287e-12       0.000000000000e+00       5.890753889776e-16       1.012684820840e-17       4.697523104689e-18 
 1785       5.827487437684e-11       9.991607911434e-13      -2.205991318462e-12       0.000000000000e+00       5.877348100797e-16       1.048487964995e-17       4.406225860555e-18 
 1786       5.814872794616e-11       9.959202046392e-13      -2.155635334305e-12       0.000000000000e+00       5.863979903607e-16       1.085124913293e-17       4.115975298919e-18 
 1787       5.801957832971e-11       9.929835071239e-13      -2.105532058613e-12       0.000000000000e+00       5.850649189386e-16       1.122580402059e-17       3.826789047448e-18 
 1788       5.788746591740e-11       9.903485187929e-13      -2.055698617988e-12       0.000000000000e+00       5.837355848108e-16       1.160839090472e-17       3.538684795959e-18 
 1789       5.775243131089e-11       9.880130465984e-13      -2.006152211945e-12       0.000000000000e+00       5.824099768540e-16       1.199885560453e-17       3.251680296487e-18 
 1790       5.761451532387e-11       9.859748842290e-13      -1.956910113003e-12       0.000000000000e+00       5.810880838235e-16       1.239704316553e-17       2.965793363369e-18 
 1791       5.747375898243e-11       9.842318120898e-13      -1.907989666794e-12       0.000000000000e+00       5.797698943537e-16       1.280279785843e-17       2.681041873323e-18 
 1792       5.733020352530e-11       9.827815972825e-13      -1.859408292156e-12       0.000000000000e+00       5.784553969571e-16       1.321596317800e-17       2.397443765519e-18 
 1793       5.718389040420e-11       9.816219935844e-13      -1.811183481236e-12       0.000000000000e+00       5.771445800247e-16       1.363638184196e-17       2.115017041665e-18 
 1794       5.703486128416e-11       9.807507414292e-13      -1.763332799589e-12       0.000000000000e+00       5.758374318256e-16       1.406389578988e-17       1.833779766079e-18 
 1795       5.688315804379e-11       9.801655678863e-13      -1.715873886279e-12       0.000000000000e+00       5.745339405066e-16       1.449834618202e-17       1.553750065772e-18 
 1796       5.672882277561e-11       9.798641866408e-13      -1.668824453979e-12       0.000000000000e+00       5.732340940924e-16       1.493957339824e-17       1.274946130518e-18 
 1797       5.657189778639e-11       9.798442979733e-13      -1.622202289069e-12       0.000000000000e+00       5.719378804849e-16       1.538741703689e-17       9.973862129430e-19 
 1798       5.641242559740e-11       9.801035887399e-13      -1.576025251737e-12       0.000000000000e+00       5.706452874633e-16       1.584171591368e-17       7.210886285924e-19 
 1799       5.625044894476e-11       9.806397323520e-13      -1.530311276081e-12       0.000000000000e+00       5.693563026841e-16       1.630230806053e-17       4.460717560152e-19 
 1800       5.608601077974e-11       9.814503887558e-13      -1.485078370204e-12       0.000000000000e+00       5.680709136801e-16       1.676903072452e-17       1.723540368399e-19 
 1801       5.591915426906e-11       9.825332044127e-13      -1.440344616321e-12       0.000000000000e+00       5.667891078612e-16       1.724172036672e-17      -1.000460241474e-19 
 1802       5.574992279523e-11       9.838858122788e-13      -1.396128170852e-12       0.000000000000e+00       5.655108725134e-16       1.772021266108e-17      -3.711098589252e-19 
 1803       5.557835995682e-11       9.855058317850e-13      -1.352447264526e-12       0.000000000000e+00       5.642361947989e-16       1.820434249331e-17      -6.408188361583e-19 
 1804       5.540450956879e-11       9.873908688164e-13      -1.309320202479e-12       0.000000000000e+00       5.629650617560e-16       1.869394395979e-17      -9.091542611205e-19 
 1805       5.522841566281e-11       9.895385156927e-13      -1.266765364357e-12       0.000000000000e+00       5.616974602988e-16       1.918885036641e-17      -1.176097375616e-18 
 1806       5.505012248754e-11       9.919463511478e-13      -1.224801204411e-12       0.000000000000e+00       5.604333772167e-16       1.968889422749e-17      -1.441629357902e-18 
 1807       5.486967450897e-11       9.946119403094e-13      -1.183446251602e-12       0.000000000000e+00       5.591727991747e-16       2.019390726463e-17      -1.705731322611e-18 
 1808       5.468711641070e-11       9.975328346794e-13      -1.142719109697e-12       0.000000000000e+00       5.579157127129e-16       2.070372040561e-17      -1.968384320672e-18 
 1809       5.450249309429e-11       1.000706572113e-12      -1.102638457371e-12       0.000000000000e+00       5.566621042461e-16       2.121816378326e-17      -2.229569339233e-18 
 1810       5.431584967953e-11       1.004130676800e-12      -1.063223048307e-12       0.000000000000e+00       5.554119600641e-16       2.173706673436e-17      -2.489267301583e-18 
 1811       5.412723150476e-11       1.007802659243e-12      -1.024491711297e-12       0.000000000000e+00       5.541652663311e-16       2.226025779850e-17      -2.747459067076e-18 
 1812       5.393668412720e-11       1.011720016237e-12      -9.864633503362e-13       0.000000000000e+00       5.529220090855e-16       2.278756471699e-17      -3.004125431049e-18 
 1813       5.374425332323e-11       1.015880230851e-12      -9.491569447313e-13       0.000000000000e+00       5.516821742398e-16       2.331881443169e-17      -3.259247124748e-18 
 1814       5.354998707410e-11       1.020280414017e-12      -9.125890427630e-13       0.000000000000e+00       5.504457485433e-16       2.385386183356e-17      -3.512805677202e-18 
 1815       5.335394153989e-11       1.024916226167e-12      -8.767662203873e-13       0.000000000000e+00       5.492127224775e-16       2.439267626393e-17      -3.764786008612e-18 
 1816       5.315617513431e-11       1.029782946859e-12      -8.416925618992e-13       0.000000000000e+00       5.479830873837e-16       2.493525570880e-17      -4.015173857729e-18 
 1817       5.295674654416e-11       1.034875832340e-12      -8.073721608508e-13       0.000000000000e+00       5.467568345019e-16       2.548159811247e-17      -4.263954921751e-18 
 1818       5.275571472966e-11       1.040190115514e-12      -7.738091200599e-13       0.000000000000e+00       5.455339549706e-16       2.603170137748e-17      -4.511114856278e-18 
 1819       5.255313892484e-11       1.045721005912e-12      -7.410075516182e-13       0.000000000000e+00       5.443144398267e-16       2.658556336456e-17      -4.756639275265e-18 
 1820       5.234907863791e-11       1.051463689654e-12      -7.089715769001e-13       0.000000000000e+00       5.430982800055e-16       2.714318189255e-17      -5.000513750975e-18 
 1821       5.214359365167e-11       1.057413329419e-12      -6.777053265715e-13       0.000000000000e+00       5.418854663403e-16       2.770455473830e-17      -5.242723813932e-18 
 1822       5.193674402390e-11       1.063565064411e-12      -6.472129405979e-13       0.000000000000e+00       5.406759895621e-16       2.826967963664e-17      -5.483254952878e-18 
 1823       5.172859008768e-11       1.069914010324e-12      -6.174985682536e-13       0.000000000000e+00       5.394698402999e-16       2.883855428030e-17      -5.722092614720e-18 
 1824       5.151919245184e-11       1.076455259313e-12      -5.885663681298e-13       0.000000000000e+00       5.382670090801e-16       2.941117631981e-17      -5.959222204491e-18 
 1825       5.130861200130e-11       1.083183879957e-12      -5.604205081434e-13       0.000000000000e+00       5.370674863264e-16       2.998754336346e-17      -6.194629085297e-18 
 1826       5.109690989748e-11       1.090094917226e-12      -5.330651655455e-13       0.000000000000e+00       5.358712623598e-16       3.056765297725e-17      -6.428298578277e-18 
 1827       5.088414757866e-11       1.097183392450e-12      -5.065045269302e-13       0.000000000000e+00       5.346783273983e-16       3.115150268474e-17      -6.660215962549e-18 
 1828       5.067038676037e-11       1.104444303286e-12      -4.807427882429e-13       0.000000000000e+00       5.334886715567e-16       3.173908996707e-17      -6.890366475169e-18 
 1829       5.045568943577e-11       1.111872623679e-12      -4.557841547892e-13       0.000000000000e+00       5.323022848464e-16       3.233041226284e-17      -7.118735311085e-18 
 1830       5.024011787605e-11       1.119463303838e-12      -4.316328412431e-13       0.000000000000e+00       5.311191571756e-16       3.292546696804e-17      -7.345307623084e-18 
 1831       5.002373463077e-11       1.127211270195e-12      -4.082930716560e-13       0.000000000000e+00       5.299392783484e-16       3.352425143599e-17      -7.570068521754e-18 
 1832       4.980660252829e-11       1.135111425375e-12      -3.857690794650e-13       0.000000000000e+00       5.287626380652e-16       3.412676297728e-17      -7.793003075431e-18 
 1833       4.958878467613e-11       1.143158648164e-12      -3.640651075018e-13       0.000000000000e+00       5.275892259225e-16       3.473299885969e-17      -8.014096310157e-18 
 1834       4.937034446134e-11       1.151347793473e-12      -3.431854080008e-13       0.000000000000e+00       5.264190314125e-16       3.534295630809e-17      -8.233333209628e-18 
 1835       4.915134555089e-11       1.159673692307e-12      -3.231342426083e-13       0.000000000000e+00       5.252520439229e-16       3.595663250442e-17      -8.450698715155e-18 
 1836       4.893185189208e-11       1.168131151730e-12      -3.039158823905e-13       0.000000000000e+00       5.240882527369e-16       3.657402458760e-17      -8.666177725611e-18 
 1837       4.871192771288e-11       1.176714954832e-12      -2.855346078424e-13       0.000000000000e+00       5.229276470331e-16       3.719512965344e-17      -8.879755097388e-18 
 1838       4.849163752233e-11       1.185419860699e-12      -2.679947088967e-13       0.000000000000e+00       5.217702158851e-16       3.781994475459e-17      -9.091415644347e-18 
 1839       4.827104611093e-11       1.194240604376e-12      -2.513004849316e-13       0.000000000000e+00       5.206159482612e-16       3.844846690047e-17      -9.301144137779e-18 
 1840       4.805021855100e-11       1.203171896833e-12      -2.354562447801e-13       0.000000000000e+00       5.194648330249e-16       3.908069305719e-17      -9.508925306348e-18 
 1841       4.782922019709e-11       1.212208424937e-12      -2.204663067384e-13       0.000000000000e+00       5.183168589339e-16       3.971662014748e-17      -9.714743836054e-18 
 1842       4.760811668635e-11       1.221344851414e-12      -2.063349985741e-13       0.000000000000e+00       5.171720146403e-16       4.035624505063e-17      -9.918584370180e-18 
 1843       4.738697393890e-11       1.230575814817e-12      -1.930666575354e-13       0.000000000000e+00       5.160302886906e-16       4.099956460241e-17      -1.012043150925e-17 
 1844       4.716585815822e-11       1.239895929494e-12      -1.806656303595e-13       0.000000000000e+00       5.148916695253e-16       4.164657559499e-17      -1.032026981098e-17 
 1845       4.694483583155e-11       1.249299785555e-12      -1.691362732807e-13       0.000000000000e+00       5.137561454786e-16       4.229727477691e-17      -1.051808379022e-17 
 1846       4.672397373023e-11       1.258781948836e-12      -1.584829520398e-13       0.000000000000e+00       5.126237047785e-16       4.295165885295e-17      -1.071385791895e-17 
 1847       4.650333891013e-11       1.268336960867e-12      -1.487100418921e-13       0.000000000000e+00       5.114943355466e-16       4.360972448411e-17      -1.090757662617e-17 
 1848       4.628299871200e-11       1.277959338842e-12      -1.398219276162e-13       0.000000000000e+00       5.103680257977e-16       4.427146828751e-17      -1.109922429791e-17 
 1849       4.606302076186e-11       1.287643575581e-12      -1.318230035225e-13       0.000000000000e+00       5.092447634399e-16       4.493688683634e-17      -1.128878527714e-17 
 1850       4.584347297140e-11       1.297384139499e-12      -1.247176734621e-13       0.000000000000e+00       5.081245362740e-16       4.560597665977e-17      -1.147624386377e-17 
 1851       4.562442353832e-11       1.307175474574e-12      -1.185103508348e-13       0.000000000000e+00       5.070073319940e-16       4.627873424288e-17      -1.166158431454e-17 
 1852       4.540594094675e-11       1.317012000312e-12      -1.132054585983e-13       0.000000000000e+00       5.058931381863e-16       4.695515602661e-17      -1.184479084304e-17 
 1853       4.518808950686e-11       1.326888309089e-12      -1.088052922995e-13       0.000000000000e+00       5.047819431967e-16       4.763520313418e-17      -1.202584914203e-17 
 1854       4.497091593443e-11       1.336799759955e-12      -1.053035906998e-13       0.000000000000e+00       5.036737387384e-16       4.831869524586e-17      -1.220475096368e-17 
 1855       4.475446266605e-11       1.346741889454e-12      -1.026919143905e-13       0.000000000000e+00       5.025685173040e-16       4.900541588593e-17      -1.238148957543e-17 
 1856       4.453877231047e-11       1.356710214649e-12      -1.009617780943e-13       0.000000000000e+00       5.014662713007e-16       4.969514761878e-17      -1.255605824087e-17 
 1857       4.432388764887e-11       1.366700233092e-12      -1.001046505989e-13       0.000000000000e+00       5.003669930499e-16       5.038767204764e-17      -1.272845021972e-17 
 1858       4.410985163503e-11       1.376707422804e-12      -1.001119546917e-13       0.000000000000e+00       4.992706747873e-16       5.108276981322e-17      -1.289865876788e-17 
 1859       4.389670739560e-11       1.386727242243e-12      -1.009750670930e-13       0.000000000000e+00       4.981773086625e-16       5.178022059246e-17      -1.306667713740e-17 
 1860       4.368449823031e-11       1.396755130280e-12      -1.026853183906e-13       0.000000000000e+00       4.970868867388e-16       5.247980309719e-17      -1.323249857651e-17 
 1861       4.347326761219e-11       1.406786506174e-12      -1.052339929730e-13       0.000000000000e+00       4.959994009935e-16       5.318129507287e-17      -1.339611632960e-17 
 1862       4.326305918781e-11       1.416816769543e-12      -1.086123289643e-13       0.000000000000e+00       4.949148433173e-16       5.388447329723e-17      -1.355752363728e-17 
 1863       4.305391677750e-11       1.426841300339e-12      -1.128115181570e-13       0.000000000000e+00       4.938332055144e-16       5.458911357903e-17      -1.371671373633e-17 
 1864       4.284588437556e-11       1.436855458822e-12      -1.178227059472e-13       0.000000000000e+00       4.927544793021e-16       5.529499075671e-17      -1.387367985972e-17 
 1865       4.263900615052e-11       1.446854585533e-12      -1.236369912674e-13       0.000000000000e+00       4.916786563112e-16       5.600187869710e-17      -1.402841523664e-17 
 1866       4.243332644533e-11       1.456834001267e-12      -1.302454265212e-13       0.000000000000e+00       4.906057280851e-16       5.670955029414e-17      -1.418091309248e-17 
 1867       4.222888977763e-11       1.466789007050e-12      -1.376390175171e-13       0.000000000000e+00       4.895356860802e-16       5.741777746754e-17      -1.433116664887e-17 
 1868       4.202574083992e-11       1.476714884108e-12      -1.458087234021e-13       0.000000000000e+00       4.884685216658e-16       5.812633116151e-17      -1.447916912364e-17 
 1869       4.182392449982e-11       1.486606893844e-12      -1.547454565961e-13       0.000000000000e+00       4.874042261233e-16       5.883498134344e-17      -1.462491373087e-17 
 1870       4.162348580032e-11       1.496460277811e-12      -1.644400827255e-13       0.000000000000e+00       4.863427906469e-16       5.954349700259e-17      -1.476839368087e-17 
 1871       4.142446995995e-11       1.506270257685e-12      -1.748834205575e-13       0.000000000000e+00       4.852842063430e-16       6.025164614882e-17      -1.490960218019e-17 
 1872       4.122692237304e-11       1.516032035238e-12      -1.860662419337e-13       0.000000000000e+00       4.842284642300e-16       6.095919581124e-17      -1.504853243164e-17 
 1873       4.103088860994e-11       1.525740792315e-12      -1.979792717042e-13       0.000000000000e+00       4.831755552384e-16       6.166591203695e-17      -1.518517763429e-17 
 1874       4.083641441725e-11       1.535391690803e-12      -2.106131876615e-13       0.000000000000e+00       4.821254702103e-16       6.237155988973e-17      -1.531953098347e-17 
 1875       4.064354571805e-11       1.544979872609e-12      -2.239586204747e-13       0.000000000000e+00       4.810781998999e-16       6.307590344870e-17      -1.545158567079e-17 
 1876       4.045232861211e-11       1.554500459631e-12      -2.380061536230e-13       0.000000000000e+00       4.800337349725e-16       6.377870580706e-17      -1.558133488412e-17 
 1877       4.026280937612e-11       1.563948553732e-12      -2.527463233299e-13       0.000000000000e+00       4.789920660051e-16       6.447972907078e-17      -1.570877180764e-17 
 1878       4.007503446393e-11       1.573319236715e-12      -2.681696184973e-13       0.000000000000e+00       4.779531834858e-16       6.517873435729e-17      -1.583388962180e-17 
 1879       3.988905050676e-11       1.582607570295e-12      -2.842664806392e-13       0.000000000000e+00       4.769170778139e-16       6.587548179415e-17      -1.595668150337e-17 
 1880       3.970490431344e-11       1.591808596074e-12      -3.010273038156e-13       0.000000000000e+00       4.758837392996e-16       6.656973051782e-17      -1.607714062540e-17 
 1881       3.952264287063e-11       1.600917335515e-12      -3.184424345668e-13       0.000000000000e+00       4.748531581639e-16       6.726123867226e-17      -1.619526015728e-17 
 1882       3.934231334305e-11       1.609928789913e-12      -3.365021718468e-13       0.000000000000e+00       4.738253245386e-16       6.794976340774e-17      -1.631103326469e-17 
 1883       3.916396307368e-11       1.618837940372e-12      -3.551967669580e-13       0.000000000000e+00       4.728002284659e-16       6.863506087941e-17      -1.642445310966e-17 
 1884       3.898763958403e-11       1.627639747776e-12      -3.745164234844e-13       0.000000000000e+00       4.717778598984e-16       6.931688624613e-17      -1.653551285053e-17 
 1885       3.881339057434e-11       1.636329152766e-12      -3.944512972258e-13       0.000000000000e+00       4.707582086991e-16       6.999499366905e-17      -1.664420564201e-17 
 1886       3.864126392381e-11       1.644901075709e-12      -4.149914961322e-13       0.000000000000e+00       4.697412646408e-16       7.066913631038e-17      -1.675052463512e-17 
 1887       3.847130769081e-11       1.653350416676e-12      -4.361270802369e-13       0.000000000000e+00       4.687270174064e-16       7.133906633207e-17      -1.685446297725e-17 
 1888       3.830357011315e-11       1.661672055415e-12      -4.578480615912e-13       0.000000000000e+00       4.677154565888e-16       7.200453489451e-17      -1.695601381216e-17 
 1889       3.813809960825e-11       1.669860851320e-12      -4.801444041980e-13       0.000000000000e+00       4.667065716902e-16       7.266529215519e-17      -1.705517027994e-17 
 1890       3.797494477343e-11       1.677911643411e-12      -5.030060239458e-13       0.000000000000e+00       4.657003521226e-16       7.332108726747e-17      -1.715192551710e-17 
 1891       3.781415438607e-11       1.685819250305e-12      -5.264227885425e-13       0.000000000000e+00       4.646967872072e-16       7.397166837920e-17      -1.724627265648e-17 
 1892       3.765577011424e-11       1.693579032843e-12      -5.503838399684e-13       0.000000000000e+00       4.636958669038e-16       7.461683182310e-17      -1.733820251151e-17 
 1893       3.749980458628e-11       1.701188586775e-12      -5.748755562372e-13       0.000000000000e+00       4.626975840051e-16       7.525657010625e-17      -1.742769660911e-17 
 1894       3.734626315204e-11       1.708646063119e-12      -5.998835737368e-13       0.000000000000e+00       4.617019319586e-16       7.589092506273e-17      -1.751473410287e-17 
 1895       3.719515115708e-11       1.715949606683e-12      -6.253934631914e-13       0.000000000000e+00       4.607089041394e-16       7.651993876622e-17      -1.759929408393e-17 
 1896       3.704647394266e-11       1.723097356062e-12      -6.513907295719e-13       0.000000000000e+00       4.597184938499e-16       7.714365353034e-17      -1.768135558089e-17 
 1897       3.690023684570e-11       1.730087443628e-12      -6.778608120079e-13       0.000000000000e+00       4.587306943194e-16       7.776211190904e-17      -1.776089755978e-17 
 1898       3.675644519880e-11       1.736917995523e-12      -7.047890836985e-13       0.000000000000e+00       4.577454987042e-16       7.837535669691e-17      -1.783789892394e-17 
 1899       3.661510433020e-11       1.743587131652e-12      -7.321608518237e-13       0.000000000000e+00       4.567629000875e-16       7.898343092953e-17      -1.791233851398e-17 
 1900       3.647621956376e-11       1.750092965675e-12      -7.599613574555e-13       0.000000000000e+00       4.557828914792e-16       7.958637788385e-17      -1.798419510768e-17 
 1901       3.633979621896e-11       1.756433604999e-12      -7.881757754694e-13       0.000000000000e+00       4.548054658159e-16       8.018424107846e-17      -1.805344741998e-17 
 1902       3.620583961084e-11       1.762607150774e-12      -8.167892144554e-13       0.000000000000e+00       4.538306159605e-16       8.077706427401e-17      -1.812007410283e-17 
 1903       3.607435505004e-11       1.768611697880e-12      -8.457867166296e-13       0.000000000000e+00       4.528583347024e-16       8.136489147354e-17      -1.818405374517e-17 
 1904       3.594534784275e-11       1.774445334924e-12      -8.751532577448e-13       0.000000000000e+00       4.518886147573e-16       8.194776692277e-17      -1.824536487285e-17 
 1905       3.581882329068e-11       1.780106144231e-12      -9.048737470026e-13       0.000000000000e+00       4.509214487668e-16       8.252573511054e-17      -1.830398594856e-17 
 1906       3.569478669106e-11       1.785592201836e-12      -9.349330269640e-13       0.000000000000e+00       4.499568292988e-16       8.309884076906e-17      -1.835989537173e-17 
 1907       3.557324333662e-11       1.790901577477e-12      -9.653158734607e-13       0.000000000000e+00       4.489947488469e-16       8.366712887433e-17      -1.841307147851e-17 
 1908       3.545419851558e-11       1.796032334588e-12      -9.960069955069e-13       0.000000000000e+00       4.480351998305e-16       8.423064464645e-17      -1.846349254166e-17 
 1909       3.533765751161e-11       1.800982530290e-12      -1.026991035210e-12       0.000000000000e+00       4.470781745947e-16       8.478943354995e-17      -1.851113677051e-17 
 1910       3.522362560382e-11       1.805750215385e-12      -1.058252567681e-12       0.000000000000e+00       4.461236654100e-16       8.534354129418e-17      -1.855598231083e-17 
 1911       3.511210806677e-11       1.810333434351e-12      -1.089776100949e-12       0.000000000000e+00       4.451716644724e-16       8.589301383362e-17      -1.859800724484e-17 
 1912       3.500311017040e-11       1.814730225327e-12      -1.121546075868e-12       0.000000000000e+00       4.442221639032e-16       8.643789736825e-17      -1.863718959108e-17 
 1913       3.489663718006e-11       1.818938620113e-12      -1.153546866032e-12       0.000000000000e+00       4.432751557488e-16       8.697823834386e-17      -1.867350730436e-17 
 1914       3.479269435646e-11       1.822956644160e-12      -1.185762777683e-12       0.000000000000e+00       4.423306319808e-16       8.751408345244e-17      -1.870693827570e-17 
 1915       3.469128695567e-11       1.826782316561e-12      -1.218178049625e-12       0.000000000000e+00       4.413885844954e-16       8.804547963250e-17      -1.873746033222e-17 
 1916       3.459242022908e-11       1.830413650046e-12      -1.250776853133e-12       0.000000000000e+00       4.404490051140e-16       8.857247406941e-17      -1.876505123713e-17 
 1917       3.449609942343e-11       1.833848650972e-12      -1.283543291868e-12       0.000000000000e+00       4.395118855823e-16       8.909511419576e-17      -1.878968868958e-17 
 1918       3.440232978073e-11       1.837085319318e-12      -1.316461401782e-12       0.000000000000e+00       4.385772175709e-16       8.961344769171e-17      -1.881135032468e-17 
 1919       3.431111653828e-11       1.840121648676e-12      -1.349515151035e-12       0.000000000000e+00       4.376449926747e-16       9.012752248532e-17      -1.883001371336e-17 
 1920       3.422246492864e-11       1.842955626245e-12      -1.382688439903e-12       0.000000000000e+00       4.367152024128e-16       9.063738675288e-17      -1.884565636231e-17 
 1921       3.413638017963e-11       1.845585232820e-12      -1.415965100692e-12       0.000000000000e+00       4.357878382287e-16       9.114308891932e-17      -1.885825571394e-17 
 1922       3.405286751428e-11       1.848008442789e-12      -1.449328897647e-12       0.000000000000e+00       4.348628914899e-16       9.164467765848e-17      -1.886778914628e-17 
 1923       3.397193215084e-11       1.850223224125e-12      -1.482763526862e-12       0.000000000000e+00       4.339403534878e-16       9.214220189351e-17      -1.887423397293e-17 
 1924       3.389357930274e-11       1.852227538373e-12      -1.516252616195e-12       0.000000000000e+00       4.330202154378e-16       9.263571079716e-17      -1.887756744297e-17 
 1925       3.381781417860e-11       1.854019340650e-12      -1.549779725176e-12       0.000000000000e+00       4.321024684789e-16       9.312525379220e-17      -1.887776674089e-17 
 1926       3.374464198216e-11       1.855596579634e-12      -1.583328344922e-12       0.000000000000e+00       4.311871036737e-16       9.361088055170e-17      -1.887480898654e-17 
 1927       3.367406791235e-11       1.856957197554e-12      -1.616881898043e-12       0.000000000000e+00       4.302741120084e-16       9.409264099941e-17      -1.886867123504e-17 
 1928       3.360609716317e-11       1.858099130189e-12      -1.650423738557e-12       0.000000000000e+00       4.293634843923e-16       9.457058531010e-17      -1.885933047671e-17 
 1929       3.354073492374e-11       1.859020306853e-12      -1.683937151801e-12       0.000000000000e+00       4.284552116582e-16       9.504476390989e-17      -1.884676363701e-17 
 1930       3.347798637827e-11       1.859718650394e-12      -1.717405354342e-12       0.000000000000e+00       4.275492845619e-16       9.551522747660e-17      -1.883094757645e-17 
 1931       3.341785107187e-11       1.860192648129e-12      -1.750812402736e-12       0.000000000000e+00       4.266456944035e-16       9.598199527582e-17      -1.881187663515e-17 
 1932       3.336030596144e-11       1.860443069406e-12      -1.784145927529e-12       0.000000000000e+00       4.257444348962e-16       9.644495990586e-17      -1.878961541189e-17 
 1933       3.330532223630e-11       1.860471261043e-12      -1.817394419798e-12       0.000000000000e+00       4.248455003114e-16       9.690398183149e-17      -1.876424638493e-17 
 1934       3.325287094047e-11       1.860278577580e-12      -1.850546324133e-12       0.000000000000e+00       4.239488848586e-16       9.735892098205e-17      -1.873585240421e-17 
 1935       3.320292297249e-11       1.859866381287e-12      -1.883590038568e-12       0.000000000000e+00       4.230545826851e-16       9.780963675080e-17      -1.870451669185e-17 
 1936       3.315544908517e-11       1.859236042175e-12      -1.916513914527e-12       0.000000000000e+00       4.221625878765e-16       9.825598799417e-17      -1.867032284265e-17 
 1937       3.311041988548e-11       1.858388938007e-12      -1.949306256762e-12       0.000000000000e+00       4.212728944560e-16       9.869783303117e-17      -1.863335482457e-17 
 1938       3.306780583425e-11       1.857326454310e-12      -1.981955323294e-12       0.000000000000e+00       4.203854963844e-16       9.913502964267e-17      -1.859369697922e-17 
 1939       3.302757724604e-11       1.856049984382e-12      -2.014449325355e-12       0.000000000000e+00       4.195003875603e-16       9.956743507074e-17      -1.855143402237e-17 
 1940       3.298970428893e-11       1.854560929311e-12      -2.046776427326e-12       0.000000000000e+00       4.186175618197e-16       9.999490601799e-17      -1.850665104445e-17 
 1941       3.295415698428e-11       1.852860697976e-12      -2.078924746679e-12       0.000000000000e+00       4.177370129360e-16       1.004172986469e-16      -1.845943351101e-17 
 1942       3.292090520658e-11       1.850950707065e-12      -2.110882353919e-12       0.000000000000e+00       4.168587346201e-16       1.008344685790e-16      -1.840986726324e-17 
 1943       3.288991868324e-11       1.848832381083e-12      -2.142637272519e-12       0.000000000000e+00       4.159827205198e-16       1.012462708946e-16      -1.835803851845e-17 
 1944       3.286116699435e-11       1.846507152364e-12      -2.174177478867e-12       0.000000000000e+00       4.151089642202e-16       1.016525601315e-16      -1.830403387058e-17 
 1945       3.283461957255e-11       1.843976461082e-12      -2.205490902203e-12       0.000000000000e+00       4.142374592434e-16       1.020531902850e-16      -1.824794029068e-17 
 1946       3.281024570277e-11       1.841241755259e-12      -2.236565424560e-12       0.000000000000e+00       4.133681990484e-16       1.024480148066e-16      -1.818984512740e-17 
 1947       3.278801452205e-11       1.838304490780e-12      -2.267388880705e-12       0.000000000000e+00       4.125011770309e-16       1.028368866038e-16      -1.812983610749e-17 
 1948       3.276789501937e-11       1.835166131401e-12      -2.297949058077e-12       0.000000000000e+00       4.116363865233e-16       1.032196580393e-16      -1.806800133630e-17 
 1949       3.274985603539e-11       1.831828148762e-12      -2.328233696733e-12       0.000000000000e+00       4.107738207949e-16       1.035961809300e-16      -1.800442929826e-17 
 1950       3.273386626232e-11       1.828292022397e-12      -2.358230489282e-12       0.000000000000e+00       4.099134730511e-16       1.039663065468e-16      -1.793920885740e-17 
 1951       3.271989424366e-11       1.824559239744e-12      -2.387927080831e-12       0.000000000000e+00       4.090553364340e-16       1.043298856137e-16      -1.787242925779e-17 
 1952       3.270790837405e-11       1.820631296156e-12      -2.417311068921e-12       0.000000000000e+00       4.081994040219e-16       1.046867683072e-16      -1.780418012409e-17 
 1953       3.269787689902e-11       1.816509694915e-12      -2.446370003470e-12       0.000000000000e+00       4.073456688292e-16       1.050368042554e-16      -1.773455146201e-17 
 1954       3.268976791485e-11       1.812195947238e-12      -2.475091386713e-12       0.000000000000e+00       4.064941238066e-16       1.053798425377e-16      -1.766363365883e-17 
 1955       3.268354936832e-11       1.807691572291e-12      -2.503462673144e-12       0.000000000000e+00       4.056447618407e-16       1.057157316838e-16      -1.759151748386e-17 
 1956       3.267918905654e-11       1.802998097200e-12      -2.531471269453e-12       0.000000000000e+00       4.047975757539e-16       1.060443196732e-16      -1.751829408895e-17 
 1957       3.267665462672e-11       1.798117057061e-12      -2.559104534469e-12       0.000000000000e+00       4.039525583047e-16       1.063654539346e-16      -1.744405500900e-17 
 1958       3.267591357601e-11       1.793049994951e-12      -2.586349779100e-12       0.000000000000e+00       4.031097021869e-16       1.066789813449e-16      -1.736889216243e-17 
 1959       3.267693325129e-11       1.787798461938e-12      -2.613194266274e-12       0.000000000000e+00       4.022690000303e-16       1.069847482290e-16      -1.729289785166e-17 
 1960       3.267968084894e-11       1.782364017095e-12      -2.639625210877e-12       0.000000000000e+00       4.014304443999e-16       1.072826003585e-16      -1.721616476366e-17 
 1961       3.268412341468e-11       1.776748227505e-12      -2.665629779697e-12       0.000000000000e+00       4.005940277963e-16       1.075723829518e-16      -1.713878597039e-17 
 1962       3.269022784335e-11       1.770952668281e-12      -2.691195091363e-12       0.000000000000e+00       3.997597426552e-16       1.078539406728e-16      -1.706085492930e-17 
 1963       3.269796087870e-11       1.764978922567e-12      -2.716308216285e-12       0.000000000000e+00       3.989275813477e-16       1.081271176304e-16      -1.698246548386e-17 
 1964       3.270728911323e-11       1.758828581555e-12      -2.740956176593e-12       0.000000000000e+00       3.980975361799e-16       1.083917573781e-16      -1.690371186401e-17 
 1965       3.271817898795e-11       1.752503244495e-12      -2.765125946082e-12       0.000000000000e+00       3.972695993929e-16       1.086477029128e-16      -1.682468868667e-17 
 1966       3.273059679221e-11       1.746004518705e-12      -2.788804450148e-12       0.000000000000e+00       3.964437631627e-16       1.088947966748e-16      -1.674549095625e-17 
 1967       3.274450866346e-11       1.739334019582e-12      -2.811978565731e-12       0.000000000000e+00       3.956200196002e-16       1.091328805464e-16      -1.666621406512e-17 
 1968       3.275988058712e-11       1.732493370612e-12      -2.834635121255e-12       0.000000000000e+00       3.947983607509e-16       1.093617958518e-16      -1.658695379410e-17 
 1969       3.277667839630e-11       1.725484203384e-12      -2.856760896567e-12       0.000000000000e+00       3.939787785948e-16       1.095813833561e-16      -1.650780631299e-17 
 1970       3.279486658511e-11       1.718308432490e-12      -2.878344359895e-12       0.000000000000e+00       3.931612655994e-16       1.097915356226e-16      -1.642884299523e-17 
 1971       3.281440473916e-11       1.710969082448e-12      -2.899380892943e-12       0.000000000000e+00       3.923458163820e-16       1.099923545105e-16      -1.635003465658e-17 
 1972       3.283525107810e-11       1.703469466949e-12      -2.919867604493e-12       0.000000000000e+00       3.915324260594e-16       1.101839948458e-16      -1.627132675458e-17 
 1973       3.285736363956e-11       1.695812914535e-12      -2.939801596915e-12       0.000000000000e+00       3.907210896961e-16       1.103666121710e-16      -1.619266452292e-17 
 1974       3.288070027892e-11       1.688002768623e-12      -2.959179966156e-12       0.000000000000e+00       3.899118023043e-16       1.105403627456e-16      -1.611399297120e-17 
 1975       3.290521866903e-11       1.680042387522e-12      -2.977999801735e-12       0.000000000000e+00       3.891045588434e-16       1.107054035474e-16      -1.603525688463e-17 
 1976       3.293087630003e-11       1.671935144457e-12      -2.996258186741e-12       0.000000000000e+00       3.882993542207e-16       1.108618922736e-16      -1.595640082374e-17 
 1977       3.295763047906e-11       1.663684427581e-12      -3.013952197822e-12       0.000000000000e+00       3.874961832905e-16       1.110099873410e-16      -1.587736912407e-17 
 1978       3.298543833006e-11       1.655293640001e-12      -3.031078905181e-12       0.000000000000e+00       3.866950408545e-16       1.111498478879e-16      -1.579810589595e-17 
 1979       3.301425679352e-11       1.646766199792e-12      -3.047635372571e-12       0.000000000000e+00       3.858959216616e-16       1.112816337742e-16      -1.571855502415e-17 
 1980       3.304404262626e-11       1.638105540021e-12      -3.063618657289e-12       0.000000000000e+00       3.850988204077e-16       1.114055055830e-16      -1.563866016762e-17 
 1981       3.307475240117e-11       1.629315108766e-12      -3.079025810170e-12       0.000000000000e+00       3.843037317359e-16       1.115216246211e-16      -1.555836475923e-17 
 1982       3.310634250698e-11       1.620398369130e-12      -3.093853875581e-12       0.000000000000e+00       3.835106502361e-16       1.116301529202e-16      -1.547761200543e-17 
 1983       3.313876914805e-11       1.611358799267e-12      -3.108099891414e-12       0.000000000000e+00       3.827195704452e-16       1.117312532377e-16      -1.539634488601e-17 
 1984       3.317198834409e-11       1.602199892398e-12      -3.121760889082e-12       0.000000000000e+00       3.819304868467e-16       1.118250890579e-16      -1.531450615382e-17 
 1985       3.320595592996e-11       1.592925156831e-12      -3.134833893513e-12       0.000000000000e+00       3.811433938709e-16       1.119118245923e-16      -1.523203833443e-17 
 1986       3.324062755542e-11       1.583538115981e-12      -3.147315923144e-12       0.000000000000e+00       3.803582858947e-16       1.119916247815e-16      -1.514888372590e-17 
 1987       3.327595868490e-11       1.574042308388e-12      -3.159203989913e-12       0.000000000000e+00       3.795751572414e-16       1.120646552954e-16      -1.506498439849e-17 
 1988       3.331190459725e-11       1.564441287738e-12      -3.170495099257e-12       0.000000000000e+00       3.787940021810e-16       1.121310825343e-16      -1.498028219434e-17 
 1989       3.334842038553e-11       1.554738622881e-12      -3.181186250102e-12       0.000000000000e+00       3.780148149295e-16       1.121910736301e-16      -1.489471872721e-17 
 1990       3.338546095673e-11       1.544937897852e-12      -3.191274434862e-12       0.000000000000e+00       3.772375896496e-16       1.122447964470e-16      -1.480823538219e-17 
 1991       3.342298103158e-11       1.535042711889e-12      -3.200756639428e-12       0.000000000000e+00       3.764623204499e-16       1.122924195824e-16      -1.472077331544e-17 
 1992       3.346093514431e-11       1.525056679452e-12      -3.209629843166e-12       0.000000000000e+00       3.756890013851e-16       1.123341123683e-16      -1.463227345385e-17 
 1993       3.349927764236e-11       1.514983430243e-12      -3.217891018909e-12       0.000000000000e+00       3.749176264561e-16       1.123700448716e-16      -1.454267649481e-17 
 1994       3.353796268622e-11       1.504826609229e-12      -3.225537132952e-12       0.000000000000e+00       3.741481896096e-16       1.124003878955e-16      -1.445192290588e-17 
 1995       3.357694424915e-11       1.494589876654e-12      -3.232565145048e-12       0.000000000000e+00       3.733806847382e-16       1.124253129801e-16      -1.435995292454e-17 
 1996       3.361617611694e-11       1.484276908063e-12      -3.238972008398e-12       0.000000000000e+00       3.726151056803e-16       1.124449924039e-16      -1.426670655790e-17 
 1997       3.365561188768e-11       1.473891394324e-12      -3.244754669649e-12       0.000000000000e+00       3.718514462199e-16       1.124595991840e-16      -1.417212358240e-17 
 1998       3.369520497156e-11       1.463437041641e-12      -3.249910068885e-12       0.000000000000e+00       3.710897000867e-16       1.124693070778e-16      -1.407614354351e-17 
 1999       3.373490859058e-11       1.452917571577e-12      -3.254435139624e-12       0.000000000000e+00       3.703298609560e-16       1.124742905834e-16      -1.397870575551e-17 
 2000       3.377467577834e-11       1.442336721075e-12      -3.258326808811e-12       0.000000000000e+00       3.695719224484e-16       1.124747249406e-16      -1.387974930112e-17 
 2001       3.381445937980e-11       1.431698242472e-12      -3.261581996812e-12       0.000000000000e+00       3.688158781299e-16       1.124707861322e-16      -1.377921303128e-17 
 2002       3.385421205106e-11       1.421005903526e-12      -3.264197617407e-12       0.000000000000e+00       3.680617215117e-16       1.124626508846e-16      -1.367703556485e-17 
 2003       3.389388625909e-11       1.410263487427e-12      -3.266170577788e-12       0.000000000000e+00       3.673094460504e-16       1.124504966688e-16      -1.357315528830e-17 
 2004       3.393343428154e-11       1.399474792824e-12      -3.267497778548e-12       0.000000000000e+00       3.665590451475e-16       1.124345017016e-16      -1.346751035544e-17 
 2005       3.397280820645e-11       1.388643633838e-12      -3.268176113679e-12       0.000000000000e+00       3.658105121496e-16       1.124148449463e-16      -1.336003868715e-17 
 2006       3.401195993206e-11       1.377773840087e-12      -3.268202470566e-12       0.000000000000e+00       3.650638403483e-16       1.123917061135e-16      -1.325067797108e-17 
 2007       3.405084116654e-11       1.366869256701e-12      -3.267573729978e-12       0.000000000000e+00       3.643190229801e-16       1.123652656624e-16      -1.313936566136e-17 
 2008       3.408940342779e-11       1.355933744344e-12      -3.266286766065e-12       0.000000000000e+00       3.635760532260e-16       1.123357048016e-16      -1.302603897833e-17 
 2009       3.412760120897e-11       1.344971060912e-12      -3.264339961470e-12       0.000000000000e+00       3.628349246958e-16       1.123031348877e-16      -1.291065222777e-17 
 2010       3.416540150090e-11       1.333984505650e-12      -3.261737764737e-12       0.000000000000e+00       3.620956328829e-16       1.122673850568e-16      -1.279322889707e-17 
 2011       3.420277433857e-11       1.322977272481e-12      -3.258486166096e-12       0.000000000000e+00       3.613581737197e-16       1.122282130479e-16      -1.267380993806e-17 
 2012       3.423968964153e-11       1.311952568106e-12      -3.254591185393e-12       0.000000000000e+00       3.606225430945e-16       1.121853756632e-16      -1.255243648215e-17 
 2013       3.427611721371e-11       1.300913612022e-12      -3.250058872137e-12       0.000000000000e+00       3.598887368518e-16       1.121386287671e-16      -1.242914984058e-17 
 2014       3.431202674329e-11       1.289863636536e-12      -3.244895305534e-12       0.000000000000e+00       3.591567507917e-16       1.120877272851e-16      -1.230399150462e-17 
 2015       3.434738780256e-11       1.278805886783e-12      -3.239106594525e-12       0.000000000000e+00       3.584265806703e-16       1.120324252027e-16      -1.217700314583e-17 
 2016       3.438216984779e-11       1.267743620737e-12      -3.232698877832e-12       0.000000000000e+00       3.576982221993e-16       1.119724755639e-16      -1.204822661629e-17 
 2017       3.441634221906e-11       1.256680109233e-12      -3.225678323990e-12       0.000000000000e+00       3.569716710463e-16       1.119076304707e-16      -1.191770394879e-17 
 2018       3.444987414015e-11       1.245618635979e-12      -3.218051131389e-12       0.000000000000e+00       3.562469228344e-16       1.118376410811e-16      -1.178547735712e-17 
 2019       3.448273471839e-11       1.234562497574e-12      -3.209823528314e-12       0.000000000000e+00       3.555239731421e-16       1.117622576087e-16      -1.165158923624e-17 
 2020       3.451489294448e-11       1.223515003521e-12      -3.201001772983e-12       0.000000000000e+00       3.548028175035e-16       1.116812293211e-16      -1.151608216256e-17 
 2021       3.454631769241e-11       1.212479476247e-12      -3.191592153587e-12       0.000000000000e+00       3.540834514082e-16       1.115943045390e-16      -1.137899889413e-17 
 2022       3.457697771928e-11       1.201459251115e-12      -3.181600988328e-12       0.000000000000e+00       3.533658703010e-16       1.115012306349e-16      -1.124038237089e-17 
 2023       3.460684166514e-11       1.190457676443e-12      -3.171034625461e-12       0.000000000000e+00       3.526500695820e-16       1.114017540318e-16      -1.110027571491e-17 
 2024       3.463587805292e-11       1.179478113515e-12      -3.159899443328e-12       0.000000000000e+00       3.519360446065e-16       1.112956202026e-16      -1.095872223060e-17 
 2025       3.466405528820e-11       1.168523936605e-12      -3.148201850402e-12       0.000000000000e+00       3.512237906848e-16       1.111825736682e-16      -1.081576540494e-17 
 2026       3.469134165914e-11       1.157598532986e-12      -3.135948285326e-12       0.000000000000e+00       3.505133030826e-16       1.110623579970e-16      -1.067144890771e-17 
 2027       3.471770533628e-11       1.146705302946e-12      -3.123145216948e-12       0.000000000000e+00       3.498045770202e-16       1.109347158033e-16      -1.052581659175e-17 
 2028       3.474311437244e-11       1.135847659808e-12      -3.109799144364e-12       0.000000000000e+00       3.490976076731e-16       1.107993887465e-16      -1.037891249315e-17 
 2029       3.476753670258e-11       1.125029029945e-12      -3.095916596957e-12       0.000000000000e+00       3.483923901715e-16       1.106561175294e-16      -1.023078083148e-17 
 2030       3.479094014361e-11       1.114252852792e-12      -3.081504134434e-12       0.000000000000e+00       3.476889196005e-16       1.105046418978e-16      -1.008146601007e-17 
 2031       3.481329239431e-11       1.103522580866e-12      -3.066568346867e-12       0.000000000000e+00       3.469871909997e-16       1.103447006389e-16      -9.931012616174e-18 
 2032       3.483456103513e-11       1.092841679780e-12      -3.051115854732e-12       0.000000000000e+00       3.462871993636e-16       1.101760315800e-16      -9.779465421247e-18 
 2033       3.485471352810e-11       1.082213628259e-12      -3.035153308947e-12       0.000000000000e+00       3.455889396412e-16       1.099983715877e-16      -9.626869381153e-18 
 2034       3.487371721665e-11       1.071641918157e-12      -3.018687390913e-12       0.000000000000e+00       3.448924067359e-16       1.098114565667e-16      -9.473269636400e-18 
 2035       3.489153932549e-11       1.061130054472e-12      -3.001724812552e-12       0.000000000000e+00       3.441975955056e-16       1.096150214582e-16      -9.318711512370e-18 
 2036       3.490814696046e-11       1.050681555360e-12      -2.984272316345e-12       0.000000000000e+00       3.435045007627e-16       1.094088002395e-16      -9.163240519548e-18 
 2037       3.492350710839e-11       1.040299952156e-12      -2.966336675375e-12       0.000000000000e+00       3.428131172737e-16       1.091925259222e-16      -9.006902353754e-18 
 2038       3.493758663695e-11       1.029988789385e-12      -2.947924693363e-12       0.000000000000e+00       3.421234397594e-16       1.089659305514e-16      -8.849742896369e-18 
 2039       3.495035229452e-11       1.019751624778e-12      -2.929043204706e-12       0.000000000000e+00       3.414354628949e-16       1.087287452043e-16      -8.691808214566e-18 
 2040       3.496177071004e-11       1.009592029292e-12      -2.909699074521e-12       0.000000000000e+00       3.407491813092e-16       1.084806999894e-16      -8.533144561543e-18 
 2041       3.497180839287e-11       9.995135871220e-13      -2.889899198679e-12       0.000000000000e+00       3.400645895854e-16       1.082215240449e-16      -8.373798376748e-18 
 2042       3.498043173267e-11       9.895198957187e-13      -2.869650503850e-12       0.000000000000e+00       3.393816822606e-16       1.079509455379e-16      -8.213816286112e-18 
 2043       3.498760699919e-11       9.796145658036e-13      -2.848959947534e-12       0.000000000000e+00       3.387004538258e-16       1.076686916631e-16      -8.053245102276e-18 
 2044       3.499330034224e-11       9.698012213852e-13      -2.827834518109e-12       0.000000000000e+00       3.380208987256e-16       1.073744886417e-16      -7.892131824825e-18 
 2045       3.499747779142e-11       9.600834997747e-13      -2.806281234863e-12       0.000000000000e+00       3.373430113587e-16       1.070680617202e-16      -7.730523640513e-18 
 2046       3.500010525608e-11       9.504650516023e-13      -2.784307148040e-12       0.000000000000e+00       3.366667860773e-16       1.067491351692e-16      -7.568467923494e-18 
 2047       3.500114852513e-11       9.409495408326e-13      -2.761919338871e-12       0.000000000000e+00       3.359922171871e-16       1.064174322824e-16      -7.406012235556e-18 
 2048       3.500057834491e-11       9.315402600790e-13      -2.739125425107e-12       0.000000000000e+00       3.353192992569e-16       1.060727956314e-16      -7.243204294485e-18 
 2049       3.499838569273e-11       9.222389735086e-13      -2.715935081454e-12       0.000000000000e+00       3.346480280485e-16       1.057155487719e-16      -7.080091878472e-18 
 2050       3.499456661221e-11       9.130470656995e-13      -2.692358530081e-12       0.000000000000e+00       3.339783995932e-16       1.053461371205e-16      -6.916722921483e-18 
 2051       3.498911714519e-11       9.039659255955e-13      -2.668406036170e-12       0.000000000000e+00       3.333104098828e-16       1.049650079353e-16      -6.753145545287e-18 
 2052       3.498203333173e-11       8.949969465119e-13      -2.644087907974e-12       0.000000000000e+00       3.326440548698e-16       1.045726103186e-16      -6.589408059681e-18 
 2053       3.497331121013e-11       8.861415261399e-13      -2.619414496871e-12       0.000000000000e+00       3.319793304669e-16       1.041693952189e-16      -6.425558962723e-18 
 2054       3.496294681692e-11       8.774010665514e-13      -2.594396197412e-12       0.000000000000e+00       3.313162325475e-16       1.037558154333e-16      -6.261646940958e-18 
 2055       3.495093618684e-11       8.687769742044e-13      -2.569043447382e-12       0.000000000000e+00       3.306547569452e-16       1.033323256097e-16      -6.097720869650e-18 
 2056       3.493727535290e-11       8.602706599472e-13      -2.543366727846e-12       0.000000000000e+00       3.299948994540e-16       1.028993822493e-16      -5.933829813007e-18 
 2057       3.492196034632e-11       8.518835390239e-13      -2.517376563211e-12       0.000000000000e+00       3.293366558280e-16       1.024574437084e-16      -5.770023024410e-18 
 2058       3.490498719660e-11       8.436170310787e-13      -2.491083521272e-12       0.000000000000e+00       3.286800217817e-16       1.020069702015e-16      -5.606349946647e-18 
 2059       3.488635193146e-11       8.354725601614e-13      -2.464498213270e-12       0.000000000000e+00       3.280249929895e-16       1.015484238026e-16      -5.442860212136e-18 
 2060       3.486605057687e-11       8.274515547317e-13      -2.437631293946e-12       0.000000000000e+00       3.273715650860e-16       1.010822684484e-16      -5.279603643155e-18 
 2061       3.484407915708e-11       8.195554476644e-13      -2.410493461591e-12       0.000000000000e+00       3.267197336657e-16       1.006089699399e-16      -5.116630252075e-18 
 2062       3.482043369456e-11       8.117856762541e-13      -2.383095458104e-12       0.000000000000e+00       3.260694942830e-16       1.001289959452e-16      -4.953990241583e-18 
 2063       3.479511021007e-11       8.041436822205e-13      -2.355448069041e-12       0.000000000000e+00       3.254208424525e-16       9.964281600129e-17      -4.791734004914e-18 
 2064       3.476810472262e-11       7.966309117125e-13      -2.327562123673e-12       0.000000000000e+00       3.247737736482e-16       9.915090151674e-17      -4.629912126081e-18 
 2065       3.473941324950e-11       7.892488153139e-13      -2.299448495039e-12       0.000000000000e+00       3.241282833041e-16       9.865372577383e-17      -4.468575380100e-18 
 2066       3.470903180626e-11       7.819988480478e-13      -2.271118099995e-12       0.000000000000e+00       3.234843668138e-16       9.815176393082e-17      -4.307774733222e-18 
 2067       3.467695640671e-11       7.748824693814e-13      -2.242581899274e-12       0.000000000000e+00       3.228420195307e-16       9.764549302428e-17      -4.147561343162e-18 
 2068       3.464318306298e-11       7.679011432314e-13      -2.213850897535e-12       0.000000000000e+00       3.222012367676e-16       9.713539197133e-17      -3.987986559325e-18 
 2069       3.460770778544e-11       7.610563379683e-13      -2.184936143421e-12       0.000000000000e+00       3.215620137969e-16       9.662194157197e-17      -3.829101923036e-18 
 2070       3.457052658275e-11       7.543495264215e-13      -2.155848729606e-12       0.000000000000e+00       3.209243458504e-16       9.610562451135e-17      -3.670959167772e-18 
 2071       3.453163546187e-11       7.477821858845e-13      -2.126599792857e-12       0.000000000000e+00       3.202882281193e-16       9.558692536206e-17      -3.513610219385e-18 
 2072       3.449103042805e-11       7.413557981190e-13      -2.097200514080e-12       0.000000000000e+00       3.196536557544e-16       9.506633058638e-17      -3.357107196337e-18 
 2073       3.444870748482e-11       7.350718493608e-13      -2.067662118378e-12       0.000000000000e+00       3.190206238653e-16       9.454432853863e-17      -3.201502409924e-18 
 2074       3.440466263403e-11       7.289318303236e-13      -2.037995875105e-12       0.000000000000e+00       3.183891275213e-16       9.402140946741e-17      -3.046848364507e-18 
 2075       3.435889187580e-11       7.229372362047e-13      -2.008213097917e-12       0.000000000000e+00       3.177591617505e-16       9.349806551788e-17      -2.893197757740e-18 
 2076       3.431139120857e-11       7.170895666896e-13      -1.978325144826e-12       0.000000000000e+00       3.171307215403e-16       9.297479073410e-17      -2.740603480801e-18 
 2077       3.426215662909e-11       7.113903259568e-13      -1.948343418257e-12       0.000000000000e+00       3.165038018371e-16       9.245208106124e-17      -2.589118618617e-18 
 2078       3.421118413243e-11       7.058410226826e-13      -1.918279365096e-12       0.000000000000e+00       3.158783975462e-16       9.193043434795e-17      -2.438796450097e-18 
 2079       3.415846971194e-11       7.004431700464e-13      -1.888144476750e-12       0.000000000000e+00       3.152545035320e-16       9.141035034856e-17      -2.289690448357e-18 
 2080       3.410400935931e-11       6.951982857351e-13      -1.857950289197e-12       0.000000000000e+00       3.146321146175e-16       9.089233072543e-17      -2.141854280953e-18 
 2081       3.404779906455e-11       6.901078919482e-13      -1.827708383037e-12       0.000000000000e+00       3.140112255847e-16       9.037687905121e-17      -1.995341810104e-18 
 2082       3.398983481599e-11       6.851735154026e-13      -1.797430383553e-12       0.000000000000e+00       3.133918311743e-16       8.986450081113e-17      -1.850207092927e-18 
 2083       3.393011260029e-11       6.803966873376e-13      -1.767127960757e-12       0.000000000000e+00       3.127739260856e-16       8.935570340529e-17      -1.706504381663e-18 
 2084       3.386862840243e-11       6.757789435198e-13      -1.736812829450e-12       0.000000000000e+00       3.121575049766e-16       8.885099615092e-17      -1.564288123905e-18 
 2085       3.380537820574e-11       6.713218242476e-13      -1.706496749270e-12       0.000000000000e+00       3.115425624639e-16       8.835089028471e-17      -1.423612962828e-18 
 2086       3.374035799187e-11       6.670268743566e-13      -1.676191524751e-12       0.000000000000e+00       3.109290931225e-16       8.785589896507e-17      -1.284533737419e-18 
 2087       3.367356772078e-11       6.628952404046e-13      -1.645908420797e-12       0.000000000000e+00       3.103170918480e-16       8.736641537327e-17      -1.147096002371e-18 
 2088       3.360502330117e-11       6.589264591287e-13      -1.615656404538e-12       0.000000000000e+00       3.097065549453e-16       8.688234607778e-17      -1.011307514645e-18 
 2089       3.353474470403e-11       6.551196605006e-13      -1.585443891249e-12       0.000000000000e+00       3.090974790474e-16       8.640347510296e-17      -8.771665473769e-19 
 2090       3.346275199036e-11       6.514739697682e-13      -1.555279327848e-12       0.000000000000e+00       3.084898607541e-16       8.592958559568e-17      -7.446713520195e-19 
 2091       3.338906531132e-11       6.479885074496e-13      -1.525171192931e-12       0.000000000000e+00       3.078836966314e-16       8.546045982422e-17      -6.138201583116e-19 
 2092       3.331370490836e-11       6.446623893264e-13      -1.495127996808e-12       0.000000000000e+00       3.072789832121e-16       8.499587917725e-17      -4.846111742446e-19 
 2093       3.323669111328e-11       6.414947264382e-13      -1.465158281544e-12       0.000000000000e+00       3.066757169953e-16       8.453562416270e-17      -3.570425860307e-19 
 2094       3.315804434839e-11       6.384846250757e-13      -1.435270620992e-12       0.000000000000e+00       3.060738944465e-16       8.407947440672e-17      -2.311125580704e-19 
 2095       3.307778512660e-11       6.356311867752e-13      -1.405473620836e-12       0.000000000000e+00       3.054735119976e-16       8.362720865261e-17      -1.068192329207e-19 
 2096       3.299593405155e-11       6.329335083115e-13      -1.375775918624e-12       0.000000000000e+00       3.048745660468e-16       8.317860475974e-17       1.583926873768e-20 
 2097       3.291251181768e-11       6.303906816925e-13      -1.346186183809e-12       0.000000000000e+00       3.042770529585e-16       8.273343970250e-17       1.368648481322e-19 
 2098       3.282753921040e-11       6.280017941525e-13      -1.316713117782e-12       0.000000000000e+00       3.036809690633e-16       8.229148956918e-17       2.562594284307e-19 
 2099       3.274103710617e-11       6.257659281464e-13      -1.287365453915e-12       0.000000000000e+00       3.030863106581e-16       8.185252956096e-17       3.740249547739e-19 
 2100       3.265302647263e-11       6.236821613428e-13      -1.258151957596e-12       0.000000000000e+00       3.024930740057e-16       8.141633399080e-17       4.901633943074e-19 
 2101       3.256352836868e-11       6.217495666185e-13      -1.229081426264e-12       0.000000000000e+00       3.019012553351e-16       8.098267628237e-17       6.046767362140e-19 
 2102       3.247256394463e-11       6.199672120519e-13      -1.200162689451e-12       0.000000000000e+00       3.013108508412e-16       8.055132896901e-17       7.175669917460e-19 
 2103       3.238015444230e-11       6.183341609170e-13      -1.171404608817e-12       0.000000000000e+00       3.007218566848e-16       8.012206369261e-17       8.288361942572e-19 
 2104       3.228632119512e-11       6.168494716769e-13      -1.142816078189e-12       0.000000000000e+00       3.001342689928e-16       7.969465120258e-17       9.384863992355e-19 
 2105       3.219108562828e-11       6.155121979778e-13      -1.114406023597e-12       0.000000000000e+00       2.995480838578e-16       7.926886135478e-17       1.046519684335e-18 
 2106       3.209446925877e-11       6.143213886427e-13      -1.086183403312e-12       0.000000000000e+00       2.989632973382e-16       7.884446311041e-17       1.152938149408e-18 
 2107       3.199649369559e-11       6.132760876653e-13      -1.058157207883e-12       0.000000000000e+00       2.983799054583e-16       7.842122453498e-17       1.257743916537e-18 
 2108       3.189718063979e-11       6.123753342036e-13      -1.030336460177e-12       0.000000000000e+00       2.977979042079e-16       7.799891279721e-17       1.360939130068e-18 
 2109       3.179655188460e-11       6.116181625740e-13      -1.002730215414e-12       0.000000000000e+00       2.972172895425e-16       7.757729416798e-17       1.462525956642e-18 
 2110       3.169462931556e-11       6.110036022444e-13      -9.753475612053e-13       0.000000000000e+00       2.966380573833e-16       7.715613401926e-17       1.562506585227e-18 
 2111       3.159143491061e-11       6.105306778291e-13      -9.481976175918e-13       0.000000000000e+00       2.960602036170e-16       7.673519682301e-17       1.660883227151e-18 
 2112       3.148699074024e-11       6.101984090813e-13      -9.212895370804e-13       0.000000000000e+00       2.954837240958e-16       7.631424615013e-17       1.757658116134e-18 
 2113       3.138131896754e-11       6.100058108880e-13      -8.946325046818e-13       0.000000000000e+00       2.949086146373e-16       7.589304466942e-17       1.852833508319e-18 
 2114       3.127444184838e-11       6.099518932631e-13      -8.682357379489e-13       0.000000000000e+00       2.943348710244e-16       7.547135414642e-17       1.946411682306e-18 
 2115       3.116638173148e-11       6.100356613413e-13      -8.421084870131e-13       0.000000000000e+00       2.937624890058e-16       7.504893544246e-17       2.038394939184e-18 
 2116       3.105716105854e-11       6.102561153723e-13      -8.162600346231e-13       0.000000000000e+00       2.931914642949e-16       7.462554851347e-17       2.128785602561e-18 
 2117       3.094680236435e-11       6.106122507139e-13      -7.906996961814e-13       0.000000000000e+00       2.926217925708e-16       7.420095240900e-17       2.217586018599e-18 
 2118       3.083532827690e-11       6.111030578263e-13      -7.654368197825e-13       0.000000000000e+00       2.920534694776e-16       7.377490527111e-17       2.304798556046e-18 
 2119       3.072276151749e-11       6.117275222657e-13      -7.404807862500e-13       0.000000000000e+00       2.914864906245e-16       7.334716433327e-17       2.390425606267e-18 
 2120       3.060912490086e-11       6.124846246783e-13      -7.158410091746e-13       0.000000000000e+00       2.909208515860e-16       7.291748591936e-17       2.474469583276e-18 
 2121       3.049444133528e-11       6.133733407937e-13      -6.915269349514e-13       0.000000000000e+00       2.903565479015e-16       7.248562544255e-17       2.556932923769e-18 
 2122       3.037873382267e-11       6.143926414188e-13      -6.675480428173e-13       0.000000000000e+00       2.897935750755e-16       7.205133740422e-17       2.637818087157e-18 
 2123       3.026202545874e-11       6.155414924319e-13      -6.439138448888e-13       0.000000000000e+00       2.892319285772e-16       7.161437539293e-17       2.717127555597e-18 
 2124       3.014433943304e-11       6.168188547762e-13      -6.206338861995e-13       0.000000000000e+00       2.886716038411e-16       7.117449208332e-17       2.794863834024e-18 
 2125       3.002569902916e-11       6.182236844535e-13      -5.977177447376e-13       0.000000000000e+00       2.881125962662e-16       7.073143923506e-17       2.871029450184e-18 
 2126       2.990612857275e-11       6.197547260764e-13      -5.751738302429e-13       0.000000000000e+00       2.875549015147e-16       7.028503461707e-17       2.945634423871e-18 
 2127       2.978565628287e-11       6.214098919827e-13      -5.530057714834e-13       0.000000000000e+00       2.869985164091e-16       6.983536328625e-17       3.018718730776e-18 
 2128       2.966431144053e-11       6.231868788336e-13      -5.312160041783e-13       0.000000000000e+00       2.864434380408e-16       6.938257769251e-17       3.090329993372e-18 
 2129       2.954212344264e-11       6.250833736553e-13      -5.098069699860e-13       0.000000000000e+00       2.858896634729e-16       6.892683088001e-17       3.160516025991e-18 
 2130       2.941912180210e-11       6.270970538278e-13      -4.887811165095e-13       0.000000000000e+00       2.853371897394e-16       6.846827648783e-17       3.229324835043e-18 
 2131       2.929533614800e-11       6.292255870728e-13      -4.681408973023e-13       0.000000000000e+00       2.847860138461e-16       6.800706875072e-17       3.296804619260e-18 
 2132       2.917079622570e-11       6.314666314421e-13      -4.478887718738e-13       0.000000000000e+00       2.842361327699e-16       6.754336249976e-17       3.363003769913e-18 
 2133       2.904553189702e-11       6.338178353062e-13      -4.280272056951e-13       0.000000000000e+00       2.836875434587e-16       6.707731316308e-17       3.427970871052e-18 
 2134       2.891957314034e-11       6.362768373422e-13      -4.085586702047e-13       0.000000000000e+00       2.831402428318e-16       6.660907676660e-17       3.491754699734e-18 
 2135       2.879295005075e-11       6.388412665224e-13      -3.894856428142e-13       0.000000000000e+00       2.825942277798e-16       6.613880993466e-17       3.554404226251e-18 
 2136       2.866569284020e-11       6.415087421022e-13      -3.708106069138e-13       0.000000000000e+00       2.820494951640e-16       6.566666989079e-17       3.615968614363e-18 
 2137       2.853783183760e-11       6.442768736091e-13      -3.525360518781e-13       0.000000000000e+00       2.815060418170e-16       6.519281445841e-17       3.676497221528e-18 
 2138       2.840939748902e-11       6.471432608303e-13      -3.346644730720e-13       0.000000000000e+00       2.809638645425e-16       6.471740206150e-17       3.736039599130e-18 
 2139       2.828042035778e-11       6.501054938015e-13      -3.171983718556e-13       0.000000000000e+00       2.804229601150e-16       6.424059172531e-17       3.794645492714e-18 
 2140       2.815093112459e-11       6.531611527949e-13      -3.001402555909e-13       0.000000000000e+00       2.798833252800e-16       6.376254307712e-17       3.852364842213e-18 
 2141       2.802096058772e-11       6.563078083075e-13      -2.834926376467e-13       0.000000000000e+00       2.793449567538e-16       6.328341634686e-17       3.909247782179e-18 
 2142       2.789053966309e-11       6.595430210498e-13      -2.672580374044e-13       0.000000000000e+00       2.788078512238e-16       6.280337236789e-17       3.965344642015e-18 
 2143       2.775969938446e-11       6.628643419337e-13      -2.514389802642e-13       0.000000000000e+00       2.782720053478e-16       6.232257257767e-17       4.020705946202e-18 
 2144       2.762847090354e-11       6.662693120609e-13      -2.360379976500e-13       0.000000000000e+00       2.777374157548e-16       6.184117901845e-17       4.075382414535e-18 
 2145       2.749688549012e-11       6.697554627112e-13      -2.210576270156e-13       0.000000000000e+00       2.772040790442e-16       6.135935433801e-17       4.129424962348e-18 
 2146       2.736497453223e-11       6.733203153311e-13      -2.065004118501e-13       0.000000000000e+00       2.766719917862e-16       6.087726179035e-17       4.182884700746e-18 
 2147       2.723276953627e-11       6.769613815215e-13      -1.923689016838e-13       0.000000000000e+00       2.761411505217e-16       6.039506523640e-17       4.235812936839e-18 
 2148       2.710030212713e-11       6.806761630267e-13      -1.786656520936e-13       0.000000000000e+00       2.756115517621e-16       5.991292914469e-17       4.288261173967e-18 
 2149       2.696760404836e-11       6.844621517221e-13      -1.653932247089e-13       0.000000000000e+00       2.750831919894e-16       5.943101859213e-17       4.340281111933e-18 
 2150       2.683470716229e-11       6.883168296030e-13      -1.525541872172e-13       0.000000000000e+00       2.745560676560e-16       5.894949926462e-17       4.391924647235e-18 
 2151       2.670164345016e-11       6.922376687724e-13      -1.401511133697e-13       0.000000000000e+00       2.740301751850e-16       5.846853745785e-17       4.443243873293e-18 
 2152       2.656844501227e-11       6.962221314299e-13      -1.281865829870e-13       0.000000000000e+00       2.735055109696e-16       5.798830007793e-17       4.494291080684e-18 
 2153       2.643514406814e-11       7.002676698596e-13      -1.166631819648e-13       0.000000000000e+00       2.729820713737e-16       5.750895464213e-17       4.545118757366e-18 
 2154       2.630177295658e-11       7.043717264183e-13      -1.055835022797e-13       0.000000000000e+00       2.724598527314e-16       5.703066927960e-17       4.595779588916e-18 
 2155       2.616836413592e-11       7.085317335242e-13      -9.495014199442e-14       0.000000000000e+00       2.719388513472e-16       5.655361273201e-17       4.646326458754e-18 
 2156       2.603495018407e-11       7.127451136450e-13      -8.476570526407e-14       0.000000000000e+00       2.714190634955e-16       5.607795435436e-17       4.696812448377e-18 
 2157       2.590156379869e-11       7.170092792862e-13      -7.503280234136e-14       0.000000000000e+00       2.709004854214e-16       5.560386411557e-17       4.747290837590e-18 
 2158       2.576823779734e-11       7.213216329794e-13      -6.575404958251e-14       0.000000000000e+00       2.703831133400e-16       5.513151259927e-17       4.797815104731e-18 
 2159       2.563500511759e-11       7.256795672706e-13      -5.693206945281e-14       0.000000000000e+00       2.698669434363e-16       5.466107100447e-17       4.848438926910e-18 
 2160       2.550189881718e-11       7.300804647087e-13      -4.856949053232e-14       0.000000000000e+00       2.693519718656e-16       5.419271114627e-17       4.899216180232e-18 
 2161       2.536895207416e-11       7.345216978334e-13      -4.066894752156e-14       0.000000000000e+00       2.688381947534e-16       5.372660545656e-17       4.950200940031e-18 
 2162       2.523619818701e-11       7.390006291640e-13      -3.323308124715e-14       0.000000000000e+00       2.683256081949e-16       5.326292698474e-17       5.001447481100e-18 
 2163       2.510367057477e-11       7.435146111872e-13      -2.626453866750e-14       0.000000000000e+00       2.678142082554e-16       5.280184939839e-17       5.053010277922e-18 
 2164       2.497140277722e-11       7.480609863459e-13      -1.976597287845e-14       0.000000000000e+00       2.673039909702e-16       5.234354698404e-17       5.104944004899e-18 
 2165       2.483942643520e-11       7.526371541866e-13      -1.373897864377e-14       0.000000000000e+00       2.667949526330e-16       5.188815812384e-17       5.157291264869e-18 
 2166       2.470776521650e-11       7.572407733226e-13      -8.180891108277e-15       0.000000000000e+00       2.662870906645e-16       5.143567545452e-17       5.210045683517e-18 
 2167       2.457644084917e-11       7.618695608131e-13      -3.087965450116e-15       0.000000000000e+00       2.657804027500e-16       5.098605496714e-17       5.263188565879e-18 
 2168       2.444547513767e-11       7.665212251180e-13       1.543560630965e-15       0.000000000000e+00       2.652748865506e-16       5.053925246345e-17       5.316701145320e-18 
 2169       2.431488996299e-11       7.711934660877e-13       5.717466935165e-15       0.000000000000e+00       2.647705397037e-16       5.009522355559e-17       5.370564583450e-18 
 2170       2.418470728268e-11       7.758839749533e-13       9.437550784208e-15       0.000000000000e+00       2.642673598230e-16       4.965392366591e-17       5.424759970035e-18 
 2171       2.405494913096e-11       7.805904343167e-13       1.270762704291e-14       0.000000000000e+00       2.637653444979e-16       4.921530802671e-17       5.479268322921e-18 
 2172       2.392563761884e-11       7.853105181401e-13       1.553152814076e-14       0.000000000000e+00       2.632644912940e-16       4.877933168005e-17       5.534070587944e-18 
 2173       2.379679493415e-11       7.900418917367e-13       1.791310409346e-14       0.000000000000e+00       2.627647977529e-16       4.834594947746e-17       5.589147638849e-18 
 2174       2.366844334166e-11       7.947822117604e-13       1.985622252453e-14       0.000000000000e+00       2.622662613922e-16       4.791511607979e-17       5.644480277208e-18 
 2175       2.354060518317e-11       7.995291261959e-13       2.136476868687e-14       0.000000000000e+00       2.617688797052e-16       4.748678595688e-17       5.700049232333e-18 
 2176       2.341330287755e-11       8.042802743484e-13       2.244264548431e-14       0.000000000000e+00       2.612726501614e-16       4.706091338744e-17       5.755835161197e-18 
 2177       2.328655892091e-11       8.090332868341e-13       2.309377349321e-14       0.000000000000e+00       2.607775702058e-16       4.663745245874e-17       5.811818648344e-18 
 2178       2.316039588661e-11       8.137857855702e-13       2.332209098400e-14       0.000000000000e+00       2.602836372597e-16       4.621635706639e-17       5.867980205812e-18 
 2179       2.303483642537e-11       8.185353837644e-13       2.313155394278e-14       0.000000000000e+00       2.597908487196e-16       4.579758091418e-17       5.924300273044e-18 
 2180       2.290990326537e-11       8.232796859055e-13       2.252613609286e-14       0.000000000000e+00       2.592992019582e-16       4.538107751373e-17       5.980759216810e-18 
 2181       2.278561921234e-11       8.280162877532e-13       2.150982891636e-14       0.000000000000e+00       2.588086943237e-16       4.496680018439e-17       6.037337331119e-18 
 2182       2.266200714961e-11       8.327427763280e-13       2.008664167576e-14       0.000000000000e+00       2.583193231400e-16       4.455470205291e-17       6.094014837134e-18 
 2183       2.253909003823e-11       8.374567299015e-13       1.826060143547e-14       0.000000000000e+00       2.578310857067e-16       4.414473605326e-17       6.150771883095e-18 
 2184       2.241689091705e-11       8.421557179862e-13       1.603575308341e-14       0.000000000000e+00       2.573439792990e-16       4.373685492639e-17       6.207588544230e-18 
 2185       2.229543290280e-11       8.468373013256e-13       1.341615935260e-14       0.000000000000e+00       2.568580011676e-16       4.333101122001e-17       6.264444822673e-18 
 2186       2.217473919018e-11       8.514990318842e-13       1.040590084266e-14       0.000000000000e+00       2.563731485388e-16       4.292715728832e-17       6.321320647381e-18 
 2187       2.205483305195e-11       8.561384528377e-13       7.009076041473e-15       0.000000000000e+00       2.558894186145e-16       4.252524529185e-17       6.378195874048e-18 
 2188       2.193573783898e-11       8.607530985627e-13       3.229801346685e-15       0.000000000000e+00       2.554068085718e-16       4.212522719717e-17       6.435050285025e-18 
 2189       2.181747698043e-11       8.653404946270e-13      -9.277889126937e-16       0.000000000000e+00       2.549253155635e-16       4.172705477667e-17       6.491863589234e-18 
 2190       2.170007398371e-11       8.698981577795e-13      -5.459542454726e-15       0.000000000000e+00       2.544449367177e-16       4.133067960837e-17       6.548615422086e-18 
 2191       2.158355243467e-11       8.744235959402e-13      -1.036128902297e-14       0.000000000000e+00       2.539656691378e-16       4.093605307564e-17       6.605285345396e-18 
 2192       2.146793599764e-11       8.789143081903e-13      -1.562884036493e-14       0.000000000000e+00       2.534875099027e-16       4.054312636699e-17       6.661852847298e-18 
 2193       2.135324841551e-11       8.833677847624e-13      -2.125799021046e-14       0.000000000000e+00       2.530104560663e-16       4.015185047588e-17       6.718297342166e-18 
 2194       2.123951350986e-11       8.877815070300e-13      -2.724451425021e-14       0.000000000000e+00       2.525345046581e-16       3.976217620040e-17       6.774598170527e-18 
 2195       2.112675518098e-11       8.921529474980e-13      -3.358417011403e-14       0.000000000000e+00       2.520596526827e-16       3.937405414314e-17       6.830734598976e-18 
 2196       2.101499740801e-11       8.964795697927e-13      -4.027269734946e-14       0.000000000000e+00       2.515858971197e-16       3.898743471088e-17       6.886685820099e-18 
 2197       2.090426424902e-11       9.007588286515e-13      -4.730581740008e-14       0.000000000000e+00       2.511132349242e-16       3.860226811442e-17       6.942430952381e-18 
 2198       2.079457984106e-11       9.049881699132e-13      -5.467923358401e-14       0.000000000000e+00       2.506416630262e-16       3.821850436831e-17       6.997949040127e-18 
 2199       2.068596840030e-11       9.091650305079e-13      -6.238863107230e-14       0.000000000000e+00       2.501711783308e-16       3.783609329065e-17       7.053219053380e-18 
 2200       2.057845422207e-11       9.132868384473e-13      -7.042967686735e-14       0.000000000000e+00       2.497017777181e-16       3.745498450282e-17       7.108219887834e-18 
 2201       2.047206168097e-11       9.173510128143e-13      -7.879801978140e-14       0.000000000000e+00       2.492334580435e-16       3.707512742930e-17       7.162930364750e-18 
 2202       2.036681523095e-11       9.213549637531e-13      -8.748929041487e-14       0.000000000000e+00       2.487662161370e-16       3.669647129742e-17       7.217329230876e-18 
 2203       2.026273940540e-11       9.252960924597e-13      -9.649910113487e-14       0.000000000000e+00       2.483000488038e-16       3.631896513710e-17       7.271395158362e-18 
 2204       2.015985540742e-11       9.291720491955e-13      -1.058226363816e-13       0.000000000000e+00       2.478349529490e-16       3.594257854771e-17       7.325101390377e-18 
 2205       2.005817085576e-11       9.329815092232e-13      -1.154534206569e-13       0.000000000000e+00       2.473709259530e-16       3.556736414964e-17       7.378399639270e-18 
 2206       1.995768997093e-11       9.367234020055e-13      -1.253845423095e-13       0.000000000000e+00       2.469079652987e-16       3.519339554708e-17       7.431236081292e-18 
 2207       1.985841697887e-11       9.403966536448e-13      -1.356090624320e-13       0.000000000000e+00       2.464460684465e-16       3.482074659887e-17       7.483556700966e-18 
 2208       1.976035611091e-11       9.440001868795e-13      -1.461200148298e-13       0.000000000000e+00       2.459852328343e-16       3.444949141889e-17       7.535307290875e-18 
 2209       1.966351160379e-11       9.475329210812e-13      -1.569104059889e-13       0.000000000000e+00       2.455254558774e-16       3.407970437622e-17       7.586433451441e-18 
 2210       1.956788769966e-11       9.509937722501e-13      -1.679732150444e-13       0.000000000000e+00       2.450667349686e-16       3.371146009552e-17       7.636880590712e-18 
 2211       1.947348864609e-11       9.543816530122e-13      -1.793013937488e-13       0.000000000000e+00       2.446090674782e-16       3.334483345726e-17       7.686593924148e-18 
 2212       1.938031869606e-11       9.576954726150e-13      -1.908878664403e-13       0.000000000000e+00       2.441524507537e-16       3.297989959803e-17       7.735518474399e-18 
 2213       1.928838210796e-11       9.609341369245e-13      -2.027255300111e-13       0.000000000000e+00       2.436968821200e-16       3.261673391080e-17       7.783599071098e-18 
 2214       1.919768314563e-11       9.640965484213e-13      -2.148072538758e-13       0.000000000000e+00       2.432423588794e-16       3.225541204522e-17       7.830780350638e-18 
 2215       1.910822607828e-11       9.671816061970e-13      -2.271258799396e-13       0.000000000000e+00       2.427888783113e-16       3.189600990791e-17       7.877006755958e-18 
 2216       1.902001518060e-11       9.701882059506e-13      -2.396742225667e-13       0.000000000000e+00       2.423364376727e-16       3.153860366272e-17       7.922222536329e-18 
 2217       1.893305473267e-11       9.731152399851e-13      -2.524450685487e-13       0.000000000000e+00       2.418850341973e-16       3.118326973102e-17       7.966371747138e-18 
 2218       1.884734902000e-11       9.759615972034e-13      -2.654311770724e-13       0.000000000000e+00       2.414346650965e-16       3.083008479200e-17       8.009398249670e-18 
 2219       1.876290233355e-11       9.787261631054e-13      -2.786252796889e-13       0.000000000000e+00       2.409853275586e-16       3.047912578295e-17       8.051245710893e-18 
 2220       1.867971896969e-11       9.814078197838e-13      -2.920200802815e-13       0.000000000000e+00       2.405370187489e-16       3.013046989951e-17       8.091857603245e-18 
 2221       1.859780323025e-11       9.840054459208e-13      -3.056082550338e-13       0.000000000000e+00       2.400897358101e-16       2.978419459599e-17       8.131177204414e-18 
 2222       1.851715942247e-11       9.865179167843e-13      -3.193824523983e-13       0.000000000000e+00       2.396434758618e-16       2.944037758565e-17       8.169147597124e-18 
 2223       1.843779185905e-11       9.889441042245e-13      -3.333352930649e-13       0.000000000000e+00       2.391982360005e-16       2.909909684096e-17       8.205711668921e-18 
 2224       1.835970485812e-11       9.912828766702e-13      -3.474593699288e-13       0.000000000000e+00       2.387540132999e-16       2.876043059391e-17       8.240812111955e-18 
 2225       1.828290274326e-11       9.935330991252e-13      -3.617472480590e-13       0.000000000000e+00       2.383108048107e-16       2.842445733628e-17       8.274391422764e-18 
 2226       1.820738984348e-11       9.956936331647e-13      -3.761914646665e-13       0.000000000000e+00       2.378686075602e-16       2.809125581991e-17       8.306391902059e-18 
 2227       1.813317049327e-11       9.977633369316e-13      -3.907845290730e-13       0.000000000000e+00       2.374274185531e-16       2.776090505701e-17       8.336755654510e-18 
 2228       1.806024903253e-11       9.997410651331e-13      -4.055189226787e-13       0.000000000000e+00       2.369872347704e-16       2.743348432042e-17       8.365424588525e-18 
 2229       1.798862980666e-11       1.001625669037e-12      -4.203870989309e-13       0.000000000000e+00       2.365480531705e-16       2.710907314393e-17       8.392340416042e-18 
 2230       1.791831716646e-11       1.003415996468e-12      -4.353814832922e-13       0.000000000000e+00       2.361098706882e-16       2.678775132249e-17       8.417444652304e-18 
 2231       1.784931546822e-11       1.005110891804e-12      -4.504944732092e-13       0.000000000000e+00       2.356726842352e-16       2.646959891259e-17       8.440678615653e-18 
 2232       1.778162907369e-11       1.006709195973e-12      -4.657184380801e-13       0.000000000000e+00       2.352364907001e-16       2.615469623247e-17       8.461983427305e-18 
 2233       1.771526235008e-11       1.008209746450e-12      -4.810457192235e-13       0.000000000000e+00       2.348012869480e-16       2.584312386241e-17       8.481300011141e-18 
 2234       1.765021967004e-11       1.009611377250e-12      -4.964686298467e-13       0.000000000000e+00       2.343670698207e-16       2.553496264506e-17       8.498569093487e-18 
 2235       1.758650541170e-11       1.010912918929e-12      -5.119794550140e-13       0.000000000000e+00       2.339338361367e-16       2.523029368567e-17       8.513731202901e-18 
 2236       1.752412395868e-11       1.012113198578e-12      -5.275704516148e-13       0.000000000000e+00       2.335015826912e-16       2.492919835242e-17       8.526726669956e-18 
 2237       1.746307970003e-11       1.013211039821e-12      -5.432338483320e-13       0.000000000000e+00       2.330703062559e-16       2.463175827666e-17       8.537495627024e-18 
 2238       1.740337703031e-11       1.014205262807e-12      -5.589618456106e-13       0.000000000000e+00       2.326400035790e-16       2.433805535321e-17       8.545978008060e-18 
 2239       1.734502034951e-11       1.015094684212e-12      -5.747466156257e-13       0.000000000000e+00       2.322106713853e-16       2.404817174065e-17       8.552113548387e-18 
 2240       1.728801406314e-11       1.015878117232e-12      -5.905803022508e-13       0.000000000000e+00       2.317823063761e-16       2.376218986161e-17       8.555841784480e-18 
 2241       1.723236258216e-11       1.016554371582e-12      -6.064550210262e-13       0.000000000000e+00       2.313549052290e-16       2.348019240304e-17       8.557102053751e-18 
 2242       1.717807032303e-11       1.017122253488e-12      -6.223628591276e-13       0.000000000000e+00       2.309284645984e-16       2.320226231647e-17       8.555833494331e-18 
 2243       1.712513895805e-11       1.017580848475e-12      -6.382962296133e-13       0.000000000000e+00       2.305029813200e-16       2.292846094595e-17       8.551994370737e-18 
 2244       1.707355914699e-11       1.017930371738e-12      -6.542489367582e-13       0.000000000000e+00       2.300784530293e-16       2.265876225504e-17       8.545620189160e-18 
 2245       1.702331875150e-11       1.018171323313e-12      -6.702151176103e-13       0.000000000000e+00       2.296548775473e-16       2.239311817108e-17       8.536765961063e-18 
 2246       1.697440557977e-11       1.018304205796e-12      -6.861888883191e-13       0.000000000000e+00       2.292322526759e-16       2.213148041833e-17       8.525486911981e-18 
 2247       1.692680738652e-11       1.018329524346e-12      -7.021643441130e-13       0.000000000000e+00       2.288105761975e-16       2.187380051777e-17       8.511838481769e-18 
 2248       1.688051187288e-11       1.018247786690e-12      -7.181355592755e-13       0.000000000000e+00       2.283898458752e-16       2.162002978682e-17       8.495876324845e-18 
 2249       1.683550668634e-11       1.018059503123e-12      -7.340965871220e-13       0.000000000000e+00       2.279700594529e-16       2.137011933915e-17       8.477656310439e-18 
 2250       1.679177942070e-11       1.017765186515e-12      -7.500414599770e-13       0.000000000000e+00       2.275512146547e-16       2.112402008441e-17       8.457234522833e-18 
 2251       1.674931761601e-11       1.017365352310e-12      -7.659641891502e-13       0.000000000000e+00       2.271333091858e-16       2.088168272799e-17       8.434667261609e-18 
 2252       1.670810875847e-11       1.016860518533e-12      -7.818587649140e-13       0.000000000000e+00       2.267163407314e-16       2.064305777080e-17       8.410011041892e-18 
 2253       1.666814028042e-11       1.016251205789e-12      -7.977191564796e-13       0.000000000000e+00       2.263003069576e-16       2.040809550901e-17       8.383322594597e-18 
 2254       1.662939956023e-11       1.015537937271e-12      -8.135393119742e-13       0.000000000000e+00       2.258852055109e-16       2.017674603385e-17       8.354658866674e-18 
 2255       1.659187392226e-11       1.014721238760e-12      -8.293131584176e-13       0.000000000000e+00       2.254710340181e-16       1.994895923132e-17       8.324077021349e-18 
 2256       1.655555063679e-11       1.013801638627e-12      -8.450346016987e-13       0.000000000000e+00       2.250577900866e-16       1.972468478200e-17       8.291634438375e-18 
 2257       1.652041691998e-11       1.012779667839e-12      -8.606975265530e-13       0.000000000000e+00       2.246454713042e-16       1.950387216076e-17       8.257388714273e-18 
 2258       1.648645993376e-11       1.011655859963e-12      -8.762957965384e-13       0.000000000000e+00       2.242340752390e-16       1.928647063658e-17       8.221397662576e-18 
 2259       1.645366678579e-11       1.010430751164e-12      -8.918232540128e-13       0.000000000000e+00       2.238235994396e-16       1.907242927227e-17       8.183719314078e-18 
 2260       1.642202452943e-11       1.009104880214e-12      -9.072737201103e-13       0.000000000000e+00       2.234140414346e-16       1.886169692424e-17       8.144411917077e-18 
 2261       1.639152016361e-11       1.007678788489e-12      -9.226409947182e-13       0.000000000000e+00       2.230053987334e-16       1.865422224228e-17       8.103533937618e-18 
 2262       1.636214063281e-11       1.006153019979e-12      -9.379188564539e-13       0.000000000000e+00       2.225976688252e-16       1.844995366930e-17       8.061144059740e-18 
 2263       1.633387282702e-11       1.004528121286e-12      -9.531010626413e-13       0.000000000000e+00       2.221908491798e-16       1.824883944110e-17       8.017301185721e-18 
 2264       1.630670358160e-11       1.002804641630e-12      -9.681813492878e-13       0.000000000000e+00       2.217849372470e-16       1.805082758613e-17       7.972064436324e-18 
 2265       1.628061967729e-11       1.000983132850e-12      -9.831534310609e-13       0.000000000000e+00       2.213799304568e-16       1.785586592526e-17       7.925493151039e-18 
 2266       1.625560784012e-11       9.990641494073e-13      -9.980110012653e-13       0.000000000000e+00       2.209758262196e-16       1.766390207153e-17       7.877646888329e-18 
 2267       1.623165474132e-11       9.970482483917e-13      -1.012747731819e-12       0.000000000000e+00       2.205726219256e-16       1.747488342991e-17       7.828585425877e-18 
 2268       1.620874699731e-11       9.949359895210e-13      -1.027357273232e-12       0.000000000000e+00       2.201703149454e-16       1.728875719708e-17       7.778368760828e-18 
 2269       1.618687116959e-11       9.927279351456e-13      -1.041833254578e-12       0.000000000000e+00       2.197689026296e-16       1.710547036117e-17       7.727057110037e-18 
 2270       1.616601376470e-11       9.904246502520e-13      -1.056169283479e-12       0.000000000000e+00       2.193683823087e-16       1.692496970156e-17       7.674710910312e-18 
 2271       1.614616123416e-11       9.880267024652e-13      -1.070358946076e-12       0.000000000000e+00       2.189687512934e-16       1.674720178857e-17       7.621390818658e-18 
 2272       1.612729997440e-11       9.855346620523e-13      -1.084395807006e-12       0.000000000000e+00       2.185700068745e-16       1.657211298329e-17       7.567157712524e-18 
 2273       1.610941632666e-11       9.829491019254e-13      -1.098273409382e-12       0.000000000000e+00       2.181721463226e-16       1.639964943732e-17       7.512072690048e-18 
 2274       1.609249657701e-11       9.802705976450e-13      -1.111985274769e-12       0.000000000000e+00       2.177751668883e-16       1.622975709252e-17       7.456197070300e-18 
 2275       1.607652695621e-11       9.774997274228e-13      -1.125524903156e-12       0.000000000000e+00       2.173790658021e-16       1.606238168079e-17       7.399592393530e-18 
 2276       1.606149363969e-11       9.746370721251e-13      -1.138885772942e-12       0.000000000000e+00       2.169838402745e-16       1.589746872381e-17       7.342320421410e-18 
 2277       1.604738274744e-11       9.716832152758e-13      -1.152061340902e-12       0.000000000000e+00       2.165894874957e-16       1.573496353283e-17       7.284443137278e-18 
 2278       1.603418034402e-11       9.686387430597e-13      -1.165045042173e-12       0.000000000000e+00       2.161960046360e-16       1.557481120839e-17       7.226022746389e-18 
 2279       1.602187243842e-11       9.655042443254e-13      -1.177830290225e-12       0.000000000000e+00       2.158033888453e-16       1.541695664013e-17       7.167121676154e-18 
 2280       1.601044498406e-11       9.622803105886e-13      -1.190410476839e-12       0.000000000000e+00       2.154116372534e-16       1.526134450653e-17       7.107802576386e-18 
 2281       1.599988387868e-11       9.589675360353e-13      -1.202778972087e-12       0.000000000000e+00       2.150207469697e-16       1.510791927466e-17       7.048128319548e-18 
 2282       1.599017418049e-11       9.555666729722e-13      -1.214929908100e-12       0.000000000000e+00       2.146307153266e-16       1.495663981781e-17       6.988158365891e-18 
 2283       1.598129775123e-11       9.520790992626e-13      -1.226860535929e-12       0.000000000000e+00       2.142415406090e-16       1.480752337128e-17       6.927937832903e-18 
 2284       1.597323559784e-11       9.485063538960e-13      -1.238568883762e-12       0.000000000000e+00       2.138532213293e-16       1.466060185812e-17       6.867508356224e-18 
 2285       1.596596865487e-11       9.448499818192e-13      -1.250052974494e-12       0.000000000000e+00       2.134657559847e-16       1.451590729696e-17       6.806911718542e-18 
 2286       1.595947778433e-11       9.411115339431e-13      -1.261310825721e-12       0.000000000000e+00       2.130791430569e-16       1.437347180214e-17       6.746189849758e-18 
 2287       1.595374377565e-11       9.372925671499e-13      -1.272340449736e-12       0.000000000000e+00       2.126933810127e-16       1.423332758378e-17       6.685384827142e-18 
 2288       1.594874734558e-11       9.333946442990e-13      -1.283139853525e-12       0.000000000000e+00       2.123084683033e-16       1.409550694789e-17       6.624538875498e-18 
 2289       1.594446913813e-11       9.294193342344e-13      -1.293707038759e-12       0.000000000000e+00       2.119244033647e-16       1.396004229646e-17       6.563694367324e-18 
 2290       1.594088972447e-11       9.253682117912e-13      -1.304040001791e-12       0.000000000000e+00       2.115411846176e-16       1.382696612759e-17       6.502893822973e-18 
 2291       1.593798960286e-11       9.212428578020e-13      -1.314136733649e-12       0.000000000000e+00       2.111588104674e-16       1.369631103555e-17       6.442179910814e-18 
 2292       1.593574919854e-11       9.170448591043e-13      -1.323995220034e-12       0.000000000000e+00       2.107772793040e-16       1.356810971088e-17       6.381595447395e-18 
 2293       1.593414886370e-11       9.127758085465e-13      -1.333613441311e-12       0.000000000000e+00       2.103965895020e-16       1.344239494051e-17       6.321183397602e-18 
 2294       1.593316887734e-11       9.084373049952e-13      -1.342989372505e-12       0.000000000000e+00       2.100167394205e-16       1.331919960786e-17       6.260986874822e-18 
 2295       1.593278944526e-11       9.040309533414e-13      -1.352120983298e-12       0.000000000000e+00       2.096377274032e-16       1.319855669293e-17       6.201049141103e-18 
 2296       1.593299069989e-11       8.995583645078e-13      -1.361006238022e-12       0.000000000000e+00       2.092595517784e-16       1.308049927237e-17       6.141413607316e-18 
 2297       1.593375270029e-11       8.950211554549e-13      -1.369643095653e-12       0.000000000000e+00       2.088822108589e-16       1.296506051963e-17       6.082123833315e-18 
 2298       1.593505543201e-11       8.904209491882e-13      -1.378029509807e-12       0.000000000000e+00       2.085057029419e-16       1.285227370503e-17       6.023223528099e-18 
 2299       1.593687880705e-11       8.857593747646e-13      -1.386163428734e-12       0.000000000000e+00       2.081300263092e-16       1.274217219586e-17       5.964756549975e-18 
 2300       1.593920266375e-11       8.810380672995e-13      -1.394042795316e-12       0.000000000000e+00       2.077551792271e-16       1.263478945646e-17       5.906766906717e-18 
 2301       1.594200676673e-11       8.762586679731e-13      -1.401665547056e-12       0.000000000000e+00       2.073811599461e-16       1.253015904838e-17       5.849298755727e-18 
 2302       1.594527080679e-11       8.714228240372e-13      -1.409029616078e-12       0.000000000000e+00       2.070079667014e-16       1.242831463039e-17       5.792396404197e-18 
 2303       1.594897440084e-11       8.665321888222e-13      -1.416132929118e-12       0.000000000000e+00       2.066355977124e-16       1.232928995867e-17       5.736104309272e-18 
 2304       1.595309709181e-11       8.615884217435e-13      -1.422973407524e-12       0.000000000000e+00       2.062640511829e-16       1.223311888683e-17       5.680467078207e-18 
 2305       1.595761834857e-11       8.565931883085e-13      -1.429548967245e-12       0.000000000000e+00       2.058933253012e-16       1.213983536607e-17       5.625529468534e-18 
 2306       1.596251756588e-11       8.515481601230e-13      -1.435857518827e-12       0.000000000000e+00       2.055234182397e-16       1.204947344522e-17       5.571336388216e-18 
 2307       1.596777406425e-11       8.464550148981e-13      -1.441896967413e-12       0.000000000000e+00       2.051543281553e-16       1.196206727089e-17       5.517932895815e-18 
 2308       1.597336708990e-11       8.413154364572e-13      -1.447665212730e-12       0.000000000000e+00       2.047860531892e-16       1.187765108756e-17       5.465364200651e-18 
 2309       1.597927581467e-11       8.361311147419e-13      -1.453160149091e-12       0.000000000000e+00       2.044185914666e-16       1.179625923763e-17       5.413675662960e-18 
 2310       1.598547933594e-11       8.309037458198e-13      -1.458379665383e-12       0.000000000000e+00       2.040519410973e-16       1.171792616158e-17       5.362912794059e-18 
 2311       1.599195667654e-11       8.256350318902e-13      -1.463321645070e-12       0.000000000000e+00       2.036861001751e-16       1.164268639804e-17       5.313121256508e-18 
 2312       1.599868678467e-11       8.203266812916e-13      -1.467983966178e-12       0.000000000000e+00       2.033210667781e-16       1.157057458389e-17       5.264346864267e-18 
 2313       1.600564853384e-11       8.149804085078e-13      -1.472364501299e-12       0.000000000000e+00       2.029568389685e-16       1.150162545436e-17       5.216635582860e-18 
 2314       1.601282072275e-11       8.095979341753e-13      -1.476461117580e-12       0.000000000000e+00       2.025934147928e-16       1.143587384312e-17       5.170033529537e-18 
 2315       1.602018207523e-11       8.041809850893e-13      -1.480271676720e-12       0.000000000000e+00       2.022307922814e-16       1.137335468240e-17       5.124586973432e-18 
 2316       1.602771124018e-11       7.987312942109e-13      -1.483794034965e-12       0.000000000000e+00       2.018689694491e-16       1.131410300307e-17       5.080342335730e-18 
 2317       1.603538679146e-11       7.932506006737e-13      -1.487026043100e-12       0.000000000000e+00       2.015079442946e-16       1.125815393473e-17       5.037346189820e-18 
 2318       1.604318722779e-11       7.877406497904e-13      -1.489965546449e-12       0.000000000000e+00       2.011477148008e-16       1.120554270586e-17       4.995645261463e-18 
 2319       1.605109097272e-11       7.822031930596e-13      -1.492610384866e-12       0.000000000000e+00       2.007882789346e-16       1.115630464383e-17       4.955286428952e-18 
 2320       1.605907637451e-11       7.766399881726e-13      -1.494958392728e-12       0.000000000000e+00       2.004296346469e-16       1.111047517508e-17       4.916316723271e-18 
 2321       1.606712291728e-11       7.710527693570e-13      -1.497008130621e-12       0.000000000000e+00       2.000717799201e-16       1.106807282427e-17       4.878762828389e-18 
 2322       1.607521486287e-11       7.654431581888e-13      -1.498761085422e-12       0.000000000000e+00       1.997147129109e-16       1.102904809439e-17       4.842569440505e-18 
 2323       1.608333763178e-11       7.598127522313e-13      -1.500219484080e-12       0.000000000000e+00       1.993584318082e-16       1.099333426439e-17       4.807660520296e-18 
 2324       1.609147659398e-11       7.541631546530e-13      -1.501385563206e-12       0.000000000000e+00       1.990029347858e-16       1.096086436052e-17       4.773959757185e-18 
 2325       1.609961706888e-11       7.484959742332e-13      -1.502261569079e-12       0.000000000000e+00       1.986482200025e-16       1.093157115608e-17       4.741390569046e-18 
 2326       1.610774432528e-11       7.428128253687e-13      -1.502849757662e-12       0.000000000000e+00       1.982942856019e-16       1.090538717110e-17       4.709876101909e-18 
 2327       1.611584358127e-11       7.371153280796e-13      -1.503152394608e-12       0.000000000000e+00       1.979411297127e-16       1.088224467209e-17       4.679339229662e-18 
 2328       1.612390000422e-11       7.314051080153e-13      -1.503171755276e-12       0.000000000000e+00       1.975887504483e-16       1.086207567176e-17       4.649702553760e-18 
 2329       1.613189871072e-11       7.256837964606e-13      -1.502910124741e-12       0.000000000000e+00       1.972371459068e-16       1.084481192872e-17       4.620888402925e-18 
 2330       1.613982476649e-11       7.199530303417e-13      -1.502369797801e-12       0.000000000000e+00       1.968863141712e-16       1.083038494719e-17       4.592818832856e-18 
 2331       1.614766318638e-11       7.142144522325e-13      -1.501553078994e-12       0.000000000000e+00       1.965362533095e-16       1.081872597679e-17       4.565415625928e-18 
 2332       1.615539893427e-11       7.084697103604e-13      -1.500462282605e-12       0.000000000000e+00       1.961869613743e-16       1.080976601217e-17       4.538600290904e-18 
 2333       1.616301692304e-11       7.027204586124e-13      -1.499099732678e-12       0.000000000000e+00       1.958384364028e-16       1.080343579277e-17       4.512294062632e-18 
 2334       1.617050201451e-11       6.969683565413e-13      -1.497467763030e-12       0.000000000000e+00       1.954906764172e-16       1.079966580257e-17       4.486417901755e-18 
 2335       1.617783901937e-11       6.912150693714e-13      -1.495568717258e-12       0.000000000000e+00       1.951436794244e-16       1.079838626975e-17       4.460892494414e-18 
 2336       1.618501269716e-11       6.854622680053e-13      -1.493404948750e-12       0.000000000000e+00       1.947974434157e-16       1.079952716646e-17       4.435638251953e-18 
 2337       1.619200775618e-11       6.797116290290e-13      -1.490978820702e-12       0.000000000000e+00       1.944519663674e-16       1.080301820850e-17       4.410575310624e-18 
 2338       1.619880885347e-11       6.739648347186e-13      -1.488292706121e-12       0.000000000000e+00       1.941072462403e-16       1.080878885507e-17       4.385623531292e-18 
 2339       1.620540059470e-11       6.682235730464e-13      -1.485348987843e-12       0.000000000000e+00       1.937632809798e-16       1.081676830849e-17       4.360702499138e-18 
 2340       1.621176753419e-11       6.624895376864e-13      -1.482150058539e-12       0.000000000000e+00       1.934200685161e-16       1.082688551388e-17       4.335731523367e-18 
 2341       1.621789417480e-11       6.567644280210e-13      -1.478698320731e-12       0.000000000000e+00       1.930776067637e-16       1.083906915895e-17       4.310629636908e-18 
 2342       1.622376496789e-11       6.510499491465e-13      -1.474996186797e-12       0.000000000000e+00       1.927358936219e-16       1.085324767364e-17       4.285315596125e-18 
 2343       1.622936431327e-11       6.453478118797e-13      -1.471046078989e-12       0.000000000000e+00       1.923949269746e-16       1.086934922990e-17       4.259707880516e-18 
 2344       1.623467655915e-11       6.396597327635e-13      -1.466850429437e-12       0.000000000000e+00       1.920547046899e-16       1.088730174138e-17       4.233724692422e-18 
 2345       1.623968600208e-11       6.339874340732e-13      -1.462411680168e-12       0.000000000000e+00       1.917152246207e-16       1.090703286316e-17       4.207283956728e-18 
 2346       1.624437688689e-11       6.283326438224e-13      -1.457732283108e-12       0.000000000000e+00       1.913764846044e-16       1.092846999149e-17       4.180303320573e-18 
 2347       1.624873340663e-11       6.226970957694e-13      -1.452814700102e-12       0.000000000000e+00       1.910384824627e-16       1.095154026344e-17       4.152700153048e-18 
 2348       1.625273970255e-11       6.170825294227e-13      -1.447661402920e-12       0.000000000000e+00       1.907012160019e-16       1.097617055672e-17       4.124391544907e-18 
 2349       1.625637986400e-11       6.114906900477e-13      -1.442274873267e-12       0.000000000000e+00       1.903646830126e-16       1.100228748932e-17       4.095294308266e-18 
 2350       1.625963792842e-11       6.059233286721e-13      -1.436657602799e-12       0.000000000000e+00       1.900288812700e-16       1.102981741926e-17       4.065324976316e-18 
 2351       1.626249788124e-11       6.003822020926e-13      -1.430812093130e-12       0.000000000000e+00       1.896938085334e-16       1.105868644431e-17       4.034399803018e-18 
 2352       1.626494365585e-11       5.948690728804e-13      -1.424740855845e-12       0.000000000000e+00       1.893594625468e-16       1.108882040171e-17       4.002434762814e-18 
 2353       1.626695913356e-11       5.893857093877e-13      -1.418446412511e-12       0.000000000000e+00       1.890258410383e-16       1.112014486790e-17       3.969345550331e-18 
 2354       1.626852814352e-11       5.839338857533e-13      -1.411931294685e-12       0.000000000000e+00       1.886929417205e-16       1.115258515820e-17       3.935047580085e-18 
 2355       1.626963446267e-11       5.785153819092e-13      -1.405198043932e-12       0.000000000000e+00       1.883607622901e-16       1.118606632657e-17       3.899455986184e-18 
 2356       1.627026181570e-11       5.731319835864e-13      -1.398249211829e-12       0.000000000000e+00       1.880293004283e-16       1.122051316533e-17       3.862485622036e-18 
 2357       1.627039387498e-11       5.677854823205e-13      -1.391087359980e-12       0.000000000000e+00       1.876985538006e-16       1.125585020485e-17       3.824051060054e-18 
 2358       1.627001426050e-11       5.624776754588e-13      -1.383715060025e-12       0.000000000000e+00       1.873685200565e-16       1.129200171330e-17       3.784066591356e-18 
 2359       1.626910653986e-11       5.572103661653e-13      -1.376134893653e-12       0.000000000000e+00       1.870391968299e-16       1.132889169634e-17       3.742446225474e-18 
 2360       1.626765640904e-11       5.519851969101e-13      -1.368349758374e-12       0.000000000000e+00       1.867105818638e-16       1.136646098419e-17       3.699125169467e-18 
 2361       1.626565824976e-11       5.468031487950e-13      -1.360363786881e-12       0.000000000000e+00       1.863826733855e-16       1.140471860906e-17       3.654124411471e-18 
 2362       1.626310861276e-11       5.416650391334e-13      -1.352181433413e-12       0.000000000000e+00       1.860554697339e-16       1.144369074589e-17       3.607486537231e-18 
 2363       1.626000404052e-11       5.365716876886e-13      -1.343807168528e-12       0.000000000000e+00       1.857289692344e-16       1.148340365407e-17       3.559254287237e-18 
 2364       1.625634106733e-11       5.315239166757e-13      -1.335245479127e-12       0.000000000000e+00       1.854031701990e-16       1.152388367749e-17       3.509470556900e-18 
 2365       1.625211621922e-11       5.265225507643e-13      -1.326500868462e-12       0.000000000000e+00       1.850780709267e-16       1.156515724469e-17       3.458178396711e-18 
 2366       1.624732601399e-11       5.215684170813e-13      -1.317577856161e-12       0.000000000000e+00       1.847536697028e-16       1.160725086888e-17       3.405421012416e-18 
 2367       1.624196696120e-11       5.166623452128e-13      -1.308480978245e-12       0.000000000000e+00       1.844299647994e-16       1.165019114809e-17       3.351241765175e-18 
 2368       1.623603556212e-11       5.118051672068e-13      -1.299214787141e-12       0.000000000000e+00       1.841069544750e-16       1.169400476521e-17       3.295684171737e-18 
 2369       1.622952830980e-11       5.069977175759e-13      -1.289783851704e-12       0.000000000000e+00       1.837846369751e-16       1.173871848811e-17       3.238791904603e-18 
 2370       1.622244168900e-11       5.022408332995e-13      -1.280192757236e-12       0.000000000000e+00       1.834630105313e-16       1.178435916971e-17       3.180608792195e-18 
 2371       1.621477217620e-11       4.975353538262e-13      -1.270446105498e-12       0.000000000000e+00       1.831420733621e-16       1.183095374808e-17       3.121178819023e-18 
 2372       1.620651623960e-11       4.928821210766e-13      -1.260548514732e-12       0.000000000000e+00       1.828218236724e-16       1.187852924651e-17       3.060546125852e-18 
 2373       1.619767033910e-11       4.882819794456e-13      -1.250504619678e-12       0.000000000000e+00       1.825022596535e-16       1.192711277361e-17       2.998755009869e-18 
 2374       1.618823092629e-11       4.837357758048e-13      -1.240319071591e-12       0.000000000000e+00       1.821833794835e-16       1.197673152341e-17       2.935849924852e-18 
 2375       1.617819444449e-11       4.792443595049e-13      -1.229996538259e-12       0.000000000000e+00       1.818651813266e-16       1.202741277542e-17       2.871875481337e-18 
 2376       1.616755732866e-11       4.748085823786e-13      -1.219541704021e-12       0.000000000000e+00       1.815476633338e-16       1.207918389474e-17       2.806876446784e-18 
 2377       1.615631600547e-11       4.704292987426e-13      -1.208959269785e-12       0.000000000000e+00       1.812308236425e-16       1.213207233214e-17       2.740897745744e-18 
 2378       1.614446689323e-11       4.661073654003e-13      -1.198253953042e-12       0.000000000000e+00       1.809146603763e-16       1.218610562415e-17       2.673984460029e-18 
 2379       1.613200640194e-11       4.618436416442e-13      -1.187430487891e-12       0.000000000000e+00       1.805991716455e-16       1.224131139315e-17       2.606181828879e-18 
 2380       1.611893093323e-11       4.576389892584e-13      -1.176493625049e-12       0.000000000000e+00       1.802843555465e-16       1.229771734744e-17       2.537535249124e-18 
 2381       1.610523688039e-11       4.534942725211e-13      -1.165448131875e-12       0.000000000000e+00       1.799702101624e-16       1.235535128135e-17       2.468090275361e-18 
 2382       1.609092062836e-11       4.494103582070e-13      -1.154298792382e-12       0.000000000000e+00       1.796567335625e-16       1.241424107532e-17       2.397892620113e-18 
 2383       1.607597855369e-11       4.453881155898e-13      -1.143050407260e-12       0.000000000000e+00       1.793439238024e-16       1.247441469600e-17       2.326988153998e-18 
 2384       1.606040702456e-11       4.414284164448e-13      -1.131707793890e-12       0.000000000000e+00       1.790317789240e-16       1.253590019631e-17       2.255422905902e-18 
 2385       1.604420240078e-11       4.375321350510e-13      -1.120275786363e-12       0.000000000000e+00       1.787202969558e-16       1.259872571554e-17       2.183243063137e-18 
 2386       1.602736103375e-11       4.337001481942e-13      -1.108759235498e-12       0.000000000000e+00       1.784094759121e-16       1.266291947945e-17       2.110494971619e-18 
 2387       1.600987926649e-11       4.299333351688e-13      -1.097163008858e-12       0.000000000000e+00       1.780993137940e-16       1.272850980037e-17       2.037225136024e-18 
 2388       1.599175343360e-11       4.262325777807e-13      -1.085491990770e-12       0.000000000000e+00       1.777898085886e-16       1.279552507722e-17       1.963480219966e-18 
 2389       1.597297986128e-11       4.225987603496e-13      -1.073751082343e-12       0.000000000000e+00       1.774809582691e-16       1.286399379569e-17       1.889307046157e-18 
 2390       1.595355486731e-11       4.190327697115e-13      -1.061945201481e-12       0.000000000000e+00       1.771727607951e-16       1.293394452825e-17       1.814752596578e-18 
 2391       1.593347476101e-11       4.155354952213e-13      -1.050079282908e-12       0.000000000000e+00       1.768652141125e-16       1.300540593430e-17       1.739864012645e-18 
 2392       1.591273584331e-11       4.121078287550e-13      -1.038158278179e-12       0.000000000000e+00       1.765583161532e-16       1.307840676021e-17       1.664688595376e-18 
 2393       1.589133440667e-11       4.087506647124e-13      -1.026187155701e-12       0.000000000000e+00       1.762520648353e-16       1.315297583943e-17       1.589273805560e-18 
 2394       1.586926673510e-11       4.054649000196e-13      -1.014170900750e-12       0.000000000000e+00       1.759464580632e-16       1.322914209258e-17       1.513667263923e-18 
 2395       1.584652910417e-11       4.022514341312e-13      -1.002114515490e-12       0.000000000000e+00       1.756414937272e-16       1.330693452753e-17       1.437916751296e-18 
 2396       1.582311778096e-11       3.991111690330e-13      -9.900230189880e-13       0.000000000000e+00       1.753371697040e-16       1.338638223948e-17       1.362070208782e-18 
 2397       1.579902902409e-11       3.960450092446e-13      -9.779014472343e-13       0.000000000000e+00       1.750334838560e-16       1.346751441108e-17       1.286175737924e-18 
 2398       1.577425908371e-11       3.930538618214e-13      -9.657548531585e-13       0.000000000000e+00       1.747304340322e-16       1.355036031248e-17       1.210281600871e-18 
 2399       1.574880601635e-11       3.901384437957e-13      -9.535881054218e-13       0.000000000000e+00       1.744280182699e-16       1.363492881952e-17       1.134436809482e-18 
 2400       1.572267514172e-11       3.872987032085e-13      -9.414052834139e-13       0.000000000000e+00       1.741262354044e-16       1.372114683154e-17       1.058692896231e-18 
 2401       1.569587361921e-11       3.845343945490e-13      -9.292102785988e-13       0.000000000000e+00       1.738250844634e-16       1.380892047786e-17       9.831021544442e-19 
 2402       1.566840863608e-11       3.818452709938e-13      -9.170069954190e-13       0.000000000000e+00       1.735245644646e-16       1.389815556530e-17       9.077170505229e-19 
 2403       1.564028740747e-11       3.792310844055e-13      -9.047993513093e-13       0.000000000000e+00       1.732246744158e-16       1.398875757778e-17       8.325902241270e-19 
 2404       1.561151717644e-11       3.766915853311e-13      -8.925912767098e-13       0.000000000000e+00       1.729254133150e-16       1.408063167601e-17       7.577744883525e-19 
 2405       1.558210521397e-11       3.742265230006e-13      -8.803867150798e-13       0.000000000000e+00       1.726267801499e-16       1.417368269714e-17       6.833228299113e-19 
 2406       1.555205881906e-11       3.718356453252e-13      -8.681896229112e-13       0.000000000000e+00       1.723287738986e-16       1.426781515444e-17       6.092884093113e-19 
 2407       1.552138531868e-11       3.695186988960e-13      -8.560039697419e-13       0.000000000000e+00       1.720313935288e-16       1.436293323691e-17       5.357245610356e-19 
 2408       1.549009206786e-11       3.672754289823e-13      -8.438337381694e-13       0.000000000000e+00       1.717346379986e-16       1.445894080903e-17       4.626847937224e-19 
 2409       1.545818644969e-11       3.651055795303e-13      -8.316829238641e-13       0.000000000000e+00       1.714385062559e-16       1.455574141033e-17       3.902227903446e-19 
 2410       1.542567587535e-11       3.630088931612e-13      -8.195555355833e-13       0.000000000000e+00       1.711429972384e-16       1.465323825509e-17       3.183924083894e-19 
 2411       1.539256778417e-11       3.609851111698e-13      -8.074555951839e-13       0.000000000000e+00       1.708481098740e-16       1.475133423202e-17       2.472476800379e-19 
 2412       1.535886964361e-11       3.590339735233e-13      -7.953871376368e-13       0.000000000000e+00       1.705538430805e-16       1.484993190389e-17       1.768428123450e-19 
 2413       1.532458894934e-11       3.571552188590e-13      -7.833542110396e-13       0.000000000000e+00       1.702601957656e-16       1.494893350720e-17       1.072321874186e-19 
 2414       1.528973322525e-11       3.553485844838e-13      -7.713608766306e-13       0.000000000000e+00       1.699671668269e-16       1.504824095185e-17       3.847036259978e-20 
 2415       1.525431002346e-11       3.536138063714e-13      -7.594112088020e-13       0.000000000000e+00       1.696747551518e-16       1.514775582078e-17      -2.938792935811e-20 
 2416       1.521832692440e-11       3.519506191621e-13      -7.475092951139e-13       0.000000000000e+00       1.693829596178e-16       1.524737936968e-17      -9.628778010939e-20 
 2417       1.518179153678e-11       3.503587561601e-13      -7.356592363069e-13       0.000000000000e+00       1.690917790922e-16       1.534701252657e-17      -1.621741055366e-19 
 2418       1.514471149767e-11       3.488379493326e-13      -7.238651463165e-13       0.000000000000e+00       1.688012124320e-16       1.544655589154e-17      -2.269916455707e-19 
 2419       1.510709447250e-11       3.473879293083e-13      -7.121311522862e-13       0.000000000000e+00       1.685112584843e-16       1.554590973637e-17      -2.906849640117e-19 
 2420       1.506894815512e-11       3.460084253754e-13      -7.004613945809e-13       0.000000000000e+00       1.682219160858e-16       1.564497400418e-17      -3.531984483489e-19 
 2421       1.503028026779e-11       3.446991654805e-13      -6.888600268005e-13       0.000000000000e+00       1.679331840633e-16       1.574364830915e-17      -4.144763095809e-19 
 2422       1.499109856123e-11       3.434598762268e-13      -6.773312157934e-13       0.000000000000e+00       1.676450612332e-16       1.584183193611e-17      -4.744625820365e-19 
 2423       1.495141081468e-11       3.422902828726e-13      -6.658791416703e-13       0.000000000000e+00       1.673575464017e-16       1.593942384024e-17      -5.331011231948e-19 
 2424       1.491122483588e-11       3.411901093300e-13      -6.545079978171e-13       0.000000000000e+00       1.670706383649e-16       1.603632264672e-17      -5.903356135055e-19 
 2425       1.487054846113e-11       3.401590781629e-13      -6.432219909088e-13       0.000000000000e+00       1.667843359085e-16       1.613242665041e-17      -6.461095562095e-19 
 2426       1.482938955531e-11       3.391969105859e-13      -6.320253409229e-13       0.000000000000e+00       1.664986378081e-16       1.622763381547e-17      -7.003662771587e-19 
 2427       1.478775601191e-11       3.383033264626e-13      -6.209222811529e-13       0.000000000000e+00       1.662135428291e-16       1.632184177508e-17      -7.530489246373e-19 
 2428       1.474565575308e-11       3.374780443039e-13      -6.099170582218e-13       0.000000000000e+00       1.659290497264e-16       1.641494783102e-17      -8.041004691810e-19 
 2429       1.470309672963e-11       3.367207812667e-13      -5.990139320955e-13       0.000000000000e+00       1.656451572449e-16       1.650684895343e-17      -8.534637033985e-19 
 2430       1.466008692108e-11       3.360312531522e-13      -5.882171760967e-13       0.000000000000e+00       1.653618641189e-16       1.659744178038e-17      -9.010812417908e-19 
 2431       1.461663433568e-11       3.354091744044e-13      -5.775310769177e-13       0.000000000000e+00       1.650791690727e-16       1.668662261760e-17      -9.468955205726e-19 
 2432       1.457274701046e-11       3.348542581086e-13      -5.669599346344e-13       0.000000000000e+00       1.647970708200e-16       1.677428743808e-17      -9.908487974918e-19 
 2433       1.452843301122e-11       3.343662159899e-13      -5.565080627199e-13       0.000000000000e+00       1.645155680643e-16       1.686033188179e-17      -1.032883151650e-18 
 2434       1.448370043261e-11       3.339447584114e-13      -5.461797880575e-13       0.000000000000e+00       1.642346594988e-16       1.694465125530e-17      -1.072940483324e-18 
 2435       1.443855739814e-11       3.335895943731e-13      -5.359794509546e-13       0.000000000000e+00       1.639543438063e-16       1.702714053146e-17      -1.110962513783e-18 
 2436       1.439301206017e-11       3.333004315099e-13      -5.259114051560e-13       0.000000000000e+00       1.636746196592e-16       1.710769434904e-17      -1.146890785115e-18 
 2437       1.434707260002e-11       3.330769760904e-13      -5.159800178575e-13       0.000000000000e+00       1.633954857194e-16       1.718620701244e-17      -1.180666660038e-18 
 2438       1.430074779544e-11       3.329188186996e-13      -5.061891656100e-13       0.000000000000e+00       1.631169406347e-16       1.726262056932e-17      -1.212256914285e-18 
 2439       1.425404872695e-11       3.328250905410e-13      -4.965407186959e-13       0.000000000000e+00       1.628389830268e-16       1.733706936004e-17      -1.241730682038e-18 
 2440       1.420698708183e-11       3.327948050674e-13      -4.870360476771e-13       0.000000000000e+00       1.625616115027e-16       1.740973633569e-17      -1.269182972243e-18 
 2441       1.415957458759e-11       3.328269721053e-13      -4.776765266813e-13       0.000000000000e+00       1.622848246591e-16       1.748080505954e-17      -1.294709118362e-18 
 2442       1.411182301200e-11       3.329205978505e-13      -4.684635334049e-13       0.000000000000e+00       1.620086210823e-16       1.755045970768e-17      -1.318404778706e-18 
 2443       1.406374416317e-11       3.330746848647e-13      -4.593984491168e-13       0.000000000000e+00       1.617329993477e-16       1.761888506960e-17      -1.340365936772e-18 
 2444       1.401534988953e-11       3.332882320718e-13      -4.504826586616e-13       0.000000000000e+00       1.614579580204e-16       1.768626654889e-17      -1.360688901581e-18 
 2445       1.396665207992e-11       3.335602347535e-13      -4.417175504628e-13       0.000000000000e+00       1.611834956550e-16       1.775279016382e-17      -1.379470308014e-18 
 2446       1.391766266362e-11       3.338896845458e-13      -4.331045165261e-13       0.000000000000e+00       1.609096107952e-16       1.781864254799e-17      -1.396807117148e-18 
 2447       1.386839361037e-11       3.342755694353e-13      -4.246449524430e-13       0.000000000000e+00       1.606363019743e-16       1.788401095097e-17      -1.412796616597e-18 
 2448       1.381885693046e-11       3.347168737549e-13      -4.163402573936e-13       0.000000000000e+00       1.603635677151e-16       1.794908323890e-17      -1.427536420842e-18 
 2449       1.376906467471e-11       3.352125781805e-13      -4.081918341507e-13       0.000000000000e+00       1.600914065296e-16       1.801404789516e-17      -1.441124471573e-18 
 2450       1.371902893458e-11       3.357616597265e-13      -4.002010890823e-13       0.000000000000e+00       1.598198169192e-16       1.807909402099e-17      -1.453659038025e-18 
 2451       1.366876184214e-11       3.363630917425e-13      -3.923694321555e-13       0.000000000000e+00       1.595487973746e-16       1.814441133608e-17      -1.465238717315e-18 
 2452       1.361827557016e-11       3.370158439094e-13      -3.846982769395e-13       0.000000000000e+00       1.592783463760e-16       1.821019017928e-17      -1.475962434775e-18 
 2453       1.356758233216e-11       3.377188822351e-13      -3.771890406093e-13       0.000000000000e+00       1.590084623928e-16       1.827662150916e-17      -1.485929444294e-18 
 2454       1.351669438239e-11       3.384711690513e-13      -3.698431439485e-13       0.000000000000e+00       1.587391438836e-16       1.834389690468e-17      -1.495239328654e-18 
 2455       1.346562401596e-11       3.392716630090e-13      -3.626620113529e-13       0.000000000000e+00       1.584703892966e-16       1.841220856579e-17      -1.503991999862e-18 
 2456       1.341438356879e-11       3.401193190753e-13      -3.556470708341e-13       0.000000000000e+00       1.582021970690e-16       1.848174931411e-17      -1.512287699493e-18 
 2457       1.336298541772e-11       3.410130885288e-13      -3.487997540223e-13       0.000000000000e+00       1.579345656274e-16       1.855271259352e-17      -1.520226999024e-18 
 2458       1.331144198054e-11       3.419519189566e-13      -3.421214961699e-13       0.000000000000e+00       1.576674933877e-16       1.862529247079e-17      -1.527910800171e-18 
 2459       1.325976571598e-11       3.429347542497e-13      -3.356137361548e-13       0.000000000000e+00       1.574009787550e-16       1.869968363625e-17      -1.535440335224e-18 
 2460       1.320796912384e-11       3.439605345997e-13      -3.292779164838e-13       0.000000000000e+00       1.571350201234e-16       1.877608140437e-17      -1.542917167388e-18 
 2461       1.315606474494e-11       3.450281964945e-13      -3.231154832957e-13       0.000000000000e+00       1.568696158767e-16       1.885468171443e-17      -1.550443191117e-18 
 2462       1.310406516124e-11       3.461366727150e-13      -3.171278863650e-13       0.000000000000e+00       1.566047643874e-16       1.893568113115e-17      -1.558120632451e-18 
 2463       1.305198299583e-11       3.472848923306e-13      -3.113165791046e-13       0.000000000000e+00       1.563404640175e-16       1.901927684529e-17      -1.566052049352e-18 
 2464       1.299983091299e-11       3.484717806958e-13      -3.056830185699e-13       0.000000000000e+00       1.560767131182e-16       1.910566667432e-17      -1.574340332045e-18 
 2465       1.294762161822e-11       3.496962594463e-13      -3.002286654615e-13       0.000000000000e+00       1.558135100296e-16       1.919504906301e-17      -1.583088703350e-18 
 2466       1.289536785832e-11       3.509572464950e-13      -2.949549841288e-13       0.000000000000e+00       1.555508530812e-16       1.928762308409e-17      -1.592400719020e-18 
 2467       1.284308242137e-11       3.522536560282e-13      -2.898634425734e-13       0.000000000000e+00       1.552887405915e-16       1.938358843889e-17      -1.602380268080e-18 
 2468       1.279077813685e-11       3.535843985020e-13      -2.849555124520e-13       0.000000000000e+00       1.550271708682e-16       1.948314545795e-17      -1.613131573161e-18 
 2469       1.273846787559e-11       3.549483806380e-13      -2.802326690805e-13       0.000000000000e+00       1.547661422081e-16       1.958649510165e-17      -1.624759190840e-18 
 2470       1.268616454989e-11       3.563445054198e-13      -2.756963914364e-13       0.000000000000e+00       1.545056528970e-16       1.969383896084e-17      -1.637368011974e-18 
 2471       1.263388111353e-11       3.577716720890e-13      -2.713481621627e-13       0.000000000000e+00       1.542457012100e-16       1.980537925750e-17      -1.651063262036e-18 
 2472       1.258163056179e-11       3.592287761414e-13      -2.671894675713e-13       0.000000000000e+00       1.539862854110e-16       1.992131884535e-17      -1.665950501458e-18 
 2473       1.252942593154e-11       3.607147093231e-13      -2.632217976459e-13       0.000000000000e+00       1.537274037532e-16       2.004186121046e-17      -1.682135625960e-18 
 2474       1.247728030125e-11       3.622283596269e-13      -2.594466460456e-13       0.000000000000e+00       1.534690544786e-16       2.016721047193e-17      -1.699724866891e-18 
 2475       1.242520679103e-11       3.637686112880e-13      -2.558655101082e-13       0.000000000000e+00       1.532112358185e-16       2.029757138247e-17      -1.718824791566e-18 
 2476       1.237321856269e-11       3.653343447805e-13      -2.524798908535e-13       0.000000000000e+00       1.529539459929e-16       2.043314932909e-17      -1.739542303602e-18 
 2477       1.232132809292e-11       3.669244452530e-13      -2.492908072377e-13       0.000000000000e+00       1.526971833161e-16       2.057406919147e-17      -1.761953726872e-18 
 2478       1.226954498808e-11       3.685378278986e-13      -2.462973357726e-13       0.000000000000e+00       1.524409465109e-16       2.072013139198e-17      -1.786011857004e-18 
 2479       1.221787815658e-11       3.701734127270e-13      -2.434980622803e-13       0.000000000000e+00       1.521852343962e-16       2.087105440487e-17      -1.811638361099e-18 
 2480       1.216633653460e-11       3.718301161352e-13      -2.408915668519e-13       0.000000000000e+00       1.519300457817e-16       2.102655576658e-17      -1.838754643960e-18 
 2481       1.211492908607e-11       3.735068509037e-13      -2.384764238413e-13       0.000000000000e+00       1.516753794680e-16       2.118635207476e-17      -1.867281847816e-18 
 2482       1.206366480275e-11       3.752025261928e-13      -2.362512018592e-13       0.000000000000e+00       1.514212342470e-16       2.135015898732e-17      -1.897140852060e-18 
 2483       1.201255270423e-11       3.769160475389e-13      -2.342144637667e-13       0.000000000000e+00       1.511676089012e-16       2.151769122148e-17      -1.928252272977e-18 
 2484       1.196160183795e-11       3.786463168509e-13      -2.323647666691e-13       0.000000000000e+00       1.509145022043e-16       2.168866255282e-17      -1.960536463480e-18 
 2485       1.191082127926e-11       3.803922324065e-13      -2.307006619100e-13       0.000000000000e+00       1.506619129209e-16       2.186278581432e-17      -1.993913512840e-18 
 2486       1.186022013141e-11       3.821526888484e-13      -2.292206950651e-13       0.000000000000e+00       1.504098398064e-16       2.203977289539e-17      -2.028303246419e-18 
 2487       1.180980752562e-11       3.839265771807e-13      -2.279234059355e-13       0.000000000000e+00       1.501582816073e-16       2.221933474094e-17      -2.063625225405e-18 
 2488       1.175959262105e-11       3.857127847653e-13      -2.268073285424e-13       0.000000000000e+00       1.499072370608e-16       2.240118135042e-17      -2.099798746539e-18 
 2489       1.170958460488e-11       3.875101953180e-13      -2.258709911200e-13       0.000000000000e+00       1.496567048953e-16       2.258502177684e-17      -2.136742841853e-18 
 2490       1.165979269233e-11       3.893176889050e-13      -2.251129161102e-13       0.000000000000e+00       1.494066838297e-16       2.277056412584e-17      -2.174376278398e-18 
 2491       1.161022612665e-11       3.911341419392e-13      -2.245316201557e-13       0.000000000000e+00       1.491571725742e-16       2.295751555473e-17      -2.212617557979e-18 
 2492       1.156089417918e-11       3.929584271766e-13      -2.241256140944e-13       0.000000000000e+00       1.489081698295e-16       2.314558227153e-17      -2.251384916889e-18 
 2493       1.151180614939e-11       3.947894137122e-13      -2.238934029526e-13       0.000000000000e+00       1.486596742873e-16       2.333446953404e-17      -2.290596325635e-18 
 2494       1.146297136487e-11       3.966259669768e-13      -2.238334859396e-13       0.000000000000e+00       1.484116846302e-16       2.352388164881e-17      -2.330169488677e-18 
 2495       1.141439918137e-11       3.984669487331e-13      -2.239443564409e-13       0.000000000000e+00       1.481641995316e-16       2.371352197030e-17      -2.370021844158e-18 
 2496       1.136609898286e-11       4.003112170721e-13      -2.242245020121e-13       0.000000000000e+00       1.479172176557e-16       2.390309289982e-17      -2.410070563636e-18 
 2497       1.131808018150e-11       4.021576264092e-13      -2.246724043732e-13       0.000000000000e+00       1.476707376574e-16       2.409229588462e-17      -2.450232551817e-18 
 2498       1.127035221772e-11       4.040050274810e-13      -2.252865394019e-13       0.000000000000e+00       1.474247581826e-16       2.428083141696e-17      -2.490424446287e-18 
 2499       1.122292456023e-11       4.058522673409e-13      -2.260653771276e-13       0.000000000000e+00       1.471792778678e-16       2.446839903311e-17      -2.530562617244e-18 
 2500       1.117580670602e-11       4.076981893561e-13      -2.270073817254e-13       0.000000000000e+00       1.469342953405e-16       2.465469731239e-17      -2.570563167232e-18 
 2501       1.112900818043e-11       4.095416332034e-13      -2.281110115097e-13       0.000000000000e+00       1.466898092186e-16       2.483942387628e-17      -2.610341930872e-18 
 2502       1.108253853716e-11       4.113814348660e-13      -2.293747189280e-13       0.000000000000e+00       1.464458181112e-16       2.502227538739e-17      -2.649814474594e-18 
 2503       1.103640735828e-11       4.132164266295e-13      -2.307969505551e-13       0.000000000000e+00       1.462023206178e-16       2.520294754855e-17      -2.688896096372e-18 
 2504       1.099062425430e-11       4.150454370780e-13      -2.323761470863e-13       0.000000000000e+00       1.459593153287e-16       2.538113510184e-17      -2.727501825452e-18 
 2505       1.094519886416e-11       4.168672910911e-13      -2.341107433318e-13       0.000000000000e+00       1.457168008251e-16       2.555653182763e-17      -2.765546422091e-18 
 2506       1.090014085525e-11       4.186808098396e-13      -2.359991682104e-13       0.000000000000e+00       1.454747756787e-16       2.572883054363e-17      -2.802944377281e-18 
 2507       1.085545992348e-11       4.204848107820e-13      -2.380398447431e-13       0.000000000000e+00       1.452332384520e-16       2.589772310396e-17      -2.839609912488e-18 
 2508       1.081116579329e-11       4.222781076609e-13      -2.402311900470e-13       0.000000000000e+00       1.449921876981e-16       2.606290039814e-17      -2.875456979384e-18 
 2509       1.076726821764e-11       4.240595104992e-13      -2.425716153295e-13       0.000000000000e+00       1.447516219608e-16       2.622405235018e-17      -2.910399259574e-18 
 2510       1.072377697811e-11       4.258278255967e-13      -2.450595258814e-13       0.000000000000e+00       1.445115397747e-16       2.638086791762e-17      -2.944350164334e-18 
 2511       1.068070188486e-11       4.275818555260e-13      -2.476933210714e-13       0.000000000000e+00       1.442719396648e-16       2.653303509055e-17      -2.977222834342e-18 
 2512       1.063805277669e-11       4.293203991289e-13      -2.504713943398e-13       0.000000000000e+00       1.440328201470e-16       2.668024089067e-17      -3.008930139409e-18 
 2513       1.059583952107e-11       4.310422515131e-13      -2.533921331919e-13       0.000000000000e+00       1.437941797277e-16       2.682217137035e-17      -3.039384678212e-18 
 2514       1.055407201415e-11       4.327462040481e-13      -2.564539191923e-13       0.000000000000e+00       1.435560169039e-16       2.695851161166e-17      -3.068498778027e-18 
 2515       1.051276018081e-11       4.344310443616e-13      -2.596551279585e-13       0.000000000000e+00       1.433183301632e-16       2.708894572539e-17      -3.096184494463e-18 
 2516       1.047191259546e-11       4.360956603813e-13      -2.629939126439e-13       0.000000000000e+00       1.430811181347e-16       2.721323517078e-17      -3.122374044466e-18 
 2517       1.043153233574e-11       4.377393531278e-13      -2.664675530216e-13       0.000000000000e+00       1.428443800426e-16       2.733145421444e-17      -3.147081235833e-18 
 2518       1.039162110475e-11       4.393615257347e-13      -2.700731026003e-13       0.000000000000e+00       1.426081152551e-16       2.744375583984e-17      -3.170340394679e-18 
 2519       1.035218060808e-11       4.409615795670e-13      -2.738076047803e-13       0.000000000000e+00       1.423723231339e-16       2.755029355164e-17      -3.192185964745e-18 
 2520       1.031321255379e-11       4.425389142189e-13      -2.776680928436e-13       0.000000000000e+00       1.421370030342e-16       2.765122137623e-17      -3.212652507518e-18 
 2521       1.027471865244e-11       4.440929275127e-13      -2.816515899439e-13       0.000000000000e+00       1.419021543044e-16       2.774669386225e-17      -3.231774702354e-18 
 2522       1.023670061704e-11       4.456230154967e-13      -2.857551090957e-13       0.000000000000e+00       1.416677762865e-16       2.783686608113e-17      -3.249587346591e-18 
 2523       1.019916016311e-11       4.471285724437e-13      -2.899756531645e-13       0.000000000000e+00       1.414338683159e-16       2.792189362759e-17      -3.266125355674e-18 
 2524       1.016209900866e-11       4.486089908490e-13      -2.943102148563e-13       0.000000000000e+00       1.412004297215e-16       2.800193262023e-17      -3.281423763273e-18 
 2525       1.012551887417e-11       4.500636614291e-13      -2.987557767073e-13       0.000000000000e+00       1.409674598252e-16       2.807713970198e-17      -3.295517721402e-18 
 2526       1.008942148263e-11       4.514919731195e-13      -3.033093110740e-13       0.000000000000e+00       1.407349579428e-16       2.814767204069e-17      -3.308442500539e-18 
 2527       1.005380855950e-11       4.528933130736e-13      -3.079677801225e-13       0.000000000000e+00       1.405029233831e-16       2.821368732963e-17      -3.320233489746e-18 
 2528       1.001868183274e-11       4.542670666604e-13      -3.127281358181e-13       0.000000000000e+00       1.402713554484e-16       2.827534378804e-17      -3.330926196788e-18 
 2529       9.984043032804e-12       4.556126174632e-13      -3.175873199157e-13       0.000000000000e+00       1.400402534345e-16       2.833280016163e-17      -3.340556248252e-18 
 2530       9.949893892646e-12       4.569293472774e-13      -3.225422639490e-13       0.000000000000e+00       1.398096166302e-16       2.838621572313e-17      -3.349159389669e-18 
 2531       9.916236147710e-12       4.582166361094e-13      -3.275898892201e-13       0.000000000000e+00       1.395794443181e-16       2.843575027281e-17      -3.356771485632e-18 
 2532       9.883071535940e-12       4.594738621747e-13      -3.327271067897e-13       0.000000000000e+00       1.393497357736e-16       2.848156413903e-17      -3.363428519913e-18 
 2533       9.850401797778e-12       4.607004018956e-13      -3.379508174665e-13       0.000000000000e+00       1.391204902660e-16       2.852381817873e-17      -3.369166595588e-18 
 2534       9.818228676169e-12       4.618956299006e-13      -3.432579117970e-13       0.000000000000e+00       1.388917070575e-16       2.856267377799e-17      -3.374021935153e-18 
 2535       9.786553916557e-12       4.630589190215e-13      -3.486452700554e-13       0.000000000000e+00       1.386633854037e-16       2.859829285255e-17      -3.378030880645e-18 
 2536       9.755379266892e-12       4.641896402926e-13      -3.541097622329e-13       0.000000000000e+00       1.384355245537e-16       2.863083784835e-17      -3.381229893758e-18 
 2537       9.724706477629e-12       4.652871629485e-13      -3.596482480279e-13       0.000000000000e+00       1.382081237495e-16       2.866047174202e-17      -3.383655555971e-18 
 2538       9.694537301728e-12       4.663508544226e-13      -3.652575768353e-13       0.000000000000e+00       1.379811822269e-16       2.868735804146e-17      -3.385344568656e-18 
 2539       9.664873494660e-12       4.673800803452e-13      -3.709345877366e-13       0.000000000000e+00       1.377546992146e-16       2.871166078634e-17      -3.386333753209e-18 
 2540       9.635716814400e-12       4.683742045420e-13      -3.766761094893e-13       0.000000000000e+00       1.375286739346e-16       2.873354454863e-17      -3.386660051162e-18 
 2541       9.607069021440e-12       4.693325890322e-13      -3.824789605171e-13       0.000000000000e+00       1.373031056023e-16       2.875317443314e-17      -3.386360524305e-18 
 2542       9.578931878780e-12       4.702545940269e-13      -3.883399488989e-13       0.000000000000e+00       1.370779934262e-16       2.877071607804e-17      -3.385472354806e-18 
 2543       9.551307151935e-12       4.711395779276e-13      -3.942558723591e-13       0.000000000000e+00       1.368533366083e-16       2.878633565539e-17      -3.384032845329e-18 
 2544       9.524196608935e-12       4.719868973239e-13      -4.002235182573e-13       0.000000000000e+00       1.366291343435e-16       2.880019987168e-17      -3.382079419158e-18 
 2545       9.497602020327e-12       4.727959069922e-13      -4.062396635776e-13       0.000000000000e+00       1.364053858201e-16       2.881247596833e-17      -3.379649620310e-18 
 2546       9.471525159176e-12       4.735659598943e-13      -4.123010749189e-13       0.000000000000e+00       1.361820902197e-16       2.882333172225e-17      -3.376781113659e-18 
 2547       9.445967801066e-12       4.742964071748e-13      -4.184045084840e-13       0.000000000000e+00       1.359592467169e-16       2.883293544637e-17      -3.373511685056e-18 
 2548       9.420931724102e-12       4.749865981602e-13      -4.245467100699e-13       0.000000000000e+00       1.357368544797e-16       2.884145599014e-17      -3.369879241445e-18 
 2549       9.396418708912e-12       4.756358803569e-13      -4.307244150571e-13       0.000000000000e+00       1.355149126693e-16       2.884906274008e-17      -3.365921810987e-18 
 2550       9.372430538647e-12       4.762435994493e-13      -4.369343483998e-13       0.000000000000e+00       1.352934204397e-16       2.885592562031e-17      -3.361677543174e-18 
 2551       9.348968998982e-12       4.768090992986e-13      -4.431732246149e-13       0.000000000000e+00       1.350723769387e-16       2.886221509306e-17      -3.357184708957e-18 
 2552       9.326035878123e-12       4.773317219404e-13      -4.494377477725e-13       0.000000000000e+00       1.348517813067e-16       2.886810215923e-17      -3.352481700855e-18 
 2553       9.303632966799e-12       4.778108075836e-13      -4.557246114850e-13       0.000000000000e+00       1.346316326776e-16       2.887375835889e-17      -3.347607033085e-18 
 2554       9.281762058272e-12       4.782456946082e-13      -4.620304988974e-13       0.000000000000e+00       1.344119301784e-16       2.887935577183e-17      -3.342599341674e-18 
 2555       9.260423786471e-12       4.786358472831e-13      -4.683522016110e-13       0.000000000000e+00       1.341926728777e-16       2.888503213575e-17      -3.337487732372e-18 
 2556       9.239614133142e-12       4.789812397209e-13      -4.746869772224e-13       0.000000000000e+00       1.339738596315e-16       2.889078598141e-17      -3.332262763697e-18 
 2557       9.219327900680e-12       4.792819741201e-13      -4.810321938134e-13       0.000000000000e+00       1.337554892367e-16       2.889658089755e-17      -3.326905297828e-18 
 2558       9.199559872162e-12       4.795381532462e-13      -4.873852111944e-13       0.000000000000e+00       1.335375604824e-16       2.890238035852e-17      -3.321396137653e-18 
 2559       9.180304811322e-12       4.797498804328e-13      -4.937433808964e-13       0.000000000000e+00       1.333200721496e-16       2.890814772415e-17      -3.315716026711e-18 
 2560       9.161557462531e-12       4.799172595817e-13      -5.001040461628e-13       0.000000000000e+00       1.331030230116e-16       2.891384623968e-17      -3.309845649136e-18 
 2561       9.143312550779e-12       4.800403951639e-13      -5.064645419415e-13       0.000000000000e+00       1.328864118339e-16       2.891943903558e-17      -3.303765629600e-18 
 2562       9.125564781654e-12       4.801193922202e-13      -5.128221948766e-13       0.000000000000e+00       1.326702373739e-16       2.892488912750e-17      -3.297456533252e-18 
 2563       9.108308841322e-12       4.801543563616e-13      -5.191743233002e-13       0.000000000000e+00       1.324544983813e-16       2.893015941615e-17      -3.290898865661e-18 
 2564       9.091539396510e-12       4.801453937702e-13      -5.255182372249e-13       0.000000000000e+00       1.322391935978e-16       2.893521268715e-17      -3.284073072762e-18 
 2565       9.075251094480e-12       4.800926111999e-13      -5.318512383349e-13       0.000000000000e+00       1.320243217572e-16       2.894001161095e-17      -3.276959540793e-18 
 2566       9.059438563014e-12       4.799961159765e-13      -5.381706199786e-13       0.000000000000e+00       1.318098815854e-16       2.894451874271e-17      -3.269538596241e-18 
 2567       9.044096410393e-12       4.798560159990e-13      -5.444736671602e-13       0.000000000000e+00       1.315958718004e-16       2.894869652220e-17      -3.261790505782e-18 
 2568       9.029219225378e-12       4.796724197399e-13      -5.507576565315e-13       0.000000000000e+00       1.313822911121e-16       2.895250727365e-17      -3.253695476225e-18 
 2569       9.014801577186e-12       4.794454362457e-13      -5.570198563839e-13       0.000000000000e+00       1.311691382225e-16       2.895591320570e-17      -3.245233654453e-18 
 2570       9.000838015476e-12       4.791751751380e-13      -5.632575266407e-13       0.000000000000e+00       1.309564118259e-16       2.895887641121e-17      -3.236385127365e-18 
 2571       8.987323070324e-12       4.788617466135e-13      -5.694679188483e-13       0.000000000000e+00       1.307441106083e-16       2.896135886723e-17      -3.227129921820e-18 
 2572       8.974251252207e-12       4.785052614453e-13      -5.756482761687e-13       0.000000000000e+00       1.305322332478e-16       2.896332243482e-17      -3.217448004577e-18 
 2573       8.961617051978e-12       4.781058309830e-13      -5.817958333711e-13       0.000000000000e+00       1.303207784147e-16       2.896472885898e-17      -3.207319282239e-18 
 2574       8.949414940854e-12       4.776635671536e-13      -5.879078168238e-13       0.000000000000e+00       1.301097447710e-16       2.896553976852e-17      -3.196723601194e-18 
 2575       8.937639370388e-12       4.771785824623e-13      -5.939814444865e-13       0.000000000000e+00       1.298991309710e-16       2.896571667596e-17      -3.185640747559e-18 
 2576       8.926284772453e-12       4.766509899925e-13      -6.000139259015e-13       0.000000000000e+00       1.296889356608e-16       2.896522097740e-17      -3.174050447120e-18 
 2577       8.915345559224e-12       4.760809034073e-13      -6.060024621864e-13       0.000000000000e+00       1.294791574784e-16       2.896401395242e-17      -3.161932365275e-18 
 2578       8.904816123153e-12       4.754684369493e-13      -6.119442460255e-13       0.000000000000e+00       1.292697950539e-16       2.896205676398e-17      -3.149266106976e-18 
 2579       8.894690836953e-12       4.748137054419e-13      -6.178364616617e-13       0.000000000000e+00       1.290608470095e-16       2.895931045827e-17      -3.136031216675e-18 
 2580       8.884964053577e-12       4.741168242896e-13      -6.236762848888e-13       0.000000000000e+00       1.288523119590e-16       2.895573596464e-17      -3.122207178259e-18 
 2581       8.875630106197e-12       4.733779094785e-13      -6.294608830431e-13       0.000000000000e+00       1.286441885084e-16       2.895129409547e-17      -3.107773414999e-18 
 2582       8.866683308188e-12       4.725970775775e-13      -6.351874149952e-13       0.000000000000e+00       1.284364752555e-16       2.894594554606e-17      -3.092709289488e-18 
 2583       8.858117953101e-12       4.717744457383e-13      -6.408530311422e-13       0.000000000000e+00       1.282291707901e-16       2.893965089450e-17      -3.076994103584e-18 
 2584       8.849928314650e-12       4.709101316962e-13      -6.464548733997e-13       0.000000000000e+00       1.280222736939e-16       2.893237060159e-17      -3.060607098356e-18 
 2585       8.842108646690e-12       4.700042537711e-13      -6.519900751930e-13       0.000000000000e+00       1.278157825403e-16       2.892406501072e-17      -3.043527454020e-18 
 2586       8.834653183195e-12       4.690569308679e-13      -6.574557614501e-13       0.000000000000e+00       1.276096958950e-16       2.891469434772e-17      -3.025734289885e-18 
 2587       8.827556138238e-12       4.680682824767e-13      -6.628490485926e-13       0.000000000000e+00       1.274040123151e-16       2.890421872082e-17      -3.007206664296e-18 
 2588       8.820811705977e-12       4.670384286743e-13      -6.681670445282e-13       0.000000000000e+00       1.271987303500e-16       2.889259812047e-17      -2.987923574575e-18 
 2589       8.814414060628e-12       4.659674901241e-13      -6.734068486424e-13       0.000000000000e+00       1.269938485408e-16       2.887979241925e-17      -2.967863956960e-18 
 2590       8.808357356447e-12       4.648555880771e-13      -6.785655517905e-13       0.000000000000e+00       1.267893654202e-16       2.886576137178e-17      -2.947006686555e-18 
 2591       8.802635727713e-12       4.637028443725e-13      -6.836402362895e-13       0.000000000000e+00       1.265852795132e-16       2.885046461459e-17      -2.925330577264e-18 
 2592       8.797243288705e-12       4.625093814381e-13      -6.886279759097e-13       0.000000000000e+00       1.263815893363e-16       2.883386166599e-17      -2.902814381738e-18 
 2593       8.792174133683e-12       4.612753222913e-13      -6.935258358672e-13       0.000000000000e+00       1.261782933979e-16       2.881591192600e-17      -2.879436791317e-18 
 2594       8.787421980948e-12       4.600008720037e-13      -6.983312002615e-13       0.000000000000e+00       1.259753903536e-16       2.879659023836e-17      -2.855189387865e-18 
 2595       8.782979102864e-12       4.586865625970e-13      -7.030427564249e-13       0.000000000000e+00       1.257728794725e-16       2.877593367290e-17      -2.830115579296e-18 
 2596       8.778837389754e-12       4.573330095310e-13      -7.076595161140e-13       0.000000000000e+00       1.255707601733e-16       2.875399500706e-17      -2.804271883729e-18 
 2597       8.774988705250e-12       4.559408303667e-13      -7.121804885659e-13       0.000000000000e+00       1.253690318695e-16       2.873082718786e-17      -2.777714997729e-18 
 2598       8.771424886261e-12       4.545106447688e-13      -7.166046804957e-13       0.000000000000e+00       1.251676939693e-16       2.870648333210e-17      -2.750501796479e-18 
 2599       8.768137742953e-12       4.530430745077e-13      -7.209310960945e-13       0.000000000000e+00       1.249667458753e-16       2.868101672649e-17      -2.722689333955e-18 
 2600       8.765119058719e-12       4.515387434611e-13      -7.251587370270e-13       0.000000000000e+00       1.247661869851e-16       2.865448082782e-17      -2.694334843097e-18 
 2601       8.762360590153e-12       4.499982776169e-13      -7.292866024295e-13       0.000000000000e+00       1.245660166906e-16       2.862692926315e-17      -2.665495735982e-18 
 2602       8.759854067025e-12       4.484223050745e-13      -7.333136889074e-13       0.000000000000e+00       1.243662343785e-16       2.859841582997e-17      -2.636229603999e-18 
 2603       8.757591192253e-12       4.468114560476e-13      -7.372389905328e-13       0.000000000000e+00       1.241668394302e-16       2.856899449633e-17      -2.606594218020e-18 
 2604       8.755563641879e-12       4.451663628655e-13      -7.410614988428e-13       0.000000000000e+00       1.239678312215e-16       2.853871940104e-17      -2.576647528574e-18 
 2605       8.753763065041e-12       4.434876599761e-13      -7.447802028366e-13       0.000000000000e+00       1.237692091230e-16       2.850764485385e-17      -2.546447666023e-18 
 2606       8.752181083947e-12       4.417759839470e-13      -7.483940889738e-13       0.000000000000e+00       1.235709724999e-16       2.847582533557e-17      -2.516052940729e-18 
 2607       8.750809293850e-12       4.400319734686e-13      -7.519021411717e-13       0.000000000000e+00       1.233731207118e-16       2.844331549825e-17      -2.485521843232e-18 
 2608       8.749639263019e-12       4.382562693554e-13      -7.553033408035e-13       0.000000000000e+00       1.231756531131e-16       2.841017016537e-17      -2.454913044422e-18 
 2609       8.748662532717e-12       4.364495145482e-13      -7.585966666955e-13       0.000000000000e+00       1.229785690528e-16       2.837644433199e-17      -2.424285395712e-18 
 2610       8.747870617170e-12       4.346123541168e-13      -7.617810951253e-13       0.000000000000e+00       1.227818678742e-16       2.834219316490e-17      -2.393697929211e-18 
 2611       8.747255003545e-12       4.327454352613e-13      -7.648555998195e-13       0.000000000000e+00       1.225855489156e-16       2.830747200282e-17      -2.363209857895e-18 
 2612       8.746807151920e-12       4.308494073146e-13      -7.678191519512e-13       0.000000000000e+00       1.223896115095e-16       2.827233635653e-17      -2.332880575784e-18 
 2613       8.746518495260e-12       4.289249217445e-13      -7.706707201378e-13       0.000000000000e+00       1.221940549831e-16       2.823684190904e-17      -2.302769658114e-18 
 2614       8.746380439392e-12       4.269726321556e-13      -7.734092704390e-13       0.000000000000e+00       1.219988786582e-16       2.820104451580e-17      -2.272936861508e-18 
 2615       8.746384362975e-12       4.249931942917e-13      -7.760337663543e-13       0.000000000000e+00       1.218040818510e-16       2.816500020480e-17      -2.243442124151e-18 
 2616       8.746521617476e-12       4.229872660373e-13      -7.785431688208e-13       0.000000000000e+00       1.216096638725e-16       2.812876517678e-17      -2.214345565964e-18 
 2617       8.746783527144e-12       4.209555074204e-13      -7.809364362111e-13       0.000000000000e+00       1.214156240280e-16       2.809239580538e-17      -2.185707488774e-18 
 2618       8.747161388983e-12       4.188985806141e-13      -7.832125243308e-13       0.000000000000e+00       1.212219616173e-16       2.805594863731e-17      -2.157588376489e-18 
 2619       8.747646472727e-12       4.168171499390e-13      -7.853703864164e-13       0.000000000000e+00       1.210286759349e-16       2.801948039252e-17      -2.130048895273e-18 
 2620       8.748230020811e-12       4.147118818649e-13      -7.874089731330e-13       0.000000000000e+00       1.208357662697e-16       2.798304796434e-17      -2.103149893716e-18 
 2621       8.748903248348e-12       4.125834450132e-13      -7.893272325721e-13       0.000000000000e+00       1.206432319052e-16       2.794670841967e-17      -2.076952403008e-18 
 2622       8.749657343101e-12       4.104325101589e-13      -7.911241102493e-13       0.000000000000e+00       1.204510721193e-16       2.791051899916e-17      -2.051517637113e-18 
 2623       8.750483465456e-12       4.082597502329e-13      -7.927985491020e-13       0.000000000000e+00       1.202592861845e-16       2.787453711733e-17      -2.026906992941e-18 
 2624       8.751372748397e-12       4.060658403235e-13      -7.943494894872e-13       0.000000000000e+00       1.200678733676e-16       2.783882036278e-17      -2.003182050524e-18 
 2625       8.752316297481e-12       4.038514576791e-13      -7.957758691794e-13       0.000000000000e+00       1.198768329301e-16       2.780342649831e-17      -1.980404573184e-18 
 2626       8.753305190809e-12       4.016172817100e-13      -7.970766233680e-13       0.000000000000e+00       1.196861641278e-16       2.776841346115e-17      -1.958636507710e-18 
 2627       8.754330479001e-12       3.993639939906e-13      -7.982506846554e-13       0.000000000000e+00       1.194958662111e-16       2.773383936304e-17      -1.937939984531e-18 
 2628       8.755383185170e-12       3.970922782612e-13      -7.992969830544e-13       0.000000000000e+00       1.193059384248e-16       2.769976249049e-17      -1.918377317888e-18 
 2629       8.756454304895e-12       3.948028204307e-13      -8.002144459864e-13       0.000000000000e+00       1.191163800082e-16       2.766624130486e-17      -1.900011006006e-18 
 2630       8.757534806196e-12       3.924963085779e-13      -8.010019982787e-13       0.000000000000e+00       1.189271901949e-16       2.763333444259e-17      -1.882903731270e-18 
 2631       8.758615629506e-12       3.901734329543e-13      -8.016585621625e-13       0.000000000000e+00       1.187383682132e-16       2.760110071531e-17      -1.867118360396e-18 
 2632       8.759687687647e-12       3.878348859856e-13      -8.021830572705e-13       0.000000000000e+00       1.185499132856e-16       2.756959911007e-17      -1.852717944605e-18 
 2633       8.760742356892e-12       3.854813639405e-13      -8.025747282759e-13       0.000000000000e+00       1.183618246459e-16       2.753887187489e-17      -1.839740662191e-18 
 2634       8.761772953193e-12       3.831135719421e-13      -8.028341298038e-13       0.000000000000e+00       1.181741015894e-16       2.750889367254e-17      -1.828124493603e-18 
 2635       8.762773264113e-12       3.807322189879e-13      -8.029621469932e-13       0.000000000000e+00       1.179867434229e-16       2.747962214431e-17      -1.817782127777e-18 
 2636       8.763737058462e-12       3.783380162890e-13      -8.029596683564e-13       0.000000000000e+00       1.177997494478e-16       2.745101479879e-17      -1.808625981438e-18 
 2637       8.764658086278e-12       3.759316772718e-13      -8.028275857825e-13       0.000000000000e+00       1.176131189603e-16       2.742302901172e-17      -1.800568198832e-18 
 2638       8.765530078812e-12       3.735139175801e-13      -8.025667945410e-13       0.000000000000e+00       1.174268512513e-16       2.739562202587e-17      -1.793520651474e-18 
 2639       8.766346748510e-12       3.710854550774e-13      -8.021781932852e-13       0.000000000000e+00       1.172409456065e-16       2.736875095089e-17      -1.787394937883e-18 
 2640       8.767101788992e-12       3.686470098487e-13      -8.016626840552e-13       0.000000000000e+00       1.170554013060e-16       2.734237276322e-17      -1.782102383321e-18 
 2641       8.767788875038e-12       3.661993042031e-13      -8.010211722819e-13       0.000000000000e+00       1.168702176249e-16       2.731644430595e-17      -1.777554039536e-18 
 2642       8.768401662568e-12       3.637430626755e-13      -8.002545667900e-13       0.000000000000e+00       1.166853938327e-16       2.729092228868e-17      -1.773660684500e-18 
 2643       8.768933788626e-12       3.612790120286e-13      -7.993637798016e-13       0.000000000000e+00       1.165009291938e-16       2.726576328739e-17      -1.770332822145e-18 
 2644       8.769378871359e-12       3.588078812558e-13      -7.983497269398e-13       0.000000000000e+00       1.163168229671e-16       2.724092374435e-17      -1.767480682109e-18 
 2645       8.769730510004e-12       3.563304015823e-13      -7.972133272314e-13       0.000000000000e+00       1.161330744063e-16       2.721635996794e-17      -1.765014219472e-18 
 2646       8.769982284867e-12       3.538473064681e-13      -7.959555031113e-13       0.000000000000e+00       1.159496827597e-16       2.719202813256e-17      -1.762843114494e-18 
 2647       8.770127757305e-12       3.513593316093e-13      -7.945771804252e-13       0.000000000000e+00       1.157666472702e-16       2.716788427850e-17      -1.760876772357e-18 
 2648       8.770160469710e-12       3.488672149409e-13      -7.930792884333e-13       0.000000000000e+00       1.155839671754e-16       2.714388431179e-17      -1.759024322906e-18 
 2649       8.770073945489e-12       3.463716966387e-13      -7.914627598136e-13       0.000000000000e+00       1.154016417074e-16       2.711998400410e-17      -1.757194620384e-18 
 2650       8.769861689051e-12       3.438735191211e-13      -7.897285306654e-13       0.000000000000e+00       1.152196700932e-16       2.709613899260e-17      -1.755296243176e-18 
 2651       8.769517185782e-12       3.413734270518e-13      -7.878775405128e-13       0.000000000000e+00       1.150380515541e-16       2.707230477982e-17      -1.753237493545e-18 
 2652       8.769033902034e-12       3.388721673414e-13      -7.859107323078e-13       0.000000000000e+00       1.148567853062e-16       2.704843673354e-17      -1.750926397375e-18 
 2653       8.768405285104e-12       3.363704891496e-13      -7.838290524341e-13       0.000000000000e+00       1.146758705603e-16       2.702449008668e-17      -1.748270703908e-18 
 2654       8.767624763214e-12       3.338691438878e-13      -7.816334507102e-13       0.000000000000e+00       1.144953065215e-16       2.700041993712e-17      -1.745177885484e-18 
 2655       8.766685745500e-12       3.313688852205e-13      -7.793248803932e-13       0.000000000000e+00       1.143150923899e-16       2.697618124763e-17      -1.741555137282e-18 
 2656       8.765581621987e-12       3.288704690679e-13      -7.769042981818e-13       0.000000000000e+00       1.141352273597e-16       2.695172884570e-17      -1.737309377058e-18 
 2657       8.764305763575e-12       3.263746536079e-13      -7.743726642197e-13       0.000000000000e+00       1.139557106202e-16       2.692701742343e-17      -1.732347244884e-18 
 2658       8.762851522023e-12       3.238821992781e-13      -7.717309420996e-13       0.000000000000e+00       1.137765413548e-16       2.690200153742e-17      -1.726575102890e-18 
 2659       8.761212229925e-12       3.213938687781e-13      -7.689800988660e-13       0.000000000000e+00       1.135977187420e-16       2.687663560861e-17      -1.719899035002e-18 
 2660       8.759381200700e-12       3.189104270715e-13      -7.661211050188e-13       0.000000000000e+00       1.134192419542e-16       2.685087392217e-17      -1.712224846683e-18 
 2661       8.757351728567e-12       3.164326413880e-13      -7.631549345169e-13       0.000000000000e+00       1.132411101591e-16       2.682467062738e-17      -1.703458064667e-18 
 2662       8.755117088533e-12       3.139612812256e-13      -7.600825647813e-13       0.000000000000e+00       1.130633225183e-16       2.679797973748e-17      -1.693503936709e-18 
 2663       8.752670536372e-12       3.114971183526e-13      -7.569049766989e-13       0.000000000000e+00       1.128858781883e-16       2.677075512957e-17      -1.682267431313e-18 
 2664       8.750005308607e-12       3.090409268100e-13      -7.536231546254e-13       0.000000000000e+00       1.127087763201e-16       2.674295054446e-17      -1.669653237480e-18 
 2665       8.747114622496e-12       3.065934829132e-13      -7.502380863894e-13       0.000000000000e+00       1.125320160592e-16       2.671451958655e-17      -1.655565764445e-18 
 2666       8.743991676009e-12       3.041555652543e-13      -7.467507632951e-13       0.000000000000e+00       1.123555965457e-16       2.668541572372e-17      -1.639909141414e-18 
 2667       8.740629647814e-12       3.017279547043e-13      -7.431621801262e-13       0.000000000000e+00       1.121795169139e-16       2.665559228717e-17      -1.622587217308e-18 
 2668       8.737021697258e-12       2.993114344154e-13      -7.394733351492e-13       0.000000000000e+00       1.120037762932e-16       2.662500247133e-17      -1.603503560498e-18 
 2669       8.733160964349e-12       2.969067898224e-13      -7.356852301167e-13       0.000000000000e+00       1.118283738069e-16       2.659359933369e-17      -1.582561458548e-18 
 2670       8.729040569740e-12       2.945148086456e-13      -7.317988702709e-13       0.000000000000e+00       1.116533085732e-16       2.656133579472e-17      -1.559663917954e-18 
 2671       8.724653614707e-12       2.921362808925e-13      -7.278152643472e-13       0.000000000000e+00       1.114785797046e-16       2.652816463769e-17      -1.534713663882e-18 
 2672       8.719994109906e-12       2.897719355709e-13      -7.237355809817e-13       0.000000000000e+00       1.113041863218e-16       2.649404370469e-17      -1.507647159782e-18 
 2673       8.715059767213e-12       2.874222504441e-13      -7.195616188660e-13       0.000000000000e+00       1.111301275938e-16       2.645895151584e-17      -1.478536870460e-18 
 2674       8.709849223151e-12       2.850876412375e-13      -7.152953391761e-13       0.000000000000e+00       1.109564026980e-16       2.642287173541e-17      -1.447489558948e-18 
 2675       8.704361111501e-12       2.827685248335e-13      -7.109387094082e-13       0.000000000000e+00       1.107830108066e-16       2.638578798344e-17      -1.414612317844e-18 
 2676       8.698594063302e-12       2.804653192730e-13      -7.064937033843e-13       0.000000000000e+00       1.106099510862e-16       2.634768383573e-17      -1.380012569622e-18 
 2677       8.692546706854e-12       2.781784437565e-13      -7.019623012588e-13       0.000000000000e+00       1.104372226984e-16       2.630854282377e-17      -1.343798066942e-18 
 2678       8.686217667707e-12       2.759083186449e-13      -6.973464895242e-13       0.000000000000e+00       1.102648247992e-16       2.626834843474e-17      -1.306076892964e-18 
 2679       8.679605568666e-12       2.736553654605e-13      -6.926482610169e-13       0.000000000000e+00       1.100927565397e-16       2.622708411143e-17      -1.266957461655e-18 
 2680       8.672709029786e-12       2.714200068885e-13      -6.878696149240e-13       0.000000000000e+00       1.099210170654e-16       2.618473325220e-17      -1.226548518107e-18 
 2681       8.665526668371e-12       2.692026667776e-13      -6.830125567885e-13       0.000000000000e+00       1.097496055164e-16       2.614127921098e-17      -1.184959138839e-18 
 2682       8.658057098968e-12       2.670037701413e-13      -6.780790985160e-13       0.000000000000e+00       1.095785210276e-16       2.609670529721e-17      -1.142298732116e-18 
 2683       8.650298933372e-12       2.648237431586e-13      -6.730712583803e-13       0.000000000000e+00       1.094077627288e-16       2.605099477576e-17      -1.098677038256e-18 
 2684       8.642250780617e-12       2.626630131756e-13      -6.679910610297e-13       0.000000000000e+00       1.092373297440e-16       2.600413086697e-17      -1.054204129941e-18 
 2685       8.633911246978e-12       2.605220087063e-13      -6.628405374929e-13       0.000000000000e+00       1.090672211921e-16       2.595609674653e-17      -1.008990412533e-18 
 2686       8.625278935965e-12       2.584011594335e-13      -6.576217251853e-13       0.000000000000e+00       1.088974361868e-16       2.590687554550e-17      -9.631466243769e-19 
 2687       8.616352448327e-12       2.563008962098e-13      -6.523366679145e-13       0.000000000000e+00       1.087279738361e-16       2.585645035024e-17      -9.167838371196e-19 
 2688       8.607130382043e-12       2.542216510592e-13      -6.469874158871e-13       0.000000000000e+00       1.085588332429e-16       2.580480420237e-17      -8.700134560163e-19 
 2689       8.597611332324e-12       2.521638571776e-13      -6.415760257141e-13       0.000000000000e+00       1.083900135046e-16       2.575192009873e-17      -8.229472202436e-19 
 2690       8.587793891611e-12       2.501279489340e-13      -6.361045604170e-13       0.000000000000e+00       1.082215137133e-16       2.569778099138e-17      -7.756972032100e-19 
 2691       8.577676649570e-12       2.481143618717e-13      -6.305750894346e-13       0.000000000000e+00       1.080533329556e-16       2.564236978748e-17      -7.283758128674e-19 
 2692       8.567258193093e-12       2.461235327090e-13      -6.249896886278e-13       0.000000000000e+00       1.078854703129e-16       2.558566934933e-17      -6.810957920219e-19 
 2693       8.556537106292e-12       2.441558993408e-13      -6.193504402868e-13       0.000000000000e+00       1.077179248610e-16       2.552766249429e-17      -6.339702186452e-19 
 2694       8.545511970502e-12       2.422119008392e-13      -6.136594331365e-13       0.000000000000e+00       1.075506956705e-16       2.546833199475e-17      -5.871125061856e-19 
 2695       8.534181364275e-12       2.402919774547e-13      -6.079187623426e-13       0.000000000000e+00       1.073837818064e-16       2.540766057806e-17      -5.406364038795e-19 
 2696       8.522543863379e-12       2.383965706173e-13      -6.021305295179e-13       0.000000000000e+00       1.072171823285e-16       2.534563092654e-17      -4.946559970617e-19 
 2697       8.510598040795e-12       2.365261229373e-13      -5.962968427282e-13       0.000000000000e+00       1.070508962909e-16       2.528222567743e-17      -4.492857074777e-19 
 2698       8.498342466716e-12       2.346810782069e-13      -5.904198164981e-13       0.000000000000e+00       1.068849227426e-16       2.521742742282e-17      -4.046402935939e-19 
 2699       8.485775708545e-12       2.328618814007e-13      -5.845015718175e-13       0.000000000000e+00       1.067192607269e-16       2.515121870961e-17      -3.608348509091e-19 
 2700       8.472896330892e-12       2.310689786770e-13      -5.785442361474e-13       0.000000000000e+00       1.065539092818e-16       2.508358203953e-17      -3.179848122658e-19 
 2701       8.459702895573e-12       2.293028173787e-13      -5.725499434260e-13       0.000000000000e+00       1.063888674399e-16       2.501449986901e-17      -2.762059481610e-19 
 2702       8.446193961605e-12       2.275638460346e-13      -5.665208340744e-13       0.000000000000e+00       1.062241342282e-16       2.494395460923e-17      -2.356143670577e-19 
 2703       8.432368085208e-12       2.258525143605e-13      -5.604590550035e-13       0.000000000000e+00       1.060597086684e-16       2.487192862601e-17      -1.963265156958e-19 
 2704       8.418223819800e-12       2.241692732596e-13      -5.543667596189e-13       0.000000000000e+00       1.058955897766e-16       2.479840423980e-17      -1.584591794034e-19 
 2705       8.403759715994e-12       2.225145748245e-13      -5.482461078281e-13       0.000000000000e+00       1.057317765635e-16       2.472336372566e-17      -1.221294824077e-19 
 2706       8.388974321600e-12       2.208888723374e-13      -5.420992660455e-13       0.000000000000e+00       1.055682680344e-16       2.464678931317e-17      -8.745488814638e-20 
 2707       8.373866181619e-12       2.192926202719e-13      -5.359284071993e-13       0.000000000000e+00       1.054050631890e-16       2.456866318643e-17      -5.455319957881e-20 
 2708       8.358433838242e-12       2.177262742933e-13      -5.297357107369e-13       0.000000000000e+00       1.052421610216e-16       2.448896748401e-17      -2.354255949693e-20 
 2709       8.342675830848e-12       2.161902912603e-13      -5.235233626314e-13       0.000000000000e+00       1.050795605209e-16       2.440768429891e-17       5.458549163420e-21 
 2710       8.326590696003e-12       2.146851292258e-13      -5.172935553875e-13       0.000000000000e+00       1.049172606703e-16       2.432479567850e-17       3.233130301141e-20 
 2711       8.310177769354e-12       2.132111641362e-13      -5.110484235780e-13       0.000000000000e+00       1.047552605752e-16       2.424028950582e-17       5.699207291497e-20 
 2712       8.293439596063e-12       2.117684394365e-13      -5.047898500625e-13       0.000000000000e+00       1.045935598469e-16       2.415417717804e-17       7.949923848786e-20 
 2713       8.276379533395e-12       2.103569151148e-13      -4.985196587339e-13       0.000000000000e+00       1.044321582210e-16       2.406647602341e-17       9.994694998088e-20 
 2714       8.259000950004e-12       2.089765508809e-13      -4.922396788981e-13       0.000000000000e+00       1.042710554298e-16       2.397720342866e-17       1.184296459278e-19 
 2715       8.241307225953e-12       2.076273061658e-13      -4.859517452787e-13       0.000000000000e+00       1.041102512024e-16       2.388637683908e-17       1.350420534140e-19 
 2716       8.223301752716e-12       2.063091401215e-13      -4.796576980223e-13       0.000000000000e+00       1.039497452645e-16       2.379401375856e-17       1.498791883455e-19 
 2717       8.204987933197e-12       2.050220116206e-13      -4.733593827030e-13       0.000000000000e+00       1.037895373386e-16       2.370013174965e-17       1.630363557178e-19 
 2718       8.186369181737e-12       2.037658792562e-13      -4.670586503277e-13       0.000000000000e+00       1.036296271441e-16       2.360474843364e-17       1.746091498846e-19 
 2719       8.167448924124e-12       2.025407013412e-13      -4.607573573411e-13       0.000000000000e+00       1.034700143969e-16       2.350788149057e-17       1.846934548267e-19 
 2720       8.148230597606e-12       2.013464359087e-13      -4.544573656308e-13       0.000000000000e+00       1.033106988095e-16       2.340954865932e-17       1.933854444207e-19 
 2721       8.128717650901e-12       2.001830407107e-13      -4.481605425319e-13       0.000000000000e+00       1.031516800916e-16       2.330976773767e-17       2.007815827083e-19 
 2722       8.108913544209e-12       1.990504732188e-13      -4.418687608323e-13       0.000000000000e+00       1.029929579491e-16       2.320855658233e-17       2.069786241646e-19 
 2723       8.088821749222e-12       1.979486906231e-13      -4.355838987777e-13       0.000000000000e+00       1.028345320849e-16       2.310593310901e-17       2.120736139671e-19 
 2724       8.068445749135e-12       1.968776498324e-13      -4.293078400765e-13       0.000000000000e+00       1.026764021985e-16       2.300191529248e-17       2.161638882648e-19 
 2725       8.047789038655e-12       1.958373074736e-13      -4.230424739046e-13       0.000000000000e+00       1.025185679862e-16       2.289652116661e-17       2.193470744468e-19 
 2726       8.026855124016e-12       1.948276198915e-13      -4.167896949110e-13       0.000000000000e+00       1.023610291407e-16       2.278976882447e-17       2.217210914111e-19 
 2727       8.005647522989e-12       1.938485431488e-13      -4.105514032219e-13       0.000000000000e+00       1.022037853519e-16       2.268167641831e-17       2.233841498337e-19 
 2728       7.984169764889e-12       1.929000330250e-13      -4.043295044466e-13       0.000000000000e+00       1.020468363059e-16       2.257226215969e-17       2.244347524370e-19 
 2729       7.962425390590e-12       1.919820450170e-13      -3.981259096818e-13       0.000000000000e+00       1.018901816857e-16       2.246154431950e-17       2.249716942593e-19 
 2730       7.940417952535e-12       1.910945343381e-13      -3.919425355170e-13       0.000000000000e+00       1.017338211711e-16       2.234954122802e-17       2.250940629228e-19 
 2731       7.918151014746e-12       1.902374559182e-13      -3.857813040393e-13       0.000000000000e+00       1.015777544383e-16       2.223627127497e-17       2.249012389034e-19 
 2732       7.895628152837e-12       1.894107644031e-13      -3.796441428385e-13       0.000000000000e+00       1.014219811603e-16       2.212175290960e-17       2.244928957985e-19 
 2733       7.872852954021e-12       1.886144141543e-13      -3.735329850120e-13       0.000000000000e+00       1.012665010068e-16       2.200600464068e-17       2.239690005970e-19 
 2734       7.849829017126e-12       1.878483592490e-13      -3.674497691697e-13       0.000000000000e+00       1.011113136443e-16       2.188904503664e-17       2.234298139469e-19 
 2735       7.826559952602e-12       1.871125534794e-13      -3.613964394395e-13       0.000000000000e+00       1.009564187355e-16       2.177089272555e-17       2.229758904253e-19 
 2736       7.803049382533e-12       1.864069503525e-13      -3.553749454714e-13       0.000000000000e+00       1.008018159404e-16       2.165156639523e-17       2.227080788063e-19 
 2737       7.779300940649e-12       1.857315030898e-13      -3.493872424435e-13       0.000000000000e+00       1.006475049150e-16       2.153108479326e-17       2.227275223306e-19 
 2738       7.755318272336e-12       1.850861646272e-13      -3.434352910661e-13       0.000000000000e+00       1.004934853124e-16       2.140946672709e-17       2.231356589736e-19 
 2739       7.731105034647e-12       1.844708876144e-13      -3.375210575873e-13       0.000000000000e+00       1.003397567823e-16       2.128673106405e-17       2.240342217151e-19 
 2740       7.706664896313e-12       1.838856244146e-13      -3.316465137977e-13       0.000000000000e+00       1.001863189708e-16       2.116289673142e-17       2.255252388072e-19 
 2741       7.682001537755e-12       1.833303271045e-13      -3.258136370357e-13       0.000000000000e+00       1.000331715208e-16       2.103798271650e-17       2.277110340440e-19 
 2742       7.657118651092e-12       1.828049474738e-13      -3.200244101918e-13       0.000000000000e+00       9.988031407181e-17       2.091200806665e-17       2.306942270299e-19 
 2743       7.632019940155e-12       1.823094370246e-13      -3.142808217145e-13       0.000000000000e+00       9.972774626003e-17       2.078499188935e-17       2.345777334486e-19 
 2744       7.606709120497e-12       1.818437469718e-13      -3.085848656146e-13       0.000000000000e+00       9.957546771819e-17       2.065695335225e-17       2.394647653319e-19 
 2745       7.581189919404e-12       1.814078282420e-13      -3.029385414705e-13       0.000000000000e+00       9.942347807568e-17       2.052791168326e-17       2.454588313286e-19 
 2746       7.555466075905e-12       1.810016314737e-13      -2.973438544332e-13       0.000000000000e+00       9.927177695850e-17       2.039788617055e-17       2.526637369735e-19 
 2747       7.529541340783e-12       1.806251070171e-13      -2.918028152311e-13       0.000000000000e+00       9.912036398928e-17       2.026689616264e-17       2.611835849559e-19 
 2748       7.503419476587e-12       1.802782049331e-13      -2.863174401752e-13       0.000000000000e+00       9.896923878724e-17       2.013496106847e-17       2.711227753886e-19 
 2749       7.477104257645e-12       1.799608749938e-13      -2.808897511641e-13       0.000000000000e+00       9.881840096821e-17       2.000210035743e-17       2.825860060768e-19 
 2750       7.450599745089e-12       1.796730104301e-13      -2.755215657725e-13       0.000000000000e+00       9.866785006893e-17       1.986833825686e-17       2.956485420780e-19 
 2751       7.423911113535e-12       1.794142788494e-13      -2.702138662871e-13       0.000000000000e+00       9.851758531955e-17       1.973371787189e-17       3.102668508654e-19 
 2752       7.397043828830e-12       1.791842904171e-13      -2.649674273207e-13       0.000000000000e+00       9.836760586994e-17       1.959828714090e-17       3.263674917985e-19 
 2753       7.370003373447e-12       1.789826540248e-13      -2.597830254251e-13       0.000000000000e+00       9.821791086520e-17       1.946209414506e-17       3.438768034084e-19 
 2754       7.342795246503e-12       1.788089772899e-13      -2.546614390925e-13       0.000000000000e+00       9.806849944570e-17       1.932518710844e-17       3.627209031950e-19 
 2755       7.315424963770e-12       1.786628665535e-13      -2.496034487570e-13       0.000000000000e+00       9.791937074709e-17       1.918761439818e-17       3.828256874238e-19 
 2756       7.287898057695e-12       1.785439268798e-13      -2.446098367969e-13       0.000000000000e+00       9.777052390024e-17       1.904942452454e-17       4.041168309241e-19 
 2757       7.260220077411e-12       1.784517620548e-13      -2.396813875356e-13       0.000000000000e+00       9.762195803129e-17       1.891066614113e-17       4.265197868854e-19 
 2758       7.232396588755e-12       1.783859745850e-13      -2.348188872440e-13       0.000000000000e+00       9.747367226160e-17       1.877138804495e-17       4.499597866548e-19 
 2759       7.204433174283e-12       1.783461656961e-13      -2.300231241416e-13       0.000000000000e+00       9.732566570778e-17       1.863163917659e-17       4.743618395348e-19 
 2760       7.176335433284e-12       1.783319353320e-13      -2.252948883982e-13       0.000000000000e+00       9.717793748167e-17       1.849146862033e-17       4.996507325798e-19 
 2761       7.148108981796e-12       1.783428821536e-13      -2.206349721360e-13       0.000000000000e+00       9.703048669034e-17       1.835092560426e-17       5.257510303939e-19 
 2762       7.119759452623e-12       1.783786035374e-13      -2.160441694308e-13       0.000000000000e+00       9.688331243605e-17       1.821005950042e-17       5.525870749280e-19 
 2763       7.091292495345e-12       1.784386955745e-13      -2.115232763139e-13       0.000000000000e+00       9.673641381632e-17       1.806891982496e-17       5.800829852768e-19 
 2764       7.062713776342e-12       1.785227530695e-13      -2.070730907738e-13       0.000000000000e+00       9.658978992385e-17       1.792755623823e-17       6.081626574765e-19 
 2765       7.034028978801e-12       1.786303695388e-13      -2.026944127575e-13       0.000000000000e+00       9.644343984655e-17       1.778601854491e-17       6.367497643017e-19 
 2766       7.005243802735e-12       1.787611372099e-13      -1.983880441727e-13       0.000000000000e+00       9.629736266754e-17       1.764435669418e-17       6.657677550629e-19 
 2767       6.976363964998e-12       1.789146470201e-13      -1.941547888891e-13       0.000000000000e+00       9.615155746512e-17       1.750262077981e-17       6.951398554034e-19 
 2768       6.947395199302e-12       1.790904886152e-13      -1.899954527401e-13       0.000000000000e+00       9.600602331279e-17       1.736086104032e-17       7.247890670970e-19 
 2769       6.918343256227e-12       1.792882503483e-13      -1.859108435245e-13       0.000000000000e+00       9.586075927922e-17       1.721912785910e-17       7.546381678449e-19 
 2770       6.889213903244e-12       1.795075192785e-13      -1.819017710083e-13       0.000000000000e+00       9.571576442829e-17       1.707747176451e-17       7.846097110733e-19 
 2771       6.860012924722e-12       1.797478811702e-13      -1.779690469260e-13       0.000000000000e+00       9.557103781903e-17       1.693594343008e-17       8.146260257302e-19 
 2772       6.830746121951e-12       1.800089204912e-13      -1.741134849829e-13       0.000000000000e+00       9.542657850563e-17       1.679459367456e-17       8.446092160829e-19 
 2773       6.801419313151e-12       1.802902204120e-13      -1.703359008559e-13       0.000000000000e+00       9.528238553747e-17       1.665347346212e-17       8.744811615155e-19 
 2774       6.772038333491e-12       1.805913628044e-13      -1.666371121960e-13       0.000000000000e+00       9.513845795907e-17       1.651263390245e-17       9.041635163257e-19 
 2775       6.742609035104e-12       1.809119282404e-13      -1.630179386293e-13       0.000000000000e+00       9.499479481011e-17       1.637212625086e-17       9.335777095223e-19 
 2776       6.713137287101e-12       1.812514959907e-13      -1.594792017591e-13       0.000000000000e+00       9.485139512541e-17       1.623200190847e-17       9.626449446224e-19 
 2777       6.683628975587e-12       1.816096440242e-13      -1.560217251674e-13       0.000000000000e+00       9.470825793496e-17       1.609231242231e-17       9.912861994487e-19 
 2778       6.654090003675e-12       1.819859490058e-13      -1.526463344166e-13       0.000000000000e+00       9.456538226385e-17       1.595310948544e-17       1.019422225927e-18 
 2779       6.624526291504e-12       1.823799862963e-13      -1.493538570510e-13       0.000000000000e+00       9.442276713233e-17       1.581444493711e-17       1.046973549882e-18 
 2780       6.594943776253e-12       1.827913299501e-13      -1.461451225988e-13       0.000000000000e+00       9.428041155577e-17       1.567637076287e-17       1.073860470837e-18 
 2781       6.565348412155e-12       1.832195527150e-13      -1.430209625733e-13       0.000000000000e+00       9.413831454467e-17       1.553893909468e-17       1.100003061810e-18 
 2782       6.535746170514e-12       1.836642260302e-13      -1.399822104750e-13       0.000000000000e+00       9.399647510462e-17       1.540220221111e-17       1.125321169110e-18 
 2783       6.506143039720e-12       1.841249200258e-13      -1.370297017931e-13       0.000000000000e+00       9.385489223636e-17       1.526621253740e-17       1.149734412135e-18 
 2784       6.476545025263e-12       1.846012035209e-13      -1.341642740070e-13       0.000000000000e+00       9.371356493571e-17       1.513102264560e-17       1.173162183170e-18 
 2785       6.446958149751e-12       1.850926440230e-13      -1.313867665882e-13       0.000000000000e+00       9.357249219361e-17       1.499668525476e-17       1.195523647183e-18 
 2786       6.417388452921e-12       1.855988077264e-13      -1.286980210019e-13       0.000000000000e+00       9.343167299608e-17       1.486325323098e-17       1.216737741624e-18 
 2787       6.387841991659e-12       1.861192595111e-13      -1.260988807085e-13       0.000000000000e+00       9.329110632424e-17       1.473077958759e-17       1.236723176220e-18 
 2788       6.358324840012e-12       1.866535629420e-13      -1.235901911656e-13       0.000000000000e+00       9.315079115431e-17       1.459931748528e-17       1.255398432772e-18 
 2789       6.328842802076e-12       1.872012747949e-13      -1.211725798887e-13       0.000000000000e+00       9.301072660228e-17       1.446891868191e-17       1.272702865210e-18 
 2790       6.299400548965e-12       1.877619286088e-13      -1.188457953696e-13       0.000000000000e+00       9.287091235891e-17       1.433962887288e-17       1.288660121191e-18 
 2791       6.270002477342e-12       1.883350510448e-13      -1.166093646903e-13       0.000000000000e+00       9.273134825705e-17       1.421149232653e-17       1.303315053122e-18 
 2792       6.240652996142e-12       1.889201673499e-13      -1.144628131462e-13       0.000000000000e+00       9.259203412708e-17       1.408455343240e-17       1.316712648275e-18 
 2793       6.211356526590e-12       1.895168013551e-13      -1.124056642448e-13       0.000000000000e+00       9.245296979696e-17       1.395885670126e-17       1.328898028910e-18 
 2794       6.182117502205e-12       1.901244754743e-13      -1.104374397036e-13       0.000000000000e+00       9.231415509218e-17       1.383444676527e-17       1.339916452399e-18 
 2795       6.152940368817e-12       1.907427107030e-13      -1.085576594485e-13       0.000000000000e+00       9.217558983580e-17       1.371136837806e-17       1.349813311345e-18 
 2796       6.123829584573e-12       1.913710266171e-13      -1.067658416123e-13       0.000000000000e+00       9.203727384842e-17       1.358966641484e-17       1.358634133707e-18 
 2797       6.094789619951e-12       1.920089413714e-13      -1.050615025324e-13       0.000000000000e+00       9.189920694820e-17       1.346938587252e-17       1.366424582923e-18 
 2798       6.065824957769e-12       1.926559716986e-13      -1.034441567499e-13       0.000000000000e+00       9.176138895081e-17       1.335057186979e-17       1.373230458033e-18 
 2799       6.036940093197e-12       1.933116329078e-13      -1.019133170069e-13       0.000000000000e+00       9.162381966951e-17       1.323326964726e-17       1.379097693800e-18 
 2800       6.008139533767e-12       1.939754388833e-13      -1.004684942457e-13       0.000000000000e+00       9.148649891504e-17       1.311752456754e-17       1.384072360832e-18 
 2801       5.979427799387e-12       1.946469020834e-13      -9.910919760635e-14       0.000000000000e+00       9.134942649571e-17       1.300338211535e-17       1.388200665709e-18 
 2802       5.950809422345e-12       1.953255335389e-13      -9.783493442540e-14       0.000000000000e+00       9.121260221735e-17       1.289088789766e-17       1.391528951099e-18 
 2803       5.922288947327e-12       1.960108428520e-13      -9.664521023388e-14       0.000000000000e+00       9.107602588333e-17       1.278008764373e-17       1.394103695888e-18 
 2804       5.893870931425e-12       1.967023381949e-13      -9.553952875570e-14       0.000000000000e+00       9.093969729452e-17       1.267102720530e-17       1.395971515297e-18 
 2805       5.865559944147e-12       1.973995263088e-13      -9.451739190590e-14       0.000000000000e+00       9.080361624933e-17       1.256375255663e-17       1.397179161006e-18 
 2806       5.837360567428e-12       1.981019125020e-13      -9.357829978890e-14       0.000000000000e+00       9.066778254369e-17       1.245830979462e-17       1.397773521280e-18 
 2807       5.809277395644e-12       1.988090006493e-13      -9.272175069678e-14       0.000000000000e+00       9.053219597104e-17       1.235474513895e-17       1.397801621086e-18 
 2808       5.781315035618e-12       1.995202931904e-13      -9.194724110759e-14       0.000000000000e+00       9.039685632233e-17       1.225310493215e-17       1.397310622221e-18 
 2809       5.753478106634e-12       2.002352911286e-13      -9.125426568353e-14       0.000000000000e+00       9.026176338603e-17       1.215343563972e-17       1.396347823431e-18 
 2810       5.725771240449e-12       2.009534940295e-13      -9.064231726931e-14       0.000000000000e+00       9.012691694812e-17       1.205578385025e-17       1.394960660534e-18 
 2811       5.698199081300e-12       2.016744000199e-13      -9.011088689038e-14       0.000000000000e+00       8.999231679207e-17       1.196019627548e-17       1.393196706546e-18 
 2812       5.670766285919e-12       2.023975057862e-13      -8.965946375119e-14       0.000000000000e+00       8.985796269886e-17       1.186671975049e-17       1.391103671799e-18 
 2813       5.643477523538e-12       2.031223065734e-13      -8.928753523349e-14       0.000000000000e+00       8.972385444697e-17       1.177540123371e-17       1.388729404068e-18 
 2814       5.616337475908e-12       2.038482961839e-13      -8.899458689457e-14       0.000000000000e+00       8.958999181237e-17       1.168628780711e-17       1.386121888689e-18 
 2815       5.589350837305e-12       2.045749669757e-13      -8.878010246557e-14       0.000000000000e+00       8.945637456853e-17       1.159942667624e-17       1.383329248686e-18 
 2816       5.562522314538e-12       2.053018098618e-13      -8.864356384969e-14       0.000000000000e+00       8.932300248641e-17       1.151486517038e-17       1.380399744892e-18 
 2817       5.535856626967e-12       2.060283143083e-13      -8.858445112052e-14       0.000000000000e+00       8.918987533445e-17       1.143265074264e-17       1.377381776071e-18 
 2818       5.509358506508e-12       2.067539683335e-13      -8.860224252029e-14       0.000000000000e+00       8.905699287859e-17       1.135283097006e-17       1.374323879039e-18 
 2819       5.483032697648e-12       2.074782585066e-13      -8.869641445810e-14       0.000000000000e+00       8.892435488223e-17       1.127545355370e-17       1.371274728793e-18 
 2820       5.456883957453e-12       2.082006699461e-13      -8.886644150828e-14       0.000000000000e+00       8.879196110626e-17       1.120056631878e-17       1.368283138627e-18 
 2821       5.430917055579e-12       2.089206863189e-13      -8.911179640855e-14       0.000000000000e+00       8.865981130904e-17       1.112821721476e-17       1.365398060256e-18 
 2822       5.405136774285e-12       2.096377898389e-13      -8.943195005839e-14       0.000000000000e+00       8.852790524642e-17       1.105845431548e-17       1.362668583941e-18 
 2823       5.379547908442e-12       2.103514612654e-13      -8.982637151723e-14       0.000000000000e+00       8.839624267170e-17       1.099132581920e-17       1.360143938612e-18 
 2824       5.354155265544e-12       2.110611799025e-13      -9.029452800280e-14       0.000000000000e+00       8.826482333565e-17       1.092688004879e-17       1.357873491987e-18 
 2825       5.328963665719e-12       2.117664235970e-13      -9.083588488932e-14       0.000000000000e+00       8.813364698651e-17       1.086516545177e-17       1.355906750697e-18 
 2826       5.303977941743e-12       2.124666687377e-13      -9.144990570581e-14       0.000000000000e+00       8.800271336998e-17       1.080623060048e-17       1.354293360409e-18 
 2827       5.279202939045e-12       2.131613902541e-13      -9.213605213438e-14       0.000000000000e+00       8.787202222922e-17       1.075012419211e-17       1.353083105947e-18 
 2828       5.254642915453e-12       2.138500999941e-13      -9.289366908533e-14       0.000000000000e+00       8.774157323986e-17       1.069686334141e-17       1.352314597034e-18 
 2829       5.230299737005e-12       2.145324620792e-13      -9.372163927581e-14       0.000000000000e+00       8.761136581474e-17       1.064633827905e-17       1.351981261251e-18 
 2830       5.206174672812e-12       2.152081781443e-13      -9.461872685888e-14       0.000000000000e+00       8.748139929815e-17       1.059840715988e-17       1.352065175212e-18 
 2831       5.182268994489e-12       2.158769490120e-13      -9.558369218076e-14       0.000000000000e+00       8.735167303072e-17       1.055292772527e-17       1.352548362899e-18 
 2832       5.158583976145e-12       2.165384746918e-13      -9.661529177731e-14       0.000000000000e+00       8.722218634944e-17       1.050975730267e-17       1.353412795617e-18 
 2833       5.135120894397e-12       2.171924543793e-13      -9.771227837064e-14       0.000000000000e+00       8.709293858760e-17       1.046875280528e-17       1.354640391950e-18 
 2834       5.111881028363e-12       2.178385864559e-13      -9.887340086560e-14       0.000000000000e+00       8.696392907486e-17       1.042977073166e-17       1.356213017709e-18 
 2835       5.088865659667e-12       2.184765684875e-13      -1.000974043464e-13       0.000000000000e+00       8.683515713717e-17       1.039266716538e-17       1.358112485889e-18 
 2836       5.066076072442e-12       2.191060972243e-13      -1.013830300730e-13       0.000000000000e+00       8.670662209683e-17       1.035729777464e-17       1.360320556620e-18 
 2837       5.043513553330e-12       2.197268685997e-13      -1.027290154780e-13       0.000000000000e+00       8.657832327245e-17       1.032351781190e-17       1.362818937119e-18 
 2838       5.021179391485e-12       2.203385777300e-13      -1.041340941627e-13       0.000000000000e+00       8.645025997895e-17       1.029118211352e-17       1.365589281646e-18 
 2839       4.999074878573e-12       2.209409189131e-13      -1.055969958940e-13       0.000000000000e+00       8.632243152757e-17       1.026014509938e-17       1.368613191454e-18 
 2840       4.977201308778e-12       2.215335856285e-13      -1.071164466010e-13       0.000000000000e+00       8.619483722585e-17       1.023026077252e-17       1.371872214744e-18 
 2841       4.955559978800e-12       2.221162705362e-13      -1.086911683710e-13       0.000000000000e+00       8.606747637763e-17       1.020138271876e-17       1.375347846616e-18 
 2842       4.934152187856e-12       2.226886654759e-13      -1.103198794469e-13       0.000000000000e+00       8.594034828307e-17       1.017336410636e-17       1.379021529024e-18 
 2843       4.912979237686e-12       2.232504614666e-13      -1.120012942231e-13       0.000000000000e+00       8.581345223861e-17       1.014605768561e-17       1.382874650726e-18 
 2844       4.892042432553e-12       2.238013487054e-13      -1.137341232420e-13       0.000000000000e+00       8.568678753697e-17       1.011931578847e-17       1.386888547242e-18 
 2845       4.871343079245e-12       2.243410165676e-13      -1.155170731912e-13       0.000000000000e+00       8.556035346718e-17       1.009299032825e-17       1.391044500801e-18 
 2846       4.850882487074e-12       2.248691536052e-13      -1.173488468993e-13       0.000000000000e+00       8.543414931455e-17       1.006693279917e-17       1.395323740298e-18 
 2847       4.830661967883e-12       2.253854475465e-13      -1.192281433329e-13       0.000000000000e+00       8.530817436066e-17       1.004099427604e-17       1.399707441246e-18 
 2848       4.810682836044e-12       2.258895852955e-13      -1.211536575931e-13       0.000000000000e+00       8.518242788338e-17       1.001502541386e-17       1.404176725729e-18 
 2849       4.790946408461e-12       2.263812529311e-13      -1.231240809118e-13       0.000000000000e+00       8.505690915684e-17       9.988876447494e-18       1.408712662352e-18 
 2850       4.771454004573e-12       2.268601357062e-13      -1.251381006484e-13       0.000000000000e+00       8.493161745145e-17       9.962397191242e-18       1.413296266199e-18 
 2851       4.752206946354e-12       2.273259180474e-13      -1.271944002867e-13       0.000000000000e+00       8.480655203386e-17       9.935437038522e-18       1.417908498784e-18 
 2852       4.733206558317e-12       2.277782835539e-13      -1.292916594306e-13       0.000000000000e+00       8.468171216702e-17       9.907844961476e-18       1.422530268001e-18 
 2853       4.714454167512e-12       2.282169149970e-13      -1.314285538016e-13       0.000000000000e+00       8.455709711011e-17       9.879469510608e-18       1.427142428081e-18 
 2854       4.695951103532e-12       2.286414943194e-13      -1.336037552345e-13       0.000000000000e+00       8.443270611856e-17       9.850158814412e-18       1.431725779544e-18 
 2855       4.677698698515e-12       2.290517026343e-13      -1.358159316747e-13       0.000000000000e+00       8.430853844408e-17       9.819760579007e-18       1.436261069149e-18 
 2856       4.659698287142e-12       2.294472202251e-13      -1.380637471742e-13       0.000000000000e+00       8.418459333458e-17       9.788122087765e-18       1.440728989852e-18 
 2857       4.641951206641e-12       2.298277265441e-13      -1.403458618883e-13       0.000000000000e+00       8.406087003424e-17       9.755090200944e-18       1.445110180753e-18 
 2858       4.624458796791e-12       2.301929002123e-13      -1.426609320724e-13       0.000000000000e+00       8.393736778349e-17       9.720511355316e-18       1.449385227055e-18 
 2859       4.607222399919e-12       2.305424190185e-13      -1.450076100781e-13       0.000000000000e+00       8.381408581896e-17       9.684231563803e-18       1.453534660012e-18 
 2860       4.590243360907e-12       2.308759599186e-13      -1.473845443500e-13       0.000000000000e+00       8.369102337353e-17       9.646096415104e-18       1.457538956886e-18 
 2861       4.573523027190e-12       2.311931990348e-13      -1.497903794224e-13       0.000000000000e+00       8.356817967630e-17       9.605951073327e-18       1.461378540896e-18 
 2862       4.557062748761e-12       2.314938116550e-13      -1.522237559155e-13       0.000000000000e+00       8.344555395260e-17       9.563640277622e-18       1.465033781174e-18 
 2863       4.540863878170e-12       2.317774722323e-13      -1.546833105321e-13       0.000000000000e+00       8.332314542397e-17       9.519008341811e-18       1.468484992716e-18 
 2864       4.524927770527e-12       2.320438543837e-13      -1.571676760544e-13       0.000000000000e+00       8.320095330817e-17       9.471899154015e-18       1.471712436337e-18 
 2865       4.509255783505e-12       2.322926308900e-13      -1.596754813400e-13       0.000000000000e+00       8.307897681916e-17       9.422156176295e-18       1.474696318622e-18 
 2866       4.493849277340e-12       2.325234736948e-13      -1.622053513190e-13       0.000000000000e+00       8.295721516711e-17       9.369622444271e-18       1.477416791880e-18 
 2867       4.478709076104e-12       2.327361080313e-13      -1.647559352770e-13       0.000000000000e+00       8.283566764881e-17       9.314195428229e-18       1.479857096705e-18 
 2868       4.463833848498e-12       2.329304751051e-13      -1.673259918701e-13       0.000000000000e+00       8.271433391935e-17       9.255991923313e-18       1.482013007300e-18 
 2869       4.449221718795e-12       2.331065702412e-13      -1.699143045375e-13       0.000000000000e+00       8.259321372180e-17       9.195184000914e-18       1.483883434312e-18 
 2870       4.434870804803e-12       2.332643888319e-13      -1.725196532510e-13       0.000000000000e+00       8.247230679694e-17       9.131944224137e-18       1.485467286598e-18 
 2871       4.420779217870e-12       2.334039263368e-13      -1.751408145119e-13       0.000000000000e+00       8.235161288326e-17       9.066445648232e-18       1.486763471231e-18 
 2872       4.406945062868e-12       2.335251782831e-13      -1.777765613482e-13       0.000000000000e+00       8.223113171696e-17       8.998861821027e-18       1.487770893495e-18 
 2873       4.393366438196e-12       2.336281402656e-13      -1.804256633112e-13       0.000000000000e+00       8.211086303190e-17       8.929366783360e-18       1.488488456884e-18 
 2874       4.380041435766e-12       2.337128079467e-13      -1.830868864727e-13       0.000000000000e+00       8.199080655969e-17       8.858135069509e-18       1.488915063102e-18 
 2875       4.366968141005e-12       2.337791770565e-13      -1.857589934218e-13       0.000000000000e+00       8.187096202959e-17       8.785341707625e-18       1.489049612059e-18 
 2876       4.354144632841e-12       2.338272433931e-13      -1.884407432622e-13       0.000000000000e+00       8.175132916857e-17       8.711162220164e-18       1.488891001874e-18 
 2877       4.341568983702e-12       2.338570028223e-13      -1.911308916087e-13       0.000000000000e+00       8.163190770129e-17       8.635772624318e-18       1.488438128871e-18 
 2878       4.329239259510e-12       2.338684512781e-13      -1.938281905844e-13       0.000000000000e+00       8.151269735008e-17       8.559349432446e-18       1.487689887579e-18 
 2879       4.317153519673e-12       2.338615847626e-13      -1.965313888177e-13       0.000000000000e+00       8.139369783498e-17       8.482069652509e-18       1.486645170729e-18 
 2880       4.305309817080e-12       2.338363993457e-13      -1.992392314393e-13       0.000000000000e+00       8.127490887368e-17       8.404110788498e-18       1.485302869254e-18 
 2881       4.293706198094e-12       2.337928911659e-13      -2.019504600789e-13       0.000000000000e+00       8.115633018157e-17       8.325650840866e-18       1.483661872289e-18 
 2882       4.282340702547e-12       2.337310564300e-13      -2.046638128622e-13       0.000000000000e+00       8.103796147172e-17       8.246868306963e-18       1.481721067169e-18 
 2883       4.271211363736e-12       2.336508914130e-13      -2.073780244083e-13       0.000000000000e+00       8.091980245484e-17       8.167942181466e-18       1.479479339425e-18 
 2884       4.260316208412e-12       2.335523924585e-13      -2.100918258261e-13       0.000000000000e+00       8.080185283935e-17       8.089051956808e-18       1.476935572790e-18 
 2885       4.249653256778e-12       2.334355559787e-13      -2.128039447116e-13       0.000000000000e+00       8.068411233132e-17       8.010377623615e-18       1.474088649187e-18 
 2886       4.239220522483e-12       2.333003784544e-13      -2.155131051446e-13       0.000000000000e+00       8.056658063447e-17       7.932099671132e-18       1.470937448739e-18 
 2887       4.229016012612e-12       2.331468564352e-13      -2.182180276860e-13       0.000000000000e+00       8.044925745022e-17       7.854399087661e-18       1.467480849761e-18 
 2888       4.219037727687e-12       2.329749865395e-13      -2.209174293745e-13       0.000000000000e+00       8.033214247762e-17       7.777457360986e-18       1.463717728759e-18 
 2889       4.209283661652e-12       2.327847654544e-13      -2.236100237235e-13       0.000000000000e+00       8.021523541338e-17       7.701456478812e-18       1.459646960433e-18 
 2890       4.199751801877e-12       2.325761899363e-13      -2.262945207184e-13       0.000000000000e+00       8.009853595188e-17       7.626578929189e-18       1.455267417671e-18 
 2891       4.190440129143e-12       2.323492568105e-13      -2.289696268132e-13       0.000000000000e+00       7.998204378514e-17       7.553007700949e-18       1.450577971552e-18 
 2892       4.181346617641e-12       2.321039629713e-13      -2.316340449278e-13       0.000000000000e+00       7.986575860284e-17       7.480926284139e-18       1.445577491340e-18 
 2893       4.172469234966e-12       2.318403053826e-13      -2.342864744444e-13       0.000000000000e+00       7.974968009229e-17       7.410518670446e-18       1.440264844489e-18 
 2894       4.163805942109e-12       2.315582810772e-13      -2.369256112052e-13       0.000000000000e+00       7.963380793848e-17       7.341969353636e-18       1.434638896635e-18 
 2895       4.155354693451e-12       2.312578871575e-13      -2.395501475088e-13       0.000000000000e+00       7.951814182399e-17       7.275463329980e-18       1.428698511601e-18 
 2896       4.147113436760e-12       2.309391207954e-13      -2.421587721074e-13       0.000000000000e+00       7.940268142909e-17       7.211186098691e-18       1.422442551391e-18 
 2897       4.139080113182e-12       2.306019792322e-13      -2.447501702036e-13       0.000000000000e+00       7.928742643165e-17       7.149323662352e-18       1.415869876192e-18 
 2898       4.131252657235e-12       2.302464597790e-13      -2.473230234476e-13       0.000000000000e+00       7.917237650721e-17       7.090062527348e-18       1.408979344371e-18 
 2899       4.123628996806e-12       2.298725598166e-13      -2.498760099341e-13       0.000000000000e+00       7.905753132891e-17       7.033589704299e-18       1.401769812475e-18 
 2900       4.116207053140e-12       2.294802767955e-13      -2.524078041988e-13       0.000000000000e+00       7.894289056753e-17       6.980092708493e-18       1.394240135229e-18 
 2901       4.108984740840e-12       2.290696082360e-13      -2.549170772161e-13       0.000000000000e+00       7.882845389148e-17       6.929759560314e-18       1.386389165535e-18 
 2902       4.101959967856e-12       2.286405517286e-13      -2.574024963957e-13       0.000000000000e+00       7.871422096681e-17       6.882778785676e-18       1.378215754471e-18 
 2903       4.095130635482e-12       2.281931049338e-13      -2.598627255793e-13       0.000000000000e+00       7.860019145715e-17       6.839339416455e-18       1.369718751289e-18 
 2904       4.088494638349e-12       2.277272655821e-13      -2.622964250380e-13       0.000000000000e+00       7.848636502379e-17       6.799630990922e-18       1.360897003415e-18 
 2905       4.082049864417e-12       2.272430314742e-13      -2.647022514691e-13       0.000000000000e+00       7.837274132562e-17       6.763843554170e-18       1.351749356447e-18 
 2906       4.075793977278e-12       2.267404395572e-13      -2.670789863684e-13       0.000000000000e+00       7.825932001087e-17       6.732109014903e-18       1.342277862665e-18 
 2907       4.069723761861e-12       2.262196833677e-13      -2.694259218610e-13       0.000000000000e+00       7.814610069230e-17       6.704324892039e-18       1.332497424221e-18 
 2908       4.063835775412e-12       2.256809961805e-13      -2.717424768089e-13       0.000000000000e+00       7.803308297188e-17       6.680329680665e-18       1.322426198546e-18 
 2909       4.058126564888e-12       2.251246119873e-13      -2.740280686112e-13       0.000000000000e+00       7.792026644904e-17       6.659961414606e-18       1.312082394302e-18 
 2910       4.052592666941e-12       2.245507654970e-13      -2.762821132028e-13       0.000000000000e+00       7.780765072068e-17       6.643057666019e-18       1.301484271419e-18 
 2911       4.047230607913e-12       2.239596921368e-13      -2.785040250534e-13       0.000000000000e+00       7.769523538118e-17       6.629455544997e-18       1.290650141146e-18 
 2912       4.042036903824e-12       2.233516280523e-13      -2.806932171656e-13       0.000000000000e+00       7.758302002236e-17       6.618991699166e-18       1.279598366095e-18 
 2913       4.037008060367e-12       2.227268101086e-13      -2.828491010746e-13       0.000000000000e+00       7.747100423351e-17       6.611502313281e-18       1.268347360281e-18 
 2914       4.032140572894e-12       2.220854758906e-13      -2.849710868463e-13       0.000000000000e+00       7.735918760139e-17       6.606823108830e-18       1.256915589170e-18 
 2915       4.027430926411e-12       2.214278637040e-13      -2.870585830763e-13       0.000000000000e+00       7.724756971018e-17       6.604789343626e-18       1.245321569721e-18 
 2916       4.022875595566e-12       2.207542125753e-13      -2.891109968888e-13       0.000000000000e+00       7.713615014154e-17       6.605235811413e-18       1.233583870434e-18 
 2917       4.018471044643e-12       2.200647622533e-13      -2.911277339352e-13       0.000000000000e+00       7.702492847457e-17       6.607996841458e-18       1.221721111391e-18 
 2918       4.014213727549e-12       2.193597532090e-13      -2.931081983930e-13       0.000000000000e+00       7.691390428582e-17       6.612906298155e-18       1.209751964301e-18 
 2919       4.010100087808e-12       2.186394266366e-13      -2.950517929646e-13       0.000000000000e+00       7.680307714926e-17       6.619797580620e-18       1.197695152546e-18 
 2920       4.006126558552e-12       2.179040244541e-13      -2.969579188759e-13       0.000000000000e+00       7.669244663633e-17       6.628503622293e-18       1.185569451223e-18 
 2921       4.002289562508e-12       2.171537893039e-13      -2.988259758754e-13       0.000000000000e+00       7.658201231590e-17       6.638856890532e-18       1.173393687190e-18 
 2922       3.998585511995e-12       2.163889645535e-13      -3.006553622325e-13       0.000000000000e+00       7.647177375426e-17       6.650689386219e-18       1.161186739112e-18 
 2923       3.995010808910e-12       2.156097942958e-13      -3.024454747368e-13       0.000000000000e+00       7.636173051514e-17       6.663832643349e-18       1.148967537501e-18 
 2924       3.991561844720e-12       2.148165233503e-13      -3.041957086967e-13       0.000000000000e+00       7.625188215972e-17       6.678117728639e-18       1.136755064764e-18 
 2925       3.988235000455e-12       2.140093972633e-13      -3.059054579380e-13       0.000000000000e+00       7.614222824657e-17       6.693375241118e-18       1.124568355245e-18 
 2926       3.985026646696e-12       2.131886623088e-13      -3.075741148028e-13       0.000000000000e+00       7.603276833171e-17       6.709435311733e-18       1.112426495272e-18 
 2927       3.981933143568e-12       2.123545654889e-13      -3.092010701484e-13       0.000000000000e+00       7.592350196858e-17       6.726127602940e-18       1.100348623200e-18 
 2928       3.978950840731e-12       2.115073545346e-13      -3.107857133461e-13       0.000000000000e+00       7.581442870803e-17       6.743281308310e-18       1.088353929454e-18 
 2929       3.976076077369e-12       2.106472779064e-13      -3.123274322797e-13       0.000000000000e+00       7.570554809833e-17       6.760725152124e-18       1.076461656576e-18 
 2930       3.973305182181e-12       2.097745847950e-13      -3.138256133444e-13       0.000000000000e+00       7.559685968516e-17       6.778287388973e-18       1.064691099267e-18 
 2931       3.970634473377e-12       2.088895251218e-13      -3.152796414457e-13       0.000000000000e+00       7.548836301162e-17       6.795795803353e-18       1.053061604435e-18 
 2932       3.968060258659e-12       2.079923495396e-13      -3.166888999984e-13       0.000000000000e+00       7.538005761820e-17       6.813077709270e-18       1.041592571233e-18 
 2933       3.965578835224e-12       2.070833094332e-13      -3.180527709247e-13       0.000000000000e+00       7.527194304283e-17       6.829959949835e-18       1.030303451111e-18 
 2934       3.963186489744e-12       2.061626569203e-13      -3.193706346536e-13       0.000000000000e+00       7.516401882080e-17       6.846268896861e-18       1.019213747854e-18 
 2935       3.960879498365e-12       2.052306448516e-13      -3.206418701193e-13       0.000000000000e+00       7.505628448483e-17       6.861830450466e-18       1.008343017631e-18 
 2936       3.958654126691e-12       2.042875268120e-13      -3.218658547605e-13       0.000000000000e+00       7.494873956502e-17       6.876470038669e-18       9.977108690357e-19 
 2937       3.956506629781e-12       2.033335571209e-13      -3.230419645184e-13       0.000000000000e+00       7.484138358889e-17       6.890012616990e-18       9.873369631345e-19 
 2938       3.954433252138e-12       2.023689908329e-13      -3.241695738363e-13       0.000000000000e+00       7.473421608132e-17       6.902282668045e-18       9.772410135076e-19 
 2939       3.952430227696e-12       2.013940837385e-13      -3.252480556578e-13       0.000000000000e+00       7.462723656460e-17       6.913104201152e-18       9.674427862953e-19 
 2940       3.950493779818e-12       2.004090923648e-13      -3.262767814257e-13       0.000000000000e+00       7.452044455840e-17       6.922300751923e-18       9.579621002418e-19 
 2941       3.948620121280e-12       1.994142739760e-13      -3.272551210810e-13       0.000000000000e+00       7.441383957977e-17       6.929695381864e-18       9.488188267398e-19 
 2942       3.946805454267e-12       1.984098865738e-13      -3.281824430617e-13       0.000000000000e+00       7.430742114315e-17       6.935110677978e-18       9.400328898746e-19 
 2943       3.945045970362e-12       1.973961888987e-13      -3.290581143011e-13       0.000000000000e+00       7.420118876037e-17       6.938368752358e-18       9.316242664688e-19 
 2944       3.943337850534e-12       1.963734404302e-13      -3.298815002272e-13       0.000000000000e+00       7.409514194059e-17       6.939291241790e-18       9.236129861264e-19 
 2945       3.941677417582e-12       1.953419086571e-13      -3.306521075649e-13       0.000000000000e+00       7.398928021345e-17       6.937743915110e-18       9.160114724988e-19 
 2946       3.940061594278e-12       1.943018909278e-13      -3.313700135227e-13       0.000000000000e+00       7.388360319818e-17       6.933770738442e-18       9.088015253837e-19 
 2947       3.938487447484e-12       1.932536927104e-13      -3.320354387385e-13       0.000000000000e+00       7.377811053482e-17       6.927460475900e-18       9.019572242409e-19 
 2948       3.936952035901e-12       1.921976203329e-13      -3.326486046697e-13       0.000000000000e+00       7.367280186113e-17       6.918902142605e-18       8.954525765118e-19 
 2949       3.935452410061e-12       1.911339809845e-13      -3.332097335944e-13       0.000000000000e+00       7.356767681259e-17       6.908185004893e-18       8.892615175580e-19 
 2950       3.933985612325e-12       1.900630827160e-13      -3.337190486122e-13       0.000000000000e+00       7.346273502245e-17       6.895398580538e-18       8.833579106000e-19 
 2951       3.932548676871e-12       1.889852344408e-13      -3.341767736446e-13       0.000000000000e+00       7.335797612166e-17       6.880632638964e-18       8.777155466552e-19 
 2952       3.931138629690e-12       1.879007459351e-13      -3.345831334363e-13       0.000000000000e+00       7.325339973894e-17       6.863977201459e-18       8.723081444767e-19 
 2953       3.929752488580e-12       1.868099278396e-13      -3.349383535552e-13       0.000000000000e+00       7.314900550071e-17       6.845522541395e-18       8.671093504916e-19 
 2954       3.928387263134e-12       1.857130916591e-13      -3.352426603940e-13       0.000000000000e+00       7.304479303112e-17       6.825359184441e-18       8.620927387397e-19 
 2955       3.927039954739e-12       1.846105497641e-13      -3.354962811703e-13       0.000000000000e+00       7.294076195206e-17       6.803577908779e-18       8.572318108116e-19 
 2956       3.925707556565e-12       1.835026153913e-13      -3.356994439278e-13       0.000000000000e+00       7.283691188313e-17       6.780269745321e-18       8.524999957872e-19 
 2957       3.924387053559e-12       1.823896026440e-13      -3.358523775367e-13       0.000000000000e+00       7.273324244165e-17       6.755525977921e-18       8.478706501744e-19 
 2958       3.923075422440e-12       1.812718264932e-13      -3.359553116946e-13       0.000000000000e+00       7.262975324267e-17       6.729438143595e-18       8.433170578475e-19 
 2959       3.921769631688e-12       1.801496027785e-13      -3.360084769275e-13       0.000000000000e+00       7.252644389894e-17       6.702098032737e-18       8.388124299854e-19 
 2960       3.920466641541e-12       1.790232482083e-13      -3.360121045901e-13       0.000000000000e+00       7.242331402093e-17       6.673597689330e-18       8.343299050105e-19 
 2961       3.919163403987e-12       1.778930803608e-13      -3.359664268671e-13       0.000000000000e+00       7.232036321683e-17       6.644029411164e-18       8.298425485265e-19 
 2962       3.917856862755e-12       1.767594176850e-13      -3.358716767733e-13       0.000000000000e+00       7.221759109251e-17       6.613485750055e-18       8.253233532575e-19 
 2963       3.916543953309e-12       1.756225795010e-13      -3.357280881550e-13       0.000000000000e+00       7.211499725157e-17       6.582059512056e-18       8.207452389862e-19 
 2964       3.915221602844e-12       1.744828860010e-13      -3.355358956902e-13       0.000000000000e+00       7.201258129531e-17       6.549843757673e-18       8.160810524923e-19 
 2965       3.913886730274e-12       1.733406582499e-13      -3.352953348900e-13       0.000000000000e+00       7.191034282273e-17       6.516931802085e-18       8.113035674909e-19 
 2966       3.912536246229e-12       1.721962181863e-13      -3.350066420987e-13       0.000000000000e+00       7.180828143053e-17       6.483417215357e-18       8.063854845712e-19 
 2967       3.911167053046e-12       1.710498886229e-13      -3.346700544949e-13       0.000000000000e+00       7.170639671309e-17       6.449393822652e-18       8.012994311347e-19 
 2968       3.909776044763e-12       1.699019932474e-13      -3.342858100923e-13       0.000000000000e+00       7.160468826252e-17       6.414955704453e-18       7.960179613339e-19 
 2969       3.908360107110e-12       1.687528566232e-13      -3.338541477403e-13       0.000000000000e+00       7.150315566857e-17       6.380197196777e-18       7.905135560106e-19 
 2970       3.906916117506e-12       1.676028041903e-13      -3.333753071248e-13       0.000000000000e+00       7.140179851874e-17       6.345212891387e-18       7.847586226341e-19 
 2971       3.905440945047e-12       1.664521622656e-13      -3.328495287690e-13       0.000000000000e+00       7.130061639817e-17       6.310097636013e-18       7.787254952404e-19 
 2972       3.903931450504e-12       1.653012580443e-13      -3.322770540342e-13       0.000000000000e+00       7.119960888969e-17       6.274946534561e-18       7.723864343697e-19 
 2973       3.902384486314e-12       1.641504196001e-13      -3.316581251203e-13       0.000000000000e+00       7.109877557384e-17       6.239854947338e-18       7.657136270058e-19 
 2974       3.900796896569e-12       1.629999758860e-13      -3.309929850671e-13       0.000000000000e+00       7.099811602882e-17       6.204918491259e-18       7.586791865136e-19 
 2975       3.899165517017e-12       1.618502567353e-13      -3.302818777544e-13       0.000000000000e+00       7.089762983050e-17       6.170233040066e-18       7.512551525786e-19 
 2976       3.897487175049e-12       1.607015928622e-13      -3.295250479032e-13       0.000000000000e+00       7.079731655245e-17       6.135894724546e-18       7.434134911443e-19 
 2977       3.895758689692e-12       1.595543158625e-13      -3.287227410762e-13       0.000000000000e+00       7.069717576589e-17       6.101999932743e-18       7.351260943514e-19 
 2978       3.893976871607e-12       1.584087582143e-13      -3.278752036790e-13       0.000000000000e+00       7.059720703971e-17       6.068645310175e-18       7.263647804759e-19 
 2979       3.892138523078e-12       1.572652532788e-13      -3.269826829601e-13       0.000000000000e+00       7.049740994049e-17       6.035927760052e-18       7.171012938680e-19 
 2980       3.890240438003e-12       1.561241353011e-13      -3.260454270125e-13       0.000000000000e+00       7.039778403245e-17       6.003944443486e-18       7.073073048897e-19 
 2981       3.888279401893e-12       1.549857394109e-13      -3.250636847739e-13       0.000000000000e+00       7.029832887749e-17       5.972792779714e-18       6.969544098541e-19 
 2982       3.886252191861e-12       1.538504016230e-13      -3.240377060276e-13       0.000000000000e+00       7.019904403518e-17       5.942570446308e-18       6.860141309634e-19 
 2983       3.884155576616e-12       1.527184588386e-13      -3.229677414032e-13       0.000000000000e+00       7.009992906272e-17       5.913375379393e-18       6.744579162477e-19 
 2984       3.881986682907e-12       1.515902268938e-13      -3.218541232586e-13       0.000000000000e+00       7.000098355486e-17       5.885293829743e-18       6.622678524176e-19 
 2985       3.879744096840e-12       1.504659345877e-13      -3.206975087574e-13       0.000000000000e+00       6.990220726374e-17       5.858364466598e-18       6.494688609892e-19 
 2986       3.877426767951e-12       1.493457893325e-13      -3.194986379859e-13       0.000000000000e+00       6.980359997962e-17       5.832614098087e-18       6.360966600665e-19 
 2987       3.875033643248e-12       1.482299990756e-13      -3.182582531824e-13       0.000000000000e+00       6.970516149105e-17       5.808069599396e-18       6.221870658627e-19 
 2988       3.872563667206e-12       1.471187723005e-13      -3.169770987390e-13       0.000000000000e+00       6.960689158485e-17       5.784757912829e-18       6.077759927830e-19 
 2989       3.870015781765e-12       1.460123180269e-13      -3.156559212035e-13       0.000000000000e+00       6.950879004615e-17       5.762706047856e-18       5.928994535076e-19 
 2990       3.867388926328e-12       1.449108458114e-13      -3.142954692812e-13       0.000000000000e+00       6.941085665837e-17       5.741941081174e-18       5.775935590742e-19 
 2991       3.864682037761e-12       1.438145657479e-13      -3.128964938368e-13       0.000000000000e+00       6.931309120320e-17       5.722490156755e-18       5.618945189608e-19 
 2992       3.861894050387e-12       1.427236884678e-13      -3.114597478960e-13       0.000000000000e+00       6.921549346061e-17       5.704380485908e-18       5.458386411686e-19 
 2993       3.859023895989e-12       1.416384251408e-13      -3.099859866478e-13       0.000000000000e+00       6.911806320886e-17       5.687639347328e-18       5.294623323049e-19 
 2994       3.856070503803e-12       1.405589874752e-13      -3.084759674461e-13       0.000000000000e+00       6.902080022449e-17       5.672294087154e-18       5.128020976655e-19 
 2995       3.853032800520e-12       1.394855877180e-13      -3.069304498114e-13       0.000000000000e+00       6.892370428231e-17       5.658372119023e-18       4.958945413180e-19 
 2996       3.849909710281e-12       1.384184386562e-13      -3.053501954328e-13       0.000000000000e+00       6.882677515540e-17       5.645900924124e-18       4.787763661839e-19 
 2997       3.846700154676e-12       1.373577536161e-13      -3.037359681700e-13       0.000000000000e+00       6.873001261513e-17       5.634908051253e-18       4.614843741222e-19 
 2998       3.843403052743e-12       1.363037464647e-13      -3.020885340549e-13       0.000000000000e+00       6.863341643114e-17       5.625421116871e-18       4.440554660114e-19 
 2999       3.840017320966e-12       1.352566316097e-13      -3.004086612934e-13       0.000000000000e+00       6.853698637131e-17       5.617467805152e-18       4.265266418327e-19 
 3000       3.836541873269e-12       1.342166240000e-13      -2.986971202677e-13       0.000000000000e+00       6.844072220183e-17       5.611075868045e-18       4.089350007529e-19 
 3001       3.832975621020e-12       1.331839391262e-13      -2.969546835376e-13       0.000000000000e+00       6.834462368713e-17       5.606273125323e-18       3.913177412068e-19 
 3002       3.829317473024e-12       1.321587930210e-13      -2.951821258427e-13       0.000000000000e+00       6.824869058990e-17       5.603087464641e-18       3.737121609803e-19 
 3003       3.825566335524e-12       1.311414022596e-13      -2.933802241039e-13       0.000000000000e+00       6.815292267111e-17       5.601546841592e-18       3.561556572929e-19 
 3004       3.821721112198e-12       1.301319839602e-13      -2.915497574259e-13       0.000000000000e+00       6.805731968998e-17       5.601679279758e-18       3.386857268808e-19 
 3005       3.817780704155e-12       1.291307557845e-13      -2.896915070982e-13       0.000000000000e+00       6.796188140399e-17       5.603512870767e-18       3.213399660794e-19 
 3006       3.813744009938e-12       1.281379359380e-13      -2.878062565977e-13       0.000000000000e+00       6.786660756888e-17       5.607075774347e-18       3.041560709062e-19 
 3007       3.809609925515e-12       1.271537431705e-13      -2.858947915900e-13       0.000000000000e+00       6.777149793865e-17       5.612396218383e-18       2.871718371437e-19 
 3008       3.805377344284e-12       1.261783967767e-13      -2.839578999315e-13       0.000000000000e+00       6.767655226553e-17       5.619502498967e-18       2.704251604220e-19 
 3009       3.801045157066e-12       1.252121165963e-13      -2.819963716713e-13       0.000000000000e+00       6.758177030002e-17       5.628422980458e-18       2.539540363015e-19 
 3010       3.796612252104e-12       1.242551230147e-13      -2.800109990530e-13       0.000000000000e+00       6.748715179087e-17       5.639186095535e-18       2.377965603559e-19 
 3011       3.792077515064e-12       1.233076369635e-13      -2.780025765164e-13       0.000000000000e+00       6.739269648509e-17       5.651820345250e-18       2.219909282551e-19 
 3012       3.787439829027e-12       1.223698799207e-13      -2.759719006994e-13       0.000000000000e+00       6.729840412789e-17       5.666354299083e-18       2.065754358475e-19 
 3013       3.782698074495e-12       1.214420739114e-13      -2.739197704402e-13       0.000000000000e+00       6.720427446278e-17       5.682816595002e-18       1.915884792431e-19 
 3014       3.777851129380e-12       1.205244415079e-13      -2.718469867785e-13       0.000000000000e+00       6.711030723147e-17       5.701235939509e-18       1.770685548965e-19 
 3015       3.772897869009e-12       1.196172058305e-13      -2.697543529579e-13       0.000000000000e+00       6.701650217393e-17       5.721641107702e-18       1.630542596891e-19 
 3016       3.767837166119e-12       1.187205905478e-13      -2.676426744276e-13       0.000000000000e+00       6.692285902837e-17       5.744060943327e-18       1.495842910123e-19 
 3017       3.762667890855e-12       1.178348198770e-13      -2.655127588441e-13       0.000000000000e+00       6.682937753123e-17       5.768524358833e-18       1.366974468504e-19 
 3018       3.757388910769e-12       1.169601185847e-13      -2.633654160730e-13       0.000000000000e+00       6.673605741719e-17       5.795060335427e-18       1.244326258628e-19 
 3019       3.751999090815e-12       1.160967119869e-13      -2.612014581913e-13       0.000000000000e+00       6.664289841916e-17       5.823697923127e-18       1.128288274674e-19 
 3020       3.746497293353e-12       1.152448259498e-13      -2.590216994888e-13       0.000000000000e+00       6.654990026827e-17       5.854466240820e-18       1.019251519232e-19 
 3021       3.740882378139e-12       1.144046868899e-13      -2.568269564700e-13       0.000000000000e+00       6.645706269390e-17       5.887394476316e-18       9.176080041262e-20 
 3022       3.735153202331e-12       1.135765217750e-13      -2.546180478562e-13       0.000000000000e+00       6.636438542365e-17       5.922511886399e-18       8.237507512508e-20 
 3023       3.729308966585e-12       1.127605240817e-13      -2.523957849237e-13       0.000000000000e+00       6.627186816386e-17       5.959826319855e-18       7.379425789710e-20 
 3024       3.723350255204e-12       1.119567514888e-13      -2.501609424652e-13       0.000000000000e+00       6.617951054105e-17       5.999259672759e-18       6.599217652054e-20 
 3025       3.717278001028e-12       1.111652276896e-13      -2.479142876912e-13       0.000000000000e+00       6.608731216022e-17       6.040712120568e-18       5.892944753900e-20 
 3026       3.711093139787e-12       1.103859763889e-13      -2.456565898831e-13       0.000000000000e+00       6.599527262427e-17       6.084083566522e-18       5.256658024688e-20 
 3027       3.704796610107e-12       1.096190213029e-13      -2.433886203940e-13       0.000000000000e+00       6.590339153399e-17       6.129273641419e-18       4.686397659996e-20 
 3028       3.698389353510e-12       1.088643861595e-13      -2.411111526510e-13       0.000000000000e+00       6.581166848810e-17       6.176181703384e-18       4.178193112590e-20 
 3029       3.691872314419e-12       1.081220946981e-13      -2.388249621569e-13       0.000000000000e+00       6.572010308321e-17       6.224706837644e-18       3.728063083476e-20 
 3030       3.685246440156e-12       1.073921706695e-13      -2.365308264917e-13       0.000000000000e+00       6.562869491384e-17       6.274747856303e-18       3.332015512961e-20 
 3031       3.678512680949e-12       1.066746378362e-13      -2.342295253143e-13       0.000000000000e+00       6.553744357242e-17       6.326203298110e-18       2.986047571699e-20 
 3032       3.671671989935e-12       1.059695199721e-13      -2.319218403646e-13       0.000000000000e+00       6.544634864926e-17       6.378971428236e-18       2.686145651748e-20 
 3033       3.664725323156e-12       1.052768408628e-13      -2.296085554647e-13       0.000000000000e+00       6.535540973257e-17       6.432950238045e-18       2.428285357624e-20 
 3034       3.657673639569e-12       1.045966243052e-13      -2.272904565210e-13       0.000000000000e+00       6.526462640845e-17       6.488037444866e-18       2.208431497355e-20 
 3035       3.650517901044e-12       1.039288941078e-13      -2.249683315258e-13       0.000000000000e+00       6.517399826091e-17       6.544130491769e-18       2.022538073533e-20 
 3036       3.643259072370e-12       1.032736740906e-13      -2.226429705590e-13       0.000000000000e+00       6.508352487184e-17       6.601126547334e-18       1.866548274369e-20 
 3037       3.635898121253e-12       1.026309880851e-13      -2.203151657899e-13       0.000000000000e+00       6.499320582101e-17       6.658922505427e-18       1.736394464747e-20 
 3038       3.628436018322e-12       1.020008599344e-13      -2.179857114788e-13       0.000000000000e+00       6.490304068608e-17       6.717414984972e-18       1.627998177277e-20 
 3039       3.620873737129e-12       1.013833134928e-13      -2.156554039787e-13       0.000000000000e+00       6.481302904260e-17       6.776500329721e-18       1.537270103347e-20 
 3040       3.613212254155e-12       1.007783726263e-13      -2.133250417373e-13       0.000000000000e+00       6.472317046400e-17       6.836074608032e-18       1.460110084182e-20 
 3041       3.605452548810e-12       1.001860612124e-13      -2.109954252984e-13       0.000000000000e+00       6.463346452158e-17       6.896033612637e-18       1.392407101892e-20 
 3042       3.597595603435e-12       9.960640314005e-14      -2.086673573038e-13       0.000000000000e+00       6.454391078453e-17       6.956272860420e-18       1.330039270528e-20 
 3043       3.589642403306e-12       9.903942230953e-14      -2.063416424948e-13       0.000000000000e+00       6.445450881990e-17       7.016687592183e-18       1.268873827138e-20 
 3044       3.581593936635e-12       9.848514263273e-14      -2.040190877144e-13       0.000000000000e+00       6.436525819262e-17       7.077172772425e-18       1.204767122815e-20 
 3045       3.573451194574e-12       9.794358803294e-14      -2.017005019085e-13       0.000000000000e+00       6.427615846551e-17       7.137623089113e-18       1.133564613758e-20 
 3046       3.565215171219e-12       9.741478244493e-14      -1.993866961277e-13       0.000000000000e+00       6.418720919923e-17       7.197932953453e-18       1.051100852319e-20 
 3047       3.556886863606e-12       9.689874981489e-14      -1.970784835295e-13       0.000000000000e+00       6.409840995233e-17       7.257996499665e-18       9.531994780622e-21 
 3048       3.548467271722e-12       9.639551410047e-14      -1.947766793794e-13       0.000000000000e+00       6.400976028120e-17       7.317707584755e-18       8.356732088129e-21 
 3049       3.539957398502e-12       9.590509927076e-14      -1.924821010529e-13       0.000000000000e+00       6.392125974011e-17       7.376959788287e-18       6.943238317149e-21 
 3050       3.531358249831e-12       9.542752930628e-14      -1.901955680374e-13       0.000000000000e+00       6.383290788120e-17       7.435646412159e-18       5.249421942827e-21 
 3051       3.522670834552e-12       9.496282819897e-14      -1.879179019336e-13       0.000000000000e+00       6.374470425444e-17       7.493660480373e-18       3.233081954553e-21 
 3052       3.513896164462e-12       9.451101995221e-14      -1.856499264573e-13       0.000000000000e+00       6.365664840768e-17       7.550894738807e-18       8.519077664989e-22 
 3053       3.505035254320e-12       9.407212858078e-14      -1.833924674412e-13       0.000000000000e+00       6.356873988663e-17       7.607241654990e-18      -1.936520871840e-21 
 3054       3.496089121844e-12       9.364617811089e-14      -1.811463528368e-13       0.000000000000e+00       6.348097823481e-17       7.662593417876e-18      -5.174733965113e-21 
 3055       3.487058787718e-12       9.323319258015e-14      -1.789124127156e-13       0.000000000000e+00       6.339336299365e-17       7.716841937614e-18      -8.905371361574e-21 
 3056       3.477945275594e-12       9.283319603757e-14      -1.766914792714e-13       0.000000000000e+00       6.330589370238e-17       7.769878845320e-18      -1.317118284254e-20 
 3057       3.468749612091e-12       9.244621254358e-14      -1.744843868216e-13       0.000000000000e+00       6.321856989811e-17       7.821595492855e-18      -1.801502821187e-20 
 3058       3.459472826803e-12       9.207226616998e-14      -1.722919718090e-13       0.000000000000e+00       6.313139111576e-17       7.871882952593e-18      -2.347987738541e-20 
 3059       3.450115952295e-12       9.171138099996e-14      -1.701150728040e-13       0.000000000000e+00       6.304435688812e-17       7.920632017196e-18      -2.960881048044e-20 
 3060       3.440680024111e-12       9.136358112811e-14      -1.679545305054e-13       0.000000000000e+00       6.295746674581e-17       7.967733199386e-18      -3.644501790521e-20 
 3061       3.431166080775e-12       9.102889066039e-14      -1.658111877429e-13       0.000000000000e+00       6.287072021730e-17       8.013076731718e-18      -4.403180044830e-20 
 3062       3.421575317418e-12       9.070730733495e-14      -1.636858128615e-13       0.000000000000e+00       6.278411688990e-17       8.056576459995e-18      -5.239810018130e-20 
 3063       3.411909547469e-12       9.039872324680e-14      -1.615788694707e-13       0.000000000000e+00       6.269765659332e-17       8.098241648813e-18      -6.151501738120e-20 
 3064       3.402170743177e-12       9.010300374390e-14      -1.594907455975e-13       0.000000000000e+00       6.261133921697e-17       8.138105519045e-18      -7.133908578580e-20 
 3065       3.392360882192e-12       8.982001377160e-14      -1.574218302039e-13       0.000000000000e+00       6.252516464908e-17       8.176201385469e-18      -8.182672279259e-20 
 3066       3.382481947571e-12       8.954961787225e-14      -1.553725131876e-13       0.000000000000e+00       6.243913277664e-17       8.212562656858e-18      -9.293422936304e-20 
 3067       3.372535927778e-12       8.929168018490e-14      -1.533431853830e-13       0.000000000000e+00       6.235324348546e-17       8.247222836046e-18      -1.046177899270e-19 
 3068       3.362524816692e-12       8.904606444493e-14      -1.513342385619e-13       0.000000000000e+00       6.226749666010e-17       8.280215520018e-18      -1.168334722868e-19 
 3069       3.352450613609e-12       8.881263398371e-14      -1.493460654341e-13       0.000000000000e+00       6.218189218393e-17       8.311574399980e-18      -1.295372275221e-19 
 3070       3.342315323251e-12       8.859125172828e-14      -1.473790596480e-13       0.000000000000e+00       6.209642993907e-17       8.341333261442e-18      -1.426848898936e-19 
 3071       3.332120955763e-12       8.838178020098e-14      -1.454336157918e-13       0.000000000000e+00       6.201110980645e-17       8.369525984296e-18      -1.562321767478e-19 
 3072       3.321869526726e-12       8.818408151913e-14      -1.435101293940e-13       0.000000000000e+00       6.192593166575e-17       8.396186542892e-18      -1.701346884211e-19 
 3073       3.311563057154e-12       8.799801739464e-14      -1.416089969238e-13       0.000000000000e+00       6.184089539547e-17       8.421349006122e-18      -1.843479081445e-19 
 3074       3.301203573503e-12       8.782344913376e-14      -1.397306157926e-13       0.000000000000e+00       6.175600087283e-17       8.445047537491e-18      -1.988272019473e-19 
 3075       3.290793107674e-12       8.766023763663e-14      -1.378753843539e-13       0.000000000000e+00       6.167124797387e-17       8.467316395203e-18      -2.135278185622e-19 
 3076       3.280333697018e-12       8.750824339703e-14      -1.360437019046e-13       0.000000000000e+00       6.158663657339e-17       8.488189932234e-18      -2.284048893289e-19 
 3077       3.269827384339e-12       8.736732650196e-14      -1.342359686858e-13       0.000000000000e+00       6.150216654494e-17       8.507702596416e-18      -2.434134280989e-19 
 3078       3.259276217901e-12       8.723734663136e-14      -1.324525858830e-13       0.000000000000e+00       6.141783776088e-17       8.525888930508e-18      -2.585083311398e-19 
 3079       3.248682251429e-12       8.711816305773e-14      -1.306939556273e-13       0.000000000000e+00       6.133365009231e-17       8.542783572283e-18      -2.736443770394e-19 
 3080       3.238047544119e-12       8.700963464580e-14      -1.289604809960e-13       0.000000000000e+00       6.124960340910e-17       8.558421254601e-18      -2.887762266102e-19 
 3081       3.227374160635e-12       8.691161985219e-14      -1.272525660133e-13       0.000000000000e+00       6.116569757990e-17       8.572836805487e-18      -3.038584227940e-19 
 3082       3.216664171120e-12       8.682397672506e-14      -1.255706156512e-13       0.000000000000e+00       6.108193247212e-17       8.586065148216e-18      -3.188453905654e-19 
 3083       3.205919651197e-12       8.674656290377e-14      -1.239150358300e-13       0.000000000000e+00       6.099830795194e-17       8.598141301383e-18      -3.336914368372e-19 
 3084       3.195142681974e-12       8.667923561855e-14      -1.222862334193e-13       0.000000000000e+00       6.091482388428e-17       8.609100378989e-18      -3.483507503639e-19 
 3085       3.184335350050e-12       8.662185169013e-14      -1.206846162385e-13       0.000000000000e+00       6.083148013285e-17       8.618977590515e-18      -3.627774016464e-19 
 3086       3.173499747517e-12       8.657426752942e-14      -1.191105930575e-13       0.000000000000e+00       6.074827656011e-17       8.627808241001e-18      -3.769253428365e-19 
 3087       3.162637971966e-12       8.653633913718e-14      -1.175645735980e-13       0.000000000000e+00       6.066521302727e-17       8.635627731128e-18      -3.907484076407e-19 
 3088       3.151752126492e-12       8.650792210363e-14      -1.160469685335e-13       0.000000000000e+00       6.058228939430e-17       8.642471557291e-18      -4.042003112250e-19 
 3089       3.140844319698e-12       8.648887160815e-14      -1.145581894905e-13       0.000000000000e+00       6.049950551995e-17       8.648375311684e-18      -4.172346501192e-19 
 3090       3.129916665697e-12       8.647904241893e-14      -1.130986490490e-13       0.000000000000e+00       6.041686126169e-17       8.653374682371e-18      -4.298049021210e-19 
 3091       3.118971284122e-12       8.647828889262e-14      -1.116687607435e-13       0.000000000000e+00       6.033435647577e-17       8.657505453374e-18      -4.418644262003e-19 
 3092       3.108010300123e-12       8.648646497397e-14      -1.102689390634e-13       0.000000000000e+00       6.025199101718e-17       8.660803504742e-18      -4.533664624040e-19 
 3093       3.097035844380e-12       8.650342419554e-14      -1.088995994541e-13       0.000000000000e+00       6.016976473965e-17       8.663304812635e-18      -4.642641317599e-19 
 3094       3.086050053098e-12       8.652901967729e-14      -1.075611583176e-13       0.000000000000e+00       6.008767749570e-17       8.665045449403e-18      -4.745104361810e-19 
 3095       3.075055068022e-12       8.656310412630e-14      -1.062540330130e-13       0.000000000000e+00       6.000572913656e-17       8.666061583661e-18      -4.840582583702e-19 
 3096       3.064053036433e-12       8.660552983638e-14      -1.049786418577e-13       0.000000000000e+00       5.992391951221e-17       8.666389480371e-18      -4.928603617244e-19 
 3097       3.053046111154e-12       8.665614868776e-14      -1.037354041276e-13       0.000000000000e+00       5.984224847141e-17       8.666065500919e-18      -5.008693902388e-19 
 3098       3.042036450559e-12       8.671481214673e-14      -1.025247400585e-13       0.000000000000e+00       5.976071586162e-17       8.665126103193e-18      -5.080378684113e-19 
 3099       3.031026218572e-12       8.678137126530e-14      -1.013470708462e-13       0.000000000000e+00       5.967932152907e-17       8.663607841663e-18      -5.143182011467e-19 
 3100       3.020017584677e-12       8.685567668086e-14      -1.002028186476e-13       0.000000000000e+00       5.959806531873e-17       8.661547367459e-18      -5.196626736616e-19 
 3101       3.009012644094e-12       8.693757168220e-14      -9.909231639451e-14       0.000000000000e+00       5.951694703839e-17       8.658983636597e-18      -5.240390384654e-19 
 3102       2.998013177914e-12       8.702687137253e-14      -9.801553676893e-14       0.000000000000e+00       5.943596635077e-17       8.655964545907e-18      -5.274773569225e-19 
 3103       2.987020891843e-12       8.712338340734e-14      -9.697236194904e-14       0.000000000000e+00       5.935512288090e-17       8.652540328606e-18      -5.300233787511e-19 
 3104       2.976037495926e-12       8.722691491870e-14      -9.596267367947e-14       0.000000000000e+00       5.927441625200e-17       8.648761349102e-18      -5.317229751410e-19 
 3105       2.965064704549e-12       8.733727251480e-14      -9.498635327085e-14       0.000000000000e+00       5.919384608545e-17       8.644678103104e-18      -5.326221388522e-19 
 3106       2.954104236442e-12       8.745426227955e-14      -9.404328159949e-14       0.000000000000e+00       5.911341200083e-17       8.640341217725e-18      -5.327669843134e-19 
 3107       2.943157814682e-12       8.757768977212e-14      -9.313333910692e-14       0.000000000000e+00       5.903311361587e-17       8.635801451587e-18      -5.322037477215e-19 
 3108       2.932227166701e-12       8.770736002655e-14      -9.225640579958e-14       0.000000000000e+00       5.895295054649e-17       8.631109694931e-18      -5.309787871394e-19 
 3109       2.921314024283e-12       8.784307755128e-14      -9.141236124836e-14       0.000000000000e+00       5.887292240678e-17       8.626316969720e-18      -5.291385825957e-19 
 3110       2.910420123572e-12       8.798464632876e-14      -9.060108458829e-14       0.000000000000e+00       5.879302880901e-17       8.621474429746e-18      -5.267297361829e-19 
 3111       2.899547205075e-12       8.813186981497e-14      -8.982245451809e-14       0.000000000000e+00       5.871326936360e-17       8.616633360736e-18      -5.237989721564e-19 
 3112       2.888697013663e-12       8.828455093905e-14      -8.907634929983e-14       0.000000000000e+00       5.863364367913e-17       8.611845180459e-18      -5.203931370334e-19 
 3113       2.877871298576e-12       8.844249210282e-14      -8.836264675853e-14       0.000000000000e+00       5.855415136238e-17       8.607161438831e-18      -5.165591996913e-19 
 3114       2.867071813427e-12       8.860549518041e-14      -8.768122428178e-14       0.000000000000e+00       5.847479201826e-17       8.602633818021e-18      -5.123442514669e-19 
 3115       2.856300316206e-12       8.877336151776e-14      -8.703195881933e-14       0.000000000000e+00       5.839556524985e-17       8.598314132558e-18      -5.077955062548e-19 
 3116       2.845558569280e-12       8.894589193224e-14      -8.641472688276e-14       0.000000000000e+00       5.831647065840e-17       8.594254329438e-18      -5.029603006067e-19 
 3117       2.834848339402e-12       8.912288671220e-14      -8.582940454502e-14       0.000000000000e+00       5.823750784331e-17       8.590506488225e-18      -4.978860938295e-19 
 3118       2.824171397709e-12       8.930414561656e-14      -8.527586744013e-14       0.000000000000e+00       5.815867640213e-17       8.587122821166e-18      -4.926204680848e-19 
 3119       2.813529519729e-12       8.948946787436e-14      -8.475399076271e-14       0.000000000000e+00       5.807997593057e-17       8.584155673288e-18      -4.872111284869e-19 
 3120       2.802924485382e-12       8.967865218434e-14      -8.426364926769e-14       0.000000000000e+00       5.800140602249e-17       8.581657522511e-18      -4.817059032024e-19 
 3121       2.792358078987e-12       8.987149671453e-14      -8.380471726982e-14       0.000000000000e+00       5.792296626992e-17       8.579680979749e-18      -4.761527435484e-19 
 3122       2.781832089262e-12       9.006779910177e-14      -8.337706864337e-14       0.000000000000e+00       5.784465626301e-17       8.578278789021e-18      -4.705997240915e-19 
 3123       2.771348309328e-12       9.026735645134e-14      -8.298057682171e-14       0.000000000000e+00       5.776647559007e-17       8.577503827551e-18      -4.650950427466e-19 
 3124       2.760908536714e-12       9.046996533649e-14      -8.261511479693e-14       0.000000000000e+00       5.768842383756e-17       8.577409105880e-18      -4.596870208755e-19 
 3125       2.750514573360e-12       9.067542179803e-14      -8.228055511945e-14       0.000000000000e+00       5.761050059008e-17       8.578047767971e-18      -4.544241033860e-19 
 3126       2.740168225621e-12       9.088352134391e-14      -8.197676989764e-14       0.000000000000e+00       5.753270543036e-17       8.579473091310e-18      -4.493548588303e-19 
 3127       2.729871304267e-12       9.109405894874e-14      -8.170363079744e-14       0.000000000000e+00       5.745503793930e-17       8.581738487020e-18      -4.445279795042e-19 
 3128       2.719625624491e-12       9.130682905345e-14      -8.146100904198e-14       0.000000000000e+00       5.737749769591e-17       8.584897499960e-18      -4.399922815455e-19 
 3129       2.709433005911e-12       9.152162556476e-14      -8.124877541117e-14       0.000000000000e+00       5.730008427734e-17       8.589003808835e-18      -4.357967050330e-19 
 3130       2.699295272571e-12       9.173824185483e-14      -8.106680024134e-14       0.000000000000e+00       5.722279725890e-17       8.594111226303e-18      -4.319903140853e-19 
 3131       2.689214252949e-12       9.195647076081e-14      -8.091495342484e-14       0.000000000000e+00       5.714563621400e-17       8.600273699078e-18      -4.286222969592e-19 
 3132       2.679191779957e-12       9.217610458437e-14      -8.079310440969e-14       0.000000000000e+00       5.706860071421e-17       8.607545308036e-18      -4.257419661492e-19 
 3133       2.669229690944e-12       9.239693509132e-14      -8.070112219914e-14       0.000000000000e+00       5.699169032921e-17       8.615980268326e-18      -4.233987584856e-19 
 3134       2.659329827703e-12       9.261875351118e-14      -8.063887535133e-14       0.000000000000e+00       5.691490462681e-17       8.625632929471e-18      -4.216422352337e-19 
 3135       2.649494036472e-12       9.284135053671e-14      -8.060623197887e-14       0.000000000000e+00       5.683824317296e-17       8.636557775474e-18      -4.205220821923e-19 
 3136       2.639724167937e-12       9.306451632353e-14      -8.060305974849e-14       0.000000000000e+00       5.676170553173e-17       8.648809424930e-18      -4.200881097928e-19 
 3137       2.630022077237e-12       9.328804048964e-14      -8.062922588065e-14       0.000000000000e+00       5.668529126530e-17       8.662442631124e-18      -4.203902531975e-19 
 3138       2.620389623966e-12       9.351171211506e-14      -8.068459714913e-14       0.000000000000e+00       5.660899993398e-17       8.677512282144e-18      -4.214785723991e-19 
 3139       2.610828672180e-12       9.373531974131e-14      -8.076903988066e-14       0.000000000000e+00       5.653283109620e-17       8.694073400984e-18      -4.234032523186e-19 
 3140       2.601340870977e-12       9.395866336960e-14      -8.088236561439e-14       0.000000000000e+00       5.645678437160e-17       8.712159797146e-18      -4.261982160878e-19 
 3141       2.591926995139e-12       9.418159051709e-14      -8.102416780419e-14       0.000000000000e+00       5.638085963055e-17       8.731719912459e-18      -4.298318811970e-19 
 3142       2.582587601423e-12       9.440396032791e-14      -8.119398435379e-14       0.000000000000e+00       5.630505680552e-17       8.752680676202e-18      -4.342561738306e-19 
 3143       2.573323247703e-12       9.462563158967e-14      -8.139135188677e-14       0.000000000000e+00       5.622937582806e-17       8.774968826279e-18      -4.394228947186e-19 
 3144       2.564134492968e-12       9.484646273314e-14      -8.161580574545e-14       0.000000000000e+00       5.615381662877e-17       8.798510909059e-18      -4.452837190361e-19 
 3145       2.555021897324e-12       9.506631183199e-14      -8.186687998986e-14       0.000000000000e+00       5.607837913736e-17       8.823233279223e-18      -4.517901963026e-19 
 3146       2.545986021996e-12       9.528503660248e-14      -8.214410739673e-14       0.000000000000e+00       5.600306328260e-17       8.849062099614e-18      -4.588937502817e-19 
 3147       2.537027429325e-12       9.550249440321e-14      -8.244701945840e-14       0.000000000000e+00       5.592786899232e-17       8.875923341079e-18      -4.665456788798e-19 
 3148       2.528146682773e-12       9.571854223482e-14      -8.277514638180e-14       0.000000000000e+00       5.585279619345e-17       8.903742782320e-18      -4.746971540464e-19 
 3149       2.519344346923e-12       9.593303673968e-14      -8.312801708737e-14       0.000000000000e+00       5.577784481197e-17       8.932446009734e-18      -4.832992216728e-19 
 3150       2.510620987476e-12       9.614583420167e-14      -8.350515920807e-14       0.000000000000e+00       5.570301477294e-17       8.961958417266e-18      -4.923028014918e-19 
 3151       2.501977171259e-12       9.635679054586e-14      -8.390609908830e-14       0.000000000000e+00       5.562830600049e-17       8.992205206253e-18      -5.016586869773e-19 
 3152       2.493413466217e-12       9.656576133819e-14      -8.433036178284e-14       0.000000000000e+00       5.555371841781e-17       9.023111385267e-18      -5.113175452433e-19 
 3153       2.484930441422e-12       9.677260178527e-14      -8.477747105584e-14       0.000000000000e+00       5.547925194718e-17       9.054601769967e-18      -5.212299169433e-19 
 3154       2.476528667067e-12       9.697716673403e-14      -8.524694937974e-14       0.000000000000e+00       5.540490650993e-17       9.086600982940e-18      -5.313462161701e-19 
 3155       2.468208714473e-12       9.717931067147e-14      -8.573831793426e-14       0.000000000000e+00       5.533068202645e-17       9.119033453552e-18      -5.416167303550e-19 
 3156       2.459971156085e-12       9.737888772435e-14      -8.625109660533e-14       0.000000000000e+00       5.525657841620e-17       9.151823417793e-18      -5.519916201672e-19 
 3157       2.451816565474e-12       9.757575165894e-14      -8.678480398403e-14       0.000000000000e+00       5.518259559773e-17       9.184894918119e-18      -5.624209194131e-19 
 3158       2.443745517339e-12       9.776975588072e-14      -8.733895736559e-14       0.000000000000e+00       5.510873348860e-17       9.218171803306e-18      -5.728545349357e-19 
 3159       2.435758587509e-12       9.796075343409e-14      -8.791307274830e-14       0.000000000000e+00       5.503499200549e-17       9.251577728291e-18      -5.832422465143e-19 
 3160       2.427856352939e-12       9.814859700210e-14      -8.850666483250e-14       0.000000000000e+00       5.496137106410e-17       9.285036154018e-18      -5.935337067636e-19 
 3161       2.420039391715e-12       9.833313890617e-14      -8.911924701950e-14       0.000000000000e+00       5.488787057921e-17       9.318470347290e-18      -6.036784410333e-19 
 3162       2.412308283053e-12       9.851423110577e-14      -8.975033141055e-14       0.000000000000e+00       5.481449046465e-17       9.351803380607e-18      -6.136258473072e-19 
 3163       2.404663607303e-12       9.869172519820e-14      -9.039942880581e-14       0.000000000000e+00       5.474123063331e-17       9.384958132020e-18      -6.233251961031e-19 
 3164       2.397105945943e-12       9.886547241825e-14      -9.106604870328e-14       0.000000000000e+00       5.466809099714e-17       9.417857284974e-18      -6.327256303716e-19 
 3165       2.389635881588e-12       9.903532363795e-14      -9.174969929777e-14       0.000000000000e+00       5.459507146715e-17       9.450423328153e-18      -6.417761653961e-19 
 3166       2.382253997983e-12       9.920112936629e-14      -9.244988747983e-14       0.000000000000e+00       5.452217195339e-17       9.482578555330e-18      -6.504256886918e-19 
 3167       2.374960880010e-12       9.936273974888e-14      -9.316611883474e-14       0.000000000000e+00       5.444939236498e-17       9.514245065209e-18      -6.586229599051e-19 
 3168       2.367757113686e-12       9.952000456777e-14      -9.389789764144e-14       0.000000000000e+00       5.437673261009e-17       9.545344761275e-18      -6.663166107134e-19 
 3169       2.360643286164e-12       9.967277324106e-14      -9.464472687150e-14       0.000000000000e+00       5.430419259594e-17       9.575799351641e-18      -6.734551447240e-19 
 3170       2.353619985734e-12       9.982089482269e-14      -9.540610818804e-14       0.000000000000e+00       5.423177222879e-17       9.605530348888e-18      -6.799869373738e-19 
 3171       2.346687801824e-12       9.996421800213e-14      -9.618154194474e-14       0.000000000000e+00       5.415947141398e-17       9.634459069919e-18      -6.858602358286e-19 
 3172       2.339847324999e-12       1.001025911041e-13      -9.697052718474e-14       0.000000000000e+00       5.408729005587e-17       9.662506635803e-18      -6.910231588828e-19 
 3173       2.333099146966e-12       1.002358620882e-13      -9.777256163963e-14       0.000000000000e+00       5.401522805788e-17       9.689593971617e-18      -6.954236968582e-19 
 3174       2.326443860570e-12       1.003638785489e-13      -9.858714172839e-14       0.000000000000e+00       5.394328532247e-17       9.715641806298e-18      -6.990097115039e-19 
 3175       2.319882059798e-12       1.004864877150e-13      -9.941376255634e-14       0.000000000000e+00       5.387146175117e-17       9.740570672488e-18      -7.017289358956e-19 
 3176       2.313414339779e-12       1.006035364492e-13      -1.002519179141e-13       0.000000000000e+00       5.379975724453e-17       9.764300906378e-18      -7.035289743348e-19 
 3177       2.307041296785e-12       1.007148712484e-13      -1.011011002766e-13       0.000000000000e+00       5.372817170215e-17       9.786752647557e-18      -7.043573022485e-19 
 3178       2.300763528229e-12       1.008203382428e-13      -1.019608008018e-13       0.000000000000e+00       5.365670502268e-17       9.807845838857e-18      -7.041612660884e-19 
 3179       2.294581418353e-12       1.009198041115e-13      -1.028305118419e-13       0.000000000000e+00       5.358535706703e-17       9.827520491639e-18      -7.029053268106e-19 
 3180       2.288494494198e-12       1.010132189346e-13      -1.037097344900e-13       0.000000000000e+00       5.351412754779e-17       9.845797583952e-18      -7.006228773021e-19 
 3181       2.282502066663e-12       1.011005536300e-13      -1.045979710657e-13       0.000000000000e+00       5.344301613934e-17       9.862718442666e-18      -6.973646635109e-19 
 3182       2.276603444557e-12       1.011817790643e-13      -1.054947226058e-13       0.000000000000e+00       5.337202251450e-17       9.878324503606e-18      -6.931815626561e-19 
 3183       2.270797934592e-12       1.012568660524e-13      -1.063994888630e-13       0.000000000000e+00       5.330114634459e-17       9.892657311639e-18      -6.881245833323e-19 
 3184       2.265084841386e-12       1.013257853580e-13      -1.073117683049e-13       0.000000000000e+00       5.323038729943e-17       9.905758520761e-18      -6.822448656133e-19 
 3185       2.259463467457e-12       1.013885076931e-13      -1.082310581133e-13       0.000000000000e+00       5.315974504728e-17       9.917669894186e-18      -6.755936811566e-19 
 3186       2.253933113223e-12       1.014450037181e-13      -1.091568541826e-13       0.000000000000e+00       5.308921925491e-17       9.928433304426e-18      -6.682224333073e-19 
 3187       2.248493077001e-12       1.014952440420e-13      -1.100886511193e-13       0.000000000000e+00       5.301880958754e-17       9.938090733389e-18      -6.601826572023e-19 
 3188       2.243142655006e-12       1.015391992219e-13      -1.110259422408e-13       0.000000000000e+00       5.294851570890e-17       9.946684272455e-18      -6.515260198741e-19 
 3189       2.237881141345e-12       1.015768397634e-13      -1.119682195743e-13       0.000000000000e+00       5.287833728116e-17       9.954256122571e-18      -6.423043203554e-19 
 3190       2.232707828019e-12       1.016081361205e-13      -1.129149738559e-13       0.000000000000e+00       5.280827396499e-17       9.960848594331e-18      -6.325694897826e-19 
 3191       2.227622004923e-12       1.016330586951e-13      -1.138656945296e-13       0.000000000000e+00       5.273832541950e-17       9.966504108070e-18      -6.223735915003e-19 
 3192       2.222622959837e-12       1.016515778377e-13      -1.148198697461e-13       0.000000000000e+00       5.266849130229e-17       9.971265193946e-18      -6.117688211654e-19 
 3193       2.217709978434e-12       1.016636638468e-13      -1.157769863622e-13       0.000000000000e+00       5.259877126942e-17       9.975174492029e-18      -6.008075068508e-19 
 3194       2.212882344269e-12       1.016692869691e-13      -1.167365299391e-13       0.000000000000e+00       5.252916497543e-17       9.978274752385e-18      -5.895421091500e-19 
 3195       2.208139338782e-12       1.016684173994e-13      -1.176979847422e-13       0.000000000000e+00       5.245967207331e-17       9.980608835169e-18      -5.780252212807e-19 
 3196       2.203480241299e-12       1.016610252807e-13      -1.186608337393e-13       0.000000000000e+00       5.239029221453e-17       9.982219710705e-18      -5.663095691895e-19 
 3197       2.198904329024e-12       1.016470807038e-13      -1.196245586002e-13       0.000000000000e+00       5.232102504899e-17       9.983150459578e-18      -5.544480116552e-19 
 3198       2.194410877039e-12       1.016265537079e-13      -1.205886396954e-13       0.000000000000e+00       5.225187022509e-17       9.983444272717e-18      -5.424935403936e-19 
 3199       2.189999158308e-12       1.015994142798e-13      -1.215525560951e-13       0.000000000000e+00       5.218282738966e-17       9.983144451487e-18      -5.304992801613e-19 
 3200       2.185668443665e-12       1.015656323545e-13      -1.225157855682e-13       0.000000000000e+00       5.211389618801e-17       9.982294407769e-18      -5.185184888596e-19 
 3201       2.181418001823e-12       1.015251778148e-13      -1.234778045812e-13       0.000000000000e+00       5.204507626389e-17       9.980937664055e-18      -5.066045576390e-19 
 3202       2.177247099365e-12       1.014780204914e-13      -1.244380882974e-13       0.000000000000e+00       5.197636725951e-17       9.979117853527e-18      -4.948110110029e-19 
 3203       2.173155000743e-12       1.014241301628e-13      -1.253961105758e-13       0.000000000000e+00       5.190776881555e-17       9.976878720150e-18      -4.831915069120e-19 
 3204       2.169140968281e-12       1.013634765556e-13      -1.263513439699e-13       0.000000000000e+00       5.183928057111e-17       9.974264118755e-18      -4.717998368884e-19 
 3205       2.165204262167e-12       1.012960293437e-13      -1.273032597269e-13       0.000000000000e+00       5.177090216376e-17       9.971318015128e-18      -4.606899261191e-19 
 3206       2.161344140456e-12       1.012217581490e-13      -1.282513277866e-13       0.000000000000e+00       5.170263322953e-17       9.968084486097e-18      -4.499158335610e-19 
 3207       2.157559859067e-12       1.011406325413e-13      -1.291950167805e-13       0.000000000000e+00       5.163447340288e-17       9.964607719618e-18      -4.395317520443e-19 
 3208       2.153850671778e-12       1.010526220376e-13      -1.301337940304e-13       0.000000000000e+00       5.156642231672e-17       9.960932014861e-18      -4.295920083769e-19 
 3209       2.150215830231e-12       1.009576961030e-13      -1.310671255480e-13       0.000000000000e+00       5.149847960242e-17       9.957101782301e-18      -4.201510634483e-19 
 3210       2.146654583923e-12       1.008558241499e-13      -1.319944760334e-13       0.000000000000e+00       5.143064488977e-17       9.953161543798e-18      -4.112635123340e-19 
 3211       2.143166180208e-12       1.007469755384e-13      -1.329153088742e-13       0.000000000000e+00       5.136291780702e-17       9.949155932692e-18      -4.029840843993e-19 
 3212       2.139749864297e-12       1.006311195761e-13      -1.338290861445e-13       0.000000000000e+00       5.129529798085e-17       9.945129693884e-18      -3.953676434034e-19 
 3213       2.136404879252e-12       1.005082255181e-13      -1.347352686039e-13       0.000000000000e+00       5.122778503640e-17       9.941127683925e-18      -3.884691876037e-19 
 3214       2.133130465986e-12       1.003782625669e-13      -1.356333156967e-13       0.000000000000e+00       5.116037859722e-17       9.937194871102e-18      -3.823438498597e-19 
 3215       2.129925863264e-12       1.002411998726e-13      -1.365226855504e-13       0.000000000000e+00       5.109307828531e-17       9.933376335527e-18      -3.770468977373e-19 
 3216       2.126790307696e-12       1.000970065326e-13      -1.374028349750e-13       0.000000000000e+00       5.102588372112e-17       9.929717269223e-18      -3.726337336124e-19 
 3217       2.123723033740e-12       9.994565159151e-14      -1.382732194621e-13       0.000000000000e+00       5.095879452351e-17       9.926262976209e-18      -3.691598947758e-19 
 3218       2.120723178057e-12       9.978712139157e-14      -1.391333397253e-13       0.000000000000e+00       5.089181036392e-17       9.923043987094e-18      -3.666634691633e-19 
 3219       2.117789492108e-12       9.962147170865e-14      -1.399828815562e-13       0.000000000000e+00       5.082493112900e-17       9.920031328670e-18      -3.651122549106e-19 
 3220       2.114920628247e-12       9.944877585329e-14      -1.408215766032e-13       0.000000000000e+00       5.075815675872e-17       9.917181050884e-18      -3.644563604824e-19 
 3221       2.112115235238e-12       9.926910734233e-14      -1.416491558871e-13       0.000000000000e+00       5.069148719227e-17       9.914449093753e-18      -3.646457670991e-19 
 3222       2.109371958255e-12       9.908253989907e-14      -1.424653498004e-13       0.000000000000e+00       5.062492236808e-17       9.911791287280e-18      -3.656303286367e-19 
 3223       2.106689438875e-12       9.888914745344e-14      -1.432698881071e-13       0.000000000000e+00       5.055846222383e-17       9.909163351365e-18      -3.673597715273e-19 
 3224       2.104066315078e-12       9.868900414215e-14      -1.440624999422e-13       0.000000000000e+00       5.049210669641e-17       9.906520895725e-18      -3.697836946596e-19 
 3225       2.101501221244e-12       9.848218430890e-14      -1.448429138110e-13       0.000000000000e+00       5.042585572196e-17       9.903819419802e-18      -3.728515692794e-19 
 3226       2.098992788151e-12       9.826876250450e-14      -1.456108575889e-13       0.000000000000e+00       5.035970923585e-17       9.901014312682e-18      -3.765127388897e-19 
 3227       2.096539642967e-12       9.804881348706e-14      -1.463660585207e-13       0.000000000000e+00       5.029366717268e-17       9.898060853010e-18      -3.807164191512e-19 
 3228       2.094140409256e-12       9.782241222215e-14      -1.471082432201e-13       0.000000000000e+00       5.022772946628e-17       9.894914208900e-18      -3.854116977827e-19 
 3229       2.091793706967e-12       9.758963388297e-14      -1.478371376696e-13       0.000000000000e+00       5.016189604972e-17       9.891529437854e-18      -3.905475344615e-19 
 3230       2.089498152435e-12       9.735055385051e-14      -1.485524672195e-13       0.000000000000e+00       5.009616685527e-17       9.887861486673e-18      -3.960727607240e-19 
 3231       2.087252358377e-12       9.710524771373e-14      -1.492539565880e-13       0.000000000000e+00       5.003054181447e-17       9.883865191375e-18      -4.019360798654e-19 
 3232       2.085054933890e-12       9.685379126970e-14      -1.499413298600e-13       0.000000000000e+00       4.996502085806e-17       9.879495277107e-18      -4.080860668410e-19 
 3233       2.082904484450e-12       9.659626052380e-14      -1.506143104873e-13       0.000000000000e+00       4.989960391602e-17       9.874706358060e-18      -4.144711681658e-19 
 3234       2.080799611903e-12       9.633273168985e-14      -1.512726212879e-13       0.000000000000e+00       4.983429091754e-17       9.869452937384e-18      -4.210397018154e-19 
 3235       2.078738914469e-12       9.606328119030e-14      -1.519159844452e-13       0.000000000000e+00       4.976908179106e-17       9.863689407100e-18      -4.277398571262e-19 
 3236       2.076720986735e-12       9.578798565641e-14      -1.525441215081e-13       0.000000000000e+00       4.970397646422e-17       9.857370048020e-18      -4.345196946958e-19 
 3237       2.074744419653e-12       9.550692192838e-14      -1.531567533900e-13       0.000000000000e+00       4.963897486391e-17       9.850449029656e-18      -4.413271462831e-19 
 3238       2.072807800540e-12       9.522016705553e-14      -1.537536003686e-13       0.000000000000e+00       4.957407691622e-17       9.842880410136e-18      -4.481100147095e-19 
 3239       2.070909713069e-12       9.492779829649e-14      -1.543343820855e-13       0.000000000000e+00       4.950928254647e-17       9.834618136121e-18      -4.548159737581e-19 
 3240       2.069048737273e-12       9.462989311932e-14      -1.548988175454e-13       0.000000000000e+00       4.944459167921e-17       9.825616042716e-18      -4.613925680754e-19 
 3241       2.067223449536e-12       9.432652920173e-14      -1.554466251159e-13       0.000000000000e+00       4.938000423819e-17       9.815827853387e-18      -4.677872130704e-19 
 3242       2.065432422597e-12       9.401778443121e-14      -1.559775225270e-13       0.000000000000e+00       4.931552014642e-17       9.805207179874e-18      -4.739471948161e-19 
 3243       2.063674225540e-12       9.370373690519e-14      -1.564912268704e-13       0.000000000000e+00       4.925113932608e-17       9.793707522105e-18      -4.798196699490e-19 
 3244       2.061947423797e-12       9.338446493123e-14      -1.569874545994e-13       0.000000000000e+00       4.918686169860e-17       9.781282268113e-18      -4.853516655703e-19 
 3245       2.060250579139e-12       9.306004702720e-14      -1.574659215280e-13       0.000000000000e+00       4.912268718462e-17       9.767884693948e-18      -4.904900791454e-19 
 3246       2.058582249680e-12       9.273056192140e-14      -1.579263428308e-13       0.000000000000e+00       4.905861570400e-17       9.753467963593e-18      -4.951816784051e-19 
 3247       2.056940989870e-12       9.239608855274e-14      -1.583684330422e-13       0.000000000000e+00       4.899464717581e-17       9.737985128878e-18      -4.993731012455e-19 
 3248       2.055325350492e-12       9.205670607095e-14      -1.587919060562e-13       0.000000000000e+00       4.893078151834e-17       9.721389129393e-18      -5.030108556286e-19 
 3249       2.053733878663e-12       9.171249383670e-14      -1.591964751257e-13       0.000000000000e+00       4.886701864909e-17       9.703632792405e-18      -5.060413194823e-19 
 3250       2.052165117824e-12       9.136353142176e-14      -1.595818528622e-13       0.000000000000e+00       4.880335848477e-17       9.684668832772e-18      -5.084107406016e-19 
 3251       2.050617607746e-12       9.100989860921e-14      -1.599477512352e-13       0.000000000000e+00       4.873980094132e-17       9.664449852856e-18      -5.100652365481e-19 
 3252       2.049089884519e-12       9.065167539358e-14      -1.602938815719e-13       0.000000000000e+00       4.867634593388e-17       9.642928342438e-18      -5.109507945509e-19 
 3253       2.047580480556e-12       9.028894198100e-14      -1.606199545563e-13       0.000000000000e+00       4.861299337680e-17       9.620056678632e-18      -5.110132714069e-19 
 3254       2.046087924584e-12       8.992177878941e-14      -1.609256802293e-13       0.000000000000e+00       4.854974318365e-17       9.595787125804e-18      -5.101983933809e-19 
 3255       2.044610741645e-12       8.955026644867e-14      -1.612107679879e-13       0.000000000000e+00       4.848659526719e-17       9.570071835478e-18      -5.084517561065e-19 
 3256       2.043147453094e-12       8.917448580079e-14      -1.614749265846e-13       0.000000000000e+00       4.842354953942e-17       9.542862846258e-18      -5.057188244861e-19 
 3257       2.041696628173e-12       8.879452367235e-14      -1.617179220723e-13       0.000000000000e+00       4.836060588365e-17       9.514133903244e-18      -5.019620611239e-19 
 3258       2.040257039001e-12       8.841049021995e-14      -1.619397519238e-13       0.000000000000e+00       4.829776407084e-17       9.483946023646e-18      -4.972123959676e-19 
 3259       2.038827506281e-12       8.802250166315e-14      -1.621404716942e-13       0.000000000000e+00       4.823502384288e-17       9.452382225877e-18      -4.915179879501e-19 
 3260       2.037406847774e-12       8.763067451943e-14      -1.623201371472e-13       0.000000000000e+00       4.817238494047e-17       9.419525736996e-18      -4.849271175777e-19 
 3261       2.035993878300e-12       8.723512560444e-14      -1.624788042556e-13       0.000000000000e+00       4.810984710312e-17       9.385459992869e-18      -4.774881870239e-19 
 3262       2.034587409735e-12       8.683597203226e-14      -1.626165292008e-13       0.000000000000e+00       4.804741006910e-17       9.350268638329e-18      -4.692497202235e-19 
 3263       2.033186251010e-12       8.643333121559e-14      -1.627333683737e-13       0.000000000000e+00       4.798507357550e-17       9.314035527339e-18      -4.602603629668e-19 
 3264       2.031789208107e-12       8.602732086599e-14      -1.628293783744e-13       0.000000000000e+00       4.792283735819e-17       9.276844723150e-18      -4.505688829935e-19 
 3265       2.030395084058e-12       8.561805899416e-14      -1.629046160125e-13       0.000000000000e+00       4.786070115182e-17       9.238780498468e-18      -4.402241700871e-19 
 3266       2.029002678942e-12       8.520566391008e-14      -1.629591383074e-13       0.000000000000e+00       4.779866468985e-17       9.199927335608e-18      -4.292752361688e-19 
 3267       2.027610789882e-12       8.479025422334e-14      -1.629930024884e-13       0.000000000000e+00       4.773672770450e-17       9.160369926662e-18      -4.177712153914e-19 
 3268       2.026218211046e-12       8.437194884330e-14      -1.630062659948e-13       0.000000000000e+00       4.767488992680e-17       9.120193173656e-18      -4.057613642339e-19 
 3269       2.024823733639e-12       8.395086697935e-14      -1.629989864762e-13       0.000000000000e+00       4.761315108655e-17       9.079482188711e-18      -3.932950615949e-19 
 3270       2.023426145909e-12       8.352712814114e-14      -1.629712217925e-13       0.000000000000e+00       4.755151091234e-17       9.038322294208e-18      -3.804218088874e-19 
 3271       2.022024233135e-12       8.310085213881e-14      -1.629230300144e-13       0.000000000000e+00       4.748996913154e-17       8.996799022946e-18      -3.671912301324e-19 
 3272       2.020616777632e-12       8.267215908323e-14      -1.628544694232e-13       0.000000000000e+00       4.742852547030e-17       8.954998118303e-18      -3.536530720530e-19 
 3273       2.019202558747e-12       8.224116938622e-14      -1.627655985112e-13       0.000000000000e+00       4.736717965356e-17       8.913005534401e-18      -3.398572041689e-19 
 3274       2.017780352854e-12       8.180800376077e-14      -1.626564759820e-13       0.000000000000e+00       4.730593140503e-17       8.870907436261e-18      -3.258536188899e-19 
 3275       2.016348933356e-12       8.137278322131e-14      -1.625271607503e-13       0.000000000000e+00       4.724478044720e-17       8.828790199971e-18      -3.116924316105e-19 
 3276       2.014907070680e-12       8.093562908389e-14      -1.623777119424e-13       0.000000000000e+00       4.718372650134e-17       8.786740412843e-18      -2.974238808038e-19 
 3277       2.013453532273e-12       8.049666296647e-14      -1.622081888963e-13       0.000000000000e+00       4.712276928749e-17       8.744844873575e-18      -2.830983281155e-19 
 3278       2.011987082606e-12       8.005600678910e-14      -1.620186511617e-13       0.000000000000e+00       4.706190852447e-17       8.703190592412e-18      -2.687662584580e-19 
 3279       2.010506483164e-12       7.961378277419e-14      -1.618091585005e-13       0.000000000000e+00       4.700114392988e-17       8.661864791309e-18      -2.544782801045e-19 
 3280       2.009010492451e-12       7.917011344669e-14      -1.615797708869e-13       0.000000000000e+00       4.694047522008e-17       8.620954904090e-18      -2.402851247834e-19 
 3281       2.007497865980e-12       7.872512163440e-14      -1.613305485071e-13       0.000000000000e+00       4.687990211020e-17       8.580548576610e-18      -2.262376477720e-19 
 3282       2.005967356280e-12       7.827893046814e-14      -1.610615517602e-13       0.000000000000e+00       4.681942431416e-17       8.540733666918e-18      -2.123868279904e-19 
 3283       2.004417712884e-12       7.783166338198e-14      -1.607728412579e-13       0.000000000000e+00       4.675904154464e-17       8.501598245416e-18      -1.987837680963e-19 
 3284       2.002847682335e-12       7.738344411351e-14      -1.604644778250e-13       0.000000000000e+00       4.669875351307e-17       8.463230595020e-18      -1.854796945786e-19 
 3285       2.001256008178e-12       7.693439670405e-14      -1.601365224991e-13       0.000000000000e+00       4.663855992967e-17       8.425719211322e-18      -1.725259578513e-19 
 3286       1.999641430961e-12       7.648464549888e-14      -1.597890365314e-13       0.000000000000e+00       4.657846050342e-17       8.389152802754e-18      -1.599740323482e-19 
 3287       1.998002688231e-12       7.603431514749e-14      -1.594220813864e-13       0.000000000000e+00       4.651845494207e-17       8.353620290744e-18      -1.478755166165e-19 
 3288       1.996338514533e-12       7.558353060377e-14      -1.590357187421e-13       0.000000000000e+00       4.645854295211e-17       8.319210809880e-18      -1.362821334109e-19 
 3289       1.994647641406e-12       7.513241712628e-14      -1.586300104907e-13       0.000000000000e+00       4.639872423883e-17       8.286013708072e-18      -1.252457297880e-19 
 3290       1.992928797382e-12       7.468110027849e-14      -1.582050187379e-13       0.000000000000e+00       4.633899850626e-17       8.254118546713e-18      -1.148182772001e-19 
 3291       1.991180707986e-12       7.422970592895e-14      -1.577608058040e-13       0.000000000000e+00       4.627936545718e-17       8.223615100838e-18      -1.050518715895e-19 
 3292       1.989402095729e-12       7.377836025161e-14      -1.572974342234e-13       0.000000000000e+00       4.621982479316e-17       8.194593359288e-18      -9.599873348233e-20 
 3293       1.987591680107e-12       7.332718972596e-14      -1.568149667452e-13       0.000000000000e+00       4.616037621449e-17       8.167143524868e-18      -8.771120808291e-20 
 3294       1.985748177602e-12       7.287632113735e-14      -1.563134663330e-13       0.000000000000e+00       4.610101942026e-17       8.141356014512e-18      -8.024176536765e-20 
 3295       1.983870301678e-12       7.242588157713e-14      -1.557929961656e-13       0.000000000000e+00       4.604175410827e-17       8.117321459443e-18      -7.364300017921e-20 
 3296       1.981956906770e-12       7.197599216287e-14      -1.552536568805e-13       0.000000000000e+00       4.598258001251e-17       8.095102535773e-18      -6.795196753464e-20 
 3297       1.980007420968e-12       7.152674916772e-14      -1.546956984882e-13       0.000000000000e+00       4.592349701541e-17       8.074649319237e-18      -6.314311231899e-20 
 3298       1.978021415254e-12       7.107824280762e-14      -1.541194089556e-13       0.000000000000e+00       4.586450503604e-17       8.055883554595e-18      -5.917513058474e-20 
 3299       1.975998459682e-12       7.063056351391e-14      -1.535250770085e-13       0.000000000000e+00       4.580560399278e-17       8.038726790866e-18      -5.600661525683e-20 
 3300       1.973938123377e-12       7.018380193354e-14      -1.529129921317e-13       0.000000000000e+00       4.574679380330e-17       8.023100381182e-18      -5.359605605378e-20 
 3301       1.971839974532e-12       6.973804892917e-14      -1.522834445699e-13       0.000000000000e+00       4.568807438457e-17       8.008925482636e-18      -5.190183940878e-20 
 3302       1.969703580413e-12       6.929339557940e-14      -1.516367253278e-13       0.000000000000e+00       4.562944565285e-17       7.996123056136e-18      -5.088224839081e-20 
 3303       1.967528507354e-12       6.884993317886e-14      -1.509731261715e-13       0.000000000000e+00       4.557090752369e-17       7.984613866248e-18      -5.049546262572e-20 
 3304       1.965314320756e-12       6.840775323844e-14      -1.502929396282e-13       0.000000000000e+00       4.551245991193e-17       7.974318481054e-18      -5.069955821736e-20 
 3305       1.963060585088e-12       6.796694748541e-14      -1.495964589874e-13       0.000000000000e+00       4.545410273173e-17       7.965157271996e-18      -5.145250766868e-20 
 3306       1.960766863887e-12       6.752760786360e-14      -1.488839783013e-13       0.000000000000e+00       4.539583589650e-17       7.957050413731e-18      -5.271217980285e-20 
 3307       1.958432719755e-12       6.708982653355e-14      -1.481557923854e-13       0.000000000000e+00       4.533765931898e-17       7.949917883977e-18      -5.443633968434e-20 
 3308       1.956057714361e-12       6.665369587269e-14      -1.474121968189e-13       0.000000000000e+00       4.527957291118e-17       7.943679463367e-18      -5.658264854001e-20 
 3309       1.953641408438e-12       6.621930847548e-14      -1.466534879457e-13       0.000000000000e+00       4.522157658441e-17       7.938254735296e-18      -5.910866368029e-20 
 3310       1.951183361783e-12       6.578675715358e-14      -1.458799628745e-13       0.000000000000e+00       4.516367024925e-17       7.933563085772e-18      -6.197183842020e-20 
 3311       1.948683133258e-12       6.535613493603e-14      -1.450919194800e-13       0.000000000000e+00       4.510585381559e-17       7.929523703268e-18      -6.512952200052e-20 
 3312       1.946140280785e-12       6.492753506939e-14      -1.442896564027e-13       0.000000000000e+00       4.504812719260e-17       7.926055578569e-18      -6.853895950885e-20 
 3313       1.943554361351e-12       6.450105101791e-14      -1.434734730504e-13       0.000000000000e+00       4.499049028874e-17       7.923077504627e-18      -7.215729180074e-20 
 3314       1.940924931004e-12       6.407677646370e-14      -1.426436695978e-13       0.000000000000e+00       4.493294301174e-17       7.920508076404e-18      -7.594155542081e-20 
 3315       1.938251544851e-12       6.365480530687e-14      -1.418005469881e-13       0.000000000000e+00       4.487548526865e-17       7.918265690729e-18      -7.984868252381e-20 
 3316       1.935533757062e-12       6.323523166572e-14      -1.409444069327e-13       0.000000000000e+00       4.481811696576e-17       7.916268546145e-18      -8.383550079576e-20 
 3317       1.932771120865e-12       6.281814987687e-14      -1.400755519123e-13       0.000000000000e+00       4.476083800869e-17       7.914434642759e-18      -8.785873337507e-20 
 3318       1.929963188546e-12       6.240365449547e-14      -1.391942851776e-13       0.000000000000e+00       4.470364830231e-17       7.912681782093e-18      -9.187499877360e-20 
 3319       1.927109511451e-12       6.199184029531e-14      -1.383009107493e-13       0.000000000000e+00       4.464654775079e-17       7.910927566935e-18      -9.584081079779e-20 
 3320       1.924209639982e-12       6.158280226902e-14      -1.373957334194e-13       0.000000000000e+00       4.458953625757e-17       7.909089401186e-18      -9.971257846979e-20 
 3321       1.921263123598e-12       6.117663562821e-14      -1.364790587511e-13       0.000000000000e+00       4.453261372539e-17       7.907084489713e-18      -1.034466059485e-19 
 3322       1.918269510815e-12       6.077343580363e-14      -1.355511930799e-13       0.000000000000e+00       4.447578005625e-17       7.904829838200e-18      -1.069990924508e-19 
 3323       1.915228349204e-12       6.037329844537e-14      -1.346124435142e-13       0.000000000000e+00       4.441903515145e-17       7.902242252995e-18      -1.103261321725e-19 
 3324       1.912139185390e-12       5.997631942297e-14      -1.336631179354e-13       0.000000000000e+00       4.436237891155e-17       7.899238340961e-18      -1.133837142095e-19 
 3325       1.909001565054e-12       5.958259482561e-14      -1.327035249989e-13       0.000000000000e+00       4.430581123641e-17       7.895734509329e-18      -1.161277224790e-19 
 3326       1.905815032928e-12       5.919222096228e-14      -1.317339741348e-13       0.000000000000e+00       4.424933202515e-17       7.891646965545e-18      -1.185139356404e-19 
 3327       1.902579132798e-12       5.880529436192e-14      -1.307547755480e-13       0.000000000000e+00       4.419294117617e-17       7.886891717121e-18      -1.204980270167e-19 
 3328       1.899293407503e-12       5.842191177361e-14      -1.297662402191e-13       0.000000000000e+00       4.413663858716e-17       7.881384571486e-18      -1.220355645152e-19 
 3329       1.895957398931e-12       5.804217016669e-14      -1.287686799052e-13       0.000000000000e+00       4.408042415507e-17       7.875041135836e-18      -1.230820105491e-19 
 3330       1.892570648024e-12       5.766616673097e-14      -1.277624071399e-13       0.000000000000e+00       4.402429777614e-17       7.867776816981e-18      -1.235927219582e-19 
 3331       1.889132694770e-12       5.729399887685e-14      -1.267477352346e-13       0.000000000000e+00       4.396825934587e-17       7.859506821201e-18      -1.235229499302e-19 
 3332       1.885643078210e-12       5.692576423552e-14      -1.257249782785e-13       0.000000000000e+00       4.391230875904e-17       7.850146154093e-18      -1.228278399216e-19 
 3333       1.882101336431e-12       5.656156065910e-14      -1.246944511395e-13       0.000000000000e+00       4.385644590972e-17       7.839609620418e-18      -1.214624315791e-19 
 3334       1.878507006570e-12       5.620148622080e-14      -1.236564694647e-13       0.000000000000e+00       4.380067069122e-17       7.827811823959e-18      -1.193816586607e-19 
 3335       1.874859770461e-12       5.584562663300e-14      -1.226113514447e-13       0.000000000000e+00       4.374498298537e-17       7.814686350631e-18      -1.165538153774e-19 
 3336       1.871159892285e-12       5.549401744073e-14      -1.215594231140e-13       0.000000000000e+00       4.368938263013e-17       7.800243410176e-18      -1.130010201841e-19 
 3337       1.867407782843e-12       5.514668166245e-14      -1.205010130752e-13       0.000000000000e+00       4.363386945181e-17       7.784512447358e-18      -1.087589295648e-19 
 3338       1.863603854080e-12       5.480364235708e-14      -1.194364507377e-13       0.000000000000e+00       4.357844327584e-17       7.767522981748e-18      -1.038632878215e-19 
 3339       1.859748519084e-12       5.446492262403e-14      -1.183660663188e-13       0.000000000000e+00       4.352310392676e-17       7.749304607786e-18      -9.834992714146e-20 
 3340       1.855842192091e-12       5.413054560322e-14      -1.172901908437e-13       0.000000000000e+00       4.346785122822e-17       7.729886994831e-18      -9.225476766289e-20 
 3341       1.851885288480e-12       5.380053447514e-14      -1.162091561465e-13       0.000000000000e+00       4.341268500298e-17       7.709299887225e-18      -8.561381754163e-20 
 3342       1.847878224781e-12       5.347491246083e-14      -1.151232948708e-13       0.000000000000e+00       4.335760507293e-17       7.687573104346e-18      -7.846317301745e-20 
 3343       1.843821418671e-12       5.315370282191e-14      -1.140329404700e-13       0.000000000000e+00       4.330261125904e-17       7.664736540667e-18      -7.083901848036e-20 
 3344       1.839715288976e-12       5.283692886065e-14      -1.129384272085e-13       0.000000000000e+00       4.324770338143e-17       7.640820165809e-18      -6.277762653698e-20 
 3345       1.835560255672e-12       5.252461391996e-14      -1.118400901616e-13       0.000000000000e+00       4.319288125929e-17       7.615854024606e-18      -5.431535807692e-20 
 3346       1.831356739886e-12       5.221678138343e-14      -1.107382652166e-13       0.000000000000e+00       4.313814471095e-17       7.589868237154e-18      -4.548866233911e-20 
 3347       1.827105163897e-12       5.191345467534e-14      -1.096332890732e-13       0.000000000000e+00       4.308349355381e-17       7.562892998872e-18      -3.633407697815e-20 
 3348       1.822805951136e-12       5.161465726071e-14      -1.085254992443e-13       0.000000000000e+00       4.302892760442e-17       7.534958580560e-18      -2.688822813068e-20 
 3349       1.818459526190e-12       5.132041264532e-14      -1.074152340563e-13       0.000000000000e+00       4.297444667840e-17       7.506095328453e-18      -1.718783048173e-20 
 3350       1.814066314798e-12       5.103074437571e-14      -1.063028326501e-13       0.000000000000e+00       4.292005059050e-17       7.476333664280e-18      -7.269687331065e-21 
 3351       1.809626743856e-12       5.074567603925e-14      -1.051886349812e-13       0.000000000000e+00       4.286573915455e-17       7.445704085320e-18       2.829309340441e-21 
 3352       1.805141241416e-12       5.046523126413e-14      -1.040729818209e-13       0.000000000000e+00       4.281151218351e-17       7.414237164463e-18       1.307217880447e-20 
 3353       1.800610236686e-12       5.018943371942e-14      -1.029562147565e-13       0.000000000000e+00       4.275736948943e-17       7.381963550260e-18       2.342185151890e-20 
 3354       1.796034160034e-12       4.991830711506e-14      -1.018386761919e-13       0.000000000000e+00       4.270331088346e-17       7.348913966986e-18       3.384116906145e-20 
 3355       1.791413442986e-12       4.965187520191e-14      -1.007207093485e-13       0.000000000000e+00       4.264933617584e-17       7.315119214694e-18       4.429288406332e-20 
 3356       1.786748518228e-12       4.939016177177e-14      -9.960265826563e-14       0.000000000000e+00       4.259544517594e-17       7.280610169274e-18       5.473966014285e-20 
 3357       1.782039819607e-12       4.913319065742e-14      -9.848486780105e-14       0.000000000000e+00       4.254163769220e-17       7.245417782510e-18       6.514407183914e-20 
 3358       1.777287782132e-12       4.888098573261e-14      -9.736768363177e-14       0.000000000000e+00       4.248791353217e-17       7.209573082134e-18       7.546860454574e-20 
 3359       1.772492841975e-12       4.863357091212e-14      -9.625145225454e-14       0.000000000000e+00       4.243427250251e-17       7.173107171886e-18       8.567565444424e-20 
 3360       1.767655436469e-12       4.839097015180e-14      -9.513652098648e-14       0.000000000000e+00       4.238071440896e-17       7.136051231573e-18       9.572752843797e-20 
 3361       1.762776004114e-12       4.815320744853e-14      -9.402323796571e-14       0.000000000000e+00       4.232723905635e-17       7.098436517119e-18       1.055864440856e-19 
 3362       1.757854984575e-12       4.792030684033e-14      -9.291195215192e-14       0.000000000000e+00       4.227384624863e-17       7.060294360630e-18       1.152145295348e-19 
 3363       1.752892818683e-12       4.769229240632e-14      -9.180301332703e-14       0.000000000000e+00       4.222053578883e-17       7.021656170447e-18       1.245738234560e-19 
 3364       1.747889948435e-12       4.746918826679e-14      -9.069677209574e-14       0.000000000000e+00       4.216730747906e-17       6.982553431203e-18       1.336262749758e-19 
 3365       1.742846816997e-12       4.725101858320e-14      -8.959357988619e-14       0.000000000000e+00       4.211416112056e-17       6.943017703880e-18       1.423337436106e-19 
 3366       1.737763868704e-12       4.703780755821e-14      -8.849378895053e-14       0.000000000000e+00       4.206109651362e-17       6.903080625870e-18       1.506579992008e-19 
 3367       1.732641549059e-12       4.682957943573e-14      -8.739775236557e-14       0.000000000000e+00       4.200811345766e-17       6.862773911026e-18       1.585607218438e-19 
 3368       1.727480304739e-12       4.662635850092e-14      -8.630582403335e-14       0.000000000000e+00       4.195521175115e-17       6.822129349723e-18       1.660035018277e-19 
 3369       1.722280583590e-12       4.642816908022e-14      -8.521835868176e-14       0.000000000000e+00       4.190239119169e-17       6.781178808913e-18       1.729478395654e-19 
 3370       1.717042834631e-12       4.623503554138e-14      -8.413571186517e-14       0.000000000000e+00       4.184965157593e-17       6.739954232186e-18       1.793551455280e-19 
 3371       1.711767508055e-12       4.604698229351e-14      -8.305823996500e-14       0.000000000000e+00       4.179699269965e-17       6.698487639821e-18       1.851867401781e-19 
 3372       1.706455055227e-12       4.586403378706e-14      -8.198630019037e-14       0.000000000000e+00       4.174441435768e-17       6.656811128848e-18       1.904038539041e-19 
 3373       1.701105928691e-12       4.568621451388e-14      -8.092025057867e-14       0.000000000000e+00       4.169191634396e-17       6.614956873104e-18       1.949676269533e-19 
 3374       1.695720652586e-12       4.551353786749e-14      -7.986042230418e-14       0.000000000000e+00       4.163949846476e-17       6.572958346713e-18       1.988509988427e-19 
 3375       1.690300034252e-12       4.534597267097e-14      -7.880703647115e-14       0.000000000000e+00       4.158716057856e-17       6.530854000218e-18       2.020744331046e-19 
 3376       1.684844953548e-12       4.518347650380e-14      -7.776028696071e-14       0.000000000000e+00       4.153490255632e-17       6.488683600526e-18       2.046703475140e-19 
 3377       1.679356292515e-12       4.502600682832e-14      -7.672036809028e-14       0.000000000000e+00       4.148272426832e-17       6.446487009002e-18       2.066712387599e-19 
 3378       1.673834935376e-12       4.487352098960e-14      -7.568747461400e-14       0.000000000000e+00       4.143062558408e-17       6.404304181536e-18       2.081096825043e-19 
 3379       1.668281768539e-12       4.472597621542e-14      -7.466180172298e-14       0.000000000000e+00       4.137860637239e-17       6.362175168619e-18       2.090183334410e-19 
 3380       1.662697680601e-12       4.458332961613e-14      -7.364354504565e-14       0.000000000000e+00       4.132666650132e-17       6.320140115407e-18       2.094299253548e-19 
 3381       1.657083562343e-12       4.444553818455e-14      -7.263290064805e-14       0.000000000000e+00       4.127480583822e-17       6.278239261796e-18       2.093772711799e-19 
 3382       1.651440306740e-12       4.431255879594e-14      -7.163006503418e-14       0.000000000000e+00       4.122302424968e-17       6.236512942487e-18       2.088932630596e-19 
 3383       1.645768808956e-12       4.418434820783e-14      -7.063523514629e-14       0.000000000000e+00       4.117132160158e-17       6.195001587060e-18       2.080108724045e-19 
 3384       1.640069966348e-12       4.406086305999e-14      -6.964860836521e-14       0.000000000000e+00       4.111969775907e-17       6.153745720043e-18       2.067631499520e-19 
 3385       1.634344678468e-12       4.394205987430e-14      -6.867038251065e-14       0.000000000000e+00       4.106815258654e-17       6.112785960980e-18       2.051832258248e-19 
 3386       1.628593847066e-12       4.382789505470e-14      -6.770075584155e-14       0.000000000000e+00       4.101668594768e-17       6.072163024504e-18       2.033043095902e-19 
 3387       1.622818376088e-12       4.371832488705e-14      -6.673992705636e-14       0.000000000000e+00       4.096529770543e-17       6.031917720403e-18       2.011596903189e-19 
 3388       1.617019171679e-12       4.361330553908e-14      -6.578809529339e-14       0.000000000000e+00       4.091398772198e-17       5.992090953696e-18       1.987827366437e-19 
 3389       1.611197142189e-12       4.351279306029e-14      -6.484546013109e-14       0.000000000000e+00       4.086275585881e-17       5.952723724697e-18       1.962068968190e-19 
 3390       1.605353198166e-12       4.341674338182e-14      -6.391222158841e-14       0.000000000000e+00       4.081160197665e-17       5.913857129086e-18       1.934656987791e-19 
 3391       1.599488252367e-12       4.332511231643e-14      -6.298858012508e-14       0.000000000000e+00       4.076052593550e-17       5.875532357983e-18       1.905927501975e-19 
 3392       1.593603219752e-12       4.323785555834e-14      -6.207473664196e-14       0.000000000000e+00       4.070952759460e-17       5.837790698014e-18       1.876217385460e-19 
 3393       1.587699017489e-12       4.315492868320e-14      -6.117089248131e-14       0.000000000000e+00       4.065860681248e-17       5.800673531382e-18       1.845864311530e-19 
 3394       1.581776564959e-12       4.307628714794e-14      -6.027724942716e-14       0.000000000000e+00       4.060776344692e-17       5.764222335938e-18       1.815206752633e-19 
 3395       1.575836783749e-12       4.300188629073e-14      -5.939400970561e-14       0.000000000000e+00       4.055699735496e-17       5.728478685250e-18       1.784583980962e-19 
 3396       1.569880597662e-12       4.293168133085e-14      -5.852137598510e-14       0.000000000000e+00       4.050630839289e-17       5.693484248672e-18       1.754336069051e-19 
 3397       1.563908932715e-12       4.286562736862e-14      -5.765955137682e-14       0.000000000000e+00       4.045569641627e-17       5.659280791416e-18       1.724803890360e-19 
 3398       1.557922717140e-12       4.280367938533e-14      -5.680873943493e-14       0.000000000000e+00       4.040516127991e-17       5.625910174621e-18       1.696329119868e-19 
 3399       1.551922881387e-12       4.274579224308e-14      -5.596914415694e-14       0.000000000000e+00       4.035470283790e-17       5.593414355423e-18       1.669254234657e-19 
 3400       1.545910358126e-12       4.269192068477e-14      -5.514096998402e-14       0.000000000000e+00       4.030432094355e-17       5.561835387025e-18       1.643922514508e-19 
 3401       1.539886082247e-12       4.264201933396e-14      -5.432442180128e-14       0.000000000000e+00       4.025401544945e-17       5.531215418767e-18       1.620678042486e-19 
 3402       1.533850990863e-12       4.259604269480e-14      -5.351970493813e-14       0.000000000000e+00       4.020378620744e-17       5.501596696195e-18       1.599865705531e-19 
 3403       1.527806023310e-12       4.255394515190e-14      -5.272702516857e-14       0.000000000000e+00       4.015363306862e-17       5.473021561134e-18       1.581831195046e-19 
 3404       1.521752121153e-12       4.251568097031e-14      -5.194658871153e-14       0.000000000000e+00       4.010355588334e-17       5.445532451754e-18       1.566921007488e-19 
 3405       1.515690228181e-12       4.248120429538e-14      -5.117860223115e-14       0.000000000000e+00       4.005355450119e-17       5.419171902642e-18       1.555482444957e-19 
 3406       1.509621290413e-12       4.245046915265e-14      -5.042327283713e-14       0.000000000000e+00       4.000362877104e-17       5.393982544873e-18       1.547863615784e-19 
 3407       1.503546256099e-12       4.242342944783e-14      -4.968080808506e-14       0.000000000000e+00       3.995377854100e-17       5.370007106077e-18       1.544413435122e-19 
 3408       1.497466075723e-12       4.240003896662e-14      -4.895141597667e-14       0.000000000000e+00       3.990400365841e-17       5.347288410512e-18       1.545481625536e-19 
 3409       1.491381702001e-12       4.238025137471e-14      -4.823530496023e-14       0.000000000000e+00       3.985430396989e-17       5.325869379133e-18       1.551418717590e-19 
 3410       1.485294089884e-12       4.236402021762e-14      -4.753268393082e-14       0.000000000000e+00       3.980467932130e-17       5.305793029661e-18       1.562576050437e-19 
 3411       1.479204196562e-12       4.235129892064e-14      -4.684376223063e-14       0.000000000000e+00       3.975512955775e-17       5.287102476653e-18       1.579305772411e-19 
 3412       1.473112981463e-12       4.234204078873e-14      -4.616874964933e-14       0.000000000000e+00       3.970565452359e-17       5.269840931573e-18       1.601960841613e-19 
 3413       1.467021381537e-12       4.233619467820e-14      -4.550781953175e-14       0.000000000000e+00       3.965625407642e-17       5.254031642449e-18       1.630781272294e-19 
 3414       1.460930236977e-12       4.233369199161e-14      -4.486099792743e-14       0.000000000000e+00       3.960692812905e-17       5.239617618653e-18       1.665552339550e-19 
 3415       1.454840365184e-12       4.233445962688e-14      -4.422827396594e-14       0.000000000000e+00       3.955767660774e-17       5.226521647551e-18       1.705944908773e-19 
 3416       1.448752585454e-12       4.233842430030e-14      -4.360963670616e-14       0.000000000000e+00       3.950849943817e-17       5.214666331278e-18       1.751629056014e-19 
 3417       1.442667718983e-12       4.234551254639e-14      -4.300507513628e-14       0.000000000000e+00       3.945939654544e-17       5.203974086603e-18       1.802274067406e-19 
 3418       1.436586588868e-12       4.235565071779e-14      -4.241457817365e-14       0.000000000000e+00       3.941036785414e-17       5.194367144793e-18       1.857548438576e-19 
 3419       1.430510020106e-12       4.236876498509e-14      -4.183813466482e-14       0.000000000000e+00       3.936141328827e-17       5.185767551474e-18       1.917119874066e-19 
 3420       1.424438839597e-12       4.238478133674e-14      -4.127573338539e-14       0.000000000000e+00       3.931253277128e-17       5.178097166495e-18       1.980655286753e-19 
 3421       1.418373876146e-12       4.240362557885e-14      -4.072736303998e-14       0.000000000000e+00       3.926372622605e-17       5.171277663794e-18       2.047820797262e-19 
 3422       1.412315960465e-12       4.242522333514e-14      -4.019301226218e-14       0.000000000000e+00       3.921499357491e-17       5.165230531257e-18       2.118281733386e-19 
 3423       1.406265925171e-12       4.244950004671e-14      -3.967266961447e-14       0.000000000000e+00       3.916633473964e-17       5.159877070586e-18       2.191702629505e-19 
 3424       1.400224604790e-12       4.247638097199e-14      -3.916632358817e-14       0.000000000000e+00       3.911774964143e-17       5.155138397159e-18       2.267747226003e-19 
 3425       1.394192835759e-12       4.250579118654e-14      -3.867396260335e-14       0.000000000000e+00       3.906923820093e-17       5.150935439893e-18       2.346078468685e-19 
 3426       1.388171456424e-12       4.253765558295e-14      -3.819557500880e-14       0.000000000000e+00       3.902080033822e-17       5.147188941112e-18       2.426358508197e-19 
 3427       1.382161307047e-12       4.257189887070e-14      -3.773114908195e-14       0.000000000000e+00       3.897243597282e-17       5.143819456404e-18       2.508248699441e-19 
 3428       1.376163229801e-12       4.260844557601e-14      -3.728067302882e-14       0.000000000000e+00       3.892414502368e-17       5.140747354491e-18       2.591409600996e-19 
 3429       1.370178068776e-12       4.264722004172e-14      -3.684413498392e-14       0.000000000000e+00       3.887592740920e-17       5.137892817086e-18       2.675500974533e-19 
 3430       1.364206669978e-12       4.268814642715e-14      -3.642152301025e-14       0.000000000000e+00       3.882778304721e-17       5.135175838760e-18       2.760181784234e-19 
 3431       1.358249881332e-12       4.273114870797e-14      -3.601282509916e-14       0.000000000000e+00       3.877971185496e-17       5.132516226806e-18       2.845110196211e-19 
 3432       1.352308552681e-12       4.277615067603e-14      -3.561802917037e-14       0.000000000000e+00       3.873171374915e-17       5.129833601100e-18       2.929943577922e-19 
 3433       1.346383535792e-12       4.282307593929e-14      -3.523712307183e-14       0.000000000000e+00       3.868378864592e-17       5.127047393965e-18       3.014338497590e-19 
 3434       1.340475684350e-12       4.287184792162e-14      -3.487009457972e-14       0.000000000000e+00       3.863593646083e-17       5.124076850036e-18       3.097950723622e-19 
 3435       1.334585853967e-12       4.292238986270e-14      -3.451693139834e-14       0.000000000000e+00       3.858815710887e-17       5.120841026122e-18       3.180435224022e-19 
 3436       1.328714902180e-12       4.297462481787e-14      -3.417762116007e-14       0.000000000000e+00       3.854045050447e-17       5.117258791068e-18       3.261446165816e-19 
 3437       1.322863688451e-12       4.302847565802e-14      -3.385215142532e-14       0.000000000000e+00       3.849281656150e-17       5.113248825622e-18       3.340636914464e-19 
 3438       1.317033074170e-12       4.308386506942e-14      -3.354050968243e-14       0.000000000000e+00       3.844525519324e-17       5.108729622296e-18       3.417660033280e-19 
 3439       1.311223922657e-12       4.314071555359e-14      -3.324268334764e-14       0.000000000000e+00       3.839776631243e-17       5.103619485229e-18       3.492167282851e-19 
 3440       1.305437099162e-12       4.319894942719e-14      -3.295865976500e-14       0.000000000000e+00       3.835034983121e-17       5.097836530050e-18       3.563809620454e-19 
 3441       1.299673470868e-12       4.325848882187e-14      -3.268842620634e-14       0.000000000000e+00       3.830300566118e-17       5.091298683745e-18       3.632237199473e-19 
 3442       1.293933906890e-12       4.331925568413e-14      -3.243196987117e-14       0.000000000000e+00       3.825573371333e-17       5.083923684516e-18       3.697099368816e-19 
 3443       1.288219278280e-12       4.338117177517e-14      -3.218927788666e-14       0.000000000000e+00       3.820853389812e-17       5.075629081646e-18       3.758044672336e-19 
 3444       1.282530458022e-12       4.344415867081e-14      -3.196033730753e-14       0.000000000000e+00       3.816140612542e-17       5.066332235364e-18       3.814720848248e-19 
 3445       1.276868321042e-12       4.350813776127e-14      -3.174513511602e-14       0.000000000000e+00       3.811435030451e-17       5.055950316706e-18       3.866774828545e-19 
 3446       1.271233744203e-12       4.357303025113e-14      -3.154365822182e-14       0.000000000000e+00       3.806736634413e-17       5.044400307379e-18       3.913852738417e-19 
 3447       1.265627606307e-12       4.363875715910e-14      -3.135589346200e-14       0.000000000000e+00       3.802045415244e-17       5.031598999626e-18       3.955599895668e-19 
 3448       1.260050788101e-12       4.370523931797e-14      -3.118182760094e-14       0.000000000000e+00       3.797361363700e-17       5.017462996086e-18       3.991660810137e-19 
 3449       1.254504172271e-12       4.377239737440e-14      -3.102144733030e-14       0.000000000000e+00       3.792684470482e-17       5.001908709660e-18       4.021679183110e-19 
 3450       1.248988643451e-12       4.384015178885e-14      -3.087473926892e-14       0.000000000000e+00       3.788014726232e-17       4.984852363376e-18       4.045297906746e-19 
 3451       1.243505088219e-12       4.390842283540e-14      -3.074168996278e-14       0.000000000000e+00       3.783352121538e-17       4.966209990247e-18       4.062159063486e-19 
 3452       1.238054305931e-12       4.397713385161e-14      -3.062226019505e-14       0.000000000000e+00       3.778696645379e-17       4.945924805228e-18       4.072015075672e-19 
 3453       1.232636740802e-12       4.404622100334e-14      -3.051630779736e-14       0.000000000000e+00       3.774048280490e-17       4.924049448205e-18       4.075062670725e-19 
 3454       1.227252748691e-12       4.411562356113e-14      -3.042366451084e-14       0.000000000000e+00       3.769407007982e-17       4.900664089748e-18       4.071610332047e-19 
 3455       1.221902686165e-12       4.418528065383e-14      -3.034416164593e-14       0.000000000000e+00       3.764772808886e-17       4.875849090862e-18       4.061967278110e-19 
 3456       1.216586910506e-12       4.425513126851e-14      -3.027763008203e-14       0.000000000000e+00       3.760145664154e-17       4.849685003125e-18       4.046443462986e-19 
 3457       1.211305779702e-12       4.432511425037e-14      -3.022390026721e-14       0.000000000000e+00       3.755525554659e-17       4.822252568832e-18       4.025349576887e-19 
 3458       1.206059652457e-12       4.439516830264e-14      -3.018280221790e-14       0.000000000000e+00       3.750912461194e-17       4.793632721127e-18       3.998997046702e-19 
 3459       1.200848888186e-12       4.446523198645e-14      -3.015416551850e-14       0.000000000000e+00       3.746306364473e-17       4.763906584149e-18       3.967698036533e-19 
 3460       1.195673847014e-12       4.453524372077e-14      -3.013781932113e-14       0.000000000000e+00       3.741707245129e-17       4.733155473164e-18       3.931765448232e-19 
 3461       1.190534889782e-12       4.460514178225e-14      -3.013359234529e-14       0.000000000000e+00       3.737115083717e-17       4.701460894711e-18       3.891512921937e-19 
 3462       1.185432378044e-12       4.467486430517e-14      -3.014131287750e-14       0.000000000000e+00       3.732529860712e-17       4.668904546735e-18       3.847254836612e-19 
 3463       1.180366674068e-12       4.474434928133e-14      -3.016080877104e-14       0.000000000000e+00       3.727951556509e-17       4.635568318729e-18       3.799306310580e-19 
 3464       1.175338140836e-12       4.481353455989e-14      -3.019190744558e-14       0.000000000000e+00       3.723380151422e-17       4.601534291872e-18       3.747983202061e-19 
 3465       1.170347142045e-12       4.488235784736e-14      -3.023443588687e-14       0.000000000000e+00       3.718815625686e-17       4.566884739169e-18       3.693602109711e-19 
 3466       1.165394042108e-12       4.495075670743e-14      -3.028822064644e-14       0.000000000000e+00       3.714257959457e-17       4.531702125589e-18       3.636480373155e-19 
 3467       1.160479206155e-12       4.501866856087e-14      -3.035308784126e-14       0.000000000000e+00       3.709707132809e-17       4.496069108203e-18       3.576936073529e-19 
 3468       1.155603000030e-12       4.508603068546e-14      -3.042886315341e-14       0.000000000000e+00       3.705163125737e-17       4.460068536324e-18       3.515288034011e-19 
 3469       1.150765790297e-12       4.515278021587e-14      -3.051537182977e-14       0.000000000000e+00       3.700625918156e-17       4.423783451648e-18       3.451855820362e-19 
 3470       1.145967944235e-12       4.521885414356e-14      -3.061243868171e-14       0.000000000000e+00       3.696095489900e-17       4.387297088388e-18       3.386959741462e-19 
 3471       1.141209829842e-12       4.528418931667e-14      -3.071988808474e-14       0.000000000000e+00       3.691571820722e-17       4.350692873419e-18       3.320920849845e-19 
 3472       1.136491815833e-12       4.534872243991e-14      -3.083754397822e-14       0.000000000000e+00       3.687054890297e-17       4.314054426411e-18       3.254060942239e-19 
 3473       1.131814271646e-12       4.541239007450e-14      -3.096522986502e-14       0.000000000000e+00       3.682544678217e-17       4.277465559972e-18       3.186702560100e-19 
 3474       1.127177567433e-12       4.547512863801e-14      -3.110276881119e-14       0.000000000000e+00       3.678041163995e-17       4.241010279786e-18       3.119168990151e-19 
 3475       1.122582074070e-12       4.553687440429e-14      -3.124998344565e-14       0.000000000000e+00       3.673544327062e-17       4.204772784749e-18       3.051784264915e-19 
 3476       1.118028163152e-12       4.559756350337e-14      -3.140669595989e-14       0.000000000000e+00       3.669054146770e-17       4.168837467115e-18       2.984873163259e-19 
 3477       1.113516206994e-12       4.565713192134e-14      -3.157272810760e-14       0.000000000000e+00       3.664570602389e-17       4.133288912625e-18       2.918761210922e-19 
 3478       1.109046578633e-12       4.571551550026e-14      -3.174790120439e-14       0.000000000000e+00       3.660093673109e-17       4.098211900657e-18       2.853774681061e-19 
 3479       1.104619651829e-12       4.577264993805e-14      -3.193203612745e-14       0.000000000000e+00       3.655623338037e-17       4.063691404354e-18       2.790240594780e-19 
 3480       1.100235801062e-12       4.582847078839e-14      -3.212495331524e-14       0.000000000000e+00       3.651159576203e-17       4.029812590773e-18       2.728486721670e-19 
 3481       1.095895401536e-12       4.588291346062e-14      -3.232647276713e-14       0.000000000000e+00       3.646702366552e-17       3.996660821015e-18       2.668841580347e-19 
 3482       1.091598829180e-12       4.593591321964e-14      -3.253641404315e-14       0.000000000000e+00       3.642251687950e-17       3.964321650371e-18       2.611634438988e-19 
 3483       1.087346460644e-12       4.598740518579e-14      -3.275459626361e-14       0.000000000000e+00       3.637807519182e-17       3.932880828456e-18       2.557195315868e-19 
 3484       1.083138673303e-12       4.603732433477e-14      -3.298083810877e-14       0.000000000000e+00       3.633369838950e-17       3.902424299353e-18       2.505854979894e-19 
 3485       1.078975845257e-12       4.608560549753e-14      -3.321495781860e-14       0.000000000000e+00       3.628938625877e-17       3.873038201745e-18       2.457944951147e-19 
 3486       1.074858355333e-12       4.613218336013e-14      -3.345677319234e-14       0.000000000000e+00       3.624513858503e-17       3.844808869061e-18       2.413797501414e-19 
 3487       1.070786583080e-12       4.617699246372e-14      -3.370610158828e-14       0.000000000000e+00       3.620095515287e-17       3.817822829610e-18       2.373745654730e-19 
 3488       1.066760908777e-12       4.621996720436e-14      -3.396275992340e-14       0.000000000000e+00       3.615683574606e-17       3.792166806723e-18       2.338123187908e-19 
 3489       1.062781713426e-12       4.626104183295e-14      -3.422656467303e-14       0.000000000000e+00       3.611278014757e-17       3.767927718889e-18       2.307264631083e-19 
 3490       1.058849378760e-12       4.630015045513e-14      -3.449733187056e-14       0.000000000000e+00       3.606878813954e-17       3.745192679897e-18       2.281505268243e-19 
 3491       1.054964191719e-12       4.633723465659e-14      -3.477487324642e-14       0.000000000000e+00       3.602485954136e-17       3.724025885839e-18       2.261088118205e-19 
 3492       1.051126057469e-12       4.637226641427e-14      -3.505898462814e-14       0.000000000000e+00       3.598099432410e-17       3.704399169914e-18       2.245884450115e-19 
 3493       1.047334785183e-12       4.640522528110e-14      -3.534945749097e-14       0.000000000000e+00       3.593719249655e-17       3.686261156486e-18       2.235672096208e-19 
 3494       1.043590183446e-12       4.643609076930e-14      -3.564608281379e-14       0.000000000000e+00       3.589345406719e-17       3.669560347656e-18       2.230228364451e-19 
 3495       1.039892060261e-12       4.646484235032e-14      -3.594865107875e-14       0.000000000000e+00       3.584977904422e-17       3.654245123177e-18       2.229330038167e-19 
 3496       1.036240223041e-12       4.649145945484e-14      -3.625695227090e-14       0.000000000000e+00       3.580616743556e-17       3.640263740362e-18       2.232753375660e-19 
 3497       1.032634478613e-12       4.651592147273e-14      -3.657077587783e-14       0.000000000000e+00       3.576261924881e-17       3.627564333998e-18       2.240274109830e-19 
 3498       1.029074633219e-12       4.653820775301e-14      -3.688991088933e-14       0.000000000000e+00       3.571913449129e-17       3.616094916254e-18       2.251667447797e-19 
 3499       1.025560492510e-12       4.655829760385e-14      -3.721414579699e-14       0.000000000000e+00       3.567571316999e-17       3.605803376597e-18       2.266708070525e-19 
 3500       1.022091861550e-12       4.657617029253e-14      -3.754326859390e-14       0.000000000000e+00       3.563235529165e-17       3.596637481699e-18       2.285170132438e-19 
 3501       1.018668544815e-12       4.659180504539e-14      -3.787706677424e-14       0.000000000000e+00       3.558906086269e-17       3.588544875352e-18       2.306827261045e-19 
 3502       1.015290346190e-12       4.660518104786e-14      -3.821532733292e-14       0.000000000000e+00       3.554582988923e-17       3.581473078376e-18       2.331452556557e-19 
 3503       1.011957068973e-12       4.661627744435e-14      -3.855783676528e-14       0.000000000000e+00       3.550266237709e-17       3.575369488535e-18       2.358818591516e-19 
 3504       1.008668515870e-12       4.662507333829e-14      -3.890438106664e-14       0.000000000000e+00       3.545955833180e-17       3.570181380444e-18       2.388697410408e-19 
 3505       1.005424488996e-12       4.663154779210e-14      -3.925474573203e-14       0.000000000000e+00       3.541651775859e-17       3.565855905481e-18       2.420860529287e-19 
 3506       1.002224789877e-12       4.663567982709e-14      -3.960871575576e-14       0.000000000000e+00       3.537354066239e-17       3.562340091701e-18       2.455078935398e-19 
 3507       9.990692194454e-13       4.663744842354e-14      -3.996607563111e-14       0.000000000000e+00       3.533062704783e-17       3.559580843746e-18       2.491123086796e-19 
 3508       9.959575780432e-13       4.663683252058e-14      -4.032660934993e-14       0.000000000000e+00       3.528777691925e-17       3.557524942756e-18       2.528762911970e-19 
 3509       9.928896654194e-13       4.663381101620e-14      -4.069010040232e-14       0.000000000000e+00       3.524499028067e-17       3.556119046280e-18       2.567767809460e-19 
 3510       9.898652807303e-13       4.662836276724e-14      -4.105633177624e-14       0.000000000000e+00       3.520226713583e-17       3.555309688190e-18       2.607906647480e-19 
 3511       9.868842225389e-13       4.662046658934e-14      -4.142508595716e-14       0.000000000000e+00       3.515960748816e-17       3.555043278589e-18       2.648947763543e-19 
 3512       9.839462888144e-13       4.661010125691e-14      -4.179614492770e-14       0.000000000000e+00       3.511701134080e-17       3.555266103724e-18       2.690658964074e-19 
 3513       9.810512769319e-13       4.659724550309e-14      -4.216929016728e-14       0.000000000000e+00       3.507447869656e-17       3.555924325898e-18       2.732807524041e-19 
 3514       9.781989836719e-13       4.658187801978e-14      -4.254430265175e-14       0.000000000000e+00       3.503200955798e-17       3.556963983382e-18       2.775160186568e-19 
 3515       9.753892052196e-13       4.656397745753e-14      -4.292096285302e-14       0.000000000000e+00       3.498960392730e-17       3.558330990323e-18       2.817483162559e-19 
 3516       9.726217371649e-13       4.654352242560e-14      -4.329905073875e-14       0.000000000000e+00       3.494726180643e-17       3.559971136660e-18       2.859542130322e-19 
 3517       9.698963745013e-13       4.652049149184e-14      -4.367834577190e-14       0.000000000000e+00       3.490498319700e-17       3.561830088030e-18       2.901102235187e-19 
 3518       9.672129116263e-13       4.649486318275e-14      -4.405862691047e-14       0.000000000000e+00       3.486276810033e-17       3.563853385686e-18       2.941928089126e-19 
 3519       9.645711423401e-13       4.646661598339e-14      -4.443967260707e-14       0.000000000000e+00       3.482061651744e-17       3.565986446402e-18       2.981783770379e-19 
 3520       9.619708598456e-13       4.643572833737e-14      -4.482126080860e-14       0.000000000000e+00       3.477852844904e-17       3.568174562390e-18       3.020432823070e-19 
 3521       9.594118567481e-13       4.640217864685e-14      -4.520316895585e-14       0.000000000000e+00       3.473650389556e-17       3.570362901207e-18       3.057638256833e-19 
 3522       9.568939250543e-13       4.636594527247e-14      -4.558517398320e-14       0.000000000000e+00       3.469454285709e-17       3.572496505668e-18       3.093162546428e-19 
 3523       9.544168561723e-13       4.632700653334e-14      -4.596705231820e-14       0.000000000000e+00       3.465264533345e-17       3.574520293760e-18       3.126767631367e-19 
 3524       9.519804409110e-13       4.628534070703e-14      -4.634857988125e-14       0.000000000000e+00       3.461081132413e-17       3.576379058548e-18       3.158214915533e-19 
 3525       9.495844694795e-13       4.624092602952e-14      -4.672953208522e-14       0.000000000000e+00       3.456904082833e-17       3.578017468090e-18       3.187265266800e-19 
 3526       9.472287314870e-13       4.619374069515e-14      -4.710968383510e-14       0.000000000000e+00       3.452733384494e-17       3.579380065351e-18       3.213679016658e-19 
 3527       9.449130159420e-13       4.614376285667e-14      -4.748880952764e-14       0.000000000000e+00       3.448569037255e-17       3.580411268107e-18       3.237215959828e-19 
 3528       9.426371112519e-13       4.609097062512e-14      -4.786668305099e-14       0.000000000000e+00       3.444411040944e-17       3.581055368864e-18       3.257635353890e-19 
 3529       9.404008052228e-13       4.603534206987e-14      -4.824307778432e-14       0.000000000000e+00       3.440259395359e-17       3.581256534764e-18       3.274695918901e-19 
 3530       9.382038323393e-13       4.597686245249e-14      -4.861778192309e-14       0.000000000000e+00       3.436114096687e-17       3.580970997096e-18       3.288211693640e-19 
 3531       9.360457153671e-13       4.591554596132e-14      -4.899064452478e-14       0.000000000000e+00       3.431975126751e-17       3.580203675248e-18       3.298219858285e-19 
 3532       9.339259230920e-13       4.585141406704e-14      -4.936152965354e-14       0.000000000000e+00       3.427842463719e-17       3.578971704569e-18       3.304813607453e-19 
 3533       9.318439229793e-13       4.578448829700e-14      -4.973030107169e-14       0.000000000000e+00       3.423716085680e-17       3.577292260605e-18       3.308086356998e-19 
 3534       9.297991811721e-13       4.571479023523e-14      -5.009682223954e-14       0.000000000000e+00       3.419595970644e-17       3.575182559132e-18       3.308131744171e-19 
 3535       9.277911624909e-13       4.564234152254e-14      -5.046095631520e-14       0.000000000000e+00       3.415482096539e-17       3.572659856180e-18       3.305043627781e-19 
 3536       9.258193304325e-13       4.556716385647e-14      -5.082256615431e-14       0.000000000000e+00       3.411374441218e-17       3.569741448068e-18       3.298916088350e-19 
 3537       9.238831471686e-13       4.548927899143e-14      -5.118151430990e-14       0.000000000000e+00       3.407272982449e-17       3.566444671426e-18       3.289843428276e-19 
 3538       9.219820735457e-13       4.540870873867e-14      -5.153766303210e-14       0.000000000000e+00       3.403177697924e-17       3.562786903227e-18       3.277920171988e-19 
 3539       9.201155690833e-13       4.532547496637e-14      -5.189087426799e-14       0.000000000000e+00       3.399088565254e-17       3.558785560816e-18       3.263241066108e-19 
 3540       9.182830919733e-13       4.523959959963e-14      -5.224100966137e-14       0.000000000000e+00       3.395005561970e-17       3.554458101940e-18       3.245901079611e-19 
 3541       9.164840990791e-13       4.515110462058e-14      -5.258793055253e-14       0.000000000000e+00       3.390928665523e-17       3.549822024774e-18       3.225995403978e-19 
 3542       9.147180459347e-13       4.506001206835e-14      -5.293149797806e-14       0.000000000000e+00       3.386857853284e-17       3.544894867950e-18       3.203619453361e-19 
 3543       9.129843867432e-13       4.496634403917e-14      -5.327157267063e-14       0.000000000000e+00       3.382793102544e-17       3.539694210587e-18       3.178868864739e-19 
 3544       9.112825743766e-13       4.487012268638e-14      -5.360801505878e-14       0.000000000000e+00       3.378734390515e-17       3.534237672321e-18       3.151839498080e-19 
 3545       9.096120603742e-13       4.477137022049e-14      -5.394068526670e-14       0.000000000000e+00       3.374681694327e-17       3.528542913331e-18       3.122627436494e-19 
 3546       9.079722949421e-13       4.467010890919e-14      -5.426944311402e-14       0.000000000000e+00       3.370634991031e-17       3.522627634369e-18       3.091328986398e-19 
 3547       9.063627269518e-13       4.456636107744e-14      -5.459414811560e-14       0.000000000000e+00       3.366594257596e-17       3.516509576789e-18       3.058040677673e-19 
 3548       9.047828039398e-13       4.446014910747e-14      -5.491465948135e-14       0.000000000000e+00       3.362559470914e-17       3.510206522575e-18       3.022859263820e-19 
 3549       9.032319721061e-13       4.435149543885e-14      -5.523083611594e-14       0.000000000000e+00       3.358530607792e-17       3.503736294373e-18       2.985881722124e-19 
 3550       9.017096763133e-13       4.424042256851e-14      -5.554253661867e-14       0.000000000000e+00       3.354507644961e-17       3.497116755513e-18       2.947205253810e-19 
 3551       9.002153600862e-13       4.412695305079e-14      -5.584961928322e-14       0.000000000000e+00       3.350490559068e-17       3.490365810044e-18       2.906927284200e-19 
 3552       8.987484656099e-13       4.401110949750e-14      -5.615194209742e-14       0.000000000000e+00       3.346479326681e-17       3.483501402762e-18       2.865145462878e-19 
 3553       8.973084337298e-13       4.389291457793e-14      -5.644936274308e-14       0.000000000000e+00       3.342473924287e-17       3.476541519235e-18       2.821957663842e-19 
 3554       8.958947039501e-13       4.377239101892e-14      -5.674173859575e-14       0.000000000000e+00       3.338474328292e-17       3.469504185835e-18       2.777461985669e-19 
 3555       8.945067144327e-13       4.364956160488e-14      -5.702892672453e-14       0.000000000000e+00       3.334480515021e-17       3.462407469766e-18       2.731756751669e-19 
 3556       8.931439019966e-13       4.352444917786e-14      -5.731078389181e-14       0.000000000000e+00       3.330492460719e-17       3.455269479094e-18       2.684940510046e-19 
 3557       8.918057021169e-13       4.339707663755e-14      -5.758716655312e-14       0.000000000000e+00       3.326510141550e-17       3.448108362772e-18       2.637112034059e-19 
 3558       8.904915489237e-13       4.326746694136e-14      -5.785793085688e-14       0.000000000000e+00       3.322533533595e-17       3.440942310674e-18       2.588370322178e-19 
 3559       8.892008752011e-13       4.313564310445e-14      -5.812293264420e-14       0.000000000000e+00       3.318562612856e-17       3.433789553619e-18       2.538814598244e-19 
 3560       8.879331123864e-13       4.300162819977e-14      -5.838202744867e-14       0.000000000000e+00       3.314597355253e-17       3.426668363403e-18       2.488544311627e-19 
 3561       8.866876905690e-13       4.286544535808e-14      -5.863507049612e-14       0.000000000000e+00       3.310637736626e-17       3.419597052825e-18       2.437659137387e-19 
 3562       8.854640384894e-13       4.272711776805e-14      -5.888191670446e-14       0.000000000000e+00       3.306683732731e-17       3.412593975719e-18       2.386258976431e-19 
 3563       8.842615835385e-13       4.258666867624e-14      -5.912242068342e-14       0.000000000000e+00       3.302735319245e-17       3.405677526982e-18       2.334443955674e-19 
 3564       8.830797517564e-13       4.244412138718e-14      -5.935643673437e-14       0.000000000000e+00       3.298792471762e-17       3.398866142599e-18       2.282314428196e-19 
 3565       8.819179678315e-13       4.229949926339e-14      -5.958381885008e-14       0.000000000000e+00       3.294855165797e-17       3.392178299677e-18       2.229970973401e-19 
 3566       8.807756550995e-13       4.215282572543e-14      -5.980442071454e-14       0.000000000000e+00       3.290923376781e-17       3.385632516470e-18       2.177514397177e-19 
 3567       8.796522355424e-13       4.200412425197e-14      -6.001809570272e-14       0.000000000000e+00       3.286997080064e-17       3.379247352411e-18       2.125045732055e-19 
 3568       8.785471297879e-13       4.185341837978e-14      -6.022469688037e-14       0.000000000000e+00       3.283076250915e-17       3.373041408137e-18       2.072666237368e-19 
 3569       8.774597646192e-13       4.170073501316e-14      -6.042409963123e-14       0.000000000000e+00       3.279160869341e-17       3.367029484696e-18       2.020469967745e-19 
 3570       8.763895955424e-13       4.154611436696e-14      -6.061626964051e-14       0.000000000000e+00       3.275250934573e-17       3.361211043883e-18       1.968521444973e-19 
 3571       8.753360843101e-13       4.138960006443e-14      -6.080119519004e-14       0.000000000000e+00       3.271346450642e-17       3.355581700591e-18       1.916877894802e-19 
 3572       8.742986914176e-13       4.123123583168e-14      -6.097886455618e-14       0.000000000000e+00       3.267447421561e-17       3.350137059328e-18       1.865596670374e-19 
 3573       8.732768761021e-13       4.107106549775e-14      -6.114926600986e-14       0.000000000000e+00       3.263553851325e-17       3.344872714211e-18       1.814735252306e-19 
 3574       8.722700963414e-13       4.090913299464e-14      -6.131238781657e-14       0.000000000000e+00       3.259665743914e-17       3.339784248954e-18       1.764351248786e-19 
 3575       8.712778088536e-13       4.074548235745e-14      -6.146821823631e-14       0.000000000000e+00       3.255783103288e-17       3.334867236867e-18       1.714502395658e-19 
 3576       8.702994690958e-13       4.058015772439e-14      -6.161674552369e-14       0.000000000000e+00       3.251905933392e-17       3.330117240842e-18       1.665246556510e-19 
 3577       8.693345312632e-13       4.041320333690e-14      -6.175795792782e-14       0.000000000000e+00       3.248034238154e-17       3.325529813350e-18       1.616641722767e-19 
 3578       8.683824482884e-13       4.024466353970e-14      -6.189184369240e-14       0.000000000000e+00       3.244168021484e-17       3.321100496431e-18       1.568746013774e-19 
 3579       8.674426718407e-13       4.007458278086e-14      -6.201839105567e-14       0.000000000000e+00       3.240307287275e-17       3.316824821690e-18       1.521617676894e-19 
 3580       8.665146523244e-13       3.990300561188e-14      -6.213758825044e-14       0.000000000000e+00       3.236452039403e-17       3.312698310286e-18       1.475315087585e-19 
 3581       8.655978388789e-13       3.972997668777e-14      -6.224942350406e-14       0.000000000000e+00       3.232602281726e-17       3.308716472925e-18       1.429896749501e-19 
 3582       8.646916793772e-13       3.955554076712e-14      -6.235388503846e-14       0.000000000000e+00       3.228758018086e-17       3.304874809856e-18       1.385421294571e-19 
 3583       8.637956204251e-13       3.937974271216e-14      -6.245096107012e-14       0.000000000000e+00       3.224919252307e-17       3.301168810860e-18       1.341947483096e-19 
 3584       8.629091073605e-13       3.920262748886e-14      -6.254063981008e-14       0.000000000000e+00       3.221085988197e-17       3.297593955244e-18       1.299534203832e-19 
 3585       8.620315842522e-13       3.902424016695e-14      -6.262290946395e-14       0.000000000000e+00       3.217258229543e-17       3.294145711833e-18       1.258240474081e-19 
 3586       8.611624938994e-13       3.884462592008e-14      -6.269775823189e-14       0.000000000000e+00       3.213435980120e-17       3.290819538962e-18       1.218125439782e-19 
 3587       8.603012778304e-13       3.866383002579e-14      -6.276517430864e-14       0.000000000000e+00       3.209619243681e-17       3.287610884473e-18       1.179248375597e-19 
 3588       8.594473763020e-13       3.848189786568e-14      -6.282514588349e-14       0.000000000000e+00       3.205808023965e-17       3.284515185701e-18       1.141668685000e-19 
 3589       8.586002282985e-13       3.829887492542e-14      -6.287766114032e-14       0.000000000000e+00       3.202002324691e-17       3.281527869471e-18       1.105445900370e-19 
 3590       8.577592715308e-13       3.811480679482e-14      -6.292270825756e-14       0.000000000000e+00       3.198202149563e-17       3.278644352090e-18       1.070639683074e-19 
 3591       8.569239424355e-13       3.792973916796e-14      -6.296027540821e-14       0.000000000000e+00       3.194407502266e-17       3.275860039337e-18       1.037309823561e-19 
 3592       8.560936761742e-13       3.774371784322e-14      -6.299035075985e-14       0.000000000000e+00       3.190618386467e-17       3.273170326460e-18       1.005516241448e-19 
 3593       8.552679066321e-13       3.755678872335e-14      -6.301292247463e-14       0.000000000000e+00       3.186834805818e-17       3.270570598165e-18       9.753189856094e-20 
 3594       8.544460664177e-13       3.736899781555e-14      -6.302797870925e-14       0.000000000000e+00       3.183056763951e-17       3.268056228609e-18       9.467782342677e-20 
 3595       8.536275868617e-13       3.718039123157e-14      -6.303550761501e-14       0.000000000000e+00       3.179284264482e-17       3.265622581396e-18       9.199542950805e-20 
 3596       8.528118980158e-13       3.699101518774e-14      -6.303549733778e-14       0.000000000000e+00       3.175517311009e-17       3.263265009565e-18       8.949076052301e-20 
 3597       8.519984286523e-13       3.680091600507e-14      -6.302793601800e-14       0.000000000000e+00       3.171755907113e-17       3.260978855584e-18       8.716987315127e-20 
 3598       8.511866062628e-13       3.661014010932e-14      -6.301281179068e-14       0.000000000000e+00       3.168000056357e-17       3.258759451344e-18       8.503883704270e-20 
 3599       8.503758570578e-13       3.641873403107e-14      -6.299011278543e-14       0.000000000000e+00       3.164249762286e-17       3.256602118152e-18       8.310373482635e-20 
 3600       8.495656059651e-13       3.622674440579e-14      -6.295982712641e-14       0.000000000000e+00       3.160505028428e-17       3.254502166721e-18       8.137066211930e-20 
 3601       8.487552766294e-13       3.603421797391e-14      -6.292194293239e-14       0.000000000000e+00       3.156765858293e-17       3.252454897164e-18       7.984572753561e-20 
 3602       8.479442914116e-13       3.584120158092e-14      -6.287644831669e-14       0.000000000000e+00       3.153032255374e-17       3.250455598987e-18       7.853505269518e-20 
 3603       8.471320713873e-13       3.564774217739e-14      -6.282333138723e-14       0.000000000000e+00       3.149304223145e-17       3.248499551082e-18       7.744477223265e-20 
 3604       8.463180363462e-13       3.545388681911e-14      -6.276258024653e-14       0.000000000000e+00       3.145581765065e-17       3.246582021716e-18       7.658103380631e-20 
 3605       8.455016047915e-13       3.525968266710e-14      -6.269418299165e-14       0.000000000000e+00       3.141864884573e-17       3.244698268530e-18       7.594999810695e-20 
 3606       8.446821939385e-13       3.506517698773e-14      -6.261812771427e-14       0.000000000000e+00       3.138153585090e-17       3.242843538525e-18       7.555783886685e-20 
 3607       8.438592197140e-13       3.487041715278e-14      -6.253440250065e-14       0.000000000000e+00       3.134447870022e-17       3.241013068060e-18       7.541074286857e-20 
 3608       8.430321475277e-13       3.467544921172e-14      -6.244301247324e-14       0.000000000000e+00       3.130747738984e-17       3.239205139361e-18       7.551122371135e-20 
 3609       8.422006448129e-13       3.448031360224e-14      -6.234403099110e-14       0.000000000000e+00       3.127053176481e-17       3.237430263630e-18       7.584704674543e-20 
 3610       8.413644291036e-13       3.428504942247e-14      -6.223754865741e-14       0.000000000000e+00       3.123364163182e-17       3.235702035211e-18       7.640225918601e-20 
 3611       8.405232173174e-13       3.408969585721e-14      -6.212365629683e-14       0.000000000000e+00       3.119680679690e-17       3.234034078476e-18       7.716087224574e-20 
 3612       8.396767257557e-13       3.389429217802e-14      -6.200244495575e-14       0.000000000000e+00       3.116002706539e-17       3.232440047848e-18       7.810686110963e-20 
 3613       8.388246701031e-13       3.369887774326e-14      -6.187400590238e-14       0.000000000000e+00       3.112330224196e-17       3.230933627818e-18       7.922416490995e-20 
 3614       8.379667654268e-13       3.350349199815e-14      -6.173843062695e-14       0.000000000000e+00       3.108663213057e-17       3.229528532968e-18       8.049668670119e-20 
 3615       8.371027261762e-13       3.330817447485e-14      -6.159581084183e-14       0.000000000000e+00       3.105001653453e-17       3.228238507994e-18       8.190829343493e-20 
 3616       8.362322661829e-13       3.311296479248e-14      -6.144623848173e-14       0.000000000000e+00       3.101345525645e-17       3.227077327722e-18       8.344281593485e-20 
 3617       8.353550986596e-13       3.291790265723e-14      -6.128980570382e-14       0.000000000000e+00       3.097694809826e-17       3.226058797133e-18       8.508404887157e-20 
 3618       8.344709362002e-13       3.272302786237e-14      -6.112660488792e-14       0.000000000000e+00       3.094049486121e-17       3.225196751381e-18       8.681575073762e-20 
 3619       8.335794907792e-13       3.252838028836e-14      -6.095672863663e-14       0.000000000000e+00       3.090409534586e-17       3.224505055816e-18       8.862164382235e-20 
 3620       8.326804737511e-13       3.233399990285e-14      -6.078026977551e-14       0.000000000000e+00       3.086774935209e-17       3.223997606001e-18       9.048541418686e-20 
 3621       8.317735958504e-13       3.213992676082e-14      -6.059732135323e-14       0.000000000000e+00       3.083145667910e-17       3.223688327738e-18       9.239071163892e-20 
 3622       8.308585671908e-13       3.194620100454e-14      -6.040797664172e-14       0.000000000000e+00       3.079521712538e-17       3.223591177085e-18       9.432114970790e-20 
 3623       8.299350972648e-13       3.175286286374e-14      -6.021232913633e-14       0.000000000000e+00       3.075903048876e-17       3.223720140378e-18       9.626030561970e-20 
 3624       8.290028949435e-13       3.155995265556e-14      -6.001047255603e-14       0.000000000000e+00       3.072289656637e-17       3.224089234252e-18       9.819172027164e-20 
 3625       8.280616684760e-13       3.136751078471e-14      -5.980250084348e-14       0.000000000000e+00       3.068681515466e-17       3.224712505659e-18       1.000988982074e-19 
 3626       8.271111254892e-13       3.117557774347e-14      -5.958850816528e-14       0.000000000000e+00       3.065078604938e-17       3.225604031895e-18       1.019653075921e-19 
 3627       8.261509729868e-13       3.098419411174e-14      -5.936858891208e-14       0.000000000000e+00       3.061480904561e-17       3.226777920614e-18       1.037743801867e-19 
 3628       8.251809173497e-13       3.079340055715e-14      -5.914283769872e-14       0.000000000000e+00       3.057888393772e-17       3.228248309853e-18       1.055095113239e-19 
 3629       8.242006643349e-13       3.060323783510e-14      -5.891134936446e-14       0.000000000000e+00       3.054301051941e-17       3.230029368051e-18       1.071540598818e-19 
 3630       8.232099190755e-13       3.041374678878e-14      -5.867421897305e-14       0.000000000000e+00       3.050718858367e-17       3.232135294070e-18       1.086913482600e-19 
 3631       8.222083860798e-13       3.022496834930e-14      -5.843154181295e-14       0.000000000000e+00       3.047141792280e-17       3.234580317216e-18       1.101046623538e-19 
 3632       8.211957692315e-13       3.003694353570e-14      -5.818341339749e-14       0.000000000000e+00       3.043569832844e-17       3.237378697262e-18       1.113772515294e-19 
 3633       8.201717717889e-13       2.984971345501e-14      -5.792992946496e-14       0.000000000000e+00       3.040002959150e-17       3.240544724462e-18       1.124923285986e-19 
 3634       8.191360963843e-13       2.966331930235e-14      -5.767118597885e-14       0.000000000000e+00       3.036441150222e-17       3.244092719581e-18       1.134330697942e-19 
 3635       8.180884450241e-13       2.947780236095e-14      -5.740727912796e-14       0.000000000000e+00       3.032884385014e-17       3.248037033907e-18       1.141826147443e-19 
 3636       8.170285190879e-13       2.929320400221e-14      -5.713830532658e-14       0.000000000000e+00       3.029332642410e-17       3.252392049279e-18       1.147240664478e-19 
 3637       8.159560193283e-13       2.910956568581e-14      -5.686436121463e-14       0.000000000000e+00       3.025785901226e-17       3.257172178103e-18       1.150404912488e-19 
 3638       8.148706458704e-13       2.892692895969e-14      -5.658554365784e-14       0.000000000000e+00       3.022244140208e-17       3.262391863374e-18       1.151149188120e-19 
 3639       8.137720982114e-13       2.874533546019e-14      -5.630194974788e-14       0.000000000000e+00       3.018707338031e-17       3.268065578698e-18       1.149303420974e-19 
 3640       8.126600752204e-13       2.856482691206e-14      -5.601367680255e-14       0.000000000000e+00       3.015175473302e-17       3.274207828312e-18       1.144697173350e-19 
 3641       8.115342751374e-13       2.838544512852e-14      -5.572082236590e-14       0.000000000000e+00       3.011648524560e-17       3.280833147104e-18       1.137159640003e-19 
 3642       8.103943955734e-13       2.820723201136e-14      -5.542348420844e-14       0.000000000000e+00       3.008126470270e-17       3.287956100635e-18       1.126519647885e-19 
 3643       8.092401335100e-13       2.803022955095e-14      -5.512176032725e-14       0.000000000000e+00       3.004609288831e-17       3.295591285158e-18       1.112605655903e-19 
 3644       8.080711852985e-13       2.785447982635e-14      -5.481574894615e-14       0.000000000000e+00       3.001096958570e-17       3.303753327641e-18       1.095245754658e-19 
 3645       8.068872466598e-13       2.768002500531e-14      -5.450554851588e-14       0.000000000000e+00       2.997589457746e-17       3.312456885787e-18       1.074267666203e-19 
 3646       8.056880126841e-13       2.750690734440e-14      -5.419125771424e-14       0.000000000000e+00       2.994086764547e-17       3.321716648054e-18       1.049498743788e-19 
 3647       8.044732368031e-13       2.733516476900e-14      -5.387297948600e-14       0.000000000000e+00       2.990588860918e-17       3.331538713654e-18       1.020827978962e-19 
 3648       8.032429079680e-13       2.716481759406e-14      -5.355083318013e-14       0.000000000000e+00       2.987095744061e-17       3.341894694695e-18       9.883922954161e-20 
 3649       8.019970741824e-13       2.699588175015e-14      -5.322494246161e-14       0.000000000000e+00       2.983607414982e-17       3.352747510048e-18       9.523910029926e-20 
 3650       8.007357835942e-13       2.682837319863e-14      -5.289543127638e-14       0.000000000000e+00       2.980123874666e-17       3.364059995862e-18       9.130238586205e-20 
 3651       7.994590844960e-13       2.666230793167e-14      -5.256242385146e-14       0.000000000000e+00       2.976645124079e-17       3.375794905504e-18       8.704910666254e-20 
 3652       7.981670253248e-13       2.649770197229e-14      -5.222604469519e-14       0.000000000000e+00       2.973171164167e-17       3.387914909506e-18       8.249932790377e-20 
 3653       7.968596546623e-13       2.633457137434e-14      -5.188641859741e-14       0.000000000000e+00       2.969701995857e-17       3.400382595507e-18       7.767315959011e-20 
 3654       7.955370212350e-13       2.617293222256e-14      -5.154367062964e-14       0.000000000000e+00       2.966237620055e-17       3.413160468194e-18       7.259075655809e-20 
 3655       7.941991739143e-13       2.601280063258e-14      -5.119792614529e-14       0.000000000000e+00       2.962778037649e-17       3.426210949246e-18       6.727231850731e-20 
 3656       7.928461617166e-13       2.585419275095e-14      -5.084931077988e-14       0.000000000000e+00       2.959323249505e-17       3.439496377279e-18       6.173809003125e-20 
 3657       7.914780338035e-13       2.569712475516e-14      -5.049795045118e-14       0.000000000000e+00       2.955873256470e-17       3.452979007786e-18       5.600836064811e-20 
 3658       7.900948394815e-13       2.554161285363e-14      -5.014397135943e-14       0.000000000000e+00       2.952428059372e-17       3.466621013082e-18       5.010346483170e-20 
 3659       7.886966282029e-13       2.538767328577e-14      -4.978749998757e-14       0.000000000000e+00       2.948987659019e-17       3.480384482246e-18       4.404378204229e-20 
 3660       7.872834495649e-13       2.523532232200e-14      -4.942866310135e-14       0.000000000000e+00       2.945552056198e-17       3.494231421066e-18       3.784973675744e-20 
 3661       7.858553533108e-13       2.508457626373e-14      -4.906758774963e-14       0.000000000000e+00       2.942121251677e-17       3.508123751977e-18       3.154179850284e-20 
 3662       7.844123893290e-13       2.493545144342e-14      -4.870440126447e-14       0.000000000000e+00       2.938695246204e-17       3.522023314012e-18       2.514048188323e-20 
 3663       7.829546076541e-13       2.478796422457e-14      -4.833923126142e-14       0.000000000000e+00       2.935274040507e-17       3.535891862736e-18       1.866634661318e-20 
 3664       7.814820584663e-13       2.464213100178e-14      -4.797220563964e-14       0.000000000000e+00       2.931857635293e-17       3.549691070196e-18       1.213999754798e-20 
 3665       7.799947920917e-13       2.449796820073e-14      -4.760345258214e-14       0.000000000000e+00       2.928446031251e-17       3.563382524862e-18       5.582084714479e-21 
 3666       7.784928590028e-13       2.435549227820e-14      -4.723310055594e-14       0.000000000000e+00       2.925039229048e-17       3.576927731568e-18      -9.866966580422e-22 
 3667       7.769763098180e-13       2.421471972215e-14      -4.686127831230e-14       0.000000000000e+00       2.921637229333e-17       3.590288111458e-18      -7.545606107041e-21 
 3668       7.754451953022e-13       2.407566705164e-14      -4.648811488690e-14       0.000000000000e+00       2.918240032733e-17       3.603425001925e-18      -1.407385790585e-20 
 3669       7.738995663663e-13       2.393835081696e-14      -4.611373960001e-14       0.000000000000e+00       2.914847639856e-17       3.616299656559e-18      -2.055062103282e-20 
 3670       7.723394740683e-13       2.380278759955e-14      -4.573828205674e-14       0.000000000000e+00       2.911460051290e-17       3.628873245088e-18      -2.695501914049e-20 
 3671       7.707649696122e-13       2.366899401210e-14      -4.536187214718e-14       0.000000000000e+00       2.908077267603e-17       3.641106853318e-18      -3.326613052468e-20 
 3672       7.691761043492e-13       2.353698669851e-14      -4.498464004661e-14       0.000000000000e+00       2.904699289341e-17       3.652961483081e-18      -3.946298809371e-20 
 3673       7.675729297771e-13       2.340678233397e-14      -4.460671621571e-14       0.000000000000e+00       2.901326117033e-17       3.664398052175e-18      -4.552457933750e-20 
 3674       7.659554975407e-13       2.327839762490e-14      -4.422823140077e-14       0.000000000000e+00       2.897957751186e-17       3.675377394306e-18      -5.142984629671e-20 
 3675       7.643238594317e-13       2.315184930906e-14      -4.384931663380e-14       0.000000000000e+00       2.894594192287e-17       3.685860259036e-18      -5.715768553194e-20 
 3676       7.626780673892e-13       2.302715415551e-14      -4.347010323285e-14       0.000000000000e+00       2.891235440801e-17       3.695807311719e-18      -6.268694809281e-20 
 3677       7.610181734993e-13       2.290432896463e-14      -4.309072280209e-14       0.000000000000e+00       2.887881497177e-17       3.705179133450e-18      -6.799643948716e-20 
 3678       7.593442299957e-13       2.278339056818e-14      -4.271130723209e-14       0.000000000000e+00       2.884532361841e-17       3.713936221006e-18      -7.306491965017e-20 
 3679       7.576562892594e-13       2.266435582929e-14      -4.233198869994e-14       0.000000000000e+00       2.881188035198e-17       3.722038986788e-18      -7.787110291350e-20 
 3680       7.559544038189e-13       2.254724164249e-14      -4.195289966951e-14       0.000000000000e+00       2.877848517635e-17       3.729447758764e-18      -8.239365797449e-20 
 3681       7.542386263507e-13       2.243206493372e-14      -4.157417289162e-14       0.000000000000e+00       2.874513809516e-17       3.736122780413e-18      -8.661120786521e-20 
 3682       7.525090096789e-13       2.231884266036e-14      -4.119594140422e-14       0.000000000000e+00       2.871183911188e-17       3.742024210669e-18      -9.050232992172e-20 
 3683       7.507656067753e-13       2.220759181124e-14      -4.081833853258e-14       0.000000000000e+00       2.867858822975e-17       3.747112123863e-18      -9.404555575313e-20 
 3684       7.490084707602e-13       2.209832940669e-14      -4.044149788954e-14       0.000000000000e+00       2.864538545182e-17       3.751346509663e-18      -9.721937121078e-20 
 3685       7.472376549016e-13       2.199107249852e-14      -4.006555337564e-14       0.000000000000e+00       2.861223078093e-17       3.754687273024e-18      -1.000022163574e-19 
 3686       7.454532481983e-13       2.188583360952e-14      -3.969063103044e-14       0.000000000000e+00       2.857912420072e-17       3.757109655226e-18      -1.023791088346e-19 
 3687       7.436554822821e-13       2.178260703214e-14      -3.931682455066e-14       0.000000000000e+00       2.854606561858e-17       3.758650564078e-18      -1.043615427777e-19 
 3688       7.418446249403e-13       2.168138247537e-14      -3.894421967514e-14       0.000000000000e+00       2.851305492248e-17       3.759362427745e-18      -1.059676689294e-19 
 3689       7.400209445728e-13       2.158214962036e-14      -3.857290232498e-14       0.000000000000e+00       2.848009199994e-17       3.759297790456e-18      -1.072156784538e-19 
 3690       7.381847101921e-13       2.148489812035e-14      -3.820295860370e-14       0.000000000000e+00       2.844717673801e-17       3.758509312583e-18      -1.081238029640e-19 
 3691       7.363361914242e-13       2.138961760069e-14      -3.783447479736e-14       0.000000000000e+00       2.841430902331e-17       3.757049770718e-18      -1.087103145495e-19 
 3692       7.344756585082e-13       2.129629765880e-14      -3.746753737466e-14       0.000000000000e+00       2.838148874198e-17       3.754972057755e-18      -1.089935258045e-19 
 3693       7.326033822977e-13       2.120492786414e-14      -3.710223298709e-14       0.000000000000e+00       2.834871577974e-17       3.752329182967e-18      -1.089917898547e-19 
 3694       7.307196342606e-13       2.111549775822e-14      -3.673864846902e-14       0.000000000000e+00       2.831599002183e-17       3.749174272085e-18      -1.087235003856e-19 
 3695       7.288246864796e-13       2.102799685455e-14      -3.637687083786e-14       0.000000000000e+00       2.828331135304e-17       3.745560567379e-18      -1.082070916695e-19 
 3696       7.269188116528e-13       2.094241463864e-14      -3.601698729416e-14       0.000000000000e+00       2.825067965771e-17       3.741541427736e-18      -1.074610385939e-19 
 3697       7.250022830940e-13       2.085874056797e-14      -3.565908522172e-14       0.000000000000e+00       2.821809481973e-17       3.737170328740e-18      -1.065038566884e-19 
 3698       7.230753747330e-13       2.077696407196e-14      -3.530325218776e-14       0.000000000000e+00       2.818555672252e-17       3.732500862749e-18      -1.053541021528e-19 
 3699       7.211383611165e-13       2.069707455199e-14      -3.494957594299e-14       0.000000000000e+00       2.815306524906e-17       3.727586738977e-18      -1.040303718845e-19 
 3700       7.191915174078e-13       2.061906138131e-14      -3.459814442177e-14       0.000000000000e+00       2.812062028187e-17       3.722481783573e-18      -1.025513035062e-19 
 3701       7.172351193880e-13       2.054291390511e-14      -3.424904574219e-14       0.000000000000e+00       2.808822170300e-17       3.717239939697e-18      -1.009355753936e-19 
 3702       7.152694434556e-13       2.046862144041e-14      -3.390236820625e-14       0.000000000000e+00       2.805586939406e-17       3.711915267603e-18      -9.920190670294e-20 
 3703       7.132947666277e-13       2.039617327610e-14      -3.355820029994e-14       0.000000000000e+00       2.802356323620e-17       3.706561944714e-18      -9.736905739858e-20 
 3704       7.113113665399e-13       2.032555867291e-14      -3.321663069337e-14       0.000000000000e+00       2.799130311010e-17       3.701234265707e-18      -9.545582828078e-20 
 3705       7.093195214470e-13       2.025676686335e-14      -3.287774824092e-14       0.000000000000e+00       2.795908889599e-17       3.695986642588e-18      -9.348106101325e-20 
 3706       7.073195102233e-13       2.018978705175e-14      -3.254164198130e-14       0.000000000000e+00       2.792692047365e-17       3.690873604769e-18      -9.146363815077e-20 
 3707       7.053116123628e-13       2.012460841420e-14      -3.220840113775e-14       0.000000000000e+00       2.789479772240e-17       3.685949799155e-18      -8.942248316684e-20 
 3708       7.032961079803e-13       2.006122009854e-14      -3.187811511812e-14       0.000000000000e+00       2.786272052108e-17       3.681269990215e-18      -8.737656048131e-20 
 3709       7.012732778110e-13       1.999961122433e-14      -3.155087351498e-14       0.000000000000e+00       2.783068874809e-17       3.676889060066e-18      -8.534487548802e-20 
 3710       6.992434032114e-13       1.993977088286e-14      -3.122676610578e-14       0.000000000000e+00       2.779870228137e-17       3.672862008550e-18      -8.334647458240e-20 
 3711       6.972067661598e-13       1.988168813710e-14      -3.090588285294e-14       0.000000000000e+00       2.776676099839e-17       3.669243953315e-18      -8.140044518913e-20 
 3712       6.951636492564e-13       1.982535202169e-14      -3.058831390399e-14       0.000000000000e+00       2.773486477617e-17       3.666090129892e-18      -7.952591578975e-20 
 3713       6.931143357238e-13       1.977075154292e-14      -3.027414959169e-14       0.000000000000e+00       2.770301349126e-17       3.663455891776e-18      -7.774205595032e-20 
 3714       6.910591094076e-13       1.971787567870e-14      -2.996348043416e-14       0.000000000000e+00       2.767120701976e-17       3.661396710505e-18      -7.606807634901e-20 
 3715       6.889982547767e-13       1.966671337855e-14      -2.965639713498e-14       0.000000000000e+00       2.763944523730e-17       3.659968175738e-18      -7.452322880377e-20 
 3716       6.869320569238e-13       1.961725356361e-14      -2.935299058334e-14       0.000000000000e+00       2.760772801905e-17       3.659225995334e-18      -7.312680629994e-20 
 3717       6.848608015655e-13       1.956948512655e-14      -2.905335185412e-14       0.000000000000e+00       2.757605523971e-17       3.659225995435e-18      -7.189814301786e-20 
 3718       6.827847750433e-13       1.952339693160e-14      -2.875757220809e-14       0.000000000000e+00       2.754442677352e-17       3.660024120539e-18      -7.085661436056e-20 
 3719       6.807042643234e-13       1.947897781453e-14      -2.846574309194e-14       0.000000000000e+00       2.751284249428e-17       3.661676433584e-18      -7.002163698132e-20 
 3720       6.786195569978e-13       1.943621658260e-14      -2.817795613847e-14       0.000000000000e+00       2.748130227530e-17       3.664239116026e-18      -6.941266881136e-20 
 3721       6.765309412838e-13       1.939510201459e-14      -2.789430316668e-14       0.000000000000e+00       2.744980598943e-17       3.667768467916e-18      -6.904920908744e-20 
 3722       6.744387060255e-13       1.935562286070e-14      -2.761487618192e-14       0.000000000000e+00       2.741835350907e-17       3.672320907983e-18      -6.895079837950e-20 
 3723       6.723431406934e-13       1.931776784261e-14      -2.733976737596e-14       0.000000000000e+00       2.738694470614e-17       3.677952973710e-18      -6.913701861826e-20 
 3724       6.702445353851e-13       1.928152565344e-14      -2.706906912719e-14       0.000000000000e+00       2.735557945210e-17       3.684721321416e-18      -6.962749312291e-20 
 3725       6.681431803995e-13       1.924688258755e-14      -2.680286042821e-14       0.000000000000e+00       2.732425762798e-17       3.692662965929e-18      -7.043591004594e-20 
 3726       6.660393649562e-13       1.921381542004e-14      -2.654116611036e-14       0.000000000000e+00       2.729297915454e-17       3.701735914595e-18      -7.155206698128e-20 
 3727       6.639333784719e-13       1.918229849924e-14      -2.628399745908e-14       0.000000000000e+00       2.726174396224e-17       3.711878299938e-18      -7.295975579231e-20 
 3728       6.618255109863e-13       1.915230611424e-14      -2.603136577184e-14       0.000000000000e+00       2.723055198119e-17       3.723028118768e-18      -7.464273275534e-20 
 3729       6.597160531632e-13       1.912381249490e-14      -2.578328235812e-14       0.000000000000e+00       2.719940314116e-17       3.735123232080e-18      -7.658471853556e-20 
 3730       6.576052962902e-13       1.909679181173e-14      -2.553975853942e-14       0.000000000000e+00       2.716829737160e-17       3.748101364970e-18      -7.876939816303e-20 
 3731       6.554935322797e-13       1.907121817593e-14      -2.530080564925e-14       0.000000000000e+00       2.713723460159e-17       3.761900106540e-18      -8.118042100861e-20 
 3732       6.533810536689e-13       1.904706563931e-14      -2.506643503317e-14       0.000000000000e+00       2.710621475991e-17       3.776456909804e-18      -8.380140075991e-20 
 3733       6.512681536204e-13       1.902430819424e-14      -2.483665804878e-14       0.000000000000e+00       2.707523777498e-17       3.791709091603e-18      -8.661591539727e-20 
 3734       6.491551259227e-13       1.900291977363e-14      -2.461148606570e-14       0.000000000000e+00       2.704430357489e-17       3.807593832505e-18      -8.960750716970e-20 
 3735       6.470422649905e-13       1.898287425090e-14      -2.439093046563e-14       0.000000000000e+00       2.701341208738e-17       3.824048176720e-18      -9.275968257087e-20 
 3736       6.449298658650e-13       1.896414543989e-14      -2.417500264228e-14       0.000000000000e+00       2.698256323986e-17       3.841009032006e-18      -9.605591231502e-20 
 3737       6.428182242146e-13       1.894670709486e-14      -2.396371400146e-14       0.000000000000e+00       2.695175695940e-17       3.858413169577e-18      -9.947963131294e-20 
 3738       6.407076363351e-13       1.893053291047e-14      -2.375707596101e-14       0.000000000000e+00       2.692099317273e-17       3.876197224009e-18      -1.030142386479e-19 
 3739       6.385983991502e-13       1.891559652167e-14      -2.355509995087e-14       0.000000000000e+00       2.689027180624e-17       3.894297693156e-18      -1.066430975518e-19 
 3740       6.364908102120e-13       1.890187150373e-14      -2.335779741301e-14       0.000000000000e+00       2.685959278598e-17       3.912650938049e-18      -1.103495353807e-19 
 3741       6.343851677011e-13       1.888933137214e-14      -2.316517980152e-14       0.000000000000e+00       2.682895603766e-17       3.931193182809e-18      -1.141168435912e-19 
 3742       6.322817704276e-13       1.887794958262e-14      -2.297725858256e-14       0.000000000000e+00       2.679836148665e-17       3.949860514558e-18      -1.179282777163e-19 
 3743       6.301809178307e-13       1.886769953104e-14      -2.279404523437e-14       0.000000000000e+00       2.676780905796e-17       3.968588883321e-18      -1.217670573410e-19 
 3744       6.280829099801e-13       1.885855455343e-14      -2.261555124730e-14       0.000000000000e+00       2.673729867630e-17       3.987314101939e-18      -1.256163660790e-19 
 3745       6.259880475754e-13       1.885048792586e-14      -2.244178812378e-14       0.000000000000e+00       2.670683026600e-17       4.005971845975e-18      -1.294593515478e-19 
 3746       6.238966319475e-13       1.884347286448e-14      -2.227276737837e-14       0.000000000000e+00       2.667640375107e-17       4.024497653624e-18      -1.332791253454e-19 
 3747       6.218089650580e-13       1.883748252544e-14      -2.210850053771e-14       0.000000000000e+00       2.664601905516e-17       4.042826925621e-18      -1.370587630256e-19 
 3748       6.197253495006e-13       1.883249000482e-14      -2.194899914059e-14       0.000000000000e+00       2.661567610159e-17       4.060894925149e-18      -1.407813040745e-19 
 3749       6.176460885009e-13       1.882846833867e-14      -2.179427473789e-14       0.000000000000e+00       2.658537481335e-17       4.078636777746e-18      -1.444297518861e-19 
 3750       6.155714859170e-13       1.882539050291e-14      -2.164433889264e-14       0.000000000000e+00       2.655511511306e-17       4.095987471215e-18      -1.479870737387e-19 
 3751       6.135018462399e-13       1.882322941327e-14      -2.149920317998e-14       0.000000000000e+00       2.652489692300e-17       4.112881855532e-18      -1.514362007701e-19 
 3752       6.114374745938e-13       1.882195792532e-14      -2.135887918720e-14       0.000000000000e+00       2.649472016514e-17       4.129254642755e-18      -1.547600279544e-19 
 3753       6.093786767369e-13       1.882154883438e-14      -2.122337851374e-14       0.000000000000e+00       2.646458476106e-17       4.145040406932e-18      -1.579414140774e-19 
 3754       6.073257590614e-13       1.882197487549e-14      -2.109271277117e-14       0.000000000000e+00       2.643449063203e-17       4.160173584006e-18      -1.609631817127e-19 
 3755       6.052790285941e-13       1.882320872335e-14      -2.096689358322e-14       0.000000000000e+00       2.640443769896e-17       4.174588471730e-18      -1.638081171977e-19 
 3756       6.032387929968e-13       1.882522299232e-14      -2.084593258577e-14       0.000000000000e+00       2.637442588241e-17       4.188219229569e-18      -1.664589706096e-19 
 3757       6.012053605667e-13       1.882799023636e-14      -2.072984142687e-14       0.000000000000e+00       2.634445510262e-17       4.200999878612e-18      -1.688984557413e-19 
 3758       5.991790402368e-13       1.883148294898e-14      -2.061863176675e-14       0.000000000000e+00       2.631452527946e-17       4.212864301480e-18      -1.711092500774e-19 
 3759       5.971601415765e-13       1.883567356320e-14      -2.051231527779e-14       0.000000000000e+00       2.628463633247e-17       4.223746242231e-18      -1.730739947698e-19 
 3760       5.951489747917e-13       1.884053445153e-14      -2.041090364457e-14       0.000000000000e+00       2.625478818083e-17       4.233579306275e-18      -1.747752946144e-19 
 3761       5.931458507254e-13       1.884603792590e-14      -2.031440856383e-14       0.000000000000e+00       2.622498074338e-17       4.242296960274e-18      -1.761957180265e-19 
 3762       5.911510808582e-13       1.885215623766e-14      -2.022284174453e-14       0.000000000000e+00       2.619521393862e-17       4.249832532058e-18      -1.773177970166e-19 
 3763       5.891649773086e-13       1.885886157748e-14      -2.013621490779e-14       0.000000000000e+00       2.616548768470e-17       4.256119210527e-18      -1.781240271670e-19 
 3764       5.871878248152e-13       1.886612658545e-14      -2.005452907879e-14       0.000000000000e+00       2.613580191200e-17       4.261111358792e-18      -1.786019596275e-19 
 3765       5.852197965644e-13       1.887392588339e-14      -1.997774241664e-14       0.000000000000e+00       2.610615660088e-17       4.264848544352e-18      -1.787594987971e-19 
 3766       5.832610380359e-13       1.888223454841e-14      -1.990580225931e-14       0.000000000000e+00       2.607655174411e-17       4.267391757959e-18      -1.786096641379e-19 
 3767       5.813116949912e-13       1.889102760331e-14      -1.983865582028e-14       0.000000000000e+00       2.604698733424e-17       4.268802123118e-18      -1.781655035831e-19 
 3768       5.793719134742e-13       1.890028001657e-14      -1.977625018847e-14       0.000000000000e+00       2.601746336365e-17       4.269140896177e-18      -1.774400935559e-19 
 3769       5.774418398110e-13       1.890996670228e-14      -1.971853232819e-14       0.000000000000e+00       2.598797982453e-17       4.268469466412e-18      -1.764465389889e-19 
 3770       5.755216206104e-13       1.892006252014e-14      -1.966544907900e-14       0.000000000000e+00       2.595853670888e-17       4.266849356124e-18      -1.751979733429e-19 
 3771       5.736114027635e-13       1.893054227540e-14      -1.961694715568e-14       0.000000000000e+00       2.592913400850e-17       4.264342220718e-18      -1.737075586262e-19 
 3772       5.717113334445e-13       1.894138071882e-14      -1.957297314808e-14       0.000000000000e+00       2.589977171504e-17       4.261009848799e-18      -1.719884854134e-19 
 3773       5.698215601109e-13       1.895255254668e-14      -1.953347352111e-14       0.000000000000e+00       2.587044981991e-17       4.256914162260e-18      -1.700539728646e-19 
 3774       5.679422305029e-13       1.896403240067e-14      -1.949839461460e-14       0.000000000000e+00       2.584116831438e-17       4.252117216366e-18      -1.679172687447e-19 
 3775       5.660734926444e-13       1.897579486790e-14      -1.946768264321e-14       0.000000000000e+00       2.581192718949e-17       4.246681199847e-18      -1.655916494420e-19 
 3776       5.642154948431e-13       1.898781448087e-14      -1.944128369640e-14       0.000000000000e+00       2.578272643612e-17       4.240668434986e-18      -1.630904199879e-19 
 3777       5.623683856899e-13       1.900006571740e-14      -1.941914373830e-14       0.000000000000e+00       2.575356604496e-17       4.234141377710e-18      -1.604269140752e-19 
 3778       5.605323140603e-13       1.901252300063e-14      -1.940120860761e-14       0.000000000000e+00       2.572444600649e-17       4.227162617672e-18      -1.576144940779e-19 
 3779       5.587074291134e-13       1.902516069896e-14      -1.938742401757e-14       0.000000000000e+00       2.569536631102e-17       4.219794878348e-18      -1.546665510700e-19 
 3780       5.568938802929e-13       1.903795312601e-14      -1.937773555583e-14       0.000000000000e+00       2.566632694866e-17       4.212101017121e-18      -1.515965048442e-19 
 3781       5.550918173270e-13       1.905087454061e-14      -1.937208868437e-14       0.000000000000e+00       2.563732790933e-17       4.204144025369e-18      -1.484178039318e-19 
 3782       5.533013902284e-13       1.906389914674e-14      -1.937042873944e-14       0.000000000000e+00       2.560836918278e-17       4.195987028559e-18      -1.451439256210e-19 
 3783       5.515227492948e-13       1.907700109350e-14      -1.937270093145e-14       0.000000000000e+00       2.557945075855e-17       4.187693286330e-18      -1.417883759763e-19 
 3784       5.497560451089e-13       1.909015447506e-14      -1.937885034489e-14       0.000000000000e+00       2.555057262599e-17       4.179326192585e-18      -1.383646898576e-19 
 3785       5.480014285385e-13       1.910333333067e-14      -1.938882193824e-14       0.000000000000e+00       2.552173477427e-17       4.170949275580e-18      -1.348864309393e-19 
 3786       5.462590507371e-13       1.911651164457e-14      -1.940256054391e-14       0.000000000000e+00       2.549293719236e-17       4.162626198011e-18      -1.313671917291e-19 
 3787       5.445290631433e-13       1.912966334598e-14      -1.942001086811e-14       0.000000000000e+00       2.546417986904e-17       4.154420757104e-18      -1.278205935875e-19 
 3788       5.428116174820e-13       1.914276230906e-14      -1.944111749082e-14       0.000000000000e+00       2.543546279291e-17       4.146396884703e-18      -1.242602867464e-19 
 3789       5.411068657637e-13       1.915578235287e-14      -1.946582486564e-14       0.000000000000e+00       2.540678595238e-17       4.138618647360e-18      -1.206999503288e-19 
 3790       5.394149602849e-13       1.916869724135e-14      -1.949407731977e-14       0.000000000000e+00       2.537814933564e-17       4.131150246424e-18      -1.171532923671e-19 
 3791       5.377360536289e-13       1.918148068325e-14      -1.952581905389e-14       0.000000000000e+00       2.534955293072e-17       4.124056018127e-18      -1.136340498228e-19 
 3792       5.360702986650e-13       1.919410633212e-14      -1.956099414206e-14       0.000000000000e+00       2.532099672546e-17       4.117400433677e-18      -1.101559886054e-19 
 3793       5.344178485493e-13       1.920654778628e-14      -1.959954653166e-14       0.000000000000e+00       2.529248070748e-17       4.111248099342e-18      -1.067329035912e-19 
 3794       5.327788567249e-13       1.921877858875e-14      -1.964142004331e-14       0.000000000000e+00       2.526400486423e-17       4.105663756545e-18      -1.033786186428e-19 
 3795       5.311534769217e-13       1.923077222727e-14      -1.968655837076e-14       0.000000000000e+00       2.523556918297e-17       4.100712281945e-18      -1.001069866280e-19 
 3796       5.295418631569e-13       1.924250213418e-14      -1.973490508083e-14       0.000000000000e+00       2.520717365075e-17       4.096458687534e-18      -9.693188943859e-20 
 3797       5.279441697351e-13       1.925394168648e-14      -1.978640361329e-14       0.000000000000e+00       2.517881825444e-17       4.092968120719e-18      -9.386723801002e-20 
 3798       5.263605512486e-13       1.926506420571e-14      -1.984099728082e-14       0.000000000000e+00       2.515050298073e-17       4.090305864415e-18      -9.092697233995e-20 
 3799       5.247911625771e-13       1.927584295796e-14      -1.989862926889e-14       0.000000000000e+00       2.512222781608e-17       4.088537337132e-18      -8.812506150756e-20 
 3800       5.232361588884e-13       1.928625115384e-14      -1.995924263567e-14       0.000000000000e+00       2.509399274680e-17       4.087728093065e-18      -8.547550369260e-20 
 3801       5.216956956386e-13       1.929626194841e-14      -2.002278031199e-14       0.000000000000e+00       2.506579775898e-17       4.087943822181e-18      -8.299232619444e-20 
 3802       5.201699285719e-13       1.930584844116e-14      -2.008918510120e-14       0.000000000000e+00       2.503764283853e-17       4.089250350310e-18      -8.068958545116e-20 
 3803       5.186589792779e-13       1.931498617022e-14      -2.015839649519e-14       0.000000000000e+00       2.500952795113e-17       4.091693705532e-18      -7.857820648536e-20 
 3804       5.171628317180e-13       1.932366060549e-14      -2.023034110905e-14       0.000000000000e+00       2.498145298206e-17       4.095240233301e-18      -7.665648790639e-20 
 3805       5.156814353010e-13       1.933185968434e-14      -2.030494220939e-14       0.000000000000e+00       2.495341779617e-17       4.099836250795e-18      -7.491956036724e-20 
 3806       5.142147392895e-13       1.933957131988e-14      -2.038212289477e-14       0.000000000000e+00       2.492542225783e-17       4.105427959585e-18      -7.336254380765e-20 
 3807       5.127626927997e-13       1.934678340104e-14      -2.046180609565e-14       0.000000000000e+00       2.489746623099e-17       4.111961445553e-18      -7.198054744701e-20 
 3808       5.113252448017e-13       1.935348379249e-14      -2.054391457423e-14       0.000000000000e+00       2.486954957915e-17       4.119382678819e-18      -7.076866977717e-20 
 3809       5.099023441191e-13       1.935966033468e-14      -2.062837092435e-14       0.000000000000e+00       2.484167216534e-17       4.127637513663e-18      -6.972199855534e-20 
 3810       5.084939394289e-13       1.936530084375e-14      -2.071509757139e-14       0.000000000000e+00       2.481383385216e-17       4.136671688450e-18      -6.883561079692e-20 
 3811       5.070999792615e-13       1.937039311159e-14      -2.080401677216e-14       0.000000000000e+00       2.478603450177e-17       4.146430825551e-18      -6.810457276836e-20 
 3812       5.057204120006e-13       1.937492490577e-14      -2.089505061474e-14       0.000000000000e+00       2.475827397586e-17       4.156860431270e-18      -6.752393998004e-20 
 3813       5.043551858829e-13       1.937888396957e-14      -2.098812101846e-14       0.000000000000e+00       2.473055213568e-17       4.167905895763e-18      -6.708875717910e-20 
 3814       5.030042489984e-13       1.938225802192e-14      -2.108314973369e-14       0.000000000000e+00       2.470286884204e-17       4.179512492966e-18      -6.679405834234e-20 
 3815       5.016675492898e-13       1.938503475742e-14      -2.118005834181e-14       0.000000000000e+00       2.467522395527e-17       4.191625380516e-18      -6.663486666902e-20 
 3816       5.003450345528e-13       1.938720184629e-14      -2.127876825502e-14       0.000000000000e+00       2.464761733529e-17       4.204189599672e-18      -6.660619457377e-20 
 3817       4.990366524356e-13       1.938874693438e-14      -2.137920071631e-14       0.000000000000e+00       2.462004884155e-17       4.217150075246e-18      -6.670304367942e-20 
 3818       4.977423504393e-13       1.938965764317e-14      -2.148127679928e-14       0.000000000000e+00       2.459251833303e-17       4.230451615518e-18      -6.692040480987e-20 
 3819       4.964620759174e-13       1.938992156970e-14      -2.158491740808e-14       0.000000000000e+00       2.456502566829e-17       4.244038912163e-18      -6.725325798293e-20 
 3820       4.951957760757e-13       1.938952628660e-14      -2.169004327724e-14       0.000000000000e+00       2.453757070543e-17       4.257856540178e-18      -6.769657240323e-20 
 3821       4.939433979726e-13       1.938845934207e-14      -2.179657497162e-14       0.000000000000e+00       2.451015330210e-17       4.271848957800e-18      -6.824530645500e-20 
 3822       4.927048885183e-13       1.938670825984e-14      -2.190443288626e-14       0.000000000000e+00       2.448277331547e-17       4.285960506429e-18      -6.889440769501e-20 
 3823       4.914801944755e-13       1.938426053917e-14      -2.201353724628e-14       0.000000000000e+00       2.445543060229e-17       4.300135410559e-18      -6.963881284535e-20 
 3824       4.902692624586e-13       1.938110365485e-14      -2.212380810678e-14       0.000000000000e+00       2.442812501885e-17       4.314317777694e-18      -7.047344778635e-20 
 3825       4.890720389341e-13       1.937722505715e-14      -2.223516535269e-14       0.000000000000e+00       2.440085642099e-17       4.328451598272e-18      -7.139322754942e-20 
 3826       4.878884702201e-13       1.937261217184e-14      -2.234752869869e-14       0.000000000000e+00       2.437362466407e-17       4.342480745594e-18      -7.239305630988e-20 
 3827       4.867185024865e-13       1.936725240013e-14      -2.246081768911e-14       0.000000000000e+00       2.434642960303e-17       4.356348975741e-18      -7.346782737988e-20 
 3828       4.855620817547e-13       1.936113311872e-14      -2.257495169778e-14       0.000000000000e+00       2.431927109234e-17       4.369999927502e-18      -7.461242320118e-20 
 3829       4.844191538977e-13       1.935424167970e-14      -2.268984992794e-14       0.000000000000e+00       2.429214898601e-17       4.383377122295e-18      -7.582171533808e-20 
 3830       4.832896646396e-13       1.934656541063e-14      -2.280543141214e-14       0.000000000000e+00       2.426506313761e-17       4.396423964092e-18      -7.709056447023e-20 
 3831       4.821735595561e-13       1.933809161442e-14      -2.292161501209e-14       0.000000000000e+00       2.423801340025e-17       4.409083739341e-18      -7.841382038551e-20 
 3832       4.810707840738e-13       1.932880756942e-14      -2.303831941860e-14       0.000000000000e+00       2.421099962656e-17       4.421299616890e-18      -7.978632197290e-20 
 3833       4.799812834704e-13       1.931870052932e-14      -2.315546315141e-14       0.000000000000e+00       2.418402166876e-17       4.433014647911e-18      -8.120289721530e-20 
 3834       4.789050028747e-13       1.930775772318e-14      -2.327296455913e-14       0.000000000000e+00       2.415707937858e-17       4.444171765822e-18      -8.265836318242e-20 
 3835       4.778418872660e-13       1.929596635539e-14      -2.339074181910e-14       0.000000000000e+00       2.413017260729e-17       4.454713786214e-18      -8.414752602363e-20 
 3836       4.767918814747e-13       1.928331360569e-14      -2.350871293730e-14       0.000000000000e+00       2.410330120573e-17       4.464583406769e-18      -8.566518096083e-20 
 3837       4.757549301817e-13       1.926978662910e-14      -2.362679574819e-14       0.000000000000e+00       2.407646502426e-17       4.473723207189e-18      -8.720611228128e-20 
 3838       4.747309779183e-13       1.925537255596e-14      -2.374490791466e-14       0.000000000000e+00       2.404966391279e-17       4.482075649116e-18      -8.876509333048e-20 
 3839       4.737199690663e-13       1.924005849189e-14      -2.386296692788e-14       0.000000000000e+00       2.402289772078e-17       4.489583076055e-18      -9.033688650502e-20 
 3840       4.727218478579e-13       1.922383151774e-14      -2.398089010719e-14       0.000000000000e+00       2.399616629722e-17       4.496187713301e-18      -9.191624324546e-20 
 3841       4.717365583754e-13       1.920667868964e-14      -2.409859460001e-14       0.000000000000e+00       2.396946949064e-17       4.501831667858e-18      -9.349790402916e-20 
 3842       4.707640230046e-13       1.918858984137e-14      -2.421600185272e-14       0.000000000000e+00       2.394280717942e-17       4.506472307460e-18      -9.507672712679e-20 
 3843       4.698040777051e-13       1.916956600325e-14      -2.433305104226e-14       0.000000000000e+00       2.391617936275e-17       4.510128461808e-18      -9.664807542244e-20 
 3844       4.688565364928e-13       1.914961101535e-14      -2.444968569551e-14       0.000000000000e+00       2.388958607002e-17       4.512834397364e-18      -9.820743105436e-20 
 3845       4.679212129639e-13       1.912872872797e-14      -2.456584922290e-14       0.000000000000e+00       2.386302733054e-17       4.514624454306e-18      -9.975026677921e-20 
 3846       4.669979202949e-13       1.910692300161e-14      -2.468148491831e-14       0.000000000000e+00       2.383650317352e-17       4.515533046580e-18      -1.012720459660e-19 
 3847       4.660864712419e-13       1.908419770706e-14      -2.479653595898e-14       0.000000000000e+00       2.381001362810e-17       4.515594661948e-18      -1.027682225899e-19 
 3848       4.651866781407e-13       1.906055672533e-14      -2.491094540549e-14       0.000000000000e+00       2.378355872335e-17       4.514843862034e-18      -1.042342412263e-19 
 3849       4.642983529060e-13       1.903600394769e-14      -2.502465620160e-14       0.000000000000e+00       2.375713848823e-17       4.513315282379e-18      -1.056655370446e-19 
 3850       4.634213070318e-13       1.901054327570e-14      -2.513761117425e-14       0.000000000000e+00       2.373075295166e-17       4.511043632479e-18      -1.070575358020e-19 
 3851       4.625553515906e-13       1.898417862116e-14      -2.524975303345e-14       0.000000000000e+00       2.370440214243e-17       4.508063695845e-18      -1.084056538379e-19 
 3852       4.617002972332e-13       1.895691390617e-14      -2.536102437220e-14       0.000000000000e+00       2.367808608928e-17       4.504410330042e-18      -1.097052980670e-19 
 3853       4.608559541887e-13       1.892875306310e-14      -2.547136766643e-14       0.000000000000e+00       2.365180482086e-17       4.500118466743e-18      -1.109518659740e-19 
 3854       4.600221322640e-13       1.889970003463e-14      -2.558072527493e-14       0.000000000000e+00       2.362555836574e-17       4.495223111776e-18      -1.121407456070e-19 
 3855       4.591986408434e-13       1.886975877374e-14      -2.568903943925e-14       0.000000000000e+00       2.359934675240e-17       4.489759345171e-18      -1.132673155716e-19 
 3856       4.583852888886e-13       1.883893324369e-14      -2.579625228363e-14       0.000000000000e+00       2.357317000925e-17       4.483762321211e-18      -1.143269450248e-19 
 3857       4.575818849383e-13       1.880722741809e-14      -2.590230581495e-14       0.000000000000e+00       2.354702816461e-17       4.477267268477e-18      -1.153149936689e-19 
 3858       4.567882371078e-13       1.877464528086e-14      -2.600714192263e-14       0.000000000000e+00       2.352092124671e-17       4.470309489903e-18      -1.162268117453e-19 
 3859       4.560041530888e-13       1.874119082624e-14      -2.611070237856e-14       0.000000000000e+00       2.349484928372e-17       4.462924362814e-18      -1.170577400284e-19 
 3860       4.552294401495e-13       1.870686805881e-14      -2.621292883703e-14       0.000000000000e+00       2.346881230371e-17       4.455147338986e-18      -1.178031098199e-19 
 3861       4.544639051335e-13       1.867168099349e-14      -2.631376283465e-14       0.000000000000e+00       2.344281033466e-17       4.447013944685e-18      -1.184582429422e-19 
 3862       4.537073544602e-13       1.863563365557e-14      -2.641314579026e-14       0.000000000000e+00       2.341684340449e-17       4.438559780723e-18      -1.190184517324e-19 
 3863       4.529595941244e-13       1.859873008068e-14      -2.651101900489e-14       0.000000000000e+00       2.339091154102e-17       4.429820522498e-18      -1.194790390364e-19 
 3864       4.522204296958e-13       1.856097431482e-14      -2.660732366166e-14       0.000000000000e+00       2.336501477199e-17       4.420831920053e-18      -1.198352982029e-19 
 3865       4.514896663188e-13       1.852237041434e-14      -2.670200082569e-14       0.000000000000e+00       2.333915312507e-17       4.411629798114e-18      -1.200825130768e-19 
 3866       4.507671087124e-13       1.848292244602e-14      -2.679499144406e-14       0.000000000000e+00       2.331332662783e-17       4.402250056146e-18      -1.202159579936e-19 
 3867       4.500525611698e-13       1.844263448697e-14      -2.688623634573e-14       0.000000000000e+00       2.328753530776e-17       4.392728668397e-18      -1.202308977731e-19 
 3868       4.493458275579e-13       1.840151062472e-14      -2.697567624142e-14       0.000000000000e+00       2.326177919227e-17       4.383101683950e-18      -1.201225877133e-19 
 3869       4.486467113174e-13       1.835955495722e-14      -2.706325172358e-14       0.000000000000e+00       2.323605830870e-17       4.373405226767e-18      -1.198862735843e-19 
 3870       4.479550154624e-13       1.831677159278e-14      -2.714890326632e-14       0.000000000000e+00       2.321037268428e-17       4.363675495743e-18      -1.195171916225e-19 
 3871       4.472705425799e-13       1.827316465016e-14      -2.723257122528e-14       0.000000000000e+00       2.318472234617e-17       4.353948764750e-18      -1.190105685238e-19 
 3872       4.465930948298e-13       1.822873825854e-14      -2.731419583762e-14       0.000000000000e+00       2.315910732145e-17       4.344261382686e-18      -1.183616214383e-19 
 3873       4.459224739445e-13       1.818349655751e-14      -2.739371722191e-14       0.000000000000e+00       2.313352763710e-17       4.334649773525e-18      -1.175655579638e-19 
 3874       4.452584812285e-13       1.813744369711e-14      -2.747107537804e-14       0.000000000000e+00       2.310798332005e-17       4.325150436366e-18      -1.166175761397e-19 
 3875       4.446009175584e-13       1.809058383782e-14      -2.754621018719e-14       0.000000000000e+00       2.308247439711e-17       4.315799945480e-18      -1.155128644409e-19 
 3876       4.439495833824e-13       1.804292115057e-14      -2.761906141170e-14       0.000000000000e+00       2.305700089503e-17       4.306634950356e-18      -1.142466017718e-19 
 3877       4.433042787201e-13       1.799445981674e-14      -2.768956869504e-14       0.000000000000e+00       2.303156284045e-17       4.297692175757e-18      -1.128139574604e-19 
 3878       4.426648031622e-13       1.794520402820e-14      -2.775767156172e-14       0.000000000000e+00       2.300616025996e-17       4.289008421759e-18      -1.112100912516e-19 
 3879       4.420309558702e-13       1.789515798726e-14      -2.782330941721e-14       0.000000000000e+00       2.298079318003e-17       4.280620563807e-18      -1.094301533018e-19 
 3880       4.414025355762e-13       1.784432590672e-14      -2.788642154785e-14       0.000000000000e+00       2.295546162708e-17       4.272565552759e-18      -1.074692841724e-19 
 3881       4.407793414456e-13       1.779271364470e-14      -2.794695542726e-14       0.000000000000e+00       2.293016560506e-17       4.264873864640e-18      -1.053250111711e-19 
 3882       4.401611756693e-13       1.774033361582e-14      -2.800489166985e-14       0.000000000000e+00       2.290490502830e-17       4.257549822790e-18      -1.030044472680e-19 
 3883       4.395478408808e-13       1.768719989856e-14      -2.806021917132e-14       0.000000000000e+00       2.287967978845e-17       4.250591201526e-18      -1.005171193438e-19 
 3884       4.389391392936e-13       1.763332660217e-14      -2.811292681082e-14       0.000000000000e+00       2.285448977678e-17       4.243995769686e-18      -9.787257432477e-20 
 3885       4.383348727012e-13       1.757872786664e-14      -2.816300345086e-14       0.000000000000e+00       2.282933488419e-17       4.237761290625e-18      -9.508037919538e-20 
 3886       4.377348424765e-13       1.752341786275e-14      -2.821043793736e-14       0.000000000000e+00       2.280421500125e-17       4.231885522215e-18      -9.215012101146e-20 
 3887       4.371388495719e-13       1.746741079209e-14      -2.825521909964e-14       0.000000000000e+00       2.277913001814e-17       4.226366216836e-18      -8.909140691312e-20 
 3888       4.365466945185e-13       1.741072088707e-14      -2.829733575036e-14       0.000000000000e+00       2.275407982468e-17       4.221201121375e-18      -8.591386413779e-20 
 3889       4.359581774264e-13       1.735336241096e-14      -2.833677668557e-14       0.000000000000e+00       2.272906431035e-17       4.216387977223e-18      -8.262714003316e-20 
 3890       4.353730979841e-13       1.729534965788e-14      -2.837353068466e-14       0.000000000000e+00       2.270408336423e-17       4.211924520270e-18      -7.924090207022e-20 
 3891       4.347912554582e-13       1.723669695284e-14      -2.840758651038e-14       0.000000000000e+00       2.267913687507e-17       4.207808480900e-18      -7.576483785620e-20 
 3892       4.342124486934e-13       1.717741865175e-14      -2.843893290879e-14       0.000000000000e+00       2.265422473124e-17       4.204037583992e-18      -7.220865514762e-20 
 3893       4.336364761119e-13       1.711752914147e-14      -2.846755860931e-14       0.000000000000e+00       2.262934682075e-17       4.200609548909e-18      -6.858208186324e-20 
 3894       4.330631357134e-13       1.705704283977e-14      -2.849345232465e-14       0.000000000000e+00       2.260450303124e-17       4.197522089503e-18      -6.489486609708e-20 
 3895       4.324922250746e-13       1.699597419543e-14      -2.851660275085e-14       0.000000000000e+00       2.257969324999e-17       4.194772914102e-18      -6.115677613138e-20 
 3896       4.319235413489e-13       1.693433768818e-14      -2.853699856723e-14       0.000000000000e+00       2.255491736392e-17       4.192359725515e-18      -5.737760044961e-20 
 3897       4.313568812667e-13       1.687214782876e-14      -2.855462843641e-14       0.000000000000e+00       2.253017525958e-17       4.190280221022e-18      -5.356714774946e-20 
 3898       4.307920411341e-13       1.680941915897e-14      -2.856948100428e-14       0.000000000000e+00       2.250546682315e-17       4.188532092373e-18      -4.973524695584e-20 
 3899       4.302288168338e-13       1.674616625161e-14      -2.858154490002e-14       0.000000000000e+00       2.248079194045e-17       4.187113025783e-18      -4.589174723387e-20 
 3900       4.296670038237e-13       1.668240371059e-14      -2.859080873606e-14       0.000000000000e+00       2.245615049693e-17       4.186020701931e-18      -4.204651800183e-20 
 3901       4.291063971375e-13       1.661814617088e-14      -2.859726110807e-14       0.000000000000e+00       2.243154237769e-17       4.185252795953e-18      -3.820944894423e-20 
 3902       4.285467913840e-13       1.655340829858e-14      -2.860089059499e-14       0.000000000000e+00       2.240696746745e-17       4.184806977441e-18      -3.439045002473e-20 
 3903       4.279879807469e-13       1.648820479088e-14      -2.860168575897e-14       0.000000000000e+00       2.238242565055e-17       4.184680910434e-18      -3.059945149917e-20 
 3904       4.274297589846e-13       1.642255037616e-14      -2.859963514539e-14       0.000000000000e+00       2.235791681098e-17       4.184872253424e-18      -2.684640392855e-20 
 3905       4.268719194298e-13       1.635645981394e-14      -2.859472728286e-14       0.000000000000e+00       2.233344083238e-17       4.185378659342e-18      -2.314127819203e-20 
 3906       4.263142549892e-13       1.628994789495e-14      -2.858695068317e-14       0.000000000000e+00       2.230899759798e-17       4.186197775560e-18      -1.949406549990e-20 
 3907       4.257565581436e-13       1.622302944111e-14      -2.857629384133e-14       0.000000000000e+00       2.228458699067e-17       4.187327243888e-18      -1.591477740660e-20 
 3908       4.251986209471e-13       1.615571930558e-14      -2.856274523552e-14       0.000000000000e+00       2.226020889297e-17       4.188764700565e-18      -1.241344582370e-20 
 3909       4.246402350273e-13       1.608803237276e-14      -2.854629332711e-14       0.000000000000e+00       2.223586318703e-17       4.190507776261e-18      -9.000123032878e-21 
 3910       4.240811915845e-13       1.601998355832e-14      -2.852692656063e-14       0.000000000000e+00       2.221154975463e-17       4.192554096070e-18      -5.684881698931e-21 
 3911       4.235212813919e-13       1.595158780922e-14      -2.850463336377e-14       0.000000000000e+00       2.218726847718e-17       4.194901279508e-18      -2.477814882760e-21 
 3912       4.229602947953e-13       1.588286010374e-14      -2.847940214737e-14       0.000000000000e+00       2.216301923572e-17       4.197546940507e-18       6.109639456399e-22 
 3913       4.223980217125e-13       1.581381545148e-14      -2.845122130541e-14       0.000000000000e+00       2.213880191093e-17       4.200488687414e-18       3.571320894186e-21 
 3914       4.218342516332e-13       1.574446889339e-14      -2.842007921501e-14       0.000000000000e+00       2.211461638310e-17       4.203724122985e-18       6.393101635717e-21 
 3915       4.212687736188e-13       1.567483550178e-14      -2.838596423641e-14       0.000000000000e+00       2.209046253218e-17       4.207250844383e-18       9.066131395003e-21 
 3916       4.207013763020e-13       1.560493038036e-14      -2.834886471294e-14       0.000000000000e+00       2.206634023772e-17       4.211066443173e-18       1.158021493575e-20 
 3917       4.201318478868e-13       1.553476866426e-14      -2.830876897106e-14       0.000000000000e+00       2.204224937891e-17       4.215168505320e-18       1.392513654761e-20 
 3918       4.195599761477e-13       1.546436552001e-14      -2.826566532031e-14       0.000000000000e+00       2.201818983459e-17       4.219554611184e-18       1.609066003320e-20 
 3919       4.189855484300e-13       1.539373614563e-14      -2.821954205332e-14       0.000000000000e+00       2.199416148320e-17       4.224222335514e-18       1.806652869508e-20 
 3920       4.184083695494e-13       1.532289568340e-14      -2.817039446247e-14       0.000000000000e+00       2.197016421923e-17       4.229165084733e-18       1.984523654312e-20 
 3921       4.178283155659e-13       1.525185895802e-14      -2.811824591856e-14       0.000000000000e+00       2.194619800255e-17       4.234359591790e-18       2.143035325361e-20 
 3922       4.172452802103e-13       1.518064073752e-14      -2.806312687088e-14       0.000000000000e+00       2.192226280925e-17       4.239778374560e-18       2.282823029940e-20 
 3923       4.166591570025e-13       1.510925582043e-14      -2.800506783781e-14       0.000000000000e+00       2.189835861524e-17       4.245393894277e-18       2.404523256495e-20 
 3924       4.160698392508e-13       1.503771903573e-14      -2.794409940676e-14       0.000000000000e+00       2.187448539627e-17       4.251178555495e-18       2.508773835497e-20 
 3925       4.154772200524e-13       1.496604524290e-14      -2.788025223433e-14       0.000000000000e+00       2.185064312793e-17       4.257104706059e-18       2.596213940303e-20 
 3926       4.148811922926e-13       1.489424933198e-14      -2.781355704625e-14       0.000000000000e+00       2.182683178561e-17       4.263144637060e-18       2.667484088024e-20 
 3927       4.142816486453e-13       1.482234622349e-14      -2.774404463751e-14       0.000000000000e+00       2.180305134455e-17       4.269270582807e-18       2.723226140390e-20 
 3928       4.136784815723e-13       1.475035086857e-14      -2.767174587235e-14       0.000000000000e+00       2.177930177980e-17       4.275454720784e-18       2.764083304609e-20 
 3929       4.130715833236e-13       1.467827824890e-14      -2.759669168434e-14       0.000000000000e+00       2.175558306628e-17       4.281669171619e-18       2.790700134239e-20 
 3930       4.124608459370e-13       1.460614337676e-14      -2.751891307639e-14       0.000000000000e+00       2.173189517868e-17       4.287885999042e-18       2.803722530045e-20 
 3931       4.118461612382e-13       1.453396129508e-14      -2.743844112083e-14       0.000000000000e+00       2.170823809156e-17       4.294077209856e-18       2.803797740868e-20 
 3932       4.112274208404e-13       1.446174707739e-14      -2.735530695944e-14       0.000000000000e+00       2.168461177929e-17       4.300214753895e-18       2.791574364488e-20 
 3933       4.106045161443e-13       1.438951582789e-14      -2.726954180349e-14       0.000000000000e+00       2.166101621608e-17       4.306270523991e-18       2.767702348491e-20 
 3934       4.099773383381e-13       1.431728268147e-14      -2.718117693382e-14       0.000000000000e+00       2.163745137595e-17       4.312216355935e-18       2.732832991126e-20 
 3935       4.093457783972e-13       1.424506280370e-14      -2.709024370081e-14       0.000000000000e+00       2.161391723276e-17       4.318024028443e-18       2.687618942180e-20 
 3936       4.087097270839e-13       1.417287139087e-14      -2.699677352451e-14       0.000000000000e+00       2.159041376021e-17       4.323665263120e-18       2.632714203832e-20 
 3937       4.080690749476e-13       1.410072367001e-14      -2.690079789463e-14       0.000000000000e+00       2.156694093179e-17       4.329111724423e-18       2.568774131524e-20 
 3938       4.074237123247e-13       1.402863489890e-14      -2.680234837063e-14       0.000000000000e+00       2.154349872085e-17       4.334335019623e-18       2.496455434825e-20 
 3939       4.067735293379e-13       1.395662036608e-14      -2.670145658171e-14       0.000000000000e+00       2.152008710056e-17       4.339306698771e-18       2.416416178292e-20 
 3940       4.061184158969e-13       1.388469539091e-14      -2.659815422690e-14       0.000000000000e+00       2.149670604390e-17       4.343998254664e-18       2.329315782337e-20 
 3941       4.054582616976e-13       1.381287532355e-14      -2.649247307509e-14       0.000000000000e+00       2.147335552371e-17       4.348381122801e-18       2.235815024090e-20 
 3942       4.047929562221e-13       1.374117554498e-14      -2.638444496507e-14       0.000000000000e+00       2.145003551261e-17       4.352426681357e-18       2.136576038265e-20 
 3943       4.041223887389e-13       1.366961146706e-14      -2.627410180558e-14       0.000000000000e+00       2.142674598310e-17       4.356106251137e-18       2.032262318024e-20 
 3944       4.034464483024e-13       1.359819853250e-14      -2.616147557538e-14       0.000000000000e+00       2.140348690745e-17       4.359391095549e-18       1.923538715839e-20 
 3945       4.027650237529e-13       1.352695221490e-14      -2.604659832323e-14       0.000000000000e+00       2.138025825781e-17       4.362252420560e-18       1.811071444361e-20 
 3946       4.020780037164e-13       1.345588801877e-14      -2.592950216803e-14       0.000000000000e+00       2.135706000611e-17       4.364661374664e-18       1.695528077279e-20 
 3947       4.013852766047e-13       1.338502147958e-14      -2.581021929877e-14       0.000000000000e+00       2.133389212415e-17       4.366589048844e-18       1.577577550188e-20 
 3948       4.006867306151e-13       1.331436816370e-14      -2.568878197464e-14       0.000000000000e+00       2.131075458350e-17       4.368006476537e-18       1.457890161454e-20 
 3949       3.999822537299e-13       1.324394366850e-14      -2.556522252504e-14       0.000000000000e+00       2.128764735562e-17       4.368884633598e-18       1.337137573075e-20 
 3950       3.992717337171e-13       1.317376362234e-14      -2.543957334966e-14       0.000000000000e+00       2.126457041174e-17       4.369194438262e-18       1.215992811547e-20 
 3951       3.985550581295e-13       1.310384368457e-14      -2.531186691850e-14       0.000000000000e+00       2.124152372295e-17       4.368906751110e-18       1.095130268731e-20 
 3952       3.978321143050e-13       1.303419954558e-14      -2.518213577190e-14       0.000000000000e+00       2.121850726015e-17       4.367992375030e-18       9.752257027128e-21 
 3953       3.971027893663e-13       1.296484692680e-14      -2.505041252063e-14       0.000000000000e+00       2.119552099406e-17       4.366422055184e-18       8.569562386707e-21 
 3954       3.963669702206e-13       1.289580158073e-14      -2.491672984590e-14       0.000000000000e+00       2.117256489525e-17       4.364166478970e-18       7.410003697386e-21 
 3955       3.956245435600e-13       1.282707929094e-14      -2.478112049941e-14       0.000000000000e+00       2.114963893408e-17       4.361196275985e-18       6.280379578706e-21 
 3956       3.948753958609e-13       1.275869587214e-14      -2.464361730344e-14       0.000000000000e+00       2.112674308076e-17       4.357482017991e-18       5.187502347055e-21 
 3957       3.941194133838e-13       1.269066717014e-14      -2.450425315080e-14       0.000000000000e+00       2.110387730532e-17       4.352994218875e-18       4.138198024312e-21 
 3958       3.933564821735e-13       1.262300906188e-14      -2.436306100499e-14       0.000000000000e+00       2.108104157761e-17       4.347703334620e-18       3.139306346488e-21 
 3959       3.925865109572e-13       1.255573607858e-14      -2.422007635619e-14       0.000000000000e+00       2.105823586968e-17       4.341591651566e-18       2.196718836151e-21 
 3960       3.918094999313e-13       1.248885726945e-14      -2.407534459943e-14       0.000000000000e+00       2.103546016297e-17       4.334688999341e-18       1.312489114798e-21 
 3961       3.910254722287e-13       1.242238032268e-14      -2.392891368388e-14       0.000000000000e+00       2.101271444116e-17       4.327037170031e-18       4.877119135789e-22 
 3962       3.902344510439e-13       1.235631294097e-14      -2.378083165931e-14       0.000000000000e+00       2.098999868776e-17       4.318678041930e-18      -2.765159607362e-22 
 3963       3.894364596329e-13       1.229066284155e-14      -2.363114667616e-14       0.000000000000e+00       2.096731288615e-17       4.309653579598e-18      -9.790956244706e-22 
 3964       3.886315213132e-13       1.222543775617e-14      -2.347990698564e-14       0.000000000000e+00       2.094465701956e-17       4.300005833919e-18      -1.618926115762e-21 
 3965       3.878196594641e-13       1.216064543114e-14      -2.332716093978e-14       0.000000000000e+00       2.092203107107e-17       4.289776942147e-18      -2.194904393281e-21 
 3966       3.870008975264e-13       1.209629362730e-14      -2.317295699146e-14       0.000000000000e+00       2.089943502361e-17       4.279009127969e-18      -2.705925334950e-21 
 3967       3.861752590027e-13       1.203239012005e-14      -2.301734369451e-14       0.000000000000e+00       2.087686885997e-17       4.267744701558e-18      -3.150881736663e-21 
 3968       3.853427674573e-13       1.196894269936e-14      -2.286036970378e-14       0.000000000000e+00       2.085433256278e-17       4.256026059623e-18      -3.528664311002e-21 
 3969       3.845034465163e-13       1.190595916978e-14      -2.270208377517e-14       0.000000000000e+00       2.083182611453e-17       4.243895685470e-18      -3.838161685960e-21 
 3970       3.836573198676e-13       1.184344735044e-14      -2.254253476572e-14       0.000000000000e+00       2.080934949757e-17       4.231396149054e-18      -4.078260403654e-21 
 3971       3.828044112611e-13       1.178141507505e-14      -2.238177163367e-14       0.000000000000e+00       2.078690269407e-17       4.218570107032e-18      -4.247844919053e-21 
 3972       3.819447445085e-13       1.171987019196e-14      -2.221984343853e-14       0.000000000000e+00       2.076448568609e-17       4.205460302823e-18      -4.345797598685e-21 
 3973       3.810783434833e-13       1.165882056408e-14      -2.205679934111e-14       0.000000000000e+00       2.074209845552e-17       4.192109566656e-18      -4.370998719368e-21 
 3974       3.802052321214e-13       1.159827406899e-14      -2.189268860363e-14       0.000000000000e+00       2.071974098411e-17       4.178560815630e-18      -4.322326466919e-21 
 3975       3.793254344205e-13       1.153823859886e-14      -2.172756058977e-14       0.000000000000e+00       2.069741325344e-17       4.164857053768e-18      -4.198656934881e-21 
 3976       3.784389744402e-13       1.147872206052e-14      -2.156146476472e-14       0.000000000000e+00       2.067511524497e-17       4.151041372068e-18      -3.998864123234e-21 
 3977       3.775458763025e-13       1.141973237543e-14      -2.139445069525e-14       0.000000000000e+00       2.065284694000e-17       4.137156948562e-18      -3.721819937122e-21 
 3978       3.766461641916e-13       1.136127747974e-14      -2.122656804978e-14       0.000000000000e+00       2.063060831967e-17       4.123247048372e-18      -3.366394185565e-21 
 3979       3.757398623536e-13       1.130336532422e-14      -2.105786659845e-14       0.000000000000e+00       2.060839936498e-17       4.109355023757e-18      -2.931454580182e-21 
 3980       3.748269950972e-13       1.124600387434e-14      -2.088839621317e-14       0.000000000000e+00       2.058622005678e-17       4.095524314177e-18      -2.415866733910e-21 
 3981       3.739075867931e-13       1.118920111025e-14      -2.071820686768e-14       0.000000000000e+00       2.056407037577e-17       4.081798446341e-18      -1.818494159720e-21 
 3982       3.729816618745e-13       1.113296502679e-14      -2.054734863764e-14       0.000000000000e+00       2.054195030251e-17       4.068221034267e-18      -1.138198269338e-21 
 3983       3.720492448369e-13       1.107730363350e-14      -2.037587170068e-14       0.000000000000e+00       2.051985981738e-17       4.054835779332e-18      -3.738383719645e-22 
 3984       3.711103602383e-13       1.102222495463e-14      -2.020382633645e-14       0.000000000000e+00       2.049779890065e-17       4.041686470330e-18       4.757283270084e-22 
 3985       3.701650326990e-13       1.096773702915e-14      -2.003126292670e-14       0.000000000000e+00       2.047576753241e-17       4.028816983527e-18       1.411646727277e-21 
 3986       3.692132869020e-13       1.091384791075e-14      -1.985823195535e-14       0.000000000000e+00       2.045376569261e-17       4.016271282712e-18       2.435063834907e-21 
 3987       3.682551475927e-13       1.086056566785e-14      -1.968478400854e-14       0.000000000000e+00       2.043179336104e-17       4.004093419255e-18       3.547128763614e-21 
 3988       3.672906395791e-13       1.080789838365e-14      -1.951096977471e-14       0.000000000000e+00       2.040985051737e-17       3.992327532163e-18       4.748992736047e-21 
 3989       3.663197877318e-13       1.075585415607e-14      -1.933684004463e-14       0.000000000000e+00       2.038793714107e-17       3.981017848132e-18       6.041809085068e-21 
 3990       3.653426169842e-13       1.070444109780e-14      -1.916244571152e-14       0.000000000000e+00       2.036605321151e-17       3.970208681601e-18       7.426733255031e-21 
 3991       3.643591523322e-13       1.065366733630e-14      -1.898783777105e-14       0.000000000000e+00       2.034419870788e-17       3.959944434810e-18       8.904922803066e-21 
 3992       3.633694188347e-13       1.060354101384e-14      -1.881306732147e-14       0.000000000000e+00       2.032237360922e-17       3.950269597853e-18       1.047753740036e-20 
 3993       3.623734416131e-13       1.055407028743e-14      -1.863818556361e-14       0.000000000000e+00       2.030057789442e-17       3.941228748734e-18       1.214573883343e-20 
 3994       3.613712458519e-13       1.050526332892e-14      -1.846324380101e-14       0.000000000000e+00       2.027881154223e-17       3.932866553419e-18       1.391069100543e-20 
 3995       3.603628567984e-13       1.045712832495e-14      -1.828829343992e-14       0.000000000000e+00       2.025707453124e-17       3.925227765893e-18       1.577355993739e-20 
 3996       3.593482997626e-13       1.040967347697e-14      -1.811338598941e-14       0.000000000000e+00       2.023536683989e-17       3.918357228215e-18       1.773551376954e-20 
 3997       3.583276001178e-13       1.036290700129e-14      -1.793857306141e-14       0.000000000000e+00       2.021368844646e-17       3.912299870572e-18       1.979772276256e-20 
 3998       3.573007986903e-13       1.031683545830e-14      -1.776390408462e-14       0.000000000000e+00       2.019203931713e-17       3.907086231302e-18       2.195996241510e-20 
 3999       3.562679979926e-13       1.027145873379e-14      -1.758941943695e-14       0.000000000000e+00       2.017041937001e-17       3.902688958914e-18       2.421641722345e-20 
 4000       3.552293161598e-13       1.022677503928e-14      -1.741515728800e-14       0.000000000000e+00       2.014882851097e-17       3.899066150766e-18       2.655986154630e-20 
 4001       3.541848715752e-13       1.018278258109e-14      -1.724115588307e-14       0.000000000000e+00       2.012726664557e-17       3.896175818567e-18       2.898305508228e-20 
 4002       3.531347828701e-13       1.013947956033e-14      -1.706745354311e-14       0.000000000000e+00       2.010573367910e-17       3.893975888318e-18       3.147874286069e-20 
 4003       3.520791689246e-13       1.009686417285e-14      -1.689408866487e-14       0.000000000000e+00       2.008422951652e-17       3.892424200260e-18       3.403965523237e-20 
 4004       3.510181488669e-13       1.005493460933e-14      -1.672109972087e-14       0.000000000000e+00       2.006275406252e-17       3.891478508823e-18       3.665850786048e-20 
 4005       3.499518420741e-13       1.001368905517e-14      -1.654852525945e-14       0.000000000000e+00       2.004130722148e-17       3.891096482564e-18       3.932800171124e-20 
 4006       3.488803681722e-13       9.973125690560e-15      -1.637640390489e-14       0.000000000000e+00       2.001988889749e-17       3.891235704123e-18       4.204082304481e-20 
 4007       3.478038470360e-13       9.933242690462e-15      -1.620477435735e-14       0.000000000000e+00       1.999849899434e-17       3.891853670161e-18       4.478964340603e-20 
 4008       3.467223987896e-13       9.894038224583e-15      -1.603367539303e-14       0.000000000000e+00       1.997713741553e-17       3.892907791313e-18       4.756711961522e-20 
 4009       3.456361438066e-13       9.855510457394e-15      -1.586314586411e-14       0.000000000000e+00       1.995580406424e-17       3.894355392126e-18       5.036589375902e-20 
 4010       3.445452027096e-13       9.817657548114e-15      -1.569322469889e-14       0.000000000000e+00       1.993449884337e-17       3.896153711013e-18       5.317859318113e-20 
 4011       3.434496963713e-13       9.780477650714e-15      -1.552395090176e-14       0.000000000000e+00       1.991322165552e-17       3.898259900195e-18       5.599783047314e-20 
 4012       3.423497459140e-13       9.743968913912e-15      -1.535536355330e-14       0.000000000000e+00       1.989197240300e-17       3.900631025646e-18       5.881620346532e-20 
 4013       3.412454727099e-13       9.708129481165e-15      -1.518750181031e-14       0.000000000000e+00       1.987075098780e-17       3.903224067045e-18       6.162629521743e-20 
 4014       3.401369983814e-13       9.672957490671e-15      -1.502040490584e-14       0.000000000000e+00       1.984955731163e-17       3.905995917714e-18       6.442067400947e-20 
 4015       3.390244448011e-13       9.638451075361e-15      -1.485411214928e-14       0.000000000000e+00       1.982839127590e-17       3.908903384569e-18       6.719189333254e-20 
 4016       3.379079340921e-13       9.604608362898e-15      -1.468866292637e-14       0.000000000000e+00       1.980725278170e-17       3.911903188067e-18       6.993249187959e-20 
 4017       3.367875886281e-13       9.571427475671e-15      -1.452409669923e-14       0.000000000000e+00       1.978614172984e-17       3.914951962148e-18       7.263499353623e-20 
 4018       3.356635310334e-13       9.538906530797e-15      -1.436045300647e-14       0.000000000000e+00       1.976505802084e-17       3.918006254185e-18       7.529190737154e-20 
 4019       3.345358841832e-13       9.507043640109e-15      -1.419777146319e-14       0.000000000000e+00       1.974400155490e-17       3.921022524928e-18       7.789572762886e-20 
 4020       3.334047712039e-13       9.475836910158e-15      -1.403609176104e-14       0.000000000000e+00       1.972297223191e-17       3.923957148450e-18       8.043893371655e-20 
 4021       3.322703154730e-13       9.445284442210e-15      -1.387545366826e-14       0.000000000000e+00       1.970196995150e-17       3.926766412095e-18       8.291399019885e-20 
 4022       3.311326406194e-13       9.415384332239e-15      -1.371589702973e-14       0.000000000000e+00       1.968099461297e-17       3.929406516421e-18       8.531334678664e-20 
 4023       3.299918705235e-13       9.386134670925e-15      -1.355746176704e-14       0.000000000000e+00       1.966004611532e-17       3.931833575149e-18       8.762943832824e-20 
 4024       3.288481293174e-13       9.357533543651e-15      -1.340018787848e-14       0.000000000000e+00       1.963912435726e-17       3.934003615108e-18       8.985468480019e-20 
 4025       3.277015413849e-13       9.329579030497e-15      -1.324411543918e-14       0.000000000000e+00       1.961822923719e-17       3.935872576181e-18       9.198149129809e-20 
 4026       3.265522313622e-13       9.302269206240e-15      -1.308928460104e-14       0.000000000000e+00       1.959736065321e-17       3.937396311250e-18       9.400224802735e-20 
 4027       3.254003241371e-13       9.275602140347e-15      -1.293573559288e-14       0.000000000000e+00       1.957651850313e-17       3.938530586145e-18       9.590933029404e-20 
 4028       3.242459448501e-13       9.249575896976e-15      -1.278350872043e-14       0.000000000000e+00       1.955570268444e-17       3.939231079588e-18       9.769509849561e-20 
 4029       3.230892188941e-13       9.224188534965e-15      -1.263264436640e-14       0.000000000000e+00       1.953491309435e-17       3.939453383137e-18       9.935189811178e-20 
 4030       3.219302719144e-13       9.199438107835e-15      -1.248318299051e-14       0.000000000000e+00       1.951414962974e-17       3.939153001139e-18       1.008720596952e-19 
 4031       3.207692298094e-13       9.175322663784e-15      -1.233516512956e-14       0.000000000000e+00       1.949341218722e-17       3.938285350667e-18       1.022478988625e-19 
 4032       3.196062187303e-13       9.151840245684e-15      -1.218863139744e-14       0.000000000000e+00       1.947270066306e-17       3.936805761473e-18       1.034717162848e-19 
 4033       3.184413650813e-13       9.128988891076e-15      -1.204362248522e-14       0.000000000000e+00       1.945201495327e-17       3.934669475933e-18       1.045357976785e-19 
 4034       3.172747955199e-13       9.106766632166e-15      -1.190017916119e-14       0.000000000000e+00       1.943135495352e-17       3.931831648990e-18       1.054324137966e-19 
 4035       3.161066369572e-13       9.085171495826e-15      -1.175834227087e-14       0.000000000000e+00       1.941072055919e-17       3.928247348102e-18       1.061538204186e-19 
 4036       3.149370165576e-13       9.064201503584e-15      -1.161815273708e-14       0.000000000000e+00       1.939011166537e-17       3.923871553188e-18       1.066922583422e-19 
 4037       3.137660628034e-13       9.043853598356e-15      -1.147964661245e-14       0.000000000000e+00       1.936952818811e-17       3.918673412327e-18       1.070427015862e-19 
 4038       3.125939086914e-13       9.024120420382e-15      -1.134284021708e-14       0.000000000000e+00       1.934897012833e-17       3.912679065451e-18       1.072111129122e-19 
 4039       3.114206885478e-13       9.004993519582e-15      -1.120774494700e-14       0.000000000000e+00       1.932843750819e-17       3.905928975967e-18       1.072062182470e-19 
 4040       3.102465369662e-13       8.986464427746e-15      -1.107437221688e-14       0.000000000000e+00       1.930793034976e-17       3.898463689175e-18       1.070367612029e-19 
 4041       3.090715888066e-13       8.968524658526e-15      -1.094273345998e-14       0.000000000000e+00       1.928744867508e-17       3.890323832318e-18       1.067115030890e-19 
 4042       3.078959791965e-13       8.951165707423e-15      -1.081284012822e-14       0.000000000000e+00       1.926699250615e-17       3.881550114637e-18       1.062392229220e-19 
 4043       3.067198435309e-13       8.934379051778e-15      -1.068470369215e-14       0.000000000000e+00       1.924656186488e-17       3.872183327418e-18       1.056287174373e-19 
 4044       3.055433174721e-13       8.918156150754e-15      -1.055833564097e-14       0.000000000000e+00       1.922615677317e-17       3.862264344046e-18       1.048888011000e-19 
 4045       3.043665369501e-13       8.902488445333e-15      -1.043374748258e-14       0.000000000000e+00       1.920577725285e-17       3.851834120054e-18       1.040283061158e-19 
 4046       3.031896381628e-13       8.887367358298e-15      -1.031095074352e-14       0.000000000000e+00       1.918542332569e-17       3.840933693174e-18       1.030560824426e-19 
 4047       3.020127575760e-13       8.872784294224e-15      -1.018995696903e-14       0.000000000000e+00       1.916509501343e-17       3.829604183390e-18       1.019809978005e-19 
 4048       3.008360319240e-13       8.858730639468e-15      -1.007077772305e-14       0.000000000000e+00       1.914479233774e-17       3.817886792987e-18       1.008119376839e-19 
 4049       2.996595982091e-13       8.845197762154e-15      -9.953424588243e-15       0.000000000000e+00       1.912451532025e-17       3.805822806602e-18       9.955780537172e-20 
 4050       2.984835937022e-13       8.832177012163e-15      -9.837909165963e-15       0.000000000000e+00       1.910426398254e-17       3.793453591279e-18       9.822752193901e-20 
 4051       2.973081559429e-13       8.819659721124e-15      -9.724243076315e-15       0.000000000000e+00       1.908403834612e-17       3.780820596514e-18       9.683002626758e-20 
 4052       2.961334227398e-13       8.807637202398e-15      -9.612437958140e-15       0.000000000000e+00       1.906383843247e-17       3.767965354309e-18       9.537427505719e-20 
 4053       2.949595321702e-13       8.796100751069e-15      -9.502505469030e-15       0.000000000000e+00       1.904366426300e-17       3.754929479225e-18       9.386924283656e-20 
 4054       2.937866225809e-13       8.785041643935e-15      -9.394457285339e-15       0.000000000000e+00       1.902351585909e-17       3.741754668429e-18       9.232392197441e-20 
 4055       2.926148325876e-13       8.774451139490e-15      -9.288305102196e-15       0.000000000000e+00       1.900339324204e-17       3.728482701749e-18       9.074732269045e-20 
 4056       2.914443010760e-13       8.764320477918e-15      -9.184060633514e-15       0.000000000000e+00       1.898329643313e-17       3.715155441720e-18       8.914847306643e-20 
 4057       2.902751672011e-13       8.754640881080e-15      -9.081735611998e-15       0.000000000000e+00       1.896322545356e-17       3.701814833642e-18       8.753641905718e-20 
 4058       2.891075703880e-13       8.745403552503e-15      -8.981341789160e-15       0.000000000000e+00       1.894318032450e-17       3.688502905624e-18       8.592022450160e-20 
 4059       2.879416503314e-13       8.736599677364e-15      -8.882890935329e-15       0.000000000000e+00       1.892316106705e-17       3.675261768641e-18       8.430897113373e-20 
 4060       2.867775469967e-13       8.728220422487e-15      -8.786394839658e-15       0.000000000000e+00       1.890316770226e-17       3.662133616579e-18       8.271175859372e-20 
 4061       2.856154006191e-13       8.720256936323e-15      -8.691865310138e-15       0.000000000000e+00       1.888320025115e-17       3.649160726291e-18       8.113770443894e-20 
 4062       2.844553517047e-13       8.712700348945e-15      -8.599314173610e-15       0.000000000000e+00       1.886325873465e-17       3.636385457648e-18       7.959594415492e-20 
 4063       2.832975410301e-13       8.705541772032e-15      -8.508753275772e-15       0.000000000000e+00       1.884334317368e-17       3.623850253585e-18       7.809563116645e-20 
 4064       2.821421096425e-13       8.698772298859e-15      -8.420194481190e-15       0.000000000000e+00       1.882345358907e-17       3.611597640158e-18       7.664593684853e-20 
 4065       2.809891988605e-13       8.692383004286e-15      -8.333649673312e-15       0.000000000000e+00       1.880359000162e-17       3.599670226591e-18       7.525605053749e-20 
 4066       2.798389502736e-13       8.686364944747e-15      -8.249130754476e-15       0.000000000000e+00       1.878375243207e-17       3.588110705328e-18       7.393517954193e-20 
 4067       2.786915057426e-13       8.680709158237e-15      -8.166649645922e-15       0.000000000000e+00       1.876394090111e-17       3.576961852087e-18       7.269254915381e-20 
 4068       2.775470073999e-13       8.675406664301e-15      -8.086218287800e-15       0.000000000000e+00       1.874415542938e-17       3.566266525906e-18       7.153740265943e-20 
 4069       2.764055976495e-13       8.670448464022e-15      -8.007848639185e-15       0.000000000000e+00       1.872439603746e-17       3.556067669198e-18       7.047900135050e-20 
 4070       2.752674191671e-13       8.665825540013e-15      -7.931552678085e-15       0.000000000000e+00       1.870466274588e-17       3.546408307800e-18       6.952662453514e-20 
 4071       2.741326149006e-13       8.661528856398e-15      -7.857342401450e-15       0.000000000000e+00       1.868495557512e-17       3.537331551024e-18       6.868956954889e-20 
 4072       2.730013280699e-13       8.657549358809e-15      -7.785229825186e-15       0.000000000000e+00       1.866527454560e-17       3.528880591709e-18       6.797715176581e-20 
 4073       2.718737021673e-13       8.653877974370e-15      -7.715226984166e-15       0.000000000000e+00       1.864561967770e-17       3.521098706274e-18       6.739870460940e-20 
 4074       2.707498809573e-13       8.650505611683e-15      -7.647345932237e-15       0.000000000000e+00       1.862599099174e-17       3.514029254763e-18       6.696357956373e-20 
 4075       2.696300084774e-13       8.647423160824e-15      -7.581598742234e-15       0.000000000000e+00       1.860638850798e-17       3.507715680903e-18       6.668114618441e-20 
 4076       2.685142187826e-13       8.644621445522e-15      -7.517992897537e-15       0.000000000000e+00       1.858681223112e-17       3.502188044968e-18       6.655800583120e-20 
 4077       2.674026051405e-13       8.642091079558e-15      -7.456517448638e-15       0.000000000000e+00       1.856726210371e-17       3.497422569428e-18       6.658962190658e-20 
 4078       2.662952507260e-13       8.639822609829e-15      -7.397156806837e-15       0.000000000000e+00       1.854773805255e-17       3.493381947983e-18       6.676865955262e-20 
 4079       2.651922388664e-13       8.637806564091e-15      -7.339895348142e-15       0.000000000000e+00       1.852824000420e-17       3.490028799488e-18       6.708776918696e-20 
 4080       2.640936530417e-13       8.636033450951e-15      -7.284717413253e-15       0.000000000000e+00       1.850876788499e-17       3.487325667906e-18       6.753958649371e-20 
 4081       2.629995768841e-13       8.634493759851e-15      -7.231607307540e-15       0.000000000000e+00       1.848932162103e-17       3.485235022265e-18       6.811673241440e-20 
 4082       2.619100941789e-13       8.633177961057e-15      -7.180549301013e-15       0.000000000000e+00       1.846990113818e-17       3.483719256606e-18       6.881181313883e-20 
 4083       2.608252888641e-13       8.632076505649e-15      -7.131527628308e-15       0.000000000000e+00       1.845050636205e-17       3.482740689942e-18       6.961742009602e-20 
 4084       2.597452450305e-13       8.631179825506e-15      -7.084526488659e-15       0.000000000000e+00       1.843113721802e-17       3.482261566209e-18       7.052612994510e-20 
 4085       2.586700469218e-13       8.630478333299e-15      -7.039530045877e-15       0.000000000000e+00       1.841179363126e-17       3.482244054221e-18       7.153050456623e-20 
 4086       2.575997789350e-13       8.629962422472e-15      -6.996522428328e-15       0.000000000000e+00       1.839247552667e-17       3.482650247623e-18       7.262309105147e-20 
 4087       2.565345256201e-13       8.629622467239e-15      -6.955487728909e-15       0.000000000000e+00       1.837318282893e-17       3.483442164847e-18       7.379642169573e-20 
 4088       2.554743716803e-13       8.629448822565e-15      -6.916410005028e-15       0.000000000000e+00       1.835391546247e-17       3.484581749060e-18       7.504301398767e-20 
 4089       2.544194019723e-13       8.629431824155e-15      -6.879273278578e-15       0.000000000000e+00       1.833467335148e-17       3.486030868126e-18       7.635537060057e-20 
 4090       2.533697015061e-13       8.629561788446e-15      -6.844061535916e-15       0.000000000000e+00       1.831545641994e-17       3.487751314552e-18       7.772597938328e-20 
 4091       2.523253554454e-13       8.629829012594e-15      -6.810758727841e-15       0.000000000000e+00       1.829626459157e-17       3.489704805449e-18       7.914731335112e-20 
 4092       2.512864491072e-13       8.630223774458e-15      -6.779348769572e-15       0.000000000000e+00       1.827709778984e-17       3.491852982478e-18       8.061183067675e-20 
 4093       2.502530679624e-13       8.630736332593e-15      -6.749815540721e-15       0.000000000000e+00       1.825795593801e-17       3.494157411812e-18       8.211197468113e-20 
 4094       2.492252976357e-13       8.631356926236e-15      -6.722142885276e-15       0.000000000000e+00       1.823883895909e-17       3.496579584082e-18       8.364017382439e-20 
 4095       2.482032239057e-13       8.632075775295e-15      -6.696314611577e-15       0.000000000000e+00       1.821974677583e-17       3.499080914337e-18       8.518884169675e-20 
 4096       2.471869327050e-13       8.632883080335e-15      -6.672314492289e-15       0.000000000000e+00       1.820067931078e-17       3.501622741994e-18       8.675037700943e-20 
 4097       2.461765101200e-13       8.633769022570e-15      -6.650126264387e-15       0.000000000000e+00       1.818163648623e-17       3.504166330795e-18       8.831716358555e-20 
 4098       2.451720423916e-13       8.634723763847e-15      -6.629733629127e-15       0.000000000000e+00       1.816261822422e-17       3.506672868755e-18       8.988157035103e-20 
 4099       2.441736159147e-13       8.635737446638e-15      -6.611120252024e-15       0.000000000000e+00       1.814362444657e-17       3.509103468123e-18       9.143595132552e-20 
 4100       2.431813172388e-13       8.636800194023e-15      -6.594269762835e-15       0.000000000000e+00       1.812465507485e-17       3.511419165331e-18       9.297264561329e-20 
 4101       2.421952330676e-13       8.637902109686e-15      -6.579165755529e-15       0.000000000000e+00       1.810571003040e-17       3.513580920950e-18       9.448397739413e-20 
 4102       2.412154502594e-13       8.639033277894e-15      -6.565791788269e-15       0.000000000000e+00       1.808678923431e-17       3.515549619643e-18       9.596225591428e-20 
 4103       2.402420558270e-13       8.640183763492e-15      -6.554131383389e-15       0.000000000000e+00       1.806789260743e-17       3.517286070117e-18       9.739977547731e-20 
 4104       2.392751369382e-13       8.641343611890e-15      -6.544168027370e-15       0.000000000000e+00       1.804902007037e-17       3.518751005081e-18       9.878881543507e-20 
 4105       2.383147809153e-13       8.642502849046e-15      -6.535885170818e-15       0.000000000000e+00       1.803017154351e-17       3.519905081195e-18       1.001216401785e-19 
 4106       2.373610752357e-13       8.643651481463e-15      -6.529266228442e-15       0.000000000000e+00       1.801134694699e-17       3.520708879029e-18       1.013904991287e-19 
 4107       2.364141075315e-13       8.644779496167e-15      -6.524294579030e-15       0.000000000000e+00       1.799254620068e-17       3.521122903010e-18       1.025876267277e-19 
 4108       2.354739655902e-13       8.645876860706e-15      -6.520953565428e-15       0.000000000000e+00       1.797376922425e-17       3.521107581384e-18       1.037052424294e-19 
 4109       2.345407373543e-13       8.646933523127e-15      -6.519226494516e-15       0.000000000000e+00       1.795501593710e-17       3.520623266163e-18       1.047355506905e-19 
 4110       2.336145109214e-13       8.647939411975e-15      -6.519096637186e-15       0.000000000000e+00       1.793628625840e-17       3.519630233081e-18       1.056707409613e-19 
 4111       2.326953745448e-13       8.648884436271e-15      -6.520547228320e-15       0.000000000000e+00       1.791758010708e-17       3.518088681550e-18       1.065029876768e-19 
 4112       2.317834166329e-13       8.649758485508e-15      -6.523561466768e-15       0.000000000000e+00       1.789889740182e-17       3.515958734609e-18       1.072244502476e-19 
 4113       2.308787257497e-13       8.650551429635e-15      -6.528122515321e-15       0.000000000000e+00       1.788023806107e-17       3.513200438884e-18       1.078272730505e-19 
 4114       2.299813906150e-13       8.651253119047e-15      -6.534213500696e-15       0.000000000000e+00       1.786160200303e-17       3.509773764537e-18       1.083035854197e-19 
 4115       2.290914852913e-13       8.651854151050e-15      -6.541815566352e-15       0.000000000000e+00       1.784298915471e-17       3.505650989373e-18       1.086474606045e-19 
 4116       2.282090246886e-13       8.652348172266e-15      -6.550902023451e-15       0.000000000000e+00       1.782439947917e-17       3.500853899411e-18       1.088608002766e-19 
 4117       2.273340089012e-13       8.652729584401e-15      -6.561444179029e-15       0.000000000000e+00       1.780583294836e-17       3.495416720681e-18       1.089474709574e-19 
 4118       2.264664380068e-13       8.652992778511e-15      -6.573413281220e-15       0.000000000000e+00       1.778728953410e-17       3.489373747145e-18       1.089113469592e-19 
 4119       2.256063120660e-13       8.653132134988e-15      -6.586780519222e-15       0.000000000000e+00       1.776876920809e-17       3.482759340736e-18       1.087563103901e-19 
 4120       2.247536311223e-13       8.653142023559e-15      -6.601517023259e-15       0.000000000000e+00       1.775027194187e-17       3.475607931405e-18       1.084862511589e-19 
 4121       2.239083952025e-13       8.653016803279e-15      -6.617593864545e-15       0.000000000000e+00       1.773179770685e-17       3.467954017159e-18       1.081050669796e-19 
 4122       2.230706043161e-13       8.652750822520e-15      -6.634982055248e-15       0.000000000000e+00       1.771334647430e-17       3.459832164104e-18       1.076166633766e-19 
 4123       2.222402584557e-13       8.652338418971e-15      -6.653652548452e-15       0.000000000000e+00       1.769491821537e-17       3.451277006484e-18       1.070249536891e-19 
 4124       2.214173575969e-13       8.651773919628e-15      -6.673576238123e-15       0.000000000000e+00       1.767651290106e-17       3.442323246725e-18       1.063338590760e-19 
 4125       2.206019016981e-13       8.651051640788e-15      -6.694723959070e-15       0.000000000000e+00       1.765813050222e-17       3.433005655478e-18       1.055473085209e-19 
 4126       2.197938907009e-13       8.650165888043e-15      -6.717066486911e-15       0.000000000000e+00       1.763977098958e-17       3.423359071654e-18       1.046692388364e-19 
 4127       2.189933245296e-13       8.649110956273e-15      -6.740574538036e-15       0.000000000000e+00       1.762143433372e-17       3.413418402473e-18       1.037035946697e-19 
 4128       2.182002030914e-13       8.647881129639e-15      -6.765218769569e-15       0.000000000000e+00       1.760312050511e-17       3.403218623503e-18       1.026543285064e-19 
 4129       2.174145262765e-13       8.646470681580e-15      -6.790969779333e-15       0.000000000000e+00       1.758482947404e-17       3.392794778699e-18       1.015254006759e-19 
 4130       2.166362939580e-13       8.644873874802e-15      -6.817798105815e-15       0.000000000000e+00       1.756656121069e-17       3.382181980447e-18       1.003207793563e-19 
 4131       2.158655059917e-13       8.643084961274e-15      -6.845674228125e-15       0.000000000000e+00       1.754831568510e-17       3.371415409606e-18       9.904444057869e-20 
 4132       2.151021622165e-13       8.641098182223e-15      -6.874568565966e-15       0.000000000000e+00       1.753009286716e-17       3.360530315547e-18       9.770036823222e-20 
 4133       2.143462624539e-13       8.638907768122e-15      -6.904451479591e-15       0.000000000000e+00       1.751189272663e-17       3.349562016197e-18       9.629255406892e-20 
 4134       2.135978065082e-13       8.636507938691e-15      -6.935293269773e-15       0.000000000000e+00       1.749371523313e-17       3.338545898079e-18       9.482499770839e-20 
 4135       2.128567941669e-13       8.633892902886e-15      -6.967064177763e-15       0.000000000000e+00       1.747556035614e-17       3.327517416356e-18       9.330170664262e-20 
 4136       2.121232251998e-13       8.631056858893e-15      -6.999734385256e-15       0.000000000000e+00       1.745742806500e-17       3.316512094869e-18       9.172669624078e-20 
 4137       2.113970993599e-13       8.627993994121e-15      -7.033274014357e-15       0.000000000000e+00       1.743931832892e-17       3.305565526179e-18       9.010398975399e-20 
 4138       2.106784163826e-13       8.624698485200e-15      -7.067653127540e-15       0.000000000000e+00       1.742123111697e-17       3.294713371612e-18       8.843761832012e-20 
 4139       2.099671759863e-13       8.621164497969e-15      -7.102841727614e-15       0.000000000000e+00       1.740316639806e-17       3.283991361298e-18       8.673162096858e-20 
 4140       2.092633778721e-13       8.617386187471e-15      -7.138809757688e-15       0.000000000000e+00       1.738512414098e-17       3.273435294211e-18       8.499004462507e-20 
 4141       2.085670217238e-13       8.613357697949e-15      -7.175527101132e-15       0.000000000000e+00       1.736710431439e-17       3.263081038213e-18       8.321694411643e-20 
 4142       2.078781072079e-13       8.609073162839e-15      -7.212963581541e-15       0.000000000000e+00       1.734910688679e-17       3.252964530098e-18       8.141638217535e-20 
 4143       2.071966339736e-13       8.604526704759e-15      -7.251088962701e-15       0.000000000000e+00       1.733113182655e-17       3.243121775625e-18       7.959242944524e-20 
 4144       2.065226016528e-13       8.599712435510e-15      -7.289872948549e-15       0.000000000000e+00       1.731317910190e-17       3.233588849568e-18       7.774916448494e-20 
 4145       2.058560098600e-13       8.594624456064e-15      -7.329285183140e-15       0.000000000000e+00       1.729524868092e-17       3.224401895754e-18       7.589067377355e-20 
 4146       2.051968581926e-13       8.589256856558e-15      -7.369295250608e-15       0.000000000000e+00       1.727734053158e-17       3.215597127106e-18       7.402105171520e-20 
 4147       2.045451462303e-13       8.583603716291e-15      -7.409872675131e-15       0.000000000000e+00       1.725945462167e-17       3.207210825681e-18       7.214440064385e-20 
 4148       2.039008735356e-13       8.577659103716e-15      -7.450986920896e-15       0.000000000000e+00       1.724159091887e-17       3.199279342716e-18       7.026483082805e-20 
 4149       2.032640396537e-13       8.571417076430e-15      -7.492607392057e-15       0.000000000000e+00       1.722374939072e-17       3.191839098666e-18       6.838646047575e-20 
 4150       2.026346441123e-13       8.564871681174e-15      -7.534703432707e-15       0.000000000000e+00       1.720593000459e-17       3.184926583249e-18       6.651341573908e-20 
 4151       2.020126864217e-13       8.558016953820e-15      -7.577244326834e-15       0.000000000000e+00       1.718813272774e-17       3.178578355484e-18       6.464983071915e-20 
 4152       2.013981660747e-13       8.550846919371e-15      -7.620199298289e-15       0.000000000000e+00       1.717035752728e-17       3.172831043734e-18       6.279984747079e-20 
 4153       2.007910825469e-13       8.543355591949e-15      -7.663537510748e-15       0.000000000000e+00       1.715260437018e-17       3.167721345750e-18       6.096761600739e-20 
 4154       2.001914244729e-13       8.535538001964e-15      -7.707229019947e-15       0.000000000000e+00       1.713487322926e-17       3.163275413735e-18       5.915684050867e-20 
 4155       1.995991371356e-13       8.527393281584e-15      -7.751247634129e-15       0.000000000000e+00       1.711716410124e-17       3.159476968592e-18       5.736941618662e-20 
 4156       1.990141548626e-13       8.518921590132e-15      -7.795568063610e-15       0.000000000000e+00       1.709947698874e-17       3.156299073292e-18       5.560678762104e-20 
 4157       1.984364118386e-13       8.510123087911e-15      -7.840164969403e-15       0.000000000000e+00       1.708181189431e-17       3.153714737599e-18       5.387040212129e-20 
 4158       1.978658421057e-13       8.500997936193e-15      -7.885012963182e-15       0.000000000000e+00       1.706416882045e-17       3.151696918034e-18       5.216170972793e-20 
 4159       1.973023795633e-13       8.491546297231e-15      -7.930086607253e-15       0.000000000000e+00       1.704654776957e-17       3.150218517844e-18       5.048216321440e-20 
 4160       1.967459579674e-13       8.481768334254e-15      -7.975360414527e-15       0.000000000000e+00       1.702894874400e-17       3.149252386973e-18       4.883321808859e-20 
 4161       1.961965109316e-13       8.471664211467e-15      -8.020808848489e-15       0.000000000000e+00       1.701137174602e-17       3.148771322025e-18       4.721633259451e-20 
 4162       1.956539719259e-13       8.461234094054e-15      -8.066406323166e-15       0.000000000000e+00       1.699381677782e-17       3.148748066233e-18       4.563296771390e-20 
 4163       1.951182742772e-13       8.450478148180e-15      -8.112127203099e-15       0.000000000000e+00       1.697628384154e-17       3.149155309430e-18       4.408458716786e-20 
 4164       1.945893511694e-13       8.439396540987e-15      -8.157945803315e-15       0.000000000000e+00       1.695877293923e-17       3.149965688012e-18       4.257265741851e-20 
 4165       1.940671356426e-13       8.427989440600e-15      -8.203836389295e-15       0.000000000000e+00       1.694128407287e-17       3.151151784909e-18       4.109864767059e-20 
 4166       1.935515605938e-13       8.416257016123e-15      -8.249773176943e-15       0.000000000000e+00       1.692381724437e-17       3.152686129550e-18       3.966402987310e-20 
 4167       1.930425587761e-13       8.404199437643e-15      -8.295730332559e-15       0.000000000000e+00       1.690637245557e-17       3.154541197836e-18       3.827027872093e-20 
 4168       1.925400627993e-13       8.391816876230e-15      -8.341681972808e-15       0.000000000000e+00       1.688894970823e-17       3.156689412099e-18       3.691887165651e-20 
 4169       1.920440051293e-13       8.379109503938e-15      -8.387602164692e-15       0.000000000000e+00       1.687154900406e-17       3.159103141080e-18       3.561128887141e-20 
 4170       1.915543180881e-13       8.366077493803e-15      -8.433464925516e-15       0.000000000000e+00       1.685417034466e-17       3.161754699888e-18       3.434901330799e-20 
 4171       1.910709338539e-13       8.352721019847e-15      -8.479244222862e-15       0.000000000000e+00       1.683681373161e-17       3.164616349972e-18       3.313353066102e-20 
 4172       1.905937844609e-13       8.339040257078e-15      -8.524913974558e-15       0.000000000000e+00       1.681947916636e-17       3.167660299088e-18       3.196632937934e-20 
 4173       1.901228017991e-13       8.325035381490e-15      -8.570448048648e-15       0.000000000000e+00       1.680216665032e-17       3.170858701268e-18       3.084890066745e-20 
 4174       1.896579176145e-13       8.310706570064e-15      -8.615820263363e-15       0.000000000000e+00       1.678487618483e-17       3.174183656786e-18       2.978273848715e-20 
 4175       1.891990635087e-13       8.296054000769e-15      -8.661004387091e-15       0.000000000000e+00       1.676760777115e-17       3.177607212124e-18       2.876933955922e-20 
 4176       1.887461709388e-13       8.281077852560e-15      -8.705974138345e-15       0.000000000000e+00       1.675036141046e-17       3.181101359945e-18       2.781020336498e-20 
 4177       1.882991712179e-13       8.265778305385e-15      -8.750703185738e-15       0.000000000000e+00       1.673313710387e-17       3.184638039056e-18       2.690683214795e-20 
 4178       1.878579955140e-13       8.250155540179e-15      -8.795165147948e-15       0.000000000000e+00       1.671593485244e-17       3.188189134377e-18       2.606073091552e-20 
 4179       1.874225748510e-13       8.234209738869e-15      -8.839333593692e-15       0.000000000000e+00       1.669875465712e-17       3.191726476911e-18       2.527340744051e-20 
 4180       1.869928401077e-13       8.217941084374e-15      -8.883182041694e-15       0.000000000000e+00       1.668159651882e-17       3.195221843707e-18       2.454637226284e-20 
 4181       1.865687220184e-13       8.201349760601e-15      -8.926683960657e-15       0.000000000000e+00       1.666446043835e-17       3.198646957832e-18       2.388113869119e-20 
 4182       1.861501511721e-13       8.184435952456e-15      -8.969812769232e-15       0.000000000000e+00       1.664734641647e-17       3.201973488339e-18       2.327922280456e-20 
 4183       1.857370580132e-13       8.167199845832e-15      -9.012541835987e-15       0.000000000000e+00       1.663025445385e-17       3.205173050230e-18       2.274214345395e-20 
 4184       1.853293728410e-13       8.149641627621e-15      -9.054844479382e-15       0.000000000000e+00       1.661318455110e-17       3.208217204429e-18       2.227142226400e-20 
 4185       1.849270258093e-13       8.131761485709e-15      -9.096693967732e-15       0.000000000000e+00       1.659613670874e-17       3.211077457745e-18       2.186858363459e-20 
 4186       1.845299469271e-13       8.113559608974e-15      -9.138063519185e-15       0.000000000000e+00       1.657911092724e-17       3.213725262845e-18       2.153515474248e-20 
 4187       1.841380660577e-13       8.095036187296e-15      -9.178926301686e-15       0.000000000000e+00       1.656210720698e-17       3.216132018218e-18       2.127266554293e-20 
 4188       1.837513129191e-13       8.076191411547e-15      -9.219255432951e-15       0.000000000000e+00       1.654512554826e-17       3.218269068142e-18       2.108264877138e-20 
 4189       1.833696170840e-13       8.057025473601e-15      -9.259023980434e-15       0.000000000000e+00       1.652816595133e-17       3.220107702655e-18       2.096663994502e-20 
 4190       1.829929079790e-13       8.037538566326e-15      -9.298204961301e-15       0.000000000000e+00       1.651122841635e-17       3.221619157521e-18       2.092617736446e-20 
 4191       1.826211148856e-13       8.017730883593e-15      -9.336771342398e-15       0.000000000000e+00       1.649431294341e-17       3.222774614197e-18       2.096280211534e-20 
 4192       1.822541669390e-13       7.997602620271e-15      -9.374696040221e-15       0.000000000000e+00       1.647741953252e-17       3.223545199803e-18       2.107805806996e-20 
 4193       1.818919906288e-13       7.977154698825e-15      -9.411954786644e-15       0.000000000000e+00       1.646054817123e-17       3.223909359601e-18       2.127257142270e-20 
 4194       1.815345022892e-13       7.956390951871e-15      -9.448534737094e-15       0.000000000000e+00       1.644369879742e-17       3.223875002641e-18       2.154328578045e-20 
 4195       1.811816155823e-13       7.935315947246e-15      -9.484425892398e-15       0.000000000000e+00       1.642687133635e-17       3.223457433438e-18       2.188621741351e-20 
 4196       1.808332439951e-13       7.913934262118e-15      -9.519618235748e-15       0.000000000000e+00       1.641006571307e-17       3.222671986510e-18       2.229737483942e-20 
 4197       1.804893008398e-13       7.892250482986e-15      -9.554101732689e-15       0.000000000000e+00       1.639328185241e-17       3.221534026392e-18       2.277275881827e-20 
 4198       1.801496992539e-13       7.870269205687e-15      -9.587866331113e-15       0.000000000000e+00       1.637651967901e-17       3.220058947656e-18       2.330836234809e-20 
 4199       1.798143521993e-13       7.847995035407e-15      -9.620901961245e-15       0.000000000000e+00       1.635977911725e-17       3.218262174930e-18       2.390017066018e-20 
 4200       1.794831724632e-13       7.825432586676e-15      -9.653198535635e-15       0.000000000000e+00       1.634306009134e-17       3.216159162915e-18       2.454416121447e-20 
 4201       1.791560726571e-13       7.802586483385e-15      -9.684745949145e-15       0.000000000000e+00       1.632636252525e-17       3.213765396403e-18       2.523630369485e-20 
 4202       1.788329652173e-13       7.779461358785e-15      -9.715534078944e-15       0.000000000000e+00       1.630968634271e-17       3.211096390293e-18       2.597256000454e-20 
 4203       1.785137624045e-13       7.756061855493e-15      -9.745552784492e-15       0.000000000000e+00       1.629303146729e-17       3.208167689615e-18       2.674888426143e-20 
 4204       1.781983763036e-13       7.732392625500e-15      -9.774791907533e-15       0.000000000000e+00       1.627639782229e-17       3.204994869540e-18       2.756122279345e-20 
 4205       1.778867188242e-13       7.708458330176e-15      -9.803241272084e-15       0.000000000000e+00       1.625978533082e-17       3.201593535405e-18       2.840551413388e-20 
 4206       1.775787016995e-13       7.684263640274e-15      -9.830890684424e-15       0.000000000000e+00       1.624319391576e-17       3.197979322728e-18       2.927768901674e-20 
 4207       1.772742364872e-13       7.659813235940e-15      -9.857729933087e-15       0.000000000000e+00       1.622662349979e-17       3.194167897225e-18       3.017367037212e-20 
 4208       1.769732345687e-13       7.635111806711e-15      -9.883748788848e-15       0.000000000000e+00       1.621007400535e-17       3.190174954830e-18       3.108937332153e-20 
 4209       1.766756071493e-13       7.610164051529e-15      -9.908937004713e-15       0.000000000000e+00       1.619354535468e-17       3.186016221712e-18       3.202070517325e-20 
 4210       1.763812652581e-13       7.584974678743e-15      -9.933284315912e-15       0.000000000000e+00       1.617703746980e-17       3.181707454294e-18       3.296356541770e-20 
 4211       1.760901197477e-13       7.559548406111e-15      -9.956780439886e-15       0.000000000000e+00       1.616055027249e-17       3.177264439270e-18       3.391384572274e-20 
 4212       1.758020812942e-13       7.533889960814e-15      -9.979415076277e-15       0.000000000000e+00       1.614408368435e-17       3.172702993623e-18       3.486742992910e-20 
 4213       1.755170603973e-13       7.508004079455e-15      -1.000117790692e-14       0.000000000000e+00       1.612763762673e-17       3.168038964645e-18       3.582019404564e-20 
 4214       1.752349673798e-13       7.481895508065e-15      -1.002205859583e-14       0.000000000000e+00       1.611121202077e-17       3.163288229952e-18       3.676800624476e-20 
 4215       1.749557123879e-13       7.455569002113e-15      -1.004204678919e-14       0.000000000000e+00       1.609480678740e-17       3.158466697504e-18       3.770672685775e-20 
 4216       1.746792053907e-13       7.429029326508e-15      -1.006113211534e-14       0.000000000000e+00       1.607842184733e-17       3.153590305622e-18       3.863220837010e-20 
 4217       1.744053561803e-13       7.402281255607e-15      -1.007930418480e-14       0.000000000000e+00       1.606205712103e-17       3.148675023008e-18       3.954029541687e-20 
 4218       1.741340743718e-13       7.375329573216e-15      -1.009655259018e-14       0.000000000000e+00       1.604571252878e-17       3.143736848761e-18       4.042682477806e-20 
 4219       1.738652694030e-13       7.348179072604e-15      -1.011286690626e-14       0.000000000000e+00       1.602938799062e-17       3.138791812395e-18       4.128762537394e-20 
 4220       1.735988505345e-13       7.320834556499e-15      -1.012823668994e-14       0.000000000000e+00       1.601308342639e-17       3.133855973859e-18       4.211851826040e-20 
 4221       1.733347268491e-13       7.293300837102e-15      -1.014265148019e-14       0.000000000000e+00       1.599679875568e-17       3.128945423553e-18       4.291531662429e-20 
 4222       1.730728072525e-13       7.265582736087e-15      -1.015610079812e-14       0.000000000000e+00       1.598053389790e-17       3.124076282346e-18       4.367382577880e-20 
 4223       1.728130004725e-13       7.237685084610e-15      -1.016857414692e-14       0.000000000000e+00       1.596428877220e-17       3.119264701597e-18       4.438984315879e-20 
 4224       1.725552150592e-13       7.209612723313e-15      -1.018006101184e-14       0.000000000000e+00       1.594806329754e-17       3.114526863169e-18       4.505915831615e-20 
 4225       1.722993593847e-13       7.181370502330e-15      -1.019055086023e-14       0.000000000000e+00       1.593185739266e-17       3.109878979449e-18       4.567755291511e-20 
 4226       1.720453416434e-13       7.152963281293e-15      -1.020003314147e-14       0.000000000000e+00       1.591567097604e-17       3.105337293368e-18       4.624080072766e-20 
 4227       1.717930698515e-13       7.124395929339e-15      -1.020849728700e-14       0.000000000000e+00       1.589950396600e-17       3.100918078414e-18       4.674466762884e-20 
 4228       1.715424518468e-13       7.095673325110e-15      -1.021593271030e-14       0.000000000000e+00       1.588335628059e-17       3.096637638656e-18       4.718491159214e-20 
 4229       1.712933952892e-13       7.066800356768e-15      -1.022232880687e-14       0.000000000000e+00       1.586722783766e-17       3.092512308756e-18       4.755728268477e-20 
 4230       1.710458076599e-13       7.037781921992e-15      -1.022767495424e-14       0.000000000000e+00       1.585111855484e-17       3.088558453992e-18       4.785752306313e-20 
 4231       1.707995962618e-13       7.008622927989e-15      -1.023196051194e-14       0.000000000000e+00       1.583502834954e-17       3.084792470275e-18       4.808136696803e-20 
 4232       1.705546733002e-13       6.979328412766e-15      -1.023517765404e-14       0.000000000000e+00       1.581895715356e-17       3.081226881491e-18       4.822555092245e-20 
 4233       1.703109711459e-13       6.949903909404e-15      -1.023732987746e-14       0.000000000000e+00       1.580290495709e-17       3.077858616751e-18       4.829084815304e-20 
 4234       1.700684271250e-13       6.920355083060e-15      -1.023842352311e-14       0.000000000000e+00       1.578687176485e-17       3.074680692592e-18       4.827904466535e-20 
 4235       1.698269784421e-13       6.890687609812e-15      -1.023846494602e-14       0.000000000000e+00       1.577085758153e-17       3.071686111953e-18       4.819192999817e-20 
 4236       1.695865621807e-13       6.860907176674e-15      -1.023746051533e-14       0.000000000000e+00       1.575486241175e-17       3.068867864169e-18       4.803129722561e-20 
 4237       1.693471153028e-13       6.831019481596e-15      -1.023541661434e-14       0.000000000000e+00       1.573888626008e-17       3.066218924960e-18       4.779894295925e-20 
 4238       1.691085746490e-13       6.801030233475e-15      -1.023233964049e-14       0.000000000000e+00       1.572292913103e-17       3.063732256426e-18       4.749666735022e-20 
 4239       1.688708769383e-13       6.770945152158e-15      -1.022823600536e-14       0.000000000000e+00       1.570699102906e-17       3.061400807037e-18       4.712627409134e-20 
 4240       1.686339587682e-13       6.740769968450e-15      -1.022311213473e-14       0.000000000000e+00       1.569107195857e-17       3.059217511627e-18       4.668957041922e-20 
 4241       1.683977566144e-13       6.710510424122e-15      -1.021697446850e-14       0.000000000000e+00       1.567517192390e-17       3.057175291381e-18       4.618836711643e-20 
 4242       1.681622068309e-13       6.680172271915e-15      -1.020982946081e-14       0.000000000000e+00       1.565929092934e-17       3.055267053834e-18       4.562447851352e-20 
 4243       1.679272456499e-13       6.649761275545e-15      -1.020168357995e-14       0.000000000000e+00       1.564342897913e-17       3.053485692856e-18       4.499972249124e-20 
 4244       1.676928091817e-13       6.619283209717e-15      -1.019254330841e-14       0.000000000000e+00       1.562758607745e-17       3.051824088650e-18       4.431592048257e-20 
 4245       1.674588334145e-13       6.588743860122e-15      -1.018241514291e-14       0.000000000000e+00       1.561176222841e-17       3.050275107737e-18       4.357489747492e-20 
 4246       1.672252542147e-13       6.558149023449e-15      -1.017130559438e-14       0.000000000000e+00       1.559595743608e-17       3.048831602955e-18       4.277848201216e-20 
 4247       1.669920073264e-13       6.527504507393e-15      -1.015922118795e-14       0.000000000000e+00       1.558017170448e-17       3.047486413448e-18       4.192850619681e-20 
 4248       1.667590283716e-13       6.496816130655e-15      -1.014616846303e-14       0.000000000000e+00       1.556440503755e-17       3.046232364654e-18       4.102680569212e-20 
 4249       1.665262528500e-13       6.466089722955e-15      -1.013215397323e-14       0.000000000000e+00       1.554865743919e-17       3.045062268304e-18       4.007521972419e-20 
 4250       1.662936161389e-13       6.435331125034e-15      -1.011718428643e-14       0.000000000000e+00       1.553292891325e-17       3.043968922409e-18       3.907559108410e-20 
 4251       1.660610534935e-13       6.404546188665e-15      -1.010126598477e-14       0.000000000000e+00       1.551721946351e-17       3.042945111254e-18       3.802976613001e-20 
 4252       1.658285000461e-13       6.373740776654e-15      -1.008440566466e-14       0.000000000000e+00       1.550152909369e-17       3.041983605387e-18       3.693959478928e-20 
 4253       1.655958908068e-13       6.342920762850e-15      -1.006660993678e-14       0.000000000000e+00       1.548585780747e-17       3.041077161616e-18       3.580693056061e-20 
 4254       1.653631606628e-13       6.312092032153e-15      -1.004788542611e-14       0.000000000000e+00       1.547020560847e-17       3.040218522995e-18       3.463363051613e-20 
 4255       1.651302443790e-13       6.281260480516e-15      -1.002823877192e-14       0.000000000000e+00       1.545457250025e-17       3.039400418822e-18       3.342155530352e-20 
 4256       1.648970765971e-13       6.250432014953e-15      -1.000767662777e-14       0.000000000000e+00       1.543895848630e-17       3.038615564625e-18       3.217256914815e-20 
 4257       1.646635918362e-13       6.219612553550e-15      -9.986205661558e-15       0.000000000000e+00       1.542336357007e-17       3.037856662159e-18       3.088853985515e-20 
 4258       1.644297244926e-13       6.188808025463e-15      -9.963832555480e-15       0.000000000000e+00       1.540778775496e-17       3.037116399392e-18       2.957133881160e-20 
 4259       1.641954088393e-13       6.158024370934e-15      -9.940564006075e-15       0.000000000000e+00       1.539223104430e-17       3.036387450505e-18       2.822284098857e-20 
 4260       1.639605790264e-13       6.127267541289e-15      -9.916406724220e-15       0.000000000000e+00       1.537669344136e-17       3.035662475875e-18       2.684492494328e-20 
 4261       1.637251690811e-13       6.096543498951e-15      -9.891367435138e-15       0.000000000000e+00       1.536117494937e-17       3.034934122074e-18       2.543947282121e-20 
 4262       1.634891129071e-13       6.065858217441e-15      -9.865452878410e-15       0.000000000000e+00       1.534567557148e-17       3.034195021858e-18       2.400837035821e-20 
 4263       1.632523442850e-13       6.035217681389e-15      -9.838669807980e-15       0.000000000000e+00       1.533019531081e-17       3.033437794157e-18       2.255350688264e-20 
 4264       1.630147968719e-13       6.004627886539e-15      -9.811024992169e-15       0.000000000000e+00       1.531473417039e-17       3.032655044070e-18       2.107677531745e-20 
 4265       1.627764042016e-13       5.974094839754e-15      -9.782525213679e-15       0.000000000000e+00       1.529929215323e-17       3.031839362856e-18       1.958007218231e-20 
 4266       1.625370996845e-13       5.943624559024e-15      -9.753177269604e-15       0.000000000000e+00       1.528386926226e-17       3.030983327927e-18       1.806529759576e-20 
 4267       1.622968166074e-13       5.913223073473e-15      -9.722987971440e-15       0.000000000000e+00       1.526846550036e-17       3.030079502835e-18       1.653435527727e-20 
 4268       1.620554881332e-13       5.882896423364e-15      -9.691964145090e-15       0.000000000000e+00       1.525308087035e-17       3.029120437270e-18       1.498915254941e-20 
 4269       1.618130473015e-13       5.852650660105e-15      -9.660112630876e-15       0.000000000000e+00       1.523771537499e-17       3.028098667050e-18       1.343160033992e-20 
 4270       1.615694270280e-13       5.822491846260e-15      -9.627440283547e-15       0.000000000000e+00       1.522236901699e-17       3.027006714111e-18       1.186361318388e-20 
 4271       1.613245686042e-13       5.792425662823e-15      -9.593955396815e-15       0.000000000000e+00       1.520704179480e-17       3.025839220157e-18       1.028715045473e-20 
 4272       1.610784472292e-13       5.762456229583e-15      -9.559671982297e-15       0.000000000000e+00       1.519173369005e-17       3.024599355623e-18       8.704340207828e-21 
 4273       1.608310465654e-13       5.732587280730e-15      -9.524605505267e-15       0.000000000000e+00       1.517644468005e-17       3.023292432686e-18       7.117355765984e-21 
 4274       1.605823502468e-13       5.702822557211e-15      -9.488771461489e-15       0.000000000000e+00       1.516117474201e-17       3.021923773606e-18       5.528374531542e-21 
 4275       1.603323418791e-13       5.673165806743e-15      -9.452185377227e-15       0.000000000000e+00       1.514592385305e-17       3.020498710736e-18       3.939577988743e-21 
 4276       1.600810050391e-13       5.643620783810e-15      -9.414862809265e-15       0.000000000000e+00       1.513069199018e-17       3.019022586527e-18       2.353151706120e-21 
 4277       1.598283232755e-13       5.614191249669e-15      -9.376819344927e-15       0.000000000000e+00       1.511547913029e-17       3.017500753532e-18       7.712853388804e-22 
 4278       1.595742801082e-13       5.584880972353e-15      -9.338070602095e-15       0.000000000000e+00       1.510028525018e-17       3.015938574414e-18      -8.038273687013e-22 
 4279       1.593188590288e-13       5.555693726679e-15      -9.298632229223e-15       0.000000000000e+00       1.508511032654e-17       3.014341421953e-18      -2.369988580897e-21 
 4280       1.590620435001e-13       5.526633294245e-15      -9.258519905363e-15       0.000000000000e+00       1.506995433596e-17       3.012714679049e-18      -3.924996368136e-21 
 4281       1.588038169565e-13       5.497703463440e-15      -9.217749340173e-15       0.000000000000e+00       1.505481725493e-17       3.011063738730e-18      -5.466644704620e-21 
 4282       1.585441628038e-13       5.468908029444e-15      -9.176336273945e-15       0.000000000000e+00       1.503969905981e-17       3.009394004154e-18      -6.992723465928e-21 
 4283       1.582830644192e-13       5.440250794235e-15      -9.134296477617e-15       0.000000000000e+00       1.502459972688e-17       3.007710888624e-18      -8.501018426638e-21 
 4284       1.580205051511e-13       5.411735566591e-15      -9.091645752792e-15       0.000000000000e+00       1.500951923231e-17       3.006019815582e-18      -9.989311257931e-21 
 4285       1.577564683195e-13       5.383366162093e-15      -9.048399931758e-15       0.000000000000e+00       1.499445755215e-17       3.004326218625e-18      -1.145537952520e-20 
 4286       1.574909372156e-13       5.355146403132e-15      -9.004574877504e-15       0.000000000000e+00       1.497941466237e-17       3.002635541505e-18      -1.289699668569e-20 
 4287       1.572238951021e-13       5.327080118910e-15      -8.960186483741e-15       0.000000000000e+00       1.496439053881e-17       3.000953238138e-18      -1.431193208605e-20 
 4288       1.569553252127e-13       5.299171145444e-15      -8.915250674916e-15       0.000000000000e+00       1.494938515721e-17       2.999284772608e-18      -1.569795096001e-20 
 4289       1.566852107529e-13       5.271423325573e-15      -8.869783406233e-15       0.000000000000e+00       1.493439849322e-17       2.997635619173e-18      -1.705281442597e-20 
 4290       1.564135348989e-13       5.243840508960e-15      -8.823800663672e-15       0.000000000000e+00       1.491943052236e-17       2.996011262272e-18      -1.837427948458e-20 
 4291       1.561402807986e-13       5.216426552092e-15      -8.777318464004e-15       0.000000000000e+00       1.490448122007e-17       2.994417196532e-18      -1.966009901639e-20 
 4292       1.558654315710e-13       5.189185318292e-15      -8.730352854813e-15       0.000000000000e+00       1.488955056167e-17       2.992858926771e-18      -2.090802177947e-20 
 4293       1.555889703063e-13       5.162120677717e-15      -8.682919914508e-15       0.000000000000e+00       1.487463852236e-17       2.991341968006e-18      -2.211579240698e-20 
 4294       1.553108800659e-13       5.135236507361e-15      -8.635035752348e-15       0.000000000000e+00       1.485974507727e-17       2.989871845457e-18      -2.328115140481e-20 
 4295       1.550311438826e-13       5.108536691066e-15      -8.586716508457e-15       0.000000000000e+00       1.484487020138e-17       2.988454094555e-18      -2.440183514919e-20 
 4296       1.547497447601e-13       5.082025119517e-15      -8.537978353842e-15       0.000000000000e+00       1.483001386961e-17       2.987094260948e-18      -2.547557588430e-20 
 4297       1.544666656736e-13       5.055705690252e-15      -8.488837490411e-15       0.000000000000e+00       1.481517605674e-17       2.985797900505e-18      -2.650010171987e-20 
 4298       1.541818895691e-13       5.029582307664e-15      -8.439310150991e-15       0.000000000000e+00       1.480035673745e-17       2.984570579324e-18      -2.747313662881e-20 
 4299       1.538953993639e-13       5.003658883005e-15      -8.389412599348e-15       0.000000000000e+00       1.478555588632e-17       2.983417873736e-18      -2.839240044482e-20 
 4300       1.536071779465e-13       4.977939334390e-15      -8.339161130203e-15       0.000000000000e+00       1.477077347783e-17       2.982345370312e-18      -2.925560885998e-20 
 4301       1.533172081764e-13       4.952427586800e-15      -8.288572069250e-15       0.000000000000e+00       1.475600948633e-17       2.981358665868e-18      -3.006047342239e-20 
 4302       1.530254728842e-13       4.927127572086e-15      -8.237661773178e-15       0.000000000000e+00       1.474126388609e-17       2.980463367474e-18      -3.080470153377e-20 
 4303       1.527319548716e-13       4.902043228977e-15      -8.186446629683e-15       0.000000000000e+00       1.472653665125e-17       2.979665092456e-18      -3.148599644707e-20 
 4304       1.524366369114e-13       4.877178503077e-15      -8.134943057491e-15       0.000000000000e+00       1.471182775587e-17       2.978969468403e-18      -3.210205726407e-20 
 4305       1.521395017473e-13       4.852537346873e-15      -8.083167506374e-15       0.000000000000e+00       1.469713717388e-17       2.978382133176e-18      -3.265057893302e-20 
 4306       1.518405320941e-13       4.828123719740e-15      -8.031136457167e-15       0.000000000000e+00       1.468246487910e-17       2.977908734908e-18      -3.312925224624e-20 
 4307       1.515397106377e-13       4.803941587941e-15      -7.978866421791e-15       0.000000000000e+00       1.466781084527e-17       2.977554932015e-18      -3.353576383772e-20 
 4308       1.512370200348e-13       4.779994924635e-15      -7.926373943265e-15       0.000000000000e+00       1.465317504600e-17       2.977326393201e-18      -3.386779618074e-20 
 4309       1.509324429132e-13       4.756287709878e-15      -7.873675595727e-15       0.000000000000e+00       1.463855745480e-17       2.977228797463e-18      -3.412302758549e-20 
 4310       1.506259687935e-13       4.732823329075e-15      -7.820787693885e-15       0.000000000000e+00       1.462395804099e-17       2.977265449990e-18      -3.429998899829e-20 
 4311       1.503176148800e-13       4.709602766097e-15      -7.767725420245e-15       0.000000000000e+00       1.460937675742e-17       2.977430121005e-18      -3.440063758472e-20 
 4312       1.500074053405e-13       4.686626404027e-15      -7.714503694949e-15       0.000000000000e+00       1.459481355273e-17       2.977714182591e-18      -3.442779189115e-20 
 4313       1.496953643910e-13       4.663894626158e-15      -7.661137466093e-15       0.000000000000e+00       1.458026837538e-17       2.978108990572e-18      -3.438427584115e-20 
 4314       1.493815162952e-13       4.641407815992e-15      -7.607641709743e-15       0.000000000000e+00       1.456574117370e-17       2.978605884509e-18      -3.427291873864e-20 
 4315       1.490658853654e-13       4.619166357240e-15      -7.554031429948e-15       0.000000000000e+00       1.455123189585e-17       2.979196187688e-18      -3.409655527102e-20 
 4316       1.487484959616e-13       4.597170633820e-15      -7.500321658759e-15       0.000000000000e+00       1.453674048985e-17       2.979871207109e-18      -3.385802551235e-20 
 4317       1.484293724922e-13       4.575421029862e-15      -7.446527456247e-15       0.000000000000e+00       1.452226690355e-17       2.980622233478e-18      -3.356017492646e-20 
 4318       1.481085394139e-13       4.553917929702e-15      -7.392663910514e-15       0.000000000000e+00       1.450781108467e-17       2.981440541199e-18      -3.320585437012e-20 
 4319       1.477860212314e-13       4.532661717886e-15      -7.338746137713e-15       0.000000000000e+00       1.449337298075e-17       2.982317388360e-18      -3.279792009617e-20 
 4320       1.474618424978e-13       4.511652779169e-15      -7.284789282065e-15       0.000000000000e+00       1.447895253920e-17       2.983244016731e-18      -3.233923375669e-20 
 4321       1.471360278144e-13       4.490891498515e-15      -7.230808515872e-15       0.000000000000e+00       1.446454970726e-17       2.984211651745e-18      -3.183266240610e-20 
 4322       1.468086018309e-13       4.470378261097e-15      -7.176819039537e-15       0.000000000000e+00       1.445016443203e-17       2.985211502498e-18      -3.128107850434e-20 
 4323       1.464795892454e-13       4.450113452296e-15      -7.122836081574e-15       0.000000000000e+00       1.443579666043e-17       2.986234761732e-18      -3.068735992004e-20 
 4324       1.461490148041e-13       4.430097457705e-15      -7.068874898634e-15       0.000000000000e+00       1.442144633926e-17       2.987272605831e-18      -3.005438993358e-20 
 4325       1.458169033018e-13       4.410330663121e-15      -7.014950775513e-15       0.000000000000e+00       1.440711341514e-17       2.988316194806e-18      -2.938505724033e-20 
 4326       1.454832795818e-13       4.390813454556e-15      -6.961079025169e-15       0.000000000000e+00       1.439279783455e-17       2.989356672292e-18      -2.868225595375e-20 
 4327       1.451481685358e-13       4.371546218225e-15      -6.907274988744e-15       0.000000000000e+00       1.437849954380e-17       2.990385165534e-18      -2.794888560852e-20 
 4328       1.448115951038e-13       4.352529340557e-15      -6.853554035574e-15       0.000000000000e+00       1.436421848907e-17       2.991392785379e-18      -2.718785116371e-20 
 4329       1.444735842746e-13       4.333763208188e-15      -6.799931563209e-15       0.000000000000e+00       1.434995461637e-17       2.992370626264e-18      -2.640206300595e-20 
 4330       1.441341610853e-13       4.315248207963e-15      -6.746422997426e-15       0.000000000000e+00       1.433570787155e-17       2.993309766213e-18      -2.559443695252e-20 
 4331       1.437933506217e-13       4.296984726936e-15      -6.693043792251e-15       0.000000000000e+00       1.432147820030e-17       2.994201266820e-18      -2.476789425452e-20 
 4332       1.434511780182e-13       4.278973152372e-15      -6.639809429967e-15       0.000000000000e+00       1.430726554819e-17       2.995036173243e-18      -2.392536160003e-20 
 4333       1.431076684578e-13       4.261213871743e-15      -6.586735421138e-15       0.000000000000e+00       1.429306986060e-17       2.995805514197e-18      -2.306977111724e-20 
 4334       1.427628471722e-13       4.243707272732e-15      -6.533837304620e-15       0.000000000000e+00       1.427889108277e-17       2.996500301940e-18      -2.220406037759e-20 
 4335       1.424167394417e-13       4.226453743229e-15      -6.481130647580e-15       0.000000000000e+00       1.426472915977e-17       2.997111532264e-18      -2.133117239894e-20 
 4336       1.420693705953e-13       4.209453671335e-15      -6.428631045512e-15       0.000000000000e+00       1.425058403655e-17       2.997630184491e-18      -2.045405564868e-20 
 4337       1.417207660109e-13       4.192707445361e-15      -6.376354122252e-15       0.000000000000e+00       1.423645565785e-17       2.998047221456e-18      -1.957566404691e-20 
 4338       1.413709511150e-13       4.176215453825e-15      -6.324315529995e-15       0.000000000000e+00       1.422234396831e-17       2.998353589502e-18      -1.869895696957e-20 
 4339       1.410199513830e-13       4.159978085456e-15      -6.272530949311e-15       0.000000000000e+00       1.420824891237e-17       2.998540218470e-18      -1.782689925157e-20 
 4340       1.406677923390e-13       4.143995729191e-15      -6.221016089162e-15       0.000000000000e+00       1.419417043435e-17       2.998598021689e-18      -1.696246118998e-20 
 4341       1.403144995563e-13       4.128268774179e-15      -6.169786686917e-15       0.000000000000e+00       1.418010847838e-17       2.998517895967e-18      -1.610861854711e-20 
 4342       1.399600986565e-13       4.112797609776e-15      -6.118858508370e-15       0.000000000000e+00       1.416606298847e-17       2.998290721580e-18      -1.526835255373e-20 
 4343       1.396046153107e-13       4.097582625547e-15      -6.068247347755e-15       0.000000000000e+00       1.415203390844e-17       2.997907362265e-18      -1.444464991214e-20 
 4344       1.392480752386e-13       4.082624211269e-15      -6.017969027761e-15       0.000000000000e+00       1.413802118198e-17       2.997358665208e-18      -1.364050279939e-20 
 4345       1.388905042089e-13       4.067922756925e-15      -5.968039399551e-15       0.000000000000e+00       1.412402475261e-17       2.996635461037e-18      -1.285890887036e-20 
 4346       1.385319280394e-13       4.053478652712e-15      -5.918474342776e-15       0.000000000000e+00       1.411004456369e-17       2.995728563809e-18      -1.210287126094e-20 
 4347       1.381723725968e-13       4.039292289032e-15      -5.869289765595e-15       0.000000000000e+00       1.409608055844e-17       2.994628771007e-18      -1.137539859120e-20 
 4348       1.378118637971e-13       4.025364056499e-15      -5.820501604684e-15       0.000000000000e+00       1.408213267991e-17       2.993326863522e-18      -1.067950496845e-20 
 4349       1.374504298464e-13       4.011693870416e-15      -5.772124180660e-15       0.000000000000e+00       1.406820088258e-17       2.991817104806e-18      -1.001767836022e-20 
 4350       1.370881079735e-13       3.998279742468e-15      -5.724165258242e-15       0.000000000000e+00       1.405428516717e-17       2.990107751209e-18      -9.390283750651e-21 
 4351       1.367249377204e-13       3.985119204219e-15      -5.676630969476e-15       0.000000000000e+00       1.404038554592e-17       2.988210577032e-18      -8.797154610188e-21 
 4352       1.363609587029e-13       3.972209782188e-15      -5.629527456828e-15       0.000000000000e+00       1.402650203109e-17       2.986137378601e-18      -8.238124036817e-21 
 4353       1.359962106107e-13       3.959548997848e-15      -5.582860873190e-15       0.000000000000e+00       1.401263463486e-17       2.983899974282e-18      -7.713024755842e-21 
 4354       1.356307332079e-13       3.947134367626e-15      -5.536637381886e-15       0.000000000000e+00       1.399878336941e-17       2.981510204492e-18      -7.221689119652e-21 
 4355       1.352645663321e-13       3.934963402894e-15      -5.490863156679e-15       0.000000000000e+00       1.398494824688e-17       2.978979931711e-18      -6.763949107501e-21 
 4356       1.348977498955e-13       3.923033609970e-15      -5.445544381774e-15       0.000000000000e+00       1.397112927938e-17       2.976321040498e-18      -6.339636325275e-21 
 4357       1.345303238841e-13       3.911342490114e-15      -5.400687251826e-15       0.000000000000e+00       1.395732647901e-17       2.973545437498e-18      -5.948582005272e-21 
 4358       1.341623283582e-13       3.899887539526e-15      -5.356297971945e-15       0.000000000000e+00       1.394353985781e-17       2.970665051460e-18      -5.590617005967e-21 
 4359       1.337938034524e-13       3.888666249342e-15      -5.312382757704e-15       0.000000000000e+00       1.392976942782e-17       2.967691833250e-18      -5.265571811794e-21 
 4360       1.334247893754e-13       3.877676105628e-15      -5.268947835139e-15       0.000000000000e+00       1.391601520103e-17       2.964637755856e-18      -4.973276532913e-21 
 4361       1.330553264103e-13       3.866914589385e-15      -5.225999440763e-15       0.000000000000e+00       1.390227718940e-17       2.961514814413e-18      -4.713560904987e-21 
 4362       1.326854549147e-13       3.856379176538e-15      -5.183543821564e-15       0.000000000000e+00       1.388855540488e-17       2.958335026204e-18      -4.486254288952e-21 
 4363       1.323152153202e-13       3.846067337937e-15      -5.141587235017e-15       0.000000000000e+00       1.387484985937e-17       2.955110430679e-18      -4.291185670793e-21 
 4364       1.319446481333e-13       3.835976539352e-15      -5.100135949085e-15       0.000000000000e+00       1.386116056477e-17       2.951853089468e-18      -4.128183661316e-21 
 4365       1.315737939347e-13       3.826104241473e-15      -5.059196242228e-15       0.000000000000e+00       1.384748753290e-17       2.948575086391e-18      -3.997076495923e-21 
 4366       1.312026933796e-13       3.816447899904e-15      -5.018774403409e-15       0.000000000000e+00       1.383383077561e-17       2.945288527472e-18      -3.897692034381e-21 
 4367       1.308313871979e-13       3.807004965160e-15      -4.978876732095e-15       0.000000000000e+00       1.382019030467e-17       2.942005540952e-18      -3.829857760601e-21 
 4368       1.304599161941e-13       3.797772882669e-15      -4.939509538270e-15       0.000000000000e+00       1.380656613186e-17       2.938738277300e-18      -3.793400782407e-21 
 4369       1.300883212472e-13       3.788749092760e-15      -4.900679142436e-15       0.000000000000e+00       1.379295826890e-17       2.935498909230e-18      -3.788147831310e-21 
 4370       1.297166433111e-13       3.779931030670e-15      -4.862391875620e-15       0.000000000000e+00       1.377936672750e-17       2.932299631708e-18      -3.813925262283e-21 
 4371       1.293449234144e-13       3.771316126532e-15      -4.824654079380e-15       0.000000000000e+00       1.376579151932e-17       2.929152661969e-18      -3.870559053534e-21 
 4372       1.289732026602e-13       3.762901805379e-15      -4.787472105810e-15       0.000000000000e+00       1.375223265603e-17       2.926070239527e-18      -3.957874806277e-21 
 4373       1.286015222268e-13       3.754685487137e-15      -4.750852317547e-15       0.000000000000e+00       1.373869014922e-17       2.923064626191e-18      -4.075697744508e-21 
 4374       1.282299233671e-13       3.746664586623e-15      -4.714801087776e-15       0.000000000000e+00       1.372516401048e-17       2.920148106074e-18      -4.223852714776e-21 
 4375       1.278584474091e-13       3.738836513543e-15      -4.679324800237e-15       0.000000000000e+00       1.371165425138e-17       2.917332985609e-18      -4.402164185958e-21 
 4376       1.274871357556e-13       3.731198672487e-15      -4.644429849230e-15       0.000000000000e+00       1.369816088343e-17       2.914631593558e-18      -4.610456249032e-21 
 4377       1.271160298844e-13       3.723748462929e-15      -4.610122639619e-15       0.000000000000e+00       1.368468391813e-17       2.912056281029e-18      -4.848552616849e-21 
 4378       1.267451713484e-13       3.716483279220e-15      -4.576409586841e-15       0.000000000000e+00       1.367122336694e-17       2.909619421485e-18      -5.116276623908e-21 
 4379       1.263746017757e-13       3.709400510589e-15      -4.543297116910e-15       0.000000000000e+00       1.365777924131e-17       2.907333410760e-18      -5.413451226127e-21 
 4380       1.260043628692e-13       3.702497541136e-15      -4.510791666424e-15       0.000000000000e+00       1.364435155263e-17       2.905210667069e-18      -5.739899000621e-21 
 4381       1.256344964071e-13       3.695771749835e-15      -4.478899682569e-15       0.000000000000e+00       1.363094031229e-17       2.903263631022e-18      -6.095442145468e-21 
 4382       1.252650442431e-13       3.689220510523e-15      -4.447627623127e-15       0.000000000000e+00       1.361754553163e-17       2.901504765636e-18      -6.479902479490e-21 
 4383       1.248960483056e-13       3.682841191903e-15      -4.416981956478e-15       0.000000000000e+00       1.360416722196e-17       2.899946556349e-18      -6.893101442020e-21 
 4384       1.245275505988e-13       3.676631157540e-15      -4.386969161611e-15       0.000000000000e+00       1.359080539458e-17       2.898601511033e-18      -7.334860092678e-21 
 4385       1.241595932018e-13       3.670587765856e-15      -4.357595728128e-15       0.000000000000e+00       1.357746006074e-17       2.897482160003e-18      -7.804999111146e-21 
 4386       1.237922182695e-13       3.664708370129e-15      -4.328868156247e-15       0.000000000000e+00       1.356413123167e-17       2.896601056033e-18      -8.303338796939e-21 
 4387       1.234254680318e-13       3.658990318489e-15      -4.300792956810e-15       0.000000000000e+00       1.355081891856e-17       2.895970774372e-18      -8.829699069176e-21 
 4388       1.230593828194e-13       3.653430848805e-15      -4.273375194408e-15       0.000000000000e+00       1.353752312462e-17       2.895599371890e-18      -9.383545906322e-21 
 4389       1.226939951306e-13       3.648026772967e-15      -4.246614111429e-15       0.000000000000e+00       1.352424382111e-17       2.895476747975e-18      -9.962929376656e-21 
 4390       1.223293355445e-13       3.642774791546e-15      -4.220507489406e-15       0.000000000000e+00       1.351098097124e-17       2.895588238118e-18      -1.056554206108e-20 
 4391       1.219654346942e-13       3.637671598800e-15      -4.195053104572e-15       0.000000000000e+00       1.349773453809e-17       2.895919150623e-18      -1.118907228856e-20 
 4392       1.216023232667e-13       3.632713882675e-15      -4.170248727854e-15       0.000000000000e+00       1.348450448462e-17       2.896454766588e-18      -1.183120413366e-20 
 4393       1.212400320031e-13       3.627898324799e-15      -4.146092124868e-15       0.000000000000e+00       1.347129077368e-17       2.897180339888e-18      -1.248961741416e-20 
 4394       1.208785916985e-13       3.623221600476e-15      -4.122581055922e-15       0.000000000000e+00       1.345809336799e-17       2.898081097166e-18      -1.316198768857e-20 
 4395       1.205180332022e-13       3.618680378689e-15      -4.099713276005e-15       0.000000000000e+00       1.344491223017e-17       2.899142237809e-18      -1.384598625375e-20 
 4396       1.201583874175e-13       3.614271322089e-15      -4.077486534789e-15       0.000000000000e+00       1.343174732272e-17       2.900348933940e-18      -1.453928014246e-20 
 4397       1.197996853019e-13       3.609991086996e-15      -4.055898576624e-15       0.000000000000e+00       1.341859860799e-17       2.901686330395e-18      -1.523953212093e-20 
 4398       1.194419578671e-13       3.605836323395e-15      -4.034947140536e-15       0.000000000000e+00       1.340546604826e-17       2.903139544715e-18      -1.594440068641e-20 
 4399       1.190852361789e-13       3.601803674928e-15      -4.014629960221e-15       0.000000000000e+00       1.339234960566e-17       2.904693667125e-18      -1.665154006480e-20 
 4400       1.187295513574e-13       3.597889778898e-15      -3.994944764045e-15       0.000000000000e+00       1.337924924221e-17       2.906333760519e-18      -1.735860020816e-20 
 4401       1.183749345771e-13       3.594091266257e-15      -3.975889275037e-15       0.000000000000e+00       1.336616491982e-17       2.908044860450e-18      -1.806322679229e-20 
 4402       1.180214170666e-13       3.590404761609e-15      -3.957461210890e-15       0.000000000000e+00       1.335309660027e-17       2.909811975105e-18      -1.876306121433e-20 
 4403       1.176690301089e-13       3.586826883204e-15      -3.939658283956e-15       0.000000000000e+00       1.334004424523e-17       2.911620085297e-18      -1.945574059032e-20 
 4404       1.173178050415e-13       3.583354242931e-15      -3.922478201239e-15       0.000000000000e+00       1.332700781624e-17       2.913454144448e-18      -2.013889775274e-20 
 4405       1.169677732561e-13       3.579983446322e-15      -3.905918664399e-15       0.000000000000e+00       1.331398727474e-17       2.915299078570e-18      -2.081016124811e-20 
 4406       1.166189661988e-13       3.576711092539e-15      -3.889977369742e-15       0.000000000000e+00       1.330098258203e-17       2.917139786253e-18      -2.146715533458e-20 
 4407       1.162714153703e-13       3.573533774379e-15      -3.874652008222e-15       0.000000000000e+00       1.328799369932e-17       2.918961138648e-18      -2.210749997942e-20 
 4408       1.159251523258e-13       3.570448078264e-15      -3.859940265434e-15       0.000000000000e+00       1.327502058766e-17       2.920747979452e-18      -2.272881085671e-20 
 4409       1.155802086748e-13       3.567450584240e-15      -3.845839821611e-15       0.000000000000e+00       1.326206320803e-17       2.922485124892e-18      -2.332869934478e-20 
 4410       1.152366160816e-13       3.564537865976e-15      -3.832348351624e-15       0.000000000000e+00       1.324912152125e-17       2.924157363710e-18      -2.390477252390e-20 
 4411       1.148944062649e-13       3.561706490754e-15      -3.819463524976e-15       0.000000000000e+00       1.323619548804e-17       2.925749457146e-18      -2.445463317375e-20 
 4412       1.145536109981e-13       3.558953019471e-15      -3.807183005797e-15       0.000000000000e+00       1.322328506900e-17       2.927246138923e-18      -2.497587977106e-20 
 4413       1.142142621090e-13       3.556274006632e-15      -3.795504452847e-15       0.000000000000e+00       1.321039022461e-17       2.928632115234e-18      -2.546610648716e-20 
 4414       1.138763914805e-13       3.553666000349e-15      -3.784425519506e-15       0.000000000000e+00       1.319751091524e-17       2.929892064721e-18      -2.592290318553e-20 
 4415       1.135400310498e-13       3.551125542334e-15      -3.773943853773e-15       0.000000000000e+00       1.318464710111e-17       2.931010638467e-18      -2.634385541939e-20 
 4416       1.132052128090e-13       3.548649167899e-15      -3.764057098266e-15       0.000000000000e+00       1.317179874235e-17       2.931972459972e-18      -2.672654442927e-20 
 4417       1.128719688050e-13       3.546233405949e-15      -3.754762890213e-15       0.000000000000e+00       1.315896579897e-17       2.932762125144e-18      -2.706854714058e-20 
 4418       1.125403311393e-13       3.543874778983e-15      -3.746058861454e-15       0.000000000000e+00       1.314614823085e-17       2.933364202280e-18      -2.736743616117e-20 
 4419       1.122103319684e-13       3.541569803083e-15      -3.737942638434e-15       0.000000000000e+00       1.313334599774e-17       2.933763232051e-18      -2.762077977891e-20 
 4420       1.118820035035e-13       3.539314987918e-15      -3.730411842203e-15       0.000000000000e+00       1.312055905930e-17       2.933943727488e-18      -2.782614195926e-20 
 4421       1.115553780108e-13       3.537106836737e-15      -3.723464088407e-15       0.000000000000e+00       1.310778737505e-17       2.933890173966e-18      -2.798108234283e-20 
 4422       1.112304878114e-13       3.534941846363e-15      -3.717096987294e-15       0.000000000000e+00       1.309503090438e-17       2.933587029185e-18      -2.808315624296e-20 
 4423       1.109073652812e-13       3.532816507193e-15      -3.711308143702e-15       0.000000000000e+00       1.308228960660e-17       2.933018723158e-18      -2.812991464330e-20 
 4424       1.105860428512e-13       3.530727303195e-15      -3.706095157059e-15       0.000000000000e+00       1.306956344085e-17       2.932169658197e-18      -2.811890419536e-20 
 4425       1.102665530074e-13       3.528670711898e-15      -3.701455621382e-15       0.000000000000e+00       1.305685236619e-17       2.931024208893e-18      -2.804766721609e-20 
 4426       1.099489282907e-13       3.526643204398e-15      -3.697387125269e-15       0.000000000000e+00       1.304415634154e-17       2.929566722101e-18      -2.791374168544e-20 
 4427       1.096331956633e-13       3.524641355588e-15      -3.693885573578e-15       0.000000000000e+00       1.303147532642e-17       2.927786532815e-18      -2.771552474644e-20 
 4428       1.093193595858e-13       3.522662175293e-15      -3.690940146377e-15       0.000000000000e+00       1.301880928312e-17       2.925693029939e-18      -2.745486633109e-20 
 4429       1.090074188842e-13       3.520702778227e-15      -3.688538323302e-15       0.000000000000e+00       1.300615817455e-17       2.923300640346e-18      -2.713448411431e-20 
 4430       1.086973723783e-13       3.518760273847e-15      -3.686667560345e-15       0.000000000000e+00       1.299352196349e-17       2.920623817543e-18      -2.675710079431e-20 
 4431       1.083892188820e-13       3.516831766352e-15      -3.685315289847e-15       0.000000000000e+00       1.298090061262e-17       2.917677041683e-18      -2.632544409540e-20 
 4432       1.080829572033e-13       3.514914354677e-15      -3.684468920476e-15       0.000000000000e+00       1.296829408450e-17       2.914474819579e-18      -2.584224677090e-20 
 4433       1.077785861441e-13       3.513005132491e-15      -3.684115837223e-15       0.000000000000e+00       1.295570234157e-17       2.911031684722e-18      -2.531024660593e-20 
 4434       1.074761045002e-13       3.511101188197e-15      -3.684243401380e-15       0.000000000000e+00       1.294312534618e-17       2.907362197294e-18      -2.473218642032e-20 
 4435       1.071755110616e-13       3.509199604925e-15      -3.684838950532e-15       0.000000000000e+00       1.293056306055e-17       2.903480944185e-18      -2.411081407145e-20 
 4436       1.068768046121e-13       3.507297460531e-15      -3.685889798543e-15       0.000000000000e+00       1.291801544679e-17       2.899402539004e-18      -2.344888245709e-20 
 4437       1.065799839297e-13       3.505391827592e-15      -3.687383235538e-15       0.000000000000e+00       1.290548246689e-17       2.895141622102e-18      -2.274914951829e-20 
 4438       1.062850477861e-13       3.503479773408e-15      -3.689306527894e-15       0.000000000000e+00       1.289296408274e-17       2.890712860577e-18      -2.201437824220e-20 
 4439       1.059919949473e-13       3.501558359992e-15      -3.691646918226e-15       0.000000000000e+00       1.288046025611e-17       2.886130948298e-18      -2.124733666494e-20 
 4440       1.057008241730e-13       3.499624644074e-15      -3.694391625372e-15       0.000000000000e+00       1.286797094866e-17       2.881410605915e-18      -2.045079787447e-20 
 4441       1.054115342170e-13       3.497675677092e-15      -3.697527844380e-15       0.000000000000e+00       1.285549612193e-17       2.876566580877e-18      -1.962754001342e-20 
 4442       1.051241238270e-13       3.495708505193e-15      -3.701042746493e-15       0.000000000000e+00       1.284303573735e-17       2.871613647444e-18      -1.878034628199e-20 
 4443       1.048385917448e-13       3.493720169229e-15      -3.704923479139e-15       0.000000000000e+00       1.283058975624e-17       2.866566606705e-18      -1.791200494075e-20 
 4444       1.045549367060e-13       3.491707704753e-15      -3.709157165914e-15       0.000000000000e+00       1.281815813980e-17       2.861440286593e-18      -1.702530931354e-20 
 4445       1.042731574401e-13       3.489668142019e-15      -3.713730906571e-15       0.000000000000e+00       1.280574084912e-17       2.856249541896e-18      -1.612305779030e-20 
 4446       1.039932526709e-13       3.487598505973e-15      -3.718631777004e-15       0.000000000000e+00       1.279333784518e-17       2.851009254280e-18      -1.520805382993e-20 
 4447       1.037152211157e-13       3.485495816256e-15      -3.723846829237e-15       0.000000000000e+00       1.278094908884e-17       2.845734332296e-18      -1.428310596318e-20 
 4448       1.034390614860e-13       3.483357087201e-15      -3.729363091409e-15       0.000000000000e+00       1.276857454085e-17       2.840439711399e-18      -1.335102779545e-20 
 4449       1.031647724872e-13       3.481179327823e-15      -3.735167567761e-15       0.000000000000e+00       1.275621416184e-17       2.835140353965e-18      -1.241463800970e-20 
 4450       1.028923528186e-13       3.478959541826e-15      -3.741247238620e-15       0.000000000000e+00       1.274386791233e-17       2.829851249300e-18      -1.147676036926e-20 
 4451       1.026218011734e-13       3.476694727592e-15      -3.747589060390e-15       0.000000000000e+00       1.273153575273e-17       2.824587413664e-18      -1.054022372073e-20 
 4452       1.023531162388e-13       3.474381878182e-15      -3.754179965535e-15       0.000000000000e+00       1.271921764332e-17       2.819363890277e-18      -9.607861996784e-21 
 4453       1.020862966959e-13       3.472017981331e-15      -3.761006862569e-15       0.000000000000e+00       1.270691354430e-17       2.814195749340e-18      -8.682514219089e-21 
 4454       1.018213412196e-13       3.469600019447e-15      -3.768056636035e-15       0.000000000000e+00       1.269462341571e-17       2.809098088048e-18      -7.767024501110e-21 
 4455       1.015582484789e-13       3.467124969607e-15      -3.775316146502e-15       0.000000000000e+00       1.268234721751e-17       2.804086030607e-18      -6.864242050992e-21 
 4456       1.012970171366e-13       3.464589803553e-15      -3.782772230542e-15       0.000000000000e+00       1.267008490953e-17       2.799174728246e-18      -5.977021174407e-21 
 4457       1.010376458493e-13       3.461991487693e-15      -3.790411700723e-15       0.000000000000e+00       1.265783645150e-17       2.794379359235e-18      -5.108221277414e-21 
 4458       1.007801332677e-13       3.459326983092e-15      -3.798221345590e-15       0.000000000000e+00       1.264560180301e-17       2.789715128897e-18      -4.260706869314e-21 
 4459       1.005244780364e-13       3.456593245473e-15      -3.806187929659e-15       0.000000000000e+00       1.263338092355e-17       2.785197269628e-18      -3.437347565506e-21 
 4460       1.002706787936e-13       3.453787225214e-15      -3.814298193393e-15       0.000000000000e+00       1.262117377251e-17       2.780841040908e-18      -2.641018090343e-21 
 4461       1.000187341717e-13       3.450905867344e-15      -3.822538853200e-15       0.000000000000e+00       1.260898030914e-17       2.776661729316e-18      -1.874598279992e-21 
 4462       9.976864279683e-14       3.447946111540e-15      -3.830896601409e-15       0.000000000000e+00       1.259680049258e-17       2.772674648549e-18      -1.140973085284e-21 
 4463       9.952040328904e-14       3.444904892124e-15      -3.839358106264e-15       0.000000000000e+00       1.258463428188e-17       2.768895139433e-18      -4.430325745758e-22 
 4464       9.927401426225e-14       3.441779138060e-15      -3.847910011908e-15       0.000000000000e+00       1.257248163593e-17       2.765338569940e-18       2.163280633969e-22 
 4465       9.902947432423e-14       3.438565772952e-15      -3.856538938366e-15       0.000000000000e+00       1.256034251355e-17       2.762020335204e-18       8.342085166619e-22 
 4466       9.878678303025e-14       3.435262399895e-15      -3.865234597047e-15       0.000000000000e+00       1.254821689046e-17       2.758952373459e-18       1.408360813769e-21 
 4467       9.854594374738e-14       3.431869358482e-15      -3.873999148407e-15       0.000000000000e+00       1.253610481050e-17       2.756132701353e-18       1.939164076234e-21 
 4468       9.830696079953e-14       3.428387674541e-15      -3.882837874960e-15       0.000000000000e+00       1.252400633464e-17       2.753555844328e-18       2.427656239666e-21 
 4469       9.806983851474e-14       3.424818375893e-15      -3.891756068563e-15       0.000000000000e+00       1.251192152387e-17       2.751216317573e-18       2.874877176915e-21 
 4470       9.783458122517e-14       3.421162492354e-15      -3.900759030418e-15       0.000000000000e+00       1.249985043928e-17       2.749108626018e-18       3.281868699174e-21 
 4471       9.760119326708e-14       3.417421055737e-15      -3.909852071081e-15       0.000000000000e+00       1.248779314202e-17       2.747227264325e-18       3.649674557076e-21 
 4472       9.736967898084e-14       3.413595099851e-15      -3.919040510467e-15       0.000000000000e+00       1.247574969330e-17       2.745566716887e-18       3.979340441792e-21 
 4473       9.714004271095e-14       3.409685660506e-15      -3.928329677853e-15       0.000000000000e+00       1.246372015442e-17       2.744121457816e-18       4.271913986127e-21 
 4474       9.691228880602e-14       3.405693775509e-15      -3.937724911884e-15       0.000000000000e+00       1.245170458672e-17       2.742885950944e-18       4.528444765625e-21 
 4475       9.668642161879e-14       3.401620484667e-15      -3.947231560579e-15       0.000000000000e+00       1.243970305162e-17       2.741854649812e-18       4.749984299662e-21 
 4476       9.646244550611e-14       3.397466829794e-15      -3.956854981336e-15       0.000000000000e+00       1.242771561061e-17       2.741021997666e-18       4.937586052545e-21 
 4477       9.624036482896e-14       3.393233854700e-15      -3.966600540937e-15       0.000000000000e+00       1.241574232525e-17       2.740382427452e-18       5.092305434613e-21 
 4478       9.602018395244e-14       3.388922605206e-15      -3.976473615554e-15       0.000000000000e+00       1.240378325717e-17       2.739930361809e-18       5.215199803333e-21 
 4479       9.580190724578e-14       3.384534129133e-15      -3.986479590751e-15       0.000000000000e+00       1.239183846805e-17       2.739660213064e-18       5.307328464400e-21 
 4480       9.558553908234e-14       3.380069476312e-15      -3.996623861493e-15       0.000000000000e+00       1.237990801967e-17       2.739566383224e-18       5.369752672836e-21 
 4481       9.537108383960e-14       3.375529698579e-15      -4.006911832151e-15       0.000000000000e+00       1.236799197384e-17       2.739643263974e-18       5.403535634084e-21 
 4482       9.515854589917e-14       3.370915849782e-15      -4.017348916504e-15       0.000000000000e+00       1.235609039247e-17       2.739885236668e-18       5.409742505114e-21 
 4483       9.494792964681e-14       3.366228985775e-15      -4.027940537747e-15       0.000000000000e+00       1.234420333752e-17       2.740286672325e-18       5.389440395514e-21 
 4484       9.473923947240e-14       3.361470164425e-15      -4.038692128495e-15       0.000000000000e+00       1.233233087103e-17       2.740841931622e-18       5.343698368595e-21 
 4485       9.453247976995e-14       3.356640445613e-15      -4.049609130790e-15       0.000000000000e+00       1.232047305509e-17       2.741545364888e-18       5.273587442482e-21 
 4486       9.432765493763e-14       3.351740891231e-15      -4.060696996104e-15       0.000000000000e+00       1.230862995189e-17       2.742391312100e-18       5.180180591220e-21 
 4487       9.412476937773e-14       3.346772565185e-15      -4.071961185343e-15       0.000000000000e+00       1.229680162365e-17       2.743374102875e-18       5.064552745868e-21 
 4488       9.392382749669e-14       3.341736533399e-15      -4.083407168859e-15       0.000000000000e+00       1.228498813270e-17       2.744488056465e-18       4.927780795600e-21 
 4489       9.372483370508e-14       3.336633863811e-15      -4.095040426445e-15       0.000000000000e+00       1.227318954139e-17       2.745727481754e-18       4.770943588799e-21 
 4490       9.352779241762e-14       3.331465626380e-15      -4.106866447350e-15       0.000000000000e+00       1.226140591218e-17       2.747086677245e-18       4.595121934162e-21 
 4491       9.333270805318e-14       3.326232893083e-15      -4.118890730276e-15       0.000000000000e+00       1.224963730759e-17       2.748559931063e-18       4.401398601793e-21 
 4492       9.313958503478e-14       3.320936737914e-15      -4.131118783391e-15       0.000000000000e+00       1.223788379018e-17       2.750141520942e-18       4.190858324304e-21 
 4493       9.294842778957e-14       3.315578236894e-15      -4.143556124328e-15       0.000000000000e+00       1.222614542262e-17       2.751825714223e-18       3.964587797913e-21 
 4494       9.275924074888e-14       3.310158468061e-15      -4.156208280193e-15       0.000000000000e+00       1.221442226762e-17       2.753606767848e-18       3.723675683543e-21 
 4495       9.257202834816e-14       3.304678511482e-15      -4.169080787568e-15       0.000000000000e+00       1.220271438797e-17       2.755478928352e-18       3.469212607918e-21 
 4496       9.238679502702e-14       3.299139449244e-15      -4.182179192521e-15       0.000000000000e+00       1.219102184652e-17       2.757436431860e-18       3.202291164665e-21 
 4497       9.220354522925e-14       3.293542365462e-15      -4.195509050606e-15       0.000000000000e+00       1.217934470619e-17       2.759473504078e-18       2.924005915411e-21 
 4498       9.202228340277e-14       3.287888346279e-15      -4.209075926870e-15       0.000000000000e+00       1.216768302999e-17       2.761584360292e-18       2.635453390880e-21 
 4499       9.184301399967e-14       3.282178479865e-15      -4.222885395860e-15       0.000000000000e+00       1.215603688097e-17       2.763763205355e-18       2.337732091994e-21 
 4500       9.166574147620e-14       3.276413856419e-15      -4.236943041626e-15       0.000000000000e+00       1.214440632227e-17       2.766004233689e-18       2.031942490969e-21 
