# dimensionless total lensed [l(l+1)/2pi] C_l's
# for l=2 to 4000, i.e. number of multipoles equal to 3999
#
# -> if you prefer output in CAMB/HealPix/LensPix units/order, set 'format' to 'camb' in input file
# -> if you don't want to see such a header, set 'headers' to 'no' in input file
# -> for CMB lensing (phi), these are C_l^phi-phi for the lensing potential.
#    Remember the conversion factors:
#    C_l^dd (deflection) = l(l+1) C_l^phi-phi
#    C_l^gg (shear/convergence) = 1/4 (l(l+1))^2 C_l^phi-phi
#
# 1:l     2:TT                     3:EE                     4:TE                     5:BB                     6:phiphi                 7:TPhi                   8:Ephi               
    2       1.384202963149e-10       4.186576788927e-15       3.522057416474e-13       2.635330364851e-19       8.373948001015e-09       4.603357553386e-10      -1.843366407504e-12 
    3       1.309904558349e-10       5.367565563670e-15       3.963295771597e-13       5.271855977860e-19       5.158454649864e-09       3.262286496919e-10      -1.396676659800e-12 
    4       1.240332779872e-10       4.643537915438e-15       3.710292181539e-13       8.789053135638e-19       3.577884085063e-09       2.469819281287e-10      -9.145824921803e-13 
    5       1.188700072231e-10       3.099112635880e-15       3.163345460665e-13       1.318843415589e-18       2.665381030995e-09       1.951351271639e-10      -5.085620021593e-13 
    6       1.153806233231e-10       1.734923111128e-15       2.551199919870e-13       1.847182187272e-18       2.078806355212e-09       1.588168768025e-10      -2.094079510906e-13 
    7       1.131619433815e-10       9.397557908814e-16       2.006636702375e-13       2.464130822660e-18       1.674835799220e-09       1.321515567733e-10      -1.870672458588e-14 
    8       1.119363012789e-10       6.081515042379e-16       1.588043365290e-13       3.169920801395e-18       1.382748272926e-09       1.119275179075e-10       7.847756538824e-14 
    9       1.114539109554e-10       4.895277485738e-16       1.308658245916e-13       3.964800944055e-18       1.163518357527e-09       9.623933640968e-11       1.055189417099e-13 
   10       1.114809829403e-10       4.191579590092e-16       1.155489054560e-13       4.849032321699e-18       9.940106771554e-10       8.380838251446e-11       8.832291893684e-14 
   11       1.119615879981e-10       3.554538947275e-16       1.101985493548e-13       5.822883195838e-18       8.512048656716e-10       7.448619810256e-11       5.106335600448e-14 
   12       1.127388155726e-10       3.136850156994e-16       1.117462650343e-13       6.886624160562e-18       7.444047687555e-10       6.590745057423e-11       1.132522297825e-14 
   13       1.137640766570e-10       3.044916069820e-16       1.174951029585e-13       8.040523647164e-18       6.566566974649e-10       5.893238089106e-11      -1.883935455987e-14 
   14       1.149902446068e-10       3.198078946924e-16       1.254081255035e-13       9.284843933993e-18       5.835941303385e-10       5.285791626653e-11      -3.519768859557e-14 
   15       1.164026961025e-10       3.480899421325e-16       1.341787073859e-13       1.061983778104e-17       5.220528400553e-10       4.774388570579e-11      -3.798254299822e-14 
   16       1.179217292780e-10       3.871249076573e-16       1.431352398158e-13       1.204574578102e-17       4.696907836425e-10       4.333091658856e-11      -3.119571319665e-14 
   17       1.195801655702e-10       4.426570504417e-16       1.520530813601e-13       1.356279448729e-17       4.247415676765e-10       3.947620990136e-11      -2.007185967199e-14 
   18       1.213109994637e-10       5.201743580563e-16       1.611849200790e-13       1.517119497375e-17       3.857065766289e-10       3.611423404955e-11      -9.529082248482e-15 
   19       1.231249724096e-10       6.200106380135e-16       1.707543714554e-13       1.687114442483e-17       3.519616154671e-10       3.319652186310e-11      -2.177450581893e-15 
   20       1.250164097961e-10       7.401609092639e-16       1.809051926023e-13       1.866282256878e-17       3.222260647155e-10       3.060444895224e-11       2.832185519417e-16 
   21       1.269858523139e-10       8.800687524957e-16       1.915843519107e-13       2.054639821976e-17       2.960359906984e-10       2.829112895510e-11      -1.549271406322e-15 
   22       1.290058234225e-10       1.039350093085e-15       2.025970659098e-13       2.252202533021e-17       2.727643873528e-10       2.619937049809e-11      -5.883628748429e-15 
   23       1.310831290444e-10       1.218235309364e-15       2.136175408287e-13       2.458985157988e-17       2.521023206375e-10       2.432168647995e-11      -1.094624082278e-14 
   24       1.332128772732e-10       1.416987237217e-15       2.242314610937e-13       2.675001379759e-17       2.335806627661e-10       2.264220505356e-11      -1.485794292074e-14 
   25       1.353891907383e-10       1.635892895183e-15       2.341267988730e-13       2.900264667809e-17       2.169500297364e-10       2.113763578844e-11      -1.680037397399e-14 
   26       1.375932878794e-10       1.875408017851e-15       2.430353437576e-13       3.134787973940e-17       2.018867730855e-10       1.976931189654e-11      -1.644634560977e-14 
   27       1.398347412789e-10       2.137272594198e-15       2.508847465622e-13       3.378585071889e-17       1.883139181530e-10       1.852800558484e-11      -1.432364661719e-14 
   28       1.421165978912e-10       2.423866899669e-15       2.576877817582e-13       3.631669596221e-17       1.760681318876e-10       1.739874736235e-11      -1.146244954526e-14 
   29       1.444282788832e-10       2.737594536537e-15       2.634887345893e-13       3.894055062187e-17       1.648535008683e-10       1.635534460193e-11      -9.010639990511e-15 
   30       1.467763066531e-10       3.079626332917e-15       2.683356072942e-13       4.165756381793e-17       1.546089236683e-10       1.539662231042e-11      -7.362347002253e-15 
   31       1.491621118451e-10       3.450648397686e-15       2.723015452283e-13       4.446789023249e-17       1.452589763056e-10       1.452219097373e-11      -6.695198516148e-15 
   32       1.515773080205e-10       3.851292730666e-15       2.754533252476e-13       4.737168811324e-17       1.366565023185e-10       1.372446035742e-11      -7.091530650561e-15 
   33       1.540212296261e-10       4.282584890775e-15       2.777074089216e-13       5.036912376712e-17       1.287551327336e-10       1.299680723735e-11      -8.189303019445e-15 
   34       1.564873927695e-10       4.745650745096e-15       2.789194129135e-13       5.346036984891e-17       1.214853921345e-10       1.232693597170e-11      -9.387494838360e-15 
   35       1.589644270060e-10       5.241578882760e-15       2.789355650039e-13       5.664560132939e-17       1.147396695931e-10       1.169897136693e-11      -1.008206587835e-14 
   36       1.614595715102e-10       5.771355751240e-15       2.776483419753e-13       5.992498316745e-17       1.085007594674e-10       1.111081736460e-11      -1.020884055193e-14 
   37       1.639818336236e-10       6.335902114241e-15       2.749582850312e-13       6.329867917774e-17       1.027493719916e-10       1.056198072822e-11      -9.884931734248e-15 
   38       1.665349324401e-10       6.936084931157e-15       2.707585745241e-13       6.676685575678e-17       9.742526103329e-11       1.004855928484e-11      -9.268839423760e-15 
   39       1.691182397813e-10       7.572710401663e-15       2.649603610564e-13       7.032967330502e-17       9.244901921570e-11       9.565090715327e-12      -8.539168518964e-15 
   40       1.717315763266e-10       8.246510347543e-15       2.575804626569e-13       7.398725609624e-17       8.780559967704e-11       9.111646140068e-12      -7.814631335026e-15 
   41       1.743709583823e-10       8.958144234305e-15       2.486826675476e-13       7.773971273867e-17       8.348294440007e-11       8.688612384287e-12      -7.211874824057e-15 
   42       1.770266208318e-10       9.708197258935e-15       2.383558594328e-13       8.158714391072e-17       7.944705752411e-11       8.294570904465e-12      -6.868640806717e-15 
   43       1.796876711098e-10       1.049722851766e-14       2.266799976080e-13       8.552963199309e-17       7.565461979557e-11       7.927007192547e-12      -6.901172719285e-15 
   44       1.823590530120e-10       1.132594387809e-14       2.136079681470e-13       8.956720687442e-17       7.209990186231e-11       7.585082143379e-12      -7.257730082774e-15 
   45       1.850489701891e-10       1.219506959421e-14       1.990493220037e-13       9.369986893376e-17       6.877936951363e-11       7.267455261688e-12      -7.821416660471e-15 
   46       1.877639566604e-10       1.310530338916e-14       1.829017512085e-13       9.792759722179e-17       6.567759577789e-11       6.971388785616e-12      -8.448469473106e-15 
   47       1.905086704864e-10       1.405731338587e-14       1.650502856534e-13       1.022503485002e-16       6.276633313783e-11       6.692642964614e-12      -8.966685402557e-15 
   48       1.932857638957e-10       1.505166634011e-14       1.453892191292e-13       1.066680543834e-16       6.001322908760e-11       6.426700435319e-12      -9.222564293276e-15 
   49       1.960959318023e-10       1.608859091232e-14       1.238970702866e-13       1.111806140528e-16       5.741304281990e-11       6.173091826094e-12      -9.242123881744e-15 
   50       1.989375224713e-10       1.716814582770e-14       1.005813722383e-13       1.157878978385e-16       5.496363410262e-11       5.932109563100e-12      -9.112713355028e-15 
   51       2.018062648148e-10       1.829028018636e-14       7.545813586869e-14       1.204897479055e-16       5.265666317141e-11       5.703549228916e-12      -8.939144423721e-15 
   52       2.046950659651e-10       1.945482878694e-14       4.855220627401e-14       1.252859771971e-16       5.047715495231e-11       5.486672651549e-12      -8.844603461246e-15 
   53       2.075967687556e-10       2.066162653707e-14       1.988391397171e-14       1.301763866206e-16       4.840821306692e-11       5.280527378014e-12      -8.939204410213e-15 
   54       2.105137225736e-10       2.191089698842e-14      -1.057582178170e-14       1.351608242302e-16       4.644758805381e-11       5.085086504851e-12      -9.214054397852e-15 
   55       2.134503207832e-10       2.320295556037e-14      -4.287151994466e-14       1.402391394194e-16       4.459461004924e-11       4.900337616300e-12      -9.621537578760e-15 
   56       2.164101796805e-10       2.453809950800e-14      -7.705065628639e-14       1.454111657237e-16       4.284519701768e-11       4.725930581299e-12      -1.010485535870e-14 
   57       2.193960601725e-10       2.591660823885e-14      -1.131638815891e-13       1.506767205279e-16       4.119163489830e-11       4.561155585243e-12      -1.059758175264e-14 
   58       2.224097894553e-10       2.733874362968e-14      -1.512652398505e-13       1.560356047735e-16       3.962235775140e-11       4.404921161740e-12      -1.102321874281e-14 
   59       2.254525535401e-10       2.880461805807e-14      -1.913974955629e-13       1.614876321563e-16       3.812513719964e-11       4.256050242083e-12      -1.131338518661e-14 
   60       2.285260320424e-10       3.031376198973e-14      -2.335436409322e-13       1.670327253013e-16       3.669801501349e-11       4.114298482240e-12      -1.146832599030e-14 
   61       2.316313889710e-10       3.186545635345e-14      -2.776644928193e-13       1.726708414455e-16       3.534052534982e-11       3.979534016245e-12      -1.150969409869e-14 
   62       2.347688606439e-10       3.345885191461e-14      -3.237123127726e-13       1.784019456037e-16       3.405040653302e-11       3.851429272024e-12      -1.146333565828e-14 
   63       2.379376899382e-10       3.509296510767e-14      -3.716305204536e-13       1.842260112764e-16       3.282349677068e-11       3.729449783408e-12      -1.135947702106e-14 
   64       2.411360605396e-10       3.676667386871e-14      -4.213534070617e-13       1.901430211561e-16       3.165362986945e-11       3.612843002158e-12      -1.123291174837e-14 
   65       2.443620362501e-10       3.847885279067e-14      -4.728211878413e-13       1.961529801454e-16       3.053434001946e-11       3.500845677335e-12      -1.111533119417e-14 
   66       2.476167578103e-10       4.022882121883e-14      -5.260295085249e-13       2.022559560249e-16       2.946463002570e-11       3.393382170586e-12      -1.101000835939e-14 
   67       2.509018075745e-10       4.201598288486e-14      -5.809899421979e-13       2.084520486870e-16       2.844424188009e-11       3.290494469382e-12      -1.091207096090e-14 
   68       2.542182272597e-10       4.383969469263e-14      -6.377157151976e-13       2.147413796183e-16       2.747190280891e-11       3.192131690066e-12      -1.081585261173e-14 
   69       2.575664803093e-10       4.569926644791e-14      -6.962218496039e-13       2.211240929503e-16       2.654527159190e-11       3.098145003650e-12      -1.071486006491e-14 
   70       2.609464142554e-10       4.759396058802e-14      -7.565253057296e-13       2.276003565113e-16       2.566088488135e-11       3.008282561597e-12      -1.060174045718e-14 
   71       2.643572230828e-10       4.952299191153e-14      -8.186451246108e-13       2.341703628780e-16       2.481410352113e-11       2.922184421623e-12      -1.046824855287e-14 
   72       2.677980396907e-10       5.148547953591e-14      -8.825926339925e-13       2.408343071884e-16       2.400030770902e-11       2.839479680163e-12      -1.030772449500e-14 
   73       2.712699285754e-10       5.348029269536e-14      -9.483395731917e-13       2.475923133148e-16       2.321886736617e-11       2.760110730797e-12      -1.012315046180e-14 
   74       2.747742094080e-10       5.550617471756e-14      -1.015844078819e-12       2.544444953540e-16       2.246984041831e-11       2.684062367120e-12      -9.920588489650e-15 
   75       2.783118379709e-10       5.756178683517e-14      -1.085059996229e-12       2.613909801221e-16       2.175276673861e-11       2.611262396806e-12      -9.706831133744e-15 
   76       2.818833829068e-10       5.964570682482e-14      -1.155936795147e-12       2.684319076755e-16       2.106664297914e-11       2.541578900892e-12      -9.489426029437e-15 
   77       2.854890024676e-10       6.175642764611e-14      -1.228419485305e-12       2.755674318315e-16       2.040989740233e-11       2.474817493052e-12      -9.276700453541e-15 
   78       2.891284212634e-10       6.389235608058e-14      -1.302448532062e-12       2.827977206896e-16       1.978036471247e-11       2.410718578876e-12      -9.077785885636e-15 
   79       2.928009070116e-10       6.605181137071e-14      -1.377959772043e-12       2.901229571523e-16       1.917526088721e-11       2.348954615148e-12      -8.902642569389e-15 
   80       2.965057259284e-10       6.823308357017e-14      -1.454890310262e-12       2.975433223131e-16       1.859187564181e-11       2.289211410805e-12      -8.759714307653e-15 
   81       3.002436511359e-10       7.043462325894e-14      -1.533197576557e-12       3.050589411523e-16       1.802984368581e-11       2.231454319587e-12      -8.648369771920e-15 
   82       3.040156749954e-10       7.265488244494e-14      -1.612843440086e-12       3.126699283169e-16       1.748922380767e-11       2.175703489212e-12      -8.565187196028e-15 
   83       3.078225395663e-10       7.489225752784e-14      -1.693788547767e-12       3.203764046171e-16       1.696980458011e-11       2.121952759570e-12      -8.506188525043e-15 
   84       3.116647222191e-10       7.714508904377e-14      -1.775992350667e-12       3.281784972295e-16       1.647109248107e-11       2.070168478328e-12      -8.466820092008e-15 
   85       3.155424212480e-10       7.941166141012e-14      -1.859413130411e-12       3.360763399006e-16       1.599230001470e-11       2.020288316531e-12      -8.441933294698e-15 
   86       3.194555414837e-10       8.169020267025e-14      -1.944008025571e-12       3.440700731510e-16       1.553233383233e-11       1.972220084214e-12      -8.425765272371e-15 
   87       3.234036799060e-10       8.397888423824e-14      -2.029733058070e-12       3.521598444786e-16       1.508978285341e-11       1.925840546002e-12      -8.411919582526e-15 
   88       3.273861112567e-10       8.627582064370e-14      -2.116543159575e-12       3.603458085624e-16       1.466290638655e-11       1.880994236717e-12      -8.393346877649e-15 
   89       3.314021046177e-10       8.857909421200e-14      -2.204390560895e-12       3.686281673328e-16       1.425004919035e-11       1.837531979082e-12      -8.363857355635e-15 
   90       3.354519614200e-10       9.088683409859e-14      -2.293219613062e-12       3.770072969422e-16       1.385098716728e-11       1.795435943081e-12      -8.322972132569e-15 
   91       3.395361145142e-10       9.319714924002e-14      -2.382971198699e-12       3.854836411796e-16       1.346577186145e-11       1.754712113471e-12      -8.271800831374e-15 
   92       3.436548024044e-10       9.550810463870e-14      -2.473584298557e-12       3.940576741670e-16       1.309431690425e-11       1.715351752694e-12      -8.211581129187e-15 
   93       3.478080598180e-10       9.781772148130e-14      -2.564995993383e-12       4.027299011604e-16       1.273639253142e-11       1.677330811278e-12      -8.143682382028e-15 
   94       3.519957082776e-10       1.001239772570e-13      -2.657141465799e-12       4.115008593507e-16       1.239162010017e-11       1.640609338222e-12      -8.069609249476e-15 
   95       3.562173466715e-10       1.024248058757e-13      -2.749954002173e-12       4.203711186643e-16       1.205946660623e-11       1.605130891397e-12      -7.991005319344e-15 
   96       3.604723418251e-10       1.047180977867e-13      -2.843364994493e-12       4.293412825645e-16       1.173923920094e-11       1.570821947933e-12      -7.909656732347e-15 
   97       3.647598190717e-10       1.070017000966e-13      -2.937303942240e-12       4.384119888519e-16       1.143007970832e-11       1.537591314616e-12      -7.827495806779e-15 
   98       3.690786528236e-10       1.092734166879e-13      -3.031698454263e-12       4.475839104660e-16       1.113095914215e-11       1.505329538277e-12      -7.746604663184e-15 
   99       3.734277665224e-10       1.115310579302e-13      -3.126475731020e-12       4.568577454401e-16       1.084091379229e-11       1.473934899838e-12      -7.668797707469e-15 
  100       3.778071013476e-10       1.137725975931e-13      -3.221567246803e-12       4.662341834149e-16       1.055980349082e-11       1.443396871990e-12      -7.594293767607e-15 
  101       3.822167678397e-10       1.159960384818e-13      -3.316904737276e-12       4.757139358478e-16       1.028765106180e-11       1.413723442256e-12      -7.522861735120e-15 
  102       3.866567431539e-10       1.181993655374e-13      -3.412418797840e-12       4.852977470962e-16       1.002440781117e-11       1.384915319934e-12      -7.454223465979e-15 
  103       3.911268653823e-10       1.203805465560e-13      -3.508038903450e-12       4.949863950866e-16       9.769950971974e-12       1.356965668722e-12      -7.388052300529e-15 
  104       3.956268278738e-10       1.225375329087e-13      -3.603693428435e-12       5.047806919846e-16       9.524081149545e-12       1.329859839333e-12      -7.323971583424e-15 
  105       4.001561735563e-10       1.246682602606e-13      -3.699309666314e-12       5.146814848637e-16       9.286519766676e-12       1.303575102114e-12      -7.261553183544e-15 
  106       4.047142892570e-10       1.267706492903e-13      -3.794813849612e-12       5.246896563752e-16       9.056906508826e-12       1.278080379668e-12      -7.200316013931e-15 
  107       4.093004000237e-10       1.288426064096e-13      -3.890131169681e-12       5.348061254176e-16       8.834796769307e-12       1.253335979472e-12      -7.139724551707e-15 
  108       4.139135634461e-10       1.308820244827e-13      -3.985185796514e-12       5.450318478059e-16       8.619659094475e-12       1.229293326495e-12      -7.079187358009e-15 
  109       4.185526639768e-10       1.328867835456e-13      -4.079900898565e-12       5.553678169413e-16       8.410872628919e-12       1.205894695818e-12      -7.018055597911e-15 
  110       4.232166117076e-10       1.348548032515e-13      -4.174199231295e-12       5.658150023316e-16       8.207867207751e-12       1.183086577336e-12      -6.955754550613e-15 
  111       4.279049797966e-10       1.367842062907e-13      -4.268004945910e-12       5.763741547755e-16       8.010569491755e-12       1.160862287471e-12      -6.892200444201e-15 
  112       4.326174383702e-10       1.386731773283e-13      -4.361242050265e-12       5.870459773829e-16       7.819009412327e-12       1.139224335818e-12      -6.827434445007e-15 
  113       4.373535537318e-10       1.405199143622e-13      -4.453833885944e-12       5.978311855534e-16       7.633181488578e-12       1.118171148672e-12      -6.761494264967e-15 
  114       4.421127846927e-10       1.423226299505e-13      -4.545703153669e-12       6.087305070342e-16       7.453043674460e-12       1.097696935626e-12      -6.694413988576e-15 
  115       4.468944789024e-10       1.440795524396e-13      -4.636771938703e-12       6.197446819795e-16       7.278516205892e-12       1.077791556163e-12      -6.626223899842e-15 
  116       4.516978691792e-10       1.457889271922e-13      -4.726961736259e-12       6.308744630086e-16       7.109480447890e-12       1.058440386251e-12      -6.556950309244e-15 
  117       4.565220698404e-10       1.474490178144e-13      -4.816193476908e-12       6.421206152651e-16       6.945777741692e-12       1.039624184943e-12      -6.486615380691e-15 
  118       4.613660730333e-10       1.490581073842e-13      -4.904387551986e-12       6.534839164749e-16       6.787208251886e-12       1.021318960966e-12      -6.415236958472e-15 
  119       4.662287450651e-10       1.506144996790e-13      -4.991463838996e-12       6.649651570055e-16       6.633529813539e-12       1.003495839324e-12      -6.342828394221e-15 
  120       4.711088227336e-10       1.521165204036e-13      -5.077341727024e-12       6.765651399242e-16       6.484456779324e-12       9.861209278859e-13      -6.269398373866e-15 
  121       4.760049096580e-10       1.535625184176e-13      -5.161940142139e-12       6.882846810570e-16       6.339658866647e-12       9.691551839852e-13      -6.194950744590e-15 
  122       4.809154726089e-10       1.549508669637e-13      -5.245177572801e-12       7.001246090472e-16       6.198760004772e-12       9.525542810150e-13      -6.119484341783e-15 
  123       4.858390307491e-10       1.562800172572e-13      -5.326973209142e-12       7.120857886620e-16       6.061419549252e-12       9.362789709909e-13      -6.043024115679e-15 
  124       4.907747557888e-10       1.575486636111e-13      -5.407250454876e-12       7.241691936191e-16       5.927588945391e-12       9.203278043822e-13      -5.965718928826e-15 
  125       4.957219341830e-10       1.587555996833e-13      -5.485933868604e-12       7.363758422758e-16       5.797282515380e-12       9.047079352886e-13      -5.887754719972e-15 
  126       5.006797782672e-10       1.598996694364e-13      -5.562948119897e-12       7.487067753699e-16       5.670497232392e-12       8.894249118506e-13      -5.809324283174e-15 
  127       5.056474241052e-10       1.609797687776e-13      -5.638218023468e-12       7.611630562614e-16       5.547212215751e-12       8.744826254259e-13      -5.730627341011e-15 
  128       5.106239293382e-10       1.619948471986e-13      -5.711668573340e-12       7.737457711734e-16       5.427388226119e-12       8.598832597645e-13      -5.651870617801e-15 
  129       5.156082710324e-10       1.629439094151e-13      -5.783224977024e-12       7.864560294343e-16       5.310967160671e-12       8.456272401850e-13      -5.573267912819e-15 
  130       5.205993435275e-10       1.638260170069e-13      -5.852812689679e-12       7.992949637191e-16       5.197871548272e-12       8.317131827501e-13      -5.495040173516e-15 
  131       5.255959562847e-10       1.646402900575e-13      -5.920357448293e-12       8.122637302911e-16       5.088004044661e-12       8.181378434427e-13      -5.417415568729e-15 
  132       5.305968317357e-10       1.653859087938e-13      -5.985785305848e-12       8.253635092432e-16       4.981246927622e-12       8.048960673415e-13      -5.340629561904e-15 
  133       5.356006031299e-10       1.660621152262e-13      -6.049022665491e-12       8.385955047399e-16       4.877461592169e-12       7.919807377970e-13      -5.264924984308e-15 
  134       5.406058123835e-10       1.666682147880e-13      -6.109996314707e-12       8.519609452585e-16       4.776488045723e-12       7.793827256068e-13      -5.190552108252e-15 
  135       5.456109079275e-10       1.672035779754e-13      -6.168633459489e-12       8.654610838307e-16       4.678144403287e-12       7.670908381923e-13      -5.117768720299e-15 
  136       5.506142425557e-10       1.676676419872e-13      -6.224861758508e-12       8.790971982845e-16       4.582226382630e-12       7.550917687735e-13      -5.046840194488e-15 
  137       5.556142172670e-10       1.680599457380e-13      -6.278610153582e-12       8.928704981856e-16       4.488550676718e-12       7.433727614313e-13      -4.977974434428e-15 
  138       5.606097341445e-10       1.683802355150e-13      -6.329811385751e-12       9.067818342838e-16       4.397091205015e-12       7.319300251230e-13      -4.911118946602e-15 
  139       5.655997864785e-10       1.686283734143e-13      -6.378399805562e-12       9.208319593184e-16       4.307856069828e-12       7.207610980308e-13      -4.846142809445e-15 
  140       5.705833157633e-10       1.688043067831e-13      -6.424310638999e-12       9.350216182730e-16       4.220844719892e-12       7.098621765235e-13      -4.782899583308e-15 
  141       5.755592104728e-10       1.689080700715e-13      -6.467480026700e-12       9.493515480251e-16       4.136047724046e-12       6.992280815713e-13      -4.721226970277e-15 
  142       5.805263048351e-10       1.689397866837e-13      -6.507845063190e-12       9.638224769951e-16       4.053446544907e-12       6.888522251593e-13      -4.660946473992e-15 
  143       5.854833776074e-10       1.688996708302e-13      -6.545343836098e-12       9.784351247959e-16       3.973013312547e-12       6.787265767021e-13      -4.601863059460e-15 
  144       5.904291508510e-10       1.687880293787e-13      -6.579915465390e-12       9.931902018823e-16       3.894710598171e-12       6.688416294573e-13      -4.543764812877e-15 
  145       5.953622887062e-10       1.686052637065e-13      -6.611500142587e-12       1.008088409200e-15       3.818491187788e-12       6.591863669398e-13      -4.486422601439e-15 
  146       6.002813961672e-10       1.683518715512e-13      -6.640039169995e-12       1.023130437836e-15       3.744297855892e-12       6.497482293359e-13      -4.429589733164e-15 
  147       6.051850178568e-10       1.680284488632e-13      -6.665474999928e-12       1.038316968667e-15       3.672063139135e-12       6.405130799174e-13      -4.373001616705e-15 
  148       6.100716368018e-10       1.676356916566e-13      -6.687751273932e-12       1.053648672008e-15       3.601709110003e-12       6.314651714553e-13      -4.316375421172e-15 
  149       6.149396732074e-10       1.671743978615e-13      -6.706812862012e-12       1.069126207264e-15       3.533147150494e-12       6.225871126344e-13      -4.259409735944e-15 
  150       6.197874832325e-10       1.666454691747e-13      -6.722605901858e-12       1.084750222579e-15       3.466277725791e-12       6.138598344670e-13      -4.201784230488e-15 
  151       6.246133577642e-10       1.660499129123e-13      -6.735077838065e-12       1.100521354481e-15       3.400990157941e-12       6.052625567068e-13      -4.143159314177e-15 
  152       6.294155211931e-10       1.653888438606e-13      -6.744177461363e-12       1.116440227538e-15       3.337162399528e-12       5.967727542635e-13      -4.083175796106e-15 
  153       6.341922606649e-10       1.646634760616e-13      -6.749855448587e-12       1.132507440553e-15       3.274686275836e-12       5.883713391107e-13      -4.021542120123e-15 
  154       6.389423299308e-10       1.638750934123e-13      -6.752065956508e-12       1.148723524450e-15       3.213546327354e-12       5.800588185947e-13      -3.958305908486e-15 
  155       6.436645808686e-10       1.630250798506e-13      -6.750765251602e-12       1.165088979790e-15       3.153747897262e-12       5.718405817880e-13      -3.893607123577e-15 
  156       6.483578358233e-10       1.621149309616e-13      -6.745911264050e-12       1.181604289450e-15       3.095292225687e-12       5.637218119953e-13      -3.827592865766e-15 
  157       6.530208870467e-10       1.611462557773e-13      -6.737463629504e-12       1.198269918208e-15       3.038176353094e-12       5.557074797305e-13      -3.760417479248e-15 
  158       6.576524961366e-10       1.601207785779e-13      -6.725383730872e-12       1.215086312322e-15       2.982393023663e-12       5.478023356924e-13      -3.692242657872e-15 
  159       6.622513934762e-10       1.590403406911e-13      -6.709634740086e-12       1.232053899111e-15       2.927930588684e-12       5.400109037414e-13      -3.623237550973e-15 
  160       6.668162776738e-10       1.579069022933e-13      -6.690181659880e-12       1.249173086535e-15       2.874772909934e-12       5.323374738754e-13      -3.553578869211e-15 
  161       6.713458150019e-10       1.567225442095e-13      -6.666991365568e-12       1.266444262778e-15       2.822899263069e-12       5.247860952065e-13      -3.483450990396e-15 
  162       6.758386388368e-10       1.554894697138e-13      -6.640032646813e-12       1.283867795827e-15       2.772284241006e-12       5.173605689370e-13      -3.413046065327e-15 
  163       6.802933490979e-10       1.542100063296e-13      -6.609276249407e-12       1.301444033054e-15       2.722897657309e-12       5.100644413357e-13      -3.342564123622e-15 
  164       6.847085116874e-10       1.528866076300e-13      -6.574694917047e-12       1.319173300795e-15       2.674704449576e-12       5.029009967144e-13      -3.272213179550e-15 
  165       6.890826579292e-10       1.515218550382e-13      -6.536263433106e-12       1.337055903935e-15       2.627664582823e-12       4.958732504040e-13      -3.202209337867e-15 
  166       6.934142840090e-10       1.501184596278e-13      -6.493958662412e-12       1.355092125483e-15       2.581732952871e-12       4.889839417306e-13      -3.132776899646e-15 
  167       6.977018504131e-10       1.486792639232e-13      -6.447759593023e-12       1.373282226159e-15       2.536859289729e-12       4.822355269925e-13      -3.064148468110e-15 
  168       7.019437813682e-10       1.472072436999e-13      -6.397647377998e-12       1.391626443969e-15       2.492988060984e-12       4.756301724356e-13      -2.996565054470e-15 
  169       7.061384642807e-10       1.457055097846e-13      -6.343605377181e-12       1.410124993791e-15       2.450058375181e-12       4.691697472302e-13      -2.930276183747e-15 
  170       7.102842491761e-10       1.441773098560e-13      -6.285619198965e-12       1.428778066953e-15       2.408003885214e-12       4.628558164472e-13      -2.865540000618e-15 
  171       7.143795553735e-10       1.426259362377e-13      -6.223676270246e-12       1.447585764031e-15       2.366766213719e-12       4.566891839498e-13      -2.802567864913e-15 
  172       7.184232026643e-10       1.410544368812e-13      -6.157764418545e-12       1.466547887837e-15       2.326336687720e-12       4.506684930023e-13      -2.741352732532e-15 
  173       7.224141068016e-10       1.394658836220e-13      -6.087873251158e-12       1.485664132288e-15       2.286717914930e-12       4.447914949764e-13      -2.681826600924e-15 
  174       7.263511746292e-10       1.378634654238e-13      -6.013994655899e-12       1.504934146944e-15       2.247910533843e-12       4.390554801389e-13      -2.623914611601e-15 
  175       7.302333039582e-10       1.362504897954e-13      -5.936122840950e-12       1.524357536325e-15       2.209913172283e-12       4.334572687919e-13      -2.567534929489e-15 
  176       7.340593834438e-10       1.346303842073e-13      -5.854254374708e-12       1.543933859210e-15       2.172722405965e-12       4.279932024130e-13      -2.512598622284e-15 
  177       7.378282924628e-10       1.330066975085e-13      -5.768388225638e-12       1.563662627954e-15       2.136332717045e-12       4.226591347945e-13      -2.459009539801e-15 
  178       7.415389009898e-10       1.313831013436e-13      -5.678525802126e-12       1.583543307790e-15       2.100736452678e-12       4.174504231843e-13      -2.406664193329e-15 
  179       7.451900694746e-10       1.297633915692e-13      -5.584670992322e-12       1.603575316141e-15       2.065923783573e-12       4.123619194251e-13      -2.355451634983e-15 
  180       7.487806487193e-10       1.281514896708e-13      -5.486830203997e-12       1.623758021924e-15       2.031882662545e-12       4.073879610947e-13      -2.305253337056e-15 
  181       7.523094797546e-10       1.265514441797e-13      -5.385012404389e-12       1.644090744867e-15       1.998598783074e-12       4.025223626460e-13      -2.255943071371e-15 
  182       7.557753937173e-10       1.249674320900e-13      -5.279229160057e-12       1.664572754807e-15       1.966055537855e-12       3.977584065468e-13      -2.207386788634e-15 
  183       7.591772117272e-10       1.234037602748e-13      -5.169494676727e-12       1.685203271005e-15       1.934233977360e-12       3.930888344198e-13      -2.159442497789e-15 
  184       7.625137447636e-10       1.218648669034e-13      -5.055825839145e-12       1.705981461455e-15       1.903112768383e-12       3.885058381826e-13      -2.111960145366e-15 
  185       7.657837935427e-10       1.203553228583e-13      -4.938242250927e-12       1.726906442187e-15       1.872668152606e-12       3.840010511876e-13      -2.064781494838e-15 
  186       7.689861483944e-10       1.188798331514e-13      -4.816766274409e-12       1.747977276579e-15       1.842873905144e-12       3.795655393620e-13      -2.017740005970e-15 
  187       7.721195891391e-10       1.174432383413e-13      -4.691423070496e-12       1.769192974667e-15       1.813701293108e-12       3.751897923478e-13      -1.970660714173e-15 
  188       7.751828849648e-10       1.160505159500e-13      -4.562240638514e-12       1.790552492450e-15       1.785119034155e-12       3.708637146415e-13      -1.923360109857e-15 
  189       7.781747943039e-10       1.147067818793e-13      -4.429249856059e-12       1.812054731199e-15       1.757093255042e-12       3.665766167346e-13      -1.875646017784e-15 
  190       7.810940647104e-10       1.134172918281e-13      -4.292484518850e-12       1.833698536768e-15       1.729587450186e-12       3.623172062530e-13      -1.827317476419e-15 
  191       7.839395147439e-10       1.121872316086e-13      -4.151979374588e-12       1.855482715526e-15       1.702569697569e-12       3.580759366255e-13      -1.778208784970e-15 
  192       7.867102867387e-10       1.110210675772e-13      -4.007763976823e-12       1.877406084945e-15       1.676034997293e-12       3.538522682987e-13      -1.728325585718e-15 
  193       7.894056128015e-10       1.099231500956e-13      -3.859868445723e-12       1.899467425484e-15       1.649984532675e-12       3.496479363694e-13      -1.677718780185e-15 
  194       7.920247346528e-10       1.088979209712e-13      -3.708325465667e-12       1.921665463672e-15       1.624418545991e-12       3.454646408966e-13      -1.626441303080e-15 
  195       7.945669037726e-10       1.079499141829e-13      -3.553170318532e-12       1.943998871470e-15       1.599336320783e-12       3.413040457564e-13      -1.574548146176e-15 
  196       7.970313815454e-10       1.070837566073e-13      -3.394440916974e-12       1.966466265635e-15       1.574736164159e-12       3.371677774960e-13      -1.522096382195e-15 
  197       7.994174394058e-10       1.063041687444e-13      -3.232177837723e-12       1.989066207082e-15       1.550615389094e-12       3.330574241885e-13      -1.469145188683e-15 
  198       8.017243589834e-10       1.056159654440e-13      -3.066424354860e-12       2.011797200246e-15       1.526970296740e-12       3.289745342869e-13      -1.415755871896e-15 
  199       8.039514322483e-10       1.050240566315e-13      -2.897226473108e-12       2.034657692447e-15       1.503796158721e-12       3.249206154786e-13      -1.361991890676e-15 
  200       8.060979616566e-10       1.045334480340e-13      -2.724632961118e-12       2.057646073250e-15       1.481087199440e-12       3.208971335399e-13      -1.307918880332e-15 
  201       8.081632602950e-10       1.041492419063e-13      -2.548695384754e-12       2.080760673830e-15       1.458836578380e-12       3.169055111902e-13      -1.253604676522e-15 
  202       8.101466520271e-10       1.038766377568e-13      -2.369468140379e-12       2.103999766333e-15       1.437036372409e-12       3.129471269466e-13      -1.199119339132e-15 
  203       8.120474716376e-10       1.037209330738e-13      -2.187008488143e-12       2.127361563243e-15       1.415677558081e-12       3.090233139780e-13      -1.144535176156e-15 
  204       8.138650649785e-10       1.036875240512e-13      -2.001376585267e-12       2.150844216737e-15       1.394749993938e-12       3.051353589598e-13      -1.089926767580e-15 
  205       8.155987891138e-10       1.037819063148e-13      -1.812635519329e-12       2.174445818056e-15       1.374242402816e-12       3.012845009280e-13      -1.035370989255e-15 
  206       8.172480124651e-10       1.040096756482e-13      -1.620851341554e-12       2.198164396864e-15       1.354142354143e-12       2.974719301338e-13      -9.809470367852e-16 
  207       8.188121149566e-10       1.043765287186e-13      -1.426093100095e-12       2.221997920610e-15       1.334436246248e-12       2.936987868977e-13      -9.267364494022e-16 
  208       8.202904881607e-10       1.048882638034e-13      -1.228432873322e-12       2.245944293892e-15       1.315109288658e-12       2.899661604643e-13      -8.728231338494e-16 
  209       8.216825354431e-10       1.055507815154e-13      -1.027945803108e-12       2.270001357820e-15       1.296145484403e-12       2.862750878562e-13      -8.192933882603e-16 
  210       8.229876721082e-10       1.063700855298e-13      -8.247101281149e-13       2.294166889379e-15       1.277527612322e-12       2.826265527289e-13      -7.662359260393e-16 
  211       8.242053255442e-10       1.073522833092e-13      -6.188072170795e-13       2.318438600791e-15       1.259237209359e-12       2.790214842248e-13      -7.137418997421e-16 
  212       8.253349353686e-10       1.085035868305e-13      -4.103216020994e-13       2.342814138878e-15       1.241254552873e-12       2.754607558275e-13      -6.619049249560e-16 
  213       8.263759998703e-10       1.098299687956e-13      -1.993367143505e-13       2.367291148238e-15       1.223562509404e-12       2.719451461072e-13      -6.108041523062e-16 
  214       8.273282185236e-10       1.113361039346e-13       1.407829815750e-14       2.391867466845e-15       1.206158406826e-12       2.684752203841e-13      -5.604521623351e-16 
  215       8.281913593833e-10       1.130263575792e-13       2.298562146165e-13       2.416540942428e-15       1.189042930093e-12       2.650514388559e-13      -5.108435965056e-16 
  216       8.289652139183e-10       1.149051235725e-13       4.479275020186e-13       2.441309369387e-15       1.172216319346e-12       2.616741927508e-13      -4.619717722141e-16 
  217       8.296495972789e-10       1.169768240874e-13       6.682202931833e-13       2.466170488317e-15       1.155678362398e-12       2.583438030814e-13      -4.138286620427e-16 
  218       8.302443485638e-10       1.192459094464e-13       8.906603647858e-13       2.491121985545e-15       1.139428387219e-12       2.550605193989e-13      -3.664048730120e-16 
  219       8.307493310871e-10       1.217168579399e-13       1.115171115384e-12       2.516161492655e-15       1.123465254412e-12       2.518245185472e-13      -3.196896258332e-16 
  220       8.311644326461e-10       1.243941756459e-13       1.341673543447e-12       2.541286586022e-15       1.107787349697e-12       2.486359034166e-13      -2.736707341611e-16 
  221       8.314895657875e-10       1.272823962484e-13       1.570086225382e-12       2.566494786343e-15       1.092392576396e-12       2.454947016984e-13      -2.283345838462e-16 
  222       8.317246680756e-10       1.303860808571e-13       1.800325293563e-12       2.591783558165e-15       1.077278347909e-12       2.424008646384e-13      -1.836661121874e-16 
  223       8.318697023588e-10       1.337098178259e-13       2.032304414356e-12       2.617150309420e-15       1.062441580200e-12       2.393542657914e-13      -1.396487871846e-16 
  224       8.319246570368e-10       1.372582225723e-13       2.265934766152e-12       2.642592390951e-15       1.047878684276e-12       2.363546997749e-13      -9.626458679094e-17 
  225       8.318895463281e-10       1.410359373964e-13       2.501125017388e-12       2.668107096049e-15       1.033585558672e-12       2.334018810235e-13      -5.349397816551e-17 
  226       8.317644105370e-10       1.450476312997e-13       2.737781304580e-12       2.693691659977e-15       1.019557581928e-12       2.304954425427e-13      -1.131589692580e-17 
  227       8.315493163206e-10       1.492979998043e-13       2.975807210348e-12       2.719343259505e-15       1.005789605077e-12       2.276349346629e-13       3.029227359976e-17 
  228       8.312443569563e-10       1.537917647721e-13       3.215103741443e-12       2.745059012441e-15       9.922759441203e-13       2.248198237938e-13       7.135472311936e-17 
  229       8.308496526087e-10       1.585336742236e-13       3.455569306779e-12       2.770835977157e-15       9.790103725138e-13       2.220494911782e-13       1.118972351252e-16 
  230       8.303653505969e-10       1.635285021571e-13       3.697099695457e-12       2.796671152129e-15       9.659861136477e-13       2.193232316458e-13       1.519472076412e-16 
  231       8.297916256615e-10       1.687810483676e-13       3.939588054790e-12       2.822561475457e-15       9.531958333287e-13       2.166402523681e-13       1.915336739700e-16 
  232       8.291286802321e-10       1.742961382659e-13       4.182924868340e-12       2.848503824405e-15       9.406316322616e-13       2.139996716113e-13       2.306873234412e-16 
  233       8.283767446941e-10       1.800786226980e-13       4.426997933935e-12       2.874495014924e-15       9.282850385314e-13       2.114005174914e-13       2.694405221581e-16 
  234       8.275360776562e-10       1.861333777634e-13       4.671692341705e-12       2.900531801190e-15       9.161470000846e-13       2.088417267277e-13       3.078273337457e-16 
  235       8.266069662173e-10       1.924653046348e-13       4.916890452103e-12       2.926610875129e-15       9.042078772114e-13       2.063221433967e-13       3.458835400980e-16 
  236       8.255897262336e-10       1.990793293769e-13       5.162471873940e-12       2.952728865953e-15       8.924574350270e-13       2.038405176869e-13       3.836466621255e-16 
  237       8.244847025864e-10       2.059804027654e-13       5.408313442405e-12       2.978882339685e-15       8.808848359534e-13       2.013955046520e-13       4.211559805027e-16 
  238       8.232922700524e-10       2.131730757898e-13       5.654296180213e-12       3.005067966713e-15       8.694807245122e-13       1.989858853974e-13       4.584438045140e-16 
  239       8.220128354245e-10       2.206601979984e-13       5.900326694426e-12       3.031283036659e-15       8.582436373966e-13       1.966112480832e-13       4.955086487339e-16 
  240       8.206468360382e-10       2.284441399434e-13       6.146317033310e-12       3.057524973794e-15       8.471739671627e-13       1.942713457621e-13       5.323404715347e-16 
  241       8.191947394457e-10       2.365272093347e-13       6.392177812607e-12       3.083791171705e-15       8.362719017586e-13       1.919658768860e-13       5.689292831045e-16 
  242       8.176570436847e-10       2.449116499636e-13       6.637818208296e-12       3.110078993187e-15       8.255374214203e-13       1.896944845288e-13       6.052651477321e-16 
  243       8.160342775467e-10       2.535996406271e-13       6.883145949350e-12       3.136385770120e-15       8.149702955672e-13       1.874567556101e-13       6.413381860902e-16 
  244       8.143270008454e-10       2.625932940513e-13       7.128067310497e-12       3.162708803364e-15       8.045700796982e-13       1.852522201184e-13       6.771385775206e-16 
  245       8.125358046854e-10       2.718946558156e-13       7.372487104980e-12       3.189045362637e-15       7.943361122873e-13       1.830803503344e-13       7.126565623176e-16 
  246       8.106613117301e-10       2.815057032764e-13       7.616308677315e-12       3.215392686402e-15       7.842675116790e-13       1.809405600540e-13       7.478824440128e-16 
  247       8.087041764709e-10       2.914283444912e-13       7.859433896050e-12       3.241747981754e-15       7.743631729846e-13       1.788322038123e-13       7.828065916589e-16 
  248       8.066650854948e-10       3.016644171425e-13       8.101763146527e-12       3.268108424304e-15       7.646217649777e-13       1.767545761062e-13       8.174194421143e-16 
  249       8.045447577538e-10       3.122156874614e-13       8.343195323642e-12       3.294471158063e-15       7.550417269897e-13       1.747069106179e-13       8.517115023270e-16 
  250       8.023439448322e-10       3.230838491517e-13       8.583627824599e-12       3.320833295331e-15       7.456212658059e-13       1.726883794387e-13       8.856733516188e-16 
  251       8.000634312162e-10       3.342705223139e-13       8.822956541675e-12       3.347191916577e-15       7.363583525611e-13       1.706980922915e-13       9.192956439700e-16 
  252       7.977040345616e-10       3.457772523689e-13       9.061075854978e-12       3.373544070330e-15       7.272507196355e-13       1.687350957547e-13       9.525691103029e-16 
  253       7.952666059623e-10       3.576055089819e-13       9.297878625205e-12       3.399886773061e-15       7.182958575500e-13       1.667983724852e-13       9.854845607664e-16 
  254       7.927520302191e-10       3.697566849865e-13       9.533256186404e-12       3.426217009065e-15       7.094910118624e-13       1.648868404419e-13       1.018032887020e-15 
  255       7.901612261078e-10       3.822320953084e-13       9.767098338732e-12       3.452531730356e-15       7.008331800630e-13       1.629993521089e-13       1.050205064520e-15 
  256       7.874951466479e-10       3.950329758893e-13       9.999293341213e-12       3.478827856541e-15       6.923191084703e-13       1.611346937187e-13       1.081992154798e-15 
  257       7.847547793708e-10       4.081604826109e-13       1.022972790450e-11       3.505102274712e-15       6.839452891268e-13       1.592915844758e-13       1.113385307753e-15 
  258       7.819411465884e-10       4.216156902187e-13       1.045828718363e-11       3.531351839332e-15       6.757079566945e-13       1.574686757796e-13       1.144375763930e-15 
  259       7.790553056617e-10       4.353995912460e-13       1.068485477080e-11       3.557573372114e-15       6.676030853511e-13       1.556645504481e-13       1.174954856805e-15 
  260       7.760983492686e-10       4.495130949377e-13       1.090931268810e-11       3.583763661914e-15       6.596263856853e-13       1.538777219410e-13       1.205114015072e-15 
  261       7.730714056732e-10       4.639570261741e-13       1.113154138029e-11       3.609919464610e-15       6.517733015930e-13       1.521066335829e-13       1.234844764923e-15 
  262       7.699756389937e-10       4.787321243951e-13       1.135141970756e-11       3.636037502991e-15       6.440390071725e-13       1.503496577870e-13       1.264138732337e-15 
  263       7.668122494709e-10       4.938390425238e-13       1.156882493828e-11       3.662114466640e-15       6.364184036206e-13       1.486050952779e-13       1.292987645359e-15 
  264       7.635824737368e-10       5.092783458905e-13       1.178363274175e-11       3.688147011822e-15       6.289061161282e-13       1.468711743151e-13       1.321383336389e-15 
  265       7.602875850830e-10       5.250505111567e-13       1.199571718102e-11       3.714131761365e-15       6.214964907764e-13       1.451460499166e-13       1.349317744464e-15 
  266       7.569288350863e-10       5.411556188613e-13       1.220495936830e-11       3.740065542014e-15       6.141846661318e-13       1.434282029396e-13       1.376784364734e-15 
  267       7.535072744221e-10       5.575924147831e-13       1.241127396716e-11       3.765946110982e-15       6.069698588874e-13       1.417176629285e-13       1.403782679381e-15 
  268       7.500239228433e-10       5.743591955143e-13       1.261458411539e-11       3.791771468628e-15       5.998522506008e-13       1.400148501597e-13       1.430313971752e-15 
  269       7.464798271149e-10       5.914541086628e-13       1.281481289926e-11       3.817539624831e-15       5.928319277753e-13       1.383201816616e-13       1.456379905543e-15 
  270       7.428760611840e-10       6.088751512586e-13       1.301188336085e-11       3.843248599274e-15       5.859088805719e-13       1.366340711136e-13       1.481982529521e-15 
  271       7.392137263489e-10       6.266201681598e-13       1.320571850546e-11       3.868896421730e-15       5.790830015204e-13       1.349569287451e-13       1.507124282260e-15 
  272       7.354939514285e-10       6.446868504591e-13       1.339624130904e-11       3.894481132354e-15       5.723540842315e-13       1.332891612342e-13       1.531807996864e-15 
  273       7.317178929315e-10       6.630727338899e-13       1.358337472554e-11       3.920000781962e-15       5.657218221079e-13       1.316311716068e-13       1.556036905702e-15 
  274       7.278867352259e-10       6.817751972325e-13       1.376704169434e-11       3.945453432324e-15       5.591858070564e-13       1.299833591354e-13       1.579814645134e-15 
  275       7.240016907083e-10       7.007914607204e-13       1.394716514764e-11       3.970837156447e-15       5.527455281987e-13       1.283461192380e-13       1.603145260243e-15 
  276       7.200639999735e-10       7.201185844466e-13       1.412366801784e-11       3.996150038859e-15       5.464003705839e-13       1.267198433772e-13       1.626033209559e-15 
  277       7.160749319835e-10       7.397534667695e-13       1.429647324496e-11       4.021390175904e-15       5.401496138993e-13       1.251049189589e-13       1.648483369797e-15 
  278       7.120357842370e-10       7.596928427196e-13       1.446550378401e-11       4.046555676018e-15       5.339924311825e-13       1.235017292313e-13       1.670501040579e-15 
  279       7.079478829388e-10       7.799332824055e-13       1.463068261240e-11       4.071644660025e-15       5.279278875325e-13       1.219106531837e-13       1.692091949166e-15 
  280       7.038125831692e-10       8.004711894201e-13       1.479193273735e-11       4.096655261415e-15       5.219549388218e-13       1.203320654456e-13       1.713262255190e-15 
  281       6.996312690533e-10       8.213027992467e-13       1.494917720327e-11       4.121585626638e-15       5.160724304076e-13       1.187663361855e-13       1.734018555378e-15 
  282       6.954053539302e-10       8.424241776658e-13       1.510233909913e-11       4.146433915385e-15       5.102790958434e-13       1.172138310097e-13       1.754367888287e-15 
  283       6.911362805226e-10       8.638312191607e-13       1.525134156593e-11       4.171198300877e-15       5.045735555909e-13       1.156749108615e-13       1.774317739027e-15 
  284       6.868255211062e-10       8.855196453238e-13       1.539610780401e-11       4.195876970151e-15       4.989543157310e-13       1.141499319199e-13       1.793876043999e-15 
  285       6.824745776787e-10       9.074850032635e-13       1.553656108051e-11       4.220468124346e-15       4.934197666760e-13       1.126392454985e-13       1.813051195617e-15 
  286       6.780849821297e-10       9.297226640094e-13       1.567262473675e-11       4.244969978991e-15       4.879681818808e-13       1.111431979444e-13       1.831852047039e-15 
  287       6.736582964093e-10       9.522278209196e-13       1.580422219559e-11       4.269380764290e-15       4.825977165545e-13       1.096621305374e-13       1.850287916901e-15 
  288       6.691961126984e-10       9.749954880860e-13       1.593127696888e-11       4.293698725408e-15       4.773064063720e-13       1.081963793884e-13       1.868368594039e-15 
  289       6.647000535773e-10       9.980204987411e-13       1.605371266484e-11       4.317922122760e-15       4.720921661857e-13       1.067462753388e-13       1.886104342225e-15 
  290       6.601717721953e-10       1.021297503664e-12       1.617145299541e-11       4.342049232296e-15       4.669527887370e-13       1.053121438591e-13       1.903505904892e-15 
  291       6.556129524403e-10       1.044820969587e-12       1.628442178372e-11       4.366078345784e-15       4.618859433677e-13       1.038943049479e-13       1.920584509867e-15 
  292       6.510253091076e-10       1.068585177602e-12       1.639254297144e-11       4.390007771105e-15       4.568891747320e-13       1.024930730310e-13       1.937351874096e-15 
  293       6.464105880699e-10       1.092584221564e-12       1.649574062619e-11       4.413835832529e-15       4.519599015075e-13       1.011087568598e-13       1.953820208379e-15 
  294       6.417705664464e-10       1.116812006503e-12       1.659393894893e-11       4.437560871012e-15       4.470954151073e-13       9.974165941094e-14       1.970002222095e-15 
  295       6.371070527718e-10       1.141262247023e-12       1.668706228135e-11       4.461181244473e-15       4.422928783912e-13       9.839207778447e-14       1.985911127931e-15 
  296       6.324218871664e-10       1.165928465717e-12       1.677503511328e-11       4.484695328087e-15       4.375493243776e-13       9.706030310327e-14       2.001560646616e-15 
  297       6.277168296428e-10       1.190804122033e-12       1.685778958766e-11       4.508101715550e-15       4.328622138379e-13       9.574656357913e-14       2.016961931402e-15 
  298       6.229932186642e-10       1.215883009132e-12       1.693528840442e-11       4.531399833133e-15       4.282311407652e-13       9.445085085202e-14       2.032114166130e-15 
  299       6.182522962849e-10       1.241158873255e-12       1.700750304673e-11       4.554589356100e-15       4.236562074678e-13       9.317308499432e-14       2.047013518409e-15 
  300       6.134953185306e-10       1.266625283583e-12       1.707440640141e-11       4.577670010977e-15       4.191374726438e-13       9.191317040378e-14       2.061656179144e-15 
  301       6.087235554163e-10       1.292275630828e-12       1.713597277652e-11       4.600641576113e-15       4.146749508507e-13       9.067099562534e-14       2.076038363086e-15 
  302       6.039382909642e-10       1.318103125808e-12       1.719217791894e-11       4.623503882236e-15       4.102686119750e-13       8.944643317301e-14       2.090156309383e-15 
  303       5.991408232211e-10       1.344100798033e-12       1.724299903191e-11       4.646256813015e-15       4.059183807012e-13       8.823933935171e-14       2.104006282138e-15 
  304       5.943324642761e-10       1.370261494289e-12       1.728841479256e-11       4.668900305619e-15       4.016241359811e-13       8.704955407911e-14       2.117584570956e-15 
  305       5.895145402784e-10       1.396577877223e-12       1.732840536956e-11       4.691434351272e-15       3.973857105036e-13       8.587690070752e-14       2.130887491504e-15 
  306       5.846883914550e-10       1.423042423919e-12       1.736295244059e-11       4.713858995817e-15       3.932028901635e-13       8.472118584572e-14       2.143911386058e-15 
  307       5.798553721284e-10       1.449647424488e-12       1.739203920994e-11       4.736174340272e-15       3.890754135310e-13       8.358219918082e-14       2.156652624060e-15 
  308       5.750168507340e-10       1.476384980651e-12       1.741565042610e-11       4.758380541391e-15       3.850029713211e-13       8.245971330011e-14       2.169107602669e-15 
  309       5.701742098384e-10       1.503247004316e-12       1.743377239926e-11       4.780477812220e-15       3.809852058630e-13       8.135348351293e-14       2.181272747315e-15 
  310       5.653288461564e-10       1.530225216167e-12       1.744639301892e-11       4.802466422657e-15       3.770217105693e-13       8.026324767249e-14       2.193144512252e-15 
  311       5.604821705694e-10       1.557311144247e-12       1.745350177145e-11       4.824346700016e-15       3.731120294051e-13       7.918872599775e-14       2.204719381111e-15 
  312       5.556356081422e-10       1.584496122536e-12       1.745508975760e-11       4.846119029576e-15       3.692556563580e-13       7.812962089530e-14       2.215993867453e-15 
  313       5.507905981418e-10       1.611771289540e-12       1.745114971015e-11       4.867783855151e-15       3.654520349067e-13       7.708561678115e-14       2.226964515322e-15 
  314       5.459485940540e-10       1.639127586870e-12       1.744167601137e-11       4.889341679639e-15       3.617005574909e-13       7.605637990262e-14       2.237627899800e-15 
  315       5.411110636018e-10       1.666555757830e-12       1.742666471068e-11       4.910793065589e-15       3.580005649801e-13       7.504155816022e-14       2.247980627555e-15 
  316       5.362794887630e-10       1.694046345992e-12       1.740611354213e-11       4.932138635755e-15       3.543513461434e-13       7.404078092946e-14       2.258019337402e-15 
  317       5.314553657876e-10       1.721589693788e-12       1.738002194201e-11       4.953379073658e-15       3.507521371186e-13       7.305365888270e-14       2.267740700847e-15 
  318       5.266402052158e-10       1.749175941088e-12       1.734839106641e-11       4.974515124140e-15       3.472021208817e-13       7.207978381106e-14       2.277141422648e-15 
  319       5.218355318954e-10       1.776795023784e-12       1.731122380875e-11       4.995547593932e-15       3.437004267158e-13       7.111872844623e-14       2.286218241364e-15 
  320       5.170428849999e-10       1.804436672373e-12       1.726852481738e-11       5.016477352202e-15       3.402461296810e-13       7.017004628231e-14       2.294967929909e-15 
  321       5.122638180456e-10       1.832090410542e-12       1.722030051310e-11       5.037305331124e-15       3.368382500834e-13       6.923327139771e-14       2.303387296103e-15 
  322       5.074998989101e-10       1.859745553748e-12       1.716655910677e-11       5.058032526430e-15       3.334757529445e-13       6.830791827699e-14       2.311473183230e-15 
  323       5.027527098491e-10       1.887391207805e-12       1.710731061684e-11       5.078659997971e-15       3.301575474704e-13       6.739348163267e-14       2.319222470587e-15 
  324       4.980238475147e-10       1.915016267462e-12       1.704256688690e-11       5.099188870280e-15       3.268824865215e-13       6.648943622717e-14       2.326632074037e-15 
  325       4.933149229731e-10       1.942609414993e-12       1.697234160329e-11       5.119620333122e-15       3.236493660813e-13       6.559523669455e-14       2.333698946567e-15 
  326       4.886275617218e-10       1.970159118772e-12       1.689665031262e-11       5.139955642064e-15       3.204569247263e-13       6.471031736250e-14       2.340420078833e-15 
  327       4.839634037077e-10       1.997653631863e-12       1.681551043933e-11       5.160196119023e-15       3.173038430948e-13       6.383409207406e-14       2.346792499722e-15 
  328       4.793241033449e-10       2.025080990600e-12       1.672894130328e-11       5.180343152836e-15       3.141887433567e-13       6.296595400957e-14       2.352813276896e-15 
  329       4.747113295320e-10       2.052429013171e-12       1.663696413731e-11       5.200398199808e-15       3.111101886825e-13       6.210527550849e-14       2.358479517354e-15 
  330       4.701267656699e-10       2.079685298200e-12       1.653960210476e-11       5.220362784281e-15       3.080666827127e-13       6.125140789124e-14       2.363788367979e-15 
  331       4.655721096798e-10       2.106837223331e-12       1.643688031707e-11       5.240238499184e-15       3.050566690273e-13       6.040368128108e-14       2.368737016093e-15 
  332       4.610489419610e-10       2.133872824729e-12       1.632882700845e-11       5.260026973717e-15       3.020788215519e-13       5.956154102946e-14       2.373323488596e-15 
  333       4.565583228658e-10       2.160783480874e-12       1.621547708048e-11       5.279729773672e-15       2.991329308598e-13       5.872496393169e-14       2.377549086763e-15 
  334       4.521011776938e-10       2.187561343110e-12       1.609686874653e-11       5.299348497853e-15       2.962190555084e-13       5.789405982579e-14       2.381416058778e-15 
  335       4.476784270419e-10       2.214198464835e-12       1.597304240735e-11       5.318884811087e-15       2.933372343774e-13       5.706893659751e-14       2.384926812151e-15 
  336       4.432909866784e-10       2.240686801039e-12       1.584404066992e-11       5.338340444748e-15       2.904874864534e-13       5.624970015045e-14       2.388083915131e-15 
  337       4.389397674176e-10       2.267018207843e-12       1.570990836622e-11       5.357717197279e-15       2.876698106154e-13       5.543645437622e-14       2.390890098134e-15 
  338       4.346256749942e-10       2.293184442038e-12       1.557069257208e-11       5.377016934716e-15       2.848841854197e-13       5.462930112451e-14       2.393348255157e-15 
  339       4.303496099374e-10       2.319177160626e-12       1.542644262598e-11       5.396241591213e-15       2.821305688851e-13       5.382834017326e-14       2.395461445198e-15 
  340       4.261124674455e-10       2.344987920358e-12       1.527721014790e-11       5.415393169560e-15       2.794088982778e-13       5.303366919879e-14       2.397232893682e-15 
  341       4.219151372599e-10       2.370608177273e-12       1.512304905808e-11       5.434473741714e-15       2.767190898970e-13       5.224538374590e-14       2.398665993871e-15 
  342       4.177585035398e-10       2.396029286239e-12       1.496401559589e-11       5.453485449315e-15       2.740610388596e-13       5.146357719800e-14       2.399764308294e-15 
  343       4.136434447367e-10       2.421242500490e-12       1.480016833864e-11       5.472430504214e-15       2.714346188854e-13       5.068834074726e-14       2.400531570160e-15 
  344       4.095708334681e-10       2.446238971166e-12       1.463156822036e-11       5.491311188994e-15       2.688396820825e-13       4.991976336471e-14       2.400971684781e-15 
  345       4.055415363925e-10       2.471009746855e-12       1.445827855065e-11       5.510129857495e-15       2.662760587318e-13       4.915793177039e-14       2.401088730991e-15 
  346       4.015564140834e-10       2.495545773127e-12       1.428036503352e-11       5.528888935336e-15       2.637435570730e-13       4.840293040347e-14       2.400886962566e-15 
  347       3.976163209037e-10       2.519837892078e-12       1.409789578615e-11       5.547590920437e-15       2.612419630889e-13       4.765484139235e-14       2.400370809643e-15 
  348       3.937221048802e-10       2.543876841868e-12       1.391094135774e-11       5.566238383546e-15       2.587710402909e-13       4.691374452482e-14       2.399544880143e-15 
  349       3.898746075778e-10       2.567653256259e-12       1.371957474833e-11       5.584833968759e-15       2.563305295042e-13       4.617971721819e-14       2.398413961186e-15 
  350       3.860746639739e-10       2.591157664156e-12       1.352387142762e-11       5.603380394045e-15       2.539201486528e-13       4.545283448937e-14       2.396983020516e-15 
  351       3.823231023328e-10       2.614380489145e-12       1.332390935377e-11       5.621880451769e-15       2.515395925445e-13       4.473316892507e-14       2.395257207917e-15 
  352       3.786207440799e-10       2.637312049033e-12       1.311976899224e-11       5.640337009214e-15       2.491885326561e-13       4.402079065186e-14       2.393241856636e-15 
  353       3.749684036764e-10       2.659942555387e-12       1.291153333457e-11       5.658753009106e-15       2.468666169188e-13       4.331576730632e-14       2.390942484799e-15 
  354       3.713668884931e-10       2.682262113073e-12       1.269928791725e-11       5.677131470136e-15       2.445734695030e-13       4.261816400518e-14       2.388364796836e-15 
  355       3.678169986854e-10       2.704260719797e-12       1.248312084050e-11       5.695475487486e-15       2.423086906032e-13       4.192804331543e-14       2.385514684895e-15 
  356       3.643195270669e-10       2.725928265642e-12       1.226312278709e-11       5.713788233347e-15       2.400718562239e-13       4.124546522445e-14       2.382398230268e-15 
  357       3.608752589845e-10       2.747254532608e-12       1.203938704119e-11       5.732072957448e-15       2.378625179640e-13       4.057048711016e-14       2.379021704807e-15 
  358       3.574849721923e-10       2.768229194153e-12       1.181200950714e-11       5.750332987576e-15       2.356802028020e-13       3.990316371109e-14       2.375391572344e-15 
  359       3.541494367262e-10       2.788841814730e-12       1.158108872830e-11       5.768571730100e-15       2.335244128817e-13       3.924354709657e-14       2.371514490112e-15 
  360       3.508694147779e-10       2.809081849327e-12       1.134672590586e-11       5.786792670493e-15       2.313946252965e-13       3.859168663683e-14       2.367397310165e-15 
  361       3.476456605696e-10       2.828938643006e-12       1.110902491766e-11       5.804999373860e-15       2.292902918751e-13       3.794762897311e-14       2.363047080798e-15 
  362       3.444789202282e-10       2.848401430445e-12       1.086809233699e-11       5.823195485454e-15       2.272108389665e-13       3.731141798781e-14       2.358471047966e-15 
  363       3.413699316599e-10       2.867459335474e-12       1.062403745144e-11       5.841384731206e-15       2.251556672250e-13       3.668309477461e-14       2.353676656704e-15 
  364       3.383194244239e-10       2.886101370613e-12       1.037697228169e-11       5.859570918245e-15       2.231241513954e-13       3.606269760860e-14       2.348671552548e-15 
  365       3.353281196075e-10       2.904316436619e-12       1.012701160034e-11       5.877757935420e-15       2.211156400980e-13       3.545026191640e-14       2.343463582953e-15 
  366       3.323967297001e-10       2.922093322014e-12       9.874272950727e-12       5.895949753828e-15       2.191294556140e-13       3.484582024628e-14       2.338060798715e-15 
  367       3.295259584676e-10       2.939420702636e-12       9.618876665734e-12       5.914150427331e-15       2.171648936704e-13       3.424940223831e-14       2.332471455390e-15 
  368       3.267165008265e-10       2.956287141167e-12       9.360945886621e-12       5.932364093086e-15       2.152212232252e-13       3.366103459448e-14       2.326704014713e-15 
  369       3.239690427188e-10       2.972681086683e-12       9.100606581832e-12       5.950594972063e-15       2.132976862522e-13       3.308074104879e-14       2.320767146021e-15 
  370       3.212842609860e-10       2.988590874186e-12       8.837987565818e-12       5.968847369571e-15       2.113934975269e-13       3.250854233743e-14       2.314669727668e-15 
  371       3.186627517222e-10       3.004006095158e-12       8.573211624072e-12       5.987125300668e-15       2.095079871234e-13       3.194444928676e-14       2.308419461458e-15 
  372       3.161048125015e-10       3.018921769274e-12       8.306368467037e-12       6.005431349172e-15       2.076410344927e-13       3.138844184030e-14       2.302018653279e-15 
  373       3.136106513889e-10       3.033334334904e-12       8.037540755567e-12       6.023767765066e-15       2.057926509366e-13       3.084048915308e-14       2.295468270269e-15 
  374       3.111804575063e-10       3.047240293556e-12       7.766812910283e-12       6.042136835774e-15       2.039628383362e-13       3.030055636404e-14       2.288769313130e-15 
  375       3.088144008439e-10       3.060636210604e-12       7.494271122669e-12       6.060540886358e-15       2.021515890614e-13       2.976860456013e-14       2.281922816339e-15 
  376       3.065126320729e-10       3.073518716021e-12       7.220003366145e-12       6.078982279721e-15       2.003588858804e-13       2.924459074048e-14       2.274929848362e-15 
  377       3.042752823576e-10       3.085884505112e-12       6.944099407159e-12       6.097463416797e-15       1.985847018684e-13       2.872846778053e-14       2.267791511870e-15 
  378       3.021024631672e-10       3.097730339241e-12       6.666650816270e-12       6.115986736753e-15       1.968290003168e-13       2.822018439620e-14       2.260508943952e-15 
  379       2.999942660884e-10       3.109053046568e-12       6.387750979230e-12       6.134554717184e-15       1.950917346431e-13       2.771968510799e-14       2.253083316328e-15 
  380       2.979507626373e-10       3.119849522775e-12       6.107495108071e-12       6.153169874309e-15       1.933728482992e-13       2.722691020514e-14       2.245515835563e-15 
  381       2.959720040718e-10       3.130116731802e-12       5.825980252192e-12       6.171834763174e-15       1.916722746813e-13       2.674179570980e-14       2.237807743283e-15 
  382       2.940580212034e-10       3.139851706575e-12       5.543305309437e-12       6.190551977840e-15       1.899899370387e-13       2.626427334113e-14       2.229960316387e-15 
  383       2.922088242097e-10       3.149051549739e-12       5.259571037187e-12       6.209324151587e-15       1.883257483834e-13       2.579427047946e-14       2.221974867262e-15 
  384       2.904244024465e-10       3.157713434388e-12       4.974880063437e-12       6.228153957111e-15       1.866796113987e-13       2.533171013044e-14       2.213852743994e-15 
  385       2.887047242598e-10       3.165834604800e-12       4.689336897887e-12       6.247044106716e-15       1.850514183490e-13       2.487651088920e-14       2.205595330586e-15 
  386       2.870497367983e-10       3.173412377163e-12       4.403047943026e-12       6.265997352516e-15       1.834410509887e-13       2.442858690443e-14       2.197204047171e-15 
  387       2.854593658249e-10       3.180444140311e-12       4.116121505211e-12       6.285016486630e-15       1.818483804716e-13       2.398784784260e-14       2.188680350225e-15 
  388       2.839335155298e-10       3.186927356452e-12       3.828667805759e-12       6.304104341382e-15       1.802732672598e-13       2.355419885203e-14       2.180025732778e-15 
  389       2.824720683418e-10       3.192859561903e-12       3.540798992025e-12       6.323263789492e-15       1.787155610332e-13       2.312754052710e-14       2.171241724634e-15 
  390       2.810748847412e-10       3.198238367817e-12       3.252629148491e-12       6.342497744280e-15       1.771751005988e-13       2.270776887236e-14       2.162329892582e-15 
  391       2.797418030713e-10       3.203061460919e-12       2.964274307851e-12       6.361809159857e-15       1.756517137993e-13       2.229477526665e-14       2.153291840609e-15 
  392       2.784726393509e-10       3.207326604234e-12       2.675852462091e-12       6.381201031329e-15       1.741452174230e-13       2.188844642728e-14       2.144129210114e-15 
  393       2.772671870867e-10       3.211031637818e-12       2.387483573578e-12       6.400676394987e-15       1.726554171128e-13       2.148866437417e-14       2.134843680123e-15 
  394       2.761252170848e-10       3.214174479493e-12       2.099289586143e-12       6.420238328509e-15       1.711821072750e-13       2.109530639396e-14       2.125436967505e-15 
  395       2.750464772636e-10       3.216753125575e-12       1.811394436165e-12       6.439889951156e-15       1.697250709893e-13       2.070824500421e-14       2.115910827179e-15 
  396       2.740306924656e-10       3.218765651609e-12       1.523924063658e-12       6.459634423967e-15       1.682840799172e-13       2.032734791748e-14       2.106267052337e-15 
  397       2.730775642693e-10       3.220210213094e-12       1.237006423352e-12       6.479474949960e-15       1.668588942117e-13       1.995247800550e-14       2.096507474651e-15 
  398       2.721867708020e-10       3.221085046221e-12       9.507714957805e-13       6.499414774325e-15       1.654492624263e-13       1.958349326332e-14       2.086633964490e-15 
  399       2.713579665514e-10       3.221388468602e-12       6.653512983642e-13       6.519457184625e-15       1.640549214244e-13       1.922024677347e-14       2.076648431133e-15 
  400       2.705907821783e-10       3.221118879999e-12       3.808798964950e-13       6.539605510989e-15       1.626755962882e-13       1.886258667004e-14       2.066552822984e-15 
  401       2.698848243280e-10       3.220274763060e-12       9.749341462165e-14       6.559863126313e-15       1.613110002283e-13       1.851035610289e-14       2.056349127783e-15 
  402       2.692396754433e-10       3.218854684046e-12      -1.846699526664e-13       6.580233446457e-15       1.599608344926e-13       1.816339320174e-14       2.046039372824e-15 
  403       2.686548935762e-10       3.216857293566e-12      -4.654699295542e-13       6.600719930436e-15       1.586247882755e-13       1.782153104038e-14       2.035625625167e-15 
  404       2.681300121999e-10       3.214281327305e-12      -7.447641479164e-13       6.621326080626e-15       1.573025386274e-13       1.748459760071e-14       2.025109991851e-15 
  405       2.676645400217e-10       3.211125606759e-12      -1.022408136233e-12       6.642055442955e-15       1.559937503636e-13       1.715241573701e-14       2.014494620110e-15 
  406       2.672579607942e-10       3.207389039961e-12      -1.298255308505e-12       6.662911607103e-15       1.546980759737e-13       1.682480313996e-14       2.003781697584e-15 
  407       2.669097331283e-10       3.203070622220e-12      -1.572156953168e-12       6.683898206698e-15       1.534151555307e-13       1.650157230086e-14       1.992973452535e-15 
  408       2.666192903049e-10       3.198169436845e-12      -1.843962222011e-12       6.705018919513e-15       1.521446166003e-13       1.618253047577e-14       1.982072154064e-15 
  409       2.663860400870e-10       3.192684655882e-12      -2.113518119088e-12       6.726277467662e-15       1.508860741499e-13       1.586747964960e-14       1.971080112316e-15 
  410       2.662093958647e-10       3.186616393452e-12      -2.380684701984e-12       6.747677103272e-15       1.496391980187e-13       1.555625254114e-14       1.959999421093e-15 
  411       2.660888716875e-10       3.179968297596e-12      -2.645381301419e-12       6.769219045014e-15       1.484039181452e-13       1.524882209605e-14       1.948831175175e-15 
  412       2.660239902285e-10       3.172745051666e-12      -2.907541916892e-12       6.790903986578e-15       1.471802264299e-13       1.494519580150e-14       1.937576225697e-15 
  413       2.660142515912e-10       3.164951531342e-12      -3.167100151956e-12       6.812732606037e-15       1.459681097890e-13       1.464537998545e-14       1.926235435278e-15 
  414       2.660591331440e-10       3.156592805974e-12      -3.423989213964e-12       6.834705565674e-15       1.447675501114e-13       1.434937980645e-14       1.914809678062e-15 
  415       2.661580893546e-10       3.147674139913e-12      -3.678141913818e-12       6.856823511816e-15       1.435785242165e-13       1.405719924348e-14       1.903299839740e-15 
  416       2.663105516245e-10       3.138200993855e-12      -3.929490665718e-12       6.879087074660e-15       1.424010038111e-13       1.376884108576e-14       1.891706817583e-15 
  417       2.665159281235e-10       3.128179026181e-12      -4.177967486909e-12       6.901496868109e-15       1.412349554466e-13       1.348430692251e-14       1.880031520476e-15 
  418       2.667736036243e-10       3.117614094288e-12      -4.423503997434e-12       6.924053489597e-15       1.400803404770e-13       1.320359713282e-14       1.868274868942e-15 
  419       2.670829393365e-10       3.106512255937e-12      -4.666031419875e-12       6.946757519925e-15       1.389371150156e-13       1.292671087543e-14       1.856437795179e-15 
  420       2.674432727417e-10       3.094879770585e-12      -4.905480579109e-12       6.969609523091e-15       1.378052298924e-13       1.265364607851e-14       1.844521243086e-15 
  421       2.678539174276e-10       3.082723100723e-12      -5.141781902051e-12       6.992610046115e-15       1.366846306117e-13       1.238439942952e-14       1.832526168294e-15 
  422       2.683141629226e-10       3.070048913222e-12      -5.374865417406e-12       7.015759618879e-15       1.355752573091e-13       1.211896636498e-14       1.820453538199e-15 
  423       2.688232745302e-10       3.056864080664e-12      -5.604660755415e-12       7.039058753948e-15       1.344770447091e-13       1.185734106032e-14       1.808304331991e-15 
  424       2.693804931636e-10       3.043175682681e-12      -5.831097147604e-12       7.062507946409e-15       1.333899220822e-13       1.159951641963e-14       1.796079540683e-15 
  425       2.699850351800e-10       3.028991007299e-12      -6.054103426534e-12       7.086107673696e-15       1.323138132023e-13       1.134548406552e-14       1.783780167143e-15 
  426       2.706360922153e-10       3.014317552273e-12      -6.273608025550e-12       7.109858395425e-15       1.312486363042e-13       1.109523432889e-14       1.771407226126e-15 
  427       2.713328310184e-10       2.999163026423e-12      -6.489538978524e-12       7.133760553221e-15       1.301943040404e-13       1.084875623877e-14       1.758961744301e-15 
  428       2.720743932857e-10       2.983535350978e-12      -6.701823919611e-12       7.157814570551e-15       1.291507234391e-13       1.060603751211e-14       1.746444760284e-15 
  429       2.728598954957e-10       2.967442660911e-12      -6.910390082991e-12       7.182020852554e-15       1.281177958610e-13       1.036706454360e-14       1.733857324667e-15 
  430       2.736884287434e-10       2.950893306278e-12      -7.115164302623e-12       7.206379785871e-15       1.270954169569e-13       1.013182239546e-14       1.721200500051e-15 
  431       2.745590585747e-10       2.933895853557e-12      -7.316073011989e-12       7.230891738478e-15       1.260834766247e-13       9.900294787269e-15       1.708475361074e-15 
  432       2.754708248210e-10       2.916459086987e-12      -7.513042243844e-12       7.255557059515e-15       1.250818589673e-13       9.672464085750e-15       1.695682994440e-15 
  433       2.764227414336e-10       2.898592009906e-12      -7.705997629967e-12       7.280376079115e-15       1.240904422492e-13       9.448311294606e-15       1.682824498954e-15 
  434       2.774137963182e-10       2.880303846089e-12      -7.894864400904e-12       7.305349108240e-15       1.231090988544e-13       9.227816044308e-15       1.669900985550e-15 
  435       2.784429511694e-10       2.861604041088e-12      -8.079567385722e-12       7.330476438506e-15       1.221376952434e-13       9.010956581911e-15       1.656913577321e-15 
  436       2.795091413052e-10       2.842502263570e-12      -8.260031011755e-12       7.355758342017e-15       1.211760919107e-13       8.797709760860e-15       1.643863409551e-15 
  437       2.806112755014e-10       2.823008406652e-12      -8.436179304351e-12       7.381195071195e-15       1.202241433420e-13       8.588051030801e-15       1.630751629742e-15 
  438       2.817482358261e-10       2.803132589247e-12      -8.607935886624e-12       7.406786858610e-15       1.192816979715e-13       8.381954427385e-15       1.617579397651e-15 
  439       2.829188774742e-10       2.782885157397e-12      -8.775223979200e-12       7.432533916812e-15       1.183485981393e-13       8.179392562080e-15       1.604347885313e-15 
  440       2.841220286020e-10       2.762276685611e-12      -8.937966399964e-12       7.458436438160e-15       1.174246800487e-13       7.980336611980e-15       1.591058277077e-15 
  441       2.853564901614e-10       2.741317978207e-12      -9.096085563813e-12       7.484494594656e-15       1.165097737235e-13       7.784756309608e-15       1.577711769633e-15 
  442       2.866210357345e-10       2.720020070650e-12      -9.249503482402e-12       7.510708537772e-15       1.156037029654e-13       7.592619932729e-15       1.564309572046e-15 
  443       2.879144113682e-10       2.698394230887e-12      -9.398141763890e-12       7.537078398281e-15       1.147062853111e-13       7.403894294160e-15       1.550852905782e-15 
  444       2.892353354086e-10       2.676451960690e-12      -9.541921612693e-12       7.563604286091e-15       1.138173319900e-13       7.218544731571e-15       1.537343004743e-15 
  445       2.905824983355e-10       2.654204996992e-12      -9.680763829230e-12       7.590286290074e-15       1.129366478811e-13       7.036535097299e-15       1.523781115295e-15 
  446       2.919545625966e-10       2.631665313226e-12      -9.814588809671e-12       7.617124477894e-15       1.120640314704e-13       6.857827748157e-15       1.510168496298e-15 
  447       2.933501624426e-10       2.608845120665e-12      -9.943316545688e-12       7.644118895842e-15       1.111992748087e-13       6.682383535237e-15       1.496506419137e-15 
  448       2.947679037609e-10       2.585756869756e-12      -1.006686662420e-11       7.671269568664e-15       1.103421634682e-13       6.510161793724e-15       1.482796167755e-15 
  449       2.962064914752e-10       2.562412876222e-12      -1.018517125384e-11       7.698576193625e-15       1.094925130148e-13       6.341124705410e-15       1.469039019020e-15 
  450       2.976651166185e-10       2.538824183294e-12      -1.029821480907e-11       7.726037212134e-15       1.086502798095e-13       6.175250562449e-15       1.455236183082e-15 
  451       2.991430814636e-10       2.515001665282e-12      -1.040599556561e-11       7.753650707732e-15       1.078154537094e-13       6.012520912892e-15       1.441388861149e-15 
  452       3.006396730017e-10       2.490956400598e-12      -1.050851279685e-11       7.781414708799e-15       1.069880218566e-13       5.852916219213e-15       1.427498264987e-15 
  453       3.021541628522e-10       2.466699672877e-12      -1.060576678137e-11       7.809327188199e-15       1.061679686572e-13       5.696415850710e-15       1.413565616941e-15 
  454       3.036858071736e-10       2.442242972086e-12      -1.069775881040e-11       7.837386062931e-15       1.053552757602e-13       5.542998075915e-15       1.399592149953e-15 
  455       3.052338465731e-10       2.417597995646e-12      -1.078449119529e-11       7.865589193779e-15       1.045499220363e-13       5.392640054993e-15       1.385579107584e-15 
  456       3.067975060171e-10       2.392776649546e-12      -1.086596727505e-11       7.893934384958e-15       1.037518835576e-13       5.245317832154e-15       1.371527744025e-15 
  457       3.083759947417e-10       2.367791049454e-12      -1.094219142379e-11       7.922419383767e-15       1.029611335758e-13       5.101006328053e-15       1.357439324126e-15 
  458       3.099685061624e-10       2.342653521841e-12      -1.101316905819e-11       7.951041880235e-15       1.021776425016e-13       4.959679332198e-15       1.343315123406e-15 
  459       3.115742177849e-10       2.317376605088e-12      -1.107890664505e-11       7.979799506773e-15       1.014013778839e-13       4.821309495357e-15       1.329156428076e-15 
  460       3.131922911149e-10       2.291973050609e-12      -1.113941170873e-11       8.008689837819e-15       1.006323043883e-13       4.685868321957e-15       1.314964535059e-15 
  461       3.148218715684e-10       2.266455823962e-12      -1.119469283861e-11       8.037710389491e-15       9.987038377660e-14       4.553326162498e-15       1.300740752005e-15 
  462       3.164620883824e-10       2.240838105966e-12      -1.124475969664e-11       8.066858619237e-15       9.911557488540e-14       4.423652205949e-15       1.286486397312e-15 
  463       3.181120545245e-10       2.215133293818e-12      -1.128962302479e-11       8.096131925477e-15       9.836783360539e-14       4.296814472163e-15       1.272202800146e-15 
  464       3.197708666035e-10       2.189355002206e-12      -1.132929465252e-11       8.125527647261e-15       9.762711286025e-14       4.172779804273e-15       1.257891300457e-15 
  465       3.214376047796e-10       2.163517064429e-12      -1.136378750431e-11       8.155043063913e-15       9.689336258562e-14       4.051513861105e-15       1.243553249000e-15 
  466       3.231113326746e-10       2.137633533506e-12      -1.139311560708e-11       8.184675394681e-15       9.616652970818e-14       3.932981109577e-15       1.229190007353e-15 
  467       3.247910972822e-10       2.111718683300e-12      -1.141729409775e-11       8.214421798386e-15       9.544655812462e-14       3.817144817110e-15       1.214802947935e-15 
  468       3.264759288782e-10       2.085787009625e-12      -1.143633923068e-11       8.244279373072e-15       9.473338868064e-14       3.703967044029e-15       1.200393454026e-15 
  469       3.281648409305e-10       2.059853231369e-12      -1.145026838514e-11       8.274245155655e-15       9.402695914995e-14       3.593408635971e-15       1.185962919786e-15 
  470       3.298568300098e-10       2.033932291607e-12      -1.145910007285e-11       8.304316121572e-15       9.332720421331e-14       3.485429216287e-15       1.171512750272e-15 
  471       3.315508756996e-10       2.008039358714e-12      -1.146285394542e-11       8.334489184427e-15       9.263405543749e-14       3.379987178452e-15       1.157044361460e-15 
  472       3.332459405065e-10       1.982189827484e-12      -1.146155080185e-11       8.364761195648e-15       9.194744125433e-14       3.277039678468e-15       1.142559180260e-15 
  473       3.349409697701e-10       1.956399320245e-12      -1.145521259601e-11       8.395128944126e-15       9.126728693969e-14       3.176542627266e-15       1.128058644537e-15 
  474       3.366348915739e-10       1.930683687976e-12      -1.144386244413e-11       8.425589155873e-15       9.059351459248e-14       3.078450683119e-15       1.113544203130e-15 
  475       3.383266166548e-10       1.905059011418e-12      -1.142752463231e-11       8.456138493666e-15       8.992604311368e-14       2.982717244038e-15       1.099017315869e-15 
  476       3.400150383142e-10       1.879541602195e-12      -1.140622462394e-11       8.486773556697e-15       8.926478818533e-14       2.889294440185e-15       1.084479453597e-15 
  477       3.416990323271e-10       1.854148003926e-12      -1.137998906726e-11       8.517490880224e-15       8.860966224953e-14       2.798133126276e-15       1.069932098185e-15 
  478       3.433774568537e-10       1.828894993345e-12      -1.134884580278e-11       8.548286935217e-15       8.796057448744e-14       2.709182873983e-15       1.055376742553e-15 
  479       3.450491523483e-10       1.803799581410e-12      -1.131282387083e-11       8.579158128010e-15       8.731743079833e-14       2.622391964344e-15       1.040814890689e-15 
  480       3.467129414706e-10       1.778879014426e-12      -1.127195351899e-11       8.610100799948e-15       8.668013377852e-14       2.537707380167e-15       1.026248057668e-15 
  481       3.483676289954e-10       1.754150775154e-12      -1.122626620958e-11       8.641111227040e-15       8.604858270045e-14       2.455074798432e-15       1.011677769668e-15 
  482       3.500120017227e-10       1.729632583933e-12      -1.117579462720e-11       8.672185619601e-15       8.542267349162e-14       2.374438582701e-15       9.971055639920e-16 
  483       3.516448283886e-10       1.705342399791e-12      -1.112057268615e-11       8.703320121908e-15       8.480229871367e-14       2.295741775520e-15       9.825329890855e-16 
  484       3.532648595749e-10       1.681298421563e-12      -1.106063553795e-11       8.734510811847e-15       8.418734754130e-14       2.218926090827e-15       9.679616045554e-16 
  485       3.548708276195e-10       1.657519089004e-12      -1.099601957882e-11       8.765753700560e-15       8.357770574137e-14       2.143931906355e-15       9.533929811889e-16 
  486       3.564614465269e-10       1.634023083909e-12      -1.092676245715e-11       8.797044732096e-15       8.297325565181e-14       2.070698256038e-15       9.388287009721e-16 
  487       3.580354118782e-10       1.610829331226e-12      -1.085290308101e-11       8.828379783061e-15       8.237387616071e-14       1.999162822417e-15       9.242703571092e-16 
  488       3.595915552974e-10       1.587955347635e-12      -1.077448509448e-11       8.859754803995e-15       8.177946252989e-14       1.929272751878e-15       9.097194613014e-16 
  489       3.611293130984e-10       1.565412230880e-12      -1.069156740548e-11       8.891166248861e-15       8.118998655848e-14       1.861017470408e-15       8.951771625071e-16 
  490       3.626482714285e-10       1.543209523293e-12      -1.060421398646e-11       8.922610657665e-15       8.060543817115e-14       1.794396830927e-15       8.806445198366e-16 
  491       3.641480129643e-10       1.521356851117e-12      -1.051249044314e-11       8.954084515608e-15       8.002580572460e-14       1.729410376744e-15       8.661225945064e-16 
  492       3.656281168985e-10       1.499863924786e-12      -1.041646402369e-11       8.985584252801e-15       7.945107599656e-14       1.666057339404e-15       8.516124498106e-16 
  493       3.670881589287e-10       1.478740539215e-12      -1.031620362802e-11       9.017106243992e-15       7.888123417479e-14       1.604336636535e-15       8.371151510938e-16 
  494       3.685277112449e-10       1.457996574076e-12      -1.021177981696e-11       9.048646808282e-15       7.831626384604e-14       1.544246869698e-15       8.226317657229e-16 
  495       3.699463425178e-10       1.437641994093e-12      -1.010326482151e-11       9.080202208845e-15       7.775614698504e-14       1.485786322232e-15       8.081633630591e-16 
  496       3.713436178863e-10       1.417686849319e-12      -9.990732552070e-12       9.111768652651e-15       7.720086394351e-14       1.428952957102e-15       7.937110144306e-16 
  497       3.727190989461e-10       1.398141275423e-12      -9.874258607673e-12       9.143342290186e-15       7.665039343909e-14       1.373744414749e-15       7.792757931043e-16 
  498       3.740723437369e-10       1.379015493976e-12      -9.753920285205e-12       9.174919215169e-15       7.610471254439e-14       1.320158010938e-15       7.648587742579e-16 
  499       3.754029067311e-10       1.360319812734e-12      -9.629796588637e-12       9.206495464278e-15       7.556379667594e-14       1.268190734600e-15       7.504610349528e-16 
  500       3.767103388211e-10       1.342064625924e-12      -9.501968238259e-12       9.238067016865e-15       7.502761958316e-14       1.217839245687e-15       7.360836541052e-16 
  501       3.779941873080e-10       1.324260414528e-12      -9.370517679906e-12       9.269629794680e-15       7.449615333738e-14       1.169099873017e-15       7.217277124591e-16 
  502       3.792539958887e-10       1.306917746567e-12      -9.235529094189e-12       9.301179661591e-15       7.396936832080e-14       1.121968612120e-15       7.073942925582e-16 
  503       3.804893046446e-10       1.290047277388e-12      -9.097088405723e-12       9.332712423302e-15       7.344723321550e-14       1.076441123086e-15       6.930844787180e-16 
  504       3.816996500291e-10       1.273659749944e-12      -8.955283292359e-12       9.364223827074e-15       7.292971499237e-14       1.032512728418e-15       6.787993569980e-16 
  505       3.828845648559e-10       1.257765995084e-12      -8.810203194411e-12       9.395709561451e-15       7.241677890016e-14       9.901784108708e-16       6.645400151738e-16 
  506       3.840435782866e-10       1.242376931836e-12      -8.661939323887e-12       9.427165255970e-15       7.190838845445e-14       9.494328113072e-16       6.503075427094e-16 
  507       3.851762158190e-10       1.227503567689e-12      -8.510584673720e-12       9.458586480891e-15       7.140450542659e-14       9.102702265408e-16       6.361030307296e-16 
  508       3.862819992747e-10       1.213156998882e-12      -8.356234026994e-12       9.489968746912e-15       7.090508983273e-14       8.726846071851e-16       6.219275719913e-16 
  509       3.873604467876e-10       1.199348410685e-12      -8.198983966177e-12       9.521307504892e-15       7.041009992279e-14       8.366695555014e-16       6.077822608568e-16 
  510       3.884110727913e-10       1.186089077686e-12      -8.038932882347e-12       9.552598145569e-15       6.991949216945e-14       8.022183232465e-16       5.936681932650e-16 
  511       3.894333880073e-10       1.173390364073e-12      -7.876180984426e-12       9.583835999282e-15       6.943322125712e-14       7.693238095203e-16       5.795864667044e-16 
  512       3.904268994329e-10       1.161263723923e-12      -7.710830308405e-12       9.615016335693e-15       6.895124007096e-14       7.379785586135e-16       5.655381801844e-16 
  513       3.913911103295e-10       1.149720701482e-12      -7.542984726579e-12       9.646134363504e-15       6.847349968580e-14       7.081747578556e-16       5.515244342082e-16 
  514       3.923255202100e-10       1.138772931455e-12      -7.372749956771e-12       9.677185230178e-15       6.799994935521e-14       6.799042354625e-16       5.375463307446e-16 
  515       3.932296248271e-10       1.128432139284e-12      -7.200233571563e-12       9.708164021662e-15       6.753053650040e-14       6.531584583842e-16       5.236049732002e-16 
  516       3.941029161612e-10       1.118710141438e-12      -7.025545007530e-12       9.739065762105e-15       6.706520669926e-14       6.279285301526e-16       5.097014663917e-16 
  517       3.949448824085e-10       1.109618845695e-12      -6.848795574463e-12       9.769885413579e-15       6.660390367534e-14       6.042051887294e-16       4.958369165179e-16 
  518       3.957550079685e-10       1.101170251430e-12      -6.670098464603e-12       9.800617875800e-15       6.614656928681e-14       5.819788043534e-16       4.820124311321e-16 
  519       3.965327734327e-10       1.093376449895e-12      -6.489568761869e-12       9.831257985848e-15       6.569314351545e-14       5.612393773890e-16       4.682291191138e-16 
  520       3.972776555718e-10       1.086249624505e-12      -6.307323451089e-12       9.861800517887e-15       6.524356445567e-14       5.419765361731e-16       4.544880906414e-16 
  521       3.979891273241e-10       1.079802051127e-12      -6.123481427226e-12       9.892240182886e-15       6.479776830345e-14       5.241795348633e-16       4.407904571643e-16 
  522       3.986666577835e-10       1.074046098359e-12      -5.938163504612e-12       9.922571628337e-15       6.435568934534e-14       5.078372512860e-16       4.271373313745e-16 
  523       3.993097121871e-10       1.068994227817e-12      -5.751492426175e-12       9.952789437982e-15       6.391725994745e-14       4.929381847832e-16       4.135298271794e-16 
  524       3.999177519036e-10       1.064658994421e-12      -5.563592872669e-12       9.982888131524e-15       6.348241054443e-14       4.794704540611e-16       3.999690596739e-16 
  525       4.004902344210e-10       1.061053046676e-12      -5.374591471904e-12       1.001286216435e-14       6.305106962848e-14       4.674217950376e-16       3.864561451121e-16 
  526       4.010266133344e-10       1.058189126963e-12      -5.184616807975e-12       1.004270592727e-14       6.262316373827e-14       4.567795586897e-16       3.729922008800e-16 
  527       4.015264479300e-10       1.056078053380e-12      -4.993791159615e-12       1.007241427606e-14       6.219862908507e-14       4.475305314886e-16       3.595783579170e-16 
  528       4.019897352873e-10       1.054722603446e-12      -4.802205445685e-12       1.010198413683e-14       6.177744680624e-14       4.396603956201e-16       3.462157984151e-16 
  529       4.024165873237e-10       1.054123462055e-12      -4.609943605988e-12       1.013141294446e-14       6.135960866350e-14       4.331542496126e-16       3.329057191061e-16 
  530       4.028071220646e-10       1.054281224053e-12      -4.417090815215e-12       1.016069811672e-14       6.094510548801e-14       4.279967821784e-16       3.196493188836e-16 
  531       4.031614636777e-10       1.055196393648e-12      -4.223733488605e-12       1.018983705416e-14       6.053392717431e-14       4.241722699855e-16       3.064477987805e-16 
  532       4.034797425089e-10       1.056869383827e-12      -4.029959287605e-12       1.021882714011e-14       6.012606267434e-14       4.216645754283e-16       2.933023619464e-16 
  533       4.037620951170e-10       1.059300515769e-12      -3.835857125538e-12       1.024766574063e-14       5.972149999148e-14       4.204571443994e-16       2.802142136256e-16 
  534       4.040086643093e-10       1.062490018261e-12      -3.641517173262e-12       1.027635020443e-14       5.932022617448e-14       4.205330040604e-16       2.671845611341e-16 
  535       4.042195991766e-10       1.066438027109e-12      -3.447030864834e-12       1.030487786282e-14       5.892222731155e-14       4.218747606130e-16       2.542146138374e-16 
  536       4.043950551288e-10       1.071144584555e-12      -3.252490903171e-12       1.033324602970e-14       5.852748852429e-14       4.244645970711e-16       2.413055831282e-16 
  537       4.045351939295e-10       1.076609638691e-12      -3.057991265717e-12       1.036145200145e-14       5.813599396173e-14       4.282842710308e-16       2.284586824034e-16 
  538       4.046401837317e-10       1.082833042872e-12      -2.863627210102e-12       1.038949305693e-14       5.774772679433e-14       4.333151124427e-16       2.156751270423e-16 
  539       4.047101991129e-10       1.089814555129e-12      -2.669495279803e-12       1.041736645741e-14       5.736266920798e-14       4.395380213827e-16       2.029561343837e-16 
  540       4.047454211103e-10       1.097553837588e-12      -2.475693309812e-12       1.044506944650e-14       5.698080239799e-14       4.469334658232e-16       1.903029237034e-16 
  541       4.047460372561e-10       1.106050455879e-12      -2.282320432296e-12       1.047259925013e-14       5.660210656312e-14       4.554814794042e-16       1.777167161921e-16 
  542       4.047122416127e-10       1.115303878554e-12      -2.089477082257e-12       1.049995307647e-14       5.622656089957e-14       4.651616592051e-16       1.651987349326e-16 
  543       4.046442348076e-10       1.125313476497e-12      -1.897265003201e-12       1.052712811592e-14       5.585414359497e-14       4.759531635154e-16       1.527502048775e-16 
  544       4.045422240693e-10       1.136078522344e-12      -1.705787252794e-12       1.055412154100e-14       5.548483182240e-14       4.878347096060e-16       1.403723528266e-16 
  545       4.044064232619e-10       1.147598189892e-12      -1.515148208530e-12       1.058093050635e-14       5.511860173440e-14       5.007845715008e-16       1.280664074047e-16 
  546       4.042370529207e-10       1.159871553516e-12      -1.325453573389e-12       1.060755214866e-14       5.475542845695e-14       5.147805777474e-16       1.158335990387e-16 
  547       4.040343402873e-10       1.172897587582e-12      -1.136810381504e-12       1.063398358663e-14       5.439528608349e-14       5.298001091890e-16       1.036751599357e-16 
  548       4.037985193446e-10       1.186675165862e-12      -9.493270038222e-13       1.066022192087e-14       5.403814766893e-14       5.458200967349e-16       9.159232406004e-17 
  549       4.035298308525e-10       1.201203060947e-12      -7.631131537653e-13       1.068626423393e-14       5.368398522361e-14       5.628170191324e-16       7.958632711099e-17 
  550       4.032285223827e-10       1.216479943664e-12      -5.782798928956e-13       1.071210759018e-14       5.333276970738e-14       5.807669007375e-16       6.765840650044e-17 
  551       4.028948483542e-10       1.232504382487e-12      -3.949396365773e-13       1.073774903579e-14       5.298447102352e-14       5.996453092866e-16       5.580980133025e-17 
  552       4.025290700685e-10       1.249274842953e-12      -2.132061596388e-13       1.076318559869e-14       5.263905801280e-14       6.194273536674e-16       4.404175236988e-17 
  553       4.021314557444e-10       1.266789687075e-12      -3.319460203608e-14       1.078841428848e-14       5.229649844747e-14       6.400876816902e-16       3.235550203388e-17 
  554       4.017022805540e-10       1.285047172757e-12       1.449785254850e-13       1.081343209640e-14       5.195675902525e-14       6.616004778593e-16       2.075229435945e-17 
  555       4.012418266571e-10       1.304045453210e-12       3.211953357259e-13       1.083823599532e-14       5.161980536335e-14       6.839394611441e-16       9.233374983962e-18 
  556       4.007503832372e-10       1.323782576362e-12       4.953365593726e-13       1.086282293959e-14       5.128560199245e-14       7.070778827505e-16      -2.200008877484e-18 
  557       4.002282465360e-10       1.344256484277e-12       6.672815393330e-13       1.088718986510e-14       5.095411235073e-14       7.309885238917e-16      -1.354660845456e-17 
  558       3.996757198891e-10       1.365465012564e-12       8.369082250742e-13       1.091133368914e-14       5.062529877787e-14       7.556436935601e-16      -2.480517344413e-17 
  559       3.990931137612e-10       1.387405889797e-12       1.004093166960e-12       1.093525131041e-14       5.029912250904e-14       7.810152262979e-16      -3.597445203276e-17 
  560       3.984807457811e-10       1.410076736924e-12       1.168711510588e-12       1.095893960894e-14       4.997554366889e-14       8.070744799688e-16      -4.705319091916e-17 
  561       3.978389407771e-10       1.433475066684e-12       1.330636991126e-12       1.098239544603e-14       4.965452126559e-14       8.337923335290e-16      -5.804013533664e-17 
  562       3.971680308121e-10       1.457598283023e-12       1.489741927652e-12       1.100561566424e-14       4.933601318483e-14       8.611391847986e-16      -6.893402907557e-17 
  563       3.964683552189e-10       1.482443680502e-12       1.645897217488e-12       1.102859708728e-14       4.901997618377e-14       8.890849482325e-16      -7.973361450590e-17 
  564       3.957402606356e-10       1.508008443717e-12       1.798972330540e-12       1.105133652000e-14       4.870636588511e-14       9.175990526922e-16      -9.043763259954e-17 
  565       3.949841010403e-10       1.534289646713e-12       1.948835303634e-12       1.107383074836e-14       4.839513677107e-14       9.466504392164e-16      -1.010448229529e-16 
  566       3.942002585476e-10       1.561283171401e-12       2.095367731547e-12       1.109607711721e-14       4.808624911432e-14       9.762104151513e-16      -1.115541645279e-16 
  567       3.933892063122e-10       1.588980433442e-12       2.238510175357e-12       1.111807528039e-14       4.777968997906e-14       1.006261301742e-15      -1.219656046351e-16 
  568       3.925514473131e-10       1.617371570977e-12       2.378217911111e-12       1.113982549560e-14       4.747545274838e-14       1.036788004615e-15      -1.322793487491e-16 
  569       3.916874937817e-10       1.646446517011e-12       2.514446038782e-12       1.116132805070e-14       4.717353023284e-14       1.067775176386e-15      -1.424956215993e-16 
  570       3.907978672453e-10       1.676194998423e-12       2.647149482210e-12       1.118258326394e-14       4.687391466707e-14       1.099207215507e-15      -1.526146672819e-16 
  571       3.898830985700e-10       1.706606534976e-12       2.776282989051e-12       1.120359148406e-14       4.657659770630e-14       1.131068265100e-15      -1.626367493729e-16 
  572       3.889437280033e-10       1.737670438327e-12       2.901801130721e-12       1.122435309049e-14       4.628157042306e-14       1.163342211797e-15      -1.725621510404e-16 
  573       3.879803052177e-10       1.769375811037e-12       3.023658302338e-12       1.124486849352e-14       4.598882330368e-14       1.196012684583e-15      -1.823911751570e-16 
  574       3.869933893532e-10       1.801711545582e-12       3.141808722671e-12       1.126513813443e-14       4.569834624496e-14       1.229063053631e-15      -1.921241444121e-16 
  575       3.859835490605e-10       1.834666323362e-12       3.256206434081e-12       1.128516248570e-14       4.541012855071e-14       1.262476429141e-15      -2.017614014250e-16 
  576       3.849513625439e-10       1.868228613710e-12       3.366805302471e-12       1.130494205113e-14       4.512415892839e-14       1.296235660185e-15      -2.113033088566e-16 
  577       3.838974176045e-10       1.902386672903e-12       3.473559017224e-12       1.132447736606e-14       4.484042548570e-14       1.330323333539e-15      -2.207502495225e-16 
  578       3.828223116827e-10       1.937128543174e-12       3.576421091154e-12       1.134376899746e-14       4.455891572714e-14       1.364721772528e-15      -2.301026265049e-16 
  579       3.817266519019e-10       1.972442051717e-12       3.675344860450e-12       1.136281754418e-14       4.427961655067e-14       1.399413035863e-15      -2.393608632657e-16 
  580       3.806110551108e-10       2.008314809704e-12       3.770283484615e-12       1.138162363703e-14       4.400251424424e-14       1.434378916478e-15      -2.485254037586e-16 
  581       3.794761479268e-10       2.044734211289e-12       3.861189946420e-12       1.140018793903e-14       4.372759448246e-14       1.469600940375e-15      -2.575967125414e-16 
  582       3.783225667790e-10       2.081687432618e-12       3.948017051841e-12       1.141851114551e-14       4.345484232310e-14       1.505060365457e-15      -2.665752748889e-16 
  583       3.771509579508e-10       2.119161430847e-12       4.030717430010e-12       1.143659398430e-14       4.318424220381e-14       1.540738180372e-15      -2.754615969053e-16 
  584       3.759619776233e-10       2.157142943139e-12       4.109243533155e-12       1.145443721588e-14       4.291577793860e-14       1.576615103349e-15      -2.842562056363e-16 
  585       3.747562919182e-10       2.195618485688e-12       4.183547636549e-12       1.147204163359e-14       4.264943271452e-14       1.612671581042e-15      -2.929596491821e-16 
  586       3.735345769405e-10       2.234574352716e-12       4.253581838450e-12       1.148940806373e-14       4.238518908820e-14       1.648887787362e-15      -3.015724968093e-16 
  587       3.722975188221e-10       2.273996615495e-12       4.319298060052e-12       1.150653736577e-14       4.212302898250e-14       1.685243622323e-15      -3.100953390640e-16 
  588       3.710458137639e-10       2.313871121346e-12       4.380648045425e-12       1.152343043251e-14       4.186293368307e-14       1.721718710878e-15      -3.185287878838e-16 
  589       3.697801680798e-10       2.354183492658e-12       4.437583361463e-12       1.154008819023e-14       4.160488383495e-14       1.758292401759e-15      -3.268734767103e-16 
  590       3.685012982387e-10       2.394919125892e-12       4.490055397825e-12       1.155651159885e-14       4.134885943918e-14       1.794943766317e-15      -3.351300606021e-16 
  591       3.672099309084e-10       2.436063190594e-12       4.538015366885e-12       1.157270165214e-14       4.109483984939e-14       1.831651597359e-15      -3.432992163465e-16 
  592       3.659068029979e-10       2.477600628405e-12       4.581414303675e-12       1.158865937783e-14       4.084280376841e-14       1.868394407991e-15      -3.513816425725e-16 
  593       3.645926617006e-10       2.519516152069e-12       4.620203065825e-12       1.160438583779e-14       4.059272924484e-14       1.905150430453e-15      -3.593780598631e-16 
  594       3.632682645375e-10       2.561794244444e-12       4.654332333517e-12       1.161988212821e-14       4.034459366968e-14       1.941897614962e-15      -3.672892108680e-16 
  595       3.619343794000e-10       2.604419157513e-12       4.683752609423e-12       1.163514937978e-14       4.009837377289e-14       1.978613628549e-15      -3.751158604156e-16 
  596       3.605917845927e-10       2.647374911395e-12       4.708414218653e-12       1.165018875779e-14       3.985404562004e-14       2.015275853899e-15      -3.828587956259e-16 
  597       3.592412688768e-10       2.690645293349e-12       4.728267308696e-12       1.166500146238e-14       3.961158460884e-14       2.051861388192e-15      -3.905188260228e-16 
  598       3.578836315129e-10       2.734213856792e-12       4.743261849371e-12       1.167958872863e-14       3.937096546580e-14       2.088347041939e-15      -3.980967836467e-16 
  599       3.565196823038e-10       2.778063920304e-12       4.753347632768e-12       1.169395182678e-14       3.913216224278e-14       2.124709337822e-15      -4.055935231667e-16 
  600       3.551502416378e-10       2.822178566640e-12       4.758474273193e-12       1.170809206235e-14       3.889514831361e-14       2.160924509537e-15      -4.130099219935e-16 
  601       3.537761405314e-10       2.866540641737e-12       4.758591207115e-12       1.172201077635e-14       3.865989637070e-14       2.196968500629e-15      -4.203468803913e-16 
  602       3.523982206727e-10       2.911132753728e-12       4.753647693107e-12       1.173570934541e-14       3.842637842160e-14       2.232816963333e-15      -4.276053215909e-16 
  603       3.510173344637e-10       2.955937271952e-12       4.743592811794e-12       1.174918918196e-14       3.819456578563e-14       2.268445257413e-15      -4.347861919019e-16 
  604       3.496343450642e-10       3.000936325959e-12       4.728375465800e-12       1.176245173439e-14       3.796442909047e-14       2.303828449001e-15      -4.418904608248e-16 
  605       3.482500641153e-10       3.046112479970e-12       4.707957207805e-12       1.177549872127e-14       3.773594260144e-14       2.338946471312e-15      -4.489187929400e-16 
  606       3.468650631797e-10       3.091450776079e-12       4.682351064100e-12       1.178833283979e-14       3.750909733084e-14       2.373799745619e-15      -4.558705546672e-16 
  607       3.454798578461e-10       3.136936738294e-12       4.651583645770e-12       1.180095707471e-14       3.728388823756e-14       2.408393934124e-15      -4.627447838110e-16 
  608       3.440949696597e-10       3.182555700774e-12       4.615682409319e-12       1.181337446609e-14       3.706030992097e-14       2.442734812657e-15      -4.695405156264e-16 
  609       3.427109261447e-10       3.228292807063e-12       4.574675660820e-12       1.182558810952e-14       3.683835661894e-14       2.476828271205e-15      -4.762567828229e-16 
  610       3.413282608271e-10       3.274133009318e-12       4.528592560053e-12       1.183760115639e-14       3.661802220584e-14       2.510680314442e-15      -4.828926155700e-16 
  611       3.399475132568e-10       3.320061067544e-12       4.477463124652e-12       1.184941681408e-14       3.639930019058e-14       2.544297062255e-15      -4.894470415021e-16 
  612       3.385692290307e-10       3.366061548823e-12       4.421318234247e-12       1.186103834626e-14       3.618218371462e-14       2.577684750275e-15      -4.959190857239e-16 
  613       3.371939598150e-10       3.412118826544e-12       4.360189634609e-12       1.187246907311e-14       3.596666554996e-14       2.610849730404e-15      -5.023077708147e-16 
  614       3.358222633679e-10       3.458217079638e-12       4.294109941792e-12       1.188371237153e-14       3.575273809719e-14       2.643798471347e-15      -5.086121168343e-16 
  615       3.344547035621e-10       3.504340291803e-12       4.223112646277e-12       1.189477167545e-14       3.554039338347e-14       2.676537559137e-15      -5.148311413274e-16 
  616       3.330918504075e-10       3.550472250742e-12       4.147232117118e-12       1.190565047598e-14       3.532962306057e-14       2.709073697665e-15      -5.209638593290e-16 
  617       3.317342800738e-10       3.596596547387e-12       4.066503606081e-12       1.191635232175e-14       3.512041840290e-14       2.741413709212e-15      -5.270092833693e-16 
  618       3.303825749129e-10       3.642696575136e-12       3.980963251793e-12       1.192688081908e-14       3.491277030548e-14       2.773564534973e-15      -5.329664234788e-16 
  619       3.290373234817e-10       3.688755529082e-12       3.890648083880e-12       1.193723963225e-14       3.470666928199e-14       2.805533235587e-15      -5.388342871933e-16 
  620       3.276991205646e-10       3.734756405242e-12       3.795596027117e-12       1.194743248373e-14       3.450210546277e-14       2.837326991670e-15      -5.446118795589e-16 
  621       3.263685671961e-10       3.780681999792e-12       3.695845905564e-12       1.195746315445e-14       3.429906859284e-14       2.868953104338e-15      -5.502982031374e-16 
  622       3.250462706834e-10       3.826514908295e-12       3.591437446717e-12       1.196733548399e-14       3.409754802993e-14       2.900418995739e-15      -5.558922580106e-16 
  623       3.237328446291e-10       3.872237524933e-12       3.482411285648e-12       1.197705337088e-14       3.389753274247e-14       2.931732209580e-15      -5.613930417862e-16 
  624       3.224289089534e-10       3.917832041739e-12       3.368808969147e-12       1.198662077279e-14       3.369901130761e-14       2.962900411660e-15      -5.667995496023e-16 
  625       3.211350899172e-10       3.963280447825e-12       3.250672959870e-12       1.199604170682e-14       3.350197190926e-14       2.993931390393e-15      -5.721107741326e-16 
  626       3.198520201444e-10       4.008564528619e-12       3.128046640478e-12       1.200532024970e-14       3.330640233607e-14       3.024833057341e-15      -5.773257055915e-16 
  627       3.185803386445e-10       4.053665865089e-12       3.000974317785e-12       1.201446053805e-14       3.311228997947e-14       3.055613447739e-15      -5.824433317389e-16 
  628       3.173206908354e-10       4.098565832980e-12       2.869501226898e-12       1.202346676862e-14       3.291962183167e-14       3.086280721030e-15      -5.874626378856e-16 
  629       3.160737285656e-10       4.143245602041e-12       2.733673535363e-12       1.203234319855e-14       3.272838448371e-14       3.116843161387e-15      -5.923826068982e-16 
  630       3.148401101371e-10       4.187686135259e-12       2.593538347307e-12       1.204109414555e-14       3.253856412340e-14       3.147309178246e-15      -5.972022192040e-16 
  631       3.136205003280e-10       4.231868188088e-12       2.449143707582e-12       1.204972398824e-14       3.235014653344e-14       3.177687306834e-15      -6.019204527963e-16 
  632       3.124155704150e-10       4.275772307681e-12       2.300538605911e-12       1.205823716629e-14       3.216311708933e-14       3.207986208695e-15      -6.065362832391e-16 
  633       3.112259981958e-10       4.319378832120e-12       2.147772981026e-12       1.206663818074e-14       3.197746075747e-14       3.238214672225e-15      -6.110486836727e-16 
  634       3.100524680121e-10       4.362667889651e-12       1.990897724819e-12       1.207493159418e-14       3.179316209312e-14       3.268381613193e-15      -6.154566248180e-16 
  635       3.088956707719e-10       4.405619397908e-12       1.829964686480e-12       1.208312203105e-14       3.161020523843e-14       3.298496075277e-15      -6.197590749823e-16 
  636       3.077563039722e-10       4.448213063152e-12       1.665026676642e-12       1.209121417783e-14       3.142857392049e-14       3.328567230588e-15      -6.239550000637e-16 
  637       3.066350717214e-10       4.490428379496e-12       1.496137471525e-12       1.209921278333e-14       3.124825144927e-14       3.358604380201e-15      -6.280433635566e-16 
  638       3.055326847622e-10       4.532244628138e-12       1.323351817081e-12       1.210712265888e-14       3.106922071573e-14       3.388616954682e-15      -6.320231265566e-16 
  639       3.044498604940e-10       4.573640876596e-12       1.146725433136e-12       1.211494867860e-14       3.089146418975e-14       3.418614514620e-15      -6.358932477656e-16 
  640       3.033873229957e-10       4.614595977930e-12       9.663150175323e-13       1.212269577966e-14       3.071496391819e-14       3.448606751153e-15      -6.396526834964e-16 
  641       3.023458030476e-10       4.655088569985e-12       7.821782502754e-13       1.213036896249e-14       3.053970152292e-14       3.478603486497e-15      -6.433003876786e-16 
  642       3.013260381552e-10       4.695097074609e-12       5.943737976753e-13       1.213797329102e-14       3.036565819877e-14       3.508614674476e-15      -6.468353118628e-16 
  643       3.003287725705e-10       4.734599696897e-12       4.029613164909e-13       1.214551389295e-14       3.019281471163e-14       3.538650401050e-15      -6.502564052262e-16 
  644       2.993546619068e-10       4.773576566017e-12       2.080045568898e-13       1.215299567917e-14       3.002115412604e-14       3.568717833438e-15      -6.535629341794e-16 
  645       2.984039845635e-10       4.812016212470e-12       9.580740030743e-15       1.216042249469e-14       2.985067006002e-14       3.598811990613e-15      -6.567554491183e-16 
  646       2.974769238151e-10       4.849909235895e-12      -1.922285991082e-13       1.216779794894e-14       2.968135861317e-14       3.628924764987e-15      -6.598348395600e-16 
  647       2.965736626238e-10       4.887246176587e-12      -3.973406863047e-13       1.217512569508e-14       2.951321565270e-14       3.659047954554e-15      -6.628020166187e-16 
  648       2.956943836346e-10       4.924017515342e-12      -6.056715030535e-13       1.218240943006e-14       2.934623681229e-14       3.689173262541e-15      -6.656579131032e-16 
  649       2.948392691699e-10       4.960213673312e-12      -8.171357815273e-13       1.218965289488e-14       2.918041749082e-14       3.719292297049e-15      -6.684034836140e-16 
  650       2.940085012250e-10       4.995825011850e-12      -1.031646999538e-12       1.219685987465e-14       2.901575285125e-14       3.749396570708e-15      -6.710397046411e-16 
  651       2.932022614632e-10       5.030841832365e-12      -1.249117375498e-12       1.220403419883e-14       2.885223781939e-14       3.779477500318e-15      -6.735675746609e-16 
  652       2.924207312102e-10       5.065254376167e-12      -1.469457863381e-12       1.221117974135e-14       2.868986708269e-14       3.809526406499e-15      -6.759881142340e-16 
  653       2.916640914497e-10       5.099052824318e-12      -1.692578147684e-12       1.221830042080e-14       2.852863508906e-14       3.839534513339e-15      -6.783023661021e-16 
  654       2.909325228183e-10       5.132227297486e-12      -1.918386638387e-12       1.222540020053e-14       2.836853604567e-14       3.869492948039e-15      -6.805113952860e-16 
  655       2.902262056004e-10       5.164767855788e-12      -2.146790465915e-12       1.223248308890e-14       2.820956391778e-14       3.899392740563e-15      -6.826162891824e-16 
  656       2.895453197234e-10       5.196664498643e-12      -2.377695476101e-12       1.223955313935e-14       2.805171242748e-14       3.929224823281e-15      -6.846181576615e-16 
  657       2.888900447524e-10       5.227907164625e-12      -2.611006225143e-12       1.224661445064e-14       2.789497505257e-14       3.958980030623e-15      -6.865181331645e-16 
  658       2.882605598858e-10       5.258485731306e-12      -2.846625974569e-12       1.225367116695e-14       2.773934502531e-14       3.988649098719e-15      -6.883173708007e-16 
  659       2.876570439498e-10       5.288390015111e-12      -3.084456686196e-12       1.226072747807e-14       2.758481533123e-14       4.018222665050e-15      -6.900170484452e-16 
  660       2.870796753936e-10       5.317609771167e-12      -3.324399017092e-12       1.226778761955e-14       2.743137870798e-14       4.047691268098e-15      -6.916183668361e-16 
  661       2.865286322845e-10       5.346134693151e-12      -3.566352314536e-12       1.227485587288e-14       2.727902764407e-14       4.077045346985e-15      -6.931225496716e-16 
  662       2.860040923028e-10       5.373954413140e-12      -3.810214610982e-12       1.228193656561e-14       2.712775437771e-14       4.106275241131e-15      -6.945308437081e-16 
  663       2.855062327370e-10       5.401058501462e-12      -4.055882619017e-12       1.228903407157e-14       2.697755089560e-14       4.135371189891e-15      -6.958445188568e-16 
  664       2.850352304786e-10       5.427436466548e-12      -4.303251726323e-12       1.229615281096e-14       2.682840893177e-14       4.164323332210e-15      -6.970648682816e-16 
  665       2.845912620176e-10       5.453077754774e-12      -4.552215990641e-12       1.230329725057e-14       2.668031996632e-14       4.193121706267e-15      -6.981932084960e-16 
  666       2.841745034366e-10       5.477971750319e-12      -4.802668134726e-12       1.231047190391e-14       2.653327522428e-14       4.221756249120e-15      -6.992308794612e-16 
  667       2.837851304070e-10       5.502107775013e-12      -5.054499541315e-12       1.231768133138e-14       2.638726567438e-14       4.250216796358e-15      -7.001792446826e-16 
  668       2.834233181830e-10       5.525475088181e-12      -5.307600248085e-12       1.232493014043e-14       2.624228202787e-14       4.278493081747e-15      -7.010396913080e-16 
  669       2.830892415974e-10       5.548062886501e-12      -5.561858942611e-12       1.233222298570e-14       2.609831473733e-14       4.306574736875e-15      -7.018136302242e-16 
  670       2.827830750560e-10       5.569860303848e-12      -5.817162957335e-12       1.233956456924e-14       2.595535399545e-14       4.334451290799e-15      -7.025024961551e-16 
  671       2.825049925332e-10       5.590856411148e-12      -6.073398264518e-12       1.234695964058e-14       2.581338973386e-14       4.362112169698e-15      -7.031077477586e-16 
  672       2.822551675666e-10       5.611040216222e-12      -6.330449471209e-12       1.235441299698e-14       2.567241162192e-14       4.389546696513e-15      -7.036308677241e-16 
  673       2.820337732521e-10       5.630400663641e-12      -6.588199814201e-12       1.236192948353e-14       2.553240906551e-14       4.416744090599e-15      -7.040733628699e-16 
  674       2.818409822391e-10       5.648926634576e-12      -6.846531154996e-12       1.236951399333e-14       2.539337120587e-14       4.443693467369e-15      -7.044367642406e-16 
  675       2.816769667256e-10       5.666606946642e-12      -7.105323974761e-12       1.237717146766e-14       2.525528691838e-14       4.470383837946e-15      -7.047226272043e-16 
  676       2.815418984528e-10       5.683430353755e-12      -7.364457369295e-12       1.238490689614e-14       2.511814481135e-14       4.496804108804e-15      -7.049325315504e-16 
  677       2.814359487006e-10       5.699385545977e-12      -7.623809043987e-12       1.239272531685e-14       2.498193322487e-14       4.522943081421e-15      -7.050680815865e-16 
  678       2.813592882821e-10       5.714461149366e-12      -7.883255308777e-12       1.240063181657e-14       2.484664022956e-14       4.548789451923e-15      -7.051309062359e-16 
  679       2.813120875394e-10       5.728645725830e-12      -8.142671073118e-12       1.240863153085e-14       2.471225362541e-14       4.574331810733e-15      -7.051226591352e-16 
  680       2.812945163378e-10       5.741927772970e-12      -8.401929840937e-12       1.241672964425e-14       2.457876094058e-14       4.599558642215e-15      -7.050450187315e-16 
  681       2.813067440614e-10       5.754295723937e-12      -8.660903705596e-12       1.242493139042e-14       2.444614943018e-14       4.624458324327e-15      -7.048996883797e-16 
  682       2.813489396078e-10       5.765737947275e-12      -8.919463344853e-12       1.243324205236e-14       2.431440607510e-14       4.649019128263e-15      -7.046883964400e-16 
  683       2.814212034610e-10       5.776245086970e-12      -9.177486293554e-12       1.244166633885e-14       2.418351938256e-14       4.673230911948e-15      -7.044125844839e-16 
  684       2.815233623279e-10       5.785817137690e-12      -9.434881965700e-12       1.245020649922e-14       2.405348483230e-14       4.697090240896e-15      -7.040724644105e-16 
  685       2.816551701081e-10       5.794456520275e-12      -9.691567156521e-12       1.245886416870e-14       2.392429954430e-14       4.720595375965e-15      -7.036679413961e-16 
  686       2.818163753971e-10       5.802165755661e-12      -9.947457810212e-12       1.246764098840e-14       2.379596048678e-14       4.743744589488e-15      -7.031989239806e-16 
  687       2.820067214639e-10       5.808947465342e-12      -1.020246901701e-11       1.247653860532e-14       2.366846447547e-14       4.766536165356e-15      -7.026653240846e-16 
  688       2.822259462285e-10       5.814804371812e-12      -1.045651501031e-11       1.248555867233e-14       2.354180817292e-14       4.788968399103e-15      -7.020670570264e-16 
  689       2.824737822394e-10       5.819739299018e-12      -1.070950916369e-11       1.249470284822e-14       2.341598808772e-14       4.811039597986e-15      -7.014040415400e-16 
  690       2.827499566514e-10       5.823755172816e-12      -1.096136398808e-11       1.250397279763e-14       2.329100057379e-14       4.832748081068e-15      -7.006761997916e-16 
  691       2.830541912030e-10       5.826855021414e-12      -1.121199112879e-11       1.251337019111e-14       2.316684182963e-14       4.854092179299e-15      -6.998834573971e-16 
  692       2.833862021940e-10       5.829041975828e-12      -1.146130136261e-11       1.252289670509e-14       2.304350789762e-14       4.875070235603e-15      -6.990257434396e-16 
  693       2.837457004631e-10       5.830319270332e-12      -1.170920459492e-11       1.253255402189e-14       2.292099466324e-14       4.895680604953e-15      -6.981029904863e-16 
  694       2.841323913657e-10       5.830690242909e-12      -1.195560985675e-11       1.254234382971e-14       2.279929785437e-14       4.915921654462e-15      -6.971151346063e-16 
  695       2.845459747511e-10       5.830158335700e-12      -1.220042530187e-11       1.255226782265e-14       2.267841304056e-14       4.935791763457e-15      -6.960621153870e-16 
  696       2.849861449402e-10       5.828727095458e-12      -1.244355820392e-11       1.256232770069e-14       2.255833563226e-14       4.955289323567e-15      -6.949438759521e-16 
  697       2.854525907034e-10       5.826400173995e-12      -1.268491495341e-11       1.257252516971e-14       2.243906088013e-14       4.974412738804e-15      -6.937603629789e-16 
  698       2.859449952377e-10       5.823181328638e-12      -1.292440105491e-11       1.258286194145e-14       2.232058387429e-14       4.993160425643e-15      -6.925115267148e-16 
  699       2.864630361446e-10       5.819074422674e-12      -1.316192112407e-11       1.259333973357e-14       2.220289954356e-14       5.011530813109e-15      -6.911973209954e-16 
  700       2.870063854076e-10       5.814083425806e-12      -1.339737888470e-11       1.260396026961e-14       2.208600265478e-14       5.029522342855e-15      -6.898177032612e-16 
  701       2.875747093697e-10       5.808212414601e-12      -1.363067716593e-11       1.261472527899e-14       2.196988781204e-14       5.047133469246e-15      -6.883726345752e-16 
  702       2.881676687110e-10       5.801465572941e-12      -1.386171789921e-11       1.262563649704e-14       2.185454945593e-14       5.064362659442e-15      -6.868620796401e-16 
  703       2.887849184266e-10       5.793847192476e-12      -1.409040211545e-11       1.263669566497e-14       2.173998186286e-14       5.081208393479e-15      -6.852860068153e-16 
  704       2.894261078035e-10       5.785361673073e-12      -1.431662994212e-11       1.264790452986e-14       2.162617914429e-14       5.097669164354e-15      -6.836443881345e-16 
  705       2.900908803990e-10       5.776013523266e-12      -1.454030060026e-11       1.265926484472e-14       2.151313524601e-14       5.113743478103e-15      -6.819371993228e-16 
  706       2.907788740177e-10       5.765807360709e-12      -1.476131240168e-11       1.267077836842e-14       2.140084394738e-14       5.129429853887e-15      -6.801644198140e-16 
  707       2.914897206891e-10       5.754747912627e-12      -1.497956274594e-11       1.268244686573e-14       2.128929886064e-14       5.144726824075e-15      -6.783260327677e-16 
  708       2.922230466456e-10       5.742840016265e-12      -1.519494811750e-11       1.269427210733e-14       2.117849343015e-14       5.159632934322e-15      -6.764220250869e-16 
  709       2.929784722996e-10       5.730088619341e-12      -1.540736408280e-11       1.270625586977e-14       2.106842093165e-14       5.174146743655e-15      -6.744523874349e-16 
  710       2.937556122214e-10       5.716498780494e-12      -1.561670528734e-11       1.271839993549e-14       2.095907447155e-14       5.188266824554e-15      -6.724171142530e-16 
  711       2.945540751168e-10       5.702075669737e-12      -1.582286545274e-11       1.273070609285e-14       2.085044698618e-14       5.201991763036e-15      -6.703162037772e-16 
  712       2.953734638043e-10       5.686824568910e-12      -1.602573737389e-11       1.274317613607e-14       2.074253124106e-14       5.215320158735e-15      -6.681496580558e-16 
  713       2.962133751932e-10       5.670750872126e-12      -1.622521291599e-11       1.275581186528e-14       2.063531983018e-14       5.228250624985e-15      -6.659174829668e-16 
  714       2.970734002606e-10       5.653860086224e-12      -1.642118301163e-11       1.276861508650e-14       2.052880517523e-14       5.240781788903e-15      -6.636196882348e-16 
  715       2.979531240296e-10       5.636157831222e-12      -1.661353765793e-11       1.278158761166e-14       2.042297952491e-14       5.252912291473e-15      -6.612562874484e-16 
  716       2.988521255464e-10       5.617649840766e-12      -1.680216591356e-11       1.279473125856e-14       2.031783495417e-14       5.264640787625e-15      -6.588272980778e-16 
  717       2.997699778583e-10       5.598341962579e-12      -1.698695589588e-11       1.280804785090e-14       2.021336336350e-14       5.275965946318e-15      -6.563327414915e-16 
  718       3.007062479907e-10       5.578240158916e-12      -1.716779477801e-11       1.282153921828e-14       2.010955647816e-14       5.286886450625e-15      -6.537726429738e-16 
  719       3.016604969253e-10       5.557350507012e-12      -1.734456878591e-11       1.283520719620e-14       2.000640584749e-14       5.297400997813e-15      -6.511470317422e-16 
  720       3.026322795773e-10       5.535679199533e-12      -1.751716319547e-11       1.284905362604e-14       1.990390284413e-14       5.307508299426e-15      -6.484559409645e-16 
  721       3.036211447731e-10       5.513232545029e-12      -1.768546232961e-11       1.286308035510e-14       1.980203866334e-14       5.317207081368e-15      -6.456994077763e-16 
  722       3.046266311079e-10       5.490018040682e-12      -1.784936385313e-11       1.287728867169e-14       1.970080549814e-14       5.326497069173e-15      -6.428776037904e-16 
  723       3.056482544718e-10       5.466047613419e-12      -1.800882197995e-11       1.289167759806e-14       1.960020009253e-14       5.335381965490e-15      -6.399912294850e-16 
  724       3.066855202274e-10       5.441334445158e-12      -1.816380513287e-11       1.290624556303e-14       1.950022025860e-14       5.343866532905e-15      -6.370411278162e-16 
  725       3.077379272837e-10       5.415891907142e-12      -1.831428172517e-11       1.292099096358e-14       1.940086370667e-14       5.351955614509e-15      -6.340281544942e-16 
  726       3.088049680723e-10       5.389733560625e-12      -1.846022016108e-11       1.293591216471e-14       1.930212804479e-14       5.359654134202e-15      -6.309531780307e-16 
  727       3.098861285248e-10       5.362873157580e-12      -1.860158883604e-11       1.295100749932e-14       1.920401077834e-14       5.366967097007e-15      -6.278170797857e-16 
  728       3.109808880485e-10       5.335324641390e-12      -1.873835613715e-11       1.296627526809e-14       1.910650930948e-14       5.373899589376e-15      -6.246207540152e-16 
  729       3.120887195038e-10       5.307102147549e-12      -1.887049044354e-11       1.298171373936e-14       1.900962093677e-14       5.380456779501e-15      -6.213651079185e-16 
  730       3.132090891805e-10       5.278220004356e-12      -1.899796012670e-11       1.299732114896e-14       1.891334285466e-14       5.386643917621e-15      -6.180510616849e-16 
  731       3.143414567745e-10       5.248692733615e-12      -1.912073355090e-11       1.301309570012e-14       1.881767215301e-14       5.392466336329e-15      -6.146795485416e-16 
  732       3.154852753643e-10       5.218535051332e-12      -1.923877907354e-11       1.302903556331e-14       1.872260581670e-14       5.397929450886e-15      -6.112515148007e-16 
  733       3.166399913879e-10       5.187761868412e-12      -1.935206504552e-11       1.304513887614e-14       1.862814072509e-14       5.403038759527e-15      -6.077679199061e-16 
  734       3.178050446192e-10       5.156388291355e-12      -1.946055981165e-11       1.306140374321e-14       1.853427365161e-14       5.407799843767e-15      -6.042297364817e-16 
  735       3.189798681447e-10       5.124429622956e-12      -1.956423171097e-11       1.307782823598e-14       1.844100126325e-14       5.412218368717e-15      -6.006379503775e-16 
  736       3.201638883402e-10       5.091901363001e-12      -1.966304907717e-11       1.309441039266e-14       1.834832012015e-14       5.416300083384e-15      -5.969935607177e-16 
  737       3.213565248474e-10       5.058819208965e-12      -1.975698023895e-11       1.311114821806e-14       1.825622667508e-14       5.420050820989e-15      -5.932975799478e-16 
  738       3.225571905505e-10       5.025199056708e-12      -1.984599352038e-11       1.312803968346e-14       1.816471727304e-14       5.423476499267e-15      -5.895510338815e-16 
  739       3.237652915529e-10       4.991057001173e-12      -1.993005724129e-11       1.314508272650e-14       1.807378815074e-14       5.426583120783e-15      -5.857549617484e-16 
  740       3.249802271535e-10       4.956409337085e-12      -2.000913971764e-11       1.316227525104e-14       1.798343543617e-14       5.429376773237e-15      -5.819104162409e-16 
  741       3.262013898241e-10       4.921272559647e-12      -2.008320926190e-11       1.317961512702e-14       1.789365514812e-14       5.431863629773e-15      -5.780184635617e-16 
  742       3.274281651852e-10       4.885663365236e-12      -2.015223418341e-11       1.319710019034e-14       1.780444319574e-14       5.434049949291e-15      -5.740801834712e-16 
  743       3.286599319831e-10       4.849598652105e-12      -2.021618278875e-11       1.321472824273e-14       1.771579537804e-14       5.435942076750e-15      -5.700966693341e-16 
  744       3.298960620665e-10       4.813095521073e-12      -2.027502338216e-11       1.323249705163e-14       1.762770738347e-14       5.437546443483e-15      -5.660690281676e-16 
  745       3.311359203628e-10       4.776171276230e-12      -2.032872426586e-11       1.325040435004e-14       1.754017478943e-14       5.438869567503e-15      -5.619983806878e-16 
  746       3.323788648553e-10       4.738843425630e-12      -2.037725374044e-11       1.326844783641e-14       1.745319306180e-14       5.439918053810e-15      -5.578858613575e-16 
  747       3.336242465594e-10       4.701129681990e-12      -2.042058010525e-11       1.328662517448e-14       1.736675755450e-14       5.440698594705e-15      -5.537326184332e-16 
  748       3.348714094993e-10       4.663047963387e-12      -2.045867165877e-11       1.330493399321e-14       1.728086350903e-14       5.441217970093e-15      -5.495398140125e-16 
  749       3.361196906847e-10       4.624616393953e-12      -2.049149669895e-11       1.332337188657e-14       1.719550605396e-14       5.441483047795e-15      -5.453086240814e-16 
  750       3.373684200876e-10       4.585853304577e-12      -2.051902352364e-11       1.334193641348e-14       1.711068020454e-14       5.441500783857e-15      -5.410402385613e-16 
  751       3.386169206185e-10       4.546777233600e-12      -2.054122043093e-11       1.336062509766e-14       1.702638086216e-14       5.441278222858e-15      -5.367358613565e-16 
  752       3.398645081034e-10       4.507406927511e-12      -2.055805571953e-11       1.337943542746e-14       1.694260281396e-14       5.440822498220e-15      -5.323967104014e-16 
  753       3.411104912604e-10       4.467761341648e-12      -2.056949768913e-11       1.339836485580e-14       1.685934073231e-14       5.440140832515e-15      -5.280240177076e-16 
  754       3.423541716762e-10       4.427859640891e-12      -2.057551464080e-11       1.341741079998e-14       1.677658917437e-14       5.439240537774e-15      -5.236190294116e-16 
  755       3.435948437829e-10       4.387721200363e-12      -2.057607487736e-11       1.343657064159e-14       1.669434258164e-14       5.438129015798e-15      -5.191830058216e-16 
  756       3.448317948343e-10       4.347365606125e-12      -2.057114670375e-11       1.345584172635e-14       1.661259527947e-14       5.436813758464e-15      -5.147172214648e-16 
  757       3.460643048829e-10       4.306812655876e-12      -2.056069842737e-11       1.347522136402e-14       1.653134147661e-14       5.435302348038e-15      -5.102229651349e-16 
  758       3.472916467564e-10       4.266082359647e-12      -2.054469835853e-11       1.349470682822e-14       1.645057526476e-14       5.433602457477e-15      -5.057015399394e-16 
  759       3.485130860344e-10       4.225194940501e-12      -2.052311481075e-11       1.351429535635e-14       1.637029061807e-14       5.431721850747e-15      -5.011542633465e-16 
  760       3.497278810248e-10       4.184170835231e-12      -2.049591610116e-11       1.353398414942e-14       1.629048139273e-14       5.429668383121e-15      -4.965824672325e-16 
  761       3.509353389262e-10       4.143029806380e-12      -2.046308221493e-11       1.355377022709e-14       1.621114212831e-14       5.427447621737e-15      -4.919873031358e-16 
  762       3.521349855425e-10       4.101788258240e-12      -2.042464004283e-11       1.357364998996e-14       1.613227046973e-14       5.425055656577e-15      -4.873691538276e-16 
  763       3.533263987751e-10       4.060461870788e-12      -2.038062881990e-11       1.359361964862e-14       1.605386479083e-14       5.422486152285e-15      -4.827282105546e-16 
  764       3.545091527206e-10       4.019066484207e-12      -2.033108852537e-11       1.361367536759e-14       1.597592339639e-14       5.419732715259e-15      -4.780646668177e-16 
  765       3.556828176594e-10       3.977618099400e-12      -2.027605988544e-11       1.363381326516e-14       1.589844452190e-14       5.416788893470e-15      -4.733787183789e-16 
  766       3.568469600430e-10       3.936132878506e-12      -2.021558437610e-11       1.365402941325e-14       1.582142633320e-14       5.413648176279e-15      -4.686705632683e-16 
  767       3.580011424833e-10       3.894627145414e-12      -2.014970422590e-11       1.367431983720e-14       1.574486692621e-14       5.410303994247e-15      -4.639404017911e-16 
  768       3.591449237402e-10       3.853117386272e-12      -2.007846241872e-11       1.369468051567e-14       1.566876432662e-14       5.406749718961e-15      -4.591884365345e-16 
  769       3.602778587102e-10       3.811620250005e-12      -2.000190269660e-11       1.371510738044e-14       1.559311648963e-14       5.402978662842e-15      -4.544148723745e-16 
  770       3.613994984146e-10       3.770152548825e-12      -1.992006956248e-11       1.373559631627e-14       1.551792129961e-14       5.398984078967e-15      -4.496199164830e-16 
  771       3.625093899874e-10       3.728731258747e-12      -1.983300828304e-11       1.375614316072e-14       1.544317656981e-14       5.394759160881e-15      -4.448037783348e-16 
  772       3.636070766642e-10       3.687373520103e-12      -1.974076489145e-11       1.377674370403e-14       1.536888004209e-14       5.390297042417e-15      -4.399666697145e-16 
  773       3.646920977699e-10       3.646096638052e-12      -1.964338619014e-11       1.379739368892e-14       1.529502938658e-14       5.385590797511e-15      -4.351088047234e-16 
  774       3.657639887074e-10       3.604918083097e-12      -1.954091975367e-11       1.381808881043e-14       1.522162220144e-14       5.380633440017e-15      -4.302303997864e-16 
  775       3.668222809453e-10       3.563855491597e-12      -1.943341393142e-11       1.383882471581e-14       1.514865601250e-14       5.375417923526e-15      -4.253316736591e-16 
  776       3.678665020068e-10       3.522926666281e-12      -1.932091785044e-11       1.385959700429e-14       1.507612827301e-14       5.369937141180e-15      -4.204128474347e-16 
  777       3.688961754577e-10       3.482149576759e-12      -1.920348141822e-11       1.388040122698e-14       1.500403636333e-14       5.364183925490e-15      -4.154741445509e-16 
  778       3.699108208943e-10       3.441542360041e-12      -1.908115532548e-11       1.390123288669e-14       1.493237759062e-14       5.358151048152e-15      -4.105157907968e-16 
  779       3.709099539323e-10       3.401123321045e-12      -1.895399104894e-11       1.392208743774e-14       1.486114918855e-14       5.351831219863e-15      -4.055380143201e-16 
  780       3.718930861946e-10       3.360910933113e-12      -1.882204085415e-11       1.394296028587e-14       1.479034831701e-14       5.345217090137e-15      -4.005410456336e-16 
  781       3.728597252998e-10       3.320923838524e-12      -1.868535779823e-11       1.396384678800e-14       1.471997206181e-14       5.338301247122e-15      -3.955251176228e-16 
  782       3.738093748503e-10       3.281180849008e-12      -1.854399573269e-11       1.398474225213e-14       1.465001743438e-14       5.331076217417e-15      -3.904904655521e-16 
  783       3.747415344206e-10       3.241700946259e-12      -1.839800930621e-11       1.400564193716e-14       1.458048137148e-14       5.323534465888e-15      -3.854373270725e-16 
  784       3.756556995456e-10       3.202503282448e-12      -1.824745396742e-11       1.402654105271e-14       1.451136073488e-14       5.315668395483e-15      -3.803659422277e-16 
  785       3.765513617090e-10       3.163607180738e-12      -1.809238596770e-11       1.404743475900e-14       1.444265231110e-14       5.307470347049e-15      -3.752765534620e-16 
  786       3.774280083313e-10       3.125032135795e-12      -1.793286236395e-11       1.406831816668e-14       1.437435281108e-14       5.298932599151e-15      -3.701694056264e-16 
  787       3.782851227580e-10       3.086797814307e-12      -1.776894102140e-11       1.408918633662e-14       1.430645886990e-14       5.290047367885e-15      -3.650447459862e-16 
  788       3.791221842484e-10       3.048924055488e-12      -1.760068061639e-11       1.411003427985e-14       1.423896704647e-14       5.280806806694e-15      -3.599028242275e-16 
  789       3.799386679632e-10       3.011430871601e-12      -1.742814063915e-11       1.413085695728e-14       1.417187382327e-14       5.271203006189e-15      -3.547438924644e-16 
  790       3.807340449532e-10       2.974338448466e-12      -1.725138139659e-11       1.415164927966e-14       1.410517560598e-14       5.261227993960e-15      -3.495682052457e-16 
  791       3.815077821474e-10       2.937667145976e-12      -1.707046401510e-11       1.417240610732e-14       1.403886872328e-14       5.250873734397e-15      -3.443760195624e-16 
  792       3.822593423412e-10       2.901437498609e-12      -1.688545044333e-11       1.419312225008e-14       1.397294942646e-14       5.240132128500e-15      -3.391675948538e-16 
  793       3.829881841848e-10       2.865670215942e-12      -1.669640345497e-11       1.421379246705e-14       1.390741388917e-14       5.228995013705e-15      -3.339431930152e-16 
  794       3.836937621714e-10       2.830386183164e-12      -1.650338665154e-11       1.423441146650e-14       1.384225820714e-14       5.217454163690e-15      -3.287030784046e-16 
  795       3.843755266255e-10       2.795606461591e-12      -1.630646446520e-11       1.425497390565e-14       1.377747839783e-14       5.205501288199e-15      -3.234475178495e-16 
  796       3.850329236910e-10       2.761352289177e-12      -1.610570216152e-11       1.427547439060e-14       1.371307040018e-14       5.193128032856e-15      -3.181767806539e-16 
  797       3.856653953196e-10       2.727645081032e-12      -1.590116584225e-11       1.429590747607e-14       1.364903007430e-14       5.180325978978e-15      -3.128911386055e-16 
  798       3.862723792593e-10       2.694506429929e-12      -1.569292244815e-11       1.431626766530e-14       1.358535320115e-14       5.167086643397e-15      -3.075908659823e-16 
  799       3.868533090420e-10       2.661958106823e-12      -1.548103976175e-11       1.433654940989e-14       1.352203548227e-14       5.153401478273e-15      -3.022762395599e-16 
  800       3.874076922480e-10       2.630019725038e-12      -1.526558877250e-11       1.435674747107e-14       1.345907308548e-14       5.139265011857e-15      -2.969476927538e-16 
  801       3.879353468858e-10       2.598701685084e-12      -1.504665081405e-11       1.437685801117e-14       1.339646429346e-14       5.124684333953e-15      -2.916062811165e-16 
  802       3.884361693004e-10       2.568012102173e-12      -1.482431056267e-11       1.439687752175e-14       1.333420788466e-14       5.109669783107e-15      -2.862532253451e-16 
  803       3.889100562911e-10       2.537959130960e-12      -1.459865368992e-11       1.441680246387e-14       1.327230258979e-14       5.094231821740e-15      -2.808897579504e-16 
  804       3.893569051147e-10       2.508550965615e-12      -1.436976686589e-11       1.443662926800e-14       1.321074709168e-14       5.078381036549e-15      -2.755171232928e-16 
  805       3.897766134879e-10       2.479795839906e-12      -1.413773776242e-11       1.445635433388e-14       1.314954002504e-14       5.062128138917e-15      -2.701365776179e-16 
  806       3.901690795909e-10       2.451702027267e-12      -1.390265505633e-11       1.447597403050e-14       1.308867997628e-14       5.045483965314e-15      -2.647493890928e-16 
  807       3.905342020698e-10       2.424277840881e-12      -1.366460843265e-11       1.449548469597e-14       1.302816548333e-14       5.028459477703e-15      -2.593568378415e-16 
  808       3.908718800396e-10       2.397531633751e-12      -1.342368858785e-11       1.451488263742e-14       1.296799503542e-14       5.011065763943e-15      -2.539602159807e-16 
  809       3.911820130876e-10       2.371471798780e-12      -1.317998723307e-11       1.453416413091e-14       1.290816707291e-14       4.993314038198e-15      -2.485608276560e-16 
  810       3.914645012754e-10       2.346106768841e-12      -1.293359709736e-11       1.455332542139e-14       1.284867998705e-14       4.975215641336e-15      -2.431599890772e-16 
  811       3.917192451428e-10       2.321445016862e-12      -1.268461193089e-11       1.457236272252e-14       1.278953211987e-14       4.956782041335e-15      -2.377590285547e-16 
  812       3.919461457101e-10       2.297495055892e-12      -1.243312650821e-11       1.459127221664e-14       1.273072176388e-14       4.938024833691e-15      -2.323592865346e-16 
  813       3.921451044811e-10       2.274265439185e-12      -1.217923663144e-11       1.461005005468e-14       1.267224716196e-14       4.918955741819e-15      -2.269621156353e-16 
  814       3.923160234463e-10       2.251764760272e-12      -1.192303913355e-11       1.462869235603e-14       1.261410650713e-14       4.899586617459e-15      -2.215688806825e-16 
  815       3.924588050854e-10       2.230001653036e-12      -1.166463188154e-11       1.464719520848e-14       1.255629794235e-14       4.879929441079e-15      -2.161809587459e-16 
  816       3.925733523707e-10       2.208984791792e-12      -1.140411377971e-11       1.466555466811e-14       1.249881956034e-14       4.859996322283e-15      -2.107997391741e-16 
  817       3.926595687695e-10       2.188722891360e-12      -1.114158477286e-11       1.468376675921e-14       1.244166940337e-14       4.839799500211e-15      -2.054266236312e-16 
  818       3.927173582476e-10       2.169224707141e-12      -1.087714584956e-11       1.470182747417e-14       1.238484546307e-14       4.819351343949e-15      -2.000630261321e-16 
  819       3.927466252717e-10       2.150499035195e-12      -1.061089904532e-11       1.471973277343e-14       1.232834568027e-14       4.798664352926e-15      -1.947103730785e-16 
  820       3.927472748125e-10       2.132554712314e-12      -1.034294744589e-11       1.473747858534e-14       1.227216794474e-14       4.777751157329e-15      -1.893701032947e-16 
  821       3.927192123478e-10       2.115400616100e-12      -1.007339519043e-11       1.475506080608e-14       1.221631009505e-14       4.756624518496e-15      -1.840436680634e-16 
  822       3.926623438650e-10       2.099045665043e-12      -9.802347474786e-12       1.477247529959e-14       1.216076991834e-14       4.735297329330e-15      -1.787325311617e-16 
  823       3.925765758646e-10       2.083498818591e-12      -9.529910554684e-12       1.478971789747e-14       1.210554515014e-14       4.713782614698e-15      -1.734381688965e-16 
  824       3.924618153627e-10       2.068769077232e-12      -9.256191748987e-12       1.480678439886e-14       1.205063347420e-14       4.692093531838e-15      -1.681620701408e-16 
  825       3.923179698938e-10       2.054865482566e-12      -8.981299442912e-12       1.482367057039e-14       1.199603252224e-14       4.670243370764e-15      -1.629057363689e-16 
  826       3.921449475142e-10       2.041797117384e-12      -8.705343091265e-12       1.484037214607e-14       1.194173987381e-14       4.648245554667e-15      -1.576706816931e-16 
  827       3.919426568047e-10       2.029573105742e-12      -8.428433221667e-12       1.485688482718e-14       1.188775305604e-14       4.626113640325e-15      -1.524584328984e-16 
  828       3.917110068731e-10       2.018202613036e-12      -8.150681437792e-12       1.487320428220e-14       1.183406954351e-14       4.603861318502e-15      -1.472705294795e-16 
  829       3.914499073580e-10       2.007694846081e-12      -7.872200422589e-12       1.488932614672e-14       1.178068675800e-14       4.581502414358e-15      -1.421085236757e-16 
  830       3.911592684308e-10       1.998059053186e-12      -7.593103941518e-12       1.490524602334e-14       1.172760206832e-14       4.559050887848e-15      -1.369739805070e-16 
  831       3.908390007992e-10       1.989304524227e-12      -7.313506845776e-12       1.492095948158e-14       1.167481279012e-14       4.536520834132e-15      -1.318684778101e-16 
  832       3.904890157101e-10       1.981440590729e-12      -7.033525075533e-12       1.493646205778e-14       1.162231618568e-14       4.513926483975e-15      -1.267936062740e-16 
  833       3.901092249521e-10       1.974476625934e-12      -6.753275663157e-12       1.495174925502e-14       1.157010946371e-14       4.491282204154e-15      -1.217509694759e-16 
  834       3.896995408589e-10       1.968422044885e-12      -6.472876736447e-12       1.496681654303e-14       1.151818977920e-14       4.468602497862e-15      -1.167421839169e-16 
  835       3.892598763119e-10       1.963286304497e-12      -6.192447521863e-12       1.498165935808e-14       1.146655423315e-14       4.445902005115e-15      -1.117688790582e-16 
  836       3.887901447433e-10       1.959078903633e-12      -5.912108347756e-12       1.499627310290e-14       1.141519987245e-14       4.423195503151e-15      -1.068326973562e-16 
  837       3.882902601389e-10       1.955809383184e-12      -5.631980647597e-12       1.501065314662e-14       1.136412368964e-14       4.400497906839e-15      -1.019352942990e-16 
  838       3.877601370411e-10       1.953487326140e-12      -5.352186963212e-12       1.502479482459e-14       1.131332262273e-14       4.377824269083e-15      -9.707833844204e-17 
  839       3.871997461648e-10       1.952119992770e-12      -5.072843092874e-12       1.503869406872e-14       1.126279393446e-14       4.355186616364e-15      -9.226311571514e-17 
  840       3.866092823000e-10       1.951705180903e-12      -4.794034379332e-12       1.505234931023e-14       1.121253635769e-14       4.332584394210e-15      -8.748933472683e-17 
  841       3.859889993360e-10       1.952238241593e-12      -4.515839015698e-12       1.506575960981e-14       1.116254896956e-14       4.310013856317e-15      -8.275630074824e-17 
  842       3.853391549252e-10       1.953714432440e-12      -4.238335865079e-12       1.507892403024e-14       1.111283081370e-14       4.287471214215e-15      -7.806330952665e-17 
  843       3.846600104956e-10       1.956128917257e-12      -3.961604462481e-12       1.509184163644e-14       1.106338090008e-14       4.264952637132e-15      -7.340964725396e-17 
  844       3.839518312630e-10       1.959476765748e-12      -3.685725016694e-12       1.510451149549e-14       1.101419820492e-14       4.242454251862e-15      -6.879459053509e-17 
  845       3.832148862438e-10       1.963752953182e-12      -3.410778412188e-12       1.511693267664e-14       1.096528167053e-14       4.219972142630e-15      -6.421740635642e-17 
  846       3.824494482669e-10       1.968952360064e-12      -3.136846211005e-12       1.512910425129e-14       1.091663020517e-14       4.197502350957e-15      -5.967735205423e-17 
  847       3.816557939865e-10       1.975069771806e-12      -2.864010654652e-12       1.514102529309e-14       1.086824268295e-14       4.175040875523e-15      -5.517367528315e-17 
  848       3.808342038941e-10       1.982099878406e-12      -2.592354665996e-12       1.515269487785e-14       1.082011794371e-14       4.152583672041e-15      -5.070561398454e-17 
  849       3.799849623314e-10       1.990037274118e-12      -2.321961851153e-12       1.516411208365e-14       1.077225479282e-14       4.130126653113e-15      -4.627239635499e-17 
  850       3.791083575022e-10       1.998876457125e-12      -2.052916501383e-12       1.517527599079e-14       1.072465200114e-14       4.107665688101e-15      -4.187324081470e-17 
  851       3.782046814848e-10       2.008611829213e-12      -1.785303594984e-12       1.518618568184e-14       1.067730830482e-14       4.085196602993e-15      -3.750735597594e-17 
  852       3.772742302450e-10       2.019237695446e-12      -1.519208799181e-12       1.519684024164e-14       1.063022240520e-14       4.062715180267e-15      -3.317394061147e-17 
  853       3.763173036476e-10       2.030748263836e-12      -1.254718472024e-12       1.520723875731e-14       1.058339296868e-14       4.040217158755e-15      -2.887218362298e-17 
  854       3.753342054696e-10       2.043137645018e-12      -9.919196642769e-13       1.521738031830e-14       1.053681862659e-14       4.017698233514e-15      -2.460126400952e-17 
  855       3.743252434120e-10       2.056399851924e-12      -7.309001213110e-13       1.522726401637e-14       1.049049797505e-14       3.995154055685e-15      -2.036035083593e-17 
  856       3.732907291126e-10       2.070528799454e-12      -4.717482849995e-13       1.523688894561e-14       1.044442957485e-14       3.972580232366e-15      -1.614860320129e-17 
  857       3.722309781579e-10       2.085518304154e-12      -2.145532956091e-13       1.524625420247e-14       1.039861195130e-14       3.949972326471e-15      -1.196517020733e-17 
  858       3.711463100962e-10       2.101362083883e-12       4.059500630716e-14       1.525535888577e-14       1.035304359414e-14       3.927325856599e-15      -7.809190926875e-18 
  859       3.700370484492e-10       2.118053757492e-12       2.936060780166e-13       1.526420209671e-14       1.030772295736e-14       3.904636296899e-15      -3.679794372263e-18 
  860       3.689035207251e-10       2.135586844492e-12       5.443886727143e-13       1.527278293887e-14       1.026264845911e-14       3.881899076938e-15       4.239005361948e-19 
  861       3.677460584304e-10       2.153954764732e-12       7.928508376303e-13       1.528110051829e-14       1.021781848155e-14       3.859109581561e-15       4.502785001803e-18 
  862       3.665649970827e-10       2.173150838071e-12       1.038899912137e-12       1.528915394339e-14       1.017323137073e-14       3.836263150763e-15       8.557760383043e-18 
  863       3.653606762229e-10       2.193168284050e-12       1.282442525854e-12       1.529694232506e-14       1.012888543644e-14       3.813355079552e-15       1.258973822514e-17 
  864       3.641334394276e-10       2.214000221564e-12       1.523384596761e-12       1.530446477666e-14       1.008477895210e-14       3.790380617813e-15       1.659964029162e-17 
  865       3.628836343215e-10       2.235639668540e-12       1.761631329298e-12       1.531172041401e-14       1.004091015463e-14       3.767334970176e-15       2.058839859591e-17 
  866       3.616116125899e-10       2.258079541608e-12       1.997087212476e-12       1.531870835541e-14       9.997277244317e-15       3.744213295881e-15       2.455695543285e-17 
  867       3.603177299909e-10       2.281312655770e-12       2.229656017985e-12       1.532542772170e-14       9.953878384663e-15       3.721010708645e-15       2.850626341033e-17 
  868       3.590023463678e-10       2.305331724083e-12       2.459240798299e-12       1.533187763623e-14       9.910711702285e-15       3.697722276524e-15       3.243728548078e-17 
  869       3.576658256618e-10       2.330129357321e-12       2.685743884785e-12       1.533805722486e-14       9.867775286773e-15       3.674343021782e-15       3.635099497281e-17 
  870       3.563085359240e-10       2.355698063658e-12       2.909066885807e-12       1.534396561604e-14       9.825067190557e-15       3.650867920758e-15       4.024837562273e-17 
  871       3.549308493279e-10       2.382030248335e-12       3.129110684839e-12       1.534960194078e-14       9.782585428780e-15       3.627291903726e-15       4.413042160612e-17 
  872       3.535331421819e-10       2.409118213335e-12       3.345775438565e-12       1.535496533266e-14       9.740327979167e-15       3.603609854766e-15       4.799813756943e-17 
  873       3.521157949417e-10       2.436954157058e-12       3.558960574991e-12       1.536005492788e-14       9.698292781897e-15       3.579816611628e-15       5.185253866151e-17 
  874       3.506791922225e-10       2.465530173994e-12       3.768564791552e-12       1.536486986524e-14       9.656477739467e-15       3.555906965596e-15       5.569465056519e-17 
  875       3.492237228115e-10       2.494838254393e-12       3.974486053217e-12       1.536940928618e-14       9.614880716570e-15       3.531875661357e-15       5.952550952887e-17 
  876       3.477497796802e-10       2.524870283942e-12       4.176621590595e-12       1.537367233478e-14       9.573499539958e-15       3.507717396864e-15       6.334616239804e-17 
  877       3.462577599972e-10       2.555618043436e-12       4.374867898048e-12       1.537765815778e-14       9.532331998314e-15       3.483426823204e-15       6.715766664690e-17 
  878       3.447480694871e-10       2.587072232130e-12       4.569133773848e-12       1.538136640632e-14       9.491376108898e-15       3.459000280891e-15       7.096072005663e-17 
  879       3.432211355646e-10       2.619219520633e-12       4.759379682115e-12       1.538479875020e-14       9.450630922599e-15       3.434441040683e-15       7.475454293827e-17 
  880       3.416773944434e-10       2.652045448368e-12       4.945579041597e-12       1.538795738881e-14       9.410095732010e-15       3.409754149637e-15       7.853797738723e-17 
  881       3.401172868223e-10       2.685535394967e-12       5.127705243066e-12       1.539084455181e-14       9.369769805775e-15       3.384944702715e-15       8.230985592616e-17 
  882       3.385412578982e-10       2.719674579801e-12       5.305731649448e-12       1.539346249921e-14       9.329652388505e-15       3.360017842920e-15       8.606900147890e-17 
  883       3.369497573789e-10       2.754448061497e-12       5.479631595962e-12       1.539581352147e-14       9.289742700684e-15       3.334978761428e-15       8.981422734453e-17 
  884       3.353432394964e-10       2.789840737461e-12       5.649378390256e-12       1.539789993959e-14       9.250039938585e-15       3.309832697726e-15       9.354433717125e-17 
  885       3.337221630199e-10       2.825837343398e-12       5.814945312539e-12       1.539972410522e-14       9.210543274178e-15       3.284584939747e-15       9.725812493045e-17 
  886       3.320869912687e-10       2.862422452837e-12       5.976305615717e-12       1.540128840071e-14       9.171251855043e-15       3.259240824006e-15       1.009543748907e-16 
  887       3.304381921258e-10       2.899580476649e-12       6.133432525530e-12       1.540259523925e-14       9.132164804281e-15       3.233805735738e-15       1.046318615915e-16 
  888       3.287762380502e-10       2.937295662569e-12       6.286299240682e-12       1.540364706495e-14       9.093281220424e-15       3.208285109028e-15       1.082893498178e-16 
  889       3.271016060906e-10       2.975552094719e-12       6.434878932985e-12       1.540444635291e-14       9.054600177349e-15       3.182684426953e-15       1.119255945732e-16 
  890       3.254147778980e-10       3.014333693128e-12       6.579144747483e-12       1.540499560937e-14       9.016120724185e-15       3.157009221712e-15       1.155393410548e-16 
  891       3.237162397392e-10       3.053624213257e-12       6.719069802595e-12       1.540529737171e-14       8.977841885231e-15       3.131265074766e-15       1.191293246264e-16 
  892       3.220064825095e-10       3.093407245514e-12       6.854627190249e-12       1.540535420866e-14       8.939762659859e-15       3.105457616972e-15       1.226942707931e-16 
  893       3.202860017459e-10       3.133666214782e-12       6.985789976012e-12       1.540516872028e-14       8.901882022432e-15       3.079592528719e-15       1.262328951747e-16 
  894       3.185552976404e-10       3.174384379935e-12       7.112531199233e-12       1.540474353814e-14       8.864198922212e-15       3.053675540063e-15       1.297439034803e-16 
  895       3.168148750525e-10       3.215544833364e-12       7.234823873170e-12       1.540408132537e-14       8.826712283271e-15       3.027712430863e-15       1.332259914817e-16 
  896       3.150652435228e-10       3.257130500498e-12       7.352640985130e-12       1.540318477677e-14       8.789421004407e-15       3.001709030917e-15       1.366778449880e-16 
  897       3.133069172859e-10       3.299124139321e-12       7.465955496603e-12       1.540205661889e-14       8.752323959047e-15       2.975671220099e-15       1.400981398188e-16 
  898       3.115404152834e-10       3.341508339899e-12       7.574740343397e-12       1.540069961012e-14       8.715419995165e-15       2.949604928491e-15       1.434855417790e-16 
  899       3.097662611768e-10       3.384265523899e-12       7.678968435773e-12       1.539911654081e-14       8.678707935193e-15       2.923516136521e-15       1.468387066322e-16 
  900       3.079849833610e-10       3.427377944109e-12       7.778612658579e-12       1.539731023335e-14       8.642186575927e-15       2.897410875101e-15       1.501562800750e-16 
  901       3.061971149771e-10       3.470827683964e-12       7.873645871387e-12       1.539528354225e-14       8.605854688444e-15       2.871295225757e-15       1.534368977106e-16 
  902       3.044031939254e-10       3.514596657062e-12       7.964040908625e-12       1.539303935425e-14       8.569711018012e-15       2.845175320770e-15       1.566791850233e-16 
  903       3.026037628786e-10       3.558666606690e-12       8.049770579716e-12       1.539058058841e-14       8.533754283997e-15       2.819057343310e-15       1.598817573523e-16 
  904       3.007993692947e-10       3.603019105343e-12       8.130807669210e-12       1.538791019619e-14       8.497983179781e-15       2.792947527570e-15       1.630432198653e-16 
  905       2.989905654305e-10       3.647635554246e-12       8.207124936921e-12       1.538503116156e-14       8.462396372667e-15       2.766852158904e-15       1.661621675329e-16 
  906       2.971779083539e-10       3.692497182876e-12       8.278695118061e-12       1.538194650110e-14       8.426992503797e-15       2.740777573960e-15       1.692371851027e-16 
  907       2.953619599578e-10       3.737585048483e-12       8.345490923373e-12       1.537865926407e-14       8.391770188055e-15       2.714730160819e-15       1.722668470728e-16 
  908       2.935432869725e-10       3.782880035612e-12       8.407485039270e-12       1.537517253252e-14       8.356728013986e-15       2.688716359129e-15       1.752497176660e-16 
  909       2.917224609792e-10       3.828362855625e-12       8.464650127970e-12       1.537148942137e-14       8.321864543704e-15       2.662742660239e-15       1.781843508040e-16 
  910       2.899000584230e-10       3.874014046218e-12       8.516958827625e-12       1.536761307853e-14       8.287178312801e-15       2.636815607339e-15       1.810692900811e-16 
  911       2.880766606255e-10       3.919813970951e-12       8.564383752464e-12       1.536354668497e-14       8.252667830263e-15       2.610941795592e-15       1.839030687383e-16 
  912       2.862528537986e-10       3.965742818763e-12       8.606897492922e-12       1.535929345480e-14       8.218331578378e-15       2.585127872270e-15       1.866842096372e-16 
  913       2.844292290570e-10       4.011780603493e-12       8.644472615778e-12       1.535485663540e-14       8.184168012648e-15       2.559380536890e-15       1.894112252341e-16 
  914       2.826063824316e-10       4.057907163406e-12       8.677081664291e-12       1.535023950750e-14       8.150175561702e-15       2.533706541353e-15       1.920826175539e-16 
  915       2.807849148822e-10       4.104102160712e-12       8.704697158332e-12       1.534544538526e-14       8.116352627203e-15       2.508112690073e-15       1.946968781642e-16 
  916       2.789654323111e-10       4.150345081087e-12       8.727291594519e-12       1.534047761638e-14       8.082697583764e-15       2.482605840121e-15       1.972524881490e-16 
  917       2.771485027558e-10       4.196616192515e-12       8.744847941025e-12       1.533533965452e-14       8.049208971671e-15       2.457192000808e-15       1.997483400430e-16 
  918       2.753345271961e-10       4.242899439512e-12       8.757391304830e-12       1.533003527765e-14       8.015886078597e-15       2.431873616489e-15       2.021850110481e-16 
  919       2.735238667160e-10       4.289179594034e-12       8.764957768971e-12       1.532456837338e-14       7.982728366977e-15       2.406652240764e-15       2.045635100385e-16 
  920       2.717168851442e-10       4.335441299999e-12       8.767583945207e-12       1.531894286700e-14       7.949735281967e-15       2.381529433114e-15       2.068848574725e-16 
  921       2.699139490606e-10       4.381669072941e-12       8.765306975650e-12       1.531316272165e-14       7.916906251389e-15       2.356506758901e-15       2.091500854266e-16 
  922       2.681154278036e-10       4.427847299672e-12       8.758164534398e-12       1.530723193835e-14       7.884240685666e-15       2.331585789379e-15       2.113602376295e-16 
  923       2.663216934773e-10       4.473960237935e-12       8.746194829162e-12       1.530115455617e-14       7.851737977761e-15       2.306768101701e-15       2.135163694964e-16 
  924       2.645331209577e-10       4.519992016069e-12       8.729436602902e-12       1.529493465227e-14       7.819397503118e-15       2.282055278928e-15       2.156195481633e-16 
  925       2.627500879006e-10       4.565926632661e-12       8.707929135455e-12       1.528857634207e-14       7.787218619597e-15       2.257448910032e-15       2.176708525205e-16 
  926       2.609729747476e-10       4.611747956207e-12       8.681712245165e-12       1.528208377930e-14       7.755200667419e-15       2.232950589908e-15       2.196713732475e-16 
  927       2.592021647338e-10       4.657439724771e-12       8.650826290519e-12       1.527546115613e-14       7.723342969097e-15       2.208561919377e-15       2.216222128465e-16 
  928       2.574380438947e-10       4.702985545642e-12       8.615312171771e-12       1.526871270326e-14       7.691644829380e-15       2.184284505197e-15       2.235244856772e-16 
  929       2.556810010724e-10       4.748368894992e-12       8.575211332579e-12       1.526184269006e-14       7.660105535191e-15       2.160119960068e-15       2.253793179901e-16 
  930       2.539314279238e-10       4.793573117537e-12       8.530565761635e-12       1.525485542460e-14       7.628724355565e-15       2.136069902640e-15       2.271878479613e-16 
  931       2.521897189263e-10       4.838581426191e-12       8.481417994293e-12       1.524775525385e-14       7.597500541588e-15       2.112135957522e-15       2.289512257264e-16 
  932       2.504562713856e-10       4.883376901727e-12       8.427811114202e-12       1.524054656370e-14       7.566433326334e-15       2.088319755285e-15       2.306706134147e-16 
  933       2.487314854426e-10       4.927942492434e-12       8.369788754938e-12       1.523323377911e-14       7.535521924807e-15       2.064622932473e-15       2.323471851831e-16 
  934       2.470157640797e-10       4.972261013776e-12       8.307395101635e-12       1.522582136419e-14       7.504765533879e-15       2.041047131611e-15       2.339821272505e-16 
  935       2.453095131286e-10       5.016315148052e-12       8.240674892613e-12       1.521831382233e-14       7.474163332227e-15       2.017594001209e-15       2.355766379319e-16 
  936       2.436131412767e-10       5.060087444051e-12       8.169673421012e-12       1.521071569629e-14       7.443714480273e-15       1.994265195771e-15       2.371319276723e-16 
  937       2.419270600744e-10       5.103560316710e-12       8.094436536424e-12       1.520303156827e-14       7.413418120122e-15       1.971062375802e-15       2.386492190812e-16 
  938       2.402516839417e-10       5.146716046776e-12       8.015010646521e-12       1.519526606010e-14       7.383273375502e-15       1.947987207815e-15       2.401297469663e-16 
  939       2.385874301755e-10       5.189536780462e-12       7.931442718686e-12       1.518742383324e-14       7.353279351702e-15       1.925041364342e-15       2.415747583682e-16 
  940       2.369347189565e-10       5.232004529104e-12       7.843780281650e-12       1.517950958896e-14       7.323435135511e-15       1.902226523934e-15       2.429855125937e-16 
  941       2.352939733559e-10       5.274101168823e-12       7.752071427113e-12       1.517152806841e-14       7.293739795157e-15       1.879544371176e-15       2.443632812510e-16 
  942       2.336656193427e-10       5.315808440177e-12       7.656364811384e-12       1.516348405275e-14       7.264192380244e-15       1.856996596688e-15       2.457093482829e-16 
  943       2.320500857903e-10       5.357107947827e-12       7.556709657009e-12       1.515538236320e-14       7.234791921694e-15       1.834584897137e-15       2.470250100013e-16 
  944       2.304478044840e-10       5.397981160190e-12       7.453155754400e-12       1.514722786120e-14       7.205537431683e-15       1.812310975241e-15       2.483115751215e-16 
  945       2.288592101273e-10       5.438409409097e-12       7.345753463468e-12       1.513902544850e-14       7.176427903581e-15       1.790176539778e-15       2.495703647960e-16 
  946       2.272847403494e-10       5.478373889455e-12       7.234553715255e-12       1.513078006724e-14       7.147462311891e-15       1.768183305595e-15       2.508027126489e-16 
  947       2.257248357118e-10       5.517855658903e-12       7.119608013564e-12       1.512249670009e-14       7.118639612186e-15       1.746332993610e-15       2.520099648098e-16 
  948       2.241799397156e-10       5.556835637468e-12       7.000968436589e-12       1.511418037031e-14       7.089958741049e-15       1.724627330826e-15       2.531934799482e-16 
  949       2.226504988080e-10       5.595294607229e-12       6.878687638546e-12       1.510583614190e-14       7.061418616014e-15       1.703068050332e-15       2.543546293074e-16 
  950       2.211369623898e-10       5.633213211969e-12       6.752818851308e-12       1.509746911967e-14       7.033018135502e-15       1.681656891315e-15       2.554947967387e-16 
  951       2.196397828220e-10       5.670571956838e-12       6.623415886031e-12       1.508908444935e-14       7.004756178758e-15       1.660395599065e-15       2.566153787357e-16 
  952       2.181594154327e-10       5.707351208009e-12       6.490533134789e-12       1.508068731772e-14       6.976631605794e-15       1.639285924983e-15       2.577177844680e-16 
  953       2.166963185245e-10       5.743531192335e-12       6.354225572200e-12       1.507228295268e-14       6.948643257327e-15       1.618329626589e-15       2.588034358159e-16 
  954       2.152509533808e-10       5.779091997011e-12       6.214548757065e-12       1.506387662336e-14       6.920789954715e-15       1.597528467527e-15       2.598737674042e-16 
  955       2.138237842736e-10       5.814013569229e-12       6.071558833989e-12       1.505547364025e-14       6.893070499898e-15       1.576884217574e-15       2.609302266361e-16 
  956       2.124152173308e-10       5.848277981095e-12       5.925314930661e-12       1.504707897589e-14       6.865483811646e-15       1.556398147071e-15       2.619738855090e-16 
  957       2.110254161049e-10       5.881876262973e-12       5.775886386481e-12       1.503869612058e-14       6.838029336712e-15       1.536069501732e-15       2.630042694929e-16 
  958       2.096544832012e-10       5.914801673850e-12       5.623345637594e-12       1.503032820940e-14       6.810706644840e-15       1.515897004550e-15       2.640205108296e-16 
  959       2.083025211597e-10       5.947047445498e-12       5.467765833201e-12       1.502197840008e-14       6.783515292979e-15       1.495879359201e-15       2.650217351122e-16 
  960       2.069696324548e-10       5.978606782425e-12       5.309220837502e-12       1.501364987304e-14       6.756454825238e-15       1.476015249987e-15       2.660070612690e-16 
  961       2.056559194936e-10       6.009472861837e-12       5.147785231648e-12       1.500534583143e-14       6.729524772849e-15       1.456303341779e-15       2.669756015465e-16 
  962       2.043614846148e-10       6.039638833589e-12       4.983534315680e-12       1.499706950124e-14       6.702724654116e-15       1.436742279952e-15       2.679264614923e-16 
  963       2.030864300884e-10       6.069097820139e-12       4.816544110478e-12       1.498882413127e-14       6.676053974378e-15       1.417330690331e-15       2.688587399389e-16 
  964       2.018308581138e-10       6.097842916510e-12       4.646891359703e-12       1.498061299326e-14       6.649512225961e-15       1.398067179132e-15       2.697715289866e-16 
  965       2.005948708190e-10       6.125867190237e-12       4.474653531748e-12       1.497243938190e-14       6.623098888136e-15       1.378950332899e-15       2.706639139864e-16 
  966       1.993785702599e-10       6.153163681329e-12       4.299908821676e-12       1.496430661491e-14       6.596813427079e-15       1.359978718449e-15       2.715349735240e-16 
  967       1.981820584187e-10       6.179725402221e-12       4.122736153170e-12       1.495621803305e-14       6.570655295823e-15       1.341150882812e-15       2.723837794022e-16 
  968       1.970054372032e-10       6.205545337730e-12       3.943215180477e-12       1.494817700024e-14       6.544623934216e-15       1.322465353169e-15       2.732093966246e-16 
  969       1.958488084458e-10       6.230616445010e-12       3.761426290355e-12       1.494018690355e-14       6.518718768880e-15       1.303920636799e-15       2.740108833786e-16 
  970       1.947122739019e-10       6.254931653510e-12       3.577450604013e-12       1.493225115332e-14       6.492939213164e-15       1.285515221015e-15       2.747872910188e-16 
  971       1.935959352495e-10       6.278483864924e-12       3.391369979065e-12       1.492437318314e-14       6.467284667102e-15       1.267247573104e-15       2.755376640499e-16 
  972       1.924998940878e-10       6.301265953153e-12       3.203267011465e-12       1.491655644996e-14       6.441754517373e-15       1.249116140276e-15       2.762610401103e-16 
  973       1.914242519361e-10       6.323270764256e-12       3.013225037462e-12       1.490880443412e-14       6.416348137252e-15       1.231119349594e-15       2.769564499551e-16 
  974       1.903691102331e-10       6.344491116404e-12       2.821328135537e-12       1.490112063941e-14       6.391064886571e-15       1.213255607924e-15       2.776229174392e-16 
  975       1.893345703353e-10       6.364919799841e-12       2.627661128355e-12       1.489350859312e-14       6.365904111673e-15       1.195523301871e-15       2.782594595007e-16 
  976       1.883207335163e-10       6.384549576835e-12       2.432309584705e-12       1.488597184611e-14       6.340865145371e-15       1.177920797721e-15       2.788650861442e-16 
  977       1.873277009658e-10       6.403373181633e-12       2.235359821450e-12       1.487851397283e-14       6.315947306901e-15       1.160446441386e-15       2.794388004237e-16 
  978       1.863555737883e-10       6.421383320420e-12       2.036898905467e-12       1.487113857142e-14       6.291149901883e-15       1.143098558336e-15       2.799795984260e-16 
  979       1.854044530021e-10       6.438572671272e-12       1.837014655599e-12       1.486384926373e-14       6.266472222276e-15       1.125875453550e-15       2.804864692540e-16 
  980       1.844744395384e-10       6.454933884109e-12       1.635795644592e-12       1.485664969536e-14       6.241913546333e-15       1.108775411451e-15       2.809583950096e-16 
  981       1.835656342400e-10       6.470459580657e-12       1.433331201049e-12       1.484954353578e-14       6.217473138559e-15       1.091796695847e-15       2.813943507774e-16 
  982       1.826781378606e-10       6.485142354396e-12       1.229711411367e-12       1.484253447831e-14       6.193150249668e-15       1.074937549876e-15       2.817933046075e-16 
  983       1.818120510632e-10       6.498974770520e-12       1.025027121690e-12       1.483562624022e-14       6.168944116541e-15       1.058196195943e-15       2.821542174987e-16 
  984       1.809674744197e-10       6.511949365891e-12       8.193699398484e-13       1.482882256275e-14       6.144853962177e-15       1.041570835663e-15       2.824760433820e-16 
  985       1.801445084091e-10       6.524058648994e-12       6.128322373062e-13       1.482212721122e-14       6.120878995658e-15       1.025059649802e-15       2.827577291037e-16 
  986       1.793432534173e-10       6.535295099895e-12       4.055071511075e-13       1.481554397501e-14       6.097018412097e-15       1.008660798214e-15       2.829982144085e-16 
  987       1.785638097351e-10       6.545651170190e-12       1.974885858207e-13       1.480907666768e-14       6.073271392602e-15       9.923724197915e-16       2.831964319229e-16 
  988       1.778062775580e-10       6.555119282969e-12      -1.112878451646e-14       1.480272912698e-14       6.049637104228e-15       9.761926323954e-16       2.833513071381e-16 
  989       1.770707569846e-10       6.563691832763e-12      -2.202495144512e-13       1.479650521492e-14       6.026114699936e-15       9.601195328032e-16       2.834617583936e-16 
  990       1.763573480157e-10       6.571361185506e-12      -4.297773851704e-13       1.479040881783e-14       6.002703318549e-15       9.441511966476e-16       2.835266968601e-16 
  991       1.756661505532e-10       6.578119678486e-12      -6.396154025555e-13       1.478444384641e-14       5.979402084707e-15       9.282856783576e-16       2.835450265230e-16 
  992       1.749972643993e-10       6.583959620304e-12      -8.496657952372e-13       1.477861423577e-14       5.956210108825e-15       9.125210110998e-16       2.835156441654e-16 
  993       1.743507892549e-10       6.588873290826e-12      -1.059830012650e-12       1.477292394551e-14       5.933126487053e-15       8.968552067192e-16       2.834374393512e-16 
  994       1.737268247191e-10       6.592852941138e-12      -1.270008723087e-12       1.476737695975e-14       5.910150301226e-15       8.812862556802e-16       2.833092944087e-16 
  995       1.731254261112e-10       6.595892976207e-12      -1.480108063940e-12       1.476197671003e-14       5.887280720952e-15       8.658124107808e-16       2.831304422422e-16 
  996       1.725464712286e-10       6.597996538031e-12      -1.690058496840e-12       1.475672433460e-14       5.864517311587e-15       8.504330429756e-16       2.829015455560e-16 
  997       1.719897916311e-10       6.599169019036e-12      -1.899796225446e-12       1.475162039366e-14       5.841859730694e-15       8.351477979990e-16       2.826236334398e-16 
  998       1.714552166334e-10       6.599415888358e-12      -2.109256967168e-12       1.474666544424e-14       5.819307626293e-15       8.199563137066e-16       2.822977450033e-16 
  999       1.709425732990e-10       6.598742692062e-12      -2.318375951976e-12       1.474186004014e-14       5.796860636835e-15       8.048582200504e-16       2.819249294025e-16 
 1000       1.704516864336e-10       6.597155053362e-12      -2.527087921215e-12       1.473720473195e-14       5.774518391167e-15       7.898531390540e-16       2.815062458662e-16 
 1001       1.699823785789e-10       6.594658672840e-12      -2.735327126417e-12       1.473270006701e-14       5.752280508500e-15       7.749406847886e-16       2.810427637226e-16 
 1002       1.695344700060e-10       6.591259328666e-12      -2.943027328108e-12       1.472834658939e-14       5.730146598384e-15       7.601204633474e-16       2.805355624259e-16 
 1003       1.691077787091e-10       6.586962876817e-12      -3.150121794627e-12       1.472414483990e-14       5.708116260670e-15       7.453920728219e-16       2.799857315827e-16 
 1004       1.687021203989e-10       6.581775251299e-12      -3.356543300932e-12       1.472009535607e-14       5.686189085482e-15       7.307551032768e-16       2.793943709787e-16 
 1005       1.683173084965e-10       6.575702464362e-12      -3.562224127414e-12       1.471619867209e-14       5.664364653189e-15       7.162091367251e-16       2.787625906051e-16 
 1006       1.679531541269e-10       6.568750606727e-12      -3.767096058709e-12       1.471245531887e-14       5.642642534369e-15       7.017537471042e-16       2.780915106852e-16 
 1007       1.676094661123e-10       6.560925847797e-12      -3.971090382509e-12       1.470886582396e-14       5.621022289781e-15       6.873885002506e-16       2.773822617010e-16 
 1008       1.672860509662e-10       6.552234435883e-12      -4.174137888374e-12       1.470543071154e-14       5.599503470331e-15       6.731129538753e-16       2.766359844198e-16 
 1009       1.669827128866e-10       6.542682698423e-12      -4.376168866544e-12       1.470215050247e-14       5.578085617048e-15       6.589266575397e-16       2.758538299203e-16 
 1010       1.666992537495e-10       6.532277042197e-12      -4.577113106751e-12       1.469902571417e-14       5.556768261043e-15       6.448291526304e-16       2.750369596197e-16 
 1011       1.664354731030e-10       6.521023953554e-12      -4.776899897031e-12       1.469605686069e-14       5.535550923486e-15       6.308199723347e-16       2.741865453001e-16 
 1012       1.661911681605e-10       6.508929998623e-12      -4.975458022535e-12       1.469324445266e-14       5.514433115573e-15       6.168986416162e-16       2.733037691347e-16 
 1013       1.659661337942e-10       6.496001823542e-12      -5.172715764339e-12       1.469058899729e-14       5.493414338493e-15       6.030646771899e-16       2.723898237148e-16 
 1014       1.657601625293e-10       6.482246154669e-12      -5.368600898261e-12       1.468809099830e-14       5.472494083397e-15       5.893175874974e-16       2.714459120760e-16 
 1015       1.655730445367e-10       6.467669798809e-12      -5.563040693668e-12       1.468575095599e-14       5.451671831371e-15       5.756568726829e-16       2.704732477249e-16 
 1016       1.654045676273e-10       6.452279643427e-12      -5.755961912289e-12       1.468356936715e-14       5.430947053401e-15       5.620820245678e-16       2.694730546656e-16 
 1017       1.652545172453e-10       6.436082656874e-12      -5.947290807029e-12       1.468154672511e-14       5.410319210344e-15       5.485925266266e-16       2.684465674263e-16 
 1018       1.651226764619e-10       6.419085888601e-12      -6.136953120776e-12       1.467968351964e-14       5.389787752895e-15       5.351878539620e-16       2.673950310858e-16 
 1019       1.650088259688e-10       6.401296469385e-12      -6.324874085219e-12       1.467798023701e-14       5.369352121558e-15       5.218674732804e-16       2.663197013000e-16 
 1020       1.649127440718e-10       6.382721611540e-12      -6.510978419655e-12       1.467643735996e-14       5.349011746617e-15       5.086308428670e-16       2.652218443285e-16 
 1021       1.648342066844e-10       6.363368609145e-12      -6.695190329801e-12       1.467505536764e-14       5.328766048098e-15       4.954774125615e-16       2.641027370611e-16 
 1022       1.647729873215e-10       6.343244838261e-12      -6.877433506610e-12       1.467383473565e-14       5.308614435745e-15       4.824066237333e-16       2.629636670444e-16 
 1023       1.647288570928e-10       6.322357757146e-12      -7.057631125077e-12       1.467277593598e-14       5.288556308986e-15       4.694179092567e-16       2.618059325081e-16 
 1024       1.647015846965e-10       6.300714906483e-12      -7.235705843056e-12       1.467187943702e-14       5.268591056904e-15       4.565106934867e-16       2.606308423921e-16 
 1025       1.646909364131e-10       6.278323909593e-12      -7.411579800068e-12       1.467114570354e-14       5.248718058201e-15       4.436843922337e-16       2.594397163723e-16 
 1026       1.646966760985e-10       6.255192472658e-12      -7.585174616115e-12       1.467057519668e-14       5.228936681175e-15       4.309384127395e-16       2.582338848878e-16 
 1027       1.647185651780e-10       6.231328384937e-12      -7.756411390491e-12       1.467016837391e-14       5.209246283680e-15       4.182721536523e-16       2.570146891670e-16 
 1028       1.647563626397e-10       6.206739518992e-12      -7.925210700592e-12       1.466992568903e-14       5.189646213102e-15       4.056850050022e-16       2.557834812545e-16 
 1029       1.648098250284e-10       6.181433830902e-12      -8.091492600733e-12       1.466984759216e-14       5.170135806326e-15       3.931763481765e-16       2.545416240371e-16 
 1030       1.648787064385e-10       6.155419360484e-12      -8.255176620953e-12       1.466993452972e-14       5.150714389704e-15       3.807455558949e-16       2.532904912711e-16 
 1031       1.649627585084e-10       6.128704231516e-12      -8.416181765832e-12       1.467018694442e-14       5.131381279024e-15       3.683919921853e-16       2.520314676080e-16 
 1032       1.650617304137e-10       6.101296651950e-12      -8.574426513300e-12       1.467060527521e-14       5.112135779481e-15       3.561150123587e-16       2.507659486218e-16 
 1033       1.651753688606e-10       6.073204914140e-12      -8.729828813451e-12       1.467118995732e-14       5.092977185642e-15       3.439139629847e-16       2.494953408351e-16 
 1034       1.653034113611e-10       6.044438242508e-12      -8.882316582806e-12       1.467194100177e-14       5.073904858865e-15       3.317888410103e-16       2.482207750489e-16 
 1035       1.654455659660e-10       6.015009349249e-12      -9.031859351892e-12       1.467285672762e-14       5.054918460797e-15       3.197422813639e-16       2.469422418428e-16 
 1036       1.656015312325e-10       5.984931915173e-12      -9.178437062433e-12       1.467393501180e-14       5.036017723107e-15       3.077775973836e-16       2.456594439138e-16 
 1037       1.657710029101e-10       5.954219745841e-12      -9.322029612425e-12       1.467517370784e-14       5.017202370327e-15       2.958981242700e-16       2.443720816596e-16 
 1038       1.659536739333e-10       5.922886771877e-12      -9.462616856128e-12       1.467657064582e-14       4.998472119822e-15       2.841072191346e-16       2.430798531733e-16 
 1039       1.661492344147e-10       5.890947049284e-12      -9.600178604054e-12       1.467812363228e-14       4.979826681769e-15       2.724082610496e-16       2.417824542378e-16 
 1040       1.663573716375e-10       5.858414759759e-12      -9.734694622952e-12       1.467983045020e-14       4.961265759139e-15       2.608046510973e-16       2.404795783198e-16 
 1041       1.665777700486e-10       5.825304211007e-12      -9.866144635802e-12       1.468168885890e-14       4.942789047671e-15       2.492998124189e-16       2.391709165650e-16 
 1042       1.668101112511e-10       5.791629837058e-12      -9.994508321799e-12       1.468369659398e-14       4.924396235849e-15       2.378971902641e-16       2.378561577915e-16 
 1043       1.670540739977e-10       5.757406198576e-12      -1.011976531635e-11       1.468585136729e-14       4.906087004882e-15       2.266002520403e-16       2.365349884850e-16 
 1044       1.673093341830e-10       5.722647983180e-12      -1.024189521104e-11       1.468815086682e-14       4.887861028682e-15       2.154124873618e-16       2.352070927927e-16 
 1045       1.675755648366e-10       5.687370005756e-12      -1.036087755365e-11       1.469059275667e-14       4.869717973840e-15       2.043374080990e-16       2.338721525180e-16 
 1046       1.678524361158e-10       5.651587208771e-12      -1.047669184814e-11       1.469317467698e-14       4.851657499602e-15       1.933785484281e-16       2.325298471147e-16 
 1047       1.681396152987e-10       5.615314662590e-12      -1.058931755462e-11       1.469589424387e-14       4.833679257852e-15       1.825394648798e-16       2.311798536815e-16 
 1048       1.684367667767e-10       5.578567565786e-12      -1.069873408933e-11       1.469874904935e-14       4.815782893086e-15       1.718237363887e-16       2.298218469562e-16 
 1049       1.687435520476e-10       5.541361245462e-12      -1.080492082469e-11       1.470173666131e-14       4.797968042390e-15       1.612349643431e-16       2.284554993106e-16 
 1050       1.690596297083e-10       5.503711157558e-12      -1.090785708921e-11       1.470485462339e-14       4.780234335417e-15       1.507767726334e-16       2.270804807440e-16 
 1051       1.693846554477e-10       5.465632887171e-12      -1.100752216753e-11       1.470810045498e-14       4.762581394367e-15       1.404528077022e-16       2.256964588787e-16 
 1052       1.697182820395e-10       5.427142148869e-12      -1.110389530039e-11       1.471147165112e-14       4.745008833965e-15       1.302667385929e-16       2.243030989535e-16 
 1053       1.700601593351e-10       5.388254787002e-12      -1.119695568463e-11       1.471496568245e-14       4.727516261433e-15       1.202222569993e-16       2.229000638185e-16 
 1054       1.704099342563e-10       5.348986776020e-12      -1.128668247315e-11       1.471857999514e-14       4.710103276477e-15       1.103230773150e-16       2.214870139293e-16 
 1055       1.707672507883e-10       5.309354220790e-12      -1.137305477495e-11       1.472231201083e-14       4.692769471255e-15       1.005729366823e-16       2.200636073417e-16 
 1056       1.711317499725e-10       5.269373356903e-12      -1.145605165505e-11       1.472615912656e-14       4.675514430363e-15       9.097559504185e-17       2.186294997059e-16 
 1057       1.715030698992e-10       5.229060550996e-12      -1.153565213455e-11       1.473011871474e-14       4.658337730806e-15       8.153483518150e-17       2.171843442606e-16 
 1058       1.718808457008e-10       5.188432301066e-12      -1.161183519057e-11       1.473418812304e-14       4.641238941980e-15       7.225446278594e-17       2.157277918281e-16 
 1059       1.722647095439e-10       5.147505236778e-12      -1.168457975626e-11       1.473836467434e-14       4.624217625649e-15       6.313830648579e-17       2.142594908080e-16 
 1060       1.726542906232e-10       5.106296119788e-12      -1.175386472077e-11       1.474264566671e-14       4.607273335922e-15       5.419021790689e-17       2.127790871719e-16 
 1061       1.730492151535e-10       5.064821844053e-12      -1.181966892926e-11       1.474702837329e-14       4.590405619229e-15       4.541407171960e-17       2.112862244580e-16 
 1062       1.734491063626e-10       5.023099436148e-12      -1.188197118289e-11       1.475151004224e-14       4.573614014302e-15       3.681376568801e-17       2.097805437649e-16 
 1063       1.738535844848e-10       4.981146055577e-12      -1.194075023878e-11       1.475608789670e-14       4.556898052153e-15       2.839322071927e-17       2.082616837466e-16 
 1064       1.742622667528e-10       4.938978995093e-12      -1.199598481001e-11       1.476075913472e-14       4.540257256045e-15       2.015638091283e-17       2.067292806067e-16 
 1065       1.746747673915e-10       4.896615681008e-12      -1.204765356566e-11       1.476552092919e-14       4.523691141480e-15       1.210721360970e-17       2.051829680925e-16 
 1066       1.750906976099e-10       4.854073673511e-12      -1.209573513070e-11       1.477037042775e-14       4.507199216167e-15       4.249709441722e-18       2.036223774899e-16 
 1067       1.755096655946e-10       4.811370666981e-12      -1.214020808606e-11       1.477530475280e-14       4.490780980006e-15      -3.412117619143e-18       2.020471376174e-16 
 1068       1.759312765026e-10       4.768524490300e-12      -1.218105096860e-11       1.478032100135e-14       4.474435925065e-15      -1.087423021157e-17       2.004568748205e-16 
 1069       1.763551324538e-10       4.725553107172e-12      -1.221824227107e-11       1.478541624502e-14       4.458163535554e-15      -1.813256753559e-17       1.988512129665e-16 
 1070       1.767808325239e-10       4.682474616434e-12      -1.225176044213e-11       1.479058752996e-14       4.441963287806e-15      -2.518304530334e-17       1.972297734383e-16 
 1071       1.772079727375e-10       4.639307252375e-12      -1.228158388632e-11       1.479583187677e-14       4.425834650255e-15      -3.202155568975e-17       1.955921751295e-16 
 1072       1.776361460609e-10       4.596069385042e-12      -1.230769096406e-11       1.480114628045e-14       4.409777083409e-15      -3.864396728335e-17       1.939380344380e-16 
 1073       1.780649705906e-10       4.552778641394e-12      -1.233006846661e-11       1.480652767961e-14       4.393790095316e-15      -4.504736102410e-17       1.922670902675e-16 
 1074       1.784941745547e-10       4.509449254977e-12      -1.234873716727e-11       1.481197286374e-14       4.377873408804e-15      -5.123375654615e-17       1.905795809049e-16 
 1075       1.789235124549e-10       4.466094680780e-12      -1.236372661810e-11       1.481747856455e-14       4.362026796470e-15      -5.720643647805e-17       1.888758722635e-16 
 1076       1.793527369715e-10       4.422728471358e-12      -1.237506670735e-11       1.482304148649e-14       4.346250025389e-15      -6.296871513612e-17       1.871563333491e-16 
 1077       1.797815989586e-10       4.379364277052e-12      -1.238278766029e-11       1.482865830675e-14       4.330542857099e-15      -6.852393860395e-17       1.854213362674e-16 
 1078       1.802098474406e-10       4.336015846218e-12      -1.238692004016e-11       1.483432567514e-14       4.314905047582e-15      -7.387548481180e-17       1.836712562317e-16 
 1079       1.806372296073e-10       4.292697025444e-12      -1.238749474900e-11       1.484004021403e-14       4.299336347248e-15      -7.902676361601e-17       1.819064715701e-16 
 1080       1.810634908102e-10       4.249421759774e-12      -1.238454302849e-11       1.484579851830e-14       4.283836500922e-15      -8.398121687852e-17       1.801273637327e-16 
 1081       1.814883745578e-10       4.206204092937e-12      -1.237809646089e-11       1.485159715528e-14       4.268405247822e-15      -8.874231854619e-17       1.783343172996e-16 
 1082       1.819116225121e-10       4.163058167563e-12      -1.236818696986e-11       1.485743266466e-14       4.253042321547e-15      -9.331357473036e-17       1.765277199876e-16 
 1083       1.823329744834e-10       4.119998225410e-12      -1.235484682134e-11       1.486330155843e-14       4.237747450057e-15      -9.769852378618e-17       1.747079626581e-16 
 1084       1.827521684268e-10       4.077038607585e-12      -1.233810862444e-11       1.486920032084e-14       4.222520355660e-15      -1.019007363921e-16       1.728754393244e-16 
 1085       1.831689404378e-10       4.034193754770e-12      -1.231800533230e-11       1.487512540828e-14       4.207360754991e-15      -1.059238156293e-16       1.710305471591e-16 
 1086       1.835830247480e-10       3.991478207443e-12      -1.229457024293e-11       1.488107324928e-14       4.192268359001e-15      -1.097713970612e-16       1.691736865014e-16 
 1087       1.839941537209e-10       3.948906606102e-12      -1.226783700015e-11       1.488704024438e-14       4.177242872936e-15      -1.134471488126e-16       1.673052608646e-16 
 1088       1.844020578476e-10       3.906493691485e-12      -1.223783959441e-11       1.489302276613e-14       4.162283996321e-15      -1.169547716495e-16       1.654256769437e-16 
 1089       1.848064657428e-10       3.864254304801e-12      -1.220461236365e-11       1.489901715896e-14       4.147391422947e-15      -1.202979990585e-16       1.635353446223e-16 
 1090       1.852071041403e-10       3.822203387943e-12      -1.216818999423e-11       1.490501973914e-14       4.132564840850e-15      -1.234805973258e-16       1.616346769806e-16 
 1091       1.856036978890e-10       3.780355983720e-12      -1.212860752173e-11       1.491102679474e-14       4.117803932298e-15      -1.265063656171e-16       1.597240903024e-16 
 1092       1.859959699486e-10       3.738727236074e-12      -1.208590033189e-11       1.491703458551e-14       4.103108373771e-15      -1.293791360569e-16       1.578040040828e-16 
 1093       1.863836413851e-10       3.697332390305e-12      -1.204010416142e-11       1.492303934287e-14       4.088477835948e-15      -1.321027738079e-16       1.558748410353e-16 
 1094       1.867664313672e-10       3.656186793298e-12      -1.199125509892e-11       1.492903726980e-14       4.073911983689e-15      -1.346811771504e-16       1.539370270994e-16 
 1095       1.871440571615e-10       3.615305893739e-12      -1.193938958571e-11       1.493502454080e-14       4.059410476017e-15      -1.371182775618e-16       1.519909914481e-16 
 1096       1.875162341284e-10       3.574705242345e-12      -1.188454441673e-11       1.494099730180e-14       4.044972966105e-15      -1.394180397961e-16       1.500371664951e-16 
 1097       1.878826757182e-10       3.534400492081e-12      -1.182675674142e-11       1.494695167013e-14       4.030599101254e-15      -1.415844619631e-16       1.480759879023e-16 
 1098       1.882430934664e-10       3.494407398389e-12      -1.176606406454e-11       1.495288373442e-14       4.016288522884e-15      -1.436215756082e-16       1.461078945873e-16 
 1099       1.885971969899e-10       3.454741819406e-12      -1.170250424709e-11       1.495878955454e-14       4.002040866509e-15      -1.455334457914e-16       1.441333287306e-16 
 1100       1.889446939823e-10       3.415419716191e-12      -1.163611550717e-11       1.496466516156e-14       3.987855761729e-15      -1.473241711672e-16       1.421527357833e-16 
 1101       1.892852902102e-10       3.376457152946e-12      -1.156693642085e-11       1.497050655764e-14       3.973732832206e-15      -1.489978840636e-16       1.401665644743e-16 
 1102       1.896186895087e-10       3.337870297240e-12      -1.149500592301e-11       1.497630971600e-14       3.959671695652e-15      -1.505587505618e-16       1.381752668175e-16 
 1103       1.899445937771e-10       3.299675420232e-12      -1.142036330828e-11       1.498207058085e-14       3.945671963811e-15      -1.520109705756e-16       1.361792981199e-16 
 1104       1.902627029747e-10       3.261888896894e-12      -1.134304823185e-11       1.498778506730e-14       3.931733242443e-15      -1.533587779309e-16       1.341791169882e-16 
 1105       1.905727151170e-10       3.224527206234e-12      -1.126310071034e-11       1.499344906131e-14       3.917855131307e-15      -1.546064404449e-16       1.321751853369e-16 
 1106       1.908743262707e-10       3.187606931519e-12      -1.118056112273e-11       1.499905841963e-14       3.904037224144e-15      -1.557582600056e-16       1.301679683952e-16 
 1107       1.911672305503e-10       3.151144760498e-12      -1.109547021117e-11       1.500460896972e-14       3.890279108663e-15      -1.568185726516e-16       1.281579347147e-16 
 1108       1.914511201130e-10       3.115157485629e-12      -1.100786908188e-11       1.501009650970e-14       3.876580366521e-15      -1.577917486509e-16       1.261455561767e-16 
 1109       1.917256851555e-10       3.079662004293e-12      -1.091779920602e-11       1.501551680826e-14       3.862940573307e-15      -1.586821925811e-16       1.241313079995e-16 
 1110       1.919906139088e-10       3.044675319029e-12      -1.082530242055e-11       1.502086560463e-14       3.849359298529e-15      -1.594943434081e-16       1.221156687463e-16 
 1111       1.922455926345e-10       3.010214537746e-12      -1.073042092911e-11       1.502613860847e-14       3.835836105594e-15      -1.602326745660e-16       1.200991203318e-16 
 1112       1.924903483024e-10       2.976294902327e-12      -1.063319938065e-11       1.503133184076e-14       3.822370596922e-15      -1.609011548304e-16       1.180821145192e-16 
 1113       1.927247772454e-10       2.942923845598e-12      -1.053369113343e-11       1.503644266145e-14       3.808962549967e-15      -1.615016230218e-16       1.160649719115e-16 
 1114       1.929488181868e-10       2.910106856703e-12      -1.043195207509e-11       1.504146875515e-14       3.795611782948e-15      -1.620353921022e-16       1.140479816474e-16 
 1115       1.931624097115e-10       2.877849445679e-12      -1.032803855336e-11       1.504640779144e-14       3.782318109875e-15      -1.625037864712e-16       1.120314347958e-16 
 1116       1.933654902663e-10       2.846157143489e-12      -1.022200737721e-11       1.505125742482e-14       3.769081340534e-15      -1.629081419929e-16       1.100156243608e-16 
 1117       1.935579981595e-10       2.815035502054e-12      -1.011391581786e-11       1.505601529466e-14       3.755901280473e-15      -1.632498060233e-16       1.080008452848e-16 
 1118       1.937398715609e-10       2.784490094284e-12      -1.000382160991e-11       1.506067902518e-14       3.742777730992e-15      -1.635301374376e-16       1.059873944535e-16 
 1119       1.939110485018e-10       2.754526514112e-12      -9.891782952357e-12       1.506524622543e-14       3.729710489131e-15      -1.637505066569e-16       1.039755706998e-16 
 1120       1.940714668746e-10       2.725150376524e-12      -9.777858509699e-12       1.506971448924e-14       3.716699347658e-15      -1.639122956758e-16       1.019656748077e-16 
 1121       1.942210644332e-10       2.696367317590e-12      -9.662107413004e-12       1.507408139518e-14       3.703744095055e-15      -1.640168980892e-16       9.995800951700e-17 
 1122       1.943597787926e-10       2.668182994500e-12      -9.544589260979e-12       1.507834450655e-14       3.690844515509e-15      -1.640657191198e-16       9.795287952690e-17 
 1123       1.944875474288e-10       2.640603085593e-12      -9.425364121043e-12       1.508250137133e-14       3.678000388894e-15      -1.640601756450e-16       9.595059150050e-17 
 1124       1.946043076789e-10       2.613633290388e-12      -9.304492530399e-12       1.508654952216e-14       3.665211490768e-15      -1.640016962241e-16       9.395145406889e-17 
 1125       1.947099967408e-10       2.587279329620e-12      -9.182035497109e-12       1.509048647628e-14       3.652477592352e-15      -1.638917211255e-16       9.195577783528e-17 
 1126       1.948045516733e-10       2.561546945268e-12      -9.058054501165e-12       1.509430973553e-14       3.639798460522e-15      -1.637317023541e-16       8.996387537917e-17 
 1127       1.948879093957e-10       2.536441900588e-12      -8.932611495561e-12       1.509801678630e-14       3.627173857797e-15      -1.635231036777e-16       8.797606126052e-17 
 1128       1.949600066883e-10       2.511969980147e-12      -8.805768907368e-12       1.510160509950e-14       3.614603542327e-15      -1.632674006552e-16       8.599265202393e-17 
 1129       1.950207801917e-10       2.488136989852e-12      -8.677589638802e-12       1.510507213052e-14       3.602087267878e-15      -1.629660806629e-16       8.401396620276e-17 
 1130       1.950701664071e-10       2.464948756984e-12      -8.548137068303e-12       1.510841531921e-14       3.589624783824e-15      -1.626206429220e-16       8.204032432331e-17 
 1131       1.951081016958e-10       2.442411130230e-12      -8.417475051602e-12       1.511163208983e-14       3.577215835131e-15      -1.622325985259e-16       8.007204890901e-17 
 1132       1.951345222798e-10       2.420529979714e-12      -8.285667922796e-12       1.511471985103e-14       3.564860162348e-15      -1.618034704669e-16       7.810946448452e-17 
 1133       1.951493642410e-10       2.399311197030e-12      -8.152780495420e-12       1.511767599583e-14       3.552557501593e-15      -1.613347936639e-16       7.615289757996e-17 
 1134       1.951525635215e-10       2.378760695270e-12      -8.018878063521e-12       1.512049790154e-14       3.540307584541e-15      -1.608281149893e-16       7.420267673502e-17 
 1135       1.951440559236e-10       2.358884409065e-12      -7.884026402728e-12       1.512318292978e-14       3.528110138412e-15      -1.602849932958e-16       7.225913250314e-17 
 1136       1.951237771092e-10       2.339688294606e-12      -7.748291771328e-12       1.512572842643e-14       3.515964885960e-15      -1.597069994445e-16       7.032259745568e-17 
 1137       1.950916626004e-10       2.321178329684e-12      -7.611740911335e-12       1.512813172155e-14       3.503871545459e-15      -1.590957163308e-16       6.839340618606e-17 
 1138       1.950476477788e-10       2.303360513719e-12      -7.474441049565e-12       1.513039012944e-14       3.491829830692e-15      -1.584527389128e-16       6.647189531394e-17 
 1139       1.949916678858e-10       2.286240867792e-12      -7.336459898707e-12       1.513250094852e-14       3.479839450939e-15      -1.577796742375e-16       6.455840348937e-17 
 1140       1.949236580225e-10       2.269825434676e-12      -7.197865658397e-12       1.513446146135e-14       3.467900110965e-15      -1.570781414686e-16       6.265327139698e-17 
 1141       1.948435531493e-10       2.254120278872e-12      -7.058727016290e-12       1.513626893455e-14       3.456011511005e-15      -1.563497719131e-16       6.075684176008e-17 
 1142       1.947512880862e-10       2.239131486636e-12      -6.919113149133e-12       1.513792061884e-14       3.444173346756e-15      -1.555962090489e-16       5.886945934490e-17 
 1143       1.946467975123e-10       2.224865166013e-12      -6.779093723837e-12       1.513941374892e-14       3.432385309363e-15      -1.548191085520e-16       5.699147096467e-17 
 1144       1.945300159663e-10       2.211327446871e-12      -6.638738898549e-12       1.514074554351e-14       3.420647085406e-15      -1.540201383230e-16       5.512322548385e-17 
 1145       1.944008778457e-10       2.198524480928e-12      -6.498119323725e-12       1.514191320526e-14       3.408958356890e-15      -1.532009785151e-16       5.326507382226e-17 
 1146       1.942593174074e-10       2.186462441790e-12      -6.357306143205e-12       1.514291392076e-14       3.397318801230e-15      -1.523633215607e-16       5.141736895923e-17 
 1147       1.941052687669e-10       2.175147524979e-12      -6.216370995282e-12       1.514374486048e-14       3.385728091241e-15      -1.515088721988e-16       4.958046593779e-17 
 1148       1.939386658990e-10       2.164585947966e-12      -6.075386013776e-12       1.514440317875e-14       3.374185895127e-15      -1.506393475020e-16       4.775472186882e-17 
 1149       1.937594426371e-10       2.154783950202e-12      -5.934423829107e-12       1.514488601374e-14       3.362691876464e-15      -1.497564769038e-16       4.594049593520e-17 
 1150       1.935675326732e-10       2.145747793154e-12      -5.793557569368e-12       1.514519048737e-14       3.351245694194e-15      -1.488620022256e-16       4.413814939599e-17 
 1151       1.933629007985e-10       2.137481905126e-12      -5.652856244513e-12       1.514531418290e-14       3.339847036877e-15      -1.479568123650e-16       4.234796115679e-17 
 1152       1.931456370574e-10       2.129983289903e-12      -5.512370832605e-12       1.514525658414e-14       3.328495725966e-15      -1.470383352763e-16       4.056987329896e-17 
 1153       1.929158637886e-10       2.123247047176e-12      -5.372148019031e-12       1.514501765441e-14       3.317191613823e-15      -1.461031129291e-16       3.880374232758e-17 
 1154       1.926737044959e-10       2.117268221178e-12      -5.232234798022e-12       1.514459736067e-14       3.305934549555e-15      -1.451476635930e-16       3.704942330874e-17 
 1155       1.924192838511e-10       2.112041800540e-12      -5.092678473302e-12       1.514399567350e-14       3.294724379011e-15      -1.441684817862e-16       3.530676986600e-17 
 1156       1.921527276964e-10       2.107562718165e-12      -4.953526658746e-12       1.514321256716e-14       3.283560944766e-15      -1.431620382242e-16       3.357563417700e-17 
 1157       1.918741630475e-10       2.103825851084e-12      -4.814827279032e-12       1.514224801957e-14       3.272444086120e-15      -1.421247797694e-16       3.185586696988e-17 
 1158       1.915837180964e-10       2.100826020322e-12      -4.676628570298e-12       1.514110201231e-14       3.261373639082e-15      -1.410531293788e-16       3.014731751988e-17 
 1159       1.912815222134e-10       2.098557990765e-12      -4.538979080799e-12       1.513977453066e-14       3.250349436364e-15      -1.399434860540e-16       2.844983364582e-17 
 1160       1.909677059510e-10       2.097016471021e-12      -4.401927671555e-12       1.513826556358e-14       3.239371307372e-15      -1.387922247893e-16       2.676326170662e-17 
 1161       1.906424010455e-10       2.096196113285e-12      -4.265523517012e-12       1.513657510374e-14       3.228439078196e-15      -1.375956965206e-16       2.508744659783e-17 
 1162       1.903057404207e-10       2.096091513204e-12      -4.129816105693e-12       1.513470314752e-14       3.217552571603e-15      -1.363502280746e-16       2.342223174817e-17 
 1163       1.899578581898e-10       2.096697209740e-12      -3.994855240857e-12       1.513264969503e-14       3.206711607024e-15      -1.350521221173e-16       2.176745911599e-17 
 1164       1.895988896589e-10       2.098007685033e-12      -3.860691041147e-12       1.513041475011e-14       3.195916000551e-15      -1.336976571030e-16       2.012296918587e-17 
 1165       1.892289713292e-10       2.100017364268e-12      -3.727373941252e-12       1.512799832035e-14       3.185165564921e-15      -1.322830872233e-16       1.848860096506e-17 
 1166       1.888482408999e-10       2.102720615537e-12      -3.594954692557e-12       1.512540041708e-14       3.174460109511e-15      -1.308046423554e-16       1.686419198007e-17 
 1167       1.884568372710e-10       2.106111749704e-12      -3.463484363800e-12       1.512262105542e-14       3.163799440330e-15      -1.292585280116e-16       1.524957827314e-17 
 1168       1.880549005460e-10       2.110185020268e-12      -3.333014341724e-12       1.511966025423e-14       3.153183360007e-15      -1.276409252877e-16       1.364459439878e-17 
 1169       1.876425720348e-10       2.114934623228e-12      -3.203596331737e-12       1.511651803618e-14       3.142611667784e-15      -1.259479908120e-16       1.204907342031e-17 
 1170       1.872199942560e-10       2.120354696947e-12      -3.075282358561e-12       1.511319442773e-14       3.132084159504e-15      -1.241758566942e-16       1.046284690632e-17 
 1171       1.867873109401e-10       2.126439322015e-12      -2.948124766890e-12       1.510968945914e-14       3.121600627607e-15      -1.223206304740e-16       8.885744927266e-18 
 1172       1.863446670321e-10       2.133182521116e-12      -2.822176222044e-12       1.510600316448e-14       3.111160861116e-15      -1.203783950702e-16       7.317596051932e-18 
 1173       1.858922086941e-10       2.140578258888e-12      -2.697489710625e-12       1.510213558166e-14       3.100764645632e-15      -1.183452087296e-16       5.758227343978e-18 
 1174       1.854300833082e-10       2.148620441789e-12      -2.574118541167e-12       1.509808675242e-14       3.090411763320e-15      -1.162171049753e-16       4.207464358450e-18 
 1175       1.849584394791e-10       2.157302917965e-12      -2.452116344799e-12       1.509385672233e-14       3.080101992907e-15      -1.139900925564e-16       2.665131138307e-18 
 1176       1.844774270370e-10       2.166619477105e-12      -2.331537075891e-12       1.508944554083e-14       3.069835109664e-15      -1.116601553961e-16       1.131050210933e-18 
 1177       1.839871970404e-10       2.176563850313e-12      -2.212435012716e-12       1.508485326122e-14       3.059610885407e-15      -1.092232525408e-16      -3.949574153357e-19 
 1178       1.834879017785e-10       2.187129709971e-12      -2.094864758098e-12       1.508007994068e-14       3.049429088478e-15      -1.066753181090e-16      -1.913072254696e-18 
 1179       1.829796947742e-10       2.198310669598e-12      -1.978881240074e-12       1.507512564027e-14       3.039289483745e-15      -1.040122612402e-16      -3.423476347353e-18 
 1180       1.824627307868e-10       2.210100283721e-12      -1.864539712543e-12       1.506999042495e-14       3.029191832586e-15      -1.012299660435e-16      -4.926353263005e-18 
 1181       1.819371658147e-10       2.222492047733e-12      -1.751895755923e-12       1.506467436358e-14       3.019135892883e-15      -9.832429154668e-17      -6.421888104320e-18 
 1182       1.814031570983e-10       2.235479397762e-12      -1.641005277805e-12       1.505917752894e-14       3.009121419014e-15      -9.529107164490e-17      -7.910267510416e-18 
 1183       1.808608631224e-10       2.249055710532e-12      -1.531924513610e-12       1.505349999774e-14       2.999148161842e-15      -9.212611504960e-17      -9.391679660343e-18 
 1184       1.803104436194e-10       2.263214303227e-12      -1.424710027242e-12       1.504764185061e-14       2.989215868705e-15      -8.882520523731e-17      -1.086631427656e-17 
 1185       1.797520595715e-10       2.277948433357e-12      -1.319418711740e-12       1.504160317213e-14       2.979324283410e-15      -8.538410039853e-17      -1.233436262841e-17 
 1186       1.791858732139e-10       2.293251298621e-12      -1.216107789938e-12       1.503538405086e-14       2.969473146223e-15      -8.179853338655e-17      -1.379601753563e-17 
 1187       1.786120480375e-10       2.309116036771e-12      -1.114834815118e-12       1.502898457930e-14       2.959662193858e-15      -7.806421166627e-17      -1.525147337178e-17 
 1188       1.780307487911e-10       2.325535725477e-12      -1.015657671662e-12       1.502240485393e-14       2.949891159470e-15      -7.417681726310e-17      -1.670092606776e-17 
 1189       1.774421414850e-10       2.342503382190e-12      -9.186345757108e-13       1.501564497522e-14       2.940159772645e-15      -7.013200671175e-17      -1.814457311528e-17 
 1190       1.768463991638e-10       2.360011253937e-12      -8.238162521600e-13       1.500870537160e-14       2.930467784666e-15      -6.592728779229e-17      -1.958255227924e-17 
 1191       1.762437192991e-10       2.378048677439e-12      -7.312223591603e-13       1.500158777576e-14       2.920815044665e-15      -6.156767507476e-17      -2.101475690383e-17 
 1192       1.756343066162e-10       2.396604192440e-12      -6.408647753523e-13       1.499429426033e-14       2.911201424388e-15      -5.706010373756e-17      -2.244101834482e-17 
 1193       1.750183673458e-10       2.415666249195e-12      -5.527553972490e-13       1.498682691511e-14       2.901626792998e-15      -5.241155918858e-17      -2.386116705319e-17 
 1194       1.743961092275e-10       2.435223208276e-12      -4.669061392283e-13       1.497918784704e-14       2.892091017069e-15      -4.762907717295e-17      -2.527503257345e-17 
 1195       1.737677415124e-10       2.455263340376e-12      -3.833289335250e-13       1.497137918029e-14       2.882593960580e-15      -4.271974388080e-17      -2.668244354188e-17 
 1196       1.731334749671e-10       2.475774826111e-12      -3.020357302237e-13       1.496340305625e-14       2.873135484904e-15      -3.769069605498e-17      -2.808322768489e-17 
 1197       1.724935218765e-10       2.496745755824e-12      -2.230384972507e-13       1.495526163362e-14       2.863715448806e-15      -3.254912109883e-17      -2.947721181724e-17 
 1198       1.718480960471e-10       2.518164129391e-12      -1.463492203665e-13       1.494695708841e-14       2.854333708434e-15      -2.730225718389e-17      -3.086422184036e-17 
 1199       1.711974128102e-10       2.540017856025e-12      -7.197990315801e-14       1.493849161398e-14       2.844990117313e-15      -2.195739335772e-17      -3.224408274067e-17 
 1200       1.705416890251e-10       2.562294754077e-12       5.743296885455e-17       1.492986742109e-14       2.835684526335e-15      -1.652186965156e-17      -3.361661858782e-17 
 1201       1.698811430826e-10       2.584982550843e-12       6.975074879711e-14       1.492108673793e-14       2.826416783755e-15      -1.100307718813e-17      -3.498165253300e-17 
 1202       1.692159949079e-10       2.608068882364e-12       1.370879873062e-13       1.491215181017e-14       2.817186735186e-15      -5.408458289366e-18      -3.633900680725e-17 
 1203       1.685464659639e-10       2.631541293237e-12       2.020570736798e-13       1.490306490097e-14       2.807994223586e-15       2.544934158314e-19      -3.768850271972e-17 
 1204       1.678727792545e-10       2.655387236412e-12       2.646459153132e-13       1.489382829106e-14       2.798839089257e-15       5.978232883861e-18      -3.902996065597e-17 
 1205       1.671951593280e-10       2.679594072999e-12       3.248424018214e-13       1.488444427874e-14       2.789721169834e-15       1.175516354866e-17      -4.036320007630e-17 
 1206       1.665138322799e-10       2.704149072071e-12       3.826344050464e-13       1.487491517992e-14       2.780640300282e-15       1.757763721398e-17      -4.168803951396e-17 
 1207       1.658290257564e-10       2.729039410470e-12       4.380097790651e-13       1.486524332818e-14       2.771596312884e-15       2.343795394561e-17      -4.300429657351e-17 
 1208       1.651409689578e-10       2.754252172609e-12       4.909563601966e-13       1.485543107479e-14       2.762589037241e-15       2.932836196364e-17      -4.431178792908e-17 
 1209       1.644498926412e-10       2.779774350275e-12       5.414619670104e-13       1.484548078875e-14       2.753618300257e-15       3.524105753473e-17      -4.561032932267e-17 
 1210       1.637560291245e-10       2.805592842437e-12       5.895144003337e-13       1.483539485686e-14       2.744683926139e-15       4.116818486435e-17      -4.689973556244e-17 
 1211       1.630596122886e-10       2.831694455046e-12       6.351014432591e-13       1.482517568367e-14       2.735785736386e-15       4.710183598903e-17      -4.817982052100e-17 
 1212       1.623608775818e-10       2.858065900839e-12       6.782108611523e-13       1.481482569163e-14       2.726923549784e-15       5.303405066863e-17      -4.945039713368e-17 
 1213       1.616600620220e-10       2.884693799147e-12       7.188304016600e-13       1.480434732105e-14       2.718097182398e-15       5.895681627856e-17      -5.071127739687e-17 
 1214       1.609574042006e-10       2.911564675694e-12       7.569477947170e-13       1.479374303015e-14       2.709306447567e-15       6.486206770206e-17      -5.196227236624e-17 
 1215       1.602531442855e-10       2.938664962404e-12       7.925507525545e-13       1.478301529512e-14       2.700551155893e-15       7.074168722247e-17      -5.320319215511e-17 
 1216       1.595475240241e-10       2.965980997205e-12       8.256269697071e-13       1.477216661016e-14       2.691831115239e-15       7.658750441544e-17      -5.443384593268e-17 
 1217       1.588407867472e-10       2.993499023831e-12       8.561641230213e-13       1.476119948748e-14       2.683146130720e-15       8.239129604120e-17      -5.565404192234e-17 
 1218       1.581331773713e-10       3.021205191628e-12       8.841498716623e-13       1.475011645737e-14       2.674496004694e-15       8.814478593683e-17      -5.686358739997e-17 
 1219       1.574249424026e-10       3.049085555356e-12       9.095718571222e-13       1.473892006821e-14       2.665880536759e-15       9.383964490850e-17      -5.806228869221e-17 
 1220       1.567163299398e-10       3.077126074995e-12       9.324177032276e-13       1.472761288657e-14       2.657299523744e-15       9.946749062371e-17      -5.924995117477e-17 
 1221       1.560075896777e-10       3.105312615548e-12       9.526750161470e-13       1.471619749715e-14       2.648752759701e-15       1.050198875036e-16      -6.042637927073e-17 
 1222       1.552989729099e-10       3.133630946843e-12       9.703313843989e-13       1.470467650290e-14       2.640240035900e-15       1.104883466150e-16      -6.159137644878e-17 
 1223       1.545907325325e-10       3.162066743342e-12       9.853743788588e-13       1.469305252503e-14       2.631761140822e-15       1.158643255632e-16      -6.274474522158e-17 
 1224       1.538831230472e-10       3.190605583939e-12       9.977915527676e-13       1.468132820304e-14       2.623315860150e-15       1.211392283834e-16      -6.388628714397e-17 
 1225       1.531764005644e-10       3.219232951769e-12       1.007570441739e-12       1.466950619475e-14       2.614903976767e-15       1.263044054337e-16      -6.501580281136e-17 
 1226       1.524708228065e-10       3.247934234008e-12       1.014698563767e-12       1.465758917637e-14       2.606525270742e-15       1.313511532869e-16      -6.613309185792e-17 
 1227       1.517666491112e-10       3.276694721680e-12       1.019163419233e-12       1.464557984250e-14       2.598179519328e-15       1.362707146232e-16      -6.723795295494e-17 
 1228       1.510641404346e-10       3.305499609460e-12       1.020952490915e-12       1.463348090621e-14       2.589866496955e-15       1.410542781219e-16      -6.833018380909e-17 
 1229       1.503635409715e-10       3.334334708148e-12       1.020059490223e-12       1.462129510098e-14       2.581585997276e-15       1.456954448936e-16      -6.940960078962e-17 
 1230       1.496650227689e-10       3.363188591772e-12       1.016503177210e-12       1.460902518663e-14       2.573337899604e-15       1.501976601035e-16      -7.047609806888e-17 
 1231       1.489687404601e-10       3.392050475637e-12       1.010308764424e-12       1.459667394356e-14       2.565122103256e-15       1.545668695261e-16      -7.152958918183e-17 
 1232       1.482748495898e-10       3.420909505825e-12       1.001501691488e-12       1.458424417083e-14       2.556938505559e-15       1.588090611122e-16      -7.256998746077e-17 
 1233       1.475835066158e-10       3.449754759061e-12       9.901076256003e-13       1.457173868622e-14       2.548787001847e-15       1.629302650766e-16      -7.359720603524e-17 
 1234       1.468948689108e-10       3.478575242568e-12       9.761524620425e-13       1.455916032627e-14       2.540667485455e-15       1.669365539863e-16      -7.461115783181e-17 
 1235       1.462090947642e-10       3.507359893934e-12       9.596623246802e-13       1.454651194627e-14       2.532579847715e-15       1.708340428484e-16      -7.561175557397e-17 
 1236       1.455263433837e-10       3.536097580966e-12       9.406635664670e-13       1.453379642037e-14       2.524523977953e-15       1.746288891983e-16      -7.659891178196e-17 
 1237       1.448467748975e-10       3.564777101557e-12       9.191827699484e-13       1.452101664156e-14       2.516499763477e-15       1.783272931877e-16      -7.757253877261e-17 
 1238       1.441705503555e-10       3.593387183540e-12       8.952467477649e-13       1.450817552172e-14       2.508507089580e-15       1.819354976726e-16      -7.853254865923e-17 
 1239       1.434978317315e-10       3.621916484553e-12       8.688825431557e-13       1.449527599169e-14       2.500545839528e-15       1.854597883015e-16      -7.947885335141e-17 
 1240       1.428287819248e-10       3.650353591900e-12       8.401174304624e-13       1.448232100126e-14       2.492615894561e-15       1.889064936032e-16      -8.041136455489e-17 
 1241       1.421635647621e-10       3.678687022405e-12       8.089789156319e-13       1.446931351924e-14       2.484717133881e-15       1.922819850752e-16      -8.132999377141e-17 
 1242       1.415023449989e-10       3.706905222283e-12       7.754947367207e-13       1.445625653350e-14       2.476849434655e-15       1.955926772714e-16      -8.223465229857e-17 
 1243       1.408452883218e-10       3.734996566991e-12       7.396928643976e-13       1.444315305097e-14       2.469012672000e-15       1.988450278905e-16      -8.312525122963e-17 
 1244       1.401925613498e-10       3.762949361093e-12       7.016015024480e-13       1.443000609774e-14       2.461206718989e-15       2.020455378636e-16      -8.400170145344e-17 
 1245       1.395443316364e-10       3.790751838122e-12       6.612490882765e-13       1.441681871902e-14       2.453431446635e-15       2.052007514427e-16      -8.486391365421e-17 
 1246       1.389007676713e-10       3.818392160436e-12       6.186642934115e-13       1.440359397925e-14       2.445686723895e-15       2.083172562887e-16      -8.571179831141e-17 
 1247       1.382620388819e-10       3.845858419081e-12       5.738760240075e-13       1.439033496210e-14       2.437972417658e-15       2.114016835591e-16      -8.654526569957e-17 
 1248       1.376283156355e-10       3.873138633654e-12       5.269134213497e-13       1.437704477051e-14       2.430288392744e-15       2.144607079963e-16      -8.736422588820e-17 
 1249       1.369997692407e-10       3.900220752158e-12       4.778058623568e-13       1.436372652672e-14       2.422634511897e-15       2.175010480157e-16      -8.816858874157e-17 
 1250       1.363765719493e-10       3.927092650867e-12       4.265829600846e-13       1.435038337236e-14       2.415010635780e-15       2.205294657938e-16      -8.895826391860e-17 
 1251       1.357588969583e-10       3.953742134186e-12       3.732745642299e-13       1.433701846840e-14       2.407416622971e-15       2.235527673559e-16      -8.973316087268e-17 
 1252       1.351469184113e-10       3.980156934509e-12       3.179107616334e-13       1.432363499526e-14       2.399852329957e-15       2.265778026645e-16      -9.049318885154e-17 
 1253       1.345408114003e-10       4.006324712082e-12       2.605218767838e-13       1.431023615283e-14       2.392317611128e-15       2.296114657074e-16      -9.123825689711e-17 
 1254       1.339407519678e-10       4.032233054863e-12       2.011384723210e-13       1.429682516048e-14       2.384812318774e-15       2.326606945854e-16      -9.196827384532e-17 
 1255       1.333469171085e-10       4.057869478380e-12       1.397913495395e-13       1.428340525713e-14       2.377336303076e-15       2.357324716006e-16      -9.268314832600e-17 
 1256       1.327594847705e-10       4.083221425598e-12       7.651154889204e-14       1.426997970127e-14       2.369889412107e-15       2.388338233445e-16      -9.338278876270e-17 
 1257       1.321786338579e-10       4.108276266771e-12       1.133035049325e-14       1.425655177102e-14       2.362471491821e-15       2.419718207857e-16      -9.406710337256e-17 
 1258       1.316045442320e-10       4.133021299310e-12      -5.572072537709e-14       1.424312476413e-14       2.355082386049e-15       2.451535793585e-16      -9.473600016613e-17 
 1259       1.310373967133e-10       4.157443747638e-12      -1.246099177705e-13       1.422970199805e-14       2.347721936498e-15       2.483862590506e-16      -9.538938694724e-17 
 1260       1.304773730832e-10       4.181530763054e-12      -1.953052245660e-13       1.421628680996e-14       2.340389982741e-15       2.516770644911e-16      -9.602717131285e-17 
 1261       1.299246560857e-10       4.205269423592e-12      -2.677744019673e-13       1.420288255679e-14       2.333086362213e-15       2.550332450387e-16      -9.664926065288e-17 
 1262       1.293794294294e-10       4.228646733884e-12      -3.419849639984e-13       1.418949261528e-14       2.325810910208e-15       2.584620948699e-16      -9.725556215007e-17 
 1263       1.288418777891e-10       4.251649625015e-12      -4.179041820007e-13       1.417612038202e-14       2.318563459872e-15       2.619709530667e-16      -9.784598277986e-17 
 1264       1.283121868075e-10       4.274264954390e-12      -4.954990841295e-13       1.416276927346e-14       2.311343842197e-15       2.655672037049e-16      -9.842042931016e-17 
 1265       1.277905430971e-10       4.296479505589e-12      -5.747364548501e-13       1.414944272598e-14       2.304151886018e-15       2.692582759419e-16      -9.897880830129e-17 
 1266       1.272771342421e-10       4.318279988234e-12      -6.555828344346e-13       1.413614419589e-14       2.296987418006e-15       2.730516441053e-16      -9.952102610575e-17 
 1267       1.267721487996e-10       4.339653037840e-12      -7.380045184583e-13       1.412287715952e-14       2.289850262666e-15       2.769548277803e-16      -1.000469888681e-16 
 1268       1.262757484419e-10       4.360586795004e-12      -8.219661187320e-13       1.410964483048e-14       2.282740258479e-15       2.809730880025e-16      -1.005566281321e-16 
 1269       1.257879840254e-10       4.381075663137e-12      -9.074262289524e-13       1.409644930797e-14       2.275657306559e-15       2.851024865882e-16      -1.010499779851e-16 
 1270       1.253088785568e-10       4.401115605304e-12      -9.943417080781e-13       1.408329241873e-14       2.268601322552e-15       2.893367469567e-16      -1.015270988025e-16 
 1271       1.248384549660e-10       4.420702569859e-12      -1.082669113750e-12       1.407017599894e-14       2.261572220525e-15       2.936695506834e-16      -1.019880517236e-16 
 1272       1.243767361052e-10       4.439832490428e-12      -1.172364701679e-12       1.405710189416e-14       2.254569912967e-15       2.980945374157e-16      -1.024328986526e-16 
 1273       1.239237447490e-10       4.458501285881e-12      -1.263384425040e-12       1.404407195944e-14       2.247594310782e-15       3.026053047891e-16      -1.028617022609e-16 
 1274       1.234795035937e-10       4.476704860316e-12      -1.355683933854e-12       1.403108805925e-14       2.240645323289e-15       3.071954083441e-16      -1.032745259886e-16 
 1275       1.230440352572e-10       4.494439103033e-12      -1.449218574385e-12       1.401815206756e-14       2.233722858212e-15       3.118583614415e-16      -1.036714340462e-16 
 1276       1.226173622789e-10       4.511699888514e-12      -1.543943388522e-12       1.400526586782e-14       2.226826821682e-15       3.165876351796e-16      -1.040524914167e-16 
 1277       1.221995071190e-10       4.528483076404e-12      -1.639813113173e-12       1.399243135299e-14       2.219957118230e-15       3.213766583096e-16      -1.044177638570e-16 
 1278       1.217904921583e-10       4.544784511484e-12      -1.736782179654e-12       1.397965042555e-14       2.213113650782e-15       3.262188171525e-16      -1.047673178999e-16 
 1279       1.213903396981e-10       4.560600023653e-12      -1.834804713075e-12       1.396692499754e-14       2.206296320658e-15       3.311074555148e-16      -1.051012208557e-16 
 1280       1.209990719597e-10       4.575925427905e-12      -1.933834531732e-12       1.395425699053e-14       2.199505027568e-15       3.360358746051e-16      -1.054195408139e-16 
 1281       1.206167110842e-10       4.590756524308e-12      -2.033825146496e-12       1.394164833569e-14       2.192739669603e-15       3.409973329502e-16      -1.057223466453e-16 
 1282       1.202432791321e-10       4.605089097982e-12      -2.134729760202e-12       1.392910097377e-14       2.186000143238e-15       3.459850463114e-16      -1.060097080034e-16 
 1283       1.198787980830e-10       4.618918919077e-12      -2.236501267035e-12       1.391661685513e-14       2.179286343324e-15       3.509921876007e-16      -1.062816953263e-16 
 1284       1.195232898352e-10       4.632241742752e-12      -2.339092251926e-12       1.390419793974e-14       2.172598163085e-15       3.560118867968e-16      -1.065383798385e-16 
 1285       1.191767762058e-10       4.645053309153e-12      -2.442454989934e-12       1.389184619724e-14       2.165935494112e-15       3.610372308620e-16      -1.067798335525e-16 
 1286       1.188392789298e-10       4.657349343391e-12      -2.546541445641e-12       1.387956360690e-14       2.159298226363e-15       3.660612636575e-16      -1.070061292707e-16 
 1287       1.185108196604e-10       4.669125555519e-12      -2.651303272538e-12       1.386735215768e-14       2.152686248157e-15       3.710769858607e-16      -1.072173405873e-16 
 1288       1.181914199681e-10       4.680377640515e-12      -2.756691812415e-12       1.385521384823e-14       2.146099446169e-15       3.760773548803e-16      -1.074135418896e-16 
 1289       1.178811013408e-10       4.691101278255e-12      -2.862658094748e-12       1.384315068689e-14       2.139537705429e-15       3.810552847736e-16      -1.075948083602e-16 
 1290       1.175798851834e-10       4.701292133493e-12      -2.969152836094e-12       1.383116469175e-14       2.133000909313e-15       3.860036461620e-16      -1.077612159787e-16 
 1291       1.172877928175e-10       4.710945855842e-12      -3.076126439474e-12       1.381925789063e-14       2.126488939545e-15       3.909152661475e-16      -1.079128415232e-16 
 1292       1.170048454808e-10       4.720058079749e-12      -3.183528993765e-12       1.380743232109e-14       2.120001676189e-15       3.957829282290e-16      -1.080497625721e-16 
 1293       1.167310643274e-10       4.728624424473e-12      -3.291310273091e-12       1.379569003049e-14       2.113538997647e-15       4.005993722185e-16      -1.081720575063e-16 
 1294       1.164664704269e-10       4.736640494066e-12      -3.399419736209e-12       1.378403307597e-14       2.107100780654e-15       4.053572941572e-16      -1.082798055105e-16 
 1295       1.162110847643e-10       4.744101877351e-12      -3.507806525898e-12       1.377246352446e-14       2.100686900275e-15       4.100493462318e-16      -1.083730865749e-16 
 1296       1.159649282400e-10       4.751004147898e-12      -3.616419468351e-12       1.376098345275e-14       2.094297229898e-15       4.146681366910e-16      -1.084519814973e-16 
 1297       1.157280216689e-10       4.757342864005e-12      -3.725207072563e-12       1.374959494743e-14       2.087931641236e-15       4.192062297613e-16      -1.085165718849e-16 
 1298       1.155003857805e-10       4.763113568672e-12      -3.834117529721e-12       1.373830010497e-14       2.081590004318e-15       4.236561455636e-16      -1.085669401555e-16 
 1299       1.152820412185e-10       4.768311789585e-12      -3.943098712590e-12       1.372710103171e-14       2.075272187486e-15       4.280103600291e-16      -1.086031695400e-16 
 1300       1.150730085407e-10       4.772933039091e-12      -4.052098174906e-12       1.371599984388e-14       2.068978057392e-15       4.322613048160e-16      -1.086253440833e-16 
 1301       1.148733082181e-10       4.776972814178e-12      -4.161063150763e-12       1.370499866761e-14       2.062707478995e-15       4.364013672252e-16      -1.086335486471e-16 
 1302       1.146829606353e-10       4.780426596449e-12      -4.269940554005e-12       1.369409963896e-14       2.056460315554e-15       4.404228901169e-16      -1.086278689107e-16 
 1303       1.145019860896e-10       4.783289852107e-12      -4.378676977609e-12       1.368330490393e-14       2.050236428626e-15       4.443181718268e-16      -1.086083913733e-16 
 1304       1.143304047912e-10       4.785558031928e-12      -4.487218693083e-12       1.367261661846e-14       2.044035678065e-15       4.480794660823e-16      -1.085752033556e-16 
 1305       1.141682368624e-10       4.787226571242e-12      -4.595511649847e-12       1.366203694849e-14       2.037857922010e-15       4.516989819185e-16      -1.085283930017e-16 
 1306       1.140155023378e-10       4.788290889909e-12      -4.703501474628e-12       1.365156806992e-14       2.031703016888e-15       4.551688835948e-16      -1.084680492804e-16 
 1307       1.138722009569e-10       4.788747858631e-12      -4.811136968281e-12       1.364121179707e-14       2.025570830526e-15       4.584834645130e-16      -1.083942667350e-16 
 1308       1.137382512968e-10       4.788600215866e-12      -4.918380640299e-12       1.363096846329e-14       2.019461281644e-15       4.616456957528e-16      -1.083071597842e-16 
 1309       1.136135509583e-10       4.787852200283e-12      -5.025198290934e-12       1.362083802785e-14       2.013374300795e-15       4.646607506251e-16      -1.082068485844e-16 
 1310       1.134979967088e-10       4.786508088986e-12      -5.131555524087e-12       1.361082044639e-14       2.007309817287e-15       4.675338373841e-16      -1.080934542989e-16 
 1311       1.133914844808e-10       4.784572197605e-12      -5.237417746945e-12       1.360091567089e-14       2.001267759176e-15       4.702701992970e-16      -1.079670990999e-16 
 1312       1.132939093700e-10       4.782048880369e-12      -5.342750169612e-12       1.359112364972e-14       1.995248053265e-15       4.728751147119e-16      -1.078279061707e-16 
 1313       1.132051656337e-10       4.778942530194e-12      -5.447517804747e-12       1.358144432756e-14       1.989250625101e-15       4.753538971273e-16      -1.076759997078e-16 
 1314       1.131251466889e-10       4.775257578759e-12      -5.551685467199e-12       1.357187764544e-14       1.983275398973e-15       4.777118952607e-16      -1.075115049227e-16 
 1315       1.130537451109e-10       4.770998496592e-12      -5.655217773638e-12       1.356242354071e-14       1.977322297908e-15       4.799544931175e-16      -1.073345480446e-16 
 1316       1.129908526312e-10       4.766169793147e-12      -5.758079142194e-12       1.355308194705e-14       1.971391243667e-15       4.820871100597e-16      -1.071452563219e-16 
 1317       1.129363601360e-10       4.760776016886e-12      -5.860233792087e-12       1.354385279441e-14       1.965482156742e-15       4.841152008750e-16      -1.069437580247e-16 
 1318       1.128901576644e-10       4.754821755362e-12      -5.961645743268e-12       1.353473600907e-14       1.959594956358e-15       4.860442558452e-16      -1.067301824464e-16 
 1319       1.128521344067e-10       4.748311635302e-12      -6.062278816049e-12       1.352573151358e-14       1.953729560461e-15       4.878798008156e-16      -1.065046599063e-16 
 1320       1.128221787027e-10       4.741250322682e-12      -6.162096630736e-12       1.351683922677e-14       1.947885885722e-15       4.896273972633e-16      -1.062673217517e-16 
 1321       1.128001780398e-10       4.733642522813e-12      -6.261062607271e-12       1.350805906373e-14       1.942063847532e-15       4.912926423666e-16      -1.060183003593e-16 
 1322       1.127860190515e-10       4.725492980423e-12      -6.359139964860e-12       1.349939093581e-14       1.936263359999e-15       4.928811690733e-16      -1.057577291383e-16 
 1323       1.127795875157e-10       4.716806479733e-12      -6.456291721610e-12       1.349083475063e-14       1.930484335943e-15       4.943986461697e-16      -1.054857425315e-16 
 1324       1.127807683526e-10       4.707587844546e-12      -6.552480694164e-12       1.348239041202e-14       1.924726686897e-15       4.958507783498e-16      -1.052024760183e-16 
 1325       1.127894456233e-10       4.697841938319e-12      -6.647669497335e-12       1.347405782004e-14       1.918990323099e-15       4.972433062835e-16      -1.049080661160e-16 
 1326       1.128055025283e-10       4.687573664252e-12      -6.741820543743e-12       1.346583687100e-14       1.913275153496e-15       4.985820066861e-16      -1.046026503824e-16 
 1327       1.128288214050e-10       4.676787965367e-12      -6.834896043446e-12       1.345772745738e-14       1.907581085731e-15       4.998726923866e-16      -1.042863674177e-16 
 1328       1.128592837268e-10       4.665489824587e-12      -6.926858003577e-12       1.344972946789e-14       1.901908026150e-15       5.011212123969e-16      -1.039593568668e-16 
 1329       1.128967701008e-10       4.653684264819e-12      -7.017668227978e-12       1.344184278742e-14       1.896255879792e-15       5.023334519804e-16      -1.036217594209e-16 
 1330       1.129411602666e-10       4.641376349035e-12      -7.107288316837e-12       1.343406729703e-14       1.890624550390e-15       5.035153327210e-16      -1.032737168201e-16 
 1331       1.129923330938e-10       4.628571180355e-12      -7.195679666317e-12       1.342640287399e-14       1.885013940367e-15       5.046728125918e-16      -1.029153718554e-16 
 1332       1.130501665812e-10       4.615273902123e-12      -7.282803468198e-12       1.341884939168e-14       1.879423950830e-15       5.058118860240e-16      -1.025468683705e-16 
 1333       1.131145378544e-10       4.601489697996e-12      -7.368620709506e-12       1.341140671968e-14       1.873854481572e-15       5.069385839760e-16      -1.021683512641e-16 
 1334       1.131853231643e-10       4.587223792019e-12      -7.453092172152e-12       1.340407472368e-14       1.868305431064e-15       5.080589740017e-16      -1.017799664921e-16 
 1335       1.132623978853e-10       4.572481448707e-12      -7.536178432561e-12       1.339685326552e-14       1.862776696458e-15       5.091791603196e-16      -1.013818610695e-16 
 1336       1.133456365138e-10       4.557267973129e-12      -7.617839861314e-12       1.338974220317e-14       1.857268173576e-15       5.103052838821e-16      -1.009741830727e-16 
 1337       1.134349126662e-10       4.541588710989e-12      -7.698036622777e-12       1.338274139071e-14       1.851779756915e-15       5.114435224433e-16      -1.005570816411e-16 
 1338       1.135300990773e-10       4.525449048703e-12      -7.776728674738e-12       1.337585067830e-14       1.846311339638e-15       5.126000906289e-16      -1.001307069800e-16 
 1339       1.136310675986e-10       4.508854413485e-12      -7.853875768041e-12       1.336906991225e-14       1.840862813574e-15       5.137812400045e-16      -9.969521036182e-17 
 1340       1.137376891964e-10       4.491810273426e-12      -7.929437446223e-12       1.336239893490e-14       1.835434069214e-15       5.149932591443e-16      -9.925074412888e-17 
 1341       1.138498339504e-10       4.474322137577e-12      -8.003373045144e-12       1.335583758471e-14       1.830024995710e-15       5.162424737003e-16      -9.879746169513e-17 
 1342       1.139673710516e-10       4.456395556027e-12      -8.075641692627e-12       1.334938569618e-14       1.824635480867e-15       5.175352464712e-16      -9.833551754833e-17 
 1343       1.140901688008e-10       4.438036119988e-12      -8.146202308089e-12       1.334304309988e-14       1.819265411145e-15       5.188779774706e-16      -9.786506725214e-17 
 1344       1.142180946069e-10       4.419249461872e-12      -8.215013602177e-12       1.333680962243e-14       1.813914671656e-15       5.202771039967e-16      -9.738626744823e-17 
 1345       1.143510149851e-10       4.400041255377e-12      -8.282034076403e-12       1.333068508649e-14       1.808583146155e-15       5.217391007005e-16      -9.689927585835e-17 
 1346       1.144887929872e-10       4.380417770848e-12      -8.347227807248e-12       1.332466907176e-14       1.803270727396e-15       5.232686663659e-16      -9.640424126969e-17 
 1347       1.146312804662e-10       4.360387547806e-12      -8.410581867972e-12       1.331876019530e-14       1.797977348306e-15       5.248632625569e-16      -9.590127336779e-17 
 1348       1.147783257244e-10       4.339959740753e-12      -8.472089095336e-12       1.331295682335e-14       1.792702951141e-15       5.265185157788e-16      -9.539047258006e-17 
 1349       1.149297760718e-10       4.319143565650e-12      -8.531742322320e-12       1.330725730963e-14       1.787447477162e-15       5.282300253330e-16      -9.487194006426e-17 
 1350       1.150854778238e-10       4.297948300041e-12      -8.589534378146e-12       1.330165999529e-14       1.782210866632e-15       5.299933632661e-16      -9.434577770985e-17 
 1351       1.152452762998e-10       4.276383283167e-12      -8.645458088289e-12       1.329616320889e-14       1.776993058816e-15       5.318040743186e-16      -9.381208813950e-17 
 1352       1.154090158210e-10       4.254457916084e-12      -8.699506274500e-12       1.329076526636e-14       1.771793991976e-15       5.336576758735e-16      -9.327097471047e-17 
 1353       1.155765397088e-10       4.232181661785e-12      -8.751671754818e-12       1.328546447100e-14       1.766613603369e-15       5.355496579055e-16      -9.272254151605e-17 
 1354       1.157476902823e-10       4.209564045311e-12      -8.801947343593e-12       1.328025911341e-14       1.761451829249e-15       5.374754829299e-16      -9.216689338698e-17 
 1355       1.159223088572e-10       4.186614653876e-12      -8.850325851501e-12       1.327514747154e-14       1.756308604856e-15       5.394305859507e-16      -9.160413589290e-17 
 1356       1.161002357434e-10       4.163343136982e-12      -8.896800085561e-12       1.327012781059e-14       1.751183864422e-15       5.414103744103e-16      -9.103437534377e-17 
 1357       1.162813102429e-10       4.139759206535e-12      -8.941362849153e-12       1.326519838302e-14       1.746077541165e-15       5.434102281379e-16      -9.045771879128e-17 
 1358       1.164653706487e-10       4.115872636969e-12      -8.984006942037e-12       1.326035742852e-14       1.740989567286e-15       5.454254992981e-16      -8.987427403031e-17 
 1359       1.166522542422e-10       4.091693265355e-12      -9.024725160368e-12       1.325560317398e-14       1.735919873968e-15       5.474515123402e-16      -8.928414960032e-17 
 1360       1.168417972913e-10       4.067230991528e-12      -9.063510296716e-12       1.325093383349e-14       1.730868391375e-15       5.494835639469e-16      -8.868745478682e-17 
 1361       1.170338350491e-10       4.042495778200e-12      -9.100355140083e-12       1.324634760826e-14       1.725835048646e-15       5.515169229829e-16      -8.808429962277e-17 
 1362       1.172282017515e-10       4.017497651077e-12      -9.135252475918e-12       1.324184268665e-14       1.720819773895e-15       5.535468304437e-16      -8.747479489003e-17 
 1363       1.174247306152e-10       3.992246698982e-12      -9.168195086140e-12       1.323741724412e-14       1.715822494208e-15       5.555684994048e-16      -8.685905212076e-17 
 1364       1.176232538364e-10       3.966753073967e-12      -9.199175749149e-12       1.323306944320e-14       1.710843135642e-15       5.575771149703e-16      -8.623718359889e-17 
 1365       1.178236025883e-10       3.941026991438e-12      -9.228187239848e-12       1.322879743349e-14       1.705881623222e-15       5.595678342216e-16      -8.560930236149e-17 
 1366       1.180256070195e-10       3.915078730266e-12      -9.255222329661e-12       1.322459935158e-14       1.700937880937e-15       5.615357861664e-16      -8.497552220026e-17 
 1367       1.182290962520e-10       3.888918632907e-12      -9.280273786547e-12       1.322047332110e-14       1.696011831739e-15       5.634760716876e-16      -8.433595766292e-17 
 1368       1.184338983796e-10       3.862557105525e-12      -9.303334375019e-12       1.321641745264e-14       1.691103397541e-15       5.653837634918e-16      -8.369072405465e-17 
 1369       1.186398404653e-10       3.836004618102e-12      -9.324396856164e-12       1.321242984374e-14       1.686212499215e-15       5.672539060584e-16      -8.303993743953e-17 
 1370       1.188467485403e-10       3.809271704561e-12      -9.343453987658e-12       1.320850857887e-14       1.681339056587e-15       5.690815155883e-16      -8.238371464195e-17 
 1371       1.190544476014e-10       3.782368962886e-12      -9.360498523784e-12       1.320465172939e-14       1.676482988439e-15       5.708615799529e-16      -8.172217324803e-17 
 1372       1.192627616094e-10       3.755307055232e-12      -9.375523215449e-12       1.320085735354e-14       1.671644212502e-15       5.725890586426e-16      -8.105543160710e-17 
 1373       1.194715134872e-10       3.728096708051e-12      -9.388520810203e-12       1.319712349643e-14       1.666822645457e-15       5.742588827160e-16      -8.038360883306e-17 
 1374       1.196805251180e-10       3.700748712208e-12      -9.399484052257e-12       1.319344818995e-14       1.662018202931e-15       5.758659547484e-16      -7.970682480585e-17 
 1375       1.198896173430e-10       3.673273923094e-12      -9.408405682497e-12       1.318982945283e-14       1.657230799496e-15       5.774051487808e-16      -7.902520017290e-17 
 1376       1.200986099599e-10       3.645683260751e-12      -9.415278438506e-12       1.318626529056e-14       1.652460348665e-15       5.788713102687e-16      -7.833885635048e-17 
 1377       1.203073217210e-10       3.617987709986e-12      -9.420095054580e-12       1.318275369537e-14       1.647706762891e-15       5.802592560309e-16      -7.764791552522e-17 
 1378       1.205155703311e-10       3.590198320490e-12      -9.422848261743e-12       1.317929264621e-14       1.642969953565e-15       5.815637741982e-16      -7.695250065547e-17 
 1379       1.207231724456e-10       3.562326206956e-12      -9.423530787769e-12       1.317588010876e-14       1.638249831010e-15       5.827796241627e-16      -7.625273547277e-17 
 1380       1.209299436688e-10       3.534382549196e-12      -9.422135357194e-12       1.317251403532e-14       1.633546304484e-15       5.839015365258e-16      -7.554874448325e-17 
 1381       1.211356985518e-10       3.506378592262e-12      -9.418654691342e-12       1.316919236489e-14       1.628859282175e-15       5.849242130479e-16      -7.484065296910e-17 
 1382       1.213402505909e-10       3.478325646559e-12      -9.413081508332e-12       1.316591302306e-14       1.624188671198e-15       5.858423265967e-16      -7.412858698995e-17 
 1383       1.215434122252e-10       3.450235087968e-12      -9.405408523105e-12       1.316267392202e-14       1.619534377593e-15       5.866505210960e-16      -7.341267338430e-17 
 1384       1.217449948352e-10       3.422118357961e-12      -9.395628447435e-12       1.315947296053e-14       1.614896306324e-15       5.873434114749e-16      -7.269303977102e-17 
 1385       1.219448224140e-10       3.393986417694e-12      -9.383738567881e-12       1.315630803572e-14       1.610274369648e-15       5.879169404514e-16      -7.196980703192e-17 
 1386       1.221427727435e-10       3.365848103740e-12      -9.369754532477e-12       1.315317707857e-14       1.605668512323e-15       5.883724646619e-16      -7.124306667005e-17 
 1387       1.223387366491e-10       3.337711755227e-12      -9.353696709643e-12       1.315007801873e-14       1.601078686663e-15       5.887127115732e-16      -7.051290321523e-17 
 1388       1.225326043649e-10       3.309585758378e-12      -9.335585623761e-12       1.314700877276e-14       1.596504844187e-15       5.889404265948e-16      -6.977940172208e-17 
 1389       1.227242655327e-10       3.281478546592e-12      -9.315441955480e-12       1.314396724404e-14       1.591946935616e-15       5.890583731130e-16      -6.904264777097e-17 
 1390       1.229136092009e-10       3.253398600528e-12      -9.293286542023e-12       1.314095132282e-14       1.587404910870e-15       5.890693325244e-16      -6.830272746899e-17 
 1391       1.231005238234e-10       3.225354448187e-12      -9.269140377487e-12       1.313795888611e-14       1.582878719071e-15       5.889761042693e-16      -6.755972745088e-17 
 1392       1.232848972588e-10       3.197354665000e-12      -9.243024613146e-12       1.313498779774e-14       1.578368308537e-15       5.887815058660e-16      -6.681373488005e-17 
 1393       1.234666167689e-10       3.169407873910e-12      -9.214960557760e-12       1.313203590828e-14       1.573873626782e-15       5.884883729436e-16      -6.606483744946e-17 
 1394       1.236455690183e-10       3.141522745453e-12      -9.184969677873e-12       1.312910105504e-14       1.569394620514e-15       5.880995592763e-16      -6.531312338265e-17 
 1395       1.238216400727e-10       3.113707997847e-12      -9.153073598119e-12       1.312618106202e-14       1.564931235632e-15       5.876179368167e-16      -6.455868143465e-17 
 1396       1.239947153983e-10       3.085972397072e-12      -9.119294101529e-12       1.312327373992e-14       1.560483417224e-15       5.870463957297e-16      -6.380160089296e-17 
 1397       1.241646798606e-10       3.058324756955e-12      -9.083653129829e-12       1.312037688610e-14       1.556051109569e-15       5.863878444257e-16      -6.304197157851e-17 
 1398       1.243314177234e-10       3.030773939255e-12      -9.046172783746e-12       1.311748828454e-14       1.551634256131e-15       5.856452095948e-16      -6.227988384660e-17 
 1399       1.244948126476e-10       3.003328853745e-12      -9.006875323313e-12       1.311460570585e-14       1.547232799558e-15       5.848214362401e-16      -6.151542858789e-17 
 1400       1.246547476905e-10       2.975998458296e-12      -8.965783168172e-12       1.311172690720e-14       1.542846681681e-15       5.839194877113e-16      -6.074869722932e-17 
 1401       1.248111053044e-10       2.948791758962e-12      -8.922918897879e-12       1.310884963234e-14       1.538475843512e-15       5.829423457386e-16      -5.997978173511e-17 
 1402       1.249637673357e-10       2.921717810066e-12      -8.878305252203e-12       1.310597161154e-14       1.534120225244e-15       5.818930104661e-16      -5.920877460768e-17 
 1403       1.251126150241e-10       2.894785714277e-12      -8.831965131435e-12       1.310309056161e-14       1.529779766244e-15       5.807745004857e-16      -5.843576888863e-17 
 1404       1.252575290009e-10       2.868004622700e-12      -8.783921596692e-12       1.310020418581e-14       1.525454405056e-15       5.795898528705e-16      -5.766085815971e-17 
 1405       1.253983892889e-10       2.841383734959e-12      -8.734197870214e-12       1.309731017388e-14       1.521144079399e-15       5.783421232084e-16      -5.688413654375e-17 
 1406       1.255350753004e-10       2.814932299279e-12      -8.682817335676e-12       1.309440620200e-14       1.516848726161e-15       5.770343856360e-16      -5.610569870563e-17 
 1407       1.256674658367e-10       2.788659612570e-12      -8.629803538486e-12       1.309148993276e-14       1.512568281403e-15       5.756697328721e-16      -5.532563985325e-17 
 1408       1.257954390873e-10       2.762575020512e-12      -8.575180186093e-12       1.308855901514e-14       1.508302680352e-15       5.742512762515e-16      -5.454405573847e-17 
 1409       1.259188726280e-10       2.736687917639e-12      -8.518971148287e-12       1.308561108447e-14       1.504051857402e-15       5.727821457582e-16      -5.376104265809e-17 
 1410       1.260376434208e-10       2.711007747422e-12      -8.461200457503e-12       1.308264376244e-14       1.499815746112e-15       5.712654900596e-16      -5.297669745478e-17 
 1411       1.261516278122e-10       2.685544002353e-12      -8.401892309130e-12       1.307965465703e-14       1.495594279203e-15       5.697044765398e-16      -5.219111751808e-17 
 1412       1.262607015324e-10       2.660306224029e-12      -8.341071061806e-12       1.307664136255e-14       1.491387388558e-15       5.681022913333e-16      -5.140440078530e-17 
 1413       1.263647396943e-10       2.635304003235e-12      -8.278761237730e-12       1.307360145952e-14       1.487195005218e-15       5.664621393586e-16      -5.061664574255e-17 
 1414       1.264636167925e-10       2.610546980030e-12      -8.214987522962e-12       1.307053251476e-14       1.483017059382e-15       5.647872443522e-16      -4.982795142564e-17 
 1415       1.265572067020e-10       2.586044843828e-12      -8.149774767725e-12       1.306743208125e-14       1.478853480404e-15       5.630808489016e-16      -4.903841742105e-17 
 1416       1.266453826775e-10       2.561807333487e-12      -8.083147986713e-12       1.306429769821e-14       1.474704196791e-15       5.613462144796e-16      -4.824814386693e-17 
 1417       1.267280173519e-10       2.537844237384e-12      -8.015132359390e-12       1.306112689099e-14       1.470569136204e-15       5.595866214775e-16      -4.745723145400e-17 
 1418       1.268049827360e-10       2.514165393509e-12      -7.945753230300e-12       1.305791717110e-14       1.466448225451e-15       5.578053692388e-16      -4.666578142655e-17 
 1419       1.268761502165e-10       2.490780689540e-12      -7.875036109363e-12       1.305466603618e-14       1.462341390491e-15       5.560057760932e-16      -4.587389558337e-17 
 1420       1.269413905557e-10       2.467700062934e-12      -7.803006672185e-12       1.305137096994e-14       1.458248556428e-15       5.541911793897e-16      -4.508167627875e-17 
 1421       1.270005738903e-10       2.444933501006e-12      -7.729690760360e-12       1.304802944216e-14       1.454169647509e-15       5.523649355306e-16      -4.428922642338e-17 
 1422       1.270535697302e-10       2.422491041015e-12      -7.655114381771e-12       1.304463890868e-14       1.450104587127e-15       5.505304200051e-16      -4.349664948536e-17 
 1423       1.271002469574e-10       2.400382770247e-12      -7.579303710897e-12       1.304119681135e-14       1.446053297813e-15       5.486910274229e-16      -4.270404949113e-17 
 1424       1.271404937289e-10       2.378617621427e-12      -7.502286122066e-12       1.303770080223e-14       1.442015708025e-15       5.468496348464e-16      -4.191152544867e-17 
 1425       1.271742774097e-10       2.357199745249e-12      -7.424093300202e-12       1.303414941870e-14       1.437991772571e-15       5.450069856899e-16      -4.111915455247e-17 
 1426       1.272015852533e-10       2.336132100757e-12      -7.344758162633e-12       1.303054141523e-14       1.433981452394e-15       5.431632892899e-16      -4.032700880796e-17 
 1427       1.272224045534e-10       2.315417656651e-12      -7.264313829398e-12       1.302687553978e-14       1.429984707796e-15       5.413187561023e-16      -3.953516059430e-17 
 1428       1.272367226450e-10       2.295059391300e-12      -7.182793623614e-12       1.302315053380e-14       1.426001498443e-15       5.394735977049e-16      -3.874368266496e-17 
 1429       1.272445269035e-10       2.275060292755e-12      -7.100231071845e-12       1.301936513223e-14       1.422031783359e-15       5.376280267986e-16      -3.795264814839e-17 
 1430       1.272458047456e-10       2.255423358762e-12      -7.016659904460e-12       1.301551806346e-14       1.418075520928e-15       5.357822572095e-16      -3.716213054864e-17 
 1431       1.272405436292e-10       2.236151596770e-12      -6.932114056002e-12       1.301160804933e-14       1.414132668892e-15       5.339365038913e-16      -3.637220374596e-17 
 1432       1.272287310533e-10       2.217248023952e-12      -6.846627665554e-12       1.300763380512e-14       1.410203184347e-15       5.320909829263e-16      -3.558294199747e-17 
 1433       1.272103545584e-10       2.198715667208e-12      -6.760235077100e-12       1.300359403955e-14       1.406287023743e-15       5.302459115281e-16      -3.479441993775e-17 
 1434       1.271854017267e-10       2.180557563187e-12      -6.672970839892e-12       1.299948745475e-14       1.402384142885e-15       5.284015080433e-16      -3.400671257952e-17 
 1435       1.271538601819e-10       2.162776758292e-12      -6.584869708816e-12       1.299531274626e-14       1.398494496928e-15       5.265579919530e-16      -3.321989531422e-17 
 1436       1.271157175898e-10       2.145376308698e-12      -6.495966644753e-12       1.299106860301e-14       1.394618040379e-15       5.247155838753e-16      -3.243404391263e-17 
 1437       1.270709616579e-10       2.128359280360e-12      -6.406296814948e-12       1.298675370733e-14       1.390754727090e-15       5.228745055667e-16      -3.164923452558e-17 
 1438       1.270195801359e-10       2.111728749030e-12      -6.315895593372e-12       1.298236673489e-14       1.386904510265e-15       5.210349799244e-16      -3.086554368447e-17 
 1439       1.269615608159e-10       2.095487800266e-12      -6.224798561089e-12       1.297790635477e-14       1.383067342449e-15       5.191972309879e-16      -3.008304830198e-17 
 1440       1.268968915322e-10       2.079639529447e-12      -6.133041506619e-12       1.297337122935e-14       1.379243175536e-15       5.173614839411e-16      -2.930182567268e-17 
 1441       1.268255601616e-10       2.064187041786e-12      -6.040660426304e-12       1.296876001439e-14       1.375431960759e-15       5.155279651142e-16      -2.852195347362e-17 
 1442       1.267475546237e-10       2.049133452339e-12      -5.947691524672e-12       1.296407135895e-14       1.371633648696e-15       5.136969019854e-16      -2.774350976502e-17 
 1443       1.266628628809e-10       2.034481886021e-12      -5.854171214802e-12       1.295930390542e-14       1.367848189262e-15       5.118685231830e-16      -2.696657299084e-17 
 1444       1.265714729383e-10       2.020235477620e-12      -5.760136118688e-12       1.295445628949e-14       1.364075531714e-15       5.100430584873e-16      -2.619122197946e-17 
 1445       1.264733728442e-10       2.006397371803e-12      -5.665623067608e-12       1.294952714014e-14       1.360315624644e-15       5.082207388324e-16      -2.541753594426e-17 
 1446       1.263685506901e-10       1.992970723136e-12      -5.570669102483e-12       1.294451507965e-14       1.356568415981e-15       5.064017963081e-16      -2.464559448430e-17 
 1447       1.262569946109e-10       1.979958696093e-12      -5.475311474245e-12       1.293941872354e-14       1.352833852987e-15       5.045864641620e-16      -2.387547758491e-17 
 1448       1.261386927848e-10       1.967364465069e-12      -5.379587644202e-12       1.293423668063e-14       1.349111882259e-15       5.027749768012e-16      -2.310726561833e-17 
 1449       1.260136334336e-10       1.955191214393e-12      -5.283535284402e-12       1.292896755295e-14       1.345402449724e-15       5.009675697943e-16      -2.234103934433e-17 
 1450       1.258818048231e-10       1.943442138338e-12      -5.187192277997e-12       1.292360993579e-14       1.341705500642e-15       4.991644798731e-16      -2.157687991088e-17 
 1451       1.257431952626e-10       1.932120441141e-12      -5.090596719610e-12       1.291816241765e-14       1.338020979598e-15       4.973659449349e-16      -2.081486885472e-17 
 1452       1.255977931057e-10       1.921229337005e-12      -4.993786915698e-12       1.291262358027e-14       1.334348830507e-15       4.955722040441e-16      -2.005508810203e-17 
 1453       1.254455867500e-10       1.910772050122e-12      -4.896801384919e-12       1.290699199856e-14       1.330688996610e-15       4.937834974342e-16      -1.929761996904e-17 
 1454       1.252865646373e-10       1.900751814677e-12      -4.799678858492e-12       1.290126624065e-14       1.327041420470e-15       4.920000665097e-16      -1.854254716265e-17 
 1455       1.251207152540e-10       1.891171874867e-12      -4.702458280568e-12       1.289544486784e-14       1.323406043977e-15       4.902221538479e-16      -1.778995278111e-17 
 1456       1.249480271310e-10       1.882035484911e-12      -4.605178808591e-12       1.288952643459e-14       1.319782808340e-15       4.884500032010e-16      -1.703992031458e-17 
 1457       1.247684888437e-10       1.873345909061e-12      -4.507879813664e-12       1.288350948853e-14       1.316171654088e-15       4.866838594978e-16      -1.629253364579e-17 
 1458       1.245820890126e-10       1.865106421618e-12      -4.410600880914e-12       1.287739257043e-14       1.312572521072e-15       4.849239688458e-16      -1.554787705070e-17 
 1459       1.243888163029e-10       1.857320306943e-12      -4.313381809855e-12       1.287117421420e-14       1.308985348456e-15       4.831705785331e-16      -1.480603519906e-17 
 1460       1.241886594250e-10       1.849990859467e-12      -4.216262614755e-12       1.286485294687e-14       1.305410074724e-15       4.814239370299e-16      -1.406709315510e-17 
 1461       1.239816071345e-10       1.843121383710e-12      -4.119283525002e-12       1.285842728858e-14       1.301846637672e-15       4.796842939911e-16      -1.333113637813e-17 
 1462       1.237676482325e-10       1.836715194287e-12      -4.022484985464e-12       1.285189575259e-14       1.298294974412e-15       4.779519002576e-16      -1.259825072317e-17 
 1463       1.235467857980e-10       1.830774505325e-12      -3.925905136785e-12       1.284525712865e-14       1.294755026691e-15       4.762267028372e-16      -1.186851356255e-17 
 1464       1.233190800427e-10       1.825297086530e-12      -3.829572227969e-12       1.283851133647e-14       1.291226756939e-15       4.745074265071e-16      -1.114196705224e-17 
 1465       1.230846058849e-10       1.820279573714e-12      -3.733512128667e-12       1.283165858075e-14       1.287710132378e-15       4.727924830339e-16      -1.041864459954e-17 
 1466       1.228434387570e-10       1.815718576314e-12      -3.637750842596e-12       1.282469906861e-14       1.284205119717e-15       4.710802753466e-16      -9.698579717931e-18 
 1467       1.225956546062e-10       1.811610677338e-12      -3.542314507755e-12       1.281763300952e-14       1.280711685142e-15       4.693691975216e-16      -8.981806027262e-18 
 1468       1.223413298959e-10       1.807952433319e-12      -3.447229396657e-12       1.281046061535e-14       1.277229794324e-15       4.676576347669e-16      -8.268357253859e-18 
 1469       1.220805416057e-10       1.804740374266e-12      -3.352521916548e-12       1.280318210036e-14       1.273759412411e-15       4.659439634078e-16      -7.558267230660e-18 
 1470       1.218133672335e-10       1.801971003611e-12      -3.258218609629e-12       1.279579768121e-14       1.270300504030e-15       4.642265508708e-16      -6.851569897343e-18 
 1471       1.215398847955e-10       1.799640798162e-12      -3.164346153284e-12       1.278830757695e-14       1.266853033284e-15       4.625037556691e-16      -6.148299300463e-18 
 1472       1.212601728276e-10       1.797746208050e-12      -3.070931360300e-12       1.278071200905e-14       1.263416963753e-15       4.607739273871e-16      -5.448489593581e-18 
 1473       1.209743103861e-10       1.796283656686e-12      -2.978001179095e-12       1.277301120136e-14       1.259992258492e-15       4.590354066654e-16      -4.752175037393e-18 
 1474       1.206823770488e-10       1.795249540705e-12      -2.885582693936e-12       1.276520538019e-14       1.256578880029e-15       4.572865251854e-16      -4.059389999864e-18 
 1475       1.203844529160e-10       1.794640229919e-12      -2.793703125167e-12       1.275729477422e-14       1.253176790365e-15       4.555256056542e-16      -3.370168956360e-18 
 1476       1.200806186111e-10       1.794452067266e-12      -2.702389829429e-12       1.274927961459e-14       1.249785950974e-15       4.537509617895e-16      -2.684546489776e-18 
 1477       1.197709552820e-10       1.794681368765e-12      -2.611670299890e-12       1.274116013484e-14       1.246406322798e-15       4.519608983042e-16      -2.002557290669e-18 
 1478       1.194555446014e-10       1.795324423459e-12      -2.521572166459e-12       1.273293657097e-14       1.243037866250e-15       4.501537108915e-16      -1.324236157392e-18 
 1479       1.191344687685e-10       1.796377493372e-12      -2.432123196020e-12       1.272460916139e-14       1.239680541209e-15       4.483276862096e-16      -6.496179962196e-19 
 1480       1.188078105094e-10       1.797836813454e-12      -2.343351292648e-12       1.271617814697e-14       1.236334307024e-15       4.464811018664e-16       2.126217851458e-20 
 1481       1.184756530779e-10       1.799698591538e-12      -2.255284497834e-12       1.270764377101e-14       1.232999122509e-15       4.446122264045e-16       6.883692442909e-19 
 1482       1.181380802572e-10       1.801959008282e-12      -2.167950990714e-12       1.269900627928e-14       1.229674945941e-15       4.427193192856e-16       1.351667970271e-18 
 1483       1.177951763599e-10       1.804614217128e-12      -2.081379088285e-12       1.269026592000e-14       1.226361735063e-15       4.408006308762e-16       2.011123017165e-18 
 1484       1.174470262297e-10       1.807660344245e-12      -1.995597245634e-12       1.268142294383e-14       1.223059447078e-15       4.388544024313e-16       2.666698937104e-18 
 1485       1.170937152418e-10       1.811093488486e-12      -1.910634056160e-12       1.267247760391e-14       1.219768038654e-15       4.368788660801e-16       3.318360173504e-18 
 1486       1.167353293040e-10       1.814909721331e-12      -1.826518251795e-12       1.266343015586e-14       1.216487465917e-15       4.348722448103e-16       3.966071060938e-18 
 1487       1.163719548579e-10       1.819105086844e-12      -1.743278703233e-12       1.265428085774e-14       1.213217684451e-15       4.328327524533e-16       4.609795825004e-18 
 1488       1.160036788794e-10       1.823675601622e-12      -1.660944420150e-12       1.264502997013e-14       1.209958649301e-15       4.307585936685e-16       5.249498582192e-18 
 1489       1.156305888799e-10       1.828617254741e-12      -1.579544551427e-12       1.263567775605e-14       1.206710314968e-15       4.286479639286e-16       5.885143339755e-18 
 1490       1.152527729072e-10       1.833926007712e-12      -1.499108385377e-12       1.262622448104e-14       1.203472635407e-15       4.264990495044e-16       6.516693995576e-18 
 1491       1.148703195463e-10       1.839597794429e-12      -1.419665349966e-12       1.261667041311e-14       1.200245564030e-15       4.243100274491e-16       7.144114338039e-18 
 1492       1.144833179205e-10       1.845628521119e-12      -1.341245013036e-12       1.260701582279e-14       1.197029053702e-15       4.220790655838e-16       7.767368045893e-18 
 1493       1.140918576924e-10       1.852014066292e-12      -1.263877082532e-12       1.259726098307e-14       1.193823056740e-15       4.198043224816e-16       8.386418688126e-18 
 1494       1.136960290644e-10       1.858750280693e-12      -1.187591406723e-12       1.258740616950e-14       1.190627524912e-15       4.174839474532e-16       9.001229723831e-18 
 1495       1.132959227801e-10       1.865832987251e-12      -1.112417974424e-12       1.257745166009e-14       1.187442409438e-15       4.151160805311e-16       9.611764502075e-18 
 1496       1.128916301251e-10       1.873257981032e-12      -1.038386915226e-12       1.256739773539e-14       1.184267660986e-15       4.126988524547e-16       1.021798626177e-17 
 1497       1.124832429279e-10       1.881021029185e-12      -9.655284997111e-13       1.255724467846e-14       1.181103229670e-15       4.102303846548e-16       1.081985813153e-17 
 1498       1.120708535608e-10       1.889117870897e-12      -8.938731396837e-13       1.254699277490e-14       1.177949065055e-15       4.077087892391e-16       1.141734312956e-17 
 1499       1.116545549407e-10       1.897544217338e-12      -8.234513883896e-13       1.253664231280e-14       1.174805116149e-15       4.051321689761e-16       1.201040416351e-17 
 1500       1.112344405304e-10       1.906295751618e-12      -7.542939407413e-13       1.252619358283e-14       1.171671331405e-15       4.024986172807e-16       1.259900403035e-17 
 1501       1.108106043393e-10       1.915368128733e-12      -6.864316335412e-13       1.251564687817e-14       1.168547658720e-15       3.998062181986e-16       1.318310541623e-17 
 1502       1.103831431577e-10       1.924756552392e-12      -6.198912476233e-13       1.250500267178e-14       1.165434049783e-15       3.970538356993e-16       1.376267326341e-17 
 1503       1.099521632822e-10       1.934454501100e-12      -5.546828691103e-13       1.249426215005e-14       1.162330473170e-15       3.942434899932e-16       1.433768189652e-17 
 1504       1.095177738576e-10       1.944454989569e-12      -4.908124055234e-13       1.248342668436e-14       1.159236901375e-15       3.913780043252e-16       1.490810796540e-17 
 1505       1.090800846508e-10       1.954750990649e-12      -4.282857726963e-13       1.247249765431e-14       1.156153306472e-15       3.884602177933e-16       1.547392808440e-17 
 1506       1.086392060514e-10       1.965335435251e-12      -3.671088947756e-13       1.246147644777e-14       1.153079660109e-15       3.854929853755e-16       1.603511883235e-17 
 1507       1.081952490732e-10       1.976201212279e-12      -3.072877042212e-13       1.245036446085e-14       1.150015933513e-15       3.824791779564e-16       1.659165675252e-17 
 1508       1.077483253549e-10       1.987341168555e-12      -2.488281418069e-13       1.243916309794e-14       1.146962097486e-15       3.794216823539e-16       1.714351835268e-17 
 1509       1.072985471614e-10       1.998748108746e-12      -1.917361566209e-13       1.242787377171e-14       1.143918122406e-15       3.763234013464e-16       1.769068010504e-17 
 1510       1.068460273849e-10       2.010414795298e-12      -1.360177060662e-13       1.241649790317e-14       1.140883978223e-15       3.731872536991e-16       1.823311844626e-17 
 1511       1.063908795455e-10       2.022333948355e-12      -8.167875586112e-14       1.240503692159e-14       1.137859634460e-15       3.700161741909e-16       1.877080977747e-17 
 1512       1.059332177927e-10       2.034498245695e-12      -2.872528003979e-14       1.239349226462e-14       1.134845060215e-15       3.668131136413e-16       1.930373046423e-17 
 1513       1.054731569064e-10       2.046900322652e-12       2.283673904739e-14       1.238186537823e-14       1.131840224155e-15       3.635810389372e-16       1.983185683654e-17 
 1514       1.050108122978e-10       2.059532772048e-12       7.300131073326e-14       1.237015771675e-14       1.128845094517e-15       3.603229330592e-16       2.035516518883e-17 
 1515       1.045463000104e-10       2.072388144118e-12       1.217624360334e-13       1.235837074289e-14       1.125859639108e-15       3.570417951092e-16       2.087363177995e-17 
 1516       1.040797367213e-10       2.085458946441e-12       1.691141076456e-13       1.234650592774e-14       1.122883825304e-15       3.537406403364e-16       2.138723283320e-17 
 1517       1.036112397422e-10       2.098737643863e-12       2.150503099496e-13       1.233456475080e-14       1.119917620049e-15       3.504225001645e-16       2.189594453625e-17 
 1518       1.031409270201e-10       2.112216658432e-12       2.595650190062e-13       1.232254869996e-14       1.116960989852e-15       3.470904222183e-16       2.239974304123e-17 
 1519       1.026689171389e-10       2.125888369317e-12       3.026522025571e-13       1.231045927157e-14       1.114013900791e-15       3.437474703505e-16       2.289860446464e-17 
 1520       1.021953293200e-10       2.139745112745e-12       3.443058200246e-13       1.229829797041e-14       1.111076318506e-15       3.403967246685e-16       2.339250488739e-17 
 1521       1.017202834235e-10       2.153779181923e-12       3.845198225104e-13       1.228606630971e-14       1.108148208202e-15       3.370412815612e-16       2.388142035480e-17 
 1522       1.012438999494e-10       2.167982826967e-12       4.232881527959e-13       1.227376581118e-14       1.105229534649e-15       3.336842537258e-16       2.436532687654e-17 
 1523       1.007663000385e-10       2.182348254832e-12       4.606047453411e-13       1.226139800501e-14       1.102320262177e-15       3.303287701943e-16       2.484420042670e-17 
 1524       1.002876054733e-10       2.196867629235e-12       4.964635262848e-13       1.224896442988e-14       1.099420354678e-15       3.269779763607e-16       2.531801694374e-17 
 1525       9.980793867955e-11       2.211533070591e-12       5.308584134433e-13       1.223646663299e-14       1.096529775606e-15       3.236350340074e-16       2.578675233047e-17 
 1526       9.932742272671e-11       2.226336655933e-12       5.637833163106e-13       1.222390617009e-14       1.093648487974e-15       3.203031213322e-16       2.625038245409e-17 
 1527       9.884618132938e-11       2.241270418844e-12       5.952321360575e-13       1.221128460542e-14       1.090776454352e-15       3.169854329748e-16       2.670888314616e-17 
 1528       9.836433884823e-11       2.256326349384e-12       6.251987655314e-13       1.219860351182e-14       1.087913636871e-15       3.136851800441e-16       2.716223020258e-17 
 1529       9.788202029106e-11       2.271496394018e-12       6.536770892555e-13       1.218586447067e-14       1.085059997216e-15       3.104055901444e-16       2.761039938361e-17 
 1530       9.739935131386e-11       2.286772455542e-12       6.806609834287e-13       1.217306907195e-14       1.082215496631e-15       3.071499074023e-16       2.805336641386e-17 
 1531       9.691645822184e-11       2.302146393016e-12       7.061443159247e-13       1.216021891423e-14       1.079380095913e-15       3.039213924938e-16       2.849110698226e-17 
 1532       9.643346797054e-11       2.317610021686e-12       7.301209462919e-13       1.214731560468e-14       1.076553755414e-15       3.007233226709e-16       2.892359674210e-17 
 1533       9.595050816679e-11       2.333155112916e-12       7.525847257527e-13       1.213436075910e-14       1.073736435040e-15       2.975589917880e-16       2.935081131097e-17 
 1534       9.546770706984e-11       2.348773394112e-12       7.735294972031e-13       1.212135600195e-14       1.070928094249e-15       2.944317103292e-16       2.977272627081e-17 
 1535       9.498519359239e-11       2.364456548656e-12       7.929490952120e-13       1.210830296632e-14       1.068128692052e-15       2.913448054349e-16       3.018931716786e-17 
 1536       9.450309730161e-11       2.380196215827e-12       8.108373460212e-13       1.209520329395e-14       1.065338187009e-15       2.883016209283e-16       3.060055951266e-17 
 1537       9.402154842024e-11       2.395983990734e-12       8.271880675443e-13       1.208205863531e-14       1.062556537230e-15       2.853055173428e-16       3.100642878009e-17 
 1538       9.354067782760e-11       2.411811424241e-12       8.419950693668e-13       1.206887064951e-14       1.059783700375e-15       2.823598719479e-16       3.140690040931e-17 
 1539       9.306061706066e-11       2.427670022897e-12       8.552521527452e-13       1.205564100440e-14       1.057019633652e-15       2.794680787768e-16       3.180194980377e-17 
 1540       9.258149831510e-11       2.443551248860e-12       8.669531106066e-13       1.204237137655e-14       1.054264293817e-15       2.766335486527e-16       3.219155233121e-17 
 1541       9.210344545985e-11       2.459446916374e-12       8.770950699734e-13       1.202906344010e-14       1.051517640697e-15       2.738587609421e-16       3.257568688712e-17 
 1542       9.162654698532e-11       2.475350385434e-12       8.856885539420e-13       1.201571883316e-14       1.048779647810e-15       2.711424089159e-16       3.295434662208e-17 
 1543       9.115088280049e-11       2.491255379304e-12       8.927475152145e-13       1.200233919112e-14       1.046050291848e-15       2.684822273442e-16       3.332752831619e-17 
 1544       9.067653319667e-11       2.507155588951e-12       8.982860025101e-13       1.198892615783e-14       1.043329549154e-15       2.658759382901e-16       3.369522882510e-17 
 1545       9.020357884815e-11       2.523044672994e-12       9.023181607334e-13       1.197548138556e-14       1.040617395727e-15       2.633212510882e-16       3.405744508013e-17 
 1546       8.973210081277e-11       2.538916257652e-12       9.048582311422e-13       1.196200653502e-14       1.037913807215e-15       2.608158623238e-16       3.441417408847e-17 
 1547       8.926218053248e-11       2.554763936688e-12       9.059205515165e-13       1.194850327543e-14       1.035218758922e-15       2.583574558113e-16       3.476541293337e-17 
 1548       8.879389983401e-11       2.570581271363e-12       9.055195563262e-13       1.193497328446e-14       1.032532225798e-15       2.559437025737e-16       3.511115877426e-17 
 1549       8.832734092941e-11       2.586361790379e-12       9.036697768997e-13       1.192141824828e-14       1.029854182447e-15       2.535722608210e-16       3.545140884697e-17 
 1550       8.786258641670e-11       2.602098989829e-12       9.003858415923e-13       1.190783986160e-14       1.027184603122e-15       2.512407759293e-16       3.578616046391e-17 
 1551       8.739971928040e-11       2.617786333146e-12       8.956824759543e-13       1.189423982762e-14       1.024523461722e-15       2.489468804198e-16       3.611541101422e-17 
 1552       8.693882289218e-11       2.633417251048e-12       8.895745028994e-13       1.188061985808e-14       1.021870731798e-15       2.466881939372e-16       3.643915796392e-17 
 1553       8.647998101145e-11       2.648985141488e-12       8.820768428730e-13       1.186698167329e-14       1.019226386546e-15       2.444623232292e-16       3.675739885616e-17 
 1554       8.602327778594e-11       2.664483369601e-12       8.732045140207e-13       1.185332700212e-14       1.016590398809e-15       2.422668621251e-16       3.707013131134e-17 
 1555       8.556879775232e-11       2.679905267655e-12       8.629726323561e-13       1.183965758199e-14       1.013962741076e-15       2.400993915143e-16       3.737735302727e-17 
 1556       8.511662583677e-11       2.695244134993e-12       8.513964119296e-13       1.182597515894e-14       1.011343385482e-15       2.379574793260e-16       3.767906177940e-17 
 1557       8.466684735560e-11       2.710493237986e-12       8.384911649967e-13       1.181228148761e-14       1.008732303805e-15       2.358386805074e-16       3.797525542095e-17 
 1558       8.421954801583e-11       2.725645809979e-12       8.242723021859e-13       1.179857833124e-14       1.006129467469e-15       2.337405370030e-16       3.826593188310e-17 
 1559       8.377481391582e-11       2.740695051240e-12       8.087553326675e-13       1.178486746172e-14       1.003534847540e-15       2.316605777330e-16       3.855108917515e-17 
 1560       8.333273154583e-11       2.755634128904e-12       7.919558643215e-13       1.177115065958e-14       1.000948414726e-15       2.295963185728e-16       3.883072538474e-17 
 1561       8.289338778864e-11       2.770456176927e-12       7.738896039062e-13       1.175742971399e-14       9.983701393769e-16       2.275452623315e-16       3.910483867797e-17 
 1562       8.245686992014e-11       2.785154296031e-12       7.545723572263e-13       1.174370642282e-14       9.957999914839e-16       2.255048987308e-16       3.937342729959e-17 
 1563       8.202326560992e-11       2.799721553650e-12       7.340200293014e-13       1.172998259261e-14       9.932379406784e-16       2.234727043839e-16       3.963648957319e-17 
 1564       8.159266292188e-11       2.814150983881e-12       7.122486245342e-13       1.171626003858e-14       9.906839562312e-16       2.214461427745e-16       3.989402390138e-17 
 1565       8.116515031483e-11       2.828435587429e-12       6.892742468788e-13       1.170254058470e-14       9.881380070523e-16       2.194226642356e-16       4.014602876591e-17 
 1566       8.074081664308e-11       2.842568331560e-12       6.651131000090e-13       1.168882606363e-14       9.856000616895e-16       2.173997059284e-16       4.039250272793e-17 
 1567       8.031975115704e-11       2.856542150042e-12       6.397814874869e-13       1.167511831679e-14       9.830700883281e-16       2.153746918211e-16       4.063344442809e-17 
 1568       7.990204350380e-11       2.870349943099e-12       6.132958129307e-13       1.166141919434e-14       9.805480547903e-16       2.133450326679e-16       4.086885258675e-17 
 1569       7.948778372778e-11       2.883984577354e-12       5.856725801832e-13       1.164773055521e-14       9.780339285341e-16       2.113081259879e-16       4.109872600415e-17 
 1570       7.907706227126e-11       2.897438885783e-12       5.569283934805e-13       1.163405426710e-14       9.755276766529e-16       2.092613560439e-16       4.132306356058e-17 
 1571       7.866996997501e-11       2.910705667655e-12       5.270799576197e-13       1.162039220652e-14       9.730292658747e-16       2.072020938211e-16       4.154186421656e-17 
 1572       7.826659807891e-11       2.923777688487e-12       4.961440781277e-13       1.160674625876e-14       9.705386625614e-16       2.051276970065e-16       4.175512701300e-17 
 1573       7.786703822251e-11       2.936647679989e-12       4.641376614292e-13       1.159311831796e-14       9.680558327080e-16       2.030355099673e-16       4.196285107140e-17 
 1574       7.747138244563e-11       2.949308340011e-12       4.310777150152e-13       1.157951028706e-14       9.655807419420e-16       2.009228637299e-16       4.216503559400e-17 
 1575       7.707972318901e-11       2.961752332492e-12       3.969813476111e-13       1.156592407786e-14       9.631133555225e-16       1.987870759591e-16       4.236167986397e-17 
 1576       7.669215329482e-11       2.973972287408e-12       3.618657693453e-13       1.155236161103e-14       9.606536383399e-16       1.966254509363e-16       4.255278324557e-17 
 1577       7.630876600734e-11       2.985960800722e-12       3.257482919172e-13       1.153882481609e-14       9.582015549147e-16       1.944352795392e-16       4.273834518435e-17 
 1578       7.592965497351e-11       2.997710434326e-12       2.886463287658e-13       1.152531563146e-14       9.557570693971e-16       1.922138392201e-16       4.291836520728e-17 
 1579       7.555491424353e-11       3.009213715996e-12       2.505773952378e-13       1.151183600447e-14       9.533201455662e-16       1.899583939850e-16       4.309284292299e-17 
 1580       7.518462491876e-11       3.020464019594e-12       2.115599679503e-13       1.149838772701e-14       9.508907497185e-16       1.876669412684e-16       4.326178128832e-17 
 1581       7.481881495883e-11       3.031458214706e-12       1.716160712424e-13       1.148497194098e-14       9.484688593640e-16       1.853404601637e-16       4.342519644093e-17 
 1582       7.445749900360e-11       3.042194041436e-12       1.307687150060e-13       1.147158962833e-14       9.460544546092e-16       1.829806839663e-16       4.358310795813e-17 
 1583       7.410069169201e-11       3.052669232359e-12       8.904103787347e-14       1.145824177494e-14       9.436475152747e-16       1.805893551815e-16       4.373553559896e-17 
 1584       7.374840766207e-11       3.062881512516e-12       4.645630742801e-14       1.144492937065e-14       9.412480208945e-16       1.781682255395e-16       4.388249930460e-17 
 1585       7.340066155083e-11       3.072828599401e-12       3.037920412741e-15       1.143165340927e-14       9.388559507153e-16       1.757190560098e-16       4.402401919865e-17 
 1586       7.305746799431e-11       3.082508202953e-12      -4.119059705953e-14       1.141841488857e-14       9.364712836965e-16       1.732436168163e-16       4.416011558749e-17 
 1587       7.271884162746e-11       3.091918025544e-12      -8.620558929676e-14       1.140521481028e-14       9.340939985089e-16       1.707436874516e-16       4.429080896058e-17 
 1588       7.238479708413e-11       3.101055761974e-12      -1.319832708181e-13       1.139205418014e-14       9.317240735346e-16       1.682210566923e-16       4.441611999083e-17 
 1589       7.205534899700e-11       3.109919099454e-12      -1.784997261442e-13       1.137893400784e-14       9.293614868662e-16       1.656775226135e-16       4.453606953490e-17 
 1590       7.173051199757e-11       3.118505717602e-12      -2.257309095878e-13       1.136585530707e-14       9.270062163064e-16       1.631148926036e-16       4.465067863355e-17 
 1591       7.141030071610e-11       3.126813288432e-12      -2.736526450441e-13       1.135281909552e-14       9.246582393672e-16       1.605349833789e-16       4.475996851195e-17 
 1592       7.109472978156e-11       3.134839476344e-12      -3.222406257810e-13       1.133982639487e-14       9.223175332697e-16       1.579396209986e-16       4.486396058004e-17 
 1593       7.078381382160e-11       3.142581938110e-12      -3.714704142298e-13       1.132687823081e-14       9.199840749432e-16       1.553306408796e-16       4.496267643285e-17 
 1594       7.047756746247e-11       3.150038322873e-12      -4.213174417754e-13       1.131397563305e-14       9.176578410246e-16       1.527098878110e-16       4.505613785082e-17 
 1595       7.017600532905e-11       3.157206272130e-12      -4.717570085466e-13       1.130111963530e-14       9.153388078580e-16       1.500792159689e-16       4.514436680014e-17 
 1596       6.987914204472e-11       3.164083419723e-12      -5.227642832070e-13       1.128831127529e-14       9.130269514942e-16       1.474404889316e-16       4.522738543307e-17 
 1597       6.958699223139e-11       3.170667391833e-12      -5.743143027449e-13       1.127555159479e-14       9.107222476900e-16       1.447955796936e-16       4.530521608832e-17 
 1598       6.929957050939e-11       3.176955806967e-12      -6.263819722641e-13       1.126284163961e-14       9.084246719074e-16       1.421463706811e-16       4.537788129130e-17 
 1599       6.901689149748e-11       3.182946275949e-12      -6.789420647740e-13       1.125018245957e-14       9.061341993135e-16       1.394947537664e-16       4.544540375452e-17 
 1600       6.873896981278e-11       3.188636401911e-12      -7.319692209802e-13       1.123757510855e-14       9.038508047797e-16       1.368426302827e-16       4.550780637790e-17 
 1601       6.846582007074e-11       3.194023780282e-12      -7.854379490748e-13       1.122502064449e-14       9.015744628809e-16       1.341919110388e-16       4.556511224908e-17 
 1602       6.819745688507e-11       3.199105998777e-12      -8.393226245270e-13       1.121252012937e-14       8.993051478953e-16       1.315445163339e-16       4.561734464378e-17 
 1603       6.793389486774e-11       3.203880637393e-12      -8.935974898733e-13       1.120007462922e-14       8.970428338038e-16       1.289023759727e-16       4.566452702613e-17 
 1604       6.767514862887e-11       3.208345268391e-12      -9.482366545082e-13       1.118768521417e-14       8.947874942889e-16       1.262674292795e-16       4.570668304898e-17 
 1605       6.742123277677e-11       3.212497456294e-12      -1.003214094474e-12       1.117535295839e-14       8.925391027349e-16       1.236416251136e-16       4.574383655423e-17 
 1606       6.717216191782e-11       3.216334757870e-12      -1.058503652253e-12       1.116307894014e-14       8.902976322268e-16       1.210269218837e-16       4.577601157322e-17 
 1607       6.692795065648e-11       3.219854722129e-12      -1.114079036554e-12       1.115086424176e-14       8.880630555500e-16       1.184252875628e-16       4.580323232696e-17 
 1608       6.668861359520e-11       3.223054890308e-12      -1.169913822107e-12       1.113870994968e-14       8.858353451893e-16       1.158386997027e-16       4.582552322657e-17 
 1609       6.645416533444e-11       3.225932795865e-12      -1.225981449453e-12       1.112661715442e-14       8.836144733291e-16       1.132691454494e-16       4.584290887352e-17 
 1610       6.622462047254e-11       3.228485964465e-12      -1.282255224730e-12       1.111458695061e-14       8.814004118520e-16       1.107186215570e-16       4.585541406002e-17 
 1611       6.599999360576e-11       3.230711913976e-12      -1.338708319471e-12       1.110262043695e-14       8.791931323386e-16       1.081891344033e-16       4.586306376932e-17 
 1612       6.578029932818e-11       3.232608154452e-12      -1.395313770386e-12       1.109071871630e-14       8.769926060673e-16       1.056827000039e-16       4.586588317607e-17 
 1613       6.556555223169e-11       3.234172188131e-12      -1.452044479160e-12       1.107888289560e-14       8.747988040128e-16       1.032013440273e-16       4.586389764663e-17 
 1614       6.535576690591e-11       3.235401509418e-12      -1.508873212237e-12       1.106711408593e-14       8.726116968465e-16       1.007471018097e-16       4.585713273939e-17 
 1615       6.515095793820e-11       3.236293604881e-12      -1.565772600615e-12       1.105541340247e-14       8.704312549353e-16       9.832201836955e-17       4.584561420513e-17 
 1616       6.495113991354e-11       3.236845953237e-12      -1.622715139635e-12       1.104378196457e-14       8.682574483412e-16       9.592814842249e-17       4.582936798734e-17 
 1617       6.475632741458e-11       3.237056025346e-12      -1.679673188770e-12       1.103222089569e-14       8.660902468211e-16       9.356755639602e-17       4.580842022256e-17 
 1618       6.456653502150e-11       3.236921284196e-12      -1.736618971418e-12       1.102073132344e-14       8.639296198253e-16       9.124231644429e-17       4.578279724067e-17 
 1619       6.438176741324e-11       3.236440006792e-12      -1.793526216066e-12       1.100931417639e-14       8.617755388775e-16       8.895412090210e-17       4.575252667024e-17 
 1620       6.420198957310e-11       3.235613757938e-12      -1.850375096429e-12       1.099796957253e-14       8.596279847358e-16       8.670310174762e-17       4.571764076461e-17 
 1621       6.402715631379e-11       3.234444938784e-12      -1.907147335532e-12       1.098669742530e-14       8.574869402945e-16       8.448899851954e-17       4.567817310650e-17 
 1622       6.385722215133e-11       3.232935966995e-12      -1.963824568257e-12       1.097549764624e-14       8.553523882105e-16       8.231154890822e-17       4.563415750615e-17 
 1623       6.369214130449e-11       3.231089276775e-12      -2.020388341204e-12       1.096437014505e-14       8.532243109027e-16       8.017048875254e-17       4.558562800173e-17 
 1624       6.353186769437e-11       3.228907318894e-12      -2.076820112556e-12       1.095331482954e-14       8.511026905514e-16       7.806555203670e-17       4.553261885967e-17 
 1625       6.337635494386e-11       3.226392560719e-12      -2.133101251950e-12       1.094233160561e-14       8.489875090979e-16       7.599647088713e-17       4.547516457510e-17 
 1626       6.322555637714e-11       3.223547486241e-12      -2.189213040335e-12       1.093142037731e-14       8.468787482439e-16       7.396297556928e-17       4.541329987218e-17 
 1627       6.307942501920e-11       3.220374596101e-12      -2.245136669846e-12       1.092058104678e-14       8.447763894514e-16       7.196479448453e-17       4.534705970454e-17 
 1628       6.293791359533e-11       3.216876407619e-12      -2.300853243659e-12       1.090981351428e-14       8.426804139418e-16       7.000165416696e-17       4.527647925561e-17 
 1629       6.280097453065e-11       3.213055454822e-12      -2.356343775868e-12       1.089911767815e-14       8.405908026960e-16       6.807327928028e-17       4.520159393901e-17 
 1630       6.266855994958e-11       3.208914288473e-12      -2.411589191341e-12       1.088849343484e-14       8.385075364531e-16       6.617939261463e-17       4.512243939897e-17 
 1631       6.254062167534e-11       3.204455476095e-12      -2.466570325592e-12       1.087794067891e-14       8.364305957109e-16       6.431971508342e-17       4.503905151065e-17 
 1632       6.241711122951e-11       3.199681602003e-12      -2.521267924643e-12       1.086745930297e-14       8.343599607245e-16       6.249396572022e-17       4.495146638060e-17 
 1633       6.229797983146e-11       3.194595267330e-12      -2.575662644889e-12       1.085704919776e-14       8.322956115067e-16       6.070186167557e-17       4.485972034707e-17 
 1634       6.218317839791e-11       3.189199090055e-12      -2.629735052968e-12       1.084671025208e-14       8.302375278270e-16       5.894311821385e-17       4.476384998041e-17 
 1635       6.207265754239e-11       3.183495705029e-12      -2.683465625620e-12       1.083644235282e-14       8.281856892110e-16       5.721744871010e-17       4.466389208350e-17 
 1636       6.196636757477e-11       3.177487764007e-12      -2.736834749559e-12       1.082624538492e-14       8.261400749406e-16       5.552456464692e-17       4.455988369207e-17 
 1637       6.186425850078e-11       3.171177935672e-12      -2.789822721334e-12       1.081611923143e-14       8.241006640529e-16       5.386417561127e-17       4.445186207510e-17 
 1638       6.176628002144e-11       3.164568905665e-12      -2.842409747196e-12       1.080606377344e-14       8.220674353402e-16       5.223598929132e-17       4.433986473523e-17 
 1639       6.167238153267e-11       3.157663376610e-12      -2.894575942964e-12       1.079607889011e-14       8.200403673489e-16       5.063971147333e-17       4.422392940911e-17 
 1640       6.158251212470e-11       3.150464068147e-12      -2.946301333891e-12       1.078616445867e-14       8.180194383799e-16       4.907504603847e-17       4.410409406778e-17 
 1641       6.149662058161e-11       3.142973716954e-12      -2.997565854525e-12       1.077632035440e-14       8.160046264874e-16       4.754169495970e-17       4.398039691708e-17 
 1642       6.141465538086e-11       3.135195076778e-12      -3.048349348583e-12       1.076654645062e-14       8.139959094789e-16       4.603935829856e-17       4.385287639802e-17 
 1643       6.133656469273e-11       3.127130918465e-12      -3.098631568808e-12       1.075684261872e-14       8.119932649145e-16       4.456773420208e-17       4.372157118714e-17 
 1644       6.126229637989e-11       3.118784029980e-12      -3.148392176839e-12       1.074720872813e-14       8.099966701063e-16       4.312651889960e-17       4.358652019693e-17 
 1645       6.119179799687e-11       3.110157216445e-12      -3.197610743077e-12       1.073764464632e-14       8.080061021185e-16       4.171540669960e-17       4.344776257618e-17 
 1646       6.112501678954e-11       3.101253300158e-12      -3.246266746546e-12       1.072815023878e-14       8.060215377662e-16       4.033408998660e-17       4.330533771037e-17 
 1647       6.106189969467e-11       3.092075120628e-12      -3.294339574766e-12       1.071872536907e-14       8.040429536156e-16       3.898225921794e-17       4.315928522206e-17 
 1648       6.100239333938e-11       3.082625534596e-12      -3.341808523609e-12       1.070936989874e-14       8.020703259830e-16       3.765960292070e-17       4.300964497128e-17 
 1649       6.094644404069e-11       3.072907416068e-12      -3.388652797175e-12       1.070008368740e-14       8.001036309348e-16       3.636580768848e-17       4.285645705589e-17 
 1650       6.089399780497e-11       3.062923656340e-12      -3.434851507647e-12       1.069086659266e-14       7.981428442867e-16       3.510055817830e-17       4.269976181196e-17 
 1651       6.084500032750e-11       3.052677164030e-12      -3.480383675167e-12       1.068171847016e-14       7.961879416033e-16       3.386353710743e-17       4.253959981418e-17 
 1652       6.079939699193e-11       3.042170865098e-12      -3.525228227692e-12       1.067263917356e-14       7.942388981978e-16       3.265442525021e-17       4.237601187622e-17 
 1653       6.075713286980e-11       3.031407702882e-12      -3.569364000865e-12       1.066362855451e-14       7.922956891313e-16       3.147290143495e-17       4.220903905111e-17 
 1654       6.071815272005e-11       3.020390638121e-12      -3.612769737879e-12       1.065468646270e-14       7.903582892125e-16       3.031864254075e-17       4.203872263165e-17 
 1655       6.068240098851e-11       3.009122648983e-12      -3.655424089345e-12       1.064581274579e-14       7.884266729973e-16       2.919132349434e-17       4.186510415076e-17 
 1656       6.064982180741e-11       2.997606731097e-12      -3.697305613152e-12       1.063700724945e-14       7.865008147881e-16       2.809061726694e-17       4.168822538185e-17 
 1657       6.062035899488e-11       2.985845897575e-12      -3.738392774338e-12       1.062826981737e-14       7.845806886336e-16       2.701619487111e-17       4.150812833927e-17 
 1658       6.059395411699e-11       2.973843507575e-12      -3.778666786441e-12       1.061960016610e-14       7.826662703033e-16       2.596773353313e-17       4.132485372301e-17 
 1659       6.057054065610e-11       2.961604255101e-12      -3.818120163263e-12       1.061099750859e-14       7.807575432329e-16       2.494494129531e-17       4.113843623732e-17 
 1660       6.055004979009e-11       2.949133188980e-12      -3.856748242297e-12       1.060246092733e-14       7.788544926303e-16       2.394753262455e-17       4.094890923160e-17 
 1661       6.053241232451e-11       2.936435385168e-12      -3.894546350087e-12       1.059398949917e-14       7.769571035053e-16       2.297522025361e-17       4.075630625252e-17 
 1662       6.051755869206e-11       2.923515946795e-12      -3.931509802207e-12       1.058558229532e-14       7.750653606688e-16       2.202771517840e-17       4.056066104435e-17 
 1663       6.050541895196e-11       2.910380004198e-12      -3.967633903257e-12       1.057723838130e-14       7.731792487326e-16       2.110472665514e-17       4.036200754930e-17 
 1664       6.049592278941e-11       2.897032714974e-12      -4.002913946850e-12       1.056895681696e-14       7.712987521090e-16       2.020596219758e-17       4.016037990781e-17 
 1665       6.048899951498e-11       2.883479264013e-12      -4.037345215603e-12       1.056073665647e-14       7.694238550104e-16       1.933112757421e-17       3.995581245886e-17 
 1666       6.048457806406e-11       2.869724863546e-12      -4.070922981124e-12       1.055257694831e-14       7.675545414489e-16       1.847992680543e-17       3.974833974030e-17 
 1667       6.048258699624e-11       2.855774753185e-12      -4.103642504003e-12       1.054447673524e-14       7.656907952361e-16       1.765206216083e-17       3.953799648916e-17 
 1668       6.048295449474e-11       2.841634199965e-12      -4.135499033803e-12       1.053643505432e-14       7.638325999825e-16       1.684723415629e-17       3.932481764195e-17 
 1669       6.048560836586e-11       2.827308498388e-12      -4.166487809045e-12       1.052845093689e-14       7.619799390970e-16       1.606514155128e-17       3.910883833499e-17 
 1670       6.049047603836e-11       2.812802970461e-12      -4.196604057204e-12       1.052052340854e-14       7.601327957871e-16       1.530548134602e-17       3.889009390472e-17 
 1671       6.049748456289e-11       2.798122965743e-12      -4.225842994692e-12       1.051265148915e-14       7.582911530579e-16       1.456794877867e-17       3.866861988801e-17 
 1672       6.050656061142e-11       2.783273861383e-12      -4.254199826852e-12       1.050483419282e-14       7.564549937121e-16       1.385223732257e-17       3.844445202249e-17 
 1673       6.051763047666e-11       2.768261062167e-12      -4.281669747943e-12       1.049707052790e-14       7.546243003492e-16       1.315803868344e-17       3.821762624684e-17 
 1674       6.053062007145e-11       2.753090000555e-12      -4.308247941137e-12       1.048935949698e-14       7.527990553659e-16       1.248504279654e-17       3.798817870110e-17 
 1675       6.054545492820e-11       2.737766136727e-12      -4.333929578499e-12       1.048170009688e-14       7.509792409548e-16       1.183293782395e-17       3.775614572704e-17 
 1676       6.056206019833e-11       2.722294958621e-12      -4.358709820984e-12       1.047409131860e-14       7.491648391046e-16       1.120141015171e-17       3.752156386839e-17 
 1677       6.058036065165e-11       2.706681981980e-12      -4.382583818423e-12       1.046653214738e-14       7.473558315998e-16       1.059014438705e-17       3.728446987123e-17 
 1678       6.060028067578e-11       2.690932750392e-12      -4.405546709513e-12       1.045902156264e-14       7.455522000199e-16       9.998823355587e-18       3.704490068425e-17 
 1679       6.062174427562e-11       2.675052835330e-12      -4.427593621807e-12       1.045155853798e-14       7.437539257391e-16       9.427128098555e-18       3.680289345909e-17 
 1680       6.064467507270e-11       2.659047836199e-12      -4.448719671702e-12       1.044414204118e-14       7.419609899263e-16       8.874737869975e-18       3.655848555067e-17 
 1681       6.066899630464e-11       2.642923380374e-12      -4.468919964431e-12       1.043677103419e-14       7.401733735444e-16       8.341330133879e-18       3.631171451745e-17 
 1682       6.069463082457e-11       2.626685123242e-12      -4.488189594051e-12       1.042944447312e-14       7.383910573499e-16       7.826580561509e-18       3.606261812181e-17 
 1683       6.072150110052e-11       2.610338748248e-12      -4.506523643431e-12       1.042216130822e-14       7.366140218927e-16       7.330163028525e-18       3.581123433030e-17 
 1684       6.074952921488e-11       2.593889966934e-12      -4.523917184246e-12       1.041492048390e-14       7.348422475157e-16       6.851749612207e-18       3.555760131402e-17 
 1685       6.077863686378e-11       2.577344518981e-12      -4.540365276959e-12       1.040772093867e-14       7.330757143543e-16       6.391010588661e-18       3.530175744887e-17 
 1686       6.080874535653e-11       2.560708172254e-12      -4.555862970819e-12       1.040056160517e-14       7.313144023361e-16       5.947614430023e-18       3.504374131591e-17 
 1687       6.083977561504e-11       2.543986722841e-12      -4.570405303846e-12       1.039344141018e-14       7.295582911803e-16       5.521227801663e-18       3.478359170166e-17 
 1688       6.087164817320e-11       2.527185995095e-12      -4.583987302818e-12       1.038635927454e-14       7.278073603980e-16       5.111515559392e-18       3.452134759840e-17 
 1689       6.090428317638e-11       2.510311841681e-12      -4.596603983267e-12       1.037931411322e-14       7.260615892909e-16       4.718140746665e-18       3.425704820451e-17 
 1690       6.093760038077e-11       2.493370143612e-12      -4.608250349463e-12       1.037230483524e-14       7.243209569516e-16       4.340764591785e-18       3.399073292476e-17 
 1691       6.097151915283e-11       2.476366810296e-12      -4.618921394405e-12       1.036533034373e-14       7.225854422629e-16       3.979046505108e-18       3.372244137064e-17 
 1692       6.100595846871e-11       2.459307779573e-12      -4.628612099813e-12       1.035838953585e-14       7.208550238977e-16       3.632644076252e-18       3.345221336067e-17 
 1693       6.104083691368e-11       2.442199017763e-12      -4.637317436112e-12       1.035148130285e-14       7.191296803182e-16       3.301213071293e-18       3.318008892070e-17 
 1694       6.107607268150e-11       2.425046519704e-12      -4.645032362428e-12       1.034460453001e-14       7.174093897759e-16       2.984407429977e-18       3.290610828425e-17 
 1695       6.111158357392e-11       2.407856308795e-12      -4.651751826572e-12       1.033775809664e-14       7.156941303112e-16       2.681879262923e-18       3.263031189281e-17 
 1696       6.114728700001e-11       2.390634437041e-12      -4.657470765034e-12       1.033094087610e-14       7.139838797526e-16       2.393278848826e-18       3.235274039615e-17 
 1697       6.118310531430e-11       2.373386734766e-12      -4.662186410170e-12       1.032415174249e-14       7.122786173656e-16       2.118267162391e-18       3.207343372714e-17 
 1698       6.121898188246e-11       2.356118057324e-12      -4.665905233555e-12       1.031738959106e-14       7.105783288134e-16       1.856553581873e-18       3.179242831688e-17 
 1699       6.125486515294e-11       2.338833031980e-12      -4.668636062476e-12       1.031065331793e-14       7.088830012379e-16       1.607858501080e-18       3.150975985616e-17 
 1700       6.129070333056e-11       2.321536307676e-12      -4.670387778249e-12       1.030394181345e-14       7.071926216146e-16       1.371900825879e-18       3.122546421910e-17 
 1701       6.132644437613e-11       2.304232555064e-12      -4.671169316303e-12       1.029725396212e-14       7.055071767523e-16       1.148397971925e-18       3.093957746341e-17 
 1702       6.136203600609e-11       2.286926466536e-12      -4.670989666267e-12       1.029058864260e-14       7.038266532931e-16       9.370658623879e-19       3.065213583063e-17 
 1703       6.139742569216e-11       2.269622756254e-12      -4.669857872059e-12       1.028394472774e-14       7.021510377113e-16       7.376189256747e-19       3.036317574647e-17 
 1704       6.143256066097e-11       2.252326160187e-12      -4.667783031965e-12       1.027732108450e-14       7.004803163141e-16       5.497700931613e-19       3.007273382104e-17 
 1705       6.146738789374e-11       2.235041436140e-12      -4.664774298727e-12       1.027071657400e-14       6.988144752404e-16       3.732307969156e-19       2.978084684913e-17 
 1706       6.150185412585e-11       2.217773363783e-12      -4.660840879632e-12       1.026413005148e-14       6.971535004611e-16       2.077109674256e-19       2.948755181048e-17 
 1707       6.153590584653e-11       2.200526744687e-12      -4.655992036592e-12       1.025756036630e-14       6.954973777786e-16       5.291903132496e-20       2.919288587011e-17 
 1708       6.156948929852e-11       2.183306402353e-12      -4.650237086235e-12       1.025100636194e-14       6.938460928262e-16      -9.143809087976e-20       2.889688637852e-17 
 1709       6.160255047765e-11       2.166117182247e-12      -4.643585399987e-12       1.024446687598e-14       6.921996310684e-16      -2.256549870830e-19       2.859959087199e-17 
 1710       6.163503513252e-11       2.148963951826e-12      -4.636046404157e-12       1.023794074009e-14       6.905579777999e-16      -3.500277558536e-19       2.830103707290e-17 
 1711       6.166688876416e-11       2.131851600576e-12      -4.627629580026e-12       1.023142678003e-14       6.889211181459e-16      -4.648540087082e-19       2.800126288995e-17 
 1712       6.169805662562e-11       2.114785040040e-12      -4.618344463929e-12       1.022492381562e-14       6.872890370615e-16      -5.704328723848e-19       2.770030641845e-17 
 1713       6.172848372164e-11       2.097769203849e-12      -4.608200647344e-12       1.021843066077e-14       6.856617193311e-16      -6.670649911163e-19       2.739820594060e-17 
 1714       6.175811480831e-11       2.080809047758e-12      -4.597207776973e-12       1.021194612344e-14       6.840391495689e-16      -7.550525289038e-19       2.709499992579e-17 
 1715       6.178689439266e-11       2.063909549674e-12      -4.585375554835e-12       1.020546900563e-14       6.824213122177e-16      -8.346991717904e-19       2.679072703083e-17 
 1716       6.181476673234e-11       2.047075709688e-12      -4.572713738341e-12       1.019899810338e-14       6.808081915491e-16      -9.063101301342e-19       2.648542610026e-17 
 1717       6.184167583528e-11       2.030312550108e-12      -4.559232140389e-12       1.019253220678e-14       6.791997716633e-16      -9.701921408823e-19       2.617913616659e-17 
 1718       6.186756545926e-11       2.013625115491e-12      -4.544940629446e-12       1.018607009993e-14       6.775960364883e-16      -1.026653469844e-18       2.587189645063e-17 
 1719       6.189237911161e-11       1.997018472673e-12      -4.529849129632e-12       1.017961056092e-14       6.759969697799e-16      -1.076003913965e-18       2.556374636172e-17 
 1720       6.191606004885e-11       1.980497710803e-12      -4.513967620808e-12       1.017315236190e-14       6.744025551215e-16      -1.118554803598e-18       2.525472549801e-17 
 1721       6.193855127631e-11       1.964067941372e-12      -4.497306138661e-12       1.016669426895e-14       6.728127759236e-16      -1.154619004782e-18       2.494487364677e-17 
 1722       6.195979554775e-11       1.947734298246e-12      -4.479874774788e-12       1.016023504219e-14       6.712276154233e-16      -1.184510921509e-18       2.463423078461e-17 
 1723       6.197973536507e-11       1.931501937699e-12      -4.461683676784e-12       1.015377343569e-14       6.696470566847e-16      -1.208546498003e-18       2.432283707781e-17 
 1724       6.199831297787e-11       1.915376038444e-12      -4.442743048325e-12       1.014730819749e-14       6.680710825976e-16      -1.227043220989e-18       2.401073288256e-17 
 1725       6.201547038317e-11       1.899361801662e-12      -4.423063149257e-12       1.014083806960e-14       6.664996758780e-16      -1.240320121970e-18       2.369795874526e-17 
 1726       6.203114932497e-11       1.883464451040e-12      -4.402654295676e-12       1.013436178797e-14       6.649328190676e-16      -1.248697779500e-18       2.338455540276e-17 
 1727       6.204529129396e-11       1.867689232794e-12      -4.381526860021e-12       1.012787808249e-14       6.633704945332e-16      -1.252498321455e-18       2.307056378268e-17 
 1728       6.205783752714e-11       1.852041415710e-12      -4.359691271153e-12       1.012138567701e-14       6.618126844666e-16      -1.252045427309e-18       2.275602500366e-17 
 1729       6.206872900742e-11       1.836526291168e-12      -4.337158014445e-12       1.011488328925e-14       6.602593708843e-16      -1.247664330406e-18       2.244098037563e-17 
 1730       6.207790646333e-11       1.821149173178e-12      -4.313937631862e-12       1.010836963091e-14       6.587105356272e-16      -1.239681820235e-18       2.212547140010e-17 
 1731       6.208531036862e-11       1.805915398412e-12      -4.290040722055e-12       1.010184340754e-14       6.571661603603e-16      -1.228426244702e-18       2.180953977043e-17 
 1732       6.209088094188e-11       1.790830326232e-12      -4.265477940439e-12       1.009530331862e-14       6.556262265723e-16      -1.214227512405e-18       2.149322737211e-17 
 1733       6.209455814625e-11       1.775899338727e-12      -4.240259999282e-12       1.008874805750e-14       6.540907155752e-16      -1.197417094904e-18       2.117657628304e-17 
 1734       6.209628168899e-11       1.761127840740e-12      -4.214397667790e-12       1.008217631142e-14       6.525596085044e-16      -1.178328029001e-18       2.085962877376e-17 
 1735       6.209599102117e-11       1.746521259901e-12      -4.187901772191e-12       1.007558676148e-14       6.510328863179e-16      -1.157294919006e-18       2.054242730781e-17 
 1736       6.209363377009e-11       1.732084434050e-12      -4.160783875255e-12       1.006897819646e-14       6.495105311834e-16      -1.134561883839e-18       2.022501146268e-17 
 1737       6.208919111513e-11       1.717819767791e-12      -4.133058320921e-12       1.006234985521e-14       6.479925306518e-16      -1.110005545335e-18       1.990740866398e-17 
 1738       6.208265262508e-11       1.703729060459e-12      -4.104740207073e-12       1.005570108710e-14       6.464788735182e-16      -1.083409709640e-18       1.958964337377e-17 
 1739       6.207400784471e-11       1.689814117333e-12      -4.075844707782e-12       1.004903123850e-14       6.449695484377e-16      -1.054557209073e-18       1.927174016282e-17 
 1740       6.206324629479e-11       1.676076749641e-12      -4.046387073423e-12       1.004233965277e-14       6.434645439249e-16      -1.023229900734e-18       1.895372371083e-17 
 1741       6.205035747199e-11       1.662518774566e-12      -4.016382630786e-12       1.003562567024e-14       6.419638483544e-16      -9.892086651168e-19       1.863561880653e-17 
 1742       6.203533084893e-11       1.649142015257e-12      -3.985846783188e-12       1.002888862820e-14       6.404674499597e-16      -9.522734047174e-19       1.831745034785e-17 
 1743       6.201815587413e-11       1.635948300834e-12      -3.954795010586e-12       1.002212786093e-14       6.389753368333e-16      -9.122030426449e-19       1.799924334207e-17 
 1744       6.199882197195e-11       1.622939466394e-12      -3.923242869689e-12       1.001534269966e-14       6.374874969267e-16      -8.687755212312e-19       1.768102290600e-17 
 1745       6.197731854265e-11       1.610117353022e-12      -3.891205994072e-12       1.000853247259e-14       6.360039180496e-16      -8.217678006415e-19       1.736281426609e-17 
 1746       6.195363496228e-11       1.597483807793e-12      -3.858700094289e-12       1.000169650488e-14       6.345245878703e-16      -7.709558574841e-19       1.704464275862e-17 
 1747       6.192776058270e-11       1.585040683788e-12      -3.825740957981e-12       9.994834118625e-15       6.330494939147e-16      -7.161146834206e-19       1.672653382981e-17 
 1748       6.189968473156e-11       1.572789840090e-12      -3.792344449995e-12       9.987944632883e-15       6.315786235666e-16      -6.570182837763e-19       1.640851303602e-17 
 1749       6.186939671227e-11       1.560733141802e-12      -3.758526512494e-12       9.981027363649e-15       6.301119640674e-16      -5.934396761499e-19       1.609060604388e-17 
 1750       6.183688580397e-11       1.548872460047e-12      -3.724303165067e-12       9.974081623854e-15       6.286495025156e-16      -5.251508890239e-19       1.577283863044e-17 
 1751       6.180214126149e-11       1.537209671979e-12      -3.689690504845e-12       9.967106723366e-15       6.271912258666e-16      -4.519229603746e-19       1.545523668335e-17 
 1752       6.176515231538e-11       1.525746660789e-12      -3.654704706612e-12       9.960101968982e-15       6.257371209328e-16      -3.735259362823e-19       1.513782620094e-17 
 1753       6.172590817184e-11       1.514485315714e-12      -3.619362022918e-12       9.953066664424e-15       6.242871743827e-16      -2.897288695415e-19       1.482063329249e-17 
 1754       6.168439801271e-11       1.503427532041e-12      -3.583678784194e-12       9.946000110334e-15       6.228413727414e-16      -2.002998182707e-19       1.450368417827e-17 
 1755       6.164061099544e-11       1.492575211119e-12      -3.547671398857e-12       9.938901604272e-15       6.213997023896e-16      -1.050058445231e-19       1.418700518975e-17 
 1756       6.159453625309e-11       1.481930260361e-12      -3.511356353434e-12       9.931770440707e-15       6.199621495638e-16      -3.613012895968e-21       1.387062276975e-17 
 1757       6.154616289427e-11       1.471494593256e-12      -3.474750212664e-12       9.924605911019e-15       6.185287003563e-16       1.041136108585e-19       1.355456347260e-17 
 1758       6.149548000316e-11       1.461270129373e-12      -3.437869619616e-12       9.917407303489e-15       6.170993407141e-16       2.184099612237e-19       1.323885396424e-17 
 1759       6.144247663945e-11       1.451258794372e-12      -3.400731295802e-12       9.910173903296e-15       6.156740564394e-16       3.395129743078e-19       1.292352102245e-17 
 1760       6.138714183834e-11       1.441462520007e-12      -3.363352041287e-12       9.902904992515e-15       6.142528331891e-16       4.676605892343e-19       1.260859153696e-17 
 1761       6.132946461049e-11       1.431883244137e-12      -3.325748734803e-12       9.895599850109e-15       6.128356564745e-16       6.030917495315e-19       1.229409250958e-17 
 1762       6.126943394202e-11       1.422522910731e-12      -3.287938333862e-12       9.888257751928e-15       6.114225116611e-16       7.460464045225e-19       1.198005105441e-17 
 1763       6.120703879451e-11       1.413383469876e-12      -3.249937874867e-12       9.880877970701e-15       6.100133839683e-16       8.967655107150e-19       1.166649439795e-17 
 1764       6.114226810490e-11       1.404466877786e-12      -3.211764473226e-12       9.873459776035e-15       6.086082584691e-16       1.055491033191e-18       1.135344987928e-17 
 1765       6.107511078555e-11       1.395775096807e-12      -3.173435323464e-12       9.866002434410e-15       6.072071200902e-16       1.222465946998e-18       1.104094495019e-17 
 1766       6.100555572416e-11       1.387310095424e-12      -3.134967699337e-12       9.858505209171e-15       6.058099536111e-16       1.397934238536e-18       1.072900717535e-17 
 1767       6.093359178377e-11       1.379073848272e-12      -3.096378953942e-12       9.850967360527e-15       6.044167436646e-16       1.582140906951e-18       1.041766423243e-17 
 1768       6.085920780276e-11       1.371068336139e-12      -3.057686519833e-12       9.843388145548e-15       6.030274747358e-16       1.775331965522e-18       1.010694391232e-17 
 1769       6.078239259475e-11       1.363295545977e-12      -3.018907909128e-12       9.835766818156e-15       6.016421311625e-16       1.977754443051e-18       9.796874119223e-18 
 1770       6.070313494868e-11       1.355757470906e-12      -2.980060713628e-12       9.828102629124e-15       6.002606971345e-16       2.189656385256e-18       9.487482870818e-18 
 1771       6.062142362869e-11       1.348456110224e-12      -2.941162604927e-12       9.820394826071e-15       5.988831566936e-16       2.411286856157e-18       9.178798298433e-18 
 1772       6.053724737418e-11       1.341393469413e-12      -2.902231334524e-12       9.812642653455e-15       5.975094937331e-16       2.642895939469e-18       8.870848647185e-18 
 1773       6.045059489972e-11       1.334571560147e-12      -2.863284733934e-12       9.804845352573e-15       5.961396919978e-16       2.884734739988e-18       8.563662276136e-18 
 1774       6.036145489505e-11       1.327992400299e-12      -2.824340714804e-12       9.797002161554e-15       5.947737350837e-16       3.137055384985e-18       8.257267658441e-18 
 1775       6.026982246236e-11       1.321657428429e-12      -2.785416254240e-12       9.789112457890e-15       5.934116076398e-16       3.400043256449e-18       7.951691504949e-18 
 1776       6.017571848607e-11       1.315565741961e-12      -2.746524341407e-12       9.781176187331e-15       5.920532989861e-16       3.673613074156e-18       7.646953117750e-18 
 1777       6.007917042263e-11       1.309715844495e-12      -2.707677005983e-12       9.773193438517e-15       5.906987995250e-16       3.957611134308e-18       7.343069990380e-18 
 1778       5.998020587803e-11       1.304106229996e-12      -2.668886330728e-12       9.765164300765e-15       5.893480995414e-16       4.251882924898e-18       7.040059680239e-18 
 1779       5.987885260797e-11       1.298735382778e-12      -2.630164451562e-12       9.757088864070e-15       5.880011892031e-16       4.556273124519e-18       6.737939808667e-18 
 1780       5.977513851808e-11       1.293601777488e-12      -2.591523557639e-12       9.748967219105e-15       5.866580585597e-16       4.870625601176e-18       6.436728061035e-18 
 1781       5.966909166419e-11       1.288703879091e-12      -2.552975891417e-12       9.740799457223e-15       5.853186975434e-16       5.194783411096e-18       6.136442186817e-18 
 1782       5.956074025249e-11       1.284040142856e-12      -2.514533748736e-12       9.732585670459e-15       5.839830959679e-16       5.528588797534e-18       5.837099999678e-18 
 1783       5.945011263978e-11       1.279609014341e-12      -2.476209478892e-12       9.724325951529e-15       5.826512435288e-16       5.871883189590e-18       5.538719377551e-18 
 1784       5.933723733372e-11       1.275408929379e-12      -2.438015484708e-12       9.716020393830e-15       5.813231298029e-16       6.224507201015e-18       5.241318262724e-18 
 1785       5.922214299299e-11       1.271438314061e-12      -2.399964222609e-12       9.707669091446e-15       5.799987442485e-16       6.586300629019e-18       4.944914661915e-18 
 1786       5.910485842757e-11       1.267695584721e-12      -2.362068202698e-12       9.699272139143e-15       5.786780762048e-16       6.957102453089e-18       4.649526646360e-18 
 1787       5.898541259893e-11       1.264179147922e-12      -2.324339988828e-12       9.690829632374e-15       5.773611148919e-16       7.336750833790e-18       4.355172351888e-18 
 1788       5.886383462026e-11       1.260887400444e-12      -2.286792198677e-12       9.682341667280e-15       5.760478494105e-16       7.725083111582e-18       4.061869979009e-18 
 1789       5.874015375668e-11       1.257818729263e-12      -2.249437503821e-12       9.673808340687e-15       5.747382687418e-16       8.121935805624e-18       3.769637792992e-18 
 1790       5.861439942548e-11       1.254971511541e-12      -2.212288629807e-12       9.665229750112e-15       5.734323617470e-16       8.527144612593e-18       3.478494123946e-18 
 1791       5.848660119634e-11       1.252344114607e-12      -2.175358356231e-12       9.656605993762e-15       5.721301171676e-16       8.940544405484e-18       3.188457366903e-18 
 1792       5.835678879155e-11       1.249934895948e-12      -2.138659516809e-12       9.647937170532e-15       5.708315236246e-16       9.361969232427e-18       2.899545981899e-18 
 1793       5.822499208620e-11       1.247742203188e-12      -2.102204999448e-12       9.639223380012e-15       5.695365696187e-16       9.791252315495e-18       2.611778494057e-18 
 1794       5.809124110846e-11       1.245764374075e-12      -2.066007746328e-12       9.630464722483e-15       5.682452435302e-16       1.022822604951e-17       2.325173493666e-18 
 1795       5.795556603975e-11       1.243999736467e-12      -2.030080753968e-12       9.621661298921e-15       5.669575336182e-16       1.067272200088e-17       2.039749636264e-18 
 1796       5.781799721500e-11       1.242446608318e-12      -1.994437073305e-12       9.612813210996e-15       5.656734280210e-16       1.112457090634e-17       1.755525642720e-18 
 1797       5.767856512285e-11       1.241103297660e-12      -1.959089809766e-12       9.603920561074e-15       5.643929147557e-16       1.158360267186e-17       1.472520299315e-18 
 1798       5.753730040585e-11       1.239968102591e-12      -1.924052123340e-12       9.594983452218e-15       5.631159817177e-16       1.204964637137e-17       1.190752457824e-18 
 1799       5.739423386074e-11       1.239039311256e-12      -1.889337228658e-12       9.586001988188e-15       5.618426166810e-16       1.252253024561e-17       9.102410355938e-19 
 1800       5.724939643864e-11       1.238315201839e-12      -1.854958395060e-12       9.576976273445e-15       5.605728072975e-16       1.300208170096e-17       6.310050156321e-19 
 1801       5.710281924525e-11       1.237794042541e-12      -1.820928946672e-12       9.567906413149e-15       5.593065410973e-16       1.348812730818e-17       3.530634466823e-19 
 1802       5.695453354110e-11       1.237474091568e-12      -1.787262262484e-12       9.558792513158e-15       5.580438054880e-16       1.398049280130e-17       7.643544330825e-20 
 1803       5.680457074177e-11       1.237353597117e-12      -1.753971776415e-12       9.549634680036e-15       5.567845877548e-16       1.447900307639e-17      -1.988598140251e-19 
 1804       5.665296241810e-11       1.237430797359e-12      -1.721070977395e-12       9.540433021048e-15       5.555288750602e-16       1.498348219035e-17      -4.728030788701e-19 
 1805       5.649974029643e-11       1.237703920427e-12      -1.688573409435e-12       9.531187644163e-15       5.542766544437e-16       1.549375335978e-17      -7.453750387146e-19 
 1806       5.634493625880e-11       1.238171184398e-12      -1.656492671702e-12       9.521898658054e-15       5.530279128218e-16       1.600963895973e-17      -1.016556314900e-18 
 1807       5.618858234318e-11       1.238830797277e-12      -1.624842418594e-12       9.512566172102e-15       5.517826369877e-16       1.653096052255e-17      -1.286327462542e-18 
 1808       5.603071074369e-11       1.239680956989e-12      -1.593636359811e-12       9.503190296393e-15       5.505408136109e-16       1.705753873667e-17      -1.554668970445e-18 
 1809       5.587135381084e-11       1.240719851355e-12      -1.562888260433e-12       9.493771141722e-15       5.493024292374e-16       1.758919344543e-17      -1.821561261025e-18 
 1810       5.571054405172e-11       1.241945658084e-12      -1.532611940989e-12       9.484308819592e-15       5.480674702891e-16       1.812574364591e-17      -2.086984690223e-18 
 1811       5.554831413025e-11       1.243356544755e-12      -1.502821277536e-12       9.474803442218e-15       5.468359230637e-16       1.866700748768e-17      -2.350919547430e-18 
 1812       5.538469686738e-11       1.244950668801e-12      -1.473530201731e-12       9.465255122522e-15       5.456077737347e-16       1.921280227168e-17      -2.613346055399e-18 
 1813       5.521972524133e-11       1.246726177499e-12      -1.444752700904e-12       9.455663974143e-15       5.443830083510e-16       1.976294444896e-17      -2.874244370167e-18 
 1814       5.505343379106e-11       1.248680953103e-12      -1.416500968221e-12       9.446030202447e-15       5.431616137901e-16       2.031727821671e-17      -3.133595490577e-18 
 1815       5.488586283868e-11       1.250811846062e-12      -1.388779836719e-12       9.436354378392e-15       5.419435806273e-16       2.087576156079e-17      -3.391383995025e-18 
 1816       5.471705430153e-11       1.253115435586e-12      -1.361592300517e-12       9.426637166881e-15       5.407289002893e-16       2.143838090489e-17      -3.647595326630e-18 
 1817       5.454705029231e-11       1.255588283914e-12      -1.334941360659e-12       9.416879235943e-15       5.395175641027e-16       2.200512257627e-17      -3.902214885580e-18 
 1818       5.437589311936e-11       1.258226936282e-12      -1.308830025121e-12       9.407081256743e-15       5.383095632938e-16       2.257597280559e-17      -4.155228029090e-18 
 1819       5.420362528688e-11       1.261027920904e-12      -1.283261308817e-12       9.397243903580e-15       5.371048889885e-16       2.315091772675e-17      -4.406620071348e-18 
 1820       5.403028949529e-11       1.263987748945e-12      -1.258238233606e-12       9.387367853898e-15       5.359035322120e-16       2.372994337677e-17      -4.656376283471e-18 
 1821       5.385592864140e-11       1.267102914497e-12      -1.233763828299e-12       9.377453788288e-15       5.347054838887e-16       2.431303569566e-17      -4.904481893453e-18 
 1822       5.368058581879e-11       1.270369894557e-12      -1.209841128663e-12       9.367502390488e-15       5.335107348420e-16       2.490018052619e-17      -5.150922086121e-18 
 1823       5.350430431797e-11       1.273785148999e-12      -1.186473177429e-12       9.357514347395e-15       5.323192757941e-16       2.549136361384e-17      -5.395682003080e-18 
 1824       5.332712762677e-11       1.277345120552e-12      -1.163663024301e-12       9.347490349063e-15       5.311310973661e-16       2.608657060660e-17      -5.638746742672e-18 
 1825       5.314909943051e-11       1.281046234779e-12      -1.141413725959e-12       9.337431088709e-15       5.299461900772e-16       2.668578705481e-17      -5.880101359923e-18 
 1826       5.297026361234e-11       1.284884900045e-12      -1.119728346067e-12       9.327337262720e-15       5.287645443453e-16       2.728899841105e-17      -6.119730866495e-18 
 1827       5.279066425349e-11       1.288857507499e-12      -1.098609955280e-12       9.317209570654e-15       5.275861504862e-16       2.789619002998e-17      -6.357620230640e-18 
 1828       5.261034563353e-11       1.292960431048e-12      -1.078061631250e-12       9.307048715245e-15       5.264109987139e-16       2.850734716818e-17      -6.593754377148e-18 
 1829       5.242935223066e-11       1.297190027333e-12      -1.058086458630e-12       9.296855402411e-15       5.252390791400e-16       2.912245498402e-17      -6.828118187302e-18 
 1830       5.224772872199e-11       1.301542635705e-12      -1.038687529088e-12       9.286630341250e-15       5.240703817738e-16       2.974149853750e-17      -7.060696498828e-18 
 1831       5.206551998379e-11       1.306014578197e-12      -1.019867941304e-12       9.276374244055e-15       5.229048965221e-16       3.036446279010e-17      -7.291474105845e-18 
 1832       5.188277109177e-11       1.310602159507e-12      -1.001630800984e-12       9.266087826309e-15       5.217426131889e-16       3.099133260464e-17      -7.520435758821e-18 
 1833       5.169952732138e-11       1.315301666968e-12      -9.839792208632e-13       9.255771806695e-15       5.205835214755e-16       3.162209274514e-17      -7.747566164521e-18 
 1834       5.151583414804e-11       1.320109370526e-12      -9.669163207116e-13       9.245426907098e-15       5.194276109799e-16       3.225672787665e-17      -7.972849985958e-18 
 1835       5.133173724743e-11       1.325021522714e-12      -9.504452273438e-13       9.235053852610e-15       5.182748711970e-16       3.289522256514e-17      -8.196271842349e-18 
 1836       5.114728249578e-11       1.330034358631e-12      -9.345690746230e-13       9.224653371534e-15       5.171252915182e-16       3.353756127729e-17      -8.417816309061e-18 
 1837       5.096251597012e-11       1.335144095915e-12      -9.192910034683e-13       9.214226195389e-15       5.159788612315e-16       3.418372838041e-17      -8.637467917567e-18 
 1838       5.077748394857e-11       1.340346934719e-12      -9.046141618616e-13       9.203773058912e-15       5.148355695209e-16       3.483370814226e-17      -8.855211155395e-18 
 1839       5.059223291059e-11       1.345639057689e-12      -8.905417048534e-13       9.193294700068e-15       5.136954054668e-16       3.548748473090e-17      -9.071030466083e-18 
 1840       5.040680953728e-11       1.351016629936e-12      -8.770767945700e-13       9.182791860045e-15       5.125583580451e-16       3.614504221455e-17      -9.284910249124e-18 
 1841       5.022126071164e-11       1.356475799017e-12      -8.642226002196e-13       9.172265283270e-15       5.114244161277e-16       3.680636456143e-17      -9.496834859925e-18 
 1842       5.003563351883e-11       1.362012694905e-12      -8.519822980994e-13       9.161715717401e-15       5.102935684821e-16       3.747143563965e-17      -9.706788609755e-18 
 1843       4.984997524646e-11       1.367623429969e-12      -8.403590716013e-13       9.151143913342e-15       5.091658037710e-16       3.814023921701e-17      -9.914755765696e-18 
 1844       4.966433338488e-11       1.373304098947e-12      -8.293561112193e-13       9.140550625241e-15       5.080411105523e-16       3.881275896088e-17      -1.012072055060e-17 
 1845       4.947875562739e-11       1.379050778924e-12      -8.189766145555e-13       9.129936610495e-15       5.069194772791e-16       3.948897843807e-17      -1.032466714302e-17 
 1846       4.929328987060e-11       1.384859529307e-12      -8.092237863269e-13       9.119302629757e-15       5.058008922992e-16       4.016888111463e-17      -1.052657967720e-17 
 1847       4.910798421463e-11       1.390726391800e-12      -8.001008383717e-13       9.108649446939e-15       5.046853438553e-16       4.085245035578e-17      -1.072644224300e-17 
 1848       4.892288696341e-11       1.396647390381e-12      -7.916109896562e-13       9.097977829215e-15       5.035728200844e-16       4.153966942568e-17      -1.092423888583e-17 
 1849       4.873804662496e-11       1.402618531276e-12      -7.837574662811e-13       9.087288547026e-15       5.024633090179e-16       4.223052148734e-17      -1.111995360665e-17 
 1850       4.855351191166e-11       1.408635802937e-12      -7.765435014880e-13       9.076582374086e-15       5.013567985815e-16       4.292498960243e-17      -1.131357036189e-17 
 1851       4.836933174051e-11       1.414695176016e-12      -7.699723356662e-13       9.065860087384e-15       5.002532765947e-16       4.362305673118e-17      -1.150507306339e-17 
 1852       4.818555523340e-11       1.420792603343e-12      -7.640472163589e-13       9.055122467189e-15       4.991527307709e-16       4.432470573221e-17      -1.169444557839e-17 
 1853       4.800222845266e-11       1.426924171234e-12      -7.587698649953e-13       9.044370297375e-15       4.980551495750e-16       4.502988590126e-17      -1.188167316106e-17 
 1854       4.781938457876e-11       1.433086554791e-12      -7.541358638330e-13       9.033604366383e-15       4.969605248039e-16       4.573841229890e-17      -1.206674675962e-17 
 1855       4.763705365557e-11       1.439276566150e-12      -7.501392325963e-13       9.022825466272e-15       4.958688490258e-16       4.645006562748e-17      -1.224965874319e-17 
 1856       4.745526584819e-11       1.445491003456e-12      -7.467739583970e-13       9.012034392408e-15       4.947801147244e-16       4.716462561872e-17      -1.243040147318e-17 
 1857       4.727405144319e-11       1.451726650840e-12      -7.440339956873e-13       9.001231943468e-15       4.936943142988e-16       4.788187103244e-17      -1.260896730338e-17 
 1858       4.709344084867e-11       1.457980278404e-12      -7.419132662129e-13       8.990418921443e-15       4.926114400629e-16       4.860157965520e-17      -1.278534857991e-17 
 1859       4.691346459451e-11       1.464248642201e-12      -7.404056589657e-13       8.979596131641e-15       4.915314842459e-16       4.932352829898e-17      -1.295953764122e-17 
 1860       4.673415333246e-11       1.470528484213e-12      -7.395050301372e-13       8.968764382696e-15       4.904544389915e-16       5.004749279992e-17      -1.313152681813e-17 
 1861       4.655553783634e-11       1.476816532337e-12      -7.392052030711e-13       8.957924486569e-15       4.893802963583e-16       5.077324801693e-17      -1.330130843378e-17 
 1862       4.637764900218e-11       1.483109500361e-12      -7.394999682164e-13       8.947077258552e-15       4.883090483193e-16       5.150056783042e-17      -1.346887480368e-17 
 1863       4.620051784840e-11       1.489404087949e-12      -7.403830830806e-13       8.936223517274e-15       4.872406867621e-16       5.222922514099e-17      -1.363421823569e-17 
 1864       4.602417551593e-11       1.495696980621e-12      -7.418482721826e-13       8.925364084703e-15       4.861752034882e-16       5.295899186808e-17      -1.379733103000e-17 
 1865       4.584865326840e-11       1.501984849733e-12      -7.438892270053e-13       8.914499786154e-15       4.851125902136e-16       5.368963894866e-17      -1.395820547917e-17 
 1866       4.567398249231e-11       1.508264352459e-12      -7.464996059493e-13       8.903631450291e-15       4.840528385680e-16       5.442093633594e-17      -1.411683386813e-17 
 1867       4.550019469713e-11       1.514532131771e-12      -7.496730342851e-13       8.892759909130e-15       4.829959400949e-16       5.515265299804e-17      -1.427320847413e-17 
 1868       4.532732151554e-11       1.520784816422e-12      -7.534031041068e-13       8.881885998046e-15       4.819418862517e-16       5.588455691666e-17      -1.442732156681e-17 
 1869       4.515539470352e-11       1.527019020925e-12      -7.576833742847e-13       8.871010555777e-15       4.808906684091e-16       5.661641508577e-17      -1.457916540816e-17 
 1870       4.498444614055e-11       1.533231345535e-12      -7.625073704182e-13       8.860134424425e-15       4.798422778514e-16       5.734799351033e-17      -1.472873225252e-17 
 1871       4.481450782974e-11       1.539418376232e-12      -7.678685847891e-13       8.849258449466e-15       4.787967057759e-16       5.807905720489e-17      -1.487601434662e-17 
 1872       4.464561189803e-11       1.545576684696e-12      -7.737604763144e-13       8.838383479750e-15       4.777539432933e-16       5.880937019238e-17      -1.502100392952e-17 
 1873       4.447779059630e-11       1.551702828297e-12      -7.801764704993e-13       8.827510367506e-15       4.767139814270e-16       5.953869550270e-17      -1.516369323268e-17 
 1874       4.431107629955e-11       1.557793350067e-12      -7.871099593902e-13       8.816639968347e-15       4.756768111134e-16       6.026679517146e-17      -1.530407447991e-17 
 1875       4.414550150708e-11       1.563844778689e-12      -7.945543015278e-13       8.805773141274e-15       4.746424232014e-16       6.099343023864e-17      -1.544213988738e-17 
 1876       4.398109884261e-11       1.569853628470e-12      -8.025028218998e-13       8.794910748683e-15       4.736108084526e-16       6.171836074729e-17      -1.557788166365e-17 
 1877       4.381790105447e-11       1.575816399330e-12      -8.109488118942e-13       8.784053656364e-15       4.725819575409e-16       6.244134574220e-17      -1.571129200966e-17 
 1878       4.365594101573e-11       1.581729576778e-12      -8.198855292522e-13       8.773202733510e-15       4.715558610525e-16       6.316214326857e-17      -1.584236311869e-17 
 1879       4.349525172440e-11       1.587589631894e-12      -8.293061980211e-13       8.762358852718e-15       4.705325094856e-16       6.388051037075e-17      -1.597108717643e-17 
 1880       4.333586630355e-11       1.593393021312e-12      -8.392040085073e-13       8.751522889997e-15       4.695118932504e-16       6.459620309084e-17      -1.609745636093e-17 
 1881       4.317781800147e-11       1.599136187198e-12      -8.495721172293e-13       8.740695724768e-15       4.684940026690e-16       6.530897646745e-17      -1.622146284262e-17 
 1882       4.302114019188e-11       1.604815557234e-12      -8.604036468708e-13       8.729878239872e-15       4.674788279752e-16       6.601858453435e-17      -1.634309878433e-17 
 1883       4.286586637400e-11       1.610427544597e-12      -8.716916862336e-13       8.719071321573e-15       4.664663593141e-16       6.672478031913e-17      -1.646235634124e-17 
 1884       4.271203017281e-11       1.615968547941e-12      -8.834292901906e-13       8.708275859562e-15       4.654565867424e-16       6.742731584195e-17      -1.657922766094e-17 
 1885       4.255966533912e-11       1.621434951377e-12      -8.956094796386e-13       8.697492746961e-15       4.644495002279e-16       6.812594211414e-17      -1.669370488339e-17 
 1886       4.240880574979e-11       1.626823124456e-12      -9.082252414517e-13       8.686722880329e-15       4.634450896497e-16       6.882040913697e-17      -1.680578014096e-17 
 1887       4.225948540785e-11       1.632129422148e-12      -9.212695284340e-13       8.675967159664e-15       4.624433447977e-16       6.951046590025e-17      -1.691544555837e-17 
 1888       4.211173844268e-11       1.637350184826e-12      -9.347352592725e-13       8.665226488410e-15       4.614442553726e-16       7.019586038108e-17      -1.702269325278e-17 
 1889       4.196559911018e-11       1.642481738242e-12      -9.486153184903e-13       8.654501773458e-15       4.604478109858e-16       7.087633954251e-17      -1.712751533369e-17 
 1890       4.182110179290e-11       1.647520393513e-12      -9.629025563997e-13       8.643793925155e-15       4.594540011593e-16       7.155164933220e-17      -1.722990390304e-17 
 1891       4.167828100019e-11       1.652462447101e-12      -9.775897890547e-13       8.633103857303e-15       4.584628153255e-16       7.222153468115e-17      -1.732985105513e-17 
 1892       4.153716620222e-11       1.657304584999e-12      -9.926693407383e-13       8.622432412960e-15       4.574742435501e-16       7.288578996154e-17      -1.742734665941e-17 
 1893       4.139776628782e-11       1.662045098756e-12      -1.008131667649e-12       8.611780141188e-15       4.564882787081e-16       7.354441078979e-17      -1.752237168984e-17 
 1894       4.126008498669e-11       1.666682678822e-12      -1.023966723473e-12       8.601147518588e-15       4.555049143246e-16       7.419744339513e-17      -1.761490484392e-17 
 1895       4.112412602471e-11       1.671216011192e-12      -1.040164415825e-12       8.590535023348e-15       4.545241438529e-16       7.484493426733e-17      -1.770492475518e-17 
 1896       4.098989312387e-11       1.675643777393e-12      -1.056714606182e-12       8.579943135247e-15       4.535459606741e-16       7.548693015712e-17      -1.779240999315e-17 
 1897       4.085739000228e-11       1.679964654487e-12      -1.073607109825e-12       8.569372335655e-15       4.525703580976e-16       7.612347807654e-17      -1.787733906323e-17 
 1898       4.072662037415e-11       1.684177315060e-12      -1.090831695773e-12       8.558823107540e-15       4.515973293605e-16       7.675462529931e-17      -1.795969040667e-17 
 1899       4.059758794980e-11       1.688280427219e-12      -1.108378086723e-12       8.548295935462e-15       4.506268676275e-16       7.738041936123e-17      -1.803944240047e-17 
 1900       4.047029643562e-11       1.692272654587e-12      -1.126235958987e-12       8.537791305582e-15       4.496589659912e-16       7.800090806053e-17      -1.811657335729e-17 
 1901       4.034474953405e-11       1.696152656295e-12      -1.144394942428e-12       8.527309705660e-15       4.486936174714e-16       7.861613945824e-17      -1.819106152543e-17 
 1902       4.022095094359e-11       1.699919086980e-12      -1.162844620402e-12       8.516851625057e-15       4.477308150153e-16       7.922616187860e-17      -1.826288508871e-17 
 1903       4.009890435878e-11       1.703570596776e-12      -1.181574529690e-12       8.506417554738e-15       4.467705514975e-16       7.983102390937e-17      -1.833202216642e-17 
 1904       3.997861347014e-11       1.707105831313e-12      -1.200574160440e-12       8.496007987274e-15       4.458128197197e-16       8.043077440230e-17      -1.839845081324e-17 
 1905       3.986008196426e-11       1.710523431707e-12      -1.219832956104e-12       8.485623416843e-15       4.448576124104e-16       8.102546247340e-17      -1.846214901917e-17 
 1906       3.974331352366e-11       1.713822034558e-12      -1.239340313373e-12       8.475264339232e-15       4.439049222253e-16       8.161513750338e-17      -1.852309470945e-17 
 1907       3.962831182687e-11       1.717000271942e-12      -1.259085582118e-12       8.464931251838e-15       4.429547417465e-16       8.219984913802e-17      -1.858126574450e-17 
 1908       3.951508054837e-11       1.720056771408e-12      -1.279058065325e-12       8.454624653673e-15       4.420070634831e-16       8.277964728852e-17      -1.863663991984e-17 
 1909       3.940362335861e-11       1.722990155972e-12      -1.299247019035e-12       8.444345045363e-15       4.410618798705e-16       8.335458213189e-17      -1.868919496601e-17 
 1910       3.929394392393e-11       1.725799044109e-12      -1.319641652279e-12       8.434092929148e-15       4.401191832706e-16       8.392470411130e-17      -1.873890854851e-17 
 1911       3.918604590663e-11       1.728482049752e-12      -1.340231127019e-12       8.423868808889e-15       4.391789659717e-16       8.449006393651e-17      -1.878575826773e-17 
 1912       3.907993296490e-11       1.731037782283e-12      -1.361004558083e-12       8.413673190068e-15       4.382412201881e-16       8.505071258418e-17      -1.882972165886e-17 
 1913       3.897560875282e-11       1.733464846529e-12      -1.381951013103e-12       8.403506579785e-15       4.373059380601e-16       8.560670129829e-17      -1.887077619183e-17 
 1914       3.887307692034e-11       1.735761842757e-12      -1.403059512453e-12       8.393369486769e-15       4.363731116542e-16       8.615808159050e-17      -1.890889927125e-17 
 1915       3.877234111329e-11       1.737927366667e-12      -1.424319029189e-12       8.383262421371e-15       4.354427329626e-16       8.670490524049e-17      -1.894406823628e-17 
 1916       3.867340497334e-11       1.739960009391e-12      -1.445718488981e-12       8.373185895571e-15       4.345147939030e-16       8.724722429641e-17      -1.897626036065e-17 
 1917       3.857627213798e-11       1.741858357479e-12      -1.467246770057e-12       8.363140422979e-15       4.335892863191e-16       8.778509107518e-17      -1.900545285250e-17 
 1918       3.848094624054e-11       1.743620992904e-12      -1.488892703136e-12       8.353126518834e-15       4.326662019796e-16       8.831855816291e-17      -1.903162285436e-17 
 1919       3.838743091014e-11       1.745246493048e-12      -1.510645071369e-12       8.343144700012e-15       4.317455325788e-16       8.884767841525e-17      -1.905474744307e-17 
 1920       3.829572977171e-11       1.746733430703e-12      -1.532492610274e-12       8.333195485020e-15       4.308272697363e-16       8.937250495778e-17      -1.907480362966e-17 
 1921       3.820584644593e-11       1.748080374059e-12      -1.554424007674e-12       8.323279394004e-15       4.299114049965e-16       8.989309118637e-17      -1.909176835936e-17 
 1922       3.811778454926e-11       1.749285886706e-12      -1.576427903638e-12       8.313396948748e-15       4.289979298292e-16       9.040949076757e-17      -1.910561851147e-17 
 1923       3.803154769391e-11       1.750348527624e-12      -1.598492890414e-12       8.303548672678e-15       4.280868356287e-16       9.092175763896e-17      -1.911633089928e-17 
 1924       3.794713948781e-11       1.751266851176e-12      -1.620607512370e-12       8.293735090860e-15       4.271781137142e-16       9.142994600958e-17      -1.912388227005e-17 
 1925       3.786456353462e-11       1.752039407108e-12      -1.642760265928e-12       8.283956730006e-15       4.262717553295e-16       9.193411036021e-17      -1.912824930487e-17 
 1926       3.778382343371e-11       1.752664740541e-12      -1.664939599506e-12       8.274214118473e-15       4.253677516431e-16       9.243430544384e-17      -1.912940861865e-17 
 1927       3.770492278013e-11       1.753141391962e-12      -1.687133913455e-12       8.264507786267e-15       4.244660937475e-16       9.293058628599e-17      -1.912733676001e-17 
 1928       3.762786516460e-11       1.753467897225e-12      -1.709331559993e-12       8.254838265043e-15       4.235667726598e-16       9.342300818510e-17      -1.912201021122e-17 
 1929       3.755265417353e-11       1.753642787542e-12      -1.731520843146e-12       8.245206088109e-15       4.226697793211e-16       9.391162671289e-17      -1.911340538811e-17 
 1930       3.747929338895e-11       1.753664589477e-12      -1.753690018685e-12       8.235611790423e-15       4.217751045966e-16       9.439649771477e-17      -1.910149864004e-17 
 1931       3.740778253347e-11       1.753532223552e-12      -1.775827950041e-12       8.226055813837e-15       4.208827398887e-16       9.487764452100e-17      -1.908628376671e-17 
 1932       3.733810587312e-11       1.753246203373e-12      -1.797926081614e-12       8.216538222014e-15       4.199926789810e-16       9.535495930793e-17      -1.906782471408e-17 
 1933       3.727024372656e-11       1.752807445579e-12      -1.819976480296e-12       8.207058983349e-15       4.191049162083e-16       9.582830098993e-17      -1.904620327772e-17 
 1934       3.720417631203e-11       1.752216872068e-12      -1.841971180812e-12       8.197618065539e-15       4.182194458440e-16       9.629752794000e-17      -1.902150162266e-17 
 1935       3.713988374726e-11       1.751475410004e-12      -1.863902185675e-12       8.188215435581e-15       4.173362621003e-16       9.676249798905e-17      -1.899380228380e-17 
 1936       3.707734604926e-11       1.750583991822e-12      -1.885761465146e-12       8.178851059770e-15       4.164553591281e-16       9.722306842531e-17      -1.896318816650e-17 
 1937       3.701654313421e-11       1.749543555240e-12      -1.907540957195e-12       8.169524903699e-15       4.155767310167e-16       9.767909599355e-17      -1.892974254697e-17 
 1938       3.695745481736e-11       1.748355043261e-12      -1.929232567456e-12       8.160236932257e-15       4.147003717939e-16       9.813043689449e-17      -1.889354907286e-17 
 1939       3.690006081283e-11       1.747019404185e-12      -1.950828169189e-12       8.150987109626e-15       4.138262754258e-16       9.857694678402e-17      -1.885469176367e-17 
 1940       3.684434073351e-11       1.745537591612e-12      -1.972319603238e-12       8.141775399285e-15       4.129544358168e-16       9.901848077264e-17      -1.881325501129e-17 
 1941       3.679027409091e-11       1.743910564454e-12      -1.993698677988e-12       8.132601764003e-15       4.120848468094e-16       9.945489342466e-17      -1.876932358046e-17 
 1942       3.673784029503e-11       1.742139286941e-12      -2.014957169325e-12       8.123466165843e-15       4.112175021842e-16       9.988603875760e-17      -1.872298260929e-17 
 1943       3.668701865420e-11       1.740224728625e-12      -2.036086820595e-12       8.114368566155e-15       4.103523956596e-16       1.003117702415e-16      -1.867431760972e-17 
 1944       3.663778837497e-11       1.738167864393e-12      -2.057079342564e-12       8.105308925580e-15       4.094895208918e-16       1.007319407982e-16      -1.862341446803e-17 
 1945       3.659012856195e-11       1.735969674469e-12      -2.077926413373e-12       8.096287204047e-15       4.086288714751e-16       1.011464028006e-16      -1.857035944534e-17 
 1946       3.654401821770e-11       1.733631144425e-12      -2.098619678500e-12       8.087303360769e-15       4.077704409410e-16       1.015550080723e-16      -1.851523917808e-17 
 1947       3.649943624254e-11       1.731153265190e-12      -2.119150750719e-12       8.078357354248e-15       4.069142227587e-16       1.019576078864e-16      -1.845814067848e-17 
 1948       3.645636143447e-11       1.728537033050e-12      -2.139511210056e-12       8.069449142268e-15       4.060602103351e-16       1.023540529653e-16      -1.839915133507e-17 
 1949       3.641477248900e-11       1.725783449665e-12      -2.159692603750e-12       8.060578681896e-15       4.052083970140e-16       1.027441934798e-16      -1.833835891319e-17 
 1950       3.637464799901e-11       1.722893522068e-12      -2.179686446211e-12       8.051745929482e-15       4.043587760767e-16       1.031278790483e-16      -1.827585155544e-17 
 1951       3.633596645462e-11       1.719868262678e-12      -2.199484218978e-12       8.042950840654e-15       4.035113407416e-16       1.035049587364e-16      -1.821171778219e-17 
 1952       3.629870624306e-11       1.716708689305e-12      -2.219077370681e-12       8.034193370322e-15       4.026660841643e-16       1.038752810560e-16      -1.814604649208e-17 
 1953       3.626284564851e-11       1.713415825160e-12      -2.238457316994e-12       8.025473472673e-15       4.018229994369e-16       1.042386939648e-16      -1.807892696252e-17 
 1954       3.622836285198e-11       1.709990698856e-12      -2.257615440600e-12       8.016791101171e-15       4.009820795889e-16       1.045950448655e-16      -1.801044885013e-17 
 1955       3.619523593118e-11       1.706434344424e-12      -2.276543091146e-12       8.008146208556e-15       4.001433175861e-16       1.049441806050e-16      -1.794070219128e-17 
 1956       3.616344286034e-11       1.702747801314e-12      -2.295231585202e-12       7.999538746843e-15       3.993067063313e-16       1.052859474739e-16      -1.786977740258e-17 
 1957       3.613296151011e-11       1.698932114405e-12      -2.313672206221e-12       7.990968667319e-15       3.984722386635e-16       1.056201912060e-16      -1.779776528133e-17 
 1958       3.610376964742e-11       1.694988334013e-12      -2.331856204497e-12       7.982435920545e-15       3.976399073585e-16       1.059467569772e-16      -1.772475700606e-17 
 1959       3.607584493534e-11       1.690917515897e-12      -2.349774797125e-12       7.973940456351e-15       3.968097051281e-16       1.062654894050e-16      -1.765084413698e-17 
 1960       3.604916493289e-11       1.686720721266e-12      -2.367419167957e-12       7.965482223838e-15       3.959816246207e-16       1.065762325479e-16      -1.757611861649e-17 
 1961       3.602370709501e-11       1.682399016789e-12      -2.384780467563e-12       7.957061171374e-15       3.951556584206e-16       1.068788299046e-16      -1.750067276968e-17 
 1962       3.599944877230e-11       1.677953474599e-12      -2.401849813190e-12       7.948677246598e-15       3.943317990483e-16       1.071731244135e-16      -1.742459930480e-17 
 1963       3.597636721099e-11       1.673385172303e-12      -2.418618288720e-12       7.940330396412e-15       3.935100389602e-16       1.074589584518e-16      -1.734799131377e-17 
 1964       3.595443955270e-11       1.668695192989e-12      -2.435076944626e-12       7.932020566982e-15       3.926903705484e-16       1.077361738350e-16      -1.727094227265e-17 
 1965       3.593364283439e-11       1.663884625233e-12      -2.451216797938e-12       7.923747703741e-15       3.918727861411e-16       1.080046118159e-16      -1.719354604215e-17 
 1966       3.591395398818e-11       1.658954563106e-12      -2.467028832194e-12       7.915511751384e-15       3.910572780018e-16       1.082641130845e-16      -1.711589686811e-17 
 1967       3.589534984121e-11       1.653906106182e-12      -2.482503997403e-12       7.907312653864e-15       3.902438383299e-16       1.085145177666e-16      -1.703808938200e-17 
 1968       3.587780711550e-11       1.648740359545e-12      -2.497633210003e-12       7.899150354398e-15       3.894324592599e-16       1.087556654239e-16      -1.696021860139e-17 
 1969       3.586130242783e-11       1.643458433798e-12      -2.512407352819e-12       7.891024795460e-15       3.886231328619e-16       1.089873950527e-16      -1.688237993047e-17 
 1970       3.584581155104e-11       1.638061629754e-12      -2.526818475795e-12       7.882935859058e-15       3.878158516865e-16       1.092095985492e-16      -1.680464450093e-17 
 1971       3.583130719218e-11       1.632551994009e-12      -2.540863408020e-12       7.874883187075e-15       3.870106104056e-16       1.094223815417e-16      -1.672698499348e-17 
 1972       3.581776119757e-11       1.626931767515e-12      -2.554540172456e-12       7.866866359590e-15       3.862074041835e-16       1.096259037519e-16      -1.664934926619e-17 
 1973       3.580514528971e-11       1.621203201276e-12      -2.567846787596e-12       7.858884954477e-15       3.854062281327e-16       1.098203256386e-16      -1.657168496379e-17 
 1974       3.579343106711e-11       1.615368556368e-12      -2.580781267461e-12       7.850938547406e-15       3.846070773141e-16       1.100058083988e-16      -1.649393951742e-17 
 1975       3.578259000411e-11       1.609430103947e-12      -2.593341621596e-12       7.843026711834e-15       3.838099467367e-16       1.101825139684e-16      -1.641606014430e-17 
 1976       3.577259345076e-11       1.603390125263e-12      -2.605525855065e-12       7.835149019009e-15       3.830148313574e-16       1.103506050237e-16      -1.633799384753e-17 
 1977       3.576341263261e-11       1.597250911676e-12      -2.617331968448e-12       7.827305037961e-15       3.822217260811e-16       1.105102449817e-16      -1.625968741576e-17 
 1978       3.575501865060e-11       1.591014764664e-12      -2.628757957836e-12       7.819494335499e-15       3.814306257605e-16       1.106615980016e-16      -1.618108742295e-17 
 1979       3.574738248084e-11       1.584683995843e-12      -2.639801814827e-12       7.811716476215e-15       3.806415251962e-16       1.108048289852e-16      -1.610214022809e-17 
 1980       3.574047497451e-11       1.578260926974e-12      -2.650461526522e-12       7.803971022472e-15       3.798544191366e-16       1.109401035788e-16      -1.602279197493e-17 
 1981       3.573426685766e-11       1.571747889978e-12      -2.660735075522e-12       7.796257534408e-15       3.790693022773e-16       1.110675881731e-16      -1.594298859171e-17 
 1982       3.572872873107e-11       1.565147226951e-12      -2.670620439920e-12       7.788575569926e-15       3.782861692618e-16       1.111874499049e-16      -1.586267579089e-17 
 1983       3.572383107005e-11       1.558461290174e-12      -2.680115593304e-12       7.780924684699e-15       3.775050146810e-16       1.112998566578e-16      -1.578179906886e-17 
 1984       3.571954422434e-11       1.551692442130e-12      -2.689218504744e-12       7.773304432161e-15       3.767258330731e-16       1.114049770634e-16      -1.570030370569e-17 
 1985       3.571583841790e-11       1.544843055513e-12      -2.697927138796e-12       7.765714363505e-15       3.759486189236e-16       1.115029805017e-16      -1.561813476487e-17 
 1986       3.571268374877e-11       1.537915513244e-12      -2.706239455491e-12       7.758154027683e-15       3.751733666651e-16       1.115940371030e-16      -1.553523709299e-17 
 1987       3.571005018890e-11       1.530912208484e-12      -2.714153410336e-12       7.750622971398e-15       3.744000706776e-16       1.116783177478e-16      -1.545155531954e-17 
 1988       3.570790758398e-11       1.523835544644e-12      -2.721666954309e-12       7.743120739107e-15       3.736287252879e-16       1.117559940687e-16      -1.536703385655e-17 
 1989       3.570622565333e-11       1.516687935403e-12      -2.728778033852e-12       7.735646873010e-15       3.728593247698e-16       1.118272384507e-16      -1.528161689842e-17 
 1990       3.570497398966e-11       1.509471804717e-12      -2.735484590868e-12       7.728200913056e-15       3.720918633440e-16       1.118922240327e-16      -1.519524842155e-17 
 1991       3.570412205897e-11       1.502189586834e-12      -2.741784562721e-12       7.720782396934e-15       3.713263351781e-16       1.119511247081e-16      -1.510787218414e-17 
 1992       3.570363920036e-11       1.494843726308e-12      -2.747675882225e-12       7.713390860071e-15       3.705627343862e-16       1.120041151259e-16      -1.501943172588e-17 
 1993       3.570349462589e-11       1.487436678008e-12      -2.753156477645e-12       7.706025835629e-15       3.698010550293e-16       1.120513706917e-16      -1.492987036771e-17 
 1994       3.570365742040e-11       1.479970907139e-12      -2.758224272691e-12       7.698686854504e-15       3.690412911145e-16       1.120930675686e-16      -1.483913121152e-17 
 1995       3.570409654135e-11       1.472448889245e-12      -2.762877186515e-12       7.691373445320e-15       3.682834365959e-16       1.121293826783e-16      -1.474715713987e-17 
 1996       3.570478081866e-11       1.464873110231e-12      -2.767113133703e-12       7.684085134428e-15       3.675274853737e-16       1.121604937018e-16      -1.465389081578e-17 
 1997       3.570567895457e-11       1.457246066371e-12      -2.770930024277e-12       7.676821445902e-15       3.667734312943e-16       1.121865790808e-16      -1.455927468238e-17 
 1998       3.570675952345e-11       1.449570264323e-12      -2.774325763686e-12       7.669581901535e-15       3.660212681506e-16       1.122078180183e-16      -1.446325096269e-17 
 1999       3.570799097165e-11       1.441848221142e-12      -2.777298252805e-12       7.662366020841e-15       3.652709896814e-16       1.122243904797e-16      -1.436576165933e-17 
 2000       3.570934161735e-11       1.434082464292e-12      -2.779845387927e-12       7.655173321043e-15       3.645225895717e-16       1.122364771938e-16      -1.426674855425e-17 
 2001       3.571077965037e-11       1.426275531661e-12      -2.781965060765e-12       7.648003317078e-15       3.637760614523e-16       1.122442596537e-16      -1.416615320848e-17 
 2002       3.571227313204e-11       1.418429971572e-12      -2.783655158439e-12       7.640855521592e-15       3.630313989001e-16       1.122479201179e-16      -1.406391696181e-17 
 2003       3.571378999503e-11       1.410548342800e-12      -2.784913563482e-12       7.633729444933e-15       3.622885954377e-16       1.122476416111e-16      -1.395998093258e-17 
 2004       3.571529804318e-11       1.402633214578e-12      -2.785738153828e-12       7.626624595154e-15       3.615476445333e-16       1.122436079253e-16      -1.385428601734e-17 
 2005       3.571676495133e-11       1.394687166619e-12      -2.786126802813e-12       7.619540478004e-15       3.608085396011e-16       1.122360036208e-16      -1.374677289066e-17 
 2006       3.571815826521e-11       1.386712789122e-12      -2.786077379165e-12       7.612476596929e-15       3.600712740004e-16       1.122250140270e-16      -1.363738200477e-17 
 2007       3.571944540119e-11       1.378712682789e-12      -2.785587747008e-12       7.605432453069e-15       3.593358410363e-16       1.122108252435e-16      -1.352605358936e-17 
 2008       3.572059364623e-11       1.370689458835e-12      -2.784655765851e-12       7.598407545253e-15       3.586022339592e-16       1.121936241411e-16      -1.341272765128e-17 
 2009       3.572157232312e-11       1.362645654768e-12      -2.783280304745e-12       7.591401370921e-15       3.578704464438e-16       1.121735251128e-16      -1.329736043221e-17 
 2010       3.572235930415e-11       1.354583481006e-12      -2.781464292841e-12       7.584413428912e-15       3.571404740300e-16       1.121503497413e-16      -1.317997391326e-17 
 2011       3.572293454464e-11       1.346505072439e-12      -2.779211691047e-12       7.577443216689e-15       3.564123126924e-16       1.121238455284e-16      -1.306060667053e-17 
 2012       3.572327792160e-11       1.338412572509e-12      -2.776526479916e-12       7.570490229417e-15       3.556859583618e-16       1.120937589977e-16      -1.293929745009e-17 
 2013       3.572336923369e-11       1.330308133218e-12      -2.773412659671e-12       7.563553959956e-15       3.549614069260e-16       1.120598356932e-16      -1.281608516820e-17 
 2014       3.572318820106e-11       1.322193915142e-12      -2.769874250231e-12       7.556633898860e-15       3.542386542288e-16       1.120218201789e-16      -1.269100891155e-17 
 2015       3.572271446531e-11       1.314072087438e-12      -2.765915291236e-12       7.549729534374e-15       3.535176960703e-16       1.119794560364e-16      -1.256410793745e-17 
 2016       3.572192758936e-11       1.305944827860e-12      -2.761539842076e-12       7.542840352432e-15       3.527985282072e-16       1.119324858649e-16      -1.243542167410e-17 
 2017       3.572080705735e-11       1.297814322764e-12      -2.756751981913e-12       7.535965836650e-15       3.520811463522e-16       1.118806512792e-16      -1.230498972072e-17 
 2018       3.571933227457e-11       1.289682767121e-12      -2.751555809709e-12       7.529105468328e-15       3.513655461739e-16       1.118236929087e-16      -1.217285184785e-17 
 2019       3.571748256734e-11       1.281552364529e-12      -2.745955444252e-12       7.522258726442e-15       3.506517232973e-16       1.117613503962e-16      -1.203904799754e-17 
 2020       3.571523718295e-11       1.273425327221e-12      -2.739955024183e-12       7.515425087647e-15       3.499396733033e-16       1.116933623970e-16      -1.190361828355e-17 
 2021       3.571257528948e-11       1.265303876079e-12      -2.733558708021e-12       7.508604026268e-15       3.492293917285e-16       1.116194665772e-16      -1.176660299158e-17 
 2022       3.570947597581e-11       1.257190240640e-12      -2.726770674186e-12       7.501795014299e-15       3.485208740656e-16       1.115393996127e-16      -1.162804257950e-17 
 2023       3.570591825145e-11       1.249086659110e-12      -2.719595121033e-12       7.494997521404e-15       3.478141157631e-16       1.114528971881e-16      -1.148797767754e-17 
 2024       3.570188104646e-11       1.240995378375e-12      -2.712036266867e-12       7.488211014906e-15       3.471091122250e-16       1.113596939954e-16      -1.134644908856e-17 
 2025       3.569734321136e-11       1.232918654008e-12      -2.704098349981e-12       7.481434959792e-15       3.464058588110e-16       1.112595237327e-16      -1.120349778820e-17 
 2026       3.569228351705e-11       1.224858750285e-12      -2.695785628671e-12       7.474668818705e-15       3.457043508366e-16       1.111521191034e-16      -1.105916492513e-17 
 2027       3.568668065467e-11       1.216817940190e-12      -2.687102381270e-12       7.467912051942e-15       3.450045835725e-16       1.110372118143e-16      -1.091349182130e-17 
 2028       3.568051323553e-11       1.208798505431e-12      -2.678052906170e-12       7.461164117454e-15       3.443065522451e-16       1.109145325750e-16      -1.076651997209e-17 
 2029       3.567375979104e-11       1.200802736444e-12      -2.668641521849e-12       7.454424470836e-15       3.436102520359e-16       1.107838110965e-16      -1.061829104658e-17 
 2030       3.566639877254e-11       1.192832932413e-12      -2.658872566897e-12       7.447692565332e-15       3.429156780821e-16       1.106447760900e-16      -1.046884688775e-17 
 2031       3.565840855129e-11       1.184891401269e-12      -2.648750400042e-12       7.440967851828e-15       3.422228254757e-16       1.104971552655e-16      -1.031822951270e-17 
 2032       3.564976741829e-11       1.176980459712e-12      -2.638279400176e-12       7.434249778847e-15       3.415316892641e-16       1.103406753309e-16      -1.016648111287e-17 
 2033       3.564045358426e-11       1.169102433214e-12      -2.627463966383e-12       7.427537792552e-15       3.408422644498e-16       1.101750619907e-16      -1.001364405425e-17 
 2034       3.563044517949e-11       1.161259656032e-12      -2.616308517959e-12       7.420831336735e-15       3.401545459904e-16       1.100000399448e-16      -9.859760877597e-18 
 2035       3.561972025376e-11       1.153454471219e-12      -2.604817494445e-12       7.414129852822e-15       3.394685287983e-16       1.098153328870e-16      -9.704874298670e-18 
 2036       3.560825677625e-11       1.145689230635e-12      -2.592995355650e-12       7.407432779865e-15       3.387842077408e-16       1.096206635043e-16      -9.549027208428e-18 
 2037       3.559603263543e-11       1.137966294956e-12      -2.580846581676e-12       7.400739554539e-15       3.381015776402e-16       1.094157534753e-16      -9.392262673257e-18 
 2038       3.558302563897e-11       1.130288033686e-12      -2.568375672945e-12       7.394049611143e-15       3.374206332734e-16       1.092003234694e-16      -9.234623935188e-18 
 2039       3.556921351365e-11       1.122656825166e-12      -2.555587150227e-12       7.387362381591e-15       3.367413693720e-16       1.089740931450e-16      -9.076154412111e-18 
 2040       3.555457390525e-11       1.115075056589e-12      -2.542485554661e-12       7.380677295414e-15       3.360637806225e-16       1.087367811488e-16      -8.916897697996e-18 
 2041       3.553908437848e-11       1.107545124004e-12      -2.529075447787e-12       7.373993779756e-15       3.353878616655e-16       1.084881051144e-16      -8.756897563110e-18 
 2042       3.552272241682e-11       1.100069432331e-12      -2.515361411568e-12       7.367311259368e-15       3.347136070964e-16       1.082277816611e-16      -8.596197954233e-18 
 2043       3.550546542252e-11       1.092650395372e-12      -2.501348048417e-12       7.360629156608e-15       3.340410114649e-16       1.079555263929e-16      -8.434842994877e-18 
 2044       3.548729071640e-11       1.085290435820e-12      -2.487039981222e-12       7.353946891439e-15       3.333700692752e-16       1.076710538969e-16      -8.272876985506e-18 
 2045       3.546817553784e-11       1.077991985267e-12      -2.472441853376e-12       7.347263881422e-15       3.327007749856e-16       1.073740777423e-16      -8.110344403748e-18 
 2046       3.544809704463e-11       1.070757484223e-12      -2.457558328797e-12       7.340579541715e-15       3.320331230087e-16       1.070643104793e-16      -7.947289904619e-18 
 2047       3.542703231289e-11       1.063589382116e-12      -2.442394091960e-12       7.333893285071e-15       3.313671077114e-16       1.067414636378e-16      -7.783758320737e-18 
 2048       3.540496170605e-11       1.056489879380e-12      -2.426954172034e-12       7.327204570902e-15       3.307027237195e-16       1.064053716221e-16      -7.619795327694e-18 
 2049       3.538187900829e-11       1.049460151652e-12      -2.411244917795e-12       7.320513052862e-15       3.300399668362e-16       1.060563643656e-16      -7.455449444929e-18 
 2050       3.535778136336e-11       1.042501120051e-12      -2.395273029734e-12       7.313818432311e-15       3.293788331307e-16       1.056948973369e-16      -7.290770049587e-18 
 2051       3.533266591203e-11       1.035613708603e-12      -2.379045236608e-12       7.307120409347e-15       3.287193186326e-16       1.053214278886e-16      -7.125806712907e-18 
 2052       3.530652979210e-11       1.028798844250e-12      -2.362568295481e-12       7.300418682796e-15       3.280614193331e-16       1.049364152589e-16      -6.960609200453e-18 
 2053       3.527937013843e-11       1.022057456849e-12      -2.345848991751e-12       7.293712950217e-15       3.274051311839e-16       1.045403205747e-16      -6.795227472351e-18 
 2054       3.525118408291e-11       1.015390479177e-12      -2.328894139193e-12       7.287002907899e-15       3.267504500977e-16       1.041336068532e-16      -6.629711683529e-18 
 2055       3.522196875446e-11       1.008798846936e-12      -2.311710579987e-12       7.280288250857e-15       3.260973719482e-16       1.037167390050e-16      -6.464112183953e-18 
 2056       3.519172127906e-11       1.002283498751e-12      -2.294305184761e-12       7.273568672831e-15       3.254458925695e-16       1.032901838357e-16      -6.298479518862e-18 
 2057       3.516043877971e-11       9.958453761791e-13      -2.276684852620e-12       7.266843866289e-15       3.247960077566e-16       1.028544100488e-16      -6.132864429003e-18 
 2058       3.512811837644e-11       9.894854237102e-13      -2.258856511183e-12       7.260113522417e-15       3.241477132651e-16       1.024098882476e-16      -5.967317850875e-18 
 2059       3.509475718633e-11       9.832045887695e-13      -2.240827116620e-12       7.253377331126e-15       3.235010048111e-16       1.019570909381e-16      -5.801890916958e-18 
 2060       3.506035232351e-11       9.770038217220e-13      -2.222603653687e-12       7.246634981043e-15       3.228558780713e-16       1.014964925307e-16      -5.636634955955e-18 
 2061       3.502490089912e-11       9.708840758751e-13      -2.204193135759e-12       7.239886159517e-15       3.222123286829e-16       1.010285693428e-16      -5.471601493024e-18 
 2062       3.498840002133e-11       9.648463074822e-13      -2.185602604867e-12       7.233130552609e-15       3.215703522432e-16       1.005537996015e-16      -5.306842250019e-18 
 2063       3.495084679539e-11       9.588914757458e-13      -2.166839131733e-12       7.226367845098e-15       3.209299443101e-16       1.000726634453e-16      -5.142409145727e-18 
 2064       3.491223832353e-11       9.530205428209e-13      -2.147909815805e-12       7.219597720473e-15       3.202911004017e-16       9.958564292677e-17      -4.978354296099e-18 
 2065       3.487257170506e-11       9.472344738179e-13      -2.128821785293e-12       7.212819860936e-15       3.196538159964e-16       9.909322201507e-17      -4.814730014493e-18 
 2066       3.483184403628e-11       9.415342368064e-13      -2.109582197203e-12       7.206033947400e-15       3.190180865325e-16       9.859588659792e-17      -4.651588811909e-18 
 2067       3.479005241057e-11       9.359208028178e-13      -2.090198237375e-12       7.199239659484e-15       3.183839074086e-16       9.809412448413e-17      -4.488983397225e-18 
 2068       3.474719391830e-11       9.303951458491e-13      -2.070677120514e-12       7.192436675513e-15       3.177512739833e-16       9.758842540592e-17      -4.326966677432e-18 
 2069       3.470326564691e-11       9.249582428658e-13      -2.051026090229e-12       7.185624672521e-15       3.171201815752e-16       9.707928102127e-17      -4.165591757875e-18 
 2070       3.465826468084e-11       9.196110738054e-13      -2.031252419067e-12       7.178803326240e-15       3.164906254627e-16       9.656718491619e-17      -4.004911942486e-18 
 2071       3.461218810158e-11       9.143546215806e-13      -2.011363408546e-12       7.171972311107e-15       3.158626008841e-16       9.605263260715e-17      -3.844980734023e-18 
 2072       3.456503298765e-11       9.091898720822e-13      -1.991366389196e-12       7.165131300259e-15       3.152361030377e-16       9.553612154335e-17      -3.685851834307e-18 
 2073       3.451679641460e-11       9.041178141828e-13      -1.971268720588e-12       7.158279965529e-15       3.146111270811e-16       9.501815110907e-17      -3.527579144456e-18 
 2074       3.446747545501e-11       8.991394397400e-13      -1.951077791373e-12       7.151417977450e-15       3.139876681320e-16       9.449922262605e-17      -3.370216765125e-18 
 2075       3.441706717849e-11       8.942557435994e-13      -1.930801019317e-12       7.144545005249e-15       3.133657212675e-16       9.397983935578e-17      -3.213818996739e-18 
 2076       3.436556865167e-11       8.894677235980e-13      -1.910445851333e-12       7.137660716845e-15       3.127452815244e-16       9.346050650185e-17      -3.058440339734e-18 
 2077       3.431297693823e-11       8.847763805675e-13      -1.890019763522e-12       7.130764778852e-15       3.121263438988e-16       9.294173121230e-17      -2.904135494793e-18 
 2078       3.425928909887e-11       8.801827183374e-13      -1.869530261204e-12       7.123856856571e-15       3.115089033464e-16       9.242402258196e-17      -2.750959363078e-18 
 2079       3.420450219130e-11       8.756877437384e-13      -1.848984878952e-12       7.116936613995e-15       3.108929547822e-16       9.190789165477e-17      -2.598967046473e-18 
 2080       3.414861327028e-11       8.712924666056e-13      -1.828391180634e-12       7.110003713802e-15       3.102784930806e-16       9.139385142612e-17      -2.448213847818e-18 
 2081       3.409161938760e-11       8.669978997817e-13      -1.807756759441e-12       7.103057817356e-15       3.096655130751e-16       9.088241684522e-17      -2.298755271145e-18 
 2082       3.403351759206e-11       8.628050591203e-13      -1.787089237926e-12       7.096098584705e-15       3.090540095587e-16       9.037410481739e-17      -2.150647021916e-18 
 2083       3.397430492950e-11       8.587149634892e-13      -1.766396268037e-12       7.089125674580e-15       3.084439772833e-16       8.986943420645e-17      -2.003945007258e-18 
 2084       3.391397844278e-11       8.547286347735e-13      -1.745685531158e-12       7.082138744391e-15       3.078354109598e-16       8.936892583700e-17      -1.858705336204e-18 
 2085       3.385253517180e-11       8.508470978790e-13      -1.724964738134e-12       7.075137450230e-15       3.072283052585e-16       8.887310249681e-17      -1.714984319924e-18 
 2086       3.378997215346e-11       8.470713807354e-13      -1.704241629318e-12       7.068121446863e-15       3.066226548082e-16       8.838248893913e-17      -1.572838471967e-18 
 2087       3.372628901125e-11       8.434022515500e-13      -1.683523581671e-12       7.061090449574e-15       3.060184545566e-16       8.789748624319e-17      -1.432314972775e-18 
 2088       3.366149574374e-11       8.398394285482e-13      -1.662816427011e-12       7.054044420156e-15       3.054157008506e-16       8.741799392770e-17      -1.293422989658e-18 
 2089       3.359560499070e-11       8.363823646967e-13      -1.642125625550e-12       7.046983382220e-15       3.048143903633e-16       8.694378519157e-17      -1.156162156136e-18 
 2090       3.352862944858e-11       8.330305099458e-13      -1.621456658089e-12       7.039907359472e-15       3.042145197346e-16       8.647463231403e-17      -1.020532089370e-18 
 2091       3.346058187057e-11       8.297833112257e-13      -1.600815026047e-12       7.032816375713e-15       3.036160855715e-16       8.601030665344e-17      -8.865323901298e-19 
 2092       3.339147506670e-11       8.266402124420e-13      -1.580206251482e-12       7.025710454841e-15       3.030190844480e-16       8.555057864624e-17      -7.541626427766e-19 
 2093       3.332132190390e-11       8.236006544721e-13      -1.559635877115e-12       7.018589620850e-15       3.024235129046e-16       8.509521780578e-17      -6.234224152313e-19 
 2094       3.325013530605e-11       8.206640751613e-13      -1.539109466360e-12       7.011453897829e-15       3.018293674491e-16       8.464399272124e-17      -4.943112589511e-19 
 2095       3.317792825408e-11       8.178299093183e-13      -1.518632603341e-12       7.004303309964e-15       3.012366445556e-16       8.419667105647e-17      -3.668287089029e-19 
 2096       3.310471378601e-11       8.150975887119e-13      -1.498210892920e-12       6.997137881537e-15       3.006453406652e-16       8.375301954887e-17      -2.409742835378e-19 
 2097       3.303050499706e-11       8.124665420663e-13      -1.477849960724e-12       6.989957636927e-15       3.000554521856e-16       8.331280400831e-17      -1.167474847652e-19 
 2098       3.295531503969e-11       8.099361950577e-13      -1.457555453164e-12       6.982762600607e-15       2.994669754911e-16       8.287578931596e-17       5.852202073210e-21 
 2099       3.287915712367e-11       8.075059703102e-13      -1.437333037464e-12       6.975552797149e-15       2.988799069226e-16       8.244173942320e-17       1.268253082290e-19 
 2100       3.280204451618e-11       8.051752873913e-13      -1.417188401682e-12       6.968328251221e-15       2.982942427874e-16       8.201041735046e-17       2.461723815732e-19 
 2101       3.272399054185e-11       8.029435628088e-13      -1.397127254739e-12       6.961088987586e-15       2.977099793594e-16       8.158158518617e-17       3.638939866216e-19 
 2102       3.264500858284e-11       8.008102100059e-13      -1.377155326438e-12       6.953835031106e-15       2.971271128789e-16       8.115500408555e-17       4.799907045613e-19 
 2103       3.256511207893e-11       7.987746393581e-13      -1.357278367492e-12       6.946566406739e-15       2.965456395524e-16       8.073043426956e-17       5.944631332757e-19 
 2104       3.248431452757e-11       7.968362581683e-13      -1.337502149548e-12       6.939283139538e-15       2.959655555531e-16       8.030763502373e-17       7.073118873712e-19 
 2105       3.240262948393e-11       7.949944706636e-13      -1.317832465211e-12       6.931985254656e-15       2.953868570200e-16       7.988636469707e-17       8.185375982023e-19 
 2106       3.232007056103e-11       7.932486779910e-13      -1.298275128067e-12       6.924672777341e-15       2.948095400587e-16       7.946638070093e-17       9.281409138978e-19 
 2107       3.223665142977e-11       7.915982782131e-13      -1.278835972712e-12       6.917345732939e-15       2.942336007407e-16       7.904743950790e-17       1.036122499387e-18 
 2108       3.215238581899e-11       7.900426663048e-13      -1.259520854769e-12       6.910004146894e-15       2.936590351038e-16       7.862929665063e-17       1.142483036424e-18 
 2109       3.206728751559e-11       7.885812341488e-13      -1.240335650922e-12       6.902648044745e-15       2.930858391518e-16       7.821170672081e-17       1.247223223616e-18 
 2110       3.198137036453e-11       7.872133705316e-13      -1.221286258930e-12       6.895277452131e-15       2.925140088545e-16       7.779442336794e-17       1.350343776447e-18 
 2111       3.189464826899e-11       7.859384611400e-13      -1.202378597661e-12       6.887892394787e-15       2.919435401477e-16       7.737719929829e-17       1.451845427305e-18 
 2112       3.180713519034e-11       7.847558885564e-13      -1.183618607110e-12       6.880492898546e-15       2.913744289332e-16       7.695978627372e-17       1.551728925506e-18 
 2113       3.171884514831e-11       7.836650322555e-13      -1.165012248426e-12       6.873078989339e-15       2.908066710785e-16       7.654193511060e-17       1.649995037322e-18 
 2114       3.162979222099e-11       7.826652685999e-13      -1.146565503938e-12       6.865650693193e-15       2.902402624171e-16       7.612339567867e-17       1.746644546006e-18 
 2115       3.153999054491e-11       7.817559708363e-13      -1.128284377173e-12       6.858208036235e-15       2.896751987482e-16       7.570391689993e-17       1.841678251817e-18 
 2116       3.144945431516e-11       7.809365090913e-13      -1.110174892891e-12       6.850751044690e-15       2.891114758367e-16       7.528324674748e-17       1.935096972049e-18 
 2117       3.135819778541e-11       7.802062503677e-13      -1.092243097098e-12       6.843279744880e-15       2.885490894131e-16       7.486113224445e-17       2.026901541050e-18 
 2118       3.126623526799e-11       7.795645585404e-13      -1.074495057081e-12       6.835794163225e-15       2.879880351738e-16       7.443731946286e-17       2.117092810256e-18 
 2119       3.117358113398e-11       7.790107943523e-13      -1.056936861422e-12       6.828294326243e-15       2.874283087806e-16       7.401155352248e-17       2.205671648212e-18 
 2120       3.108024981326e-11       7.785443154105e-13      -1.039574620033e-12       6.820780260552e-15       2.868699058606e-16       7.358357858971e-17       2.292638940598e-18 
 2121       3.098625579460e-11       7.781644761820e-13      -1.022414464171e-12       6.813251992867e-15       2.863128220069e-16       7.315313787651e-17       2.377995590257e-18 
 2122       3.089161362571e-11       7.778706279902e-13      -1.005462546471e-12       6.805709550001e-15       2.857570527776e-16       7.271997363921e-17       2.461742517219e-18 
 2123       3.079633791333e-11       7.776621190105e-13      -9.887250409619e-13       6.798152958867e-15       2.852025936963e-16       7.228382717741e-17       2.543880658727e-18 
 2124       3.070044332330e-11       7.775382942666e-13      -9.722081430987e-13       6.790582246475e-15       2.846494402520e-16       7.184443883289e-17       2.624410969264e-18 
 2125       3.060394458061e-11       7.774984956263e-13      -9.559180697820e-13       6.782997439936e-15       2.840975878989e-16       7.140154798843e-17       2.703334420578e-18 
 2126       3.050685708197e-11       7.775419318345e-13      -9.398602863737e-13       6.775398607126e-15       2.835470323516e-16       7.095496314384e-17       2.780659841254e-18 
 2127       3.040919873801e-11       7.776672876423e-13      -9.240371818727e-13       6.767785978994e-15       2.829977704727e-16       7.050477267336e-17       2.856427494383e-18 
 2128       3.031098814388e-11       7.778731119783e-13      -9.084503777806e-13       6.760159828102e-15       2.824497993912e-16       7.005113551715e-17       2.930685662288e-18 
 2129       3.021224396805e-11       7.781579476607e-13      -8.931014996622e-13       6.752520428027e-15       2.819031162078e-16       6.959421123668e-17       3.003482821947e-18 
 2130       3.011298495237e-11       7.785203313892e-13      -8.779921771500e-13       6.744868053368e-15       2.813577179949e-16       6.913416001550e-17       3.074867645235e-18 
 2131       3.001322991216e-11       7.789587937378e-13      -8.631240439479e-13       6.737202979745e-15       2.808136017968e-16       6.867114265994e-17       3.144888999147e-18 
 2132       2.991299773630e-11       7.794718591474e-13      -8.484987378351e-13       6.729525483798e-15       2.802707646290e-16       6.820532059988e-17       3.213595946042e-18 
 2133       2.981230738732e-11       7.800580459183e-13      -8.341179006701e-13       6.721835843193e-15       2.797292034790e-16       6.773685588947e-17       3.281037743869e-18 
 2134       2.971117790150e-11       7.807158662029e-13      -8.199831783945e-13       6.714134336620e-15       2.791889153057e-16       6.726591120786e-17       3.347263846407e-18 
 2135       2.960962838890e-11       7.814438259979e-13      -8.060962210373e-13       6.706421243794e-15       2.786498970395e-16       6.679264985998e-17       3.412323903494e-18 
 2136       2.950767803353e-11       7.822404251375e-13      -7.924586827186e-13       6.698696845458e-15       2.781121455822e-16       6.631723577722e-17       3.476267761264e-18 
 2137       2.940534609338e-11       7.831041572852e-13      -7.790722216534e-13       6.690961423383e-15       2.775756578071e-16       6.583983351820e-17       3.539145462380e-18 
 2138       2.930265190051e-11       7.840335099271e-13      -7.659385001559e-13       6.683215260368e-15       2.770404305590e-16       6.536060826951e-17       3.601007246267e-18 
 2139       2.919961486119e-11       7.850269643639e-13      -7.530591846432e-13       6.675458640243e-15       2.765064606538e-16       6.487972584646e-17       3.661903549348e-18 
 2140       2.909625445590e-11       7.860829957037e-13      -7.404359456391e-13       6.667691847871e-15       2.759737448788e-16       6.439735269376e-17       3.721885005274e-18 
 2141       2.899259023950e-11       7.872000728547e-13      -7.280704577785e-13       6.659915169145e-15       2.754422799927e-16       6.391365588633e-17       3.781002445163e-18 
 2142       2.888864184125e-11       7.883766585175e-13      -7.159643998110e-13       6.652128890995e-15       2.749120627252e-16       6.342880312999e-17       3.839306897830e-18 
 2143       2.878442896496e-11       7.896112091777e-13      -7.041194546049e-13       6.644333301385e-15       2.743830897773e-16       6.294296276222e-17       3.896849590022e-18 
 2144       2.867997138904e-11       7.909021750989e-13      -6.925373091512e-13       6.636528689313e-15       2.738553578211e-16       6.245630375289e-17       3.953681946652e-18 
 2145       2.857528896657e-11       7.922480003146e-13      -6.812196545674e-13       6.628715344819e-15       2.733288634997e-16       6.196899570501e-17       4.009855591032e-18 
 2146       2.847040162543e-11       7.936471226211e-13      -6.701681861017e-13       6.620893558977e-15       2.728036034276e-16       6.148120885542e-17       4.065422345110e-18 
 2147       2.836532936837e-11       7.950979735703e-13      -6.593846031368e-13       6.613063623903e-15       2.722795741898e-16       6.099311407561e-17       4.120434229700e-18 
 2148       2.826009227308e-11       7.965989784618e-13      -6.488706091937e-13       6.605225832754e-15       2.717567723427e-16       6.050488287240e-17       4.174943464716e-18 
 2149       2.815471049231e-11       7.981485563357e-13      -6.386279119359e-13       6.597380479729e-15       2.712351944133e-16       6.001668738867e-17       4.229002469411e-18 
 2150       2.804920425393e-11       7.997451199652e-13      -6.286582231732e-13       6.589527860070e-15       2.707148368997e-16       5.952870040414e-17       4.282663862605e-18 
 2151       2.794359386101e-11       8.013870758492e-13      -6.189632588656e-13       6.581668270063e-15       2.701956962708e-16       5.904109533608e-17       4.335980462919e-18 
 2152       2.783789969195e-11       8.030728242047e-13      -6.095447391274e-13       6.573802007041e-15       2.696777689663e-16       5.855404624006e-17       4.389005289015e-18 
 2153       2.773214220053e-11       8.048007589593e-13      -6.004043882310e-13       6.565929369383e-15       2.691610513966e-16       5.806772781068e-17       4.441791559823e-18 
 2154       2.762634191600e-11       8.065692677443e-13      -5.915439346110e-13       6.558050656514e-15       2.686455399428e-16       5.758231538230e-17       4.494392694779e-18 
 2155       2.752051944319e-11       8.083767318865e-13      -5.829651108679e-13       6.550166168912e-15       2.681312309569e-16       5.709798492981e-17       4.546862314057e-18 
 2156       2.741469546256e-11       8.102215264014e-13      -5.746696537723e-13       6.542276208102e-15       2.676181207611e-16       5.661491306932e-17       4.599254238802e-18 
 2157       2.730889073034e-11       8.121020199854e-13      -5.666593042687e-13       6.534381076662e-15       2.671062056487e-16       5.613327705894e-17       4.651622491369e-18 
 2158       2.720312607856e-11       8.140165750085e-13      -5.589358074794e-13       6.526481078222e-15       2.665954818832e-16       5.565325479951e-17       4.704021295549e-18 
 2159       2.709742241516e-11       8.159635475069e-13      -5.515009127085e-13       6.518576517466e-15       2.660859456987e-16       5.517502483531e-17       4.756505076810e-18 
 2160       2.699180072411e-11       8.179412871754e-13      -5.443563734460e-13       6.510667700133e-15       2.655775932999e-16       5.469876635483e-17       4.809128462525e-18 
 2161       2.688628206544e-11       8.199481373602e-13      -5.375039473715e-13       6.502754933019e-15       2.650704208617e-16       5.422465919150e-17       4.861946282212e-18 
 2162       2.678088757538e-11       8.219824350514e-13      -5.309453963583e-13       6.494838523975e-15       2.645644245296e-16       5.375288382441e-17       4.915013567763e-18 
 2163       2.667563846638e-11       8.240425108752e-13      -5.246824864772e-13       6.486918781912e-15       2.640596004192e-16       5.328362137908e-17       4.968385553679e-18 
 2164       2.657055602729e-11       8.261266890873e-13      -5.187169880006e-13       6.478996016801e-15       2.635559446167e-16       5.281705362815e-17       5.022117677305e-18 
 2165       2.646566032907e-11       8.282333321944e-13      -5.130500039014e-13       6.471070543337e-15       2.630534534632e-16       5.235332555675e-17       5.076253335674e-18 
 2166       2.636096633247e-11       8.303609751681e-13      -5.076799503804e-13       6.463142691968e-15       2.625521244115e-16       5.189243278020e-17       5.130787065089e-18 
 2167       2.625648775428e-11       8.325081921239e-13      -5.026045626914e-13       6.455212797943e-15       2.620519551752e-16       5.143433336652e-17       5.185701113042e-18 
 2168       2.615223835918e-11       8.346735517678e-13      -4.978215653941e-13       6.447281197656e-15       2.615529434444e-16       5.097898520250e-17       5.240977658917e-18 
 2169       2.604823195993e-11       8.368556173899e-13      -4.933286723400e-13       6.439348228649e-15       2.610550868856e-16       5.052634599351e-17       5.296598813914e-18 
 2170       2.594448241729e-11       8.390529468577e-13      -4.891235866597e-13       6.431414229613e-15       2.605583831418e-16       5.007637326324e-17       5.352546620964e-18 
 2171       2.584100364019e-11       8.412640926107e-13      -4.852040007493e-13       6.423479540387e-15       2.600628298322e-16       4.962902435352e-17       5.408803054657e-18 
 2172       2.573780958570e-11       8.434876016532e-13      -4.815675962575e-13       6.415544501962e-15       2.595684245525e-16       4.918425642408e-17       5.465350021156e-18 
 2173       2.563491425913e-11       8.457220155484e-13      -4.782120440720e-13       6.407609456478e-15       2.590751648744e-16       4.874202645234e-17       5.522169358119e-18 
 2174       2.553233171405e-11       8.479658704122e-13      -4.751350043065e-13       6.399674747233e-15       2.585830483461e-16       4.830229123315e-17       5.579242834624e-18 
 2175       2.543007605240e-11       8.502176969067e-13      -4.723341262873e-13       6.391740718675e-15       2.580920724920e-16       4.786500737864e-17       5.636552151083e-18 
 2176       2.532816142447e-11       8.524760202341e-13      -4.698070485404e-13       6.383807716411e-15       2.576022348126e-16       4.743013131794e-17       5.694078939168e-18 
 2177       2.522660202902e-11       8.547393601303e-13      -4.675513987778e-13       6.375876087203e-15       2.571135327846e-16       4.699761929700e-17       5.751804761728e-18 
 2178       2.512541211329e-11       8.570062308584e-13      -4.655647938844e-13       6.367946178972e-15       2.566259638608e-16       4.656742737833e-17       5.809711112711e-18 
 2179       2.502460597308e-11       8.592751412030e-13      -4.638448399052e-13       6.360018340798e-15       2.561395254702e-16       4.613951144082e-17       5.867779417086e-18 
 2180       2.492419795279e-11       8.615445944631e-13      -4.623891320312e-13       6.352092922923e-15       2.556542150176e-16       4.571382717949e-17       5.925991030760e-18 
 2181       2.482420244547e-11       8.638130884467e-13      -4.611952545870e-13       6.344170276750e-15       2.551700298840e-16       4.529033010529e-17       5.984327240502e-18 
 2182       2.472463389289e-11       8.660791154637e-13      -4.602607810172e-13       6.336250754845e-15       2.546869674264e-16       4.486897554488e-17       6.042769263861e-18 
 2183       2.462550678560e-11       8.683411623202e-13      -4.595832738729e-13       6.328334710940e-15       2.542050249777e-16       4.444971864038e-17       6.101298249088e-18 
 2184       2.452683566295e-11       8.705977103117e-13      -4.591602847990e-13       6.320422499932e-15       2.537241998466e-16       4.403251434919e-17       6.159895275058e-18 
 2185       2.442863511316e-11       8.728472352173e-13      -4.589893545206e-13       6.312514477885e-15       2.532444893178e-16       4.361731744375e-17       6.218541351187e-18 
 2186       2.433091977340e-11       8.750882072931e-13      -4.590680128297e-13       6.304611002031e-15       2.527658906519e-16       4.320408251130e-17       6.277217417355e-18 
 2187       2.423370432982e-11       8.773190912661e-13      -4.593937785724e-13       6.296712430772e-15       2.522884010852e-16       4.279276395372e-17       6.335904343825e-18 
 2188       2.413700351757e-11       8.795383463275e-13      -4.599641596352e-13       6.288819123682e-15       2.518120178298e-16       4.238331598724e-17       6.394582931166e-18 
 2189       2.404083212095e-11       8.817444261272e-13      -4.607766529318e-13       6.280931441504e-15       2.513367380735e-16       4.197569264226e-17       6.453233910173e-18 
 2190       2.394520497335e-11       8.839357787665e-13      -4.618287443902e-13       6.273049746159e-15       2.508625589798e-16       4.156984776313e-17       6.511837941784e-18 
 2191       2.385013695739e-11       8.861108467927e-13      -4.631179089391e-13       6.265174400739e-15       2.503894776881e-16       4.116573500792e-17       6.570375617004e-18 
 2192       2.375564300494e-11       8.882680671922e-13      -4.646416104949e-13       6.257305769512e-15       2.499174913131e-16       4.076330784818e-17       6.628827456827e-18 
 2193       2.366173809716e-11       8.904058713847e-13      -4.663973019484e-13       6.249444217926e-15       2.494465969454e-16       4.036251956878e-17       6.687173912152e-18 
 2194       2.356843726458e-11       8.925226852163e-13      -4.683824251513e-13       6.241590112604e-15       2.489767916510e-16       3.996332326762e-17       6.745395363707e-18 
 2195       2.347575558716e-11       8.946169289539e-13      -4.705944109034e-13       6.233743821351e-15       2.485080724714e-16       3.956567185545e-17       6.803472121967e-18 
 2196       2.338370819430e-11       8.966870172784e-13      -4.730306789391e-13       6.225905713153e-15       2.480404364236e-16       3.916951805565e-17       6.861384427080e-18 
 2197       2.329231026495e-11       8.987313592785e-13      -4.756886379142e-13       6.218076158177e-15       2.475738805004e-16       3.877481440398e-17       6.919112448779e-18 
 2198       2.320157702761e-11       9.007483584447e-13      -4.785656853925e-13       6.210255527774e-15       2.471084016695e-16       3.838151324841e-17       6.976636286309e-18 
 2199       2.311152376044e-11       9.027364126626e-13      -4.816592078329e-13       6.202444194479e-15       2.466439968744e-16       3.798956674884e-17       7.033935968348e-18 
 2200       2.302216579125e-11       9.046939142069e-13      -4.849665805759e-13       6.194642532015e-15       2.461806630338e-16       3.759892687695e-17       7.090991452922e-18 
 2201       2.293351849762e-11       9.066192497350e-13      -4.884851678305e-13       6.186850915290e-15       2.457183970418e-16       3.720954541589e-17       7.147782627331e-18 
 2202       2.284559730692e-11       9.085108002808e-13      -4.922123226609e-13       6.179069720402e-15       2.452571957677e-16       3.682137396017e-17       7.204289308065e-18 
 2203       2.275841769634e-11       9.103669412480e-13      -4.961453869731e-13       6.171299324638e-15       2.447970560561e-16       3.643436391533e-17       7.260491240732e-18 
 2204       2.267199306438e-11       9.121862036832e-13      -5.002814414112e-13       6.163540078859e-15       2.443379748500e-16       3.604848713162e-17       7.316362341923e-18 
 2205       2.258632832956e-11       9.139677592754e-13      -5.046165532555e-13       6.155792224447e-15       2.438799495610e-16       3.566379795505e-17       7.371853383207e-18 
 2206       2.250142628926e-11       9.157109385651e-13      -5.091465235022e-13       6.148055975808e-15       2.434229777013e-16       3.528037158802e-17       7.426909191967e-18 
 2207       2.241728974451e-11       9.174150699555e-13      -5.138671364813e-13       6.140331547942e-15       2.429670567612e-16       3.489828349323e-17       7.481474398779e-18 
 2208       2.233392149995e-11       9.190794797108e-13      -5.187741598370e-13       6.132619156440e-15       2.425121842086e-16       3.451760939396e-17       7.535493437192e-18 
 2209       2.225132436389e-11       9.207034919533e-13      -5.238633445085e-13       6.124919017487e-15       2.420583574890e-16       3.413842527434e-17       7.588910543507e-18 
 2210       2.216950114823e-11       9.222864286614e-13      -5.291304247103e-13       6.117231347862e-15       2.416055740259e-16       3.376080737968e-17       7.641669756552e-18 
 2211       2.208845466854e-11       9.238276096673e-13      -5.345711179132e-13       6.109556364941e-15       2.411538312203e-16       3.338483221674e-17       7.693714917465e-18 
 2212       2.200818774402e-11       9.253263526544e-13      -5.401811248244e-13       6.101894286693e-15       2.407031264510e-16       3.301057655399e-17       7.744989669470e-18 
 2213       2.192870319750e-11       9.267819731554e-13      -5.459561293686e-13       6.094245331682e-15       2.402534570743e-16       3.263811742194e-17       7.795437457654e-18 
 2214       2.185000385546e-11       9.281937845497e-13      -5.518917986681e-13       6.086609719071e-15       2.398048204240e-16       3.226753211344e-17       7.845001528747e-18 
 2215       2.177209254803e-11       9.295610980612e-13      -5.579837830236e-13       6.078987668618e-15       2.393572138118e-16       3.189889818390e-17       7.893624930903e-18 
 2216       2.169497210898e-11       9.308832227559e-13      -5.642277158949e-13       6.071379400680e-15       2.389106345265e-16       3.153229345166e-17       7.941250513473e-18 
 2217       2.161864537571e-11       9.321594655398e-13      -5.706192138813e-13       6.063785136212e-15       2.384650798347e-16       3.116779599824e-17       7.987820926786e-18 
 2218       2.154311518929e-11       9.333891311564e-13      -5.771538767023e-13       6.056205096766e-15       2.380205469804e-16       3.080548416860e-17       8.033278621929e-18 
 2219       2.146838439442e-11       9.345715221844e-13      -5.838272871780e-13       6.048639504496e-15       2.375770331849e-16       3.044543657151e-17       8.077565850523e-18 
 2220       2.139445583947e-11       9.357059390355e-13      -5.906350112099e-13       6.041088582154e-15       2.371345356471e-16       3.008773207977e-17       8.120624664502e-18 
 2221       2.132133237644e-11       9.367916799518e-13      -5.975725977615e-13       6.033552553093e-15       2.366930515432e-16       2.973244983051e-17       8.162396915893e-18 
 2222       2.124901686101e-11       9.378280410041e-13      -6.046355788387e-13       6.026031641268e-15       2.362525780266e-16       2.937966922551e-17       8.202824256591e-18 
 2223       2.117751215249e-11       9.388143160890e-13      -6.118194694703e-13       6.018526071233e-15       2.358131122282e-16       2.902946993146e-17       8.241848138140e-18 
 2224       2.110682111385e-11       9.397497969267e-13      -6.191197676891e-13       6.011036068148e-15       2.353746512561e-16       2.868193188027e-17       8.279409811513e-18 
 2225       2.103694661173e-11       9.406337730589e-13      -6.265319545118e-13       6.003561857773e-15       2.349371921957e-16       2.833713526935e-17       8.315450326884e-18 
 2226       2.096789151641e-11       9.414655318464e-13      -6.340514939203e-13       5.996103666472e-15       2.345007321095e-16       2.799516056188e-17       8.349910533414e-18 
 2227       2.089965870187e-11       9.422443584667e-13      -6.416738328414e-13       5.988661721214e-15       2.340652680373e-16       2.765608848714e-17       8.382731079025e-18 
 2228       2.083225104570e-11       9.429695359119e-13      -6.493944011283e-13       5.981236249571e-15       2.336307969959e-16       2.732000004077e-17       8.413852410178e-18 
 2229       2.076567142918e-11       9.436403449860e-13      -6.572086115407e-13       5.973827479722e-15       2.331973159794e-16       2.698697648506e-17       8.443214771655e-18 
 2230       2.069992273726e-11       9.442560643032e-13      -6.651118597254e-13       5.966435640449e-15       2.327648219590e-16       2.665709934926e-17       8.470758206334e-18 
 2231       2.063500785856e-11       9.448159702848e-13      -6.730995241969e-13       5.959060961143e-15       2.323333118827e-16       2.633045042985e-17       8.496422554967e-18 
 2232       2.057092968534e-11       9.453193371576e-13      -6.811669663180e-13       5.951703671800e-15       2.319027826758e-16       2.600711179083e-17       8.520147455962e-18 
 2233       2.050769111355e-11       9.457654369513e-13      -6.893095302806e-13       5.944364003025e-15       2.314732312405e-16       2.568716576403e-17       8.541872345159e-18 
 2234       2.044529504282e-11       9.461535394962e-13      -6.975225430860e-13       5.937042186030e-15       2.310446544559e-16       2.537069494936e-17       8.561536455608e-18 
 2235       2.038374437643e-11       9.464829124208e-13      -7.058013145255e-13       5.929738452635e-15       2.306170491782e-16       2.505778221515e-17       8.579078817347e-18 
 2236       2.032304202134e-11       9.467528211496e-13      -7.141411371611e-13       5.922453035271e-15       2.301904122403e-16       2.474851069841e-17       8.594438257184e-18 
 2237       2.026319088820e-11       9.469625289008e-13      -7.225372863061e-13       5.915186166977e-15       2.297647404520e-16       2.444296380510e-17       8.607553398471e-18 
 2238       2.020419389133e-11       9.471112966841e-13      -7.309850200056e-13       5.907938081403e-15       2.293400306002e-16       2.414122521046e-17       8.618362660885e-18 
 2239       2.014605394872e-11       9.471983832981e-13      -7.394795790171e-13       5.900709012810e-15       2.289162794484e-16       2.384337885930e-17       8.626804260204e-18 
 2240       2.008877398204e-11       9.472230453282e-13      -7.480161867911e-13       5.893499196071e-15       2.284934837367e-16       2.354950896622e-17       8.632816208089e-18 
 2241       2.003235691664e-11       9.471845371441e-13      -7.565900494518e-13       5.886308866670e-15       2.280716401823e-16       2.325970001601e-17       8.636336311859e-18 
 2242       1.997680568158e-11       9.470821108979e-13      -7.651963557774e-13       5.879138260704e-15       2.276507454789e-16       2.297403676383e-17       8.637302174271e-18 
 2243       1.992212154198e-11       9.469151883723e-13      -7.738304944472e-13       5.871987576204e-15       2.272307964996e-16       2.269258219937e-17       8.635670647415e-18 
 2244       1.986829908444e-11       9.466838777576e-13      -7.824887073704e-13       5.864856856816e-15       2.268117909054e-16       2.241531128122e-17       8.631476333601e-18 
 2245       1.981533119891e-11       9.463884602431e-13      -7.911674405832e-13       5.857746107362e-15       2.263937265406e-16       2.214217677056e-17       8.624773465864e-18 
 2246       1.976321074330e-11       9.460292184743e-13      -7.998631273545e-13       5.850655332450e-15       2.259766012307e-16       2.187313122780e-17       8.615616488753e-18 
 2247       1.971193054344e-11       9.456064365550e-13      -8.085721881725e-13       5.843584536473e-15       2.255604127816e-16       2.160812701243e-17       8.604060058576e-18 
 2248       1.966148339300e-11       9.451204000485e-13      -8.172910307301e-13       5.836533723611e-15       2.251451589804e-16       2.134711628269e-17       8.590159043643e-18 
 2249       1.961186205351e-11       9.445713959798e-13      -8.260160499107e-13       5.829502897826e-15       2.247308375951e-16       2.109005099542e-17       8.573968524509e-18 
 2250       1.956305925428e-11       9.439597128373e-13      -8.347436277741e-13       5.822492062866e-15       2.243174463743e-16       2.083688290576e-17       8.555543794212e-18 
 2251       1.951506769237e-11       9.432856405745e-13      -8.434701335419e-13       5.815501222264e-15       2.239049830474e-16       2.058756356696e-17       8.534940358519e-18 
 2252       1.946788003257e-11       9.425494706119e-13      -8.521919235838e-13       5.808530379336e-15       2.234934453249e-16       2.034204433010e-17       8.512213936168e-18 
 2253       1.942148890734e-11       9.417514958388e-13      -8.609053414030e-13       5.801579537181e-15       2.230828308977e-16       2.010027634391e-17       8.487420459109e-18 
 2254       1.937588691680e-11       9.408920106150e-13      -8.696067176219e-13       5.794648698683e-15       2.226731374375e-16       1.986221055446e-17       8.460616072746e-18 
 2255       1.933106662863e-11       9.399713107723e-13      -8.782923699682e-13       5.787737866506e-15       2.222643625969e-16       1.962779770500e-17       8.431857136179e-18 
 2256       1.928702057812e-11       9.389896936172e-13      -8.869586032603e-13       5.780847043098e-15       2.218565040088e-16       1.939698833568e-17       8.401200222448e-18 
 2257       1.924374126806e-11       9.379474579316e-13      -8.956017093935e-13       5.773976230691e-15       2.214495592871e-16       1.916973278332e-17       8.368702118775e-18 
 2258       1.920122116872e-11       9.368449039752e-13      -9.042179673252e-13       5.767125431295e-15       2.210435260260e-16       1.894598118118e-17       8.334419826803e-18 
 2259       1.915945271786e-11       9.356823334873e-13      -9.128036430611e-13       5.760294646705e-15       2.206384018006e-16       1.872568345873e-17       8.298410562842e-18 
 2260       1.911842832059e-11       9.344600496884e-13      -9.213549896410e-13       5.753483878495e-15       2.202341841664e-16       1.850878934139e-17       8.260731758109e-18 
 2261       1.907814034946e-11       9.331783572819e-13      -9.298682471240e-13       5.746693128019e-15       2.198308706593e-16       1.829524835033e-17       8.221441058973e-18 
 2262       1.903858114429e-11       9.318375624562e-13      -9.383396425750e-13       5.739922396415e-15       2.194284587959e-16       1.808500980219e-17       8.180596327192e-18 
 2263       1.899974301224e-11       9.304379728862e-13      -9.467653900501e-13       5.733171684596e-15       2.190269460732e-16       1.787802280889e-17       8.138255640159e-18 
 2264       1.896161822771e-11       9.289798977353e-13      -9.551416905821e-13       5.726440993260e-15       2.186263299688e-16       1.767423627737e-17       8.094477291146e-18 
 2265       1.892419903232e-11       9.274636476571e-13      -9.634647321669e-13       5.719730322881e-15       2.182266079405e-16       1.747359890935e-17       8.049319789540e-18 
 2266       1.888747763488e-11       9.258895347971e-13      -9.717306897488e-13       5.713039673713e-15       2.178277774266e-16       1.727605920110e-17       8.002841861092e-18 
 2267       1.885144621133e-11       9.242578727946e-13      -9.799357252061e-13       5.706369045787e-15       2.174298358459e-16       1.708156544320e-17       7.955102448155e-18 
 2268       1.881609690472e-11       9.225689767844e-13      -9.880759873377e-13       5.699718438917e-15       2.170327805974e-16       1.689006572033e-17       7.906160709926e-18 
 2269       1.878142182518e-11       9.208231633988e-13      -9.961476118477e-13       5.693087852689e-15       2.166366090603e-16       1.670150791099e-17       7.856076022691e-18 
 2270       1.874741304984e-11       9.190207507691e-13      -1.004146721332e-12       5.686477286472e-15       2.162413185945e-16       1.651583968730e-17       7.804907980065e-18 
 2271       1.871406262284e-11       9.171620585276e-13      -1.012069425265e-12       5.679886739408e-15       2.158469065397e-16       1.633300851475e-17       7.752716393236e-18 
 2272       1.868136255526e-11       9.152474078092e-13      -1.019911819981e-12       5.673316210420e-15       2.154533702163e-16       1.615296165196e-17       7.699561291204e-18 
 2273       1.864930482511e-11       9.132771212534e-13      -1.027669988667e-12       5.666765698204e-15       2.150607069245e-16       1.597564615044e-17       7.645502921028e-18 
 2274       1.861788137726e-11       9.112515230059e-13      -1.035340001342e-12       5.660235201234e-15       2.146689139449e-16       1.580100885439e-17       7.590601748062e-18 
 2275       1.858708412342e-11       9.091709387206e-13      -1.042917914847e-12       5.653724717760e-15       2.142779885383e-16       1.562899640042e-17       7.534918456204e-18 
 2276       1.855690494210e-11       9.070356955612e-13      -1.050399772828e-12       5.647234245808e-15       2.138879279456e-16       1.545955521734e-17       7.478513948132e-18 
 2277       1.852733567857e-11       9.048461222029e-13      -1.057781605723e-12       5.640763783178e-15       2.134987293877e-16       1.529263152589e-17       7.421449345552e-18 
 2278       1.849836814481e-11       9.026025488346e-13      -1.065059430749e-12       5.634313327446e-15       2.131103900657e-16       1.512817133856e-17       7.363785989435e-18 
 2279       1.846999411950e-11       9.003053071602e-13      -1.072229251885e-12       5.627882875962e-15       2.127229071608e-16       1.496612045931e-17       7.305585440262e-18 
 2280       1.844220534796e-11       8.979547304007e-13      -1.079287059859e-12       5.621472425851e-15       2.123362778341e-16       1.480642448336e-17       7.246909478266e-18 
 2281       1.841499354212e-11       8.955511532959e-13      -1.086228832135e-12       5.615081974010e-15       2.119504992268e-16       1.464902879692e-17       7.187820103674e-18 
 2282       1.838834993375e-11       8.930950043617e-13      -1.093051002238e-12       5.608711490017e-15       2.115655687006e-16       1.449389256852e-17       7.128376376352e-18 
 2283       1.836226393118e-11       8.905870833044e-13      -1.099751871042e-12       5.602360834657e-15       2.111814845612e-16       1.434103082147e-17       7.068624912105e-18 
 2284       1.833672445389e-11       8.880282853901e-13      -1.106330204513e-12       5.596029840871e-15       2.107982453394e-16       1.419047263081e-17       7.008609325888e-18 
 2285       1.831172037840e-11       8.854195093541e-13      -1.112784765176e-12       5.589718340799e-15       2.104158495509e-16       1.404224715642e-17       6.948373387035e-18 
 2286       1.828724053824e-11       8.827616574050e-13      -1.119114312123e-12       5.583426165786e-15       2.100342956966e-16       1.389638364309e-17       6.887961019433e-18 
 2287       1.826327372387e-11       8.800556352287e-13      -1.125317601002e-12       5.577153146373e-15       2.096535822620e-16       1.375291142058e-17       6.827416301685e-18 
 2288       1.823980868266e-11       8.773023519925e-13      -1.131393384016e-12       5.570899112302e-15       2.092737077177e-16       1.361185990375e-17       6.766783467284e-18 
 2289       1.821683411880e-11       8.745027203484e-13      -1.137340409920e-12       5.564663892513e-15       2.088946705192e-16       1.347325859262e-17       6.706106904779e-18 
 2290       1.819433869333e-11       8.716576564378e-13      -1.143157424018e-12       5.558447315142e-15       2.085164691067e-16       1.333713707244e-17       6.645431157948e-18 
 2291       1.817231102399e-11       8.687680798947e-13      -1.148843168157e-12       5.552249207521e-15       2.081391019054e-16       1.320352501383e-17       6.584800925965e-18 
 2292       1.815073968527e-11       8.658349138501e-13      -1.154396380727e-12       5.546069396177e-15       2.077625673254e-16       1.307245217282e-17       6.524261063570e-18 
 2293       1.812961320826e-11       8.628590849358e-13      -1.159815796656e-12       5.539907706831e-15       2.073868637612e-16       1.294394839095e-17       6.463856581237e-18 
 2294       1.810892008072e-11       8.598415232881e-13      -1.165100147404e-12       5.533763964398e-15       2.070119895926e-16       1.281804359535e-17       6.403632645348e-18 
 2295       1.808864874691e-11       8.567831625519e-13      -1.170248160966e-12       5.527637992983e-15       2.066379431837e-16       1.269476779885e-17       6.343634578355e-18 
 2296       1.806878760763e-11       8.536849398847e-13      -1.175258561861e-12       5.521529615885e-15       2.062647228837e-16       1.257415110003e-17       6.283907858957e-18 
 2297       1.804932502013e-11       8.505477959603e-13      -1.180130071134e-12       5.515438655589e-15       2.058923270264e-16       1.245622368335e-17       6.224498122263e-18 
 2298       1.803024929808e-11       8.473726749729e-13      -1.184861406351e-12       5.509364933774e-15       2.055207539301e-16       1.234101581918e-17       6.165451159968e-18 
 2299       1.801154871150e-11       8.441605246407e-13      -1.189451281595e-12       5.503308271303e-15       2.051500018980e-16       1.222855786395e-17       6.106812920516e-18 
 2300       1.799321148674e-11       8.409122962102e-13      -1.193898407463e-12       5.497268488230e-15       2.047800692179e-16       1.211888026019e-17       6.048629509272e-18 
 2301       1.797522580640e-11       8.376289444601e-13      -1.198201491062e-12       5.491245403791e-15       2.044109541622e-16       1.201201353662e-17       5.990947188693e-18 
 2302       1.795757980930e-11       8.343114277047e-13      -1.202359236006e-12       5.485238836411e-15       2.040426549881e-16       1.190798830828e-17       5.933812378496e-18 
 2303       1.794026159045e-11       8.309607077985e-13      -1.206370342414e-12       5.479248603697e-15       2.036751699370e-16       1.180683527655e-17       5.877271655825e-18 
 2304       1.792325920095e-11       8.275777501395e-13      -1.210233506904e-12       5.473274522440e-15       2.033084972352e-16       1.170858522929e-17       5.821371755425e-18 
 2305       1.790656064800e-11       8.241635236737e-13      -1.213947422592e-12       5.467316408615e-15       2.029426350935e-16       1.161326904090e-17       5.766159569809e-18 
 2306       1.789015389478e-11       8.207190008985e-13      -1.217510779086e-12       5.461374077376e-15       2.025775817071e-16       1.152091767242e-17       5.711682149427e-18 
 2307       1.787402686050e-11       8.172451578668e-13      -1.220922262484e-12       5.455447343058e-15       2.022133352558e-16       1.143156217159e-17       5.657986702836e-18 
 2308       1.785816742025e-11       8.137429741911e-13      -1.224180555372e-12       5.449536019177e-15       2.018498939039e-16       1.134523367298e-17       5.605120596868e-18 
 2309       1.784256340503e-11       8.102134330472e-13      -1.227284336818e-12       5.443639918426e-15       2.014872558001e-16       1.126196339803e-17       5.553131356804e-18 
 2310       1.782720260164e-11       8.066575211780e-13      -1.230232282370e-12       5.437758852676e-15       2.011254190776e-16       1.118178265519e-17       5.502066666537e-18 
 2311       1.781207275268e-11       8.030762288978e-13      -1.233023064052e-12       5.431892632973e-15       2.007643818541e-16       1.110472283993e-17       5.451974368745e-18 
 2312       1.779716155647e-11       7.994705500958e-13      -1.235655350362e-12       5.426041069543e-15       2.004041422316e-16       1.103081543491e-17       5.402902465062e-18 
 2313       1.778245666703e-11       7.958414822404e-13      -1.238127806265e-12       5.420203971781e-15       2.000446982963e-16       1.096009201000e-17       5.354899116243e-18 
 2314       1.776794569400e-11       7.921900263827e-13      -1.240439093194e-12       5.414381148261e-15       1.996860481192e-16       1.089258422243e-17       5.308012642336e-18 
 2315       1.775361620260e-11       7.885171871609e-13      -1.242587869045e-12       5.408572406725e-15       1.993281897553e-16       1.082832381679e-17       5.262291522853e-18 
 2316       1.773945571360e-11       7.848239728035e-13      -1.244572788170e-12       5.402777554090e-15       1.989711212441e-16       1.076734262521e-17       5.217784396936e-18 
 2317       1.772545170325e-11       7.811113951342e-13      -1.246392501381e-12       5.396996396442e-15       1.986148406092e-16       1.070967256737e-17       5.174540063527e-18 
 2318       1.771159160326e-11       7.773804695747e-13      -1.248045655940e-12       5.391228739038e-15       1.982593458586e-16       1.065534565065e-17       5.132607481540e-18 
 2319       1.769786280070e-11       7.736322151497e-13      -1.249530895556e-12       5.385474386304e-15       1.979046349847e-16       1.060439397017e-17       5.092035770029e-18 
 2320       1.768425263800e-11       7.698676544900e-13      -1.250846860388e-12       5.379733141831e-15       1.975507059638e-16       1.055684970888e-17       5.052874208354e-18 
 2321       1.767074912615e-11       7.660877957941e-13      -1.251992614373e-12       5.374004805703e-15       1.971975568032e-16       1.051272882968e-17       5.015151248143e-18 
 2322       1.765734308928e-11       7.622935785807e-13      -1.252968930192e-12       5.368289166438e-15       1.968451856795e-16       1.047198203910e-17       4.978811404127e-18 
 2323       1.764402603353e-11       7.584859276015e-13      -1.253777012406e-12       5.362586008989e-15       1.964935908013e-16       1.043454351442e-17       4.943777965547e-18 
 2324       1.763078943493e-11       7.546657708570e-13      -1.254418070861e-12       5.356895117420e-15       1.961427703617e-16       1.040034718339e-17       4.909973947926e-18 
 2325       1.761762473944e-11       7.508340395990e-13      -1.254893320689e-12       5.351216274900e-15       1.957927225394e-16       1.036932672385e-17       4.877322092771e-18 
 2326       1.760452336283e-11       7.469916683352e-13      -1.255203982318e-12       5.345549263707e-15       1.954434454978e-16       1.034141556354e-17       4.845744867271e-18 
 2327       1.759147669072e-11       7.431395948319e-13      -1.255351281478e-12       5.339893865223e-15       1.950949373856e-16       1.031654687976e-17       4.815164464004e-18 
 2328       1.757847607853e-11       7.392787601178e-13      -1.255336449205e-12       5.334249859934e-15       1.947471963365e-16       1.029465359915e-17       4.785502800636e-18 
 2329       1.756551285141e-11       7.354101084876e-13      -1.255160721847e-12       5.328617027431e-15       1.944002204691e-16       1.027566839736e-17       4.756681519624e-18 
 2330       1.755257830425e-11       7.315345875053e-13      -1.254825341075e-12       5.322995146405e-15       1.940540078871e-16       1.025952369881e-17       4.728621987918e-18 
 2331       1.753966370164e-11       7.276531480079e-13      -1.254331553881e-12       5.317383994652e-15       1.937085566790e-16       1.024615167638e-17       4.701245296663e-18 
 2332       1.752676027782e-11       7.237667441089e-13      -1.253680612592e-12       5.311783349063e-15       1.933638649185e-16       1.023548425118e-17       4.674472260902e-18 
 2333       1.751385923665e-11       7.198763332015e-13      -1.252873774871e-12       5.306192985634e-15       1.930199306641e-16       1.022745309223e-17       4.648223419276e-18 
 2334       1.750095175161e-11       7.159828759627e-13      -1.251912303725e-12       5.300612679456e-15       1.926767519593e-16       1.022198961621e-17       4.622419033728e-18 
 2335       1.748802896571e-11       7.120873363561e-13      -1.250797467509e-12       5.295042204716e-15       1.923343268323e-16       1.021902498716e-17       4.596979089204e-18 
 2336       1.747508199151e-11       7.081906816362e-13      -1.249530539937e-12       5.289481334701e-15       1.919926532963e-16       1.021849011623e-17       4.571823293356e-18 
 2337       1.746210191106e-11       7.042938823511e-13      -1.248112800083e-12       5.283929841791e-15       1.916517293495e-16       1.022031566137e-17       4.546871076244e-18 
 2338       1.744907977588e-11       7.003979123466e-13      -1.246545532390e-12       5.278387497460e-15       1.913115529747e-16       1.022443202711e-17       4.522041590037e-18 
 2339       1.743600660690e-11       6.965037487694e-13      -1.244830026672e-12       5.272854072275e-15       1.909721221395e-16       1.023076936419e-17       4.497253708714e-18 
 2340       1.742287339449e-11       6.926123720709e-13      -1.242967578128e-12       5.267329335896e-15       1.906334347966e-16       1.023925756940e-17       4.472426027771e-18 
 2341       1.740967109834e-11       6.887247660104e-13      -1.240959487341e-12       5.261813057073e-15       1.902954888831e-16       1.024982628519e-17       4.447476863917e-18 
 2342       1.739639064750e-11       6.848419176588e-13      -1.238807060284e-12       5.256305003648e-15       1.899582823212e-16       1.026240489948e-17       4.422324254781e-18 
 2343       1.738302294031e-11       6.809648174020e-13      -1.236511608333e-12       5.250804942549e-15       1.896218130176e-16       1.027692254534e-17       4.396885958611e-18 
 2344       1.736955884438e-11       6.770944589445e-13      -1.234074448265e-12       5.245312639795e-15       1.892860788637e-16       1.029330810071e-17       4.371079453976e-18 
 2345       1.735598919656e-11       6.732318393129e-13      -1.231496902270e-12       5.239827860490e-15       1.889510777357e-16       1.031149018815e-17       4.344821939472e-18 
 2346       1.734230480289e-11       6.693779588594e-13      -1.228780297952e-12       5.234350368825e-15       1.886168074945e-16       1.033139717455e-17       4.318030333418e-18 
 2347       1.732849643860e-11       6.655338212652e-13      -1.225925968342e-12       5.228879928075e-15       1.882832659857e-16       1.035295717083e-17       4.290621273563e-18 
 2348       1.731455484803e-11       6.617004335442e-13      -1.222935251895e-12       5.223416300599e-15       1.879504510393e-16       1.037609803172e-17       4.262511116787e-18 
 2349       1.730047074465e-11       6.578788060464e-13      -1.219809492505e-12       5.217959247839e-15       1.876183604701e-16       1.040074735541e-17       4.233615938800e-18 
 2350       1.728623481098e-11       6.540699524616e-13      -1.216550039504e-12       5.212508530320e-15       1.872869920774e-16       1.042683248333e-17       4.203851533849e-18 
 2351       1.727183769859e-11       6.502748898223e-13      -1.213158247674e-12       5.207063907647e-15       1.869563436453e-16       1.045428049987e-17       4.173133414415e-18 
 2352       1.725727002807e-11       6.464946385082e-13      -1.209635477248e-12       5.201625138502e-15       1.866264129421e-16       1.048301823207e-17       4.141376810921e-18 
 2353       1.724252238894e-11       6.427302222488e-13      -1.205983093920e-12       5.196191980651e-15       1.862971977210e-16       1.051297224935e-17       4.108496671427e-18 
 2354       1.722758533972e-11       6.389826681274e-13      -1.202202468849e-12       5.190764190934e-15       1.859686957195e-16       1.054406886327e-17       4.074407661339e-18 
 2355       1.721244940778e-11       6.352530065845e-13      -1.198294978664e-12       5.185341525269e-15       1.856409046595e-16       1.057623412720e-17       4.039024163105e-18 
 2356       1.719710508940e-11       6.315422714212e-13      -1.194262005474e-12       5.179923738648e-15       1.853138222478e-16       1.060939383611e-17       4.002260275922e-18 
 2357       1.718154284970e-11       6.278514998030e-13      -1.190104936870e-12       5.174510585140e-15       1.849874461751e-16       1.064347352622e-17       3.964029815436e-18 
 2358       1.716575312259e-11       6.241817322630e-13      -1.185825165934e-12       5.169101817886e-15       1.846617741169e-16       1.067839847476e-17       3.924246313442e-18 
 2359       1.714972631079e-11       6.205340127055e-13      -1.181424091244e-12       5.163697189101e-15       1.843368037331e-16       1.071409369971e-17       3.882823017590e-18 
 2360       1.713345401641e-11       6.169092927055e-13      -1.176903291618e-12       5.158296468698e-15       1.840125327921e-16       1.075050070531e-17       3.839694272011e-18 
 2361       1.711693274127e-11       6.133081437514e-13      -1.172265051532e-12       5.152899500299e-15       1.836889595440e-16       1.078762783284e-17       3.794879804755e-18 
 2362       1.710016020953e-11       6.097310432237e-13      -1.167511838975e-12       5.147506145571e-15       1.833660823499e-16       1.082550022168e-17       3.748420838592e-18 
 2363       1.708313413903e-11       6.061784699392e-13      -1.162646131017e-12       5.142116265629e-15       1.830438995577e-16       1.086414309192e-17       3.700358746464e-18 
 2364       1.706585224134e-11       6.026509041517e-13      -1.157670413815e-12       5.136729721035e-15       1.827224095021e-16       1.090358174445e-17       3.650735051650e-18 
 2365       1.704831222172e-11       5.991488275538e-13      -1.152587182628e-12       5.131346371797e-15       1.824016105048e-16       1.094384156108e-17       3.599591427924e-18 
 2366       1.703051177914e-11       5.956727232785e-13      -1.147398941821e-12       5.125966077372e-15       1.820815008741e-16       1.098494800456e-17       3.546969699721e-18 
 2367       1.701244860623e-11       5.922230759003e-13      -1.142108204882e-12       5.120588696658e-15       1.817620789053e-16       1.102692661872e-17       3.492911842298e-18 
 2368       1.699412038933e-11       5.888003714369e-13      -1.136717494424e-12       5.115214088001e-15       1.814433428803e-16       1.106980302851e-17       3.437459981899e-18 
 2369       1.697552480845e-11       5.854050973506e-13      -1.131229342200e-12       5.109842109189e-15       1.811252910679e-16       1.111360294013e-17       3.380656395913e-18 
 2370       1.695665953727e-11       5.820377425496e-13      -1.125646289114e-12       5.104472617457e-15       1.808079217236e-16       1.115835214106e-17       3.322543513041e-18 
 2371       1.693752224314e-11       5.786987973897e-13      -1.119970885223e-12       5.099105469478e-15       1.804912330895e-16       1.120407650020e-17       3.263163913456e-18 
 2372       1.691811058705e-11       5.753887536755e-13      -1.114205689758e-12       5.093740521371e-15       1.801752233947e-16       1.125080196791e-17       3.202560328965e-18 
 2373       1.689842222365e-11       5.721081046620e-13      -1.108353271125e-12       5.088377628695e-15       1.798598908547e-16       1.129855457611e-17       3.140775643176e-18 
 2374       1.687845480126e-11       5.688573450561e-13      -1.102416206917e-12       5.083016646450e-15       1.795452336720e-16       1.134736043838e-17       3.077852891654e-18 
 2375       1.685820596180e-11       5.656369710179e-13      -1.096397083929e-12       5.077657429079e-15       1.792312500353e-16       1.139724575000e-17       3.013835262089e-18 
 2376       1.683767334086e-11       5.624474801622e-13      -1.090298498158e-12       5.072299830459e-15       1.789179381204e-16       1.144823678809e-17       2.948766094456e-18 
 2377       1.681685456763e-11       5.592893715601e-13      -1.084123054824e-12       5.066943703913e-15       1.786052960895e-16       1.150035991164e-17       2.882688881177e-18 
 2378       1.679574726494e-11       5.561631457401e-13      -1.077873368371e-12       5.061588902197e-15       1.782933220915e-16       1.155364156166e-17       2.815647267284e-18 
 2379       1.677434904923e-11       5.530693046900e-13      -1.071552062480e-12       5.056235277508e-15       1.779820142617e-16       1.160810826117e-17       2.747685050586e-18 
 2380       1.675265753053e-11       5.500083518579e-13      -1.065161770082e-12       5.050882681480e-15       1.776713707222e-16       1.166378661537e-17       2.678846181822e-18 
 2381       1.673067031250e-11       5.469807921541e-13      -1.058705133361e-12       5.045530965181e-15       1.773613895817e-16       1.172070331170e-17       2.609174764833e-18 
 2382       1.670838499239e-11       5.439871319520e-13      -1.052184803772e-12       5.040179979119e-15       1.770520689351e-16       1.177888511989e-17       2.538715056719e-18 
 2383       1.668579916103e-11       5.410278790902e-13      -1.045603442043e-12       5.034829573234e-15       1.767434068641e-16       1.183835889208e-17       2.467511468004e-18 
 2384       1.666291040284e-11       5.381035428735e-13      -1.038963718190e-12       5.029479596902e-15       1.764354014369e-16       1.189915156289e-17       2.395608562797e-18 
 2385       1.663971629581e-11       5.352146340744e-13      -1.032268311526e-12       5.024129898934e-15       1.761280507082e-16       1.196129014952e-17       2.323051058956e-18 
 2386       1.661621441152e-11       5.323616649347e-13      -1.025519910669e-12       5.018780327573e-15       1.758213527189e-16       1.202480175180e-17       2.249883828250e-18 
 2387       1.659240231511e-11       5.295451491668e-13      -1.018721213554e-12       5.013430730497e-15       1.755153054968e-16       1.208971355231e-17       2.176151896519e-18 
 2388       1.656827756526e-11       5.267656019552e-13      -1.011874927441e-12       5.008080954813e-15       1.752099070557e-16       1.215605281644e-17       2.101900443843e-18 
 2389       1.654383771422e-11       5.240235399582e-13      -1.004983768926e-12       5.002730847062e-15       1.749051553961e-16       1.222384689249e-17       2.027174804696e-18 
 2390       1.651908030780e-11       5.213194813088e-13      -9.980504639511e-13       4.997380253215e-15       1.746010485049e-16       1.229312321174e-17       1.952020468116e-18 
 2391       1.649400288531e-11       5.186539456166e-13      -9.910777478136e-13       4.992029018675e-15       1.742975843552e-16       1.236390928854e-17       1.876483077864e-18 
 2392       1.646860297964e-11       5.160274539691e-13      -9.840683651759e-13       4.986676988273e-15       1.739947609065e-16       1.243623272040e-17       1.800608432586e-18 
 2393       1.644287811718e-11       5.134405289334e-13      -9.770250700757e-13       4.981324006269e-15       1.736925761049e-16       1.251012118805e-17       1.724442485978e-18 
 2394       1.641682581786e-11       5.108936945569e-13      -9.699506259357e-13       4.975969916353e-15       1.733910278826e-16       1.258560245557e-17       1.648031346946e-18 
 2395       1.639044359510e-11       5.083874763699e-13      -9.628478055735e-13       4.970614561642e-15       1.730901141582e-16       1.266270437043e-17       1.571421279769e-18 
 2396       1.636372895585e-11       5.059224013859e-13      -9.557193912114e-13       4.965257784679e-15       1.727898328366e-16       1.274145486358e-17       1.494658704265e-18 
 2397       1.633667940057e-11       5.034989981038e-13      -9.485681744862e-13       4.959899427436e-15       1.724901818088e-16       1.282188194956e-17       1.417790195949e-18 
 2398       1.630929242320e-11       5.011177965090e-13      -9.413969564593e-13       4.954539331309e-15       1.721911589524e-16       1.290401372656e-17       1.340862486195e-18 
 2399       1.628156651981e-11       4.987792197912e-13      -9.342084360566e-13       4.949177362415e-15       1.718927623308e-16       1.298785835758e-17       1.263923743547e-18 
 2400       1.625350422116e-11       4.964832587710e-13      -9.270048746258e-13       4.943813487642e-15       1.715949907938e-16       1.307334388027e-17       1.187027425841e-18 
 2401       1.622510907865e-11       4.942297954889e-13      -9.197884293516e-13       4.938447699058e-15       1.712978433808e-16       1.316037802986e-17       1.110228451914e-18 
 2402       1.619638465733e-11       4.920187113081e-13      -9.125612646471e-13       4.933079988665e-15       1.710013191216e-16       1.324886822449e-17       1.033581922783e-18 
 2403       1.616733453597e-11       4.898498869139e-13      -9.053255521611e-13       4.927710348393e-15       1.707054170360e-16       1.333872156482e-17       9.571431218403e-19 
 2404       1.613796230706e-11       4.877232023122e-13      -8.980834707857e-13       4.922338770103e-15       1.704101361341e-16       1.342984483367e-17       8.809675150363e-19 
 2405       1.610827157678e-11       4.856385368296e-13      -8.908372066639e-13       4.916965245585e-15       1.701154754160e-16       1.352214449578e-17       8.051107510725e-19 
 2406       1.607826596510e-11       4.835957691118e-13      -8.835889531969e-13       4.911589766559e-15       1.698214338721e-16       1.361552669738e-17       7.296286615895e-19 
 2407       1.604794910572e-11       4.815947771234e-13      -8.763409110521e-13       4.906212324676e-15       1.695280104828e-16       1.370989726591e-17       6.545772613564e-19 
 2408       1.601732464611e-11       4.796354381467e-13      -8.690952881700e-13       4.900832911517e-15       1.692352042187e-16       1.380516170967e-17       5.800127484603e-19 
 2409       1.598639624753e-11       4.777176287811e-13      -8.618542997723e-13       4.895451518590e-15       1.689430140406e-16       1.390122521749e-17       5.059915044950e-19 
 2410       1.595516758506e-11       4.758412249421e-13      -8.546201683691e-13       4.890068137335e-15       1.686514388992e-16       1.399799265840e-17       4.325700947510e-19 
 2411       1.592364234757e-11       4.740061018608e-13      -8.473951237664e-13       4.884682759121e-15       1.683604777353e-16       1.409536858129e-17       3.598052684041e-19 
 2412       1.589182423778e-11       4.722121340827e-13      -8.401814030740e-13       4.879295375245e-15       1.680701294801e-16       1.419325721457e-17       2.877539587049e-19 
 2413       1.585971697224e-11       4.704591954671e-13      -8.329812507125e-13       4.873905976935e-15       1.677803930543e-16       1.429156246587e-17       2.164732831679e-19 
 2414       1.582732428138e-11       4.687471591866e-13      -8.257969184211e-13       4.868514555347e-15       1.674912673691e-16       1.439018792166e-17       1.460205437611e-19 
 2415       1.579464990949e-11       4.670758977256e-13      -8.186306652654e-13       4.863121101566e-15       1.672027513256e-16       1.448903684695e-17       7.645322709480e-20 
 2416       1.576169761476e-11       4.654452828801e-13      -8.114847576443e-13       4.857725606607e-15       1.669148438148e-16       1.458801218494e-17       7.829004611133e-21 
 2417       1.572847116928e-11       4.638551857566e-13      -8.043614692982e-13       4.852328061413e-15       1.666275437178e-16       1.468701655671e-17      -5.979426722682e-20 
 2418       1.569497435907e-11       4.623054767713e-13      -7.972630813159e-13       4.846928456855e-15       1.663408499057e-16       1.478595226085e-17      -1.263585467458e-19 
 2419       1.566121098407e-11       4.607960256496e-13      -7.901918821426e-13       4.841526783735e-15       1.660547612396e-16       1.488472127315e-17      -1.918056068729e-19 
 2420       1.562718485817e-11       4.593267014249e-13      -7.831501675873e-13       4.836123032780e-15       1.657692765705e-16       1.498322524627e-17      -2.560770349468e-19 
 2421       1.559289980925e-11       4.578973724377e-13      -7.761402408301e-13       4.830717194648e-15       1.654843947394e-16       1.508136550939e-17      -3.191142325280e-19 
 2422       1.555835967914e-11       4.565079063354e-13      -7.691644124301e-13       4.825309259926e-15       1.652001145771e-16       1.517904306789e-17      -3.808584152098e-19 
 2423       1.552356832369e-11       4.551581700711e-13      -7.622250003327e-13       4.819899219127e-15       1.649164349045e-16       1.527615860303e-17      -4.412506124293e-19 
 2424       1.548852961273e-11       4.538480299025e-13      -7.553243298770e-13       4.814487062693e-15       1.646333545324e-16       1.537261247156e-17      -5.002316672776e-19 
 2425       1.545324743015e-11       4.525773513917e-13      -7.484647338038e-13       4.809072780994e-15       1.643508722615e-16       1.546830470546e-17      -5.577422363112e-19 
 2426       1.541772567384e-11       4.513459994042e-13      -7.416485522625e-13       4.803656364329e-15       1.640689868822e-16       1.556313501157e-17      -6.137227893622e-19 
 2427       1.538196825577e-11       4.501538381076e-13      -7.348781328193e-13       4.798237802923e-15       1.637876971749e-16       1.565700277124e-17      -6.681136093493e-19 
 2428       1.534597910198e-11       4.490007309716e-13      -7.281558304640e-13       4.792817086930e-15       1.635070019100e-16       1.574980704002e-17      -7.208547920888e-19 
 2429       1.530976215258e-11       4.478865407666e-13      -7.214840076181e-13       4.787394206431e-15       1.632268998476e-16       1.584144654735e-17      -7.718862461049e-19 
 2430       1.527332136178e-11       4.468111295630e-13      -7.148650341423e-13       4.781969151436e-15       1.629473897375e-16       1.593181969616e-17      -8.211476924407e-19 
 2431       1.523666069792e-11       4.457743587307e-13      -7.083012873436e-13       4.776541911880e-15       1.626684703196e-16       1.602082456260e-17      -8.685786644689e-19 
 2432       1.519978414344e-11       4.447760889379e-13      -7.017951519831e-13       4.771112477628e-15       1.623901403235e-16       1.610835889568e-17      -9.141185077026e-19 
 2433       1.516269569494e-11       4.438161801504e-13      -6.953490202837e-13       4.765680838469e-15       1.621123984686e-16       1.619432011693e-17      -9.577063796062e-19 
 2434       1.512539936319e-11       4.428944916312e-13      -6.889652919373e-13       4.760246984123e-15       1.618352434639e-16       1.627860532009e-17      -9.992812494059e-19 
 2435       1.508789917311e-11       4.420108819389e-13      -6.826463741126e-13       4.754810904233e-15       1.615586740085e-16       1.636111127074e-17      -1.038781897900e-18 
 2436       1.505019916381e-11       4.411652089276e-13      -6.763946814623e-13       4.749372588373e-15       1.612826887909e-16       1.644173440602e-17      -1.076146917272e-18 
 2437       1.501230338861e-11       4.403573297457e-13      -6.702126361310e-13       4.743932026041e-15       1.610072864897e-16       1.652037083424e-17      -1.111314710897e-18 
 2438       1.497421624593e-11       4.395870377929e-13      -6.641023925510e-13       4.738489223776e-15       1.607324657690e-16       1.659696409366e-17      -1.144249823216e-18 
 2439       1.493594347405e-11       4.388538731774e-13      -6.580650100092e-13       4.733044256607e-15       1.604582252667e-16       1.667164874285e-17      -1.175022102515e-18 
 2440       1.489749116238e-11       4.381573111187e-13      -6.521012751256e-13       4.727597216912e-15       1.601845636064e-16       1.674460763201e-17      -1.203728013201e-18 
 2441       1.485886542108e-11       4.374968248845e-13      -6.462119766163e-13       4.722148197335e-15       1.599114794012e-16       1.681602422287e-17      -1.230464349253e-18 
 2442       1.482007238115e-11       4.368718857885e-13      -6.403979052947e-13       4.716697290780e-15       1.596389712539e-16       1.688608258928e-17      -1.255328234568e-18 
 2443       1.478111819440e-11       4.362819631886e-13      -6.346598540737e-13       4.711244590419e-15       1.593670377567e-16       1.695496741786e-17      -1.278417123301e-18 
 2444       1.474200903348e-11       4.357265244847e-13      -6.289986179679e-13       4.705790189687e-15       1.590956774918e-16       1.702286400861e-17      -1.299828800207e-18 
 2445       1.470275109194e-11       4.352050351165e-13      -6.234149940955e-13       4.700334182284e-15       1.588248890304e-16       1.708995827559e-17      -1.319661380985e-18 
 2446       1.466335058419e-11       4.347169585617e-13      -6.179097816800e-13       4.694876662174e-15       1.585546709337e-16       1.715643674749e-17      -1.338013312618e-18 
 2447       1.462381374558e-11       4.342617563336e-13      -6.124837820525e-13       4.689417723589e-15       1.582850217522e-16       1.722248656830e-17      -1.354983373718e-18 
 2448       1.458414683239e-11       4.338388879792e-13      -6.071377986534e-13       4.683957461025e-15       1.580159400259e-16       1.728829549793e-17      -1.370670674863e-18 
 2449       1.454435612184e-11       4.334478110770e-13      -6.018726370347e-13       4.678495969243e-15       1.577474242845e-16       1.735405191284e-17      -1.385174658946e-18 
 2450       1.450444791216e-11       4.330879812354e-13      -5.966891048616e-13       4.673033343272e-15       1.574794730471e-16       1.741994480664e-17      -1.398595101510e-18 
 2451       1.446442852255e-11       4.327588520897e-13      -5.915880119149e-13       4.667569678405e-15       1.572120848222e-16       1.748616379080e-17      -1.411032111096e-18 
 2452       1.442430429324e-11       4.324598753009e-13      -5.865701700924e-13       4.662105070204e-15       1.569452581078e-16       1.755289909520e-17      -1.422586129581e-18 
 2453       1.438408158552e-11       4.321905005532e-13      -5.816363934116e-13       4.656639614496e-15       1.566789913915e-16       1.762034156878e-17      -1.433357932524e-18 
 2454       1.434376678173e-11       4.319501755519e-13      -5.767874980109e-13       4.651173407376e-15       1.564132831501e-16       1.768868268021e-17      -1.443448629502e-18 
 2455       1.430336628530e-11       4.317383460216e-13      -5.720243021523e-13       4.645706545207e-15       1.561481318500e-16       1.775811451847e-17      -1.452959664461e-18 
 2456       1.426288652075e-11       4.315544557037e-13      -5.673476262228e-13       4.640239124617e-15       1.558835359470e-16       1.782882979352e-17      -1.461992816049e-18 
 2457       1.422233393377e-11       4.313979463549e-13      -5.627582927367e-13       4.634771242504e-15       1.556194938862e-16       1.790102183689e-17      -1.470650197965e-18 
 2458       1.418171499116e-11       4.312682577443e-13      -5.582571263373e-13       4.629302996034e-15       1.553560041023e-16       1.797488460235e-17      -1.479034259296e-18 
 2459       1.414103618091e-11       4.311648276523e-13      -5.538449537995e-13       4.623834482641e-15       1.550930650191e-16       1.805061266653e-17      -1.487247784863e-18 
 2460       1.410030401221e-11       4.310870918676e-13      -5.495226040308e-13       4.618365800026e-15       1.548306750500e-16       1.812840122951e-17      -1.495393895562e-18 
 2461       1.405952501546e-11       4.310344841859e-13      -5.452909080741e-13       4.612897046161e-15       1.545688325976e-16       1.820844611552e-17      -1.503576048704e-18 
 2462       1.401870574229e-11       4.310064364072e-13      -5.411506991093e-13       4.607428319287e-15       1.543075360540e-16       1.829094377353e-17      -1.511898038360e-18 
 2463       1.397785276560e-11       4.310023783341e-13      -5.371028124553e-13       4.601959717911e-15       1.540467838003e-16       1.837609127786e-17      -1.520463995702e-18 
 2464       1.393697267955e-11       4.310217377695e-13      -5.331480855722e-13       4.596491340815e-15       1.537865742074e-16       1.846408632886e-17      -1.529378389345e-18 
 2465       1.389607209963e-11       4.310639405148e-13      -5.292873580628e-13       4.591023287045e-15       1.535269056350e-16       1.855512725351e-17      -1.538746025688e-18 
 2466       1.385515766263e-11       4.311284103676e-13      -5.255214716752e-13       4.585555655922e-15       1.532677764324e-16       1.864941300605e-17      -1.548672049259e-18 
 2467       1.381423602669e-11       4.312145691195e-13      -5.218512703042e-13       4.580088547034e-15       1.530091849380e-16       1.874714316862e-17      -1.559261943055e-18 
 2468       1.377331387132e-11       4.313218365543e-13      -5.182775999936e-13       4.574622060240e-15       1.527511294797e-16       1.884851795190e-17      -1.570621528883e-18 
 2469       1.373239789743e-11       4.314496304459e-13      -5.148013089380e-13       4.569156295671e-15       1.524936083744e-16       1.895373819571e-17      -1.582856967706e-18 
 2470       1.369149482731e-11       4.315973665560e-13      -5.114232474850e-13       4.563691353728e-15       1.522366199283e-16       1.906300536967e-17      -1.596074759980e-18 
 2471       1.365061140470e-11       4.317644586322e-13      -5.081442681370e-13       4.558227335084e-15       1.519801624368e-16       1.917652157382e-17      -1.610381746002e-18 
 2472       1.360975439478e-11       4.319503184058e-13      -5.049652255532e-13       4.552764340683e-15       1.517242341847e-16       1.929448953922e-17      -1.625885106247e-18 
 2473       1.356893058422e-11       4.321543555900e-13      -5.018869765515e-13       4.547302471741e-15       1.514688334456e-16       1.941711262866e-17      -1.642692361713e-18 
 2474       1.352814678118e-11       4.323759778773e-13      -4.989103801107e-13       4.541841829745e-15       1.512139584828e-16       1.954459483720e-17      -1.660911374260e-18 
 2475       1.348740981532e-11       4.326145909380e-13      -4.960362973721e-13       4.536382516456e-15       1.509596075482e-16       1.967714079286e-17      -1.680650346958e-18 
 2476       1.344672653786e-11       4.328695984177e-13      -4.932655916421e-13       4.530924633906e-15       1.507057788833e-16       1.981495575722e-17      -1.702017824423e-18 
 2477       1.340610345993e-11       4.331404063303e-13      -4.905988680948e-13       4.525468287209e-15       1.504524708218e-16       1.995816466104e-17      -1.725091434387e-18 
 2478       1.336554566542e-11       4.334264362684e-13      -4.880356911977e-13       4.520013593013e-15       1.501996820999e-16       2.010656868678e-17      -1.749823909804e-18 
 2479       1.332505789175e-11       4.337271122667e-13      -4.855753626641e-13       4.514560671095e-15       1.499474115483e-16       2.025988724842e-17      -1.776136511893e-18 
 2480       1.328464489093e-11       4.340418564126e-13      -4.832171813288e-13       4.509109641562e-15       1.496956579885e-16       2.041783882482e-17      -1.803950238189e-18 
 2481       1.324431142963e-11       4.343700888435e-13      -4.809604431446e-13       4.503660624849e-15       1.494444202333e-16       2.058014095884e-17      -1.833185822281e-18 
 2482       1.320406228912e-11       4.347112277457e-13      -4.788044411797e-13       4.498213741719e-15       1.491936970863e-16       2.074651025633e-17      -1.863763733540e-18 
 2483       1.316390226534e-11       4.350646893514e-13      -4.767484656139e-13       4.492769113265e-15       1.489434873425e-16       2.091666238518e-17      -1.895604176847e-18 
 2484       1.312383616889e-11       4.354298879378e-13      -4.747918037364e-13       4.487326860908e-15       1.486937897878e-16       2.109031207443e-17      -1.928627092331e-18 
 2485       1.308386882505e-11       4.358062358243e-13      -4.729337399416e-13       4.481887106399e-15       1.484446031992e-16       2.126717311321e-17      -1.962752155094e-18 
 2486       1.304400507378e-11       4.361931433706e-13      -4.711735557270e-13       4.476449971819e-15       1.481959263446e-16       2.144695834991e-17      -1.997898774944e-18 
 2487       1.300424976976e-11       4.365900189751e-13      -4.695105296893e-13       4.471015579580e-15       1.479477579832e-16       2.162937969113e-17      -2.033986096127e-18 
 2488       1.296460778239e-11       4.369962690726e-13      -4.679439375219e-13       4.465584052423e-15       1.477000968648e-16       2.181414810077e-17      -2.070932997055e-18 
 2489       1.292508399581e-11       4.374112981325e-13      -4.664730520112e-13       4.460155513419e-15       1.474529417307e-16       2.200097359907e-17      -2.108658090042e-18 
 2490       1.288568330891e-11       4.378345086564e-13      -4.650971430341e-13       4.454730085973e-15       1.472062913128e-16       2.218956526168e-17      -2.147079721029e-18 
 2491       1.284641063533e-11       4.382653011768e-13      -4.638154775543e-13       4.449307893817e-15       1.469601443342e-16       2.237963121865e-17      -2.186115969321e-18 
 2492       1.280727090351e-11       4.387030742543e-13      -4.626273196196e-13       4.443889061019e-15       1.467144995089e-16       2.257087865356e-17      -2.225684647313e-18 
 2493       1.276826905668e-11       4.391472244762e-13      -4.615319303587e-13       4.438473711977e-15       1.464693555418e-16       2.276301380247e-17      -2.265703300224e-18 
 2494       1.272941005286e-11       4.395971464544e-13      -4.605285679778e-13       4.433061971420e-15       1.462247111288e-16       2.295574195307e-17      -2.306089205825e-18 
 2495       1.269069886492e-11       4.400522328232e-13      -4.596164877579e-13       4.427653964412e-15       1.459805649568e-16       2.314876744365e-17      -2.346759374175e-18 
 2496       1.265214048056e-11       4.405118742374e-13      -4.587949420514e-13       4.422249816347e-15       1.457369157035e-16       2.334179366217e-17      -2.387630547348e-18 
 2497       1.261373990232e-11       4.409754593705e-13      -4.580631802791e-13       4.416849652955e-15       1.454937620377e-16       2.353452304533e-17      -2.428619199163e-18 
 2498       1.257550214760e-11       4.414423749123e-13      -4.574204489271e-13       4.411453600297e-15       1.452511026189e-16       2.372665707758e-17      -2.469641534920e-18 
 2499       1.253743224872e-11       4.419120055674e-13      -4.568659915437e-13       4.406061784770e-15       1.450089360977e-16       2.391789629022e-17      -2.510613491126e-18 
 2500       1.249953525286e-11       4.423837340527e-13      -4.563990487360e-13       4.400674333103e-15       1.447672611153e-16       2.410794026037e-17      -2.551450735229e-18 
 2501       1.246181622211e-11       4.428569410960e-13      -4.560188581673e-13       4.395291372360e-15       1.445260763041e-16       2.429648761009e-17      -2.592068665347e-18 
 2502       1.242428023350e-11       4.433310054334e-13      -4.557246545536e-13       4.389913029941e-15       1.442853802871e-16       2.448323600541e-17      -2.632382410002e-18 
 2503       1.238693237900e-11       4.438053038076e-13      -4.555156696604e-13       4.384539433578e-15       1.440451716783e-16       2.466788215535e-17      -2.672306827846e-18 
 2504       1.234977776551e-11       4.442792109660e-13      -4.553911323000e-13       4.379170711341e-15       1.438054490824e-16       2.485012181097e-17      -2.711756507398e-18 
 2505       1.231282151493e-11       4.447520996585e-13      -4.553502683281e-13       4.373806991634e-15       1.435662110952e-16       2.502964976447e-17      -2.750645766770e-18 
 2506       1.227606876411e-11       4.452233406356e-13      -4.553923006408e-13       4.368448403198e-15       1.433274563029e-16       2.520615984818e-17      -2.788888653401e-18 
 2507       1.223952466492e-11       4.456923026465e-13      -4.555164491713e-13       4.363095075108e-15       1.430891832830e-16       2.537934493363e-17      -2.826398943785e-18 
 2508       1.220319438422e-11       4.461583524369e-13      -4.557219308870e-13       4.357747136778e-15       1.428513906033e-16       2.554889693059e-17      -2.863090143208e-18 
 2509       1.216708310393e-11       4.466208547472e-13      -4.560079597861e-13       4.352404717958e-15       1.426140768227e-16       2.571450678612e-17      -2.898875485471e-18 
 2510       1.213119602096e-11       4.470791723103e-13      -4.563737468951e-13       4.347067948733e-15       1.423772404907e-16       2.587586448365e-17      -2.933667932627e-18 
 2511       1.209553834732e-11       4.475326658499e-13      -4.568185002649e-13       4.341736959529e-15       1.421408801479e-16       2.603265904196e-17      -2.967380174709e-18 
 2512       1.206011531006e-11       4.479806940782e-13      -4.573414249680e-13       4.336411881106e-15       1.419049943251e-16       2.618457851429e-17      -2.999924629463e-18 
 2513       1.202493215132e-11       4.484226136941e-13      -4.579417230959e-13       4.331092844564e-15       1.416695815443e-16       2.633130998735e-17      -3.031213442077e-18 
 2514       1.198999412835e-11       4.488577793811e-13      -4.586185937550e-13       4.325779981341e-15       1.414346403180e-16       2.647253958040e-17      -3.061158484914e-18 
 2515       1.195530651350e-11       4.492855438056e-13      -4.593712330642e-13       4.320473423213e-15       1.412001691495e-16       2.660795244424e-17      -3.089671357240e-18 
 2516       1.192087387469e-11       4.497053122910e-13      -4.601987202655e-13       4.315173293831e-15       1.409661666824e-16       2.673731016427e-17      -3.116683994559e-18 
 2517       1.188669791225e-11       4.501167071945e-13      -4.610996753371e-13       4.309879683270e-15       1.407326321506e-16       2.686068346347e-17      -3.142210628192e-18 
 2518       1.185277960951e-11       4.505194044831e-13      -4.620725993816e-13       4.304592673331e-15       1.404995649308e-16       2.697822085179e-17      -3.166286185757e-18 
 2519       1.181911995122e-11       4.509130791433e-13      -4.631159883255e-13       4.299312345995e-15       1.402669643933e-16       2.709007134570e-17      -3.188945714437e-18 
 2520       1.178571992356e-11       4.512974051798e-13      -4.642283329143e-13       4.294038783420e-15       1.400348299021e-16       2.719638446871e-17      -3.210224381096e-18 
 2521       1.175258051415e-11       4.516720556145e-13      -4.654081187068e-13       4.288772067942e-15       1.398031608143e-16       2.729731025188e-17      -3.230157472408e-18 
 2522       1.171970271201e-11       4.520367024859e-13      -4.666538260704e-13       4.283512282076e-15       1.395719564810e-16       2.739299923437e-17      -3.248780394974e-18 
 2523       1.168708750761e-11       4.523910168479e-13      -4.679639301753e-13       4.278259508516e-15       1.393412162463e-16       2.748360246388e-17      -3.266128675445e-18 
 2524       1.165473589282e-11       4.527346687687e-13      -4.693369009895e-13       4.273013830133e-15       1.391109394483e-16       2.756927149724e-17      -3.282237960642e-18 
 2525       1.162264886096e-11       4.530673273301e-13      -4.707712032736e-13       4.267775329979e-15       1.388811254181e-16       2.765015840087e-17      -3.297144017681e-18 
 2526       1.159082740677e-11       4.533886606265e-13      -4.722652965752e-13       4.262544091283e-15       1.386517734806e-16       2.772641575133e-17      -3.310882734091e-18 
 2527       1.155927252642e-11       4.536983357638e-13      -4.738176352239e-13       4.257320197456e-15       1.384228829541e-16       2.779819663582e-17      -3.323490117935e-18 
 2528       1.152798521752e-11       4.539960188587e-13      -4.754266683261e-13       4.252103732084e-15       1.381944531502e-16       2.786565465270e-17      -3.335002297937e-18 
 2529       1.149696647910e-11       4.542813750375e-13      -4.770908397592e-13       4.246894778938e-15       1.379664833742e-16       2.792894391198e-17      -3.345455523598e-18 
 2530       1.146621731162e-11       4.545540684351e-13      -4.788085881672e-13       4.241693421963e-15       1.377389729245e-16       2.798821903587e-17      -3.354886165318e-18 
 2531       1.143573871698e-11       4.548137621944e-13      -4.805783469545e-13       4.236499745287e-15       1.375119210934e-16       2.804363515928e-17      -3.363330714522e-18 
 2532       1.140553169851e-11       4.550601184648e-13      -4.823985442814e-13       4.231313833218e-15       1.372853271662e-16       2.809534793031e-17      -3.370825783775e-18 
 2533       1.137559726099e-11       4.552927984019e-13      -4.842676030581e-13       4.226135770242e-15       1.370591904217e-16       2.814351351082e-17      -3.377408106911e-18 
 2534       1.134593641060e-11       4.555114621660e-13      -4.861839409403e-13       4.220965641026e-15       1.368335101324e-16       2.818828857689e-17      -3.383114539146e-18 
 2535       1.131655015498e-11       4.557157689214e-13      -4.881459703229e-13       4.215803530419e-15       1.366082855638e-16       2.822983031936e-17      -3.387982057208e-18 
 2536       1.128743950322e-11       4.559053768352e-13      -4.901520983358e-13       4.210649523448e-15       1.363835159750e-16       2.826829644432e-17      -3.392047759452e-18 
 2537       1.125860546582e-11       4.560799430769e-13      -4.922007268376e-13       4.205503705322e-15       1.361592006185e-16       2.830384517369e-17      -3.395348865986e-18 
 2538       1.123004905473e-11       4.562391238167e-13      -4.942902524112e-13       4.200366161430e-15       1.359353387402e-16       2.833663524564e-17      -3.397922718788e-18 
 2539       1.120177128334e-11       4.563825742251e-13      -4.964190663580e-13       4.195236977341e-15       1.357119295791e-16       2.836682591517e-17      -3.399806781833e-18 
 2540       1.117377316648e-11       4.565099484717e-13      -4.985855546927e-13       4.190116238808e-15       1.354889723679e-16       2.839457695463e-17      -3.401038641211e-18 
 2541       1.114605572042e-11       4.566208997244e-13      -5.007880981382e-13       4.185004031762e-15       1.352664663324e-16       2.842004865417e-17      -3.401656005248e-18 
 2542       1.111861996287e-11       4.567150801481e-13      -5.030250721201e-13       4.179900442317e-15       1.350444106920e-16       2.844340182232e-17      -3.401696704629e-18 
 2543       1.109146691299e-11       4.567921409042e-13      -5.052948467618e-13       4.174805556768e-15       1.348228046591e-16       2.846479778647e-17      -3.401198692520e-18 
 2544       1.106459759138e-11       4.568517321494e-13      -5.075957868788e-13       4.169719461591e-15       1.346016474396e-16       2.848439839341e-17      -3.400200044690e-18 
 2545       1.103801302007e-11       4.568935030346e-13      -5.099262519735e-13       4.164642243444e-15       1.343809382328e-16       2.850236600980e-17      -3.398738959627e-18 
 2546       1.101171422255e-11       4.569171017043e-13      -5.122845962303e-13       4.159573989168e-15       1.341606762313e-16       2.851886352275e-17      -3.396853758670e-18 
 2547       1.098570222376e-11       4.569221752955e-13      -5.146691685098e-13       4.154514785784e-15       1.339408606207e-16       2.853405434025e-17      -3.394582886118e-18 
 2548       1.095997805007e-11       4.569083699364e-13      -5.170783123440e-13       4.149464720496e-15       1.337214905803e-16       2.854810239177e-17      -3.391964909364e-18 
 2549       1.093454272931e-11       4.568753307459e-13      -5.195103659308e-13       4.144423880691e-15       1.335025652823e-16       2.856117212872e-17      -3.389038519005e-18 
 2550       1.090939729076e-11       4.568227018327e-13      -5.219636621285e-13       4.139392353937e-15       1.332840838926e-16       2.857342852498e-17      -3.385842528974e-18 
 2551       1.088454276513e-11       4.567501262938e-13      -5.244365284510e-13       4.134370227985e-15       1.330660455700e-16       2.858503707740e-17      -3.382415876652e-18 
 2552       1.085998018460e-11       4.566572462139e-13      -5.269272870622e-13       4.129357590771e-15       1.328484494668e-16       2.859616380637e-17      -3.378797622996e-18 
 2553       1.083571058280e-11       4.565437026647e-13      -5.294342547709e-13       4.124354530409e-15       1.326312947283e-16       2.860697525624e-17      -3.375026952660e-18 
 2554       1.081173499479e-11       4.564091357033e-13      -5.319557430254e-13       4.119361135201e-15       1.324145804932e-16       2.861763849593e-17      -3.371143174113e-18 
 2555       1.078805385012e-11       4.562532505408e-13      -5.344901177358e-13       4.114377480911e-15       1.321983058422e-16       2.862828730114e-17      -3.367175612899e-18 
 2556       1.076466514804e-11       4.560760164623e-13      -5.370359791265e-13       4.109403592535e-15       1.319824696429e-16       2.863892048851e-17      -3.363113227872e-18 
 2557       1.074156627179e-11       4.558774690448e-13      -5.395919829041e-13       4.104439482317e-15       1.317670707040e-16       2.864950299984e-17      -3.358934821067e-18 
 2558       1.071875459468e-11       4.556576440919e-13      -5.421567805189e-13       4.099485162443e-15       1.315521078266e-16       2.865999966730e-17      -3.354619128690e-18 
 2559       1.069622748000e-11       4.554165776344e-13      -5.447290191613e-13       4.094540645047e-15       1.313375798038e-16       2.867037521336e-17      -3.350144821048e-18 
 2560       1.067398228111e-11       4.551543059303e-13      -5.473073417570e-13       4.089605942201e-15       1.311234854210e-16       2.868059425064e-17      -3.345490502491e-18 
 2561       1.065201634133e-11       4.548708654649e-13      -5.498903869634e-13       4.084681065928e-15       1.309098234559e-16       2.869062128182e-17      -3.340634711345e-18 
 2562       1.063032699399e-11       4.545662929515e-13      -5.524767891651e-13       4.079766028189e-15       1.306965926782e-16       2.870042069955e-17      -3.335555919846e-18 
 2563       1.060891156240e-11       4.542406253312e-13      -5.550651784696e-13       4.074860840892e-15       1.304837918500e-16       2.870995678630e-17      -3.330232534080e-18 
 2564       1.058776735985e-11       4.538938997736e-13      -5.576541807035e-13       4.069965515888e-15       1.302714197255e-16       2.871919371430e-17      -3.324642893915e-18 
 2565       1.056689168960e-11       4.535261536767e-13      -5.602424174081e-13       4.065080064972e-15       1.300594750511e-16       2.872809554539e-17      -3.318765272938e-18 
 2566       1.054628184485e-11       4.531374246673e-13      -5.628285058353e-13       4.060204499881e-15       1.298479565653e-16       2.873662623097e-17      -3.312577878394e-18 
 2567       1.052593510874e-11       4.527277506012e-13      -5.654110589433e-13       4.055338832297e-15       1.296368629989e-16       2.874474961181e-17      -3.306058851115e-18 
 2568       1.050584875435e-11       4.522971695637e-13      -5.679886853925e-13       4.050483073846e-15       1.294261930747e-16       2.875242941804e-17      -3.299186265463e-18 
 2569       1.048602004467e-11       4.518457198694e-13      -5.705599895415e-13       4.045637236094e-15       1.292159455077e-16       2.875962926894e-17      -3.291938129261e-18 
 2570       1.046644623264e-11       4.513734400630e-13      -5.731235714427e-13       4.040801330554e-15       1.290061190051e-16       2.876631267294e-17      -3.284292383731e-18 
 2571       1.044712456104e-11       4.508803689191e-13      -5.756780268381e-13       4.035975368680e-15       1.287967122661e-16       2.877244302741e-17      -3.276226903430e-18 
 2572       1.042805226260e-11       4.503665454426e-13      -5.782219471552e-13       4.031159361869e-15       1.285877239821e-16       2.877798361864e-17      -3.267719496182e-18 
 2573       1.040922655989e-11       4.498320088693e-13      -5.807539195032e-13       4.026353321461e-15       1.283791528366e-16       2.878289762167e-17      -3.258747903021e-18 
 2574       1.039064466536e-11       4.492767986655e-13      -5.832725266679e-13       4.021557258739e-15       1.281709975051e-16       2.878714810022e-17      -3.249289798120e-18 
 2575       1.037230378133e-11       4.487009545289e-13      -5.857763471087e-13       4.016771184929e-15       1.279632566554e-16       2.879069800656e-17      -3.239322788730e-18 
 2576       1.035420109997e-11       4.481045163883e-13      -5.882639549533e-13       4.011995111199e-15       1.277559289470e-16       2.879351018142e-17      -3.228824415116e-18 
 2577       1.033633380328e-11       4.474875244045e-13      -5.907339199945e-13       4.007229048660e-15       1.275490130319e-16       2.879554735388e-17      -3.217772150492e-18 
 2578       1.031869906308e-11       4.468500189699e-13      -5.931848076852e-13       4.002473008366e-15       1.273425075539e-16       2.879677214126e-17      -3.206143400955e-18 
 2579       1.030129404103e-11       4.461920407091e-13      -5.956151791348e-13       3.997727001310e-15       1.271364111488e-16       2.879714704899e-17      -3.193915505427e-18 
 2580       1.028411588858e-11       4.455136304793e-13      -5.980235911049e-13       3.992991038432e-15       1.269307224447e-16       2.879663447055e-17      -3.181065735583e-18 
 2581       1.026716174699e-11       4.448148293701e-13      -6.004085960049e-13       3.988265130612e-15       1.267254400615e-16       2.879519668732e-17      -3.167571295790e-18 
 2582       1.025042874731e-11       4.440956787042e-13      -6.027687418880e-13       3.983549288670e-15       1.265205626113e-16       2.879279586851e-17      -3.153409323046e-18 
 2583       1.023391401035e-11       4.433562200376e-13      -6.051025724471e-13       3.978843523371e-15       1.263160886979e-16       2.878939407101e-17      -3.138556886912e-18 
 2584       1.021761464669e-11       4.425964951594e-13      -6.074086270104e-13       3.974147845422e-15       1.261120169175e-16       2.878495323933e-17      -3.122990989448e-18 
 2585       1.020152775669e-11       4.418165460928e-13      -6.096854405376e-13       3.969462265468e-15       1.259083458581e-16       2.877943520544e-17      -3.106688565149e-18 
 2586       1.018565043042e-11       4.410164150947e-13      -6.119315436153e-13       3.964786794099e-15       1.257050740995e-16       2.877280168873e-17      -3.089626480884e-18 
 2587       1.016997974772e-11       4.401961446563e-13      -6.141454624529e-13       3.960121441847e-15       1.255022002139e-16       2.876501429582e-17      -3.071781535828e-18 
 2588       1.015451277812e-11       4.393557775033e-13      -6.163257188788e-13       3.955466219183e-15       1.252997227651e-16       2.875603452053e-17      -3.053130461399e-18 
 2589       1.013924658091e-11       4.384953565962e-13      -6.184708303358e-13       3.950821136521e-15       1.250976403090e-16       2.874582374374e-17      -3.033649921192e-18 
 2590       1.012417820504e-11       4.376149251303e-13      -6.205793098772e-13       3.946186204215e-15       1.248959513935e-16       2.873434323327e-17      -3.013316510921e-18 
 2591       1.010930468918e-11       4.367145265365e-13      -6.226496661624e-13       3.941561432563e-15       1.246946545583e-16       2.872155414378e-17      -2.992106758348e-18 
 2592       1.009462306167e-11       4.357942044808e-13      -6.246804034529e-13       3.936946831801e-15       1.244937483351e-16       2.870741751670e-17      -2.969997123220e-18 
 2593       1.008013034054e-11       4.348540028652e-13      -6.266700216080e-13       3.932342412107e-15       1.242932312476e-16       2.869189428005e-17      -2.946963997208e-18 
 2594       1.006582335682e-11       4.338940072992e-13      -6.286171807184e-13       3.927748173376e-15       1.240931019655e-16       2.867496059146e-17      -2.922997492913e-18 
 2595       1.005169822352e-11       4.329144697688e-13      -6.305211960292e-13       3.923164074480e-15       1.238933597680e-16       2.865665396176e-17      -2.898142896063e-18 
 2596       1.003775086366e-11       4.319156846718e-13      -6.323815458023e-13       3.918590063832e-15       1.236940040832e-16       2.863702739150e-17      -2.872459447192e-18 
 2597       1.002397718661e-11       4.308979474114e-13      -6.341977069314e-13       3.914026089597e-15       1.234950343337e-16       2.861613405176e-17      -2.846006574000e-18 
 2598       1.001037308807e-11       4.298615543967e-13      -6.359691549409e-13       3.909472099692e-15       1.232964499370e-16       2.859402728426e-17      -2.818843891534e-18 
 2599       9.996934450113e-12       4.288068030444e-13      -6.376953639842e-13       3.904928041783e-15       1.230982503053e-16       2.857076060155e-17      -2.791031202369e-18 
 2600       9.983657141086e-12       4.277339917790e-13      -6.393758068429e-13       3.900393863288e-15       1.229004348454e-16       2.854638768720e-17      -2.762628496793e-18 
 2601       9.970537015666e-12       4.266434200347e-13      -6.410099549256e-13       3.895869511374e-15       1.227030029591e-16       2.852096239591e-17      -2.733695952984e-18 
 2602       9.957569914816e-12       4.255353882557e-13      -6.425972782661e-13       3.891354932957e-15       1.225059540425e-16       2.849453875374e-17      -2.704293937197e-18 
 2603       9.944751665777e-12       4.244101978972e-13      -6.441372455227e-13       3.886850074705e-15       1.223092874868e-16       2.846717095823e-17      -2.674483003939e-18 
 2604       9.932078082053e-12       4.232681514271e-13      -6.456293239770e-13       3.882354883032e-15       1.221130026777e-16       2.843891337858e-17      -2.644323896158e-18 
 2605       9.919544963401e-12       4.221095523263e-13      -6.470729795323e-13       3.877869304104e-15       1.219170989955e-16       2.840982055583e-17      -2.613877545418e-18 
 2606       9.907148095814e-12       4.209347050897e-13      -6.484676767124e-13       3.873393283835e-15       1.217215758153e-16       2.837994720301e-17      -2.583205072085e-18 
 2607       9.894883251512e-12       4.197439152278e-13      -6.498128786606e-13       3.868926767885e-15       1.215264325070e-16       2.834934820531e-17      -2.552367785507e-18 
 2608       9.882746188921e-12       4.185374892671e-13      -6.511080471385e-13       3.864469701666e-15       1.213316684348e-16       2.831807862025e-17      -2.521427184195e-18 
 2609       9.870732652667e-12       4.173157347514e-13      -6.523526425243e-13       3.860022030336e-15       1.211372829581e-16       2.828619367785e-17      -2.490444956006e-18 
 2610       9.858838373560e-12       4.160789602426e-13      -6.535461238120e-13       3.855583698799e-15       1.209432754304e-16       2.825374878078e-17      -2.459482978324e-18 
 2611       9.847059068579e-12       4.148274753220e-13      -6.546879486102e-13       3.851154651709e-15       1.207496452001e-16       2.822079950455e-17      -2.428603318242e-18 
 2612       9.835390440858e-12       4.135615905909e-13      -6.557775731405e-13       3.846734833466e-15       1.205563916105e-16       2.818740159764e-17      -2.397868232742e-18 
 2613       9.823828179678e-12       4.122816176720e-13      -6.568144522364e-13       3.842324188217e-15       1.203635139990e-16       2.815361098173e-17      -2.367340168881e-18 
 2614       9.812367960445e-12       4.109878692101e-13      -6.577980393422e-13       3.837922659854e-15       1.201710116980e-16       2.811948375179e-17      -2.337081763966e-18 
 2615       9.801005444684e-12       4.096806588731e-13      -6.587277865118e-13       3.833530192019e-15       1.199788840345e-16       2.808507617630e-17      -2.307155845741e-18 
 2616       9.789736280022e-12       4.083603013534e-13      -6.596031444071e-13       3.829146728095e-15       1.197871303300e-16       2.805044469739e-17      -2.277625432567e-18 
 2617       9.778556100175e-12       4.070271123684e-13      -6.604235622971e-13       3.824772211214e-15       1.195957499007e-16       2.801564593103e-17      -2.248553733602e-18 
 2618       9.767460524935e-12       4.056814086616e-13      -6.611884880566e-13       3.820406584253e-15       1.194047420574e-16       2.798073666717e-17      -2.220004148986e-18 
 2619       9.756445160155e-12       4.043235080039e-13      -6.618973681649e-13       3.816049789834e-15       1.192141061053e-16       2.794577386992e-17      -2.192040270020e-18 
 2620       9.745505597736e-12       4.029537291943e-13      -6.625496477044e-13       3.811701770323e-15       1.190238413445e-16       2.791081467771e-17      -2.164725879348e-18 
 2621       9.734637415617e-12       4.015723920611e-13      -6.631447703598e-13       3.807362467832e-15       1.188339470695e-16       2.787591640349e-17      -2.138124951138e-18 
 2622       9.723836177756e-12       4.001798174625e-13      -6.636821784165e-13       3.803031824216e-15       1.186444225695e-16       2.784113653483e-17      -2.112301651267e-18 
 2623       9.713097434121e-12       3.987763272883e-13      -6.641613127593e-13       3.798709781074e-15       1.184552671281e-16       2.780653273414e-17      -2.087320337499e-18 
 2624       9.702416720672e-12       3.973622444601e-13      -6.645816128717e-13       3.794396279749e-15       1.182664800236e-16       2.777216283883e-17      -2.063245559668e-18 
 2625       9.691789559351e-12       3.959378929330e-13      -6.649425168339e-13       3.790091261330e-15       1.180780605288e-16       2.773808486144e-17      -2.040142059858e-18 
 2626       9.681211458071e-12       3.945035976960e-13      -6.652434613220e-13       3.785794666645e-15       1.178900079111e-16       2.770435698987e-17      -2.018074772589e-18 
 2627       9.670677910694e-12       3.930596847736e-13      -6.654838816071e-13       3.781506436268e-15       1.177023214324e-16       2.767103758749e-17      -1.997108824993e-18 
 2628       9.660184397025e-12       3.916064812261e-13      -6.656632115530e-13       3.777226510513e-15       1.175150003492e-16       2.763818519331e-17      -1.977309537001e-18 
 2629       9.649726382798e-12       3.901443151513e-13      -6.657808836163e-13       3.772954829441e-15       1.173280439124e-16       2.760585852219e-17      -1.958742421521e-18 
 2630       9.639299319656e-12       3.886735156850e-13      -6.658363288440e-13       3.768691332849e-15       1.171414513677e-16       2.757411646497e-17      -1.941473184618e-18 
 2631       9.628898645146e-12       3.871944130022e-13      -6.658289768729e-13       3.764435960281e-15       1.169552219550e-16       2.754301808863e-17      -1.925567725703e-18 
 2632       9.618519782701e-12       3.857073383182e-13      -6.657582559284e-13       3.760188651019e-15       1.167693549089e-16       2.751262263650e-17      -1.911092137706e-18 
 2633       9.608158403221e-12       3.842126253271e-13      -6.656237544930e-13       3.755949341023e-15       1.165838494744e-16       2.748297273071e-17      -1.898086771233e-18 
 2634       9.597811211434e-12       3.827106145250e-13      -6.654257072981e-13       3.751717953705e-15       1.163987049552e-16       2.745404387729e-17      -1.886488269044e-18 
 2635       9.587475163883e-12       3.812016489132e-13      -6.651645120332e-13       3.747494409103e-15       1.162139206657e-16       2.742579468058e-17      -1.876207098318e-18 
 2636       9.577147207721e-12       3.796860725631e-13      -6.648405679221e-13       3.743278626939e-15       1.160294959152e-16       2.739818361531e-17      -1.867153447037e-18 
 2637       9.566824280697e-12       3.781642306179e-13      -6.644542757250e-13       3.739070526616e-15       1.158454300074e-16       2.737116902640e-17      -1.859237223719e-18 
 2638       9.556503311150e-12       3.766364692930e-13      -6.640060377399e-13       3.734870027226e-15       1.156617222412e-16       2.734470912891e-17      -1.852368057151e-18 
 2639       9.546181218003e-12       3.751031358772e-13      -6.634962578038e-13       3.730677047541e-15       1.154783719101e-16       2.731876200785e-17      -1.846455296123e-18 
 2640       9.535854910748e-12       3.735645787342e-13      -6.629253412950e-13       3.726491506015e-15       1.152953783023e-16       2.729328561811e-17      -1.841408009158e-18 
 2641       9.525521289441e-12       3.720211473028e-13      -6.622936951340e-13       3.722313320790e-15       1.151127407007e-16       2.726823778433e-17      -1.837134984249e-18 
 2642       9.515177244692e-12       3.704731920985e-13      -6.616017277853e-13       3.718142409685e-15       1.149304583832e-16       2.724357620073e-17      -1.833544728586e-18 
 2643       9.504819657657e-12       3.689210647144e-13      -6.608498492589e-13       3.713978690204e-15       1.147485306222e-16       2.721925843104e-17      -1.830545468295e-18 
 2644       9.494445400026e-12       3.673651178222e-13      -6.600384711121e-13       3.709822079532e-15       1.145669566849e-16       2.719524190833e-17      -1.828045148168e-18 
 2645       9.484051334019e-12       3.658057051732e-13      -6.591680064507e-13       3.705672494537e-15       1.143857358333e-16       2.717148393493e-17      -1.825951431395e-18 
 2646       9.473634312371e-12       3.642431815992e-13      -6.582388699308e-13       3.701529851767e-15       1.142048673239e-16       2.714794168226e-17      -1.824171699299e-18 
 2647       9.463191178330e-12       3.626779030139e-13      -6.572514777603e-13       3.697394067449e-15       1.140243504082e-16       2.712457219077e-17      -1.822613051066e-18 
 2648       9.452718765640e-12       3.611102264135e-13      -6.562062477004e-13       3.693265057495e-15       1.138441843322e-16       2.710133236972e-17      -1.821182303483e-18 
 2649       9.442213898539e-12       3.595405098781e-13      -6.551035990671e-13       3.689142737494e-15       1.136643683367e-16       2.707817899716e-17      -1.819785990663e-18 
 2650       9.431673391748e-12       3.579691125722e-13      -6.539439527331e-13       3.685027022714e-15       1.134849016572e-16       2.705506871972e-17      -1.818330363787e-18 
 2651       9.421094050458e-12       3.563963947464e-13      -6.527277311290e-13       3.680917828107e-15       1.133057835238e-16       2.703195805255e-17      -1.816721390830e-18 
 2652       9.410472670328e-12       3.548227177378e-13      -6.514553582449e-13       3.676815068298e-15       1.131270131613e-16       2.700880337915e-17      -1.814864756294e-18 
 2653       9.399806037470e-12       3.532484439715e-13      -6.501272596321e-13       3.672718657598e-15       1.129485897892e-16       2.698556095128e-17      -1.812665860948e-18 
 2654       9.389090928444e-12       3.516739369613e-13      -6.487438624046e-13       3.668628509990e-15       1.127705126218e-16       2.696218688880e-17      -1.810029821552e-18 
 2655       9.378324110245e-12       3.500995613110e-13      -6.473055952406e-13       3.664544539139e-15       1.125927808679e-16       2.693863717958e-17      -1.806861470595e-18 
 2656       9.367502340300e-12       3.485256827150e-13      -6.458128883843e-13       3.660466658387e-15       1.124153937310e-16       2.691486767937e-17      -1.803065356026e-18 
 2657       9.356622366453e-12       3.469526679598e-13      -6.442661736471e-13       3.656394780754e-15       1.122383504091e-16       2.689083411163e-17      -1.798545740988e-18 
 2658       9.345680926958e-12       3.453808849247e-13      -6.426658844092e-13       3.652328818937e-15       1.120616500952e-16       2.686649206748e-17      -1.793206603551e-18 
 2659       9.334674750474e-12       3.438107025831e-13      -6.410124556215e-13       3.648268685309e-15       1.118852919767e-16       2.684179700552e-17      -1.786951636443e-18 
 2660       9.323600556048e-12       3.422424910031e-13      -6.393063238070e-13       3.644214291922e-15       1.117092752356e-16       2.681670425174e-17      -1.779684246784e-18 
 2661       9.312455053115e-12       3.406766213490e-13      -6.375479270621e-13       3.640165550501e-15       1.115335990486e-16       2.679116899936e-17      -1.771307555820e-18 
 2662       9.301234941482e-12       3.391134658820e-13      -6.357377050584e-13       3.636122372449e-15       1.113582625870e-16       2.676514630874e-17      -1.761724398654e-18 
 2663       9.289936911322e-12       3.375533979614e-13      -6.338760990443e-13       3.632084668845e-15       1.111832650168e-16       2.673859110723e-17      -1.750837323980e-18 
 2664       9.278557643165e-12       3.359967920455e-13      -6.319635518465e-13       3.628052350442e-15       1.110086054985e-16       2.671145818907e-17      -1.738548593815e-18 
 2665       9.267093807889e-12       3.344440236926e-13      -6.300005078713e-13       3.624025327670e-15       1.108342831872e-16       2.668370221525e-17      -1.724760183233e-18 
 2666       9.255542066710e-12       3.328954695622e-13      -6.279874131068e-13       3.620003510630e-15       1.106602972327e-16       2.665527771337e-17      -1.709373780098e-18 
 2667       9.243899071176e-12       3.313515074159e-13      -6.259247151237e-13       3.615986809100e-15       1.104866467793e-16       2.662613907756e-17      -1.692290784793e-18 
 2668       9.232161463152e-12       3.298125161184e-13      -6.238128630773e-13       3.611975132533e-15       1.103133309659e-16       2.659624056832e-17      -1.673412309960e-18 
 2669       9.220325874819e-12       3.282788756387e-13      -6.216523077090e-13       3.607968390053e-15       1.101403489260e-16       2.656553631241e-17      -1.652639180227e-18 
 2670       9.208388928659e-12       3.267509670506e-13      -6.194435013479e-13       3.603966490459e-15       1.099676997876e-16       2.653398030270e-17      -1.629871931941e-18 
 2671       9.196347237446e-12       3.252291725347e-13      -6.171868979123e-13       3.599969342221e-15       1.097953826733e-16       2.650152639811e-17      -1.605010812906e-18 
 2672       9.184197860114e-12       3.237138452548e-13      -6.148830291578e-13       3.595976858631e-15       1.096233967139e-16       2.646813332304e-17      -1.577990431041e-18 
 2673       9.171939672089e-12       3.222052188091e-13      -6.125327338768e-13       3.591988973263e-15       1.094517410884e-16       2.643377969614e-17      -1.548883908390e-18 
 2674       9.159572002442e-12       3.207034972852e-13      -6.101369299584e-13       3.588005624596e-15       1.092804149844e-16       2.639844908371e-17      -1.517799297409e-18 
 2675       9.147094178708e-12       3.192088853390e-13      -6.076965382586e-13       3.584026750873e-15       1.091094175840e-16       2.636212500748e-17      -1.484844984189e-18 
 2676       9.134505526874e-12       3.177215881956e-13      -6.052124826031e-13       3.580052290100e-15       1.089387480642e-16       2.632479094458e-17      -1.450129688771e-18 
 2677       9.121805371386e-12       3.162418116495e-13      -6.026856897904e-13       3.576082180048e-15       1.087684055968e-16       2.628643032752e-17      -1.413762465466e-18 
 2678       9.108993035140e-12       3.147697620651e-13      -6.001170895943e-13       3.572116358250e-15       1.085983893483e-16       2.624702654412e-17      -1.375852703161e-18 
 2679       9.096067839490e-12       3.133056463775e-13      -5.975076147669e-13       3.568154762003e-15       1.084286984801e-16       2.620656293746e-17      -1.336510125643e-18 
 2680       9.083029104236e-12       3.118496720928e-13      -5.948582010413e-13       3.564197328367e-15       1.082593321480e-16       2.616502280589e-17      -1.295844791907e-18 
 2681       9.069876147634e-12       3.104020472885e-13      -5.921697871348e-13       3.560243994166e-15       1.080902895030e-16       2.612238940296e-17      -1.253967096476e-18 
 2682       9.056608286384e-12       3.089629806143e-13      -5.894433147512e-13       3.556294695985e-15       1.079215696905e-16       2.607864593735e-17      -1.210987769714e-18 
 2683       9.043224835636e-12       3.075326812925e-13      -5.866797285843e-13       3.552349370171e-15       1.077531718508e-16       2.603377557289e-17      -1.167017878140e-18 
 2684       9.029725108985e-12       3.061113591184e-13      -5.838799763199e-13       3.548407952835e-15       1.075850951189e-16       2.598776142848e-17      -1.122168824744e-18 
 2685       9.016108418474e-12       3.046992244610e-13      -5.810450086396e-13       3.544470379849e-15       1.074173386245e-16       2.594058657805e-17      -1.076552349305e-18 
 2686       9.002374074585e-12       3.032964882634e-13      -5.781757792228e-13       3.540536586844e-15       1.072499014920e-16       2.589223405055e-17      -1.030280528699e-18 
 2687       8.988521386246e-12       3.019033620433e-13      -5.752732447500e-13       3.536606509217e-15       1.070827828405e-16       2.584268682988e-17      -9.834657772209e-19 
 2688       8.974549660825e-12       3.005200578938e-13      -5.723383649056e-13       3.532680082123e-15       1.069159817840e-16       2.579192785484e-17      -9.362208468958e-19 
 2689       8.960458204128e-12       2.991467884835e-13      -5.693721023806e-13       3.528757240478e-15       1.067494974310e-16       2.573994001913e-17      -8.886588277953e-19 
 2690       8.946246320403e-12       2.977837670571e-13      -5.663754228755e-13       3.524837918959e-15       1.065833288846e-16       2.568670617128e-17      -8.408931483521e-19 
 2691       8.931913312332e-12       2.964312074363e-13      -5.633492951032e-13       3.520922052005e-15       1.064174752428e-16       2.563220911463e-17      -7.930375756749e-19 
 2692       8.917458481034e-12       2.950893240197e-13      -5.602946907917e-13       3.517009573813e-15       1.062519355982e-16       2.557643160725e-17      -7.452062158641e-19 
 2693       8.902881126063e-12       2.937583317840e-13      -5.572125846871e-13       3.513100418340e-15       1.060867090382e-16       2.551935636196e-17      -6.975135143259e-19 
 2694       8.888180545404e-12       2.924384462839e-13      -5.541039545564e-13       3.509194519304e-15       1.059217946446e-16       2.546096604623e-17      -6.500742560882e-19 
 2695       8.873356035476e-12       2.911298836531e-13      -5.509697811903e-13       3.505291810181e-15       1.057571914940e-16       2.540124328219e-17      -6.030035661148e-19 
 2696       8.858406891129e-12       2.898328606044e-13      -5.478110484058e-13       3.501392224208e-15       1.055928986578e-16       2.534017064654e-17      -5.564169096210e-19 
 2697       8.843332405640e-12       2.885475944306e-13      -5.446287430497e-13       3.497495694379e-15       1.054289152018e-16       2.527773067057e-17      -5.104300923884e-19 
 2698       8.828131870716e-12       2.872743030047e-13      -5.414238550008e-13       3.493602153447e-15       1.052652401867e-16       2.521390584005e-17      -4.651592610801e-19 
 2699       8.812804576488e-12       2.860132047807e-13      -5.381973771728e-13       3.489711533925e-15       1.051018726675e-16       2.514867859526e-17      -4.207209035552e-19 
 2700       8.797349811516e-12       2.847645187937e-13      -5.349503055176e-13       3.485823768082e-15       1.049388116943e-16       2.508203133089e-17      -3.772318491845e-19 
 2701       8.781766862781e-12       2.835284646611e-13      -5.316836390278e-13       3.481938787947e-15       1.047760563114e-16       2.501394639603e-17      -3.348092691651e-19 
 2702       8.766055015687e-12       2.823052625823e-13      -5.283983797393e-13       3.478056525305e-15       1.046136055579e-16       2.494440609414e-17      -2.935706768354e-19 
 2703       8.750213554062e-12       2.810951333398e-13      -5.250955327348e-13       3.474176911699e-15       1.044514584676e-16       2.487339268298e-17      -2.536339279904e-19 
 2704       8.734241760150e-12       2.798982982997e-13      -5.217761061461e-13       3.470299878431e-15       1.042896140687e-16       2.480088837459e-17      -2.151172211964e-19 
 2705       8.718138914618e-12       2.787149794117e-13      -5.184411111569e-13       3.466425356557e-15       1.041280713843e-16       2.472687533524e-17      -1.781390981063e-19 
 2706       8.701904296546e-12       2.775453992102e-13      -5.150915620062e-13       3.462553276892e-15       1.039668294317e-16       2.465133568541e-17      -1.428184437743e-19 
 2707       8.685537183435e-12       2.763897808147e-13      -5.117284759906e-13       3.458683570007e-15       1.038058872231e-16       2.457425149970e-17      -1.092744869712e-19 
 2708       8.669036851196e-12       2.752483479298e-13      -5.083528734672e-13       3.454816166228e-15       1.036452437653e-16       2.449560480686e-17      -7.762680049940e-20 
 2709       8.652402574157e-12       2.741213248466e-13      -5.049657778568e-13       3.450950995638e-15       1.034848980595e-16       2.441537758969e-17      -4.799530150765e-20 
 2710       8.635633625056e-12       2.730089364424e-13      -5.015682156464e-13       3.447087988078e-15       1.033248491015e-16       2.433355178505e-17      -2.050025180635e-20 
 2711       8.618729639575e-12       2.719113690261e-13      -4.981611871688e-13       3.443227082737e-15       1.031650960079e-16       2.425011504749e-17       4.773517575391e-21 
 2712       8.601691712077e-12       2.708286526410e-13      -4.947455787635e-13       3.439368257013e-15       1.030056383953e-16       2.416507807454e-17       2.788414449257e-20 
 2713       8.584521305786e-12       2.697607781269e-13      -4.913222501472e-13       3.435511497810e-15       1.028464760030e-16       2.407845737494e-17       4.892577786092e-20 
 2714       8.567219888793e-12       2.687077362182e-13      -4.878920635960e-13       3.431656791956e-15       1.026876085671e-16       2.399026951351e-17       6.799285492490e-20 
 2715       8.549788934065e-12       2.676695175437e-13      -4.844558839480e-13       3.427804126207e-15       1.025290358205e-16       2.390053111114e-17       8.518010152652e-20 
 2716       8.532229919447e-12       2.666461126261e-13      -4.810145786055e-13       3.423953487240e-15       1.023707574929e-16       2.380925884493e-17       1.005825323743e-19 
 2717       8.514544327668e-12       2.656375118825e-13      -4.775690175377e-13       3.420104861660e-15       1.022127733106e-16       2.371646944817e-17       1.142954513122e-19 
 2718       8.496733646344e-12       2.646437056237e-13      -4.741200732826e-13       3.416258235995e-15       1.020550829969e-16       2.362217971042e-17       1.264144515883e-19 
 2719       8.478799367984e-12       2.636646840545e-13      -4.706686209496e-13       3.412413596697e-15       1.018976862718e-16       2.352640647755e-17       1.370354161241e-19 
 2720       8.460742989995e-12       2.627004372733e-13      -4.672155382219e-13       3.408570930145e-15       1.017405828520e-16       2.342916665185e-17       1.462545177830e-19 
 2721       8.442566014687e-12       2.617509552720e-13      -4.637617053590e-13       3.404730222640e-15       1.015837724511e-16       2.333047719201e-17       1.541682196395e-19 
 2722       8.424269949274e-12       2.608162279362e-13      -4.603080051984e-13       3.400891460408e-15       1.014272547792e-16       2.323035511320e-17       1.608732752479e-19 
 2723       8.405856305883e-12       2.598962450446e-13      -4.568553231589e-13       3.397054629598e-15       1.012710295435e-16       2.312881748714e-17       1.664667289114e-19 
 2724       8.387326601557e-12       2.589909962692e-13      -4.534045472423e-13       3.393219716287e-15       1.011150964476e-16       2.302588144216e-17       1.710459159508e-19 
 2725       8.368682358259e-12       2.581004711752e-13      -4.499565680359e-13       3.389386706471e-15       1.009594551920e-16       2.292156416320e-17       1.747084629735e-19 
 2726       8.349925102877e-12       2.572246592207e-13      -4.465122787150e-13       3.385555586073e-15       1.008041054741e-16       2.281588289192e-17       1.775522881424e-19 
 2727       8.331056367229e-12       2.563635497564e-13      -4.430725750452e-13       3.381726340940e-15       1.006490469878e-16       2.270885492675e-17       1.796756014448e-19 
 2728       8.312077688068e-12       2.555171320261e-13      -4.396383553848e-13       3.377898956841e-15       1.004942794238e-16       2.260049762290e-17       1.811769049612e-19 
 2729       8.292990607087e-12       2.546853951661e-13      -4.362105206869e-13       3.374073419470e-15       1.003398024696e-16       2.249082839246e-17       1.821549931344e-19 
 2730       8.273796670920e-12       2.538683282049e-13      -4.327899745022e-13       3.370249714445e-15       1.001856158093e-16       2.237986470442e-17       1.827089530383e-19 
 2731       8.254497431151e-12       2.530659200638e-13      -4.293776229809e-13       3.366427827305e-15       1.000317191238e-16       2.226762408476e-17       1.829381646467e-19 
 2732       8.235094444317e-12       2.522781595560e-13      -4.259743748756e-13       3.362607743517e-15       9.987811209071e-17       2.215412411647e-17       1.829423011022e-19 
 2733       8.215589271913e-12       2.515050353870e-13      -4.225811415431e-13       3.358789448466e-15       9.972479438440e-17       2.203938243961e-17       1.828213289854e-19 
 2734       8.195983480397e-12       2.507465361541e-13      -4.191988369471e-13       3.354972927465e-15       9.957176567589e-17       2.192341675140e-17       1.826755085835e-19 
 2735       8.176278641190e-12       2.500026503467e-13      -4.158283776606e-13       3.351158165747e-15       9.941902563289e-17       2.180624480621e-17       1.826053941592e-19 
 2736       8.156476330690e-12       2.492733663457e-13      -4.124706828679e-13       3.347345148469e-15       9.926657391987e-17       2.168788441567e-17       1.827118342197e-19 
 2737       8.136578130268e-12       2.485586724239e-13      -4.091266743674e-13       3.343533860711e-15       9.911441019794e-17       2.156835344869e-17       1.830959717857e-19 
 2738       8.116585626276e-12       2.478585567454e-13      -4.057972765738e-13       3.339724287478e-15       9.896253412495e-17       2.144766983155e-17       1.838592446602e-19 
 2739       8.096500410053e-12       2.471730073657e-13      -4.024834165203e-13       3.335916413694e-15       9.881094535542e-17       2.132585154790e-17       1.851033856971e-19 
 2740       8.076324077927e-12       2.465020122316e-13      -3.991860238611e-13       3.332110224208e-15       9.865964354055e-17       2.120291663886e-17       1.869304230707e-19 
 2741       8.056058231220e-12       2.458455591810e-13      -3.959060308738e-13       3.328305703793e-15       9.850862832824e-17       2.107888320306e-17       1.894426805442e-19 
 2742       8.035704476254e-12       2.452036359429e-13      -3.926443724619e-13       3.324502837141e-15       9.835789936305e-17       2.095376939669e-17       1.927427777385e-19 
 2743       8.015264424358e-12       2.445762301371e-13      -3.894019861567e-13       3.320701608871e-15       9.820745628623e-17       2.082759343354e-17       1.969336304015e-19 
 2744       7.994739691865e-12       2.439633292742e-13      -3.861798121200e-13       3.316902003519e-15       9.805729873570e-17       2.070037358509e-17       2.021184506767e-19 
 2745       7.974131900124e-12       2.433649207553e-13      -3.829787931465e-13       3.313104005549e-15       9.790742634603e-17       2.057212818053e-17       2.084007473723e-19 
 2746       7.953442675501e-12       2.427809918724e-13      -3.797998746662e-13       3.309307599342e-15       9.775783874848e-17       2.044287560684e-17       2.158843262296e-19 
 2747       7.932673649386e-12       2.422115298074e-13      -3.766440047462e-13       3.305512769206e-15       9.760853557094e-17       2.031263430882e-17       2.246732901928e-19 
 2748       7.911826458195e-12       2.416565216329e-13      -3.735121340940e-13       3.301719499368e-15       9.745951643798e-17       2.018142278915e-17       2.348720396770e-19 
 2749       7.890902743376e-12       2.411159543115e-13      -3.704052160590e-13       3.297927773978e-15       9.731078097080e-17       2.004925960847e-17       2.465852728377e-19 
 2750       7.869904270166e-12       2.405897885139e-13      -3.673241103754e-13       3.294137584676e-15       9.716232871211e-17       1.991616814324e-17       2.598884106655e-19 
 2751       7.848833284545e-12       2.400778799213e-13      -3.642692938237e-13       3.290348953344e-15       9.701415890021e-17       1.978219088710e-17       2.747386996603e-19 
 2752       7.827692158191e-12       2.395800575037e-13      -3.612411480330e-13       3.286561909475e-15       9.686627069368e-17       1.964737522579e-17       2.910636362814e-19 
 2753       7.806483269911e-12       2.390961496632e-13      -3.582400556019e-13       3.282776482617e-15       9.671866324642e-17       1.951176868636e-17       3.087904989256e-19 
 2754       7.785209005639e-12       2.386259842335e-13      -3.552664000991e-13       3.278992702372e-15       9.657133570766e-17       1.937541893731e-17       3.278463477275e-19 
 2755       7.763871758454e-12       2.381693884791e-13      -3.523205660643e-13       3.275210598393e-15       9.642428722193e-17       1.923837378868e-17       3.481580243589e-19 
 2756       7.742473928575e-12       2.377261890954e-13      -3.494029390092e-13       3.271430200392e-15       9.627751692906e-17       1.910068119222e-17       3.696521518288e-19 
 2757       7.721017923377e-12       2.372962122072e-13      -3.465139054182e-13       3.267651538130e-15       9.613102396421e-17       1.896238924149e-17       3.922551342830e-19 
 2758       7.699506157390e-12       2.368792833693e-13      -3.436538527494e-13       3.263874641427e-15       9.598480745781e-17       1.882354617201e-17       4.158931568042e-19 
 2759       7.677941052313e-12       2.364752275648e-13      -3.408231694350e-13       3.260099540153e-15       9.583886653559e-17       1.868420036139e-17       4.404921852115e-19 
 2760       7.656325037013e-12       2.360838692056e-13      -3.380222448828e-13       3.256326264234e-15       9.569320031858e-17       1.854440032944e-17       4.659779658600e-19 
 2761       7.634660547537e-12       2.357050321311e-13      -3.352514694765e-13       3.252554843651e-15       9.554780792306e-17       1.840419473830e-17       4.922760254411e-19 
 2762       7.612950027115e-12       2.353385396080e-13      -3.325112345766e-13       3.248785308437e-15       9.540268846063e-17       1.826363239260e-17       5.193116707818e-19 
 2763       7.591195926169e-12       2.349842143299e-13      -3.298019325217e-13       3.245017688682e-15       9.525784103812e-17       1.812276223956e-17       5.470099886450e-19 
 2764       7.569400702320e-12       2.346418784163e-13      -3.271239566286e-13       3.241252014528e-15       9.511326475766e-17       1.798163336912e-17       5.752958455285e-19 
 2765       7.547566820390e-12       2.343113534125e-13      -3.244777011938e-13       3.237488316174e-15       9.496895871662e-17       1.784029501409e-17       6.040938874657e-19 
 2766       7.525696752415e-12       2.339924602889e-13      -3.218635614938e-13       3.233726623869e-15       9.482492200763e-17       1.769879655026e-17       6.333285398244e-19 
 2767       7.503792977645e-12       2.336850194405e-13      -3.192819337865e-13       3.229966967921e-15       9.468115371857e-17       1.755718749653e-17       6.629240071076e-19 
 2768       7.481857982555e-12       2.333888506863e-13      -3.167332153116e-13       3.226209378691e-15       9.453765293259e-17       1.741551751506e-17       6.928042727525e-19 
 2769       7.459894260852e-12       2.331037732687e-13      -3.142178042913e-13       3.222453886592e-15       9.439441872804e-17       1.727383641137e-17       7.228930989305e-19 
 2770       7.437904313478e-12       2.328296058531e-13      -3.117360999319e-13       3.218700522096e-15       9.425145017854e-17       1.713219413449e-17       7.531140263471e-19 
 2771       7.415890648617e-12       2.325661665273e-13      -3.092885024237e-13       3.214949315726e-15       9.410874635293e-17       1.699064077708e-17       7.833903740417e-19 
 2772       7.393855781704e-12       2.323132728012e-13      -3.068754129425e-13       3.211200298061e-15       9.396630631527e-17       1.684922657556e-17       8.136452391871e-19 
 2773       7.371802235433e-12       2.320707416057e-13      -3.044972336501e-13       3.207453499734e-15       9.382412912485e-17       1.670800191026e-17       8.438014968896e-19 
 2774       7.349732539755e-12       2.318383892928e-13      -3.021543676953e-13       3.203708951433e-15       9.368221383617e-17       1.656701730550e-17       8.737817999886e-19 
 2775       7.327649231896e-12       2.316160316345e-13      -2.998472192148e-13       3.199966683902e-15       9.354055949893e-17       1.642632342978e-17       9.035085788564e-19 
 2776       7.305554856355e-12       2.314034838227e-13      -2.975761933336e-13       3.196226727938e-15       9.339916515807e-17       1.628597109586e-17       9.329040411980e-19 
 2777       7.283451964913e-12       2.312005604685e-13      -2.953416961665e-13       3.192489114393e-15       9.325802985369e-17       1.614601126091e-17       9.618901718509e-19 
 2778       7.261343116642e-12       2.310070756015e-13      -2.931441348182e-13       3.188753874175e-15       9.311715262112e-17       1.600649502664e-17       9.903887325847e-19 
 2779       7.239230877908e-12       2.308228426695e-13      -2.909839173850e-13       3.185021038244e-15       9.297653249085e-17       1.586747363944e-17       1.018321261901e-18 
 2780       7.217117822378e-12       2.306476745380e-13      -2.888614529546e-13       3.181290637620e-15       9.283616848857e-17       1.572899849048e-17       1.045609074834e-18 
 2781       7.195006531030e-12       2.304813834894e-13      -2.867771516080e-13       3.177562703372e-15       9.269605963516e-17       1.559112111587e-17       1.072173262749e-18 
 2782       7.172899592155e-12       2.303237812227e-13      -2.847314244195e-13       3.173837266628e-15       9.255620494666e-17       1.545389319675e-17       1.097934693141e-18 
 2783       7.150799601367e-12       2.301746788526e-13      -2.827246834580e-13       3.170114358569e-15       9.241660343429e-17       1.531736655948e-17       1.122814009439e-18 
 2784       7.128709161606e-12       2.300338869096e-13      -2.807573417877e-13       3.166394010433e-15       9.227725410442e-17       1.518159317569e-17       1.146731630801e-18 
 2785       7.106630883149e-12       2.299012153388e-13      -2.788298134688e-13       3.162676253511e-15       9.213815595859e-17       1.504662516251e-17       1.169607751916e-18 
 2786       7.084567383612e-12       2.297764734998e-13      -2.769425135587e-13       3.158961119150e-15       9.199930799351e-17       1.491251478258e-17       1.191362342805e-18 
 2787       7.062521287960e-12       2.296594701661e-13      -2.750958581124e-13       3.155248638752e-15       9.186070920102e-17       1.477931444429e-17       1.211915148617e-18 
 2788       7.040495228511e-12       2.295500135242e-13      -2.732902641836e-13       3.151538843775e-15       9.172235856809e-17       1.464707670184e-17       1.231185689432e-18 
 2789       7.018491730248e-12       2.294479082963e-13      -2.715260502289e-13       3.147831767215e-15       9.158425522036e-17       1.451585307669e-17       1.249113896419e-18 
 2790       6.996512866072e-12       2.293529470917e-13      -2.698031367475e-13       3.144127448075e-15       9.144639885335e-17       1.438569051488e-17       1.265722139091e-18 
 2791       6.974560599749e-12       2.292649190084e-13      -2.681213440711e-13       3.140425926920e-15       9.130878930345e-17       1.425663491134e-17       1.281053523362e-18 
 2792       6.952636900452e-12       2.291836125063e-13      -2.664804918171e-13       3.136727244397e-15       9.117142640467e-17       1.412873228707e-17       1.295151284876e-18 
 2793       6.930743742758e-12       2.291088154060e-13      -2.648803988881e-13       3.133031441232e-15       9.103430998860e-17       1.400202878920e-17       1.308058789135e-18 
 2794       6.908883106662e-12       2.290403148886e-13      -2.633208834709e-13       3.129338558236e-15       9.089743988442e-17       1.387657069111e-17       1.319819531613e-18 
 2795       6.887056977574e-12       2.289778974951e-13      -2.618017630359e-13       3.125648636296e-15       9.076081591892e-17       1.375240439256e-17       1.330477137872e-18 
 2796       6.865267346326e-12       2.289213491254e-13      -2.603228543365e-13       3.121961716384e-15       9.062443791646e-17       1.362957641980e-17       1.340075363684e-18 
 2797       6.843516209181e-12       2.288704550384e-13      -2.588839734083e-13       3.118277839551e-15       9.048830569896e-17       1.350813342567e-17       1.348658095147e-18 
 2798       6.821805567832e-12       2.288249998509e-13      -2.574849355684e-13       3.114597046931e-15       9.035241908596e-17       1.338812218969e-17       1.356269348802e-18 
 2799       6.800137429409e-12       2.287847675371e-13      -2.561255554148e-13       3.110919379738e-15       9.021677789456e-17       1.326958961823e-17       1.362953271755e-18 
 2800       6.778513806483e-12       2.287495414281e-13      -2.548056468256e-13       3.107244879268e-15       9.008138193943e-17       1.315258274456e-17       1.368754141788e-18 
 2801       6.756936717075e-12       2.287191042115e-13      -2.535250229582e-13       3.103573586897e-15       8.994623103281e-17       1.303714872899e-17       1.373716367485e-18 
 2802       6.735408184653e-12       2.286932379304e-13      -2.522834962489e-13       3.099905544084e-15       8.981132498451e-17       1.292333485899e-17       1.377884488346e-18 
 2803       6.713930238143e-12       2.286717239832e-13      -2.510808784119e-13       3.096240792370e-15       8.967666360192e-17       1.281118854927e-17       1.381303174903e-18 
 2804       6.692504911933e-12       2.286543431228e-13      -2.499169804389e-13       3.092579373376e-15       8.954224668998e-17       1.270075734194e-17       1.384017228842e-18 
 2805       6.671134245875e-12       2.286408754560e-13      -2.487916125979e-13       3.088921328806e-15       8.940807405118e-17       1.259208890656e-17       1.386071583121e-18 
 2806       6.649820285290e-12       2.286311004431e-13      -2.477045844332e-13       3.085266700444e-15       8.927414548558e-17       1.248523104029e-17       1.387511302082e-18 
 2807       6.628565080978e-12       2.286247968973e-13      -2.466557047641e-13       3.081615530158e-15       8.914046079080e-17       1.238023166801e-17       1.388381581579e-18 
 2808       6.607370689215e-12       2.286217429838e-13      -2.456447816844e-13       3.077967859896e-15       8.900701976200e-17       1.227713884241e-17       1.388727749085e-18 
 2809       6.586239171764e-12       2.286217162197e-13      -2.446716225619e-13       3.074323731689e-15       8.887382219189e-17       1.217600074408e-17       1.388595263820e-18 
 2810       6.565172595876e-12       2.286244934729e-13      -2.437360340373e-13       3.070683187649e-15       8.874086787072e-17       1.207686568167e-17       1.388029716861e-18 
 2811       6.544173034295e-12       2.286298509621e-13      -2.428378220239e-13       3.067046269971e-15       8.860815658630e-17       1.197978209198e-17       1.387076831267e-18 
 2812       6.523242565268e-12       2.286375642556e-13      -2.419767917067e-13       3.063413020931e-15       8.847568812396e-17       1.188479854006e-17       1.385782462190e-18 
 2813       6.502383272540e-12       2.286474082712e-13      -2.411527475416e-13       3.059783482888e-15       8.834346226659e-17       1.179196371933e-17       1.384192596999e-18 
 2814       6.481597245369e-12       2.286591572756e-13      -2.403654932549e-13       3.056157698282e-15       8.821147879458e-17       1.170132645170e-17       1.382353355396e-18 
 2815       6.460886578524e-12       2.286725848832e-13      -2.396148318425e-13       3.052535709638e-15       8.807973748588e-17       1.161293568766e-17       1.380310989531e-18 
 2816       6.440253372292e-12       2.286874640564e-13      -2.389005655694e-13       3.048917559559e-15       8.794823811597e-17       1.152684050642e-17       1.378111884125e-18 
 2817       6.419699732482e-12       2.287035671044e-13      -2.382224959684e-13       3.045303290734e-15       8.781698045782e-17       1.144309011598e-17       1.375802556585e-18 
 2818       6.399227770432e-12       2.287206656829e-13      -2.375804238403e-13       3.041692945933e-15       8.768596428197e-17       1.136173385329e-17       1.373429657122e-18 
 2819       6.378839603010e-12       2.287385307934e-13      -2.369741492524e-13       3.038086568009e-15       8.755518935645e-17       1.128282118432e-17       1.371039968871e-18 
 2820       6.358537352623e-12       2.287569327827e-13      -2.364034715382e-13       3.034484199895e-15       8.742465544681e-17       1.120640170421e-17       1.368680408007e-18 
 2821       6.338323147219e-12       2.287756413420e-13      -2.358681892967e-13       3.030885884611e-15       8.729436231612e-17       1.113252513732e-17       1.366398023863e-18 
 2822       6.318199120290e-12       2.287944255070e-13      -2.353681003915e-13       3.027291665256e-15       8.716430972496e-17       1.106124133742e-17       1.364239999051e-18 
 2823       6.298167410882e-12       2.288130536567e-13      -2.349030019502e-13       3.023701585014e-15       8.703449743141e-17       1.099260028775e-17       1.362253649576e-18 
 2824       6.278230163597e-12       2.288312935129e-13      -2.344726903640e-13       3.020115687149e-15       8.690492519107e-17       1.092665210113e-17       1.360486424957e-18 
 2825       6.258389528595e-12       2.288489121399e-13      -2.340769612863e-13       3.016534015010e-15       8.677559275704e-17       1.086344702009e-17       1.358985908341e-18 
 2826       6.238647661604e-12       2.288656759439e-13      -2.337156096326e-13       3.012956612030e-15       8.664649987990e-17       1.080303541698e-17       1.357799816629e-18 
 2827       6.219006723920e-12       2.288813506719e-13      -2.333884295798e-13       3.009383521722e-15       8.651764630775e-17       1.074546779407e-17       1.356976000584e-18 
 2828       6.199468638349e-12       2.288957180280e-13      -2.330951624788e-13       3.005814784389e-15       8.638903172156e-17       1.069076254524e-17       1.356551795617e-18 
 2829       6.180034355630e-12       2.289086256152e-13      -2.328353403007e-13       3.002250427229e-15       8.626065554099e-17       1.063880905839e-17       1.356522013636e-18 
 2830       6.160704584219e-12       2.289199372507e-13      -2.326084413788e-13       2.998690474173e-15       8.613251711758e-17       1.058946411143e-17       1.356870785665e-18 
 2831       6.141480034016e-12       2.289295163732e-13      -2.324139424193e-13       2.995134949184e-15       8.600461579924e-17       1.054258406481e-17       1.357582196094e-18 
 2832       6.122361416362e-12       2.289372260421e-13      -2.322513185007e-13       2.991583876250e-15       8.587695093027e-17       1.049802486108e-17       1.358640282633e-18 
 2833       6.103349444042e-12       2.289429289372e-13      -2.321200430714e-13       2.988037279387e-15       8.574952185136e-17       1.045564202457e-17       1.360029036272e-18 
 2834       6.084444831286e-12       2.289464873588e-13      -2.320195879487e-13       2.984495182636e-15       8.562232789957e-17       1.041529066098e-17       1.361732401238e-18 
 2835       6.065648293769e-12       2.289477632270e-13      -2.319494233174e-13       2.980957610069e-15       8.549536840832e-17       1.037682545705e-17       1.363734274954e-18 
 2836       6.046960548613e-12       2.289466180815e-13      -2.319090177278e-13       2.977424585782e-15       8.536864270741e-17       1.034010068016e-17       1.366018507998e-18 
 2837       6.028382314390e-12       2.289429130812e-13      -2.318978380949e-13       2.973896133900e-15       8.524215012301e-17       1.030497017794e-17       1.368568904060e-18 
 2838       6.009914311118e-12       2.289365090038e-13      -2.319153496965e-13       2.970372278574e-15       8.511588997763e-17       1.027128737795e-17       1.371369219900e-18 
 2839       5.991557260267e-12       2.289272662458e-13      -2.319610161716e-13       2.966853043984e-15       8.498986159017e-17       1.023890528725e-17       1.374403165310e-18 
 2840       5.973311884759e-12       2.289150448217e-13      -2.320342995195e-13       2.963338454335e-15       8.486406427584e-17       1.020767649206e-17       1.377654403065e-18 
 2841       5.955178908966e-12       2.288997043639e-13      -2.321346600974e-13       2.959828533861e-15       8.473849734623e-17       1.017745315741e-17       1.381106548890e-18 
 2842       5.937159058716e-12       2.288811041227e-13      -2.322615566201e-13       2.956323306823e-15       8.461316010927e-17       1.014808702669e-17       1.384743171412e-18 
 2843       5.919253061290e-12       2.288591029651e-13      -2.324144461573e-13       2.952822797509e-15       8.448805186923e-17       1.011942942138e-17       1.388547792119e-18 
 2844       5.901461645425e-12       2.288335593755e-13      -2.325927841330e-13       2.949327030234e-15       8.436317192670e-17       1.009133124058e-17       1.392503885324e-18 
 2845       5.883785541315e-12       2.288043314547e-13      -2.327960243238e-13       2.945836029341e-15       8.423851957864e-17       1.006364296071e-17       1.396594878113e-18 
 2846       5.866225480611e-12       2.287712769195e-13      -2.330236188570e-13       2.942349819199e-15       8.411409411830e-17       1.003621463510e-17       1.400804150314e-18 
 2847       5.848782196424e-12       2.287342531029e-13      -2.332750182097e-13       2.938868424207e-15       8.398989483529e-17       1.000889589362e-17       1.405115034448e-18 
 2848       5.831456423324e-12       2.286931169533e-13      -2.335496712070e-13       2.935391868789e-15       8.386592101552e-17       9.981535942336e-18       1.409510815691e-18 
 2849       5.814248897344e-12       2.286477250346e-13      -2.338470250206e-13       2.931920177396e-15       8.374217194122e-17       9.953983563095e-18       1.413974731830e-18 
 2850       5.797160355977e-12       2.285979335252e-13      -2.341665251673e-13       2.928453374509e-15       8.361864689095e-17       9.926087113186e-18       1.418489973224e-18 
 2851       5.780191538180e-12       2.285435982184e-13      -2.345076155074e-13       2.924991484633e-15       8.349534513956e-17       9.897694524950e-18       1.423039682757e-18 
 2852       5.763343184375e-12       2.284845745215e-13      -2.348697382436e-13       2.921534532303e-15       8.337226595823e-17       9.868653305416e-18       1.427606955804e-18 
 2853       5.746616036450e-12       2.284207174560e-13      -2.352523339190e-13       2.918082542081e-15       8.324940861442e-17       9.838810535925e-18       1.432174840184e-18 
 2854       5.730010837756e-12       2.283518816567e-13      -2.356548414161e-13       2.914635538554e-15       8.312677237190e-17       9.808012871758e-18       1.436726336119e-18 
 2855       5.713528333117e-12       2.282779213718e-13      -2.360766979548e-13       2.911193546340e-15       8.300435649074e-17       9.776106541765e-18       1.441244396192e-18 
 2856       5.697169268822e-12       2.281986904622e-13      -2.365173390916e-13       2.907756590081e-15       8.288216022729e-17       9.742937347988e-18       1.445711925307e-18 
 2857       5.680934392631e-12       2.281140424018e-13      -2.369761987175e-13       2.904324694450e-15       8.276018283421e-17       9.708350665297e-18       1.450111780648e-18 
 2858       5.664824453776e-12       2.280238302762e-13      -2.374527090566e-13       2.900897884144e-15       8.263842356041e-17       9.672191441008e-18       1.454426771633e-18 
 2859       5.648840202958e-12       2.279279067833e-13      -2.379463006652e-13       2.897476183889e-15       8.251688165110e-17       9.634304194518e-18       1.458639659876e-18 
 2860       5.632982392354e-12       2.278261242324e-13      -2.384564024295e-13       2.894059618438e-15       8.239555634777e-17       9.594533016929e-18       1.462733159144e-18 
 2861       5.617251775614e-12       2.277183345442e-13      -2.389824415647e-13       2.890648212573e-15       8.227444688818e-17       9.552721570675e-18       1.466689935317e-18 
 2862       5.601649107864e-12       2.276043892501e-13      -2.395238436133e-13       2.887241991101e-15       8.215355250634e-17       9.508713089152e-18       1.470492606343e-18 
 2863       5.586175145707e-12       2.274841394923e-13      -2.400800324435e-13       2.883840978859e-15       8.203287243256e-17       9.462350376345e-18       1.474123742199e-18 
 2864       5.570830647221e-12       2.273574360230e-13      -2.406504302480e-13       2.880445200708e-15       8.191240589337e-17       9.413475806452e-18       1.477565864848e-18 
 2865       5.555616371964e-12       2.272241292046e-13      -2.412344575425e-13       2.877054681541e-15       8.179215211159e-17       9.361931323518e-18       1.480801448199e-18 
 2866       5.540533080976e-12       2.270840690088e-13      -2.418315331638e-13       2.873669446274e-15       8.167211030628e-17       9.307558441057e-18       1.483812918062e-18 
 2867       5.525581298728e-12       2.269371283209e-13      -2.424410847385e-13       2.870289515856e-15       8.155227978238e-17       9.250253712177e-18       1.486585048166e-18 
 2868       5.510760597669e-12       2.267832729812e-13      -2.430625801477e-13       2.866914895248e-15       8.143266020008e-17       9.190135450261e-18       1.489112161662e-18 
 2869       5.496070310030e-12       2.266224921004e-13      -2.436954962201e-13       2.863545585379e-15       8.131325130684e-17       9.127377859213e-18       1.491390966320e-18 
 2870       5.481509765533e-12       2.264547747885e-13      -2.443393082752e-13       2.860181587138e-15       8.119405284783e-17       9.062155640753e-18       1.493418161814e-18 
 2871       5.467078291396e-12       2.262801101539e-13      -2.449934901223e-13       2.856822901377e-15       8.107506456599e-17       8.994643994853e-18       1.495190439711e-18 
 2872       5.452775212322e-12       2.260984873042e-13      -2.456575140587e-13       2.853469528905e-15       8.095628620198e-17       8.925018620172e-18       1.496704483463e-18 
 2873       5.438599850504e-12       2.259098953458e-13      -2.463308508691e-13       2.850121470493e-15       8.083771749418e-17       8.853455714499e-18       1.497956968405e-18 
 2874       5.424551525616e-12       2.257143233841e-13      -2.470129698234e-13       2.846778726874e-15       8.071935817873e-17       8.780131975182e-18       1.498944561744e-18 
 2875       5.410629554817e-12       2.255117605234e-13      -2.477033386762e-13       2.843441298738e-15       8.060120798946e-17       8.705224599573e-18       1.499663922554e-18 
 2876       5.396833252743e-12       2.253021958668e-13      -2.484014236650e-13       2.840109186737e-15       8.048326665796e-17       8.628911285461e-18       1.500111701769e-18 
 2877       5.383161931509e-12       2.250856185165e-13      -2.491066895087e-13       2.836782391484e-15       8.036553391353e-17       8.551370231507e-18       1.500284542176e-18 
 2878       5.369614900703e-12       2.248620175736e-13      -2.498185994070e-13       2.833460913549e-15       8.024800948318e-17       8.472780137688e-18       1.500179078410e-18 
 2879       5.356191467388e-12       2.246313821382e-13      -2.505366150383e-13       2.830144753466e-15       8.013069309165e-17       8.393320205725e-18       1.499791936945e-18 
 2880       5.342890936093e-12       2.243937013092e-13      -2.512601965586e-13       2.826833911727e-15       8.001358446139e-17       8.313170139530e-18       1.499119736086e-18 
 2881       5.329712608818e-12       2.241489641846e-13      -2.519888026006e-13       2.823528388782e-15       7.989668331256e-17       8.232510145634e-18       1.498159085969e-18 
 2882       5.316655785027e-12       2.238971598614e-13      -2.527218902717e-13       2.820228185046e-15       7.977998936303e-17       8.151520933631e-18       1.496906588544e-18 
 2883       5.303719761647e-12       2.236382774355e-13      -2.534589151532e-13       2.816933300888e-15       7.966350232840e-17       8.070383716610e-18       1.495358837579e-18 
 2884       5.290903833065e-12       2.233723060019e-13      -2.541993312987e-13       2.813643736641e-15       7.954722192193e-17       7.989280211596e-18       1.493512418645e-18 
 2885       5.278207291127e-12       2.230992346544e-13      -2.549425912328e-13       2.810359492597e-15       7.943114785463e-17       7.908392639985e-18       1.491363909113e-18 
 2886       5.265629425133e-12       2.228190524861e-13      -2.556881459497e-13       2.807080569005e-15       7.931527983518e-17       7.827903727980e-18       1.488909878147e-18 
 2887       5.253169521840e-12       2.225317485888e-13      -2.564354449123e-13       2.803806966078e-15       7.919961756996e-17       7.747996707033e-18       1.486146886698e-18 
 2888       5.240826865450e-12       2.222373120535e-13      -2.571839360503e-13       2.800538683985e-15       7.908416076305e-17       7.668855314277e-18       1.483071487493e-18 
 2889       5.228600737620e-12       2.219357319701e-13      -2.579330657592e-13       2.797275722857e-15       7.896890911624e-17       7.590663792963e-18       1.479680225034e-18 
 2890       5.216490417448e-12       2.216269974278e-13      -2.586822788989e-13       2.794018082782e-15       7.885386232897e-17       7.513606892901e-18       1.475969635589e-18 
 2891       5.204495181478e-12       2.213110975146e-13      -2.594310187922e-13       2.790765763810e-15       7.873902009840e-17       7.437869870896e-18       1.471936247183e-18 
 2892       5.192614303697e-12       2.209880213177e-13      -2.601787272240e-13       2.787518765949e-15       7.862438211936e-17       7.363638491183e-18       1.467576579595e-18 
 2893       5.180847055528e-12       2.206577579230e-13      -2.609248444392e-13       2.784277089166e-15       7.850994808437e-17       7.291099025864e-18       1.462887144348e-18 
 2894       5.169192705832e-12       2.203202964161e-13      -2.616688091421e-13       2.781040733389e-15       7.839571768363e-17       7.220438255348e-18       1.457864444704e-18 
 2895       5.157650520905e-12       2.199756258810e-13      -2.624100584945e-13       2.777809698504e-15       7.828169060500e-17       7.151843468787e-18       1.452504975658e-18 
 2896       5.146219764473e-12       2.196237354013e-13      -2.631480281148e-13       2.774583984356e-15       7.816786653405e-17       7.085502464511e-18       1.446805223930e-18 
 2897       5.134899697693e-12       2.192646140593e-13      -2.638821520764e-13       2.771363590750e-15       7.805424515397e-17       7.021603550467e-18       1.440761667957e-18 
 2898       5.123689579149e-12       2.188982509368e-13      -2.646118629066e-13       2.768148517449e-15       7.794082614568e-17       6.960335544656e-18       1.434370777890e-18 
 2899       5.112588664849e-12       2.185246351142e-13      -2.653365915848e-13       2.764938764177e-15       7.782760918772e-17       6.901887775572e-18       1.427629015583e-18 
 2900       5.101596208225e-12       2.181437556715e-13      -2.660557675420e-13       2.761734330614e-15       7.771459395631e-17       6.846450082632e-18       1.420532834590e-18 
 2901       5.090711460126e-12       2.177556016875e-13      -2.667688186585e-13       2.758535216403e-15       7.760178012534e-17       6.794212816624e-18       1.413078680154e-18 
 2902       5.079933668822e-12       2.173601622402e-13      -2.674751712633e-13       2.755341421141e-15       7.748916736635e-17       6.745366840133e-18       1.405262989206e-18 
 2903       5.069262079996e-12       2.169574264068e-13      -2.681742501325e-13       2.752152944389e-15       7.737675534854e-17       6.700103527986e-18       1.397082190354e-18 
 2904       5.058695936745e-12       2.165473832636e-13      -2.688654784880e-13       2.748969785663e-15       7.726454373877e-17       6.658614767687e-18       1.388532703875e-18 
 2905       5.048234479574e-12       2.161300218859e-13      -2.695482779960e-13       2.745791944440e-15       7.715253220153e-17       6.621092959851e-18       1.379610941713e-18 
 2906       5.037876830777e-12       2.157053481386e-13      -2.702221216351e-13       2.742619417823e-15       7.704072039055e-17       6.587671870404e-18       1.370317273268e-18 
 2907       5.027621646924e-12       2.152734351383e-13      -2.708866925928e-13       2.739452193539e-15       7.692910792338e-17       6.558248860627e-18       1.360667944616e-18 
 2908       5.017467464613e-12       2.148343730455e-13      -2.715417261671e-13       2.736290256910e-15       7.681769440663e-17       6.532661762037e-18       1.350683219347e-18 
 2909       5.007412815934e-12       2.143882522975e-13      -2.721869569691e-13       2.733133593174e-15       7.670647944443e-17       6.510747942855e-18       1.340383418274e-18 
 2910       4.997456228458e-12       2.139351636086e-13      -2.728221189233e-13       2.729982187493e-15       7.659546263841e-17       6.492344307598e-18       1.329788919481e-18 
 2911       4.987596225240e-12       2.134751979704e-13      -2.734469452661e-13       2.726836024945e-15       7.648464358770e-17       6.477287296678e-18       1.318920158373e-18 
 2912       4.977831324810e-12       2.130084466522e-13      -2.740611685458e-13       2.723695090530e-15       7.637402188890e-17       6.465412886001e-18       1.307797627724e-18 
 2913       4.968160041171e-12       2.125350012011e-13      -2.746645206218e-13       2.720559369167e-15       7.626359713613e-17       6.456556586562e-18       1.296441877730e-18 
 2914       4.958580883795e-12       2.120549534422e-13      -2.752567326642e-13       2.717428845696e-15       7.615336892099e-17       6.450553444040e-18       1.284873516056e-18 
 2915       4.949092357619e-12       2.115683954790e-13      -2.758375351529e-13       2.714303504874e-15       7.604333683256e-17       6.447238038400e-18       1.273113207886e-18 
 2916       4.939692963040e-12       2.110754196935e-13      -2.764066578774e-13       2.711183331380e-15       7.593350045740e-17       6.446444483485e-18       1.261181675973e-18 
 2917       4.930381195911e-12       2.105761187465e-13      -2.769638299359e-13       2.708068309811e-15       7.582385937957e-17       6.448006426614e-18       1.249099700690e-18 
 2918       4.921155547539e-12       2.100705855779e-13      -2.775087797350e-13       2.704958424683e-15       7.571441318059e-17       6.451757048182e-18       1.236888120075e-18 
 2919       4.912014504679e-12       2.095589134068e-13      -2.780412349888e-13       2.701853660431e-15       7.560516143947e-17       6.457529061254e-18       1.224567829887e-18 
 2920       4.902956549531e-12       2.090411957320e-13      -2.785609227188e-13       2.698754001411e-15       7.549610373268e-17       6.465154711160e-18       1.212159783649e-18 
 2921       4.893980159735e-12       2.085175263320e-13      -2.790675692527e-13       2.695659431897e-15       7.538723963417e-17       6.474465775097e-18       1.199684992705e-18 
 2922       4.885083808367e-12       2.079879992653e-13      -2.795609002244e-13       2.692569936080e-15       7.527856871536e-17       6.485293561723e-18       1.187164526260e-18 
 2923       4.876265963936e-12       2.074527088707e-13      -2.800406405730e-13       2.689485498073e-15       7.517009054511e-17       6.497468910753e-18       1.174619511441e-18 
 2924       4.867525090380e-12       2.069117497676e-13      -2.805065145426e-13       2.686406101906e-15       7.506180468979e-17       6.510822192559e-18       1.162071133336e-18 
 2925       4.858859647062e-12       2.063652168562e-13      -2.809582456813e-13       2.683331731528e-15       7.495371071318e-17       6.525183307762e-18       1.149540635051e-18 
 2926       4.850268088763e-12       2.058132053176e-13      -2.813955568410e-13       2.680262370807e-15       7.484580817654e-17       6.540381686835e-18       1.137049317755e-18 
 2927       4.841748865682e-12       2.052558106141e-13      -2.818181701766e-13       2.677198003529e-15       7.473809663860e-17       6.556246289695e-18       1.124618540733e-18 
 2928       4.833300423431e-12       2.046931284898e-13      -2.822258071454e-13       2.674138613398e-15       7.463057565551e-17       6.572605605301e-18       1.112269721432e-18 
 2929       4.824921203028e-12       2.041252549702e-13      -2.826181885068e-13       2.671084184038e-15       7.452324478090e-17       6.589287651255e-18       1.100024335515e-18 
 2930       4.816609640899e-12       2.035522863631e-13      -2.829950343214e-13       2.668034698989e-15       7.441610356582e-17       6.606119973391e-18       1.087903916908e-18 
 2931       4.808364168867e-12       2.029743192584e-13      -2.833560639506e-13       2.664990141712e-15       7.430915155878e-17       6.622929645380e-18       1.075930057846e-18 
 2932       4.800183214152e-12       2.023914505285e-13      -2.837009960560e-13       2.661950495584e-15       7.420238830572e-17       6.639543268321e-18       1.064124408932e-18 
 2933       4.792065199367e-12       2.018037773286e-13      -2.840295485986e-13       2.658915743900e-15       7.409581335004e-17       6.655786970341e-18       1.052508679177e-18 
 2934       4.784008542514e-12       2.012113970969e-13      -2.843414388388e-13       2.655885869874e-15       7.398942623256e-17       6.671486406192e-18       1.041104636055e-18 
 2935       4.776011656977e-12       2.006144075547e-13      -2.846363833350e-13       2.652860856637e-15       7.388322649152e-17       6.686466756846e-18       1.029934105551e-18 
 2936       4.768072951521e-12       2.000129067069e-13      -2.849140979438e-13       2.649840687239e-15       7.377721366263e-17       6.700552729092e-18       1.019018972211e-18 
 2937       4.760190830288e-12       1.994069928420e-13      -2.851742978190e-13       2.646825344647e-15       7.367138727898e-17       6.713568555136e-18       1.008381179191e-18 
 2938       4.752363692792e-12       1.987967645327e-13      -2.854166974110e-13       2.643814811744e-15       7.356574687113e-17       6.725337992194e-18       9.980427283077e-19 
 2939       4.744589933915e-12       1.981823206357e-13      -2.856410104664e-13       2.640809071334e-15       7.346029196704e-17       6.735684322091e-18       9.880256800858e-19 
 2940       4.736867943901e-12       1.975637602922e-13      -2.858469500275e-13       2.637808106135e-15       7.335502209208e-17       6.744430350858e-18       9.783521538107e-19 
 2941       4.729196108358e-12       1.969411829282e-13      -2.860342284312e-13       2.634811898785e-15       7.324993676906e-17       6.751398408327e-18       9.690443275757e-19 
 2942       4.721572808246e-12       1.963146882545e-13      -2.862025573092e-13       2.631820431837e-15       7.314503551821e-17       6.756410347732e-18       9.601244383328e-19 
 2943       4.713996419880e-12       1.956843762673e-13      -2.863516475868e-13       2.628833687763e-15       7.304031785713e-17       6.759287545300e-18       9.516147819417e-19 
 2944       4.706465314922e-12       1.950503472481e-13      -2.864812094826e-13       2.625851648952e-15       7.293578330088e-17       6.759850899854e-18       9.435377132197e-19 
 2945       4.698977914146e-12       1.944127052306e-13      -2.865910111007e-13       2.622874296891e-15       7.283143138468e-17       6.757965379318e-18       9.359073399636e-19 
 2946       4.691532849029e-12       1.937715684198e-13      -2.866810545268e-13       2.619901609710e-15       7.272726173250e-17       6.753673903075e-18       9.287045597899e-19 
 2947       4.684128800959e-12       1.931270588250e-13      -2.867514006067e-13       2.616933564629e-15       7.262327398881e-17       6.747064124640e-18       9.219018992451e-19 
 2948       4.676764447529e-12       1.924792987987e-13      -2.868021104334e-13       2.613970138767e-15       7.251946779587e-17       6.738223945433e-18       9.154718084924e-19 
 2949       4.669438462543e-12       1.918284110366e-13      -2.868332453471e-13       2.611011309150e-15       7.241584279370e-17       6.727241514991e-18       9.093866612464e-19 
 2950       4.662149516003e-12       1.911745185779e-13      -2.868448669354e-13       2.608057052704e-15       7.231239862009e-17       6.714205231182e-18       9.036187547079e-19 
 2951       4.654896274113e-12       1.905177448058e-13      -2.868370370340e-13       2.605107346261e-15       7.220913491059e-17       6.699203740420e-18       8.981403094982e-19 
 2952       4.647677399273e-12       1.898582134477e-13      -2.868098177261e-13       2.602162166556e-15       7.210605129853e-17       6.682325937875e-18       8.929234695945e-19 
 2953       4.640491550076e-12       1.891960485754e-13      -2.867632713435e-13       2.599221490223e-15       7.200314741497e-17       6.663660967686e-18       8.879403022640e-19 
 2954       4.633337381303e-12       1.885313746053e-13      -2.866974604664e-13       2.596285293805e-15       7.190042288875e-17       6.643298223178e-18       8.831627979988e-19 
 2955       4.626213543923e-12       1.878643162992e-13      -2.866124479236e-13       2.593353553743e-15       7.179787734646e-17       6.621327347070e-18       8.785628704508e-19 
 2956       4.619118685088e-12       1.871949987639e-13      -2.865082967928e-13       2.590426246382e-15       7.169551041244e-17       6.597838231692e-18       8.741123563662e-19 
 2957       4.612051448130e-12       1.865235474522e-13      -2.863850704009e-13       2.587503347971e-15       7.159332170877e-17       6.572921019196e-18       8.697830155202e-19 
 2958       4.605010472555e-12       1.858500881624e-13      -2.862428323241e-13       2.584584834659e-15       7.149131085529e-17       6.546666101768e-18       8.655465306518e-19 
 2959       4.597994394045e-12       1.851747470395e-13      -2.860816463885e-13       2.581670682500e-15       7.138947746959e-17       6.519164121846e-18       8.613745073986e-19 
 2960       4.591001844451e-12       1.844976505746e-13      -2.859015766697e-13       2.578760867449e-15       7.128782116699e-17       6.490505972325e-18       8.572384742312e-19 
 2961       4.584031451791e-12       1.838189256058e-13      -2.857026874935e-13       2.575855365363e-15       7.118634156056e-17       6.460782796778e-18       8.531098823884e-19 
 2962       4.577081840245e-12       1.831386993184e-13      -2.854850434362e-13       2.572954152002e-15       7.108503826110e-17       6.430085989665e-18       8.489601058113e-19 
 2963       4.570151630155e-12       1.824570992450e-13      -2.852487093243e-13       2.570057203026e-15       7.098391087716e-17       6.398507196545e-18       8.447604410785e-19 
 2964       4.563239438019e-12       1.817742532659e-13      -2.849937502354e-13       2.567164494001e-15       7.088295901501e-17       6.366138314294e-18       8.404821073406e-19 
 2965       4.556343876487e-12       1.810902896093e-13      -2.847202314980e-13       2.564276000390e-15       7.078218227866e-17       6.333071491311e-18       8.360962462550e-19 
 2966       4.549463554363e-12       1.804053368520e-13      -2.844282186917e-13       2.561391697561e-15       7.068158026984e-17       6.299399127738e-18       8.315739219205e-19 
 2967       4.542597076594e-12       1.797195239189e-13      -2.841177776478e-13       2.558511560782e-15       7.058115258801e-17       6.265213875668e-18       8.268861208121e-19 
 2968       4.535743044273e-12       1.790329800842e-13      -2.837889744492e-13       2.555635565225e-15       7.048089883036e-17       6.230608639361e-18       8.220037517157e-19 
 2969       4.528900054633e-12       1.783458349711e-13      -2.834418754307e-13       2.552763685960e-15       7.038081859181e-17       6.195676575454e-18       8.168976456627e-19 
 2970       4.522066701043e-12       1.776582185522e-13      -2.830765471795e-13       2.549895897961e-15       7.028091146498e-17       6.160511093178e-18       8.115385558649e-19 
 2971       4.515241573008e-12       1.769702611499e-13      -2.826930565348e-13       2.547032176102e-15       7.018117704021e-17       6.125205854569e-18       8.058971576491e-19 
 2972       4.508423256161e-12       1.762820934367e-13      -2.822914705889e-13       2.544172495159e-15       7.008161490557e-17       6.089854774681e-18       7.999440483917e-19 
 2973       4.501610332265e-12       1.755938464354e-13      -2.818718566867e-13       2.541316829808e-15       6.998222464683e-17       6.054552021797e-18       7.936497474538e-19 
 2974       4.494801379205e-12       1.749056515194e-13      -2.814342824261e-13       2.538465154626e-15       6.988300584748e-17       6.019392017647e-18       7.869846961153e-19 
 2975       4.487994970987e-12       1.742176404131e-13      -2.809788156588e-13       2.535617444094e-15       6.978395808871e-17       5.984469437616e-18       7.799192575102e-19 
 2976       4.481189677735e-12       1.735299451920e-13      -2.805055244895e-13       2.532773672589e-15       6.968508094942e-17       5.949879210962e-18       7.724237165611e-19 
 2977       4.474384065688e-12       1.728426982834e-13      -2.800144772771e-13       2.529933814393e-15       6.958637400621e-17       5.915716521023e-18       7.644682799136e-19 
 2978       4.467576697194e-12       1.721560324660e-13      -2.795057426344e-13       2.527097843685e-15       6.948783683338e-17       5.882076805435e-18       7.560230758716e-19 
 2979       4.460766130710e-12       1.714700808709e-13      -2.789793894284e-13       2.524265734547e-15       6.938946900294e-17       5.849055756344e-18       7.470581543314e-19 
 2980       4.453950920796e-12       1.707849769816e-13      -2.784354867809e-13       2.521437460960e-15       6.929127008459e-17       5.816749320618e-18       7.375434867169e-19 
 2981       4.447129618115e-12       1.701008546340e-13      -2.778741040680e-13       2.518612996807e-15       6.919323964571e-17       5.785253700060e-18       7.274489659141e-19 
 2982       4.440300769426e-12       1.694178480174e-13      -2.772953109211e-13       2.515792315870e-15       6.909537725140e-17       5.754665351620e-18       7.167444062059e-19 
 2983       4.433462917583e-12       1.687360916741e-13      -2.766991772266e-13       2.512975391831e-15       6.899768246443e-17       5.725080987614e-18       7.053995432064e-19 
 2984       4.426614763593e-12       1.680557121173e-13      -2.760858066432e-13       2.510162198712e-15       6.890015488460e-17       5.696586105378e-18       6.933951288040e-19 
 2985       4.419755653667e-12       1.673768026389e-13      -2.754554373316e-13       2.507352712191e-15       6.880279426697e-17       5.669220514335e-18       6.807562756095e-19 
 2986       4.412885094550e-12       1.666994483785e-13      -2.748083417196e-13       2.504546908295e-15       6.870560040420e-17       5.643012640151e-18       6.675192760437e-19 
 2987       4.406002591679e-12       1.660237346952e-13      -2.741447930307e-13       2.501744762955e-15       6.860857308728e-17       5.617990979977e-18       6.537205222789e-19 
 2988       4.399107649184e-12       1.653497471677e-13      -2.734650652854e-13       2.498946252009e-15       6.851171210548e-17       5.594184102505e-18       6.393965063232e-19 
 2989       4.392199769882e-12       1.646775715945e-13      -2.727694333010e-13       2.496151351203e-15       6.841501724641e-17       5.571620648033e-18       6.245838201049e-19 
 2990       4.385278455277e-12       1.640072939942e-13      -2.720581726930e-13       2.493360036188e-15       6.831848829598e-17       5.550329328515e-18       6.093191555563e-19 
 2991       4.378343205561e-12       1.633390006055e-13      -2.713315598756e-13       2.490572282522e-15       6.822212503840e-17       5.530338927625e-18       5.936393046980e-19 
 2992       4.371393519612e-12       1.626727778875e-13      -2.705898720623e-13       2.487788065671e-15       6.812592725618e-17       5.511678300814e-18       5.775811597232e-19 
 2993       4.364428894994e-12       1.620087125198e-13      -2.698333872663e-13       2.485007361005e-15       6.802989473016e-17       5.494376375369e-18       5.611817130818e-19 
 2994       4.357448827952e-12       1.613468914027e-13      -2.690623843020e-13       2.482230143801e-15       6.793402723945e-17       5.478462150470e-18       5.444780575648e-19 
 2995       4.350452813415e-12       1.606874016574e-13      -2.682771427848e-13       2.479456389243e-15       6.783832456148e-17       5.463964697251e-18       5.275073863880e-19 
 2996       4.343440344993e-12       1.600303306264e-13      -2.674779431323e-13       2.476686072420e-15       6.774278647196e-17       5.450913158857e-18       5.103069932766e-19 
 2997       4.336410914978e-12       1.593757658732e-13      -2.666650665649e-13       2.473919168328e-15       6.764741274492e-17       5.439336750500e-18       4.929142725493e-19 
 2998       4.329364014339e-12       1.587237951827e-13      -2.658387951063e-13       2.471155651866e-15       6.755220315266e-17       5.429264759524e-18       4.753667192023e-19 
 2999       4.322299132723e-12       1.580745065618e-13      -2.649994115843e-13       2.468395497844e-15       6.745715746578e-17       5.420726545457e-18       4.577019289939e-19 
 3000       4.315215758457e-12       1.574279882387e-13      -2.641471996317e-13       2.465638680972e-15       6.736227545317e-17       5.413751540073e-18       4.399575985281e-19 
 3001       4.308113378540e-12       1.567843286641e-13      -2.632824436866e-13       2.462885175870e-15       6.726755688203e-17       5.408369247449e-18       4.221715253393e-19 
 3002       4.300991478650e-12       1.561436165104e-13      -2.624054289934e-13       2.460134957061e-15       6.717300151780e-17       5.404609244026e-18       4.043816079762e-19 
 3003       4.293849543135e-12       1.555059406727e-13      -2.615164416031e-13       2.457387998974e-15       6.707860912426e-17       5.402501178663e-18       3.866258460860e-19 
 3004       4.286687055019e-12       1.548713902685e-13      -2.606157683746e-13       2.454644275944e-15       6.698437946343e-17       5.402074772701e-18       3.689423404989e-19 
 3005       4.279503495995e-12       1.542400546379e-13      -2.597036969748e-13       2.451903762211e-15       6.689031229563e-17       5.403359820016e-18       3.513692933118e-19 
 3006       4.272298346427e-12       1.536120233441e-13      -2.587805158794e-13       2.449166431920e-15       6.679640737945e-17       5.406386187083e-18       3.339450079727e-19 
 3007       4.265071085350e-12       1.529873861732e-13      -2.578465143740e-13       2.446432259121e-15       6.670266447178e-17       5.411183813029e-18       3.167078893650e-19 
 3008       4.257821190465e-12       1.523662331347e-13      -2.569019825541e-13       2.443701217768e-15       6.660908332776e-17       5.417782709695e-18       2.996964438917e-19 
 3009       4.250548138141e-12       1.517486544614e-13      -2.559472113265e-13       2.440973281722e-15       6.651566370082e-17       5.426212961696e-18       2.829492795592e-19 
 3010       4.243251403415e-12       1.511347406098e-13      -2.549824924095e-13       2.438248424747e-15       6.642240534266e-17       5.436504726473e-18       2.665051060619e-19 
 3011       4.235930459986e-12       1.505245822601e-13      -2.540081183337e-13       2.435526620514e-15       6.632930800323e-17       5.448688234361e-18       2.504027348664e-19 
 3012       4.228584780220e-12       1.499182703166e-13      -2.530243824426e-13       2.432807842595e-15       6.623637143079e-17       5.462793788637e-18       2.346810792952e-19 
 3013       4.221213835141e-12       1.493158959077e-13      -2.520315788936e-13       2.430092064470e-15       6.614359537183e-17       5.478851765587e-18       2.193791546114e-19 
 3014       4.213817094441e-12       1.487175503861e-13      -2.510300026585e-13       2.427379259521e-15       6.605097957112e-17       5.496892614561e-18       2.045360781026e-19 
 3015       4.206394026467e-12       1.481233253291e-13      -2.500199495239e-13       2.424669401037e-15       6.595852377170e-17       5.516946858031e-18       1.901910691654e-19 
 3016       4.198944098230e-12       1.475333125387e-13      -2.490017160923e-13       2.421962462209e-15       6.586622771485e-17       5.539045091650e-18       1.763834493891e-19 
 3017       4.191466775396e-12       1.469476040416e-13      -2.479755997828e-13       2.419258416132e-15       6.577409114014e-17       5.563217984312e-18       1.631526426402e-19 
 3018       4.183961522290e-12       1.463662920899e-13      -2.469418988312e-13       2.416557235808e-15       6.568211378537e-17       5.589496278209e-18       1.505381751467e-19 
 3019       4.176427801892e-12       1.457894691606e-13      -2.459009122916e-13       2.413858894139e-15       6.559029538662e-17       5.617910788889e-18       1.385796755819e-19 
 3020       4.168865075839e-12       1.452172279562e-13      -2.448529400361e-13       2.411163363934e-15       6.549863567819e-17       5.648492405316e-18       1.273168751489e-19 
 3021       4.161272804422e-12       1.446496614051e-13      -2.437982827563e-13       2.408470617905e-15       6.540713439268e-17       5.681272089927e-18       1.167896076647e-19 
 3022       4.153650446581e-12       1.440868626610e-13      -2.427372419636e-13       2.405780628667e-15       6.531579126090e-17       5.716280878694e-18       1.070378096443e-19 
 3023       4.145997606519e-12       1.435289119497e-13      -2.416701178566e-13       2.403093370923e-15       6.522460599275e-17       5.753528055829e-18       9.808835813111e-20 
 3024       4.138314474281e-12       1.429758370358e-13      -2.405972029121e-13       2.400408828020e-15       6.513357821955e-17       5.792935562294e-18       8.991551435438e-20 
 3025       4.130601387305e-12       1.424276525647e-13      -2.395187882644e-13       2.397726985428e-15       6.504270755142e-17       5.834403269610e-18       8.248028858477e-20 
 3026       4.122858684004e-12       1.418843731989e-13      -2.384351658363e-13       2.395047828549e-15       6.495199359639e-17       5.877830776118e-18       7.574358489206e-20 
 3027       4.115086703776e-12       1.413460136185e-13      -2.373466283405e-13       2.392371342729e-15       6.486143596046e-17       5.923117406746e-18       6.966620105654e-20 
 3028       4.107285786995e-12       1.408125885210e-13      -2.362534692790e-13       2.389697513247e-15       6.477103424755e-17       5.970162212782e-18       6.420882848048e-20 
 3029       4.099456275020e-12       1.402841126211e-13      -2.351559829451e-13       2.387026325323e-15       6.468078805949e-17       6.018863971647e-18       5.933205209946e-20 
 3030       4.091598510191e-12       1.397606006513e-13      -2.340544644228e-13       2.384357764113e-15       6.459069699609e-17       6.069121186668e-18       5.499635029386e-20 
 3031       4.083712835831e-12       1.392420673612e-13      -2.329492095886e-13       2.381691814714e-15       6.450076065504e-17       6.120832086847e-18       5.116209480019e-20 
 3032       4.075799596246e-12       1.387285275181e-13      -2.318405151113e-13       2.379028462156e-15       6.441097863198e-17       6.173894626636e-18       4.778955062254e-20 
 3033       4.067859136730e-12       1.382199959066e-13      -2.307286784530e-13       2.376367691410e-15       6.432135052048e-17       6.228206485707e-18       4.483887594398e-20 
 3034       4.059891803561e-12       1.377164873288e-13      -2.296139978699e-13       2.373709487385e-15       6.423187591203e-17       6.283665068724e-18       4.227012203794e-20 
 3035       4.051897944001e-12       1.372180166043e-13      -2.284967724124e-13       2.371053834924e-15       6.414255439601e-17       6.340167505118e-18       4.004323317965e-20 
 3036       4.043877906304e-12       1.367245985702e-13      -2.273773019267e-13       2.368400718812e-15       6.405338555976e-17       6.397610648854e-18       3.811804655750e-20 
 3037       4.035832039710e-12       1.362362480810e-13      -2.262558870543e-13       2.365750123768e-15       6.396436898852e-17       6.455891078208e-18       3.645429218450e-20 
 3038       4.027760694446e-12       1.357529800088e-13      -2.251328292338e-13       2.363102034451e-15       6.387550426544e-17       6.514905095535e-18       3.501159280966e-20 
 3039       4.019664221733e-12       1.352748092432e-13      -2.240084307006e-13       2.360456435454e-15       6.378679097157e-17       6.574548727044e-18       3.374946382935e-20 
 3040       4.011542973778e-12       1.348017506912e-13      -2.228829944882e-13       2.357813311311e-15       6.369822868590e-17       6.634717722569e-18       3.262731319881e-20 
 3041       4.003397303784e-12       1.343338192773e-13      -2.217568244284e-13       2.355172646490e-15       6.360981698531e-17       6.695307555339e-18       3.160444134344e-20 
 3042       3.995227565944e-12       1.338710299438e-13      -2.206302251525e-13       2.352534425399e-15       6.352155544459e-17       6.756213421753e-18       3.064004107029e-20 
 3043       3.987034115444e-12       1.334133976504e-13      -2.195035020913e-13       2.349898632380e-15       6.343344363643e-17       6.817330241152e-18       2.969319747941e-20 
 3044       3.978817308464e-12       1.329609373741e-13      -2.183769614763e-13       2.347265251716e-15       6.334548113142e-17       6.878552655588e-18       2.872288787530e-20 
 3045       3.970577502179e-12       1.325136641097e-13      -2.172509103402e-13       2.344634267623e-15       6.325766749806e-17       6.939775029598e-18       2.768798167828e-20 
 3046       3.962315054761e-12       1.320715928697e-13      -2.161256565171e-13       2.342005664255e-15       6.317000230273e-17       7.000891449977e-18       2.654724033592e-20 
 3047       3.954030325376e-12       1.316347386839e-13      -2.150015086441e-13       2.339379425705e-15       6.308248510974e-17       7.061795725547e-18       2.525931723441e-20 
 3048       3.945723674189e-12       1.312031165997e-13      -2.138787761611e-13       2.336755536001e-15       6.299511548125e-17       7.122381386934e-18       2.378275761001e-20 
 3049       3.937395462363e-12       1.307767416822e-13      -2.127577693117e-13       2.334133979107e-15       6.290789297734e-17       7.182541686333e-18       2.207599846044e-20 
 3050       3.929046052059e-12       1.303556290142e-13      -2.116387991443e-13       2.331514738926e-15       6.282081715597e-17       7.242169597287e-18       2.009736845624e-20 
 3051       3.920675806440e-12       1.299397936957e-13      -2.105221775118e-13       2.328897799294e-15       6.273388757299e-17       7.301157814455e-18       1.780508785227e-20 
 3052       3.912285089665e-12       1.295292508448e-13      -2.094082170735e-13       2.326283143988e-15       6.264710378214e-17       7.359398753383e-18       1.515726839901e-20 
 3053       3.903874266900e-12       1.291240155969e-13      -2.082972312946e-13       2.323670756718e-15       6.256046533503e-17       7.416784550282e-18       1.211191325403e-20 
 3054       3.895443704310e-12       1.287241031051e-13      -2.071895344475e-13       2.321060621132e-15       6.247397178116e-17       7.473207061791e-18       8.626916893404e-21 
 3055       3.886993769063e-12       1.283295285402e-13      -2.060854416124e-13       2.318452720814e-15       6.238762266792e-17       7.528557864758e-18       4.660065023052e-21 
 3056       3.878524829333e-12       1.279403070906e-13      -2.049852686778e-13       2.315847039284e-15       6.230141754055e-17       7.582728256006e-18       1.690344902056e-22 
 3057       3.870037254296e-12       1.275564539623e-13      -2.038893323411e-13       2.313243559999e-15       6.221535594219e-17       7.635609252108e-18      -4.888606805215e-21 
 3058       3.861531414135e-12       1.271779843790e-13      -2.027979501096e-13       2.310642266352e-15       6.212943741384e-17       7.687091589157e-18      -1.055539999919e-20 
 3059       3.853007680040e-12       1.268049135822e-13      -2.017114403008e-13       2.308043141672e-15       6.204366149438e-17       7.737065722539e-18      -1.687399535219e-20 
 3060       3.844466424208e-12       1.264372568309e-13      -2.006301220431e-13       2.305446169223e-15       6.195802772055e-17       7.785421826706e-18      -2.388715233778e-20 
 3061       3.835908019842e-12       1.260750294018e-13      -1.995543152768e-13       2.302851332207e-15       6.187253562696e-17       7.832049794946e-18      -3.163773973122e-20 
 3062       3.827332889616e-12       1.257182363761e-13      -1.984843130177e-13       2.300258617026e-15       6.178718480630e-17       7.876862806620e-18      -4.015445413486e-20 
 3063       3.818741651302e-12       1.253668419456e-13      -1.974202980031e-13       2.297668023099e-15       6.170197509025e-17       7.919868152470e-18      -4.940890075123e-20 
 3064       3.810134972838e-12       1.250207999600e-13      -1.963624256486e-13       2.295079553093e-15       6.161690636943e-17       7.961096747647e-18      -5.935830748325e-20 
 3065       3.801513523934e-12       1.246800641261e-13      -1.953108517488e-13       2.292493209663e-15       6.153197853326e-17       8.000579595095e-18      -6.995978775589e-20 
 3066       3.792877976074e-12       1.243445880082e-13      -1.942657324777e-13       2.289908995450e-15       6.144719146996e-17       8.038347785621e-18      -8.117034042205e-20 
 3067       3.784229002516e-12       1.240143250277e-13      -1.932272243886e-13       2.287326913082e-15       6.136254506657e-17       8.074432497972e-18      -9.294684966839e-20 
 3068       3.775567278295e-12       1.236892284631e-13      -1.921954844148e-13       2.284746965175e-15       6.127803920891e-17       8.108864998906e-18      -1.052460849212e-19 
 3069       3.766893480224e-12       1.233692514499e-13      -1.911706698699e-13       2.282169154331e-15       6.119367378159e-17       8.141676643267e-18      -1.180247007525e-19 
 3070       3.758208286892e-12       1.230543469803e-13      -1.901529384478e-13       2.279593483138e-15       6.110944866806e-17       8.172898874059e-18      -1.312392367853e-19 
 3071       3.749512378673e-12       1.227444679032e-13      -1.891424482232e-13       2.277019954174e-15       6.102536375051e-17       8.202563222517e-18      -1.448461176002e-19 
 3072       3.740806437720e-12       1.224395669242e-13      -1.881393576521e-13       2.274448570001e-15       6.094141890996e-17       8.230701308185e-18      -1.588016526408e-19 
 3073       3.732091147971e-12       1.221395966052e-13      -1.871438255716e-13       2.271879333169e-15       6.085761402622e-17       8.257344838983e-18      -1.730620361196e-19 
 3074       3.723367195147e-12       1.218445093645e-13      -1.861560112005e-13       2.269312246215e-15       6.077394897788e-17       8.282525611289e-18      -1.875833469242e-19 
 3075       3.714635266758e-12       1.215542574767e-13      -1.851760741399e-13       2.266747311661e-15       6.069042364234e-17       8.306275510003e-18      -2.023215485227e-19 
 3076       3.705896052100e-12       1.212687930723e-13      -1.842041743728e-13       2.264184532020e-15       6.060703789577e-17       8.328626508630e-18      -2.172324888698e-19 
 3077       3.697150242258e-12       1.209880681379e-13      -1.832404722650e-13       2.261623909788e-15       6.052379161313e-17       8.349610669347e-18      -2.322719003128e-19 
 3078       3.688398530109e-12       1.207120345158e-13      -1.822851285652e-13       2.259065447448e-15       6.044068466818e-17       8.369260143077e-18      -2.473953994971e-19 
 3079       3.679641610322e-12       1.204406439042e-13      -1.813383044051e-13       2.256509147472e-15       6.035771693346e-17       8.387607169568e-18      -2.625584872726e-19 
 3080       3.670880179358e-12       1.201738478567e-13      -1.804001613001e-13       2.253955012318e-15       6.027488828029e-17       8.404684077458e-18      -2.777165485990e-19 
 3081       3.662114935475e-12       1.199115977825e-13      -1.794708611494e-13       2.251403044429e-15       6.019219857877e-17       8.420523284358e-18      -2.928248524520e-19 
 3082       3.653346578726e-12       1.196538449462e-13      -1.785505662360e-13       2.248853246237e-15       6.010964769780e-17       8.435157296917e-18      -3.078385517291e-19 
 3083       3.644575810963e-12       1.194005404674e-13      -1.776394392277e-13       2.246305620159e-15       6.002723550504e-17       8.448618710901e-18      -3.227126831554e-19 
 3084       3.635803335837e-12       1.191516353210e-13      -1.767376431767e-13       2.243760168599e-15       5.994496186694e-17       8.460940211266e-18      -3.374021671896e-19 
 3085       3.627029858800e-12       1.189070803369e-13      -1.758453415204e-13       2.241216893949e-15       5.986282664873e-17       8.472154572227e-18      -3.518618079298e-19 
 3086       3.618256087105e-12       1.186668261996e-13      -1.749626980812e-13       2.238675798587e-15       5.978082971441e-17       8.482294657339e-18      -3.660462930193e-19 
 3087       3.609482729811e-12       1.184308234486e-13      -1.740898770675e-13       2.236136884877e-15       5.969897092675e-17       8.491393419563e-18      -3.799101935525e-19 
 3088       3.600710497780e-12       1.181990224780e-13      -1.732270430732e-13       2.233600155169e-15       5.961725014731e-17       8.499483901346e-18      -3.934079639810e-19 
 3089       3.591940103681e-12       1.179713735362e-13      -1.723743610788e-13       2.231065611802e-15       5.953566723641e-17       8.506599234690e-18      -4.064939420189e-19 
 3090       3.583172261994e-12       1.177478267262e-13      -1.715319964509e-13       2.228533257099e-15       5.945422205315e-17       8.512772641227e-18      -4.191223485494e-19 
 3091       3.574407689004e-12       1.175283320050e-13      -1.707001149433e-13       2.226003093371e-15       5.937291445540e-17       8.518037432293e-18      -4.312472875299e-19 
 3092       3.565647102810e-12       1.173128391840e-13      -1.698788826965e-13       2.223475122915e-15       5.929174429980e-17       8.522427009003e-18      -4.428227458987e-19 
 3093       3.556891223323e-12       1.171012979283e-13      -1.690684662388e-13       2.220949348016e-15       5.921071144173e-17       8.525974862320e-18      -4.538025934802e-19 
 3094       3.548140772266e-12       1.168936577572e-13      -1.682690324860e-13       2.218425770943e-15       5.912981573539e-17       8.528714573134e-18      -4.641405828908e-19 
 3095       3.539396473180e-12       1.166898680434e-13      -1.674807487419e-13       2.215904393953e-15       5.904905703369e-17       8.530679812330e-18      -4.737903494454e-19 
 3096       3.530659051420e-12       1.164898780136e-13      -1.667037826987e-13       2.213385219289e-15       5.896843518835e-17       8.531904340867e-18      -4.827054110624e-19 
 3097       3.521929234163e-12       1.162936367477e-13      -1.659383024370e-13       2.210868249181e-15       5.888795004981e-17       8.532422009848e-18      -4.908391681704e-19 
 3098       3.513207750401e-12       1.161010931792e-13      -1.651844764267e-13       2.208353485845e-15       5.880760146732e-17       8.532266760594e-18      -4.981449036132e-19 
 3099       3.504495330951e-12       1.159121960948e-13      -1.644424735265e-13       2.205840931484e-15       5.872738928884e-17       8.531472624720e-18      -5.045757825566e-19 
 3100       3.495792708450e-12       1.157268941342e-13      -1.637124629849e-13       2.203330588287e-15       5.864731336112e-17       8.530073724205e-18      -5.100848523934e-19 
 3101       3.487100578618e-12       1.155451328535e-13      -1.629945814817e-13       2.200822460353e-15       5.856737349432e-17       8.528107250388e-18      -5.146403910607e-19 
 3102       3.478419483835e-12       1.153668458992e-13      -1.622888340829e-13       2.198316559479e-15       5.848756935573e-17       8.525622416169e-18      -5.182720313698e-19 
 3103       3.469749929015e-12       1.151919637916e-13      -1.615951928184e-13       2.195812899399e-15       5.840790057557e-17       8.522671546239e-18      -5.210248543520e-19 
 3104       3.461092420298e-12       1.150204168588e-13      -1.609136295985e-13       2.193311493864e-15       5.832836678226e-17       8.519307102113e-18      -5.229440607339e-19 
 3105       3.452447465057e-12       1.148521352353e-13      -1.602441162130e-13       2.190812356640e-15       5.824896760242e-17       8.515581682237e-18      -5.240749710341e-19 
 3106       3.443815571893e-12       1.146870488629e-13      -1.595866243317e-13       2.188315501512e-15       5.816970266088e-17       8.511548022102e-18      -5.244630256616e-19 
 3107       3.435197250637e-12       1.145250874896e-13      -1.589411255040e-13       2.185820942277e-15       5.809057158066e-17       8.507258994352e-18      -5.241537850119e-19 
 3108       3.426593012352e-12       1.143661806703e-13      -1.583075911588e-13       2.183328692751e-15       5.801157398298e-17       8.502767608897e-18      -5.231929295655e-19 
 3109       3.418003369336e-12       1.142102577660e-13      -1.576859926045e-13       2.180838766766e-15       5.793270948727e-17       8.498127013023e-18      -5.216262599841e-19 
 3110       3.409428835117e-12       1.140572479441e-13      -1.570763010287e-13       2.178351178170e-15       5.785397771114e-17       8.493390491501e-18      -5.194996972090e-19 
 3111       3.400869924463e-12       1.139070801778e-13      -1.564784874984e-13       2.175865940826e-15       5.777537827040e-17       8.488611466701e-18      -5.168592825578e-19 
 3112       3.392327153372e-12       1.137596832463e-13      -1.558925229595e-13       2.173383068615e-15       5.769691077906e-17       8.483843498699e-18      -5.137511778218e-19 
 3113       3.383801039082e-12       1.136149857345e-13      -1.553183782372e-13       2.170902575433e-15       5.761857484930e-17       8.479140285393e-18      -5.102216653636e-19 
 3114       3.375292100068e-12       1.134729160328e-13      -1.547560240352e-13       2.168424475192e-15       5.754037009152e-17       8.474555662606e-18      -5.063171482140e-19 
 3115       3.366800856044e-12       1.133334023372e-13      -1.542054309363e-13       2.165948781822e-15       5.746229611427e-17       8.470143604204e-18      -5.020841501700e-19 
 3116       3.358327827963e-12       1.131963726485e-13      -1.536665694018e-13       2.163475509267e-15       5.738435252431e-17       8.465958222203e-18      -4.975693158914e-19 
 3117       3.349873538018e-12       1.130617547731e-13      -1.531394097716e-13       2.161004671488e-15       5.730653892658e-17       8.462053766880e-18      -4.928194109986e-19 
 3118       3.341438509644e-12       1.129294763218e-13      -1.526239222640e-13       2.158536282464e-15       5.722885492420e-17       8.458484626884e-18      -4.878813221699e-19 
 3119       3.333023267519e-12       1.127994647107e-13      -1.521200769758e-13       2.156070356187e-15       5.715130011846e-17       8.455305329349e-18      -4.828020572386e-19 
 3120       3.324628337564e-12       1.126716471599e-13      -1.516278438819e-13       2.153606906668e-15       5.707387410885e-17       8.452570540001e-18      -4.776287452906e-19 
 3121       3.316254246944e-12       1.125459506945e-13      -1.511471928352e-13       2.151145947934e-15       5.699657649301e-17       8.450335063269e-18      -4.724086367616e-19 
 3122       3.307901524070e-12       1.124223021435e-13      -1.506780935669e-13       2.148687494026e-15       5.691940686678e-17       8.448653842398e-18      -4.671891035345e-19 
 3123       3.299570698598e-12       1.123006281402e-13      -1.502205156858e-13       2.146231559004e-15       5.684236482415e-17       8.447581959561e-18      -4.620176390367e-19 
 3124       3.291262301434e-12       1.121808551217e-13      -1.497744286787e-13       2.143778156942e-15       5.676544995731e-17       8.447174635965e-18      -4.569418583373e-19 
 3125       3.282976864729e-12       1.120629093292e-13      -1.493398019100e-13       2.141327301932e-15       5.668866185658e-17       8.447487231964e-18      -4.520094982448e-19 
 3126       3.274714921885e-12       1.119467168071e-13      -1.489166046217e-13       2.138879008081e-15       5.661200011049e-17       8.448575247171e-18      -4.472684174040e-19 
 3127       3.266477007555e-12       1.118322034037e-13      -1.485048059332e-13       2.136433289514e-15       5.653546430571e-17       8.450494320566e-18      -4.427665963938e-19 
 3128       3.258263657640e-12       1.117192947705e-13      -1.481043748412e-13       2.133990160371e-15       5.645905402707e-17       8.453300230612e-18      -4.385521378240e-19 
 3129       3.250075409296e-12       1.116079163619e-13      -1.477152802199e-13       2.131549634809e-15       5.638276885760e-17       8.457048895357e-18      -4.346732664332e-19 
 3130       3.241912800932e-12       1.114979934357e-13      -1.473374908203e-13       2.129111726999e-15       5.630660837844e-17       8.461796372554e-18      -4.311783291856e-19 
 3131       3.233776372209e-12       1.113894510524e-13      -1.469709752706e-13       2.126676451133e-15       5.623057216893e-17       8.467598859764e-18      -4.281157953689e-19 
 3132       3.225666664045e-12       1.112822140750e-13      -1.466157020759e-13       2.124243821414e-15       5.615465980654e-17       8.474512694473e-18      -4.255342566910e-19 
 3133       3.217584218612e-12       1.111762071693e-13      -1.462716396181e-13       2.121813852065e-15       5.607887086693e-17       8.482594354197e-18      -4.234824273780e-19 
 3134       3.209529579341e-12       1.110713548034e-13      -1.459387561558e-13       2.119386557324e-15       5.600320492386e-17       8.491900456599e-18      -4.220091442710e-19 
 3135       3.201503290919e-12       1.109675812474e-13      -1.456170198240e-13       2.116961951446e-15       5.592766154931e-17       8.502487759593e-18      -4.211633669238e-19 
 3136       3.193505899294e-12       1.108648105737e-13      -1.453063986344e-13       2.114540048701e-15       5.585224031334e-17       8.514413161460e-18      -4.209941776998e-19 
 3137       3.185537951672e-12       1.107629666566e-13      -1.450068604750e-13       2.112120863377e-15       5.577694078423e-17       8.527733700956e-18      -4.215507818701e-19 
 3138       3.177599996520e-12       1.106619731719e-13      -1.447183731100e-13       2.109704409778e-15       5.570176252834e-17       8.542506557422e-18      -4.228825077098e-19 
 3139       3.169692583568e-12       1.105617535972e-13      -1.444409041798e-13       2.107290702223e-15       5.562670511023e-17       8.558789050900e-18      -4.250388065964e-19 
 3140       3.161816198709e-12       1.104622352052e-13      -1.441744010363e-13       2.104879754147e-15       5.555176815475e-17       8.576617006085e-18      -4.280530599152e-19 
 3141       3.153971068384e-12       1.103633610657e-13      -1.439187301466e-13       2.102471575386e-15       5.547695153393e-17       8.595939733740e-18      -4.318939170704e-19 
 3142       3.146157354287e-12       1.102650780993e-13      -1.436737374068e-13       2.100066174878e-15       5.540225518098e-17       8.616684746209e-18      -4.365137306692e-19 
 3143       3.138375218381e-12       1.101673330887e-13      -1.434392682796e-13       2.097663561563e-15       5.532767902822e-17       8.638779365859e-18      -4.418647289953e-19 
 3144       3.130624822899e-12       1.100700726785e-13      -1.432151677949e-13       2.095263744386e-15       5.525322300703e-17       8.662150724936e-18      -4.478990159085e-19 
 3145       3.122906330344e-12       1.099732433752e-13      -1.430012805489e-13       2.092866732290e-15       5.517888704791e-17       8.686725765408e-18      -4.545685707457e-19 
 3146       3.115219903490e-12       1.098767915470e-13      -1.427974507036e-13       2.090472534226e-15       5.510467108042e-17       8.712431238810e-18      -4.618252482210e-19 
 3147       3.107565705378e-12       1.097806634237e-13      -1.426035219869e-13       2.088081159142e-15       5.503057503322e-17       8.739193706100e-18      -4.696207783255e-19 
 3148       3.099943899323e-12       1.096848050966e-13      -1.424193376921e-13       2.085692615994e-15       5.495659883407e-17       8.766939537495e-18      -4.779067662286e-19 
 3149       3.092354648907e-12       1.095891625185e-13      -1.422447406773e-13       2.083306913737e-15       5.488274240978e-17       8.795594912329e-18      -4.866346921775e-19 
 3150       3.084798117984e-12       1.094936815034e-13      -1.420795733654e-13       2.080924061329e-15       5.480900568626e-17       8.825085818895e-18      -4.957559113977e-19 
 3151       3.077274470681e-12       1.093983077263e-13      -1.419236777433e-13       2.078544067731e-15       5.473538858852e-17       8.855338054291e-18      -5.052216539936e-19 
 3152       3.069783871391e-12       1.093029867236e-13      -1.417768953621e-13       2.076166941908e-15       5.466189104063e-17       8.886277224273e-18      -5.149830248485e-19 
 3153       3.062326484783e-12       1.092076638925e-13      -1.416390673364e-13       2.073792692825e-15       5.458851296574e-17       8.917828743098e-18      -5.249910035252e-19 
 3154       3.054902475794e-12       1.091122844909e-13      -1.415100343438e-13       2.071421329450e-15       5.451525428609e-17       8.949917833372e-18      -5.351964441659e-19 
 3155       3.047512009635e-12       1.090167936376e-13      -1.413896366250e-13       2.069052860756e-15       5.444211492300e-17       8.982469525899e-18      -5.455500753930e-19 
 3156       3.040155251785e-12       1.089211363121e-13      -1.412777139831e-13       2.066687295715e-15       5.436909479685e-17       9.015408659529e-18      -5.560025002089e-19 
 3157       3.032832367999e-12       1.088252573541e-13      -1.411741057832e-13       2.064324643305e-15       5.429619382712e-17       9.048659881002e-18      -5.665041958969e-19 
 3158       3.025543524301e-12       1.087291014640e-13      -1.410786509525e-13       2.061964912503e-15       5.422341193235e-17       9.082147644798e-18      -5.770055139210e-19 
 3159       3.018288886989e-12       1.086326132023e-13      -1.409911879793e-13       2.059608112292e-15       5.415074903017e-17       9.115796212986e-18      -5.874566798264e-19 
 3160       3.011068622631e-12       1.085357369899e-13      -1.409115549131e-13       2.057254251654e-15       5.407820503725e-17       9.149529655068e-18      -5.978077931401e-19 
 3161       3.003882898070e-12       1.084384171074e-13      -1.408395893641e-13       2.054903339576e-15       5.400577986938e-17       9.183271847828e-18      -6.080088272706e-19 
 3162       2.996731880421e-12       1.083405976958e-13      -1.407751285030e-13       2.052555385048e-15       5.393347344139e-17       9.216946475180e-18      -6.180096294089e-19 
 3163       2.989615737070e-12       1.082422227556e-13      -1.407180090604e-13       2.050210397059e-15       5.386128566718e-17       9.250477028016e-18      -6.277599204281e-19 
 3164       2.982534635678e-12       1.081432361472e-13      -1.406680673264e-13       2.047868384605e-15       5.378921645975e-17       9.283786804049e-18      -6.372092947844e-19 
 3165       2.975488744179e-12       1.080435815906e-13      -1.406251391506e-13       2.045529356680e-15       5.371726573112e-17       9.316798907668e-18      -6.463072204171e-19 
 3166       2.968478230780e-12       1.079432026652e-13      -1.405890599415e-13       2.043193322285e-15       5.364543339243e-17       9.349436249779e-18      -6.550030386486e-19 
 3167       2.961503263961e-12       1.078420428100e-13      -1.405596646661e-13       2.040860290419e-15       5.357371935386e-17       9.381621547655e-18      -6.632459640855e-19 
 3168       2.954564012476e-12       1.077400453233e-13      -1.405367878498e-13       2.038530270087e-15       5.350212352465e-17       9.413277324784e-18      -6.709850845181e-19 
 3169       2.947660645353e-12       1.076371533622e-13      -1.405202635757e-13       2.036203270295e-15       5.343064581311e-17       9.444325910716e-18      -6.781693608212e-19 
 3170       2.940793331895e-12       1.075333099435e-13      -1.405099254845e-13       2.033879300052e-15       5.335928612664e-17       9.474689440909e-18      -6.847476268543e-19 
 3171       2.933962241676e-12       1.074284579423e-13      -1.405056067741e-13       2.031558368367e-15       5.328804437166e-17       9.504289856578e-18      -6.906685893618e-19 
 3172       2.927167544549e-12       1.073225400931e-13      -1.405071401990e-13       2.029240484256e-15       5.321692045369e-17       9.533048904543e-18      -6.958808278735e-19 
 3173       2.920409410638e-12       1.072154989888e-13      -1.405143580705e-13       2.026925656733e-15       5.314591427729e-17       9.560888137076e-18      -7.003327946048e-19 
 3174       2.913688010344e-12       1.071072770810e-13      -1.405270922557e-13       2.024613894817e-15       5.307502574608e-17       9.587728911745e-18      -7.039728143570e-19 
 3175       2.907003514340e-12       1.069978166800e-13      -1.405451741776e-13       2.022305207529e-15       5.300425476276e-17       9.613492391269e-18      -7.067490844177e-19 
 3176       2.900356093577e-12       1.068870599543e-13      -1.405684348145e-13       2.019999603892e-15       5.293360122905e-17       9.638099543357e-18      -7.086096744610e-19 
 3177       2.893745919279e-12       1.067749489308e-13      -1.405967046999e-13       2.017697092932e-15       5.286306504577e-17       9.661471140562e-18      -7.095025264481e-19 
 3178       2.887173162948e-12       1.066614254945e-13      -1.406298139217e-13       2.015397683677e-15       5.279264611277e-17       9.683527760125e-18      -7.093754545271e-19 
 3179       2.880637942885e-12       1.065464386254e-13      -1.406675919924e-13       2.013101383039e-15       5.272234429264e-17       9.704209668408e-18      -7.081932858345e-19 
 3180       2.874140163503e-12       1.064299661452e-13      -1.407098674574e-13       2.010808189455e-15       5.265215930151e-17       9.723536574582e-18      -7.059893693689e-19 
 3181       2.867679675274e-12       1.063119930702e-13      -1.407564682841e-13       2.008518099217e-15       5.258209081772e-17       9.741548151955e-18      -7.028143042534e-19 
 3182       2.861256328141e-12       1.061925043843e-13      -1.408072219911e-13       2.006231108588e-15       5.251213851815e-17       9.758284178488e-18      -6.987188204966e-19 
 3183       2.854869971512e-12       1.060714850381e-13      -1.408619556480e-13       2.003947213799e-15       5.244230207814e-17       9.773784536871e-18      -6.937537790961e-19 
 3184       2.848520454263e-12       1.059489199495e-13      -1.409204958750e-13       2.001666411053e-15       5.237258117157e-17       9.788089214611e-18      -6.879701721422e-19 
 3185       2.842207624735e-12       1.058247940034e-13      -1.409826688423e-13       1.999388696525e-15       5.230297547078e-17       9.801238304113e-18      -6.814191229222e-19 
 3186       2.835931330737e-12       1.056990920517e-13      -1.410483002702e-13       1.997114066357e-15       5.223348464664e-17       9.813272002764e-18      -6.741518860233e-19 
 3187       2.829691419542e-12       1.055717989134e-13      -1.411172154285e-13       1.994842516664e-15       5.216410836849e-17       9.824230613017e-18      -6.662198474373e-19 
 3188       2.823487737889e-12       1.054428993745e-13      -1.411892391360e-13       1.992574043529e-15       5.209484630420e-17       9.834154542476e-18      -6.576745246638e-19 
 3189       2.817320131980e-12       1.053123781879e-13      -1.412641957603e-13       1.990308643007e-15       5.202569812009e-17       9.843084303976e-18      -6.485675668142e-19 
 3190       2.811188447483e-12       1.051802200733e-13      -1.413419092177e-13       1.988046311122e-15       5.195666348101e-17       9.851060515668e-18      -6.389507547154e-19 
 3191       2.805092529529e-12       1.050464097176e-13      -1.414222029723e-13       1.985787043869e-15       5.188774205028e-17       9.858123901105e-18      -6.288760010138e-19 
 3192       2.799032222711e-12       1.049109317745e-13      -1.415049000359e-13       1.983530837211e-15       5.181893348971e-17       9.864315289321e-18      -6.183953502785e-19 
 3193       2.793007371086e-12       1.047737708644e-13      -1.415898229680e-13       1.981277687084e-15       5.175023745962e-17       9.869675614918e-18      -6.075609791060e-19 
 3194       2.787017818174e-12       1.046349115747e-13      -1.416767938747e-13       1.979027589393e-15       5.168165361878e-17       9.874245918149e-18      -5.964251962231e-19 
 3195       2.781063406955e-12       1.044943384596e-13      -1.417656344091e-13       1.976780540012e-15       5.161318162447e-17       9.878067344999e-18      -5.850404425913e-19 
 3196       2.775143979870e-12       1.043520360401e-13      -1.418561657704e-13       1.974536534786e-15       5.154482113246e-17       9.881181147273e-18      -5.734592915101e-19 
 3197       2.769259378824e-12       1.042079888038e-13      -1.419482087037e-13       1.972295569529e-15       5.147657179698e-17       9.883628682674e-18      -5.617344487211e-19 
 3198       2.763409445179e-12       1.040621812053e-13      -1.420415834999e-13       1.970057640026e-15       5.140843327075e-17       9.885451414891e-18      -5.499187525120e-19 
 3199       2.757594019759e-12       1.039145976657e-13      -1.421361099949e-13       1.967822742031e-15       5.134040520498e-17       9.886690913680e-18      -5.380651738196e-19 
 3200       2.751812942847e-12       1.037652225730e-13      -1.422316075696e-13       1.965590871269e-15       5.127248724935e-17       9.887388854950e-18      -5.262268163345e-19 
 3201       2.746066054184e-12       1.036140402817e-13      -1.423278951494e-13       1.963362023434e-15       5.120467905202e-17       9.887587020843e-18      -5.144569166042e-19 
 3202       2.740353192970e-12       1.034610351130e-13      -1.424247912038e-13       1.961136194189e-15       5.113698025962e-17       9.887327299820e-18      -5.028088441371e-19 
 3203       2.734674197865e-12       1.033061913546e-13      -1.425221137461e-13       1.958913379169e-15       5.106939051725e-17       9.886651686744e-18      -4.913361015066e-19 
 3204       2.729028906985e-12       1.031494932611e-13      -1.426196803332e-13       1.956693573976e-15       5.100190946850e-17       9.885602282963e-18      -4.800923244544e-19 
 3205       2.723417157901e-12       1.029909250534e-13      -1.427173080648e-13       1.954476774184e-15       5.093453675542e-17       9.884221296395e-18      -4.691312819945e-19 
 3206       2.717838787646e-12       1.028304709191e-13      -1.428148135836e-13       1.952262975336e-15       5.086727201852e-17       9.882551041609e-18      -4.585068765170e-19 
 3207       2.712293632704e-12       1.026681150121e-13      -1.429120130745e-13       1.950052172943e-15       5.080011489680e-17       9.880633939909e-18      -4.482731438918e-19 
 3208       2.706781529019e-12       1.025038414530e-13      -1.430087222646e-13       1.947844362489e-15       5.073306502772e-17       9.878512519422e-18      -4.384842535726e-19 
 3209       2.701302311986e-12       1.023376343288e-13      -1.431047564224e-13       1.945639539424e-15       5.066612204719e-17       9.876229415175e-18      -4.291945087003e-19 
 3210       2.695855816459e-12       1.021694776930e-13      -1.431999303579e-13       1.943437699170e-15       5.059928558961e-17       9.873827369180e-18      -4.204583462071e-19 
 3211       2.690441876744e-12       1.019993555655e-13      -1.432940584219e-13       1.941238837118e-15       5.053255528782e-17       9.871349230523e-18      -4.123303369204e-19 
 3212       2.685060326602e-12       1.018272519325e-13      -1.433869545060e-13       1.939042948628e-15       5.046593077314e-17       9.868837955440e-18      -4.048651856659e-19 
 3213       2.679710999246e-12       1.016531507468e-13      -1.434784320419e-13       1.936850029028e-15       5.039941167533e-17       9.866336607406e-18      -3.981177313723e-19 
 3214       2.674393727344e-12       1.014770359272e-13      -1.435683040012e-13       1.934660073620e-15       5.033299762262e-17       9.863888357214e-18      -3.921429471743e-19 
 3215       2.669108343015e-12       1.012988913591e-13      -1.436563828948e-13       1.932473077670e-15       5.026668824172e-17       9.861536483064e-18      -3.869959405170e-19 
 3216       2.663854677832e-12       1.011187008942e-13      -1.437424807732e-13       1.930289036417e-15       5.020048315774e-17       9.859324370640e-18      -3.827319532593e-19 
 3217       2.658632562816e-12       1.009364483503e-13      -1.438264092253e-13       1.928107945069e-15       5.013438199431e-17       9.857295513199e-18      -3.794063617777e-19 
 3218       2.653441793861e-12       1.007521236241e-13      -1.439079946762e-13       1.925929798133e-15       5.006838442691e-17       9.855478971329e-18      -3.770570905329e-19 
 3219       2.648282027806e-12       1.005657410593e-13      -1.439871243551e-13       1.923754587409e-15       5.000249034358e-17       9.853845679769e-18      -3.756517651215e-19 
 3220       2.643152885889e-12       1.003773211619e-13      -1.440637005353e-13       1.921582303991e-15       4.993669968498e-17       9.852351941873e-18      -3.751403188775e-19 
 3221       2.638053988279e-12       1.001868844951e-13      -1.441376252565e-13       1.919412938928e-15       4.987101239102e-17       9.850953951774e-18      -3.754725574604e-19 
 3222       2.632984954076e-12       9.999445168011e-14      -1.442088003235e-13       1.917246483233e-15       4.980542840085e-17       9.849607794308e-18      -3.765981587545e-19 
 3223       2.627945401314e-12       9.980004339523e-14      -1.442771273068e-13       1.915082927875e-15       4.973994765289e-17       9.848269444925e-18      -3.784666727696e-19 
 3224       2.622934946957e-12       9.960368037656e-14      -1.443425075422e-13       1.912922263783e-15       4.967457008476e-17       9.846894769602e-18      -3.810275215406e-19 
 3225       2.617953206900e-12       9.940538341779e-14      -1.444048421305e-13       1.910764481844e-15       4.960929563337e-17       9.845439524763e-18      -3.842299990278e-19 
 3226       2.612999795966e-12       9.920517337029e-14      -1.444640319374e-13       1.908609572907e-15       4.954412423484e-17       9.843859357191e-18      -3.880232710168e-19 
 3227       2.608074327905e-12       9.900307114318e-14      -1.445199775933e-13       1.906457527776e-15       4.947905582455e-17       9.842109803942e-18      -3.923563750187e-19 
 3228       2.603176415397e-12       9.879909770332e-14      -1.445725794933e-13       1.904308337218e-15       4.941409033713e-17       9.840146292262e-18      -3.971782201699e-19 
 3229       2.598305670046e-12       9.859327407540e-14      -1.446217377966e-13       1.902161991955e-15       4.934922770643e-17       9.837924139505e-18      -4.024375871325e-19 
 3230       2.593461702384e-12       9.838562134200e-14      -1.446673524269e-13       1.900018482672e-15       4.928446786554e-17       9.835398553039e-18      -4.080831279941e-19 
 3231       2.588644121866e-12       9.817616064358e-14      -1.447093230717e-13       1.897877800010e-15       4.921981074681e-17       9.832524630172e-18      -4.140633661681e-19 
 3232       2.583852536871e-12       9.796491317858e-14      -1.447475491823e-13       1.895739934570e-15       4.915525628181e-17       9.829257358059e-18      -4.203266962933e-19 
 3233       2.579086554701e-12       9.775190020343e-14      -1.447819299740e-13       1.893604876910e-15       4.909080440136e-17       9.825551613620e-18      -4.268213841344e-19 
 3234       2.574345781582e-12       9.753714303262e-14      -1.448123644250e-13       1.891472617550e-15       4.902645503550e-17       9.821362163456e-18      -4.334955664819e-19 
 3235       2.569629822659e-12       9.732066303873e-14      -1.448387512773e-13       1.889343146966e-15       4.896220811354e-17       9.816643663762e-18      -4.402972510522e-19 
 3236       2.564938281998e-12       9.710248165249e-14      -1.448609890358e-13       1.887216455594e-15       4.889806356398e-17       9.811350660245e-18      -4.471743163875e-19 
 3237       2.560270762586e-12       9.688262036282e-14      -1.448789759683e-13       1.885092533827e-15       4.883402131459e-17       9.805437588035e-18      -4.540745117559e-19 
 3238       2.555626866327e-12       9.666110071686e-14      -1.448926101054e-13       1.882971372020e-15       4.877008129236e-17       9.798858771603e-18      -4.609454570517e-19 
 3239       2.551006194043e-12       9.643794432005e-14      -1.449017892403e-13       1.880852960483e-15       4.870624342352e-17       9.791568424675e-18      -4.677346426951e-19 
 3240       2.546408345474e-12       9.621317283616e-14      -1.449064109285e-13       1.878737289486e-15       4.864250763352e-17       9.783520650147e-18      -4.743894295324e-19 
 3241       2.541832919275e-12       9.598680798731e-14      -1.449063724878e-13       1.876624349257e-15       4.857887384705e-17       9.774669440002e-18      -4.808570487362e-19 
 3242       2.537279513017e-12       9.575887155406e-14      -1.449015709981e-13       1.874514129984e-15       4.851534198804e-17       9.764968675223e-18      -4.870846017053e-19 
 3243       2.532747723186e-12       9.552938537544e-14      -1.448919033009e-13       1.872406621812e-15       4.845191197962e-17       9.754372125706e-18      -4.930190599646e-19 
 3244       2.528237145179e-12       9.529837134897e-14      -1.448772659997e-13       1.870301814844e-15       4.838858374419e-17       9.742833450181e-18      -4.986072650655e-19 
 3245       2.523747373309e-12       9.506585143076e-14      -1.448575554593e-13       1.868199699143e-15       4.832535720335e-17       9.730306196121e-18      -5.037959284858e-19 
 3246       2.519278000799e-12       9.483184763549e-14      -1.448326678058e-13       1.866100264729e-15       4.826223227793e-17       9.716743799661e-18      -5.085316315296e-19 
 3247       2.514828619783e-12       9.459638203652e-14      -1.448024989265e-13       1.864003501580e-15       4.819920888799e-17       9.702099585512e-18      -5.127608252275e-19 
 3248       2.510398821305e-12       9.435947676589e-14      -1.447669444696e-13       1.861909399633e-15       4.813628695284e-17       9.686326766874e-18      -5.164298302367e-19 
 3249       2.505988195318e-12       9.412115401439e-14      -1.447258998443e-13       1.859817948783e-15       4.807346639097e-17       9.669378445356e-18      -5.194848367411e-19 
 3250       2.501596330685e-12       9.388143603161e-14      -1.446792602201e-13       1.857729138884e-15       4.801074712013e-17       9.651207610884e-18      -5.218719043510e-19 
 3251       2.497222815175e-12       9.364034512595e-14      -1.446269205270e-13       1.855642959746e-15       4.794812905728e-17       9.631767141624e-18      -5.235369620036e-19 
 3252       2.492867235463e-12       9.339790366471e-14      -1.445687754553e-13       1.853559401139e-15       4.788561211861e-17       9.611009803890e-18      -5.244258078627e-19 
 3253       2.488529177131e-12       9.315413407412e-14      -1.445047194554e-13       1.851478452791e-15       4.782319621952e-17       9.588888252063e-18      -5.244841092190e-19 
 3254       2.484208224666e-12       9.290905883938e-14      -1.444346467375e-13       1.849400104386e-15       4.776088127465e-17       9.565355028506e-18      -5.236574023901e-19 
 3255       2.479903961459e-12       9.266270050471e-14      -1.443584512715e-13       1.847324345569e-15       4.769866719783e-17       9.540362563476e-18      -5.218910926204e-19 
 3256       2.475615969804e-12       9.241508167338e-14      -1.442760267868e-13       1.845251165940e-15       4.763655390215e-17       9.513863175045e-18      -5.191304539814e-19 
 3257       2.471343826582e-12       9.216622724234e-14      -1.441872860710e-13       1.843180556059e-15       4.757454127241e-17       9.485830842862e-18      -5.153378697506e-19 
 3258       2.467087090302e-12       9.191617111671e-14      -1.440922189605e-13       1.841112510451e-15       4.751262908256e-17       9.456326636603e-18      -5.105446384428e-19 
 3259       2.462845314001e-12       9.166494952558e-14      -1.439908346104e-13       1.839047024614e-15       4.745081707793e-17       9.425433581617e-18      -5.047994005748e-19 
 3260       2.458618049551e-12       9.141259879022e-14      -1.438831422190e-13       1.836984094018e-15       4.738910500263e-17       9.393234911959e-18      -4.981509194450e-19 
 3261       2.454404847661e-12       9.115915532423e-14      -1.437691510286e-13       1.834923714103e-15       4.732749259960e-17       9.359814070557e-18      -4.906480812281e-19 
 3262       2.450205257873e-12       9.090465563353e-14      -1.436488703247e-13       1.832865880287e-15       4.726597961060e-17       9.325254709366e-18      -4.823398950703e-19 
 3263       2.446018828562e-12       9.064913631650e-14      -1.435223094368e-13       1.830810587954e-15       4.720456577618e-17       9.289640689535e-18      -4.732754931846e-19 
 3264       2.441845106937e-12       9.039263406402e-14      -1.433894777377e-13       1.828757832466e-15       4.714325083571e-17       9.253056081567e-18      -4.635041309455e-19 
 3265       2.437683639037e-12       9.013518565953e-14      -1.432503846443e-13       1.826707609154e-15       4.708203452735e-17       9.215585165478e-18      -4.530751869839e-19 
 3266       2.433533969732e-12       8.987682797913e-14      -1.431050396169e-13       1.824659913322e-15       4.702091658807e-17       9.177312430961e-18      -4.420381632825e-19 
 3267       2.429395642722e-12       8.961759799164e-14      -1.429534521600e-13       1.822614740248e-15       4.695989675365e-17       9.138322577546e-18      -4.304426852707e-19 
 3268       2.425268200537e-12       8.935753275867e-14      -1.427956318214e-13       1.820572085179e-15       4.689897475868e-17       9.098700514761e-18      -4.183385019194e-19 
 3269       2.421151184532e-12       8.909666943468e-14      -1.426315881932e-13       1.818531943339e-15       4.683815033654e-17       9.058531362295e-18      -4.057754858362e-19 
 3270       2.417044134890e-12       8.883504526707e-14      -1.424613309114e-13       1.816494309920e-15       4.677742321940e-17       9.017900450156e-18      -3.928036333605e-19 
 3271       2.412946590623e-12       8.857269759624e-14      -1.422848696556e-13       1.814459180088e-15       4.671679313825e-17       8.976893318837e-18      -3.794730646584e-19 
 3272       2.408858089564e-12       8.830966385567e-14      -1.421022141497e-13       1.812426548982e-15       4.665625982287e-17       8.935595719474e-18      -3.658340238177e-19 
 3273       2.404778168372e-12       8.804598157200e-14      -1.419133741616e-13       1.810396411712e-15       4.659582300183e-17       8.894093614006e-18      -3.519368789430e-19 
 3274       2.400706362530e-12       8.778168836505e-14      -1.417183595032e-13       1.808368763359e-15       4.653548240251e-17       8.852473175340e-18      -3.378321222505e-19 
 3275       2.396642206342e-12       8.751682194796e-14      -1.415171800303e-13       1.806343598980e-15       4.647523775108e-17       8.810820787511e-18      -3.235703701635e-19 
 3276       2.392585232935e-12       8.725142012724e-14      -1.413098456433e-13       1.804320913600e-15       4.641508877250e-17       8.769223045842e-18      -3.092023634070e-19 
 3277       2.388534974255e-12       8.698552080280e-14      -1.410963662864e-13       1.802300702219e-15       4.635503519052e-17       8.727766757106e-18      -2.947789671028e-19 
 3278       2.384490961069e-12       8.671916196808e-14      -1.408767519482e-13       1.800282959807e-15       4.629507672770e-17       8.686538939688e-18      -2.803511708645e-19 
 3279       2.380452722962e-12       8.645238171009e-14      -1.406510126615e-13       1.798267681307e-15       4.623521310536e-17       8.645626823746e-18      -2.659700888928e-19 
 3280       2.376419788337e-12       8.618521820948e-14      -1.404191585033e-13       1.796254861635e-15       4.617544404363e-17       8.605117851371e-18      -2.516869600702e-19 
 3281       2.372391684415e-12       8.591770974062e-14      -1.401811995952e-13       1.794244495677e-15       4.611576926144e-17       8.565099676749e-18      -2.375531480560e-19 
 3282       2.368367937231e-12       8.564989467168e-14      -1.399371461028e-13       1.792236578291e-15       4.605618847648e-17       8.525660166326e-18      -2.236201413817e-19 
 3283       2.364348071636e-12       8.538181146468e-14      -1.396870082365e-13       1.790231104310e-15       4.599670140525e-17       8.486887398961e-18      -2.099395535455e-19 
 3284       2.360331611297e-12       8.511349867558e-14      -1.394307962510e-13       1.788228068535e-15       4.593730776301e-17       8.448869666096e-18      -1.965631231078e-19 
 3285       2.356318078690e-12       8.484499495433e-14      -1.391685204453e-13       1.786227465742e-15       4.587800726383e-17       8.411695471912e-18      -1.835427137859e-19 
 3286       2.352306995109e-12       8.457633904498e-14      -1.389001911631e-13       1.784229290676e-15       4.581879962055e-17       8.375453533493e-18      -1.709303145492e-19 
 3287       2.348297880654e-12       8.430756978572e-14      -1.386258187929e-13       1.782233538056e-15       4.575968454479e-17       8.340232780983e-18      -1.587780397140e-19 
 3288       2.344290254240e-12       8.403872610893e-14      -1.383454137673e-13       1.780240202572e-15       4.570066174696e-17       8.306122357754e-18      -1.471381290389e-19 
 3289       2.340283633589e-12       8.376984704133e-14      -1.380589865639e-13       1.778249278886e-15       4.564173093625e-17       8.273211620561e-18      -1.360629478195e-19 
 3290       2.336277535232e-12       8.350097170395e-14      -1.377665477050e-13       1.776260761632e-15       4.558289182060e-17       8.241590139708e-18      -1.256049869833e-19 
 3291       2.332271474509e-12       8.323213931230e-14      -1.374681077574e-13       1.774274645414e-15       4.552414410677e-17       8.211347699207e-18      -1.158168631853e-19 
 3292       2.328264965565e-12       8.296338917636e-14      -1.371636773328e-13       1.772290924810e-15       4.546548750028e-17       8.182574296938e-18      -1.067513189024e-19 
 3293       2.324257521354e-12       8.269476070070e-14      -1.368532670877e-13       1.770309594369e-15       4.540692170541e-17       8.155360144814e-18      -9.846122252873e-20 
 3294       2.320248653632e-12       8.242629338453e-14      -1.365368877234e-13       1.768330648610e-15       4.534844642524e-17       8.129795668937e-18      -9.099956847064e-20 
 3295       2.316237872961e-12       8.215802682179e-14      -1.362145499861e-13       1.766354082026e-15       4.529006136160e-17       8.105971509766e-18      -8.441947724168e-20 
 3296       2.312224728925e-12       8.188999893770e-14      -1.358862772022e-13       1.764379889743e-15       4.523176625195e-17       8.083950477512e-18      -7.875832749775e-20 
 3297       2.308208930981e-12       8.162224068969e-14      -1.355521429448e-13       1.762408069513e-15       4.517356098008e-17       8.063683281877e-18      -7.399007492294e-20 
 3298       2.304190228143e-12       8.135478134309e-14      -1.352122335349e-13       1.760438619730e-15       4.511544546587e-17       8.045092428117e-18      -7.007272162400e-20 
 3299       2.300168368814e-12       8.108765023251e-14      -1.348666355210e-13       1.758471538770e-15       4.505741962851e-17       8.028100227633e-18      -6.696416486140e-20 
 3300       2.296143100781e-12       8.082087676192e-14      -1.345154356798e-13       1.756506824991e-15       4.499948338651e-17       8.012628797826e-18      -6.462219696912e-20 
 3301       2.292114171218e-12       8.055449040466e-14      -1.341587210160e-13       1.754544476730e-15       4.494163665767e-17       7.998600061944e-18      -6.300450527447e-20 
 3302       2.288081326685e-12       8.028852070355e-14      -1.337965787625e-13       1.752584492307e-15       4.488387935910e-17       7.985935748938e-18      -6.206867201787e-20 
 3303       2.284044313127e-12       8.002299727091e-14      -1.334290963810e-13       1.750626870023e-15       4.482621140721e-17       7.974557393309e-18      -6.177217427264e-20 
 3304       2.280002875872e-12       7.975794978860e-14      -1.330563615616e-13       1.748671608158e-15       4.476863271771e-17       7.964386334965e-18      -6.207238386483e-20 
 3305       2.275956759634e-12       7.949340800809e-14      -1.326784622233e-13       1.746718704975e-15       4.471114320563e-17       7.955343719068e-18      -6.292656729295e-20 
 3306       2.271905708508e-12       7.922940175052e-14      -1.322954865141e-13       1.744768158718e-15       4.465374278528e-17       7.947350495889e-18      -6.429188564782e-20 
 3307       2.267849465976e-12       7.896596090674e-14      -1.319075228113e-13       1.742819967612e-15       4.459643137027e-17       7.940327420656e-18      -6.612539453233e-20 
 3308       2.263787774898e-12       7.870311543735e-14      -1.315146597216e-13       1.740874129861e-15       4.453920887353e-17       7.934195053409e-18      -6.838404398128e-20 
 3309       2.259720377520e-12       7.844089537278e-14      -1.311169860810e-13       1.738930643654e-15       4.448207520727e-17       7.928873758851e-18      -7.102467838110e-20 
 3310       2.255647015469e-12       7.817933081331e-14      -1.307145909554e-13       1.736989507156e-15       4.442503028301e-17       7.924283706197e-18      -7.400403638973e-20 
 3311       2.251567429751e-12       7.791845192915e-14      -1.303075636406e-13       1.735050718517e-15       4.436807401157e-17       7.920344869028e-18      -7.727875085634e-20 
 3312       2.247481360755e-12       7.765828896049e-14      -1.298959936625e-13       1.733114275865e-15       4.431120630305e-17       7.916977025143e-18      -8.080534874117e-20 
 3313       2.243388548250e-12       7.739887221752e-14      -1.294799707772e-13       1.731180177312e-15       4.425442706687e-17       7.914099756408e-18      -8.454025103532e-20 
 3314       2.239288731385e-12       7.714023208052e-14      -1.290595849713e-13       1.729248420949e-15       4.419773621172e-17       7.911632448611e-18      -8.843977268052e-20 
 3315       2.235181648687e-12       7.688239899989e-14      -1.286349264619e-13       1.727319004846e-15       4.414113364560e-17       7.909494291312e-18      -9.246012248895e-20 
 3316       2.231067038063e-12       7.662540349622e-14      -1.282060856969e-13       1.725391927058e-15       4.408461927582e-17       7.907604277691e-18      -9.655740306301e-20 
 3317       2.226944636798e-12       7.636927616032e-14      -1.277731533554e-13       1.723467185619e-15       4.402819300895e-17       7.905881204408e-18      -1.006876107152e-19 
 3318       2.222814181556e-12       7.611404765329e-14      -1.273362203474e-13       1.721544778541e-15       4.397185475087e-17       7.904243671446e-18      -1.048066353876e-19 
 3319       2.218675408377e-12       7.585974870654e-14      -1.268953778142e-13       1.719624703822e-15       4.391560440676e-17       7.902610081968e-18      -1.088702605723e-19 
 3320       2.214528052680e-12       7.560641012191e-14      -1.264507171288e-13       1.717706959436e-15       4.385944188109e-17       7.900898642166e-18      -1.128341632306e-19 
 3321       2.210371849259e-12       7.535406277165e-14      -1.260023298957e-13       1.715791543341e-15       4.380336707760e-17       7.899027361115e-18      -1.166539137128e-19 
 3322       2.206206532284e-12       7.510273759849e-14      -1.255503079513e-13       1.713878453475e-15       4.374737989935e-17       7.896914050621e-18      -1.202849756785e-19 
 3323       2.202031835301e-12       7.485246561574e-14      -1.250947433641e-13       1.711967687754e-15       4.369148024867e-17       7.894476325076e-18      -1.236827060161e-19 
 3324       2.197847491232e-12       7.460327790727e-14      -1.246357284347e-13       1.710059244080e-15       4.363566802718e-17       7.891631601308e-18      -1.268023547623e-19 
 3325       2.193653232373e-12       7.435520562761e-14      -1.241733556961e-13       1.708153120330e-15       4.357994313579e-17       7.888297098432e-18      -1.295990650225e-19 
 3326       2.189448790394e-12       7.410828000199e-14      -1.237077179140e-13       1.706249314366e-15       4.352430547472e-17       7.884389837705e-18      -1.320278728901e-19 
 3327       2.185233896339e-12       7.386253232639e-14      -1.232389080866e-13       1.704347824029e-15       4.346875494344e-17       7.879826642372e-18      -1.340437073665e-19 
 3328       2.181008280626e-12       7.361799396758e-14      -1.227670194452e-13       1.702448647139e-15       4.341329144073e-17       7.874524137524e-18      -1.356013902809e-19 
 3329       2.176771673044e-12       7.337469636322e-14      -1.222921454541e-13       1.700551781499e-15       4.335791486465e-17       7.868398749943e-18      -1.366556362101e-19 
 3330       2.172523802757e-12       7.313267102182e-14      -1.218143798110e-13       1.698657224892e-15       4.330262511254e-17       7.861366707958e-18      -1.371610523982e-19 
 3331       2.168264398299e-12       7.289194952291e-14      -1.213338164468e-13       1.696764975081e-15       4.324742208103e-17       7.853344041297e-18      -1.370721386763e-19 
 3332       2.163993187576e-12       7.265256351698e-14      -1.208505495263e-13       1.694875029810e-15       4.319230566604e-17       7.844246580936e-18      -1.363432873828e-19 
 3333       2.159709897864e-12       7.241454472560e-14      -1.203646734479e-13       1.692987386803e-15       4.313727576275e-17       7.833989958952e-18      -1.349287832825e-19 
 3334       2.155414255811e-12       7.217792494147e-14      -1.198762828441e-13       1.691102043765e-15       4.308233226566e-17       7.822489608373e-18      -1.327828034870e-19 
 3335       2.151106052106e-12       7.194273217484e-14      -1.193854736437e-13       1.689218997860e-15       4.302747505799e-17       7.809679498239e-18      -1.298731312687e-19 
 3336       2.146785335803e-12       7.170897907428e-14      -1.188923462643e-13       1.687338244145e-15       4.297270398012e-17       7.795568428947e-18      -1.262223634588e-19 
 3337       2.142452220850e-12       7.147667445517e-14      -1.183970024342e-13       1.685459777131e-15       4.291801886107e-17       7.780183983880e-18      -1.218668838887e-19 
 3338       2.138106821495e-12       7.124582714870e-14      -1.178995441318e-13       1.683583591299e-15       4.286341952895e-17       7.763553816717e-18      -1.168431660039e-19 
 3339       2.133749252287e-12       7.101644600187e-14      -1.174000735855e-13       1.681709681105e-15       4.280890581103e-17       7.745705651481e-18      -1.111877729319e-19 
 3340       2.129379628075e-12       7.078853987748e-14      -1.168986932743e-13       1.679838040977e-15       4.275447753370e-17       7.726667282597e-18      -1.049373575497e-19 
 3341       2.124998064012e-12       7.056211765419e-14      -1.163955059275e-13       1.677968665318e-15       4.270013452245e-17       7.706466574947e-18      -9.812866255162e-20 
 3342       2.120604675549e-12       7.033718822647e-14      -1.158906145253e-13       1.676101548500e-15       4.264587660193e-17       7.685131463918e-18      -9.079852051713e-20 
 3343       2.116199578440e-12       7.011376050468e-14      -1.153841222989e-13       1.674236684870e-15       4.259170359590e-17       7.662689955463e-18      -8.298385397839e-20 
 3344       2.111782888740e-12       6.989184341500e-14      -1.148761327305e-13       1.672374068748e-15       4.253761532723e-17       7.639170126147e-18      -7.472167548800e-20 
 3345       2.107354722808e-12       6.967144589952e-14      -1.143667495536e-13       1.670513694426e-15       4.248361161792e-17       7.614600123208e-18      -6.604908768675e-20 
 3346       2.102915197303e-12       6.945257691619e-14      -1.138560767533e-13       1.668655556170e-15       4.242969228911e-17       7.589008164605e-18      -5.700328337134e-20 
 3347       2.098464429188e-12       6.923524543886e-14      -1.133442185662e-13       1.666799648217e-15       4.237585716103e-17       7.562422539075e-18      -4.762154556203e-20 
 3348       2.094002535727e-12       6.901946045729e-14      -1.128312794812e-13       1.664945964777e-15       4.232210605307e-17       7.534871606185e-18      -3.794124757041e-20 
 3349       2.089529634489e-12       6.880523097714e-14      -1.123173642387e-13       1.663094500033e-15       4.226843878369e-17       7.506383796386e-18      -2.799985306710e-20 
 3350       2.085045843346e-12       6.859256602001e-14      -1.118025778317e-13       1.661245248142e-15       4.221485517050e-17       7.476987611068e-18      -1.783491614944e-20 
 3351       2.080551280470e-12       6.838147462344e-14      -1.112870255057e-13       1.659398203230e-15       4.216135503022e-17       7.446711622612e-18      -7.484081409212e-21 
 3352       2.076046064341e-12       6.817196584089e-14      -1.107708127585e-13       1.657553359400e-15       4.210793817870e-17       7.415584474445e-18       3.014915999625e-21 
 3353       2.071530313742e-12       6.796404874179e-14      -1.102540453411e-13       1.655710710724e-15       4.205460443088e-17       7.383634881091e-18       1.362425029325e-20 
 3354       2.067004147757e-12       6.775773241155e-14      -1.097368292572e-13       1.653870251249e-15       4.200135360084e-17       7.350891628229e-18       2.430600499027e-20 
 3355       2.062467685777e-12       6.755302595153e-14      -1.092192707639e-13       1.652031974992e-15       4.194818550175e-17       7.317383572744e-18       3.502217284398e-20 
 3356       2.057921047498e-12       6.734993847911e-14      -1.087014763717e-13       1.650195875945e-15       4.189509994592e-17       7.283139642779e-18       4.573465577467e-20 
 3357       2.053364352920e-12       6.714847912763e-14      -1.081835528444e-13       1.648361948071e-15       4.184209674475e-17       7.248188837794e-18       5.640526480193e-20 
 3358       2.048797722347e-12       6.694865704646e-14      -1.076656071998e-13       1.646530185305e-15       4.178917570877e-17       7.212560228613e-18       6.699571997689e-20 
 3359       2.044221276388e-12       6.675048140100e-14      -1.071477467097e-13       1.644700581556e-15       4.173633664760e-17       7.176282957483e-18       7.746765031456e-20 
 3360       2.039635135961e-12       6.655396137265e-14      -1.066300788999e-13       1.642873130704e-15       4.168357937000e-17       7.139386238126e-18       8.778259372608e-20 
 3361       2.035039422286e-12       6.635910615888e-14      -1.061127115506e-13       1.641047826602e-15       4.163090368381e-17       7.101899355792e-18       9.790199695104e-20 
 3362       2.030434256889e-12       6.616592497317e-14      -1.055957526963e-13       1.639224663075e-15       4.157830939600e-17       7.063851667312e-18       1.077872154897e-19 
 3363       2.025819761606e-12       6.597442704511e-14      -1.050793106266e-13       1.637403633921e-15       4.152579631264e-17       7.025272601155e-18       1.173995135354e-19 
 3364       2.021196058574e-12       6.578462162032e-14      -1.045634938858e-13       1.635584732909e-15       4.147336423889e-17       6.986191657478e-18       1.267000639068e-19 
 3365       2.016563270241e-12       6.559651796052e-14      -1.040484112731e-13       1.633767953782e-15       4.142101297906e-17       6.946638408181e-18       1.356499479800e-19 
 3366       2.011921519359e-12       6.541012534351e-14      -1.035341718432e-13       1.631953290253e-15       4.136874233652e-17       6.906642496963e-18       1.442101556210e-19 
 3367       2.007270928990e-12       6.522545306321e-14      -1.030208849063e-13       1.630140736009e-15       4.131655211378e-17       6.866233639369e-18       1.523415851182e-19 
 3368       2.002611622500e-12       6.504251042963e-14      -1.025086600280e-13       1.628330284709e-15       4.126444211242e-17       6.825441622854e-18       1.600050431141e-19 
 3369       1.997943723564e-12       6.486130676893e-14      -1.019976070300e-13       1.626521929982e-15       4.121241213315e-17       6.784296306826e-18       1.671612445382e-19 
 3370       1.993267356166e-12       6.468185142337e-14      -1.014878359898e-13       1.624715665433e-15       4.116046197578e-17       6.742827622708e-18       1.737708125389e-19 
 3371       1.988582644596e-12       6.450415375137e-14      -1.009794572414e-13       1.622911484637e-15       4.110859143920e-17       6.701065573986e-18       1.797942784159e-19 
 3372       1.983889713454e-12       6.432822312752e-14      -1.004725813748e-13       1.621109381139e-15       4.105680032144e-17       6.659040236267e-18       1.851920815526e-19 
 3373       1.979188687646e-12       6.415406894255e-14      -9.996731923701e-14       1.619309348459e-15       4.100508841958e-17       6.616781757327e-18       1.899245693482e-19 
 3374       1.974479728904e-12       6.398169715926e-14      -9.946377390002e-14       1.617511379856e-15       4.095345554282e-17       6.574322372620e-18       1.939640982284e-19 
 3375       1.969763145497e-12       6.381109996392e-14      -9.896201652880e-14       1.615715467625e-15       4.090190155136e-17       6.531702461224e-18       1.973313941978e-19 
 3376       1.965039282992e-12       6.364226606994e-14      -9.846211040917e-14       1.613921603799e-15       4.085042631765e-17       6.488964516291e-18       2.000593500186e-19 
 3377       1.960308487790e-12       6.347518415788e-14      -9.796411896991e-14       1.612129780379e-15       4.079902971343e-17       6.446151132064e-18       2.021809385315e-19 
 3378       1.955571107118e-12       6.330984287547e-14      -9.746810578288e-14       1.610339989333e-15       4.074771160972e-17       6.403305003947e-18       2.037292127162e-19 
 3379       1.950827489035e-12       6.314623083750e-14      -9.697413456312e-14       1.608552222600e-15       4.069647187680e-17       6.360468928588e-18       2.047373057505e-19 
 3380       1.946077982431e-12       6.298433662587e-14      -9.648226916892e-14       1.606766472086e-15       4.064531038425e-17       6.317685803948e-18       2.052384310706e-19 
 3381       1.941322937029e-12       6.282414878952e-14      -9.599257360200e-14       1.604982729667e-15       4.059422700092e-17       6.274998629375e-18       2.052658824306e-19 
 3382       1.936562703382e-12       6.266565584443e-14      -9.550511200752e-14       1.603200987185e-15       4.054322159495e-17       6.232450505686e-18       2.048530339627e-19 
 3383       1.931797632878e-12       6.250884627357e-14      -9.501994867427e-14       1.601421236454e-15       4.049229403375e-17       6.190084635232e-18       2.040333402365e-19 
 3384       1.927028077739e-12       6.235370852690e-14      -9.453714803470e-14       1.599643469252e-15       4.044144418399e-17       6.147944321981e-18       2.028403363192e-19 
 3385       1.922254391019e-12       6.220023102132e-14      -9.405677466509e-14       1.597867677330e-15       4.039067191165e-17       6.106072971591e-18       2.013076378354e-19 
 3386       1.917476926610e-12       6.204840214065e-14      -9.357889328559e-14       1.596093852403e-15       4.033997708196e-17       6.064514091483e-18       1.994689410265e-19 
 3387       1.912696039237e-12       6.189821023564e-14      -9.310356876040e-14       1.594321986159e-15       4.028935955943e-17       6.023311290915e-18       1.973580228112e-19 
 3388       1.907912084463e-12       6.174964362387e-14      -9.263086609778e-14       1.592552070251e-15       4.023881920785e-17       5.982508281061e-18       1.950087408445e-19 
 3389       1.903125418686e-12       6.160269058980e-14      -9.216085045025e-14       1.590784096301e-15       4.018835589028e-17       5.942148875084e-18       1.924550335783e-19 
 3390       1.898336399142e-12       6.145733938469e-14      -9.169358711462e-14       1.589018055899e-15       4.013796946906e-17       5.902276988209e-18       1.897309203205e-19 
 3391       1.893545383906e-12       6.131357822661e-14      -9.122914153213e-14       1.587253940605e-15       4.008765980580e-17       5.862936637802e-18       1.868705012955e-19 
 3392       1.888752731891e-12       6.117139530040e-14      -9.076757928854e-14       1.585491741945e-15       4.003742676136e-17       5.824171943439e-18       1.839079577033e-19 
 3393       1.883958802848e-12       6.103077875762e-14      -9.030896611427e-14       1.583731451415e-15       3.998727019591e-17       5.786027126988e-18       1.808775517799e-19 
 3394       1.879163957370e-12       6.089171671659e-14      -8.985336788443e-14       1.581973060478e-15       3.993718996886e-17       5.748546512678e-18       1.778136268569e-19 
 3395       1.874368556889e-12       6.075419726228e-14      -8.940085061900e-14       1.580216560566e-15       3.988718593890e-17       5.711774527178e-18       1.747506074212e-19 
 3396       1.869572963677e-12       6.061820844635e-14      -8.895148048289e-14       1.578461943077e-15       3.983725796400e-17       5.675755699668e-18       1.717229991748e-19 
 3397       1.864777540852e-12       6.048373828709e-14      -8.850532378605e-14       1.576709199381e-15       3.978740590137e-17       5.640534661919e-18       1.687653890949e-19 
 3398       1.859982652369e-12       6.035077476941e-14      -8.806244698360e-14       1.574958320812e-15       3.973762960751e-17       5.606156148362e-18       1.659124454934e-19 
 3399       1.855188663029e-12       6.021930584481e-14      -8.762291667590e-14       1.573209298675e-15       3.968792893819e-17       5.572664996168e-18       1.631989180769e-19 
 3400       1.850395938476e-12       6.008931943135e-14      -8.718679960867e-14       1.571462124241e-15       3.963830374843e-17       5.540106145321e-18       1.606596380065e-19 
 3401       1.845604845197e-12       5.996080341362e-14      -8.675416267308e-14       1.569716788750e-15       3.958875389253e-17       5.508524638691e-18       1.583295179573e-19 
 3402       1.840815750527e-12       5.983374564273e-14      -8.632507290589e-14       1.567973283410e-15       3.953927922406e-17       5.477965622113e-18       1.562435521787e-19 
 3403       1.836029022641e-12       5.970813393627e-14      -8.589959748952e-14       1.566231599396e-15       3.948987959582e-17       5.448474344457e-18       1.544368165539e-19 
 3404       1.831245030565e-12       5.958395607829e-14      -8.547780375214e-14       1.564491727853e-15       3.944055485992e-17       5.420096157707e-18       1.529444686597e-19 
 3405       1.826464144170e-12       5.946119981928e-14      -8.505975916784e-14       1.562753659892e-15       3.939130486770e-17       5.392876517036e-18       1.518017478266e-19 
 3406       1.821686734173e-12       5.933985287612e-14      -8.464553135665e-14       1.561017386591e-15       3.934212946978e-17       5.366860980878e-18       1.510439751982e-19 
 3407       1.816913172139e-12       5.921990293209e-14      -8.423518808472e-14       1.559282898999e-15       3.929302851603e-17       5.342095211002e-18       1.507065537914e-19 
 3408       1.812143830484e-12       5.910133763681e-14      -8.382879726437e-14       1.557550188129e-15       3.924400185559e-17       5.318624972593e-18       1.508249685557e-19 
 3409       1.807379082469e-12       5.898414460624e-14      -8.342642695422e-14       1.555819244966e-15       3.919504933686e-17       5.296496134321e-18       1.514347864336e-19 
 3410       1.802619302208e-12       5.886831142265e-14      -8.302814535928e-14       1.554090060458e-15       3.914617080750e-17       5.275754668420e-18       1.525716564202e-19 
 3411       1.797864864665e-12       5.875382563457e-14      -8.263402083106e-14       1.552362625525e-15       3.909736611441e-17       5.256446650758e-18       1.542713096227e-19 
 3412       1.793116145653e-12       5.864067475679e-14      -8.224412186770e-14       1.550636931052e-15       3.904863510379e-17       5.238618260917e-18       1.565695593207e-19 
 3413       1.788373502670e-12       5.852884487140e-14      -8.185850627834e-14       1.548912969019e-15       3.899997763492e-17       5.222294928433e-18       1.594907860221e-19 
 3414       1.783637217307e-12       5.841831642435e-14      -8.147718862545e-14       1.547190735882e-15       3.895139362189e-17       5.207418673609e-18       1.630133385304e-19 
 3415       1.778907552592e-12       5.830906841081e-14      -8.110017264302e-14       1.545470229206e-15       3.890288299206e-17       5.193910497910e-18       1.671039844938e-19 
 3416       1.774184772138e-12       5.820107977240e-14      -8.072746205949e-14       1.543751446541e-15       3.885444567227e-17       5.181691213227e-18       1.717294118602e-19 
 3417       1.769469140140e-12       5.809432939716e-14      -8.035906059778e-14       1.542034385418e-15       3.880608158879e-17       5.170681441736e-18       1.768562288186e-19 
 3418       1.764760921380e-12       5.798879611947e-14      -7.999497197525e-14       1.540319043352e-15       3.875779066735e-17       5.160801615758e-18       1.824509637403e-19 
 3419       1.760060381222e-12       5.788445872009e-14      -7.963519990372e-14       1.538605417841e-15       3.870957283313e-17       5.151971977620e-18       1.884800651202e-19 
 3420       1.755367785617e-12       5.778129592604e-14      -7.927974808947e-14       1.536893506369e-15       3.866142801075e-17       5.144112579516e-18       1.949099015176e-19 
 3421       1.750683401101e-12       5.767928641059e-14      -7.892862023318e-14       1.535183306400e-15       3.861335612429e-17       5.137143283364e-18       2.017067614980e-19 
 3422       1.746007494795e-12       5.757840879326e-14      -7.858182002999e-14       1.533474815382e-15       3.856535709727e-17       5.130983760669e-18       2.088368535739e-19 
 3423       1.741340334409e-12       5.747864163969e-14      -7.823935116944e-14       1.531768030749e-15       3.851743085267e-17       5.125553492384e-18       2.162663061463e-19 
 3424       1.736682188238e-12       5.737996346169e-14      -7.790121733549e-14       1.530062949915e-15       3.846957731290e-17       5.120771768766e-18       2.239611674458e-19 
 3425       1.732033325163e-12       5.728235271714e-14      -7.756742220649e-14       1.528359570279e-15       3.842179639982e-17       5.116557689241e-18       2.318874054736e-19 
 3426       1.727394014656e-12       5.718578780998e-14      -7.723796945521e-14       1.526657889223e-15       3.837408803475e-17       5.112830162258e-18       2.400109079431e-19 
 3427       1.722764526774e-12       5.709024709017e-14      -7.691286274879e-14       1.524957904112e-15       3.832645213843e-17       5.109507905158e-18       2.482974822211e-19 
 3428       1.718145132166e-12       5.699570885361e-14      -7.659210574875e-14       1.523259612294e-15       3.827888863108e-17       5.106509444025e-18       2.567128552687e-19 
 3429       1.713536102065e-12       5.690215134217e-14      -7.627570211101e-14       1.521563011102e-15       3.823139743234e-17       5.103753113552e-18       2.652226735825e-19 
 3430       1.708937708299e-12       5.680955274358e-14      -7.596365548583e-14       1.519868097849e-15       3.818397846129e-17       5.101157056900e-18       2.737925031366e-19 
 3431       1.704350223281e-12       5.671789119143e-14      -7.565596951782e-14       1.518174869834e-15       3.813663163646e-17       5.098639225556e-18       2.823878293226e-19 
 3432       1.699773920017e-12       5.662714476511e-14      -7.535264784598e-14       1.516483324338e-15       3.808935687584e-17       5.096117379196e-18       2.909740568918e-19 
 3433       1.695209072103e-12       5.653729148979e-14      -7.505369410361e-14       1.514793458625e-15       3.804215409685e-17       5.093509085542e-18       2.995165098962e-19 
 3434       1.690655953724e-12       5.644830933637e-14      -7.475911191838e-14       1.513105269944e-15       3.799502321633e-17       5.090731720227e-18       3.079804316293e-19 
 3435       1.686114839661e-12       5.636017622143e-14      -7.446890491226e-14       1.511418755524e-15       3.794796415059e-17       5.087702466649e-18       3.163309845678e-19 
 3436       1.681586005282e-12       5.627287000720e-14      -7.418307670155e-14       1.509733912579e-15       3.790097681538e-17       5.084338315837e-18       3.245332503126e-19 
 3437       1.677069726551e-12       5.618636850152e-14      -7.390163089688e-14       1.508050738306e-15       3.785406112587e-17       5.080556066307e-18       3.325522295301e-19 
 3438       1.672566280022e-12       5.610064945780e-14      -7.362457110315e-14       1.506369229886e-15       3.780721699669e-17       5.076272323924e-18       3.403528418934e-19 
 3439       1.668075942843e-12       5.601569057497e-14      -7.335190091959e-14       1.504689384481e-15       3.776044434190e-17       5.071403501761e-18       3.478999260234e-19 
 3440       1.663598992756e-12       5.593146949744e-14      -7.308362393969e-14       1.503011199237e-15       3.771374307499e-17       5.065865819961e-18       3.551582394303e-19 
 3441       1.659135708097e-12       5.584796381509e-14      -7.281974375126e-14       1.501334671283e-15       3.766711310892e-17       5.059575305596e-18       3.620924584546e-19 
 3442       1.654686367796e-12       5.576515106319e-14      -7.256026393634e-14       1.499659797732e-15       3.762055435604e-17       5.052447792527e-18       3.686671782082e-19 
 3443       1.650251251377e-12       5.568300872238e-14      -7.230518807126e-14       1.497986575678e-15       3.757406672819e-17       5.044398921264e-18       3.748469125160e-19 
 3444       1.645830638962e-12       5.560151421861e-14      -7.205451972662e-14       1.496315002200e-15       3.752765013660e-17       5.035344138828e-18       3.805960938569e-19 
 3445       1.641424811265e-12       5.552064492315e-14      -7.180826246725e-14       1.494645074359e-15       3.748130449196e-17       5.025198698607e-18       3.858790733049e-19 
 3446       1.637034049597e-12       5.544037815249e-14      -7.156641985222e-14       1.492976789199e-15       3.743502970440e-17       5.013877660221e-18       3.906601204705e-19 
 3447       1.632658635868e-12       5.536069116831e-14      -7.132899543486e-14       1.491310143747e-15       3.738882568347e-17       5.001295889380e-18       3.949034234421e-19 
 3448       1.628298852582e-12       5.528156117750e-14      -7.109599276270e-14       1.489645135012e-15       3.734269233816e-17       4.987368057743e-18       3.985730887266e-19 
 3449       1.623954982842e-12       5.520296533203e-14      -7.086741537753e-14       1.487981759989e-15       3.729662957691e-17       4.972008642780e-18       4.016331411914e-19 
 3450       1.619627310347e-12       5.512488072898e-14      -7.064326681530e-14       1.486320015651e-15       3.725063730756e-17       4.955131927632e-18       4.040475240050e-19 
 3451       1.615316119396e-12       5.504728441047e-14      -7.042355060621e-14       1.484659898959e-15       3.720471543741e-17       4.936652000970e-18       4.057800985786e-19 
 3452       1.611021651736e-12       5.497015417819e-14      -7.020826256766e-14       1.483001408040e-15       3.715886385786e-17       4.916510511138e-18       4.068058849997e-19 
 3453       1.606743976922e-12       5.489347104092e-14      -6.999736764763e-14       1.481344545756e-15       3.711308239827e-17       4.894760057504e-18       4.071448355515e-19 
 3454       1.602483121406e-12       5.481721677734e-14      -6.979082298303e-14       1.479689316152e-15       3.706737087192e-17       4.871481152719e-18       4.068282044010e-19 
 3455       1.598239111642e-12       5.474137312232e-14      -6.958858559768e-14       1.478035723274e-15       3.702172909131e-17       4.846754500716e-18       4.058873201797e-19 
 3456       1.594011974083e-12       5.466592176694e-14      -6.939061240220e-14       1.476383771167e-15       3.697615686815e-17       4.820660996857e-18       4.043535860384e-19 
 3457       1.589801735179e-12       5.459084435844e-14      -6.919686019395e-14       1.474733463874e-15       3.693065401337e-17       4.793281728065e-18       4.022584797015e-19 
 3458       1.585608421381e-12       5.451612250018e-14      -6.900728565695e-14       1.473084805439e-15       3.688522033710e-17       4.764697972970e-18       3.996335535210e-19 
 3459       1.581432059140e-12       5.444173775161e-14      -6.882184536175e-14       1.471437799904e-15       3.683985564871e-17       4.734991202042e-18       3.965104345313e-19 
 3460       1.577272674903e-12       5.436767162823e-14      -6.864049576540e-14       1.469792451312e-15       3.679455975676e-17       4.704243077736e-18       3.929208245034e-19 
 3461       1.573130295120e-12       5.429390560158e-14      -6.846319321131e-14       1.468148763703e-15       3.674933246904e-17       4.672535454630e-18       3.888964999995e-19 
 3462       1.569004946236e-12       5.422042109921e-14      -6.828989392923e-14       1.466506741118e-15       3.670417359255e-17       4.639950379564e-18       3.844693124269e-19 
 3463       1.564896654698e-12       5.414719950461e-14      -6.812055403510e-14       1.464866387597e-15       3.665908293350e-17       4.606570091779e-18       3.796711880930e-19 
 3464       1.560805446951e-12       5.407422215720e-14      -6.795512953101e-14       1.463227707179e-15       3.661406029731e-17       4.572477023057e-18       3.745341282591e-19 
 3465       1.556731349440e-12       5.400147035233e-14      -6.779357630509e-14       1.461590703903e-15       3.656910548860e-17       4.537753797862e-18       3.690902091951e-19 
 3466       1.552674388608e-12       5.392892534119e-14      -6.763585013143e-14       1.459955381806e-15       3.652421831124e-17       4.502483233478e-18       3.633715822342e-19 
 3467       1.548634590896e-12       5.385656833080e-14      -6.748190667000e-14       1.458321744926e-15       3.647939856825e-17       4.466748340150e-18       3.574104738263e-19 
 3468       1.544611982746e-12       5.378438048402e-14      -6.733170146658e-14       1.456689797297e-15       3.643464606192e-17       4.430632321219e-18       3.512391855936e-19 
 3469       1.540606590599e-12       5.371234291945e-14      -6.718518995263e-14       1.455059542958e-15       3.638996059369e-17       4.394218573270e-18       3.448900943839e-19 
 3470       1.536618440893e-12       5.364043671143e-14      -6.704232744524e-14       1.453430985941e-15       3.634534196426e-17       4.357590686264e-18       3.383956523258e-19 
 3471       1.532647560067e-12       5.356864289002e-14      -6.690306914706e-14       1.451804130281e-15       3.630078997351e-17       4.320832443680e-18       3.317883868827e-19 
 3472       1.528693974557e-12       5.349694244096e-14      -6.676737014615e-14       1.450178980012e-15       3.625630442051e-17       4.284027822655e-18       3.251009009070e-19 
 3473       1.524757710799e-12       5.342531630561e-14      -6.663518541596e-14       1.448555539167e-15       3.621188510357e-17       4.247260994126e-18       3.183658726950e-19 
 3474       1.520838795228e-12       5.335374538096e-14      -6.650646981524e-14       1.446933811777e-15       3.616753182020e-17       4.210616322962e-18       3.116160560408e-19 
 3475       1.516937254278e-12       5.328221051958e-14      -6.638117808789e-14       1.445313801873e-15       3.612324436708e-17       4.174178368113e-18       3.048842802910e-19 
 3476       1.513053114381e-12       5.321069252958e-14      -6.625926486296e-14       1.443695513486e-15       3.607902254013e-17       4.138031882744e-18       2.982034503989e-19 
 3477       1.509186401969e-12       5.313917217457e-14      -6.614068465451e-14       1.442078950646e-15       3.603486613446e-17       4.102261814373e-18       2.916065469790e-19 
 3478       1.505337143471e-12       5.306763017367e-14      -6.602539186153e-14       1.440464117382e-15       3.599077494438e-17       4.066953305017e-18       2.851266263613e-19 
 3479       1.501505365317e-12       5.299604720144e-14      -6.591334076788e-14       1.438851017722e-15       3.594674876340e-17       4.032191691326e-18       2.787968206456e-19 
 3480       1.497691093933e-12       5.292440388785e-14      -6.580448554220e-14       1.437239655694e-15       3.590278738424e-17       3.998062504723e-18       2.726503377562e-19 
 3481       1.493894355748e-12       5.285268081827e-14      -6.569878023777e-14       1.435630035323e-15       3.585889059881e-17       3.964651471548e-18       2.667204614960e-19 
 3482       1.490115177185e-12       5.278085853341e-14      -6.559617879252e-14       1.434022160637e-15       3.581505819823e-17       3.932044513191e-18       2.610405516008e-19 
 3483       1.486353584669e-12       5.270891752931e-14      -6.549663502887e-14       1.432416035660e-15       3.577128997281e-17       3.900327746238e-18       2.556440437941e-19 
 3484       1.482609604622e-12       5.263683825731e-14      -6.540010265366e-14       1.430811664417e-15       3.572758571205e-17       3.869587482607e-18       2.505644498410e-19 
 3485       1.478883263467e-12       5.256460112399e-14      -6.530653525809e-14       1.429209050932e-15       3.568394520468e-17       3.839910229686e-18       2.458353576029e-19 
 3486       1.475174587621e-12       5.249218649116e-14      -6.521588631761e-14       1.427608199226e-15       3.564036823859e-17       3.811382690477e-18       2.414904310919e-19 
 3487       1.471483603506e-12       5.241957467584e-14      -6.512810919184e-14       1.426009113323e-15       3.559685460088e-17       3.784091763732e-18       2.375634105249e-19 
 3488       1.467810337537e-12       5.234674595019e-14      -6.504315712450e-14       1.424411797244e-15       3.555340407785e-17       3.758124544096e-18       2.340881123782e-19 
 3489       1.464154816130e-12       5.227368054151e-14      -6.496098324330e-14       1.422816255009e-15       3.551001645499e-17       3.733568322241e-18       2.310984294418e-19 
 3490       1.460517065701e-12       5.220035863220e-14      -6.488154055987e-14       1.421222490637e-15       3.546669151699e-17       3.710510585013e-18       2.286283308740e-19 
 3491       1.456897092218e-12       5.212676242063e-14      -6.480478023674e-14       1.419630507803e-15       3.542342908541e-17       3.689015940975e-18       2.267023862836e-19 
 3492       1.453294819780e-12       5.205288231331e-14      -6.473064638046e-14       1.418040308790e-15       3.538022913192e-17       3.669056791040e-18       2.253072944389e-19 
 3493       1.449710151780e-12       5.197871075863e-14      -6.465908122647e-14       1.416451895533e-15       3.533709166554e-17       3.650582367186e-18       2.244202351920e-19 
 3494       1.446142991331e-12       5.190424018834e-14      -6.459002686993e-14       1.414865269961e-15       3.529401669501e-17       3.633541780537e-18       2.240183345588e-19 
 3495       1.442593241261e-12       5.182946301750e-14      -6.452342526563e-14       1.413280433997e-15       3.525100422876e-17       3.617884021272e-18       2.240786646803e-19 
 3496       1.439060804117e-12       5.175437164447e-14      -6.445921822785e-14       1.411697389557e-15       3.520805427495e-17       3.603557958538e-18       2.245782437835e-19 
 3497       1.435545582159e-12       5.167895845092e-14      -6.439734743033e-14       1.410116138553e-15       3.516516684144e-17       3.590512340360e-18       2.254940361425e-19 
 3498       1.432047477367e-12       5.160321580182e-14      -6.433775440610e-14       1.408536682892e-15       3.512234193579e-17       3.578695793559e-18       2.268029520397e-19 
 3499       1.428566391435e-12       5.152713604539e-14      -6.428038054740e-14       1.406959024474e-15       3.507957956529e-17       3.568056823658e-18       2.284818477268e-19 
 3500       1.425102225772e-12       5.145071151312e-14      -6.422516710560e-14       1.405383165194e-15       3.503687973693e-17       3.558543814800e-18       2.305075253860e-19 
 3501       1.421654881505e-12       5.137393451977e-14      -6.417205519107e-14       1.403809106942e-15       3.499424245739e-17       3.550105029656e-18       2.328567330912e-19 
 3502       1.418224259475e-12       5.129679736332e-14      -6.412098577308e-14       1.402236851600e-15       3.495166773307e-17       3.542688609341e-18       2.355061647687e-19 
 3503       1.414810260239e-12       5.121929232499e-14      -6.407189967971e-14       1.400666401046e-15       3.490915557010e-17       3.536242573323e-18       2.384324601588e-19 
 3504       1.411412784067e-12       5.114141166920e-14      -6.402473759774e-14       1.399097757154e-15       3.486670597428e-17       3.530714819339e-18       2.416122047766e-19 
 3505       1.408031730947e-12       5.106314764361e-14      -6.397944007255e-14       1.397530921790e-15       3.482431895114e-17       3.526053123304e-18       2.450219298732e-19 
 3506       1.404667000578e-12       5.098449247902e-14      -6.393594750803e-14       1.395965896815e-15       3.478199450590e-17       3.522205139225e-18       2.486381123969e-19 
 3507       1.401318492376e-12       5.090543838947e-14      -6.389420016644e-14       1.394402684084e-15       3.473973264351e-17       3.519118399116e-18       2.524371749541e-19 
 3508       1.397986105471e-12       5.082597757212e-14      -6.385413816834e-14       1.392841285447e-15       3.469753336861e-17       3.516740312905e-18       2.563954857703e-19 
 3509       1.394669738704e-12       5.074610220731e-14      -6.381570149251e-14       1.391281702749e-15       3.465539668554e-17       3.515018168351e-18       2.604893586518e-19 
 3510       1.391369290634e-12       5.066580445852e-14      -6.377882997577e-14       1.389723937826e-15       3.461332259835e-17       3.513899130954e-18       2.646950529461e-19 
 3511       1.388084659529e-12       5.058507647238e-14      -6.374346331296e-14       1.388167992513e-15       3.457131111081e-17       3.513330243868e-18       2.689887735035e-19 
 3512       1.384815743374e-12       5.050391037861e-14      -6.370954105680e-14       1.386613868636e-15       3.452936222637e-17       3.513258427815e-18       2.733466706378e-19 
 3513       1.381562439865e-12       5.042229829007e-14      -6.367700261777e-14       1.385061568017e-15       3.448747594821e-17       3.513630480993e-18       2.777448400880e-19 
 3514       1.378324646412e-12       5.034023230271e-14      -6.364578726405e-14       1.383511092470e-15       3.444565227920e-17       3.514393078996e-18       2.821593229786e-19 
 3515       1.375102260135e-12       5.025770449556e-14      -6.361583412139e-14       1.381962443806e-15       3.440389122190e-17       3.515492774717e-18       2.865661057814e-19 
 3516       1.371895177869e-12       5.017470693072e-14      -6.358708217302e-14       1.380415623829e-15       3.436219277860e-17       3.516875998269e-18       2.909411202762e-19 
 3517       1.368703296161e-12       5.009123165337e-14      -6.355947025953e-14       1.378870634337e-15       3.432055695129e-17       3.518489056892e-18       2.952602435121e-19 
 3518       1.365526511268e-12       5.000727069173e-14      -6.353293707878e-14       1.377327477123e-15       3.427898374163e-17       3.520278134868e-18       2.994992977686e-19 
 3519       1.362364719161e-12       4.992281605706e-14      -6.350742118582e-14       1.375786153973e-15       3.423747315103e-17       3.522189293431e-18       3.036340505166e-19 
 3520       1.359217815521e-12       4.983785974365e-14      -6.348286099272e-14       1.374246666670e-15       3.419602518058e-17       3.524168470682e-18       3.076402143794e-19 
 3521       1.356085695741e-12       4.975239372881e-14      -6.345919476857e-14       1.372709016988e-15       3.415463983105e-17       3.526161481502e-18       3.114934470942e-19 
 3522       1.352968254924e-12       4.966640997285e-14      -6.343636063928e-14       1.371173206696e-15       3.411331710296e-17       3.528114017461e-18       3.151693514729e-19 
 3523       1.349865387885e-12       4.957990041906e-14      -6.341429658752e-14       1.369639237559e-15       3.407205699648e-17       3.529971646731e-18       3.186434753630e-19 
 3524       1.346776989150e-12       4.949285699373e-14      -6.339294045264e-14       1.368107111335e-15       3.403085951152e-17       3.531679814004e-18       3.218913116094e-19 
 3525       1.343702952953e-12       4.940527160612e-14      -6.337222993052e-14       1.366576829776e-15       3.398972464768e-17       3.533183840395e-18       3.248882980148e-19 
 3526       1.340643173241e-12       4.931713614842e-14      -6.335210257350e-14       1.365048394629e-15       3.394865240425e-17       3.534428923364e-18       3.276098173012e-19 
 3527       1.337597543669e-12       4.922844249578e-14      -6.333249579027e-14       1.363521807633e-15       3.390764278023e-17       3.535360136620e-18       3.300311970706e-19 
 3528       1.334565957603e-12       4.913918250630e-14      -6.331334684577e-14       1.361997070524e-15       3.386669577431e-17       3.535922430042e-18       3.321277097668e-19 
 3529       1.331548308118e-12       4.904934802098e-14      -6.329459286107e-14       1.360474185031e-15       3.382581138490e-17       3.536060629582e-18       3.338745726358e-19 
 3530       1.328544493396e-12       4.895893287147e-14      -6.327617441545e-14       1.358953151803e-15       3.378498957466e-17       3.535731359083e-18       3.352527502739e-19 
 3531       1.325554432948e-12       4.886793891230e-14      -6.325804636908e-14       1.357433967175e-15       3.374423016404e-17       3.534938859912e-18       3.362663886486e-19 
 3532       1.322578051458e-12       4.877637001367e-14      -6.324016708499e-14       1.355916626393e-15       3.370353293735e-17       3.533699319803e-18       3.369254533518e-19 
 3533       1.319615273393e-12       4.868423005596e-14      -6.322249483104e-14       1.354401124678e-15       3.366289767807e-17       3.532028964487e-18       3.372399336027e-19 
 3534       1.316666023002e-12       4.859152292979e-14      -6.320498777973e-14       1.352887457233e-15       3.362232416893e-17       3.529944057724e-18       3.372198422643e-19 
 3535       1.313730224315e-12       4.849825253597e-14      -6.318760400822e-14       1.351375619239e-15       3.358181219187e-17       3.527460901325e-18       3.368752158610e-19 
 3536       1.310807801145e-12       4.840442278553e-14      -6.317030149823e-14       1.349865605857e-15       3.354136152802e-17       3.524595835182e-18       3.362161145950e-19 
 3537       1.307898677084e-12       4.831003759977e-14      -6.315303813596e-14       1.348357412229e-15       3.350097195776e-17       3.521365237297e-18       3.352526223637e-19 
 3538       1.305002775509e-12       4.821510091018e-14      -6.313577171205e-14       1.346851033474e-15       3.346064326065e-17       3.517785523803e-18       3.339948467763e-19 
 3539       1.302120019575e-12       4.811961665853e-14      -6.311845992149e-14       1.345346464692e-15       3.342037521548e-17       3.513873148999e-18       3.324529191712e-19 
 3540       1.299250332220e-12       4.802358879684e-14      -6.310106036358e-14       1.343843700961e-15       3.338016760025e-17       3.509644605372e-18       3.306369946323e-19 
 3541       1.296393636160e-12       4.792702128737e-14      -6.308353054182e-14       1.342342737340e-15       3.334002019217e-17       3.505116423624e-18       3.285572520069e-19 
 3542       1.293549853895e-12       4.782991810269e-14      -6.306582786388e-14       1.340843568867e-15       3.329993276766e-17       3.500305172704e-18       3.262238939218e-19 
 3543       1.290718907704e-12       4.773228322561e-14      -6.304790964151e-14       1.339346190558e-15       3.325990510235e-17       3.495227459830e-18       3.236471468007e-19 
 3544       1.287900719645e-12       4.763412064924e-14      -6.302973309048e-14       1.337850597409e-15       3.321993697107e-17       3.489899930518e-18       3.208372608812e-19 
 3545       1.285095211559e-12       4.753543437697e-14      -6.301125533054e-14       1.336356784397e-15       3.318002814787e-17       3.484339268612e-18       3.178045102315e-19 
 3546       1.282302305064e-12       4.743622842252e-14      -6.299243338528e-14       1.334864746477e-15       3.314017840601e-17       3.478562196304e-18       3.145591927676e-19 
 3547       1.279521921560e-12       4.733650680988e-14      -6.297322418216e-14       1.333374478582e-15       3.310038751795e-17       3.472585474170e-18       3.111116302704e-19 
 3548       1.276753982225e-12       4.723627357338e-14      -6.295358455234e-14       1.331885975625e-15       3.306065525535e-17       3.466425901192e-18       3.074721684020e-19 
 3549       1.273998408017e-12       4.713553275766e-14      -6.293347123069e-14       1.330399232501e-15       3.302098138910e-17       3.460100314785e-18       3.036511767235e-19 
 3550       1.271255119675e-12       4.703428841770e-14      -6.291284085570e-14       1.328914244080e-15       3.298136568927e-17       3.453625590827e-18       2.996590487115e-19 
 3551       1.268524037715e-12       4.693254461880e-14      -6.289164996939e-14       1.327431005214e-15       3.294180792514e-17       3.447018643684e-18       2.955062017752e-19 
 3552       1.265805082432e-12       4.683030543662e-14      -6.286985501728e-14       1.325949510732e-15       3.290230786521e-17       3.440296426237e-18       2.912030772732e-19 
 3553       1.263098173901e-12       4.672757495717e-14      -6.284741234828e-14       1.324469755446e-15       3.286286527716e-17       3.433475929912e-18       2.867601405308e-19 
 3554       1.260403231976e-12       4.662435727682e-14      -6.282427821466e-14       1.322991734142e-15       3.282347992790e-17       3.426574184703e-18       2.821878808566e-19 
 3555       1.257720176287e-12       4.652065650229e-14      -6.280040877197e-14       1.321515441589e-15       3.278415158350e-17       3.419608259203e-18       2.774968115597e-19 
 3556       1.255048926244e-12       4.641647675070e-14      -6.277576007895e-14       1.320040872535e-15       3.274488000928e-17       3.412595260630e-18       2.726974699668e-19 
 3557       1.252389401036e-12       4.631182214955e-14      -6.275028809750e-14       1.318568021704e-15       3.270566496973e-17       3.405552334853e-18       2.678004174385e-19 
 3558       1.249741519629e-12       4.620669683671e-14      -6.272394869259e-14       1.317096883802e-15       3.266650622856e-17       3.398496666419e-18       2.628162393873e-19 
 3559       1.247105200766e-12       4.610110496046e-14      -6.269669763220e-14       1.315627453514e-15       3.262740354865e-17       3.391445478583e-18       2.577555452936e-19 
 3560       1.244480362969e-12       4.599505067949e-14      -6.266849058723e-14       1.314159725502e-15       3.258835669210e-17       3.384416033334e-18       2.526289687233e-19 
 3561       1.241866924536e-12       4.588853816290e-14      -6.263928313148e-14       1.312693694409e-15       3.254936542022e-17       3.377425631419e-18       2.474471673445e-19 
 3562       1.239264803544e-12       4.578157159019e-14      -6.260903074153e-14       1.311229354856e-15       3.251042949349e-17       3.370491612376e-18       2.422208229444e-19 
 3563       1.236673917846e-12       4.567415515132e-14      -6.257768879670e-14       1.309766701443e-15       3.247154867160e-17       3.363631354556e-18       2.369606414465e-19 
 3564       1.234094185073e-12       4.556629304666e-14      -6.254521257900e-14       1.308305728750e-15       3.243272271345e-17       3.356862275153e-18       2.316773529275e-19 
 3565       1.231525522631e-12       4.545798948704e-14      -6.251155727302e-14       1.306846431335e-15       3.239395137710e-17       3.350201830231e-18       2.263817116341e-19 
 3566       1.228967847705e-12       4.534924869373e-14      -6.247667796587e-14       1.305388803734e-15       3.235523441984e-17       3.343667514748e-18       2.210844960001e-19 
 3567       1.226421077254e-12       4.524007489846e-14      -6.244052964717e-14       1.303932840465e-15       3.231657159814e-17       3.337276862590e-18       2.157965086635e-19 
 3568       1.223885128015e-12       4.513047234343e-14      -6.240306720890e-14       1.302478536023e-15       3.227796266767e-17       3.331047446592e-18       2.105285764832e-19 
 3569       1.221359918330e-12       4.502044631036e-14      -6.236425139975e-14       1.301025885053e-15       3.223940743094e-17       3.324993249533e-18       2.052906095750e-19 
 3570       1.218845373640e-12       4.491000621241e-14      -6.232406671488e-14       1.299574882876e-15       3.220090588056e-17       3.319113760800e-18       2.000887741672e-19 
 3571       1.216341421012e-12       4.479916251496e-14      -6.228250357945e-14       1.298125524964e-15       3.216245805654e-17       3.313404835022e-18       1.949283081744e-19 
 3572       1.213847987314e-12       4.468792570774e-14      -6.223955240089e-14       1.296677806772e-15       3.212406399876e-17       3.307862317033e-18       1.898144611320e-19 
 3573       1.211364999216e-12       4.457630630486e-14      -6.219520356893e-14       1.295231723736e-15       3.208572374693e-17       3.302482041865e-18       1.847524942049e-19 
 3574       1.208892383185e-12       4.446431484479e-14      -6.214944745555e-14       1.293787271271e-15       3.204743734057e-17       3.297259834742e-18       1.797476801950e-19 
 3575       1.206430065490e-12       4.435196189044e-14      -6.210227441498e-14       1.292344444777e-15       3.200920481905e-17       3.292191511069e-18       1.748053035500e-19 
 3576       1.203977972197e-12       4.423925802910e-14      -6.205367478370e-14       1.290903239631e-15       3.197102622156e-17       3.287272876429e-18       1.699306603707e-19 
 3577       1.201536029176e-12       4.412621387251e-14      -6.200363888042e-14       1.289463651193e-15       3.193290158714e-17       3.282499726577e-18       1.651290584199e-19 
 3578       1.199104162092e-12       4.401284005687e-14      -6.195215700606e-14       1.288025674805e-15       3.189483095465e-17       3.277867847427e-18       1.604058171298e-19 
 3579       1.196682296411e-12       4.389914724284e-14      -6.189921944375e-14       1.286589305789e-15       3.185681436278e-17       3.273373015052e-18       1.557662676107e-19 
 3580       1.194270357398e-12       4.378514611556e-14      -6.184481645881e-14       1.285154539448e-15       3.181885185005e-17       3.269010995671e-18       1.512157526588e-19 
 3581       1.191868270117e-12       4.367084738469e-14      -6.178893829877e-14       1.283721371066e-15       3.178094345482e-17       3.264777545648e-18       1.467596267642e-19 
 3582       1.189475959431e-12       4.355626178440e-14      -6.173157519328e-14       1.282289795909e-15       3.174308921527e-17       3.260668411480e-18       1.424032561193e-19 
 3583       1.187093350001e-12       4.344140007340e-14      -6.167271735421e-14       1.280859809222e-15       3.170528916943e-17       3.256679329791e-18       1.381520186267e-19 
 3584       1.184720366288e-12       4.332627303497e-14      -6.161235497553e-14       1.279431406233e-15       3.166754335514e-17       3.252806027328e-18       1.340113039074e-19 
 3585       1.182356932548e-12       4.321089147694e-14      -6.155047823338e-14       1.278004582150e-15       3.162985181007e-17       3.249044220951e-18       1.299865133089e-19 
 3586       1.180002972838e-12       4.309526623174e-14      -6.148707728600e-14       1.276579332162e-15       3.159221457174e-17       3.245389617628e-18       1.260830599131e-19 
 3587       1.177658411013e-12       4.297940815641e-14      -6.142214227376e-14       1.275155651439e-15       3.155463167748e-17       3.241837914426e-18       1.223063685449e-19 
 3588       1.175323170724e-12       4.286332813262e-14      -6.135566331914e-14       1.273733535132e-15       3.151710316446e-17       3.238384798504e-18       1.186618757797e-19 
 3589       1.172997175422e-12       4.274703706666e-14      -6.128763052669e-14       1.272312978374e-15       3.147962906968e-17       3.235025947109e-18       1.151550299519e-19 
 3590       1.170680348355e-12       4.263054588951e-14      -6.121803398305e-14       1.270893976277e-15       3.144220942996e-17       3.231757027567e-18       1.117912911630e-19 
 3591       1.168372612566e-12       4.251386555680e-14      -6.114686375694e-14       1.269476523934e-15       3.140484428197e-17       3.228573697275e-18       1.085761312894e-19 
 3592       1.166073890899e-12       4.239700704886e-14      -6.107410989911e-14       1.268060616420e-15       3.136753366218e-17       3.225471603695e-18       1.055150339909e-19 
 3593       1.163784105992e-12       4.227998137075e-14      -6.099976244237e-14       1.266646248791e-15       3.133027760692e-17       3.222446384349e-18       1.026134947185e-19 
 3594       1.161503180283e-12       4.216279955222e-14      -6.092381140157e-14       1.265233416082e-15       3.129307615232e-17       3.219493666808e-18       9.987702072274e-20 
 3595       1.159231036003e-12       4.204547264780e-14      -6.084624677357e-14       1.263822113312e-15       3.125592933435e-17       3.216609068690e-18       9.731113106158e-20 
 3596       1.156967595183e-12       4.192801173676e-14      -6.076705853724e-14       1.262412335476e-15       3.121883718882e-17       3.213788197646e-18       9.492135660867e-20 
 3597       1.154712779650e-12       4.181042792317e-14      -6.068623665347e-14       1.261004077555e-15       3.118179975135e-17       3.211026651362e-18       9.271324006139e-20 
 3598       1.152466511025e-12       4.169273233588e-14      -6.060377106510e-14       1.259597334508e-15       3.114481705740e-17       3.208320017543e-18       9.069233594897e-20 
 3599       1.150228710729e-12       4.157493612855e-14      -6.051965169697e-14       1.258192101274e-15       3.110788914226e-17       3.205663873914e-18       8.886421064059e-20 
 3600       1.147999299976e-12       4.145705047970e-14      -6.043386845589e-14       1.256788372774e-15       3.107101604102e-17       3.203053788207e-18       8.723444235349e-20 
 3601       1.145778199778e-12       4.133908659266e-14      -6.034641123061e-14       1.255386143911e-15       3.103419778864e-17       3.200485318156e-18       8.580862116108e-20 
 3602       1.143565330940e-12       4.122105569566e-14      -6.025726989182e-14       1.253985409566e-15       3.099743441987e-17       3.197954011493e-18       8.459234900103e-20 
 3603       1.141360614066e-12       4.110296904178e-14      -6.016643429214e-14       1.252586164602e-15       3.096072596931e-17       3.195455405936e-18       8.359123968340e-20 
 3604       1.139163969553e-12       4.098483790903e-14      -6.007389426612e-14       1.251188403863e-15       3.092407247138e-17       3.192985029186e-18       8.281091889873e-20 
 3605       1.136975317595e-12       4.086667360032e-14      -5.997963963019e-14       1.249792122173e-15       3.088747396032e-17       3.190538398916e-18       8.225702422613e-20 
 3606       1.134794578181e-12       4.074848744351e-14      -5.988366018271e-14       1.248397314337e-15       3.085093047021e-17       3.188111022770e-18       8.193520514143e-20 
 3607       1.132621671093e-12       4.063029079138e-14      -5.978594570390e-14       1.247003975141e-15       3.081444203494e-17       3.185698398349e-18       8.185112302523e-20 
 3608       1.130456507511e-12       4.051209481991e-14      -5.968649075617e-14       1.245612100670e-15       3.077800865098e-17       3.183299204424e-18       8.200688311380e-20 
 3609       1.128298964768e-12       4.039390992193e-14      -5.958530910632e-14       1.244221692272e-15       3.074163016539e-17       3.180924888716e-18       8.239031451242e-20 
 3610       1.126148911493e-12       4.027574631104e-14      -5.948241936189e-14       1.242832752611e-15       3.070530638736e-17       3.178590119031e-18       8.298564667057e-20 
 3611       1.124006215993e-12       4.015761422314e-14      -5.937784017616e-14       1.241445284349e-15       3.066903712540e-17       3.176309595602e-18       8.377707346029e-20 
 3612       1.121870746262e-12       4.003952391650e-14      -5.927159024822e-14       1.240059290145e-15       3.063282218735e-17       3.174098051115e-18       8.474875315141e-20 
 3613       1.119742369973e-12       3.992148567174e-14      -5.916368832298e-14       1.238674772660e-15       3.059666138037e-17       3.171970250730e-18       8.588480838679e-20 
 3614       1.117620954481e-12       3.980350979186e-14      -5.905415319120e-14       1.237291734548e-15       3.056055451095e-17       3.169940992102e-18       8.716932615754e-20 
 3615       1.115506366825e-12       3.968560660228e-14      -5.894300368957e-14       1.235910178464e-15       3.052450138492e-17       3.168025105405e-18       8.858635777824e-20 
 3616       1.113398473723e-12       3.956778645079e-14      -5.883025870064e-14       1.234530107061e-15       3.048850180742e-17       3.166237453354e-18       9.011991886217e-20 
 3617       1.111297141575e-12       3.945005970764e-14      -5.871593715299e-14       1.233151522990e-15       3.045255558294e-17       3.164592931229e-18       9.175398929650e-20 
 3618       1.109202236463e-12       3.933243676550e-14      -5.860005802113e-14       1.231774428899e-15       3.041666251526e-17       3.163106466895e-18       9.347251321758e-20 
 3619       1.107113624149e-12       3.921492803950e-14      -5.848264032562e-14       1.230398827435e-15       3.038082240751e-17       3.161793020824e-18       9.525939898610e-20 
 3620       1.105031170074e-12       3.909754396725e-14      -5.836370313309e-14       1.229024721244e-15       3.034503506214e-17       3.160667586121e-18       9.709851916234e-20 
 3621       1.102954739363e-12       3.898029500884e-14      -5.824326555622e-14       1.227652112968e-15       3.030930028093e-17       3.159745188542e-18       9.897371048141e-20 
 3622       1.100884196817e-12       3.886319164686e-14      -5.812134675384e-14       1.226281005249e-15       3.027361786496e-17       3.159040886522e-18       1.008687738284e-19 
 3623       1.098819406920e-12       3.874624438642e-14      -5.799796593093e-14       1.224911400726e-15       3.023798761466e-17       3.158569771191e-18       1.027674742138e-19 
 3624       1.096760233834e-12       3.862946375516e-14      -5.787314233865e-14       1.223543302036e-15       3.020240932976e-17       3.158346966401e-18       1.046535407484e-19 
 3625       1.094706541401e-12       3.851286030329e-14      -5.774689527438e-14       1.222176711815e-15       3.016688280934e-17       3.158387628746e-18       1.065106666188e-19 
 3626       1.092658193142e-12       3.839644460354e-14      -5.761924408176e-14       1.220811632695e-15       3.013140785176e-17       3.158706947587e-18       1.083225090625e-19 
 3627       1.090615052256e-12       3.828022725126e-14      -5.749020815069e-14       1.219448067310e-15       3.009598425475e-17       3.159320145072e-18       1.100726893432e-19 
 3628       1.088576981624e-12       3.816421886438e-14      -5.735980691742e-14       1.218086018288e-15       3.006061181532e-17       3.160242476159e-18       1.117447927260e-19 
 3629       1.086543843801e-12       3.804843008343e-14      -5.722805986452e-14       1.216725488257e-15       3.002529032981e-17       3.161489228639e-18       1.133223684524e-19 
 3630       1.084515501024e-12       3.793287157158e-14      -5.709498652097e-14       1.215366479843e-15       2.999001959390e-17       3.163075723159e-18       1.147889297160e-19 
 3631       1.082491815206e-12       3.781755401463e-14      -5.696060646214e-14       1.214008995670e-15       2.995479940256e-17       3.165017313241e-18       1.161279536372e-19 
 3632       1.080472647939e-12       3.770248812104e-14      -5.682493930988e-14       1.212653038359e-15       2.991962955008e-17       3.167329385311e-18       1.173228812389e-19 
 3633       1.078457860491e-12       3.758768462195e-14      -5.668800473247e-14       1.211298610531e-15       2.988450983010e-17       3.170027358713e-18       1.183571174214e-19 
 3634       1.076447313809e-12       3.747315427116e-14      -5.654982244476e-14       1.209945714803e-15       2.984944003554e-17       3.173126685740e-18       1.192140309376e-19 
 3635       1.074440868516e-12       3.735890784520e-14      -5.641041220810e-14       1.208594353791e-15       2.981441995865e-17       3.176642851650e-18       1.198769543685e-19 
 3636       1.072438384914e-12       3.724495614331e-14      -5.626979383045e-14       1.207244530110e-15       2.977944939101e-17       3.180591374691e-18       1.203291840982e-19 
 3637       1.070439722979e-12       3.713130998745e-14      -5.612798716637e-14       1.205896246372e-15       2.974452812348e-17       3.184987806123e-18       1.205539802892e-19 
 3638       1.068444742365e-12       3.701798022234e-14      -5.598501211706e-14       1.204549505186e-15       2.970965594627e-17       3.189847730243e-18       1.205345668577e-19 
 3639       1.066453302401e-12       3.690497771546e-14      -5.584088863039e-14       1.203204309162e-15       2.967483264890e-17       3.195186764400e-18       1.202541314486e-19 
 3640       1.064465262094e-12       3.679231335707e-14      -5.569563670097e-14       1.201860660904e-15       2.964005802017e-17       3.201020559029e-18       1.196958254109e-19 
 3641       1.062480480126e-12       3.667999806022e-14      -5.554927637011e-14       1.200518563017e-15       2.960533184824e-17       3.207364797661e-18       1.188427637730e-19 
 3642       1.060498814853e-12       3.656804276078e-14      -5.540182772593e-14       1.199178018104e-15       2.957065392054e-17       3.214235196955e-18       1.176780252176e-19 
 3643       1.058520124309e-12       3.645645841743e-14      -5.525331090334e-14       1.197839028764e-15       2.953602402386e-17       3.221647506715e-18       1.161846520572e-19 
 3644       1.056544266201e-12       3.634525601170e-14      -5.510374608410e-14       1.196501597596e-15       2.950144194425e-17       3.229617509916e-18       1.143456502094e-19 
 3645       1.054571097911e-12       3.623444654797e-14      -5.495315349683e-14       1.195165727196e-15       2.946690746710e-17       3.238161022723e-18       1.121439891719e-19 
 3646       1.052600476497e-12       3.612404105350e-14      -5.480155341706e-14       1.193831420158e-15       2.943242037712e-17       3.247293894516e-18       1.095626019978e-19 
 3647       1.050632264538e-12       3.601404953360e-14      -5.464896761900e-14       1.192498679421e-15       2.939798049608e-17       3.257022980680e-18       1.065905799918e-19 
 3648       1.048666347701e-12       3.590447783262e-14      -5.449542373713e-14       1.191167509308e-15       2.936358779643e-17       3.267319021338e-18       1.032417840268e-19 
 3649       1.046702617243e-12       3.579533076041e-14      -5.434095092217e-14       1.189837914493e-15       2.932924228812e-17       3.278143653713e-18       9.953630794042e-20 
 3650       1.044740964174e-12       3.568661313598e-14      -5.418557839103e-14       1.188509899651e-15       2.929494398095e-17       3.289458429409e-18       9.549429063659e-20 
 3651       1.042781279253e-12       3.557832978749e-14      -5.402933542681e-14       1.187183469458e-15       2.926069288450e-17       3.301224814348e-18       9.113591611680e-20 
 3652       1.040823452991e-12       3.547048555232e-14      -5.387225137885e-14       1.185858628595e-15       2.922648900817e-17       3.313404188711e-18       8.648141351107e-20 
 3653       1.038867375648e-12       3.536308527701e-14      -5.371435566283e-14       1.184535381746e-15       2.919233236115e-17       3.325957846881e-18       8.155105710905e-20 
 3654       1.036912937234e-12       3.525613381730e-14      -5.355567776073e-14       1.183213733594e-15       2.915822295245e-17       3.338846997383e-18       7.636516639117e-20 
 3655       1.034960027509e-12       3.514963603811e-14      -5.339624722095e-14       1.181893688828e-15       2.912416079088e-17       3.352032762824e-18       7.094410605970e-20 
 3656       1.033008535984e-12       3.504359681359e-14      -5.323609365832e-14       1.180575252138e-15       2.909014588506e-17       3.365476179837e-18       6.530828606985e-20 
 3657       1.031058351919e-12       3.493802102709e-14      -5.307524675414e-14       1.179258428218e-15       2.905617824340e-17       3.379138199016e-18       5.947816166089e-20 
 3658       1.029109364322e-12       3.483291357116e-14      -5.291373625626e-14       1.177943221762e-15       2.902225787414e-17       3.392979684866e-18       5.347423338723e-20 
 3659       1.027161461952e-12       3.472827934758e-14      -5.275159197907e-14       1.176629637469e-15       2.898838478529e-17       3.406961415736e-18       4.731704714951e-20 
 3660       1.025214533315e-12       3.462412326738e-14      -5.258884380362e-14       1.175317680039e-15       2.895455898470e-17       3.421044083763e-18       4.102719422572e-20 
 3661       1.023268466670e-12       3.452045025079e-14      -5.242552167760e-14       1.174007354175e-15       2.892078047999e-17       3.435188294814e-18       3.462531130229e-20 
 3662       1.021323150019e-12       3.441726522729e-14      -5.226165561542e-14       1.172698664583e-15       2.888704927862e-17       3.449354568425e-18       2.813208050518e-20 
 3663       1.019378471117e-12       3.431457313560e-14      -5.209727569823e-14       1.171391615971e-15       2.885336538783e-17       3.463503337745e-18       2.156822943099e-20 
 3664       1.017434317465e-12       3.421237892372e-14      -5.193241207402e-14       1.170086213050e-15       2.881972881467e-17       3.477594949474e-18       1.495453117805e-20 
 3665       1.015490576314e-12       3.411068754886e-14      -5.176709495759e-14       1.168782460533e-15       2.878613956598e-17       3.491589663803e-18       8.311804377518e-21 
 3666       1.013547134661e-12       3.400950397753e-14      -5.160135463065e-14       1.167480363135e-15       2.875259764843e-17       3.505447654361e-18       1.660913224479e-21 
 3667       1.011603879252e-12       3.390883318549e-14      -5.143522144186e-14       1.166179925576e-15       2.871910306847e-17       3.519129008149e-18      -4.977232490956e-21 
 3668       1.009660696580e-12       3.380868015779e-14      -5.126872580684e-14       1.164881152577e-15       2.868565583236e-17       3.532593725486e-18      -1.158167735255e-20 
 3669       1.007717472887e-12       3.370904988873e-14      -5.110189820827e-14       1.163584048859e-15       2.865225594616e-17       3.545801719946e-18      -1.813142028685e-20 
 3670       1.005774094161e-12       3.360994738193e-14      -5.093476919590e-14       1.162288619151e-15       2.861890341575e-17       3.558712818303e-18      -2.460541453207e-20 
 3671       1.003830446137e-12       3.351137765028e-14      -5.076736938658e-14       1.160994868179e-15       2.858559824679e-17       3.571286760470e-18      -3.098256760702e-20 
 3672       1.001886414297e-12       3.341334571599e-14      -5.059972946436e-14       1.159702800676e-15       2.855234044475e-17       3.583483199439e-18      -3.724174127999e-20 
 3673       9.999418838711e-13       3.331585661055e-14      -5.043188018049e-14       1.158412421375e-15       2.851913001490e-17       3.595261701224e-18      -4.336175153766e-20 
 3674       9.979967398342e-13       3.321891537477e-14      -5.026385235349e-14       1.157123735012e-15       2.848596696231e-17       3.606581744802e-18      -4.932136855399e-20 
 3675       9.960508669088e-13       3.312252705879e-14      -5.009567686916e-14       1.155836746325e-15       2.845285129187e-17       3.617402722051e-18      -5.509931665914e-20 
 3676       9.941041495633e-13       3.302669672204e-14      -4.992738468069e-14       1.154551460056e-15       2.841978300823e-17       3.627683937695e-18      -6.067427430836e-20 
 3677       9.921564720123e-13       3.293142943331e-14      -4.975900680864e-14       1.153267880949e-15       2.838676211589e-17       3.637384609242e-18      -6.602487405088e-20 
 3678       9.902077182162e-13       3.283673027071e-14      -4.959057434103e-14       1.151986013750e-15       2.835378861912e-17       3.646463866928e-18      -7.112970249886e-20 
 3679       9.882577718812e-13       3.274260432169e-14      -4.942211843336e-14       1.150705863208e-15       2.832086252199e-17       3.654880753653e-18      -7.596730029621e-20 
 3680       9.863065164591e-13       3.264905668304e-14      -4.925367030866e-14       1.149427434074e-15       2.828798382839e-17       3.662594224929e-18      -8.051616208760e-20 
 3681       9.843538351471e-13       3.255609246091e-14      -4.908526125757e-14       1.148150731102e-15       2.825515254200e-17       3.669563148815e-18      -8.475473648725e-20 
 3682       9.823996108875e-13       3.246371677081e-14      -4.891692263831e-14       1.146875759049e-15       2.822236866629e-17       3.675746305861e-18      -8.866142604791e-20 
 3683       9.804437263679e-13       3.237193473761e-14      -4.874868587682e-14       1.145602522673e-15       2.818963220454e-17       3.681102389047e-18      -9.221458722974e-20 
 3684       9.784860640206e-13       3.228075149554e-14      -4.858058246673e-14       1.144331026737e-15       2.815694315983e-17       3.685590003727e-18      -9.539253036920e-20 
 3685       9.765265060225e-13       3.219017218822e-14      -4.841264396944e-14       1.143061276004e-15       2.812430153503e-17       3.689167667567e-18      -9.817351964796e-20 
 3686       9.745649614249e-13       3.210020080688e-14      -4.824490023140e-14       1.141793273911e-15       2.809170731408e-17       3.691809608993e-18      -1.005424859920e-19 
 3687       9.726014476598e-13       3.201083670001e-14      -4.807737402810e-14       1.140527018570e-15       2.805916040558e-17       3.693553231218e-18      -1.025111949705e-19 
 3688       9.706360093568e-13       3.192207804987e-14      -4.791008639887e-14       1.139262506752e-15       2.802666069896e-17       3.694451836747e-18      -1.040981589938e-19 
 3689       9.686686912433e-13       3.183392303297e-14      -4.774305842776e-14       1.137999735212e-15       2.799420808320e-17       3.694558846090e-18      -1.053219316937e-19 
 3690       9.666995381444e-13       3.174636982007e-14      -4.757631124356e-14       1.136738700690e-15       2.796180244686e-17       3.693927797840e-18      -1.062011079515e-19 
 3691       9.647285949830e-13       3.165941657617e-14      -4.740986601983e-14       1.135479399910e-15       2.792944367801e-17       3.692612348759e-18      -1.067543239258e-19 
 3692       9.627559067796e-13       3.157306146053e-14      -4.724374397491e-14       1.134221829583e-15       2.789713166431e-17       3.690666273853e-18      -1.070002570811e-19 
 3693       9.607815186528e-13       3.148730262664e-14      -4.707796637201e-14       1.132965986406e-15       2.786486629295e-17       3.688143466454e-18      -1.069576262159e-19 
 3694       9.588054758191e-13       3.140213822221e-14      -4.691255451915e-14       1.131711867058e-15       2.783264745069e-17       3.685097938303e-18      -1.066451914908e-19 
 3695       9.568278235931e-13       3.131756638921e-14      -4.674752976929e-14       1.130459468205e-15       2.780047502383e-17       3.681583819628e-18      -1.060817544565e-19 
 3696       9.548486073875e-13       3.123358526381e-14      -4.658291352027e-14       1.129208786499e-15       2.776834889822e-17       3.677655359225e-18      -1.052861580825e-19 
 3697       9.528678727129e-13       3.115019297642e-14      -4.641872721491e-14       1.127959818575e-15       2.773626895926e-17       3.673366924539e-18      -1.042772867846e-19 
 3698       9.508856651784e-13       3.106738765164e-14      -4.625499234099e-14       1.126712561054e-15       2.770423509192e-17       3.668773001743e-18      -1.030740664537e-19 
 3699       9.489020304913e-13       3.098516740832e-14      -4.609173043130e-14       1.125467010543e-15       2.767224718071e-17       3.663928195822e-18      -1.016954644836e-19 
 3700       9.469170144573e-13       3.090353035949e-14      -4.592896306370e-14       1.124223163633e-15       2.764030510967e-17       3.658887230649e-18      -1.001604897991e-19 
 3701       9.449306629805e-13       3.082247461239e-14      -4.576671186107e-14       1.122981016900e-15       2.760840876242e-17       3.653704949070e-18      -9.848819288456e-20 
 3702       9.429430220634e-13       3.074199826846e-14      -4.560499849144e-14       1.121740566906e-15       2.757655802212e-17       3.648436312979e-18      -9.669766581182e-20 
 3703       9.409541378072e-13       3.066209942335e-14      -4.544384466794e-14       1.120501810197e-15       2.754475277147e-17       3.643136403405e-18      -9.480804226838e-20 
 3704       9.389640564117e-13       3.058277616689e-14      -4.528327214887e-14       1.119264743304e-15       2.751299289273e-17       3.637860420588e-18      -9.283849758562e-20 
 3705       9.369728241751e-13       3.050402658308e-14      -4.512330273771e-14       1.118029362744e-15       2.748127826770e-17       3.632663684060e-18      -9.080824876700e-20 
 3706       9.349804874948e-13       3.042584875013e-14      -4.496395828320e-14       1.116795665018e-15       2.744960877772e-17       3.627601632727e-18      -8.873655451618e-20 
 3707       9.329870928668e-13       3.034824074041e-14      -4.480526067927e-14       1.115563646613e-15       2.741798430371e-17       3.622729824949e-18      -8.664271526523e-20 
 3708       9.309926868858e-13       3.027120062048e-14      -4.464723186517e-14       1.114333303999e-15       2.738640472611e-17       3.618103938621e-18      -8.454607320282e-20 
 3709       9.289973162459e-13       3.019472645105e-14      -4.448989382547e-14       1.113104633634e-15       2.735486992491e-17       3.613779771250e-18      -8.246601230236e-20 
 3710       9.270010277397e-13       3.011881628701e-14      -4.433326859004e-14       1.111877631957e-15       2.732337977966e-17       3.609813240042e-18      -8.042195835018e-20 
 3711       9.250038682593e-13       3.004346817741e-14      -4.417737823416e-14       1.110652295397e-15       2.729193416943e-17       3.606260381976e-18      -7.843337897374e-20 
 3712       9.230058847957e-13       2.996868016544e-14      -4.402224487849e-14       1.109428620362e-15       2.726053297286e-17       3.603177353888e-18      -7.651978366978e-20 
 3713       9.210071244392e-13       2.989445028846e-14      -4.386789068913e-14       1.108206603251e-15       2.722917606814e-17       3.600620432552e-18      -7.470072383250e-20 
 3714       9.190076343793e-13       2.982077657798e-14      -4.371433787763e-14       1.106986240442e-15       2.719786333297e-17       3.598646014759e-18      -7.299579278173e-20 
 3715       9.170074619050e-13       2.974765705964e-14      -4.356160870105e-14       1.105767528303e-15       2.716659464464e-17       3.597310617396e-18      -7.142462579112e-20 
 3716       9.150066544046e-13       2.967508975322e-14      -4.340972546194e-14       1.104550463183e-15       2.713536987996e-17       3.596670877530e-18      -7.000690011631e-20 
 3717       9.130052593659e-13       2.960307267264e-14      -4.325871050844e-14       1.103335041419e-15       2.710418891527e-17       3.596783552488e-18      -6.876233502309e-20 
 3718       9.110033243762e-13       2.953160382597e-14      -4.310858623424e-14       1.102121259330e-15       2.707305162649e-17       3.597705519933e-18      -6.771069181563e-20 
 3719       9.090008971225e-13       2.946068121536e-14      -4.295937507866e-14       1.100909113221e-15       2.704195788906e-17       3.599493777951e-18      -6.687177386456e-20 
 3720       9.069980253913e-13       2.939030283712e-14      -4.281109952664e-14       1.099698599384e-15       2.701090757796e-17       3.602205445128e-18      -6.626542663526e-20 
 3721       9.049947570691e-13       2.932046668167e-14      -4.266378210883e-14       1.098489714091e-15       2.697990056772e-17       3.605897760628e-18      -6.591153771594e-20 
 3722       9.029911401419e-13       2.925117073354e-14      -4.251744540154e-14       1.097282453603e-15       2.694893673242e-17       3.610628084281e-18      -6.583003684589e-20 
 3723       9.009872226959e-13       2.918241297137e-14      -4.237211202683e-14       1.096076814165e-15       2.691801594566e-17       3.616453896655e-18      -6.604089594358e-20 
 3724       8.989830529169e-13       2.911419136789e-14      -4.222780465252e-14       1.094872792004e-15       2.688713808062e-17       3.623432799142e-18      -6.656412913492e-20 
 3725       8.969786962503e-13       2.904650325600e-14      -4.208454288395e-14       1.093670382335e-15       2.685630301986e-17       3.631602475661e-18      -6.741368240216e-20 
 3726       8.949742869524e-13       2.897934342412e-14      -4.194233392584e-14       1.092469576344e-15       2.682551068509e-17       3.640920491533e-18      -6.857907622859e-20 
 3727       8.929699767418e-13       2.891270601332e-14      -4.180118188377e-14       1.091270364189e-15       2.679476100756e-17       3.651324257996e-18      -7.004369081014e-20 
 3728       8.909659176585e-13       2.884658515059e-14      -4.166109086911e-14       1.090072736002e-15       2.676405391818e-17       3.662751048975e-18      -7.179086985111e-20 
 3729       8.889622620645e-13       2.878097494881e-14      -4.152206499900e-14       1.088876681885e-15       2.673338934752e-17       3.675138000992e-18      -7.380392053953e-20 
 3730       8.869591626434e-13       2.871586950675e-14      -4.138410839641e-14       1.087682191911e-15       2.670276722584e-17       3.688422113073e-18      -7.606611352246e-20 
 3731       8.849567724012e-13       2.865126290906e-14      -4.124722519010e-14       1.086489256128e-15       2.667218748305e-17       3.702540246655e-18      -7.856068288141e-20 
 3732       8.829552446662e-13       2.858714922628e-14      -4.111141951463e-14       1.085297864552e-15       2.664165004872e-17       3.717429125495e-18      -8.127082610760e-20 
 3733       8.809547330893e-13       2.852352251479e-14      -4.097669551036e-14       1.084108007173e-15       2.661115485211e-17       3.733025335572e-18      -8.417970407739e-20 
 3734       8.789553916442e-13       2.846037681683e-14      -4.084305732348e-14       1.082919673952e-15       2.658070182214e-17       3.749265325002e-18      -8.727044102755e-20 
 3735       8.769573746277e-13       2.839770616048e-14      -4.071050910597e-14       1.081732854821e-15       2.655029088736e-17       3.766085403936e-18      -9.052612453066e-20 
 3736       8.749608366596e-13       2.833550455966e-14      -4.057905501565e-14       1.080547539685e-15       2.651992197604e-17       3.783421744478e-18      -9.392980547043e-20 
 3737       8.729659326835e-13       2.827376601409e-14      -4.044869921615e-14       1.079363718420e-15       2.648959501608e-17       3.801210380582e-18      -9.746449801707e-20 
 3738       8.709728179663e-13       2.821248450933e-14      -4.031944587690e-14       1.078181380873e-15       2.645930993506e-17       3.819387207966e-18      -1.011131796026e-19 
 3739       8.689816480991e-13       2.815165401673e-14      -4.019129917320e-14       1.077000516863e-15       2.642906666021e-17       3.837887984018e-18      -1.048587908962e-19 
 3740       8.669925789968e-13       2.809126849343e-14      -4.006426328615e-14       1.075821116182e-15       2.639886511844e-17       3.856648327700e-18      -1.086842357797e-19 
 3741       8.650057668988e-13       2.803132188237e-14      -3.993834240268e-14       1.074643168590e-15       2.636870523631e-17       3.875603719459e-18      -1.125723813226e-19 
 3742       8.630213683690e-13       2.797180811223e-14      -3.981354071558e-14       1.073466663822e-15       2.633858694005e-17       3.894689501133e-18      -1.165060577577e-19 
 3743       8.610395402959e-13       2.791272109748e-14      -3.968986242345e-14       1.072291591583e-15       2.630851015557e-17       3.913840875857e-18      -1.204680584564e-19 
 3744       8.590604398931e-13       2.785405473835e-14      -3.956731173075e-14       1.071117941549e-15       2.627847480842e-17       3.932992907973e-18      -1.244411399040e-19 
 3745       8.570842246993e-13       2.779580292079e-14      -3.944589284778e-14       1.069945703369e-15       2.624848082381e-17       3.952080522935e-18      -1.284080216750e-19 
 3746       8.551110525786e-13       2.773795951649e-14      -3.932560999069e-14       1.068774866663e-15       2.621852812664e-17       3.971038507216e-18      -1.323513864086e-19 
 3747       8.531410817206e-13       2.768051838288e-14      -3.920646738148e-14       1.067605421020e-15       2.618861664145e-17       3.989801508218e-18      -1.362538797838e-19 
 3748       8.511744706408e-13       2.762347336310e-14      -3.908846924800e-14       1.066437356004e-15       2.615874629245e-17       4.008304034175e-18      -1.400981104949e-19 
 3749       8.492113781807e-13       2.756681828597e-14      -3.897161982396e-14       1.065270661148e-15       2.612891700351e-17       4.026480454066e-18      -1.438666502271e-19 
 3750       8.472519635080e-13       2.751054696603e-14      -3.885592334894e-14       1.064105325958e-15       2.609912869817e-17       4.044264997515e-18      -1.475420336313e-19 
 3751       8.452963861169e-13       2.745465320351e-14      -3.874138406838e-14       1.062941339909e-15       2.606938129960e-17       4.061591754706e-18      -1.511067582998e-19 
 3752       8.433448058282e-13       2.739913078430e-14      -3.862800623357e-14       1.061778692449e-15       2.603967473068e-17       4.078394676283e-18      -1.545432847417e-19 
 3753       8.413973827895e-13       2.734397347995e-14      -3.851579410170e-14       1.060617372997e-15       2.601000891391e-17       4.094607573264e-18      -1.578340363579e-19 
 3754       8.394542774758e-13       2.728917504768e-14      -3.840475193582e-14       1.059457370944e-15       2.598038377148e-17       4.110164116943e-18      -1.609613994168e-19 
 3755       8.375156506890e-13       2.723472923035e-14      -3.829488400484e-14       1.058298675650e-15       2.595079922521e-17       4.124997838800e-18      -1.639077230295e-19 
 3756       8.355816635589e-13       2.718062975646e-14      -3.818619458358e-14       1.057141276449e-15       2.592125519661e-17       4.139042130406e-18      -1.666553191253e-19 
 3757       8.336524775426e-13       2.712687034013e-14      -3.807868795272e-14       1.055985162645e-15       2.589175160683e-17       4.152230243333e-18      -1.691864624266e-19 
 3758       8.317282544256e-13       2.707344468110e-14      -3.797236839884e-14       1.054830323512e-15       2.586228837669e-17       4.164495289062e-18      -1.714833904248e-19 
 3759       8.298091563213e-13       2.702034646473e-14      -3.786724021440e-14       1.053676748296e-15       2.583286542666e-17       4.175770238884e-18      -1.735283033554e-19 
 3760       8.278953456714e-13       2.696756936194e-14      -3.776330769776e-14       1.052524426216e-15       2.580348267687e-17       4.185987923814e-18      -1.753033641732e-19 
 3761       8.259869852464e-13       2.691510702927e-14      -3.766057515318e-14       1.051373346459e-15       2.577414004713e-17       4.195081034497e-18      -1.767906985278e-19 
 3762       8.240842381455e-13       2.686295310883e-14      -3.755904689080e-14       1.050223498185e-15       2.574483745687e-17       4.202982121111e-18      -1.779723947391e-19 
 3763       8.221872677970e-13       2.681110122830e-14      -3.745872722669e-14       1.049074870525e-15       2.571557482521e-17       4.209623593279e-18      -1.788305037724e-19 
 3764       8.202962213173e-13       2.675954509182e-14      -3.735961812411e-14       1.047927453571e-15       2.568635208338e-17       4.214959190890e-18      -1.793522704449e-19 
 3765       8.184111795182e-13       2.670827875314e-14      -3.726171210755e-14       1.046781241360e-15       2.565716921218e-17       4.219028488013e-18      -1.795458493310e-19 
 3766       8.165322067054e-13       2.665729634354e-14      -3.716499932113e-14       1.045636228900e-15       2.562802620468e-17       4.221892639870e-18      -1.794246499793e-19 
 3767       8.146593673023e-13       2.660659198098e-14      -3.706946988478e-14       1.044492411183e-15       2.559892305376e-17       4.223612934811e-18      -1.790021112580e-19 
 3768       8.127927258498e-13       2.655615977010e-14      -3.697511389422e-14       1.043349783187e-15       2.556985975214e-17       4.224250794411e-18      -1.782917013743e-19 
 3769       8.109323470062e-13       2.650599380220e-14      -3.688192142095e-14       1.042208339872e-15       2.554083629232e-17       4.223867773555e-18      -1.773069178945e-19 
 3770       8.090782955477e-13       2.645608815527e-14      -3.678988251222e-14       1.041068076181e-15       2.551185266663e-17       4.222525560526e-18      -1.760612877634e-19 
 3771       8.072306363683e-13       2.640643689392e-14      -3.669898719104e-14       1.039928987041e-15       2.548290886724e-17       4.220285977097e-18      -1.745683673238e-19 
 3772       8.053894344795e-13       2.635703406943e-14      -3.660922545612e-14       1.038791067364e-15       2.545400488609e-17       4.217210978618e-18      -1.728417423365e-19 
 3773       8.035547550111e-13       2.630787371969e-14      -3.652058728189e-14       1.037654312043e-15       2.542514071497e-17       4.213362654107e-18      -1.708950279995e-19 
 3774       8.017266632107e-13       2.625894986924e-14      -3.643306261848e-14       1.036518715957e-15       2.539631634548e-17       4.208803226335e-18      -1.687418689682e-19 
 3775       7.999052244438e-13       2.621025652922e-14      -3.634664139167e-14       1.035384273968e-15       2.536753176901e-17       4.203595051921e-18      -1.663959393745e-19 
 3776       7.980905041943e-13       2.616178769738e-14      -3.626131350291e-14       1.034250980920e-15       2.533878697680e-17       4.197800621417e-18      -1.638709428467e-19 
 3777       7.962825680642e-13       2.611353735807e-14      -3.617706882930e-14       1.033118831643e-15       2.531008195988e-17       4.191482559397e-18      -1.611806125293e-19 
 3778       7.944814817736e-13       2.606549948224e-14      -3.609389722354e-14       1.031987820947e-15       2.528141670910e-17       4.184703624549e-18      -1.583387111021e-19 
 3779       7.926873111613e-13       2.601766802739e-14      -3.601178851396e-14       1.030857943630e-15       2.525279121513e-17       4.177526709760e-18      -1.553590308006e-19 
 3780       7.909001221841e-13       2.597003693763e-14      -3.593073250447e-14       1.029729194469e-15       2.522420546846e-17       4.170014842208e-18      -1.522553934350e-19 
 3781       7.891199809177e-13       2.592260014360e-14      -3.585071897455e-14       1.028601568228e-15       2.519565945936e-17       4.162231183452e-18      -1.490416504101e-19 
 3782       7.873469535559e-13       2.587535156252e-14      -3.577173767924e-14       1.027475059653e-15       2.516715317795e-17       4.154239029517e-18      -1.457316827451e-19 
 3783       7.855811064116e-13       2.582828509813e-14      -3.569377834912e-14       1.026349663474e-15       2.513868661415e-17       4.146101810987e-18      -1.423394010929e-19 
 3784       7.838225059162e-13       2.578139464073e-14      -3.561683069029e-14       1.025225374402e-15       2.511025975770e-17       4.137883093092e-18      -1.388787457599e-19 
 3785       7.820712186197e-13       2.573467406711e-14      -3.554088438435e-14       1.024102187135e-15       2.508187259813e-17       4.129646575797e-18      -1.353636867259e-19 
 3786       7.803273111914e-13       2.568811724061e-14      -3.546592908841e-14       1.022980096352e-15       2.505352512482e-17       4.121456093893e-18      -1.318082236631e-19 
 3787       7.785908504191e-13       2.564171801108e-14      -3.539195443502e-14       1.021859096716e-15       2.502521732693e-17       4.113375617084e-18      -1.282263859566e-19 
 3788       7.768619032098e-13       2.559547021483e-14      -3.531895003223e-14       1.020739182875e-15       2.499694919345e-17       4.105469250076e-18      -1.246322327232e-19 
 3789       7.751405365896e-13       2.554936767471e-14      -3.524690546347e-14       1.019620349458e-15       2.496872071317e-17       4.097801232667e-18      -1.210398528317e-19 
 3790       7.734268177037e-13       2.550340420001e-14      -3.517581028765e-14       1.018502591078e-15       2.494053187471e-17       4.090435939838e-18      -1.174633649221e-19 
 3791       7.717208138164e-13       2.545757358652e-14      -3.510565403905e-14       1.017385902332e-15       2.491238266649e-17       4.083437881838e-18      -1.139169174256e-19 
 3792       7.700225923116e-13       2.541186961647e-14      -3.503642622735e-14       1.016270277800e-15       2.488427307674e-17       4.076871704276e-18      -1.104146885837e-19 
 3793       7.683322206923e-13       2.536628605857e-14      -3.496811633760e-14       1.015155712045e-15       2.485620309351e-17       4.070802188208e-18      -1.069708864687e-19 
 3794       7.666497665811e-13       2.532081666795e-14      -3.490071383019e-14       1.014042199614e-15       2.482817270465e-17       4.065294250227e-18      -1.035997490024e-19 
 3795       7.649752977199e-13       2.527545518619e-14      -3.483420814088e-14       1.012929735037e-15       2.480018189784e-17       4.060412942555e-18      -1.003155439765e-19 
 3796       7.633088819705e-13       2.523019534129e-14      -3.476858868072e-14       1.011818312827e-15       2.477223066055e-17       4.056223453127e-18      -9.713256907174e-20 
 3797       7.616505873141e-13       2.518503084767e-14      -3.470384483608e-14       1.010707927480e-15       2.474431898007e-17       4.052791105682e-18      -9.406515187778e-20 
 3798       7.600004818517e-13       2.513995540616e-14      -3.463996596862e-14       1.009598573477e-15       2.471644684351e-17       4.050181359855e-18      -9.112764991284e-20 
 3799       7.583586338043e-13       2.509496270399e-14      -3.457694141525e-14       1.008490245280e-15       2.468861423777e-17       4.048459811260e-18      -8.833445064324e-20 
 3800       7.567251115125e-13       2.505004641478e-14      -3.451476048817e-14       1.007382937335e-15       2.466082114959e-17       4.047692191585e-18      -8.569997150314e-20 
 3801       7.550999834370e-13       2.500520019852e-14      -3.445341247477e-14       1.006276644073e-15       2.463306756550e-17       4.047944368679e-18      -8.323865991413e-20 
 3802       7.534833181585e-13       2.496041770160e-14      -3.439288663771e-14       1.005171359905e-15       2.460535347183e-17       4.049282346639e-18      -8.096499330489e-20 
 3803       7.518751571134e-13       2.491569310040e-14      -3.433317149766e-14       1.004067080926e-15       2.457767883493e-17       4.051752341385e-18      -7.889018864861e-20 
 3804       7.502754326860e-13       2.487102273452e-14      -3.427425267883e-14       1.002963810014e-15       2.455004354160e-17       4.055320923372e-18      -7.701231719236e-20 
 3805       7.486840498006e-13       2.482640347988e-14      -3.421611505514e-14       1.001861551749e-15       2.452244745840e-17       4.059934644456e-18      -7.532615168447e-20 
 3806       7.471009131578e-13       2.478183220558e-14      -3.415874346661e-14       1.000760310716e-15       2.449489045145e-17       4.065539941389e-18      -7.382645338951e-20 
 3807       7.455259272336e-13       2.473730577392e-14      -3.410212271933e-14       9.996600915013e-16       2.446737238645e-17       4.072083135742e-18      -7.250797208065e-20 
 3808       7.439589962796e-13       2.469282104041e-14      -3.404623758542e-14       9.985608987002e-16       2.443989312862e-17       4.079510433828e-18      -7.136544603200e-20 
 3809       7.424000243230e-13       2.464837485373e-14      -3.399107280305e-14       9.974627369103e-16       2.441245254277e-17       4.087767926628e-18      -7.039360201098e-20 
 3810       7.408489151663e-13       2.460396405577e-14      -3.393661307638e-14       9.963656107342e-16       2.438505049326e-17       4.096801589711e-18      -6.958715527063e-20 
 3811       7.393055723868e-13       2.455958548158e-14      -3.388284307554e-14       9.952695247791e-16       2.435768684400e-17       4.106557283161e-18      -6.894080954198e-20 
 3812       7.377698993370e-13       2.451523595941e-14      -3.382974743663e-14       9.941744836571e-16       2.433036145847e-17       4.116980751501e-18      -6.844925702641e-20 
 3813       7.362417991443e-13       2.447091231065e-14      -3.377731076169e-14       9.930804919846e-16       2.430307419969e-17       4.128017623615e-18      -6.810717838798e-20 
 3814       7.347211747106e-13       2.442661134990e-14      -3.372551761864e-14       9.919875543828e-16       2.427582493025e-17       4.139613412670e-18      -6.790924274578e-20 
 3815       7.332079287124e-13       2.438232988488e-14      -3.367435254133e-14       9.908956754775e-16       2.424861351229e-17       4.151713516046e-18      -6.785010766629e-20 
 3816       7.317019636004e-13       2.433806471651e-14      -3.362380002944e-14       9.898048598992e-16       2.422143980750e-17       4.164263215253e-18      -6.792441915571e-20 
 3817       7.302031815996e-13       2.429381263883e-14      -3.357384454851e-14       9.887151122829e-16       2.419430367715e-17       4.177207675859e-18      -6.812681165233e-20 
 3818       7.287114847092e-13       2.424957043905e-14      -3.352447052990e-14       9.876264372683e-16       2.416720498204e-17       4.190491947414e-18      -6.845190801886e-20 
 3819       7.272267747020e-13       2.420533489753e-14      -3.347566237076e-14       9.865388394999e-16       2.414014358254e-17       4.204060963370e-18      -6.889431953479e-20 
 3820       7.257489531248e-13       2.416110278775e-14      -3.342740443402e-14       9.854523236265e-16       2.411311933855e-17       4.217859541009e-18      -6.944864588874e-20 
 3821       7.242779212979e-13       2.411687087634e-14      -3.337968104837e-14       9.843668943019e-16       2.408613210956e-17       4.231832381363e-18      -7.010947517078e-20 
 3822       7.228135803149e-13       2.407263592307e-14      -3.333247650821e-14       9.832825561843e-16       2.405918175460e-17       4.245924069141e-18      -7.087138386483e-20 
 3823       7.213558310429e-13       2.402839468082e-14      -3.328577507366e-14       9.821993139367e-16       2.403226813223e-17       4.260079072652e-18      -7.172893684096e-20 
 3824       7.199045741221e-13       2.398414389560e-14      -3.323956097052e-14       9.811171722266e-16       2.400539110060e-17       4.274241743728e-18      -7.267668734777e-20 
 3825       7.184597099656e-13       2.393988030655e-14      -3.319381839025e-14       9.800361357262e-16       2.397855051738e-17       4.288356317648e-18      -7.370917700471e-20 
 3826       7.170211387593e-13       2.389560064589e-14      -3.314853148995e-14       9.789562091126e-16       2.395174623983e-17       4.302366913061e-18      -7.482093579445e-20 
 3827       7.155887604618e-13       2.385130163900e-14      -3.310368439233e-14       9.778773970671e-16       2.392497812472e-17       4.316217531913e-18      -7.600648205524e-20 
 3828       7.141624748043e-13       2.380698000432e-14      -3.305926118570e-14       9.767997042760e-16       2.389824602841e-17       4.329852059366e-18      -7.726032247322e-20 
 3829       7.127421812902e-13       2.376263245341e-14      -3.301524592393e-14       9.757231354301e-16       2.387154980678e-17       4.343214263726e-18      -7.857695207480e-20 
 3830       7.113277791954e-13       2.371825569093e-14      -3.297162262645e-14       9.746476952249e-16       2.384488931529e-17       4.356247796366e-18      -7.995085421899e-20 
 3831       7.099191675676e-13       2.367384641462e-14      -3.292837527821e-14       9.735733883606e-16       2.381826440892e-17       4.368896191645e-18      -8.137650058976e-20 
 3832       7.085162452264e-13       2.362940131532e-14      -3.288548782966e-14       9.725002195421e-16       2.379167494223e-17       4.381102866841e-18      -8.284835118840e-20 
 3833       7.071189107634e-13       2.358491707693e-14      -3.284294419671e-14       9.714281934787e-16       2.376512076931e-17       4.392811122065e-18      -8.436085432582e-20 
 3834       7.057270625416e-13       2.354039037645e-14      -3.280072826077e-14       9.703573148847e-16       2.373860174381e-17       4.403964140192e-18      -8.590844661495e-20 
 3835       7.043405986955e-13       2.349581788394e-14      -3.275882386864e-14       9.692875884789e-16       2.371211771893e-17       4.414504986781e-18      -8.748555296308e-20 
 3836       7.029594171309e-13       2.345119626253e-14      -3.271721483255e-14       9.682190189847e-16       2.368566854741e-17       4.424376610000e-18      -8.908658656418e-20 
 3837       7.015834155247e-13       2.340652216843e-14      -3.267588493012e-14       9.671516111304e-16       2.365925408154e-17       4.433521840550e-18      -9.070594889127e-20 
 3838       7.002124913249e-13       2.336179225089e-14      -3.263481790433e-14       9.660853696487e-16       2.363287417318e-17       4.441883391589e-18      -9.233802968878e-20 
 3839       6.988465417502e-13       2.331700315223e-14      -3.259399746351e-14       9.650202992772e-16       2.360652867371e-17       4.449403858653e-18      -9.397720696486e-20 
 3840       6.974854637901e-13       2.327215150780e-14      -3.255340728129e-14       9.639564047579e-16       2.358021743408e-17       4.456025719586e-18      -9.561784698376e-20 
 3841       6.961291542047e-13       2.322723394601e-14      -3.251303099662e-14       9.628936908379e-16       2.355394030476e-17       4.461691334455e-18      -9.725430425818e-20 
 3842       6.947775088411e-13       2.318224765157e-14      -3.247285290404e-14       9.618321624217e-16       2.352769716569e-17       4.466358230870e-18      -9.888114908024e-20 
 3843       6.934304205822e-13       2.313719205757e-14      -3.243286002754e-14       9.607718250321e-16       2.350148801602e-17       4.470045023717e-18      -1.004938510774e-19 
 3844       6.920877813898e-13       2.309206715984e-14      -3.239304005460e-14       9.597126843514e-16       2.347531288468e-17       4.472785670380e-18      -1.020880982478e-19 
 3845       6.907494829872e-13       2.304687295428e-14      -3.235338064651e-14       9.586547460686e-16       2.344917180053e-17       4.474614201306e-18      -1.036595696529e-19 
 3846       6.894154168590e-13       2.300160943686e-14      -3.231386943840e-14       9.575980158791e-16       2.342306479234e-17       4.475564720057e-18      -1.052039354115e-19 
 3847       6.880854742506e-13       2.295627660364e-14      -3.227449403919e-14       9.565424994852e-16       2.339699188881e-17       4.475671403355e-18      -1.067168566940e-19 
 3848       6.867595461687e-13       2.291087445072e-14      -3.223524203161e-14       9.554882025956e-16       2.337095311854e-17       4.474968501129e-18      -1.081939857164e-19 
 3849       6.854375233803e-13       2.286540297429e-14      -3.219610097213e-14       9.544351309256e-16       2.334494851008e-17       4.473490336569e-18      -1.096309657349e-19 
 3850       6.841192964133e-13       2.281986217061e-14      -3.215705839099e-14       9.533832901972e-16       2.331897809187e-17       4.471271306165e-18      -1.110234310397e-19 
 3851       6.828047555560e-13       2.277425203602e-14      -3.211810179216e-14       9.523326861389e-16       2.329304189229e-17       4.468345879765e-18      -1.123670069494e-19 
 3852       6.814937908568e-13       2.272857256691e-14      -3.207921865334e-14       9.512833244860e-16       2.326713993962e-17       4.464748600614e-18      -1.136573098051e-19 
 3853       6.801862921244e-13       2.268282375976e-14      -3.204039642592e-14       9.502352109802e-16       2.324127226208e-17       4.460514085408e-18      -1.148899469649e-19 
 3854       6.788821489274e-13       2.263700561112e-14      -3.200162253498e-14       9.491883513701e-16       2.321543888780e-17       4.455677024341e-18      -1.160605167976e-19 
 3855       6.775812505941e-13       2.259111811760e-14      -3.196288437925e-14       9.481427514107e-16       2.318963984483e-17       4.450272181149e-18      -1.171646086772e-19 
 3856       6.762834862125e-13       2.254516127589e-14      -3.192416933113e-14       9.470984168636e-16       2.316387516114e-17       4.444334393164e-18      -1.181978029771e-19 
 3857       6.749887446301e-13       2.249913508276e-14      -3.188546473665e-14       9.460553534973e-16       2.313814486461e-17       4.437898571359e-18      -1.191556710642e-19 
 3858       6.736969144538e-13       2.245303953504e-14      -3.184675791545e-14       9.450135670866e-16       2.311244898305e-17       4.430999700394e-18      -1.200337752932e-19 
 3859       6.724078840495e-13       2.240687462963e-14      -3.180803616077e-14       9.439730634132e-16       2.308678754418e-17       4.423672838667e-18      -1.208276690007e-19 
 3860       6.711215415421e-13       2.236064036351e-14      -3.176928673943e-14       9.429338482653e-16       2.306116057565e-17       4.415953118364e-18      -1.215328964994e-19 
 3861       6.698377748156e-13       2.231433673374e-14      -3.173049689182e-14       9.418959274379e-16       2.303556810503e-17       4.407875745500e-18      -1.221449930725e-19 
 3862       6.685564715123e-13       2.226796373743e-14      -3.169165383186e-14       9.408593067324e-16       2.301001015978e-17       4.399475999975e-18      -1.226594849675e-19 
 3863       6.672775190334e-13       2.222152137178e-14      -3.165274474703e-14       9.398239919570e-16       2.298448676731e-17       4.390789235615e-18      -1.230718893908e-19 
 3864       6.660008045382e-13       2.217500963406e-14      -3.161375679829e-14       9.387899889265e-16       2.295899795495e-17       4.381850880226e-18      -1.233777145018e-19 
 3865       6.647262149443e-13       2.212842852160e-14      -3.157467712012e-14       9.377573034625e-16       2.293354374991e-17       4.372696435638e-18      -1.235724594067e-19 
 3866       6.634536369274e-13       2.208177803183e-14      -3.153549282047e-14       9.367259413931e-16       2.290812417937e-17       4.363361477754e-18      -1.236516141534e-19 
 3867       6.621829569211e-13       2.203505816221e-14      -3.149619098074e-14       9.356959085531e-16       2.288273927038e-17       4.353881656600e-18      -1.236106597252e-19 
 3868       6.609140611166e-13       2.198826891031e-14      -3.145675865580e-14       9.346672107840e-16       2.285738904994e-17       4.344292696371e-18      -1.234450680349e-19 
 3869       6.596468354629e-13       2.194141027376e-14      -3.141718287391e-14       9.336398539340e-16       2.283207354496e-17       4.334630395478e-18      -1.231503019195e-19 
 3870       6.583811656662e-13       2.189448225026e-14      -3.137745063679e-14       9.326138438577e-16       2.280679278227e-17       4.324930626599e-18      -1.227218151341e-19 
 3871       6.571169371900e-13       2.184748483759e-14      -3.133754891950e-14       9.315891864168e-16       2.278154678859e-17       4.315229336724e-18      -1.221550523458e-19 
 3872       6.558540352551e-13       2.180041803359e-14      -3.129746467052e-14       9.305658874793e-16       2.275633559061e-17       4.305562547207e-18      -1.214454491287e-19 
 3873       6.545923448389e-13       2.175328183618e-14      -3.125718481165e-14       9.295439529202e-16       2.273115921489e-17       4.295966353810e-18      -1.205884319572e-19 
 3874       6.533317506760e-13       2.170607624337e-14      -3.121669623807e-14       9.285233886209e-16       2.270601768793e-17       4.286476926751e-18      -1.195794182009e-19 
 3875       6.520721372572e-13       2.165880125320e-14      -3.117598581825e-14       9.275042004696e-16       2.268091103615e-17       4.277130510757e-18      -1.184138161182e-19 
 3876       6.508133888302e-13       2.161145686382e-14      -3.113504039398e-14       9.264863943612e-16       2.265583928587e-17       4.267963425107e-18      -1.170870248510e-19 
 3877       6.495553893985e-13       2.156404307345e-14      -3.109384678035e-14       9.254699761973e-16       2.263080246334e-17       4.259012063680e-18      -1.155944344187e-19 
 3878       6.482980227223e-13       2.151655988037e-14      -3.105239176571e-14       9.244549518862e-16       2.260580059473e-17       4.250312895008e-18      -1.139314257124e-19 
 3879       6.470411723174e-13       2.146900728294e-14      -3.101066211167e-14       9.234413273428e-16       2.258083370612e-17       4.241902462318e-18      -1.120933704891e-19 
 3880       6.457847214555e-13       2.142138527959e-14      -3.096864455309e-14       9.224291084888e-16       2.255590182351e-17       4.233817383585e-18      -1.100756313656e-19 
 3881       6.445285749931e-13       2.137369419806e-14      -3.092632722142e-14       9.214183000831e-16       2.253100495084e-17       4.226087935916e-18      -1.078759305686e-19 
 3882       6.432727249476e-13       2.132593568451e-14      -3.088370392086e-14       9.204089022084e-16       2.250614300403e-17       4.218718782178e-18      -1.055014659587e-19 
 3883       6.420171851683e-13       2.127811171813e-14      -3.084076986830e-14       9.194009137715e-16       2.248131587668e-17       4.211708171709e-18      -1.029618218582e-19 
 3884       6.407619695299e-13       2.123022428227e-14      -3.079752027143e-14       9.183943336715e-16       2.245652346204e-17       4.205054349365e-18      -1.002666027492e-19 
 3885       6.395070919326e-13       2.118227536442e-14      -3.075395032876e-14       9.173891607995e-16       2.243176565301e-17       4.198755555515e-18      -9.742543328690e-20 
 3886       6.382525663021e-13       2.113426695624e-14      -3.071005522952e-14       9.163853940389e-16       2.240704234213e-17       4.192810026041e-18      -9.444795831253e-20 
 3887       6.369984065893e-13       2.108620105353e-14      -3.066583015377e-14       9.153830322654e-16       2.238235342159e-17       4.187215992335e-18      -9.134384286643e-20 
 3888       6.357446267709e-13       2.103807965627e-14      -3.062127027229e-14       9.143820743468e-16       2.235769878322e-17       4.181971681293e-18      -8.812277220116e-20 
 3889       6.344912408490e-13       2.098990476859e-14      -3.057637074666e-14       9.133825191432e-16       2.233307831848e-17       4.177075315311e-18      -8.479445179453e-20 
 3890       6.332382628511e-13       2.094167839878e-14      -3.053112672919e-14       9.123843655069e-16       2.230849191849e-17       4.172525112290e-18      -8.136860736265e-20 
 3891       6.319857068303e-13       2.089340255932e-14      -3.048553336295e-14       9.113876122823e-16       2.228393947401e-17       4.168319285621e-18      -7.785498487304e-20 
 3892       6.307335868654e-13       2.084507926682e-14      -3.043958578175e-14       9.103922583059e-16       2.225942087544e-17       4.164456044194e-18      -7.426335055765e-20 
 3893       6.294819170604e-13       2.079671054212e-14      -3.039327911014e-14       9.093983024066e-16       2.223493601282e-17       4.160933592384e-18      -7.060349092596e-20 
 3894       6.282307115453e-13       2.074829841017e-14      -3.034660846341e-14       9.084057434054e-16       2.221048477583e-17       4.157750130057e-18      -6.688521277803e-20 
 3895       6.269799844754e-13       2.069984490016e-14      -3.029956894756e-14       9.074145801152e-16       2.218606705381e-17       4.154903852560e-18      -6.311834321755e-20 
 3896       6.257297500318e-13       2.065135204543e-14      -3.025215565933e-14       9.064248113416e-16       2.216168273571e-17       4.152392950723e-18      -5.931272966493e-20 
 3897       6.244800224210e-13       2.060282188349e-14      -3.020436368617e-14       9.054364358817e-16       2.213733171015e-17       4.150215610853e-18      -5.547823987035e-20 
 3898       6.232308158753e-13       2.055425645608e-14      -3.015618810622e-14       9.044494525253e-16       2.211301386537e-17       4.148370014732e-18      -5.162476192683e-20 
 3899       6.219821446526e-13       2.050565780908e-14      -3.010762398835e-14       9.034638600539e-16       2.208872908927e-17       4.146854339612e-18      -4.776220428328e-20 
 3900       6.207340230365e-13       2.045702799260e-14      -3.005866639212e-14       9.024796572415e-16       2.206447726937e-17       4.145666758217e-18      -4.390049575761e-20 
 3901       6.194864653363e-13       2.040836906094e-14      -3.000931036776e-14       9.014968428540e-16       2.204025829285e-17       4.144805438733e-18      -4.004958554972e-20 
 3902       6.182394858869e-13       2.035968307256e-14      -2.995955095622e-14       9.005154156495e-16       2.201607204652e-17       4.144268544810e-18      -3.621944325464e-20 
 3903       6.169930990491e-13       2.031097209017e-14      -2.990938318912e-14       8.995353743781e-16       2.199191841683e-17       4.144054235559e-18      -3.242005887554e-20 
 3904       6.157473192092e-13       2.026223818066e-14      -2.985880208873e-14       8.985567177821e-16       2.196779728986e-17       4.144160665543e-18      -2.866144283682e-20 
 3905       6.145021607794e-13       2.021348341511e-14      -2.980780266802e-14       8.975794445959e-16       2.194370855134e-17       4.144585984783e-18      -2.495362599718e-20 
 3906       6.132576381976e-13       2.016470986884e-14      -2.975637993061e-14       8.966035535460e-16       2.191965208664e-17       4.145328338747e-18      -2.130665966267e-20 
 3907       6.120137659276e-13       2.011591962135e-14      -2.970452887078e-14       8.956290433510e-16       2.189562778078e-17       4.146385868352e-18      -1.773061559975e-20 
 3908       6.107705584587e-13       2.006711475638e-14      -2.965224447345e-14       8.946559127213e-16       2.187163551838e-17       4.147756709956e-18      -1.423558604839e-20 
 3909       6.095280303064e-13       2.001829736187e-14      -2.959952171420e-14       8.936841603599e-16       2.184767518373e-17       4.149438995362e-18      -1.083168373507e-20 
 3910       6.082861960118e-13       1.996946952998e-14      -2.954635555925e-14       8.927137849614e-16       2.182374666076e-17       4.151430851808e-18      -7.529041885927e-21 
 3911       6.070450701417e-13       1.992063335709e-14      -2.949274096544e-14       8.917447852126e-16       2.179984983302e-17       4.153730401967e-18      -4.337814239741e-21 
 3912       6.058046672891e-13       1.987179094382e-14      -2.943867288025e-14       8.907771597925e-16       2.177598458370e-17       4.156335763946e-18      -1.268175061051e-21 
 3913       6.045650020726e-13       1.982294439499e-14      -2.938414624178e-14       8.898109073720e-16       2.175215079563e-17       4.159245051276e-18       1.669680846796e-21 
 3914       6.033260891368e-13       1.977409581968e-14      -2.932915597875e-14       8.888460266140e-16       2.172834835129e-17       4.162456372919e-18       4.465538128586e-21 
 3915       6.020879431521e-13       1.972524733117e-14      -2.927369701047e-14       8.878825161735e-16       2.170457713278e-17       4.165967833256e-18       7.109160864164e-21 
 3916       6.008505788150e-13       1.967640104701e-14      -2.921776424688e-14       8.869203746976e-16       2.168083702183e-17       4.169777532088e-18       9.590292555377e-21 
 3917       5.996140108477e-13       1.962755908894e-14      -2.916135258851e-14       8.859596008253e-16       2.165712789983e-17       4.173883564632e-18       1.189865611300e-20 
 3918       5.983782539986e-13       1.957872358300e-14      -2.910445692649e-14       8.850001931876e-16       2.163344964779e-17       4.178284021521e-18       1.402395384369e-20 
 3919       5.971433230418e-13       1.952989665941e-14      -2.904707214252e-14       8.840421504077e-16       2.160980214635e-17       4.182976988793e-18       1.595586743690e-20 
 3920       5.959092408010e-13       1.948108050653e-14      -2.898919461218e-14       8.830854706621e-16       2.158618529155e-17       4.187956267524e-18       1.768689301275e-20 
 3921       5.946760622520e-13       1.943227753248e-14      -2.893082672088e-14       8.821301503635e-16       2.156259904220e-17       4.193198515217e-18       1.922085786354e-20 
 3922       5.934438505104e-13       1.938349020410e-14      -2.887197236477e-14       8.811761854734e-16       2.153904337264e-17       4.198676056345e-18       2.056443551817e-20 
 3923       5.922126688157e-13       1.933472099312e-14      -2.881263544898e-14       8.802235719397e-16       2.151551825707e-17       4.204361158316e-18       2.172431358211e-20 
 3924       5.909825805323e-13       1.928597237622e-14      -2.875281988765e-14       8.792723056970e-16       2.149202366950e-17       4.210226031442e-18       2.270719374647e-20 
 3925       5.897536491487e-13       1.923724683496e-14      -2.869252960389e-14       8.783223826664e-16       2.146855958378e-17       4.216242828900e-18       2.351979179706e-20 
 3926       5.885259382784e-13       1.918854685585e-14      -2.863176852985e-14       8.773737987557e-16       2.144512597358e-17       4.222383646696e-18       2.416883762346e-20 
 3927       5.872995116593e-13       1.913987493032e-14      -2.857054060668e-14       8.764265498592e-16       2.142172281240e-17       4.228620523626e-18       2.466107522811e-20 
 3928       5.860744331540e-13       1.909123355472e-14      -2.850884978453e-14       8.754806318576e-16       2.139835007356e-17       4.234925441245e-18       2.500326273535e-20 
 3929       5.848507667502e-13       1.904262523034e-14      -2.844670002260e-14       8.745360406185e-16       2.137500773021e-17       4.241270323826e-18       2.520217240050e-20 
 3930       5.836285765603e-13       1.899405246340e-14      -2.838409528910e-14       8.735927719958e-16       2.135169575533e-17       4.247627038326e-18       2.526459061895e-20 
 3931       5.824079268216e-13       1.894551776506e-14      -2.832103956129e-14       8.726508218299e-16       2.132841412173e-17       4.253967394346e-18       2.519731793517e-20 
 3932       5.811888818967e-13       1.889702365143e-14      -2.825753682547e-14       8.717101859479e-16       2.130516280203e-17       4.260263144098e-18       2.500716905188e-20 
 3933       5.799715062732e-13       1.884857264354e-14      -2.819359107697e-14       8.707708601631e-16       2.128194176869e-17       4.266485982369e-18       2.470097283900e-20 
 3934       5.787558645640e-13       1.880016726740e-14      -2.812920632020e-14       8.698328402757e-16       2.125875099400e-17       4.272607546481e-18       2.428557234282e-20 
 3935       5.775420215070e-13       1.875181005395e-14      -2.806438656861e-14       8.688961220721e-16       2.123559045005e-17       4.278599416258e-18       2.376782479501e-20 
 3936       5.763300419660e-13       1.870350353908e-14      -2.799913584473e-14       8.679607013252e-16       2.121246010879e-17       4.284433113985e-18       2.315460162172e-20 
 3937       5.751199909298e-13       1.865525026365e-14      -2.793345818014e-14       8.670265737946e-16       2.118935994198e-17       4.290080104378e-18       2.245278845263e-20 
 3938       5.739119335128e-13       1.860705277347e-14      -2.786735761552e-14       8.660937352260e-16       2.116628992119e-17       4.295511794542e-18       2.166928513002e-20 
 3939       5.727059349552e-13       1.855891361932e-14      -2.780083820062e-14       8.651621813519e-16       2.114325001784e-17       4.300699533936e-18       2.081100571786e-20 
 3940       5.715020606228e-13       1.851083535694e-14      -2.773390399429e-14       8.642319078909e-16       2.112024020316e-17       4.305614614339e-18       1.988487851086e-20 
 3941       5.703003760071e-13       1.846282054704e-14      -2.766655906446e-14       8.633029105484e-16       2.109726044821e-17       4.310228269809e-18       1.889784604354e-20 
 3942       5.691009467254e-13       1.841487175530e-14      -2.759880748818e-14       8.623751850159e-16       2.107431072388e-17       4.314511676651e-18       1.785686509931e-20 
 3943       5.679038385210e-13       1.836699155239e-14      -2.753065335158e-14       8.614487269716e-16       2.105139100087e-17       4.318435953378e-18       1.676890671953e-20 
 3944       5.667091172632e-13       1.831918251394e-14      -2.746210074994e-14       8.605235320797e-16       2.102850124972e-17       4.321972160673e-18       1.564095621260e-20 
 3945       5.655168489475e-13       1.827144722057e-14      -2.739315378762e-14       8.595995959912e-16       2.100564144079e-17       4.325091301358e-18       1.448001316298e-20 
 3946       5.643270996952e-13       1.822378825787e-14      -2.732381657813e-14       8.586769143432e-16       2.098281154426e-17       4.327764320352e-18       1.329309144032e-20 
 3947       5.631399357542e-13       1.817620821645e-14      -2.725409324410e-14       8.577554827594e-16       2.096001153013e-17       4.329962104635e-18       1.208721920850e-20 
 3948       5.619554234985e-13       1.812870969188e-14      -2.718398791731e-14       8.568352968497e-16       2.093724136824e-17       4.331655483216e-18       1.086943893468e-20 
 3949       5.607736294285e-13       1.808129528474e-14      -2.711350473866e-14       8.559163522103e-16       2.091450102824e-17       4.332815227091e-18       9.646807398404e-21 
 3950       5.595946201712e-13       1.803396760059e-14      -2.704264785823e-14       8.549986444240e-16       2.089179047960e-17       4.333412049212e-18       8.426395700664e-21 
 3951       5.584184624799e-13       1.798672925002e-14      -2.697142143522e-14       8.540821690595e-16       2.086910969164e-17       4.333416604445e-18       7.215289272948e-21 
 3952       5.572452232348e-13       1.793958284859e-14      -2.689982963801e-14       8.531669216724e-16       2.084645863346e-17       4.332799489536e-18       6.020587886328e-21 
 3953       5.560749694426e-13       1.789253101688e-14      -2.682787664414e-14       8.522528978040e-16       2.082383727402e-17       4.331531243076e-18       4.849405660521e-21 
 3954       5.549077682369e-13       1.784557638049e-14      -2.675556664034e-14       8.513400929824e-16       2.080124558210e-17       4.329582345463e-18       3.708871072965e-21 
 3955       5.537436868780e-13       1.779872157001e-14      -2.668290382249e-14       8.504285027217e-16       2.077868352628e-17       4.326923218863e-18       2.606126967883e-21 
 3956       5.525827927533e-13       1.775196922107e-14      -2.660989239567e-14       8.495181225223e-16       2.075615107498e-17       4.323524227181e-18       1.548330565352e-21 
 3957       5.514251533771e-13       1.770532197430e-14      -2.653653657415e-14       8.486089478711e-16       2.073364819644e-17       4.319355676014e-18       5.426534703778e-22 
 3958       5.502708363909e-13       1.765878247535e-14      -2.646284058139e-14       8.477009742410e-16       2.071117485872e-17       4.314387812624e-18      -4.037183180399e-22 
 3959       5.491198944778e-13       1.761235326002e-14      -2.638880942177e-14       8.467941980603e-16       2.068873103372e-17       4.308602500402e-18      -1.284718023135e-21 
 3960       5.479723200455e-13       1.756603640899e-14      -2.631445119881e-14       8.458886196239e-16       2.066631670917e-17       4.302028289538e-18      -2.098803538662e-21 
 3961       5.468280903758e-13       1.751983389184e-14      -2.623977480554e-14       8.449842401925e-16       2.064393187672e-17       4.294705476066e-18      -2.845564565392e-21 
 3962       5.456871826948e-13       1.747374768175e-14      -2.616478915359e-14       8.440810610251e-16       2.062157652785e-17       4.286674439208e-18      -3.524590130355e-21 
 3963       5.445495741731e-13       1.742777975557e-14      -2.608950317315e-14       8.431790833784e-16       2.059925065393e-17       4.277975641422e-18      -4.135468586447e-21 
 3964       5.434152419253e-13       1.738193209377e-14      -2.601392581304e-14       8.422783085072e-16       2.057695424620e-17       4.268649628460e-18      -4.677787612039e-21 
 3965       5.422841630104e-13       1.733620668049e-14      -2.593806604071e-14       8.413787376644e-16       2.055468729576e-17       4.258737029414e-18      -5.151134210582e-21 
 3966       5.411563144315e-13       1.729060550350e-14      -2.586193284223e-14       8.404803721006e-16       2.053244979358e-17       4.248278556775e-18      -5.555094710219e-21 
 3967       5.400316731361e-13       1.724513055422e-14      -2.578553522230e-14       8.395832130646e-16       2.051024173052e-17       4.237315006483e-18      -5.889254763386e-21 
 3968       5.389102160153e-13       1.719978382775e-14      -2.570888220429e-14       8.386872618031e-16       2.048806309729e-17       4.225887257979e-18      -6.153199346426e-21 
 3969       5.377919199049e-13       1.715456732281e-14      -2.563198283025e-14       8.377925195606e-16       2.046591388447e-17       4.214036274262e-18      -6.346512759193e-21 
 3970       5.366767615842e-13       1.710948304180e-14      -2.555484616089e-14       8.368989875799e-16       2.044379408253e-17       4.201803101936e-18      -6.468778624661e-21 
 3971       5.355647177769e-13       1.706453299076e-14      -2.547748127562e-14       8.360066671014e-16       2.042170368178e-17       4.189228871269e-18      -6.519579888531e-21 
 3972       5.344557651504e-13       1.701971917942e-14      -2.539989727254e-14       8.351155593638e-16       2.039964267242e-17       4.176354796239e-18      -6.498498818839e-21 
 3973       5.333498803161e-13       1.697504362115e-14      -2.532210326847e-14       8.342256656035e-16       2.037761104452e-17       4.163222174594e-18      -6.405117005562e-21 
 3974       5.322470398294e-13       1.693050833300e-14      -2.524410839898e-14       8.333369870548e-16       2.035560878801e-17       4.149872387900e-18      -6.239015360230e-21 
 3975       5.311472201895e-13       1.688611533568e-14      -2.516592181835e-14       8.324495249503e-16       2.033363589269e-17       4.136346901596e-18      -5.999774115528e-21 
 3976       5.300503978394e-13       1.684186665356e-14      -2.508755269962e-14       8.315632805202e-16       2.031169234824e-17       4.122687265046e-18      -5.686972824907e-21 
 3977       5.289565491657e-13       1.679776431472e-14      -2.500901023459e-14       8.306782549929e-16       2.028977814418e-17       4.108935111593e-18      -5.300190362190e-21 
 3978       5.278656504991e-13       1.675381035088e-14      -2.493030363384e-14       8.297944495944e-16       2.026789326994e-17       4.095132158608e-18      -4.839004921182e-21 
 3979       5.267776781137e-13       1.671000679744e-14      -2.485144212673e-14       8.289118655491e-16       2.024603771479e-17       4.081320207550e-18      -4.302994015275e-21 
 3980       5.256926082274e-13       1.666635569350e-14      -2.477243496142e-14       8.280305040789e-16       2.022421146788e-17       4.067541144011e-18      -3.691734477058e-21 
 3981       5.246104170017e-13       1.662285908182e-14      -2.469329140487e-14       8.271503664040e-16       2.020241451821e-17       4.053836937776e-18      -3.004802457920e-21 
 3982       5.235310805418e-13       1.657951900887e-14      -2.461402074288e-14       8.262714537423e-16       2.018064685469e-17       4.040249642870e-18      -2.241773427664e-21 
 3983       5.224545748962e-13       1.653633752477e-14      -2.453463228007e-14       8.253937673097e-16       2.015890846604e-17       4.026821397614e-18      -1.402222174110e-21 
 3984       5.213808760571e-13       1.649331668336e-14      -2.445513533990e-14       8.245173083199e-16       2.013719934091e-17       4.013594424678e-18      -4.857228027052e-22 
 3985       5.203099599603e-13       1.645045854216e-14      -2.437553926472e-14       8.236420779849e-16       2.011551946777e-17       4.000611031132e-18       5.081512638710e-22 
 3986       5.192418024847e-13       1.640776516238e-14      -2.429585341569e-14       8.227680775141e-16       2.009386883497e-17       3.987913608500e-18       1.579827286097e-21 
 3987       5.181763794530e-13       1.636523860892e-14      -2.421608717291e-14       8.218953081153e-16       2.007224743075e-17       3.975544632814e-18       2.729733208004e-21 
 3988       5.171136666308e-13       1.632288095039e-14      -2.413624993534e-14       8.210237709940e-16       2.005065524319e-17       3.963546664665e-18       3.958297657563e-21 
 3989       5.160536397275e-13       1.628069425909e-14      -2.405635112085e-14       8.201534673535e-16       2.002909226026e-17       3.951962349254e-18       5.265949947085e-21 
 3990       5.149962743955e-13       1.623868061103e-14      -2.397640016622e-14       8.192843983952e-16       2.000755846977e-17       3.940834416453e-18       6.653120073608e-21 
 3991       5.139415462306e-13       1.619684208592e-14      -2.389640652718e-14       8.184165653184e-16       1.998605385943e-17       3.930205680847e-18       8.120238719290e-21 
 3992       5.128894307717e-13       1.615518076717e-14      -2.381637967837e-14       8.175499693202e-16       1.996457841679e-17       3.920119041794e-18       9.667737251801e-21 
 3993       5.118399035009e-13       1.611369874190e-14      -2.373632911340e-14       8.166846115957e-16       1.994313212927e-17       3.910617483478e-18       1.129604772472e-20 
 3994       5.107929398436e-13       1.607239810095e-14      -2.365626434484e-14       8.158204933378e-16       1.992171498419e-17       3.901744074956e-18       1.300560287792e-20 
 3995       5.097485151680e-13       1.603128093887e-14      -2.357619490424e-14       8.149576157375e-16       1.990032696869e-17       3.893541970218e-18       1.479683613797e-20 
 3996       5.087066047858e-13       1.599034935392e-14      -2.349613034214e-14       8.140959799834e-16       1.987896806980e-17       3.886054408234e-18       1.667018161852e-20 
 3997       5.076671839512e-13       1.594960544807e-14      -2.341608022805e-14       8.132355872624e-16       1.985763827443e-17       3.879324713013e-18       1.862607412068e-20 
 3998       5.066302176111e-13       1.590905091065e-14      -2.333605421925e-14       8.123764386525e-16       1.983633755130e-17       3.873383287538e-18       2.066399391511e-20 
 3999       5.055956296109e-13       1.586868576755e-14      -2.325606226722e-14       8.115185348038e-16       1.981506579684e-17       3.868208543446e-18       2.277959726457e-20 
 4000       5.045633333752e-13       1.582850962744e-14      -2.317611441197e-14       8.106618762569e-16       1.979382288910e-17       3.863765828275e-18       2.496757538626e-20 
